time_hours,T_stable_K,t_cool_s,sigma_T_K,group_id
0,76.66628799,292.8489284,0.346237003,0
10,76.76008946,292.8749061,0.349900128,0
20,76.85230081,292.9009577,0.353563254,0
30,76.942949,292.9270835,0.357226379,0
40,77.03206053,292.9532837,0.360889505,0
50,77.11966145,292.9795587,0.36455263,0
60,77.20577736,293.0059085,0.368215756,0
70,77.29043343,293.0323335,0.371878881,0
80,77.37365443,293.0588339,0.375542007,0
90,77.45546466,293.08541,0.379205132,0
100,77.53588805,293.1120619,0.382868258,0
110,77.61494811,293.13879,0.386531383,0
120,77.69266795,293.1655944,0.390194509,0
130,77.76907029,293.1924755,0.393857634,0
140,77.84417745,293.2194335,0.39752076,0
150,77.91801141,293.2464686,0.401183885,0
160,77.99059373,293.2735811,0.404847011,0
170,78.06194565,293.3007712,0.408510136,0
180,78.13208801,293.3280392,0.412173262,0
190,78.20104132,293.3553853,0.415836387,0
200,78.26882574,293.3828099,0.419499512,0
210,78.33546108,293.410313,0.423162638,0
220,78.40096683,293.4378951,0.426825763,0
230,78.46536212,293.4655563,0.430488889,0
240,78.52866579,293.4932969,0.434152014,0
250,78.59089634,293.5211172,0.43781514,0
260,78.65207196,293.5490174,0.441478265,0
270,78.71221053,293.5769978,0.445141391,0
280,78.77132964,293.6050586,0.448804516,0
290,78.82944656,293.6332001,0.452467642,0
300,78.88657829,293.6614226,0.456130767,0
310,78.94274153,293.6897263,0.459793893,0
320,78.99795269,293.7181115,0.463457018,0
330,79.05222791,293.7465785,0.467120144,0
340,79.10558307,293.7751275,0.470783269,0
350,79.15803375,293.8037587,0.474446395,0
360,79.20959529,293.8324726,0.47810952,0
370,79.26028276,293.8612692,0.481772646,0
380,79.31011098,293.8901489,0.485435771,0
390,79.35909451,293.919112,0.489098897,0
400,79.40724768,293.9481587,0.492762022,0
410,79.45458456,293.9772893,0.496425147,0
420,79.50111898,294.0065041,0.500088273,0
430,79.54686456,294.0358033,0.503751398,0
440,79.59183466,294.0651872,0.507414524,0
450,79.63604243,294.0946561,0.511077649,0
460,79.6795008,294.1242103,0.514740775,0
470,79.72222246,294.1538501,0.5184039,0
480,79.7642199,294.1835756,0.522067026,0
490,79.80550541,294.2133872,0.525730151,0
500,79.84609104,294.2432853,0.529393277,0
510,79.88598867,294.2732699,0.533056402,0
520,79.92520996,294.3033415,0.536719528,0
530,79.96376637,294.3335004,0.540382653,0
540,80.00166918,294.3637467,0.544045779,0
550,80.03892946,294.3940808,0.547708904,0
560,80.0755581,294.424503,0.55137203,0
570,80.11156582,294.4550135,0.555035155,0
580,80.14696314,294.4856127,0.558698281,0
590,80.1817604,294.5163008,0.562361406,0
600,80.21596779,294.5470781,0.566024531,0
610,80.24959529,294.5779449,0.569687657,0
620,80.28265274,294.6089015,0.573350782,0
630,80.3151498,294.6399482,0.577013908,0
640,80.34709598,294.6710853,0.580677033,0
650,80.3785006,294.7023131,0.584340159,0
660,80.40937286,294.7336318,0.588003284,0
670,80.43972177,294.7650418,0.59166641,0
680,80.4695562,294.7965433,0.595329535,0
690,80.49888489,294.8281367,0.598992661,0
700,80.5277164,294.8598222,0.602655786,0
710,80.55605915,294.8916002,0.606318912,0
720,80.58392144,294.9234709,0.609982037,0
730,80.61131142,294.9554346,0.613645163,0
740,80.63823708,294.9874918,0.617308288,0
750,80.66470629,295.0196425,0.620971414,0
760,80.69072681,295.0518873,0.624634539,0
770,80.71630622,295.0842262,0.628297665,0
780,80.74145201,295.1166598,0.63196079,0
790,80.76617154,295.1491882,0.635623916,0
800,80.79047202,295.1818118,0.639287041,0
810,80.81436055,295.2145309,0.642950166,0
820,80.83784414,295.2473458,0.646613292,0
830,80.86092963,295.2802568,0.650276417,0
840,80.88362377,295.3132642,0.653939543,0
850,80.90593321,295.3463683,0.657602668,0
860,80.92786446,295.3795695,0.661265794,0
870,80.94942393,295.412868,0.664928919,0
880,80.97061792,295.4462642,0.668592045,0
890,80.99145264,295.4797584,0.67225517,0
900,81.01193416,295.513351,0.675918296,0
910,81.03206849,295.5470421,0.679581421,0
920,81.0518615,295.5808322,0.683244547,0
930,81.07131898,295.6147215,0.686907672,0
940,81.09044662,295.6487105,0.690570798,0
950,81.10925,295.6827993,0.694233923,0
960,81.12773464,295.7169884,0.697897049,0
970,81.14590592,295.7512781,0.701560174,0
980,81.16376916,295.7856686,0.7052233,0
990,81.18132959,295.8201603,0.708886425,0
1000,81.19859233,295.8547536,0.71254955,0
1010,81.21556244,295.8894488,0.716212676,0
1020,81.23224487,295.9242461,0.719875801,0
1030,81.2486445,295.959146,0.723538927,0
1040,81.26476613,295.9941488,0.727202052,0
1050,81.28061446,296.0292547,0.730865178,0
1060,81.29619413,296.0644642,0.734528303,0
1070,81.3115097,296.0997775,0.738191429,0
1080,81.32656564,296.1351951,0.741854554,0
1090,81.34136635,296.1707172,0.74551768,0
1100,81.35591616,296.2063441,0.749180805,0
1110,81.37021932,296.2420763,0.752843931,0
1120,81.38428002,296.2779141,0.756507056,0
1130,81.39810236,296.3138577,0.760170182,0
1140,81.41169038,296.3499076,0.763833307,0
1150,81.42504806,296.3860641,0.767496433,0
1160,81.4381793,296.4223275,0.771159558,0
1170,81.45108795,296.4586982,0.774822684,0
1180,81.46377776,296.4951765,0.778485809,0
1190,81.47625246,296.5317628,0.782148935,0
1200,81.48851569,296.5684575,0.78581206,0
1210,81.50057103,296.6052608,0.789475185,0
1220,81.51242201,296.6421731,0.793138311,0
1230,81.5240721,296.6791948,0.796801436,0
1240,81.53552469,296.7163263,0.800464562,0
1250,81.54678314,296.7535679,0.804127687,0
1260,81.55785073,296.7909199,0.807790813,0
1270,81.56873071,296.8283827,0.811453938,0
1280,81.57942626,296.8659567,0.815117064,0
1290,81.58994049,296.9036422,0.818780189,0
1300,81.60027648,296.9414396,0.822443315,0
1310,81.61043726,296.9793493,0.82610644,0
1320,81.6204258,297.0173715,0.829769566,0
1330,81.63024501,297.0555068,0.833432691,0
1340,81.63989776,297.0937554,0.837095817,0
1350,81.64938689,297.1321177,0.840758942,0
1360,81.65871515,297.1705941,0.844422068,0
1370,81.66788528,297.2091849,0.848085193,0
1380,81.67689996,297.2478906,0.851748319,0
1390,81.68576182,297.2867115,0.855411444,0
1400,81.69447346,297.3256479,0.859074569,0
1410,81.70303742,297.3647003,0.862737695,0
1420,81.7114562,297.403869,0.86640082,0
1430,81.71973227,297.4431544,0.870063946,0
1440,81.72786804,297.4825569,0.873727071,0
1450,81.7358659,297.5220768,0.877390197,0
1460,81.74372817,297.5617146,0.881053322,0
1470,81.75145717,297.6014705,0.884716448,0
1480,81.75905514,297.6413451,0.888379573,0
1490,81.76652432,297.6813387,0.892042699,0
1500,81.77386687,297.7214516,0.895705824,0
1510,81.78108496,297.7616843,0.89936895,0
1520,81.78818068,297.8020371,0.903032075,0
1530,81.79515612,297.8425104,0.906695201,0
1540,81.80201332,297.8831047,0.910358326,0
1550,81.80875426,297.9238203,0.914021452,0
1560,81.81538094,297.9646576,0.917684577,0
1570,81.82189528,298.005617,0.921347703,0
1580,81.82829919,298.0466989,0.925010828,0
1590,81.83459455,298.0879038,0.928673954,0
1600,81.84078318,298.1292319,0.932337079,0
1610,81.8468669,298.1706836,0.936000204,0
1620,81.8528475,298.2122595,0.93966333,0
1630,81.85872671,298.2539599,0.943326455,0
1640,81.86450626,298.2957852,0.946989581,0
1650,81.87018783,298.3377358,0.950652706,0
1660,81.87577309,298.3798121,0.954315832,0
1670,81.88126366,298.4220145,0.957978957,0
1680,81.88666117,298.4643434,0.961642083,0
1690,81.89196717,298.5067993,0.965305208,0
1700,81.89718323,298.5493825,0.968968334,0
1710,81.90231086,298.5920935,0.972631459,0
1720,81.90735157,298.6349327,0.976294585,0
1730,81.91230683,298.6779005,0.97995771,0
1740,81.91717809,298.7209972,0.983620836,0
1750,81.92196677,298.7642234,0.987283961,0
1760,81.92667428,298.8075794,0.990947087,0
1770,81.93130198,298.8510657,0.994610212,0
1780,81.93585124,298.8946827,0.998273338,0
1790,81.94032337,298.9384308,1.001936463,0
1800,81.9447197,298.9823104,1.005599588,0
1810,81.9490415,299.026322,1.009262714,0
1820,81.95329003,299.070466,1.012925839,0
1830,81.95746655,299.1147428,1.016588965,0
1840,81.96157226,299.1591529,1.02025209,0
1850,81.96560838,299.2036966,1.023915216,0
1860,81.96957607,299.2483744,1.027578341,0
1870,81.97347651,299.2931868,1.031241467,0
1880,81.97731082,299.3381342,1.034904592,0
1890,81.98108014,299.383217,1.038567718,0
1900,81.98478556,299.4284357,1.042230843,0
1910,81.98842816,299.4737906,1.045893969,0
1920,81.99200901,299.5192823,1.049557094,0
1930,81.99552917,299.5649112,1.05322022,0
1940,81.99898965,299.6106778,1.056883345,0
1950,82.00239146,299.6565824,1.060546471,0
1960,82.00573561,299.7026255,1.064209596,0
1970,82.00902307,299.7488076,1.067872722,0
1980,82.01225481,299.7951291,1.071535847,0
1990,82.01543175,299.8415905,1.075198973,0
2000,82.01855485,299.8881922,1.078862098,0
2010,82.02162499,299.9349347,1.082525223,0
2020,82.0246431,299.9818185,1.086188349,0
2030,82.02761004,300.0288439,1.089851474,0
2040,82.03052669,300.0760115,1.0935146,0
2050,82.03339389,300.1233218,1.097177725,0
2060,82.03621249,300.1707751,1.100840851,0
2070,82.03898331,300.2183719,1.104503976,0
2080,82.04170715,300.2661128,1.108167102,0
2090,82.04438483,300.3139981,1.111830227,0
2100,82.04701711,300.3620284,1.115493353,0
2110,82.04960477,300.410204,1.119156478,0
2120,82.05214856,300.4585256,1.122819604,0
2130,82.05464923,300.5069935,1.126482729,0
2140,82.05710751,300.5556083,1.130145855,0
2150,82.05952412,300.6043703,1.13380898,0
2160,82.06189976,300.6532802,1.137472106,0
2170,82.06423513,300.7023383,1.141135231,0
2180,82.06653091,300.7515452,1.144798357,0
2190,82.06878777,300.8009012,1.148461482,0
2200,82.07100637,300.850407,1.152124607,0
2210,82.07318737,300.900063,1.155787733,0
2220,82.07533139,300.9498697,1.159450858,0
2230,82.07743907,300.9998275,1.163113984,0
2240,82.07951101,301.049937,1.166777109,0
2250,82.08154784,301.1001986,1.170440235,0
2260,82.08355013,301.1506129,1.17410336,0
2270,82.08551849,301.2011804,1.177766486,0
2280,82.08745347,301.2519014,1.181429611,0
2290,82.08935565,301.3027766,1.185092737,0
2300,82.09122559,301.3538065,1.188755862,0
2310,82.09306383,301.4049914,1.192418988,0
2320,82.09487091,301.456332,1.196082113,0
2330,82.09664735,301.5078288,1.199745239,0
2340,82.09839368,301.5594822,1.203408364,0
2350,82.10011041,301.6112927,1.20707149,0
2360,82.10179803,301.6632609,1.210734615,0
2370,82.10345705,301.7153873,1.214397741,0
2380,82.10508794,301.7676724,1.218060866,0
2390,82.10669119,301.8201166,1.221723992,0
2400,82.10826725,301.8727206,1.225387117,0
2410,82.1098166,301.9254848,1.229050242,0
2420,82.11133969,301.9784098,1.232713368,0
2430,82.11283695,302.0314961,1.236376493,0
2440,82.11430884,302.0847441,1.240039619,0
2450,82.11575577,302.1381545,1.243702744,0
2460,82.11717818,302.1917277,1.24736587,0
2470,82.11857647,302.2454643,1.251028995,0
2480,82.11995106,302.2993648,1.254692121,0
2490,82.12130234,302.3534298,1.258355246,0
2500,82.12263072,302.4076597,1.262018372,0
2510,82.12393659,302.4620551,1.265681497,0
2520,82.12522031,302.5166165,1.269344623,0
2530,82.12648227,302.5713446,1.273007748,0
2540,82.12772284,302.6262397,1.276670874,0
2550,82.12894238,302.6813026,1.280333999,0
2560,82.13014125,302.7365336,1.283997125,0
2570,82.13131979,302.7919333,1.28766025,0
2580,82.13247836,302.8475024,1.291323376,0
2590,82.13361728,302.9032413,1.294986501,0
2600,82.1347369,302.9591506,1.298649626,0
2610,82.13583754,303.0152309,1.302312752,0
2620,82.13691952,303.0714826,1.305975877,0
2630,82.13798315,303.1279064,1.309639003,0
2640,82.13902876,303.1845029,1.313302128,0
2650,82.14005664,303.2412724,1.316965254,0
2660,82.1410671,303.2982158,1.320628379,0
2670,82.14206043,303.3553334,1.324291505,0
2680,82.14303692,303.4126259,1.32795463,0
2690,82.14399686,303.4700938,1.331617756,0
2700,82.14494052,303.5277377,1.335280881,0
2710,82.14586819,303.5855582,1.338944007,0
2720,82.14678013,303.6435559,1.342607132,0
2730,82.14767661,303.7017312,1.346270258,0
2740,82.14855789,303.7600849,1.349933383,0
2750,82.14942424,303.8186174,1.353596509,0
2760,82.1502759,303.8773293,1.357259634,0
2770,82.15111312,303.9362213,1.36092276,0
2780,82.15193615,303.9952939,1.364585885,0
2790,82.15274523,304.0545477,1.368249011,0
2800,82.15354059,304.1139833,1.371912136,0
2810,82.15432247,304.1736012,1.375575261,0
2820,82.15509109,304.2334022,1.379238387,0
2830,82.15584669,304.2933866,1.382901512,0
2840,82.15658947,304.3535553,1.386564638,0
2850,82.15731967,304.4139087,1.390227763,0
2860,82.15803748,304.4744474,1.393890889,0
2870,82.15874313,304.5351721,1.397554014,0
2880,82.15943682,304.5960834,1.40121714,0
2890,82.16011874,304.6571818,1.404880265,0
2900,82.16078911,304.7184679,1.408543391,0
2910,82.16144811,304.7799425,1.412206516,0
2920,82.16209594,304.841606,1.415869642,0
2930,82.16273279,304.9034591,1.419532767,0
2940,82.16335884,304.9655024,1.423195893,0
2950,82.16397428,305.0277366,1.426859018,0
2960,82.16457929,305.0901622,1.430522144,0
2970,82.16517404,305.1527798,1.434185269,0
2980,82.16575871,305.2155902,1.437848395,0
2990,82.16633347,305.2785939,1.44151152,0
3000,82.16689849,305.3417915,1.445174645,0
3010,82.16745392,305.4051836,1.448837771,0
3020,82.16799994,305.468771,1.452500896,0
3030,82.16853671,305.5325542,1.456164022,0
3040,82.16906437,305.5965339,1.459827147,0
3050,82.16958309,305.6607106,1.463490273,0
3060,82.17009302,305.7250851,1.467153398,0
3070,82.1705943,305.789658,1.470816524,0
3080,82.17108709,305.8544299,1.474479649,0
3090,82.17157152,305.9194015,1.478142775,0
3100,82.17204774,305.9845734,1.4818059,0
3110,82.17251589,306.0499463,1.485469026,0
3120,82.1729761,306.1155208,1.489132151,0
3130,82.17342851,306.1812975,1.492795277,0
3140,82.17387325,306.2472772,1.496458402,0
3150,82.17431045,306.3134605,1.500121528,0
3160,82.17474024,306.379848,1.503784653,0
3170,82.17516274,306.4464404,1.507447779,0
3180,82.17557808,306.5132384,1.511110904,0
3190,82.17598638,306.5802426,1.51477403,0
3200,82.17638776,306.6474538,1.518437155,0
3210,82.17678234,306.7148725,1.52210028,0
3220,82.17717022,306.7824994,1.525763406,0
3230,82.17755153,306.8503353,1.529426531,0
3240,82.17792638,306.9183808,1.533089657,0
3250,82.17829487,306.9866365,1.536752782,0
3260,82.17865712,307.0551032,1.540415908,0
3270,82.17901322,307.1237816,1.544079033,0
3280,82.17936329,307.1926723,1.547742159,0
3290,82.17970742,307.261776,1.551405284,0
3300,82.18004572,307.3310934,1.55506841,0
3310,82.18037829,307.4006252,1.558731535,0
3320,82.18070522,307.4703721,1.562394661,0
3330,82.1810266,307.5403348,1.566057786,0
3340,82.18134254,307.610514,1.569720912,0
3350,82.18165312,307.6809104,1.573384037,0
3360,82.18195844,307.7515247,1.577047163,0
3370,82.18225858,307.8223576,1.580710288,0
3380,82.18255363,307.8934098,1.584373414,0
3390,82.18284368,307.9646821,1.588036539,0
3400,82.18312882,308.036175,1.591699664,0
3410,82.18340912,308.1078895,1.59536279,0
3420,82.18368467,308.1798261,1.599025915,0
3430,82.18395555,308.2519855,1.602689041,0
3440,82.18422183,308.3243686,1.606352166,0
3450,82.18448361,308.3969761,1.610015292,0
3460,82.18474094,308.4698086,1.613678417,0
3470,82.18499391,308.5428669,1.617341543,0
3480,82.1852426,308.6161517,1.621004668,0
3490,82.18548706,308.6896638,1.624667794,0
3500,82.18572739,308.7634038,1.628330919,0
3510,82.18596364,308.8373726,1.631994045,0
3520,82.18619588,308.9115709,1.63565717,0
3530,82.18642419,308.9859994,1.639320296,0
3540,82.18664863,309.0606589,1.642983421,0
3550,82.18686926,309.1355501,1.646646547,0
3560,82.18708616,309.2106737,1.650309672,0
3570,82.18729937,309.2860306,1.653972798,0
3580,82.18750897,309.3616215,1.657635923,0
3590,82.18771502,309.437447,1.661299049,0
3600,82.18791758,309.5135081,1.664962174,0
3610,82.1881167,309.5898055,1.668625299,0
3620,82.18831245,309.6663398,1.672288425,0
3630,82.18850488,309.743112,1.67595155,0
3640,82.18869404,309.8201227,1.679614676,0
3650,82.18888,309.8973727,1.683277801,0
3660,82.18906281,309.9748629,1.686940927,0
3670,82.18924252,310.0525939,1.690604052,0
3680,82.18941918,310.1305666,1.694267178,0
3690,82.18959285,310.2087818,1.697930303,0
3700,82.18976357,310.2872402,1.701593429,0
3710,82.1899314,310.3659427,1.705256554,0
3720,82.19009638,310.4448899,1.70891968,0
3730,82.19025857,310.5240828,1.712582805,0
3740,82.19041801,310.6035221,1.716245931,0
3750,82.19057474,310.6832085,1.719909056,0
3760,82.19072882,310.763143,1.723572182,0
3770,82.19088029,310.8433263,1.727235307,0
3780,82.19102918,310.9237593,1.730898433,0
3790,82.19117556,311.0044426,1.734561558,0
3800,82.19131945,311.0853772,1.738224683,0
3810,82.1914609,311.1665638,1.741887809,0
3820,82.19159996,311.2480033,1.745550934,0
3830,82.19173666,311.3296965,1.74921406,0
3840,82.19187104,311.4116442,1.752877185,0
3850,82.19200314,311.4938473,1.756540311,0
3860,82.19213301,311.5763065,1.760203436,0
3870,82.19226067,311.6590227,1.763866562,0
3880,82.19238617,311.7419967,1.767529687,0
3890,82.19250954,311.8252294,1.771192813,0
3900,82.19263082,311.9087216,1.774855938,0
3910,82.19275004,311.9924741,1.778519064,0
3920,82.19286724,312.0764879,1.782182189,0
3930,82.19298246,312.1607636,1.785845315,0
3940,82.19309572,312.2453022,1.78950844,0
3950,82.19320706,312.3301046,1.793171566,0
3960,82.19331652,312.4151716,1.796834691,0
3970,82.19342412,312.500504,1.800497817,0
3980,82.19352989,312.5861027,1.804160942,0
3990,82.19363388,312.6719686,1.807824068,0
4000,82.1937361,312.7581025,1.811487193,0
4010,82.19383658,312.8445053,1.815150318,0
4020,82.19393537,312.9311779,1.818813444,0
4030,82.19403248,313.0181211,1.822476569,0
4040,82.19412794,313.1053359,1.826139695,0
4050,82.19422178,313.1928231,1.82980282,0
4060,82.19431404,313.2805836,1.833465946,0
4070,82.19440473,313.3686182,1.837129071,0
4080,82.19449388,313.4569279,1.840792197,0
4090,82.19458152,313.5455136,1.844455322,0
4100,82.19466767,313.6343761,1.848118448,0
4110,82.19475237,313.7235164,1.851781573,0
4120,82.19483563,313.8129353,1.855444699,0
4130,82.19491748,313.9026338,1.859107824,0
4140,82.19499794,313.9926127,1.86277095,0
4150,82.19507703,314.082873,1.866434075,0
4160,82.19515479,314.1734155,1.870097201,0
4170,82.19523123,314.2642413,1.873760326,0
4180,82.19530637,314.3553512,1.877423452,0
4190,82.19538023,314.4467461,1.881086577,0
4200,82.19545285,314.5384269,1.884749702,0
4210,82.19552424,314.6303947,1.888412828,0
4220,82.19559441,314.7226502,1.892075953,0
4230,82.19566339,314.8151945,1.895739079,0
4240,82.19573121,314.9080285,1.899402204,0
4250,82.19579788,315.0011531,1.90306533,0
4260,82.19586341,315.0945692,1.906728455,0
4270,82.19592784,315.1882779,1.910391581,0
4280,82.19599117,315.28228,1.914054706,0
4290,82.19605343,315.3765765,1.917717832,0
4300,82.19611463,315.4711684,1.921380957,0
4310,82.1961748,315.5660566,1.925044083,0
4320,82.19623394,315.6612421,1.928707208,0
4330,82.19629209,315.7567258,1.932370334,0
4340,82.19634925,315.8525088,1.936033459,0
4350,82.19640543,315.9485919,1.939696585,0
4360,82.19646067,316.0449761,1.94335971,0
4370,82.19651497,316.1416625,1.947022836,0
4380,82.19656835,316.238652,1.950685961,0
4390,82.19662082,316.3359456,1.954349087,0
4400,82.19667241,316.4335442,1.958012212,0
4410,82.19672312,316.5314489,1.961675337,0
4420,82.19677297,316.6296607,1.965338463,0
4430,82.19682198,316.7281805,1.969001588,0
4440,82.19687015,316.8270094,1.972664714,0
4450,82.19691751,316.9261483,1.976327839,0
4460,82.19696407,317.0255983,1.979990965,0
4470,82.19700983,317.1253603,1.98365409,0
4480,82.19705482,317.2254354,1.987317216,0
4490,82.19709905,317.3258246,1.990980341,0
4500,82.19714253,317.4265289,1.994643467,0
4510,82.19718527,317.5275494,1.998306592,0
4520,82.19722729,317.6288869,2.001969718,0
4530,82.19726859,317.7305427,2.005632843,0
4540,82.1973092,317.8325177,2.009295969,0
4550,82.19734911,317.9348129,2.012959094,0
4560,82.19738835,318.0374294,2.01662222,0
4570,82.19742693,318.1403683,2.020285345,0
4580,82.19746485,318.2436305,2.023948471,0
4590,82.19750212,318.3472171,2.027611596,0
4600,82.19753877,318.4511292,2.031274721,0
4610,82.19757479,318.5553678,2.034937847,0
4620,82.19761021,318.659934,2.038600972,0
4630,82.19764502,318.7648289,2.042264098,0
4640,82.19767924,318.8700534,2.045927223,0
4650,82.19771289,318.9756088,2.049590349,0
4660,82.19774596,319.081496,2.053253474,0
4670,82.19777847,319.1877161,2.0569166,0
4680,82.19781043,319.2942702,2.060579725,0
4690,82.19784185,319.4011594,2.064242851,0
4700,82.19787274,319.5083848,2.067905976,0
4710,82.1979031,319.6159475,2.071569102,0
4720,82.19793295,319.7238485,2.075232227,0
4730,82.19796229,319.8320889,2.078895353,0
4740,82.19799113,319.9406699,2.082558478,0
4750,82.19801949,320.0495926,2.086221604,0
4760,82.19804737,320.1588581,2.089884729,0
4770,82.19807477,320.2684674,2.093547855,0
4780,82.19810171,320.3784217,2.09721098,0
4790,82.19812819,320.4887221,2.100874106,0
4800,82.19815422,320.5993697,2.104537231,0
4810,82.19817981,320.7103657,2.108200356,0
4820,82.19820497,320.8217112,2.111863482,0
4830,82.1982297,320.9334073,2.115526607,0
4840,82.19825401,321.0454552,2.119189733,0
4850,82.19827791,321.157856,2.122852858,0
4860,82.1983014,321.2706108,2.126515984,0
4870,82.1983245,321.3837207,2.130179109,0
4880,82.1983472,321.4971871,2.133842235,0
4890,82.19836952,321.6110109,2.13750536,0
4900,82.19839147,321.7251933,2.141168486,0
4910,82.19841303,321.8397356,2.144831611,0
4920,82.19843424,321.9546388,2.148494737,0
4930,82.19845508,322.0699043,2.152157862,0
4940,82.19847557,322.185533,2.155820988,0
4950,82.19849572,322.3015262,2.159484113,0
4960,82.19851552,322.4178851,2.163147239,0
4970,82.19853499,322.5346109,2.166810364,0
4980,82.19855412,322.6517047,2.17047349,0
4990,82.19857293,322.7691678,2.174136615,0
5000,82.19859143,322.8870013,2.17779974,0
5010,82.19860961,323.0052065,2.181462866,0
5020,82.19862748,323.1237845,2.185125991,0
5030,82.19864505,323.2427366,2.188789117,0
5040,82.19866232,323.362064,2.192452242,0
5050,82.1986793,323.4817678,2.196115368,0
5060,82.19869599,323.6018494,2.199778493,0
5070,82.19871239,323.7223099,2.203441619,0
5080,82.19872852,323.8431505,2.207104744,0
5090,82.19874438,323.9643726,2.21076787,0
5100,82.19875996,324.0859773,2.214430995,0
5110,82.19877529,324.2079658,2.218094121,0
5120,82.19879035,324.3303395,2.221757246,0
5130,82.19880516,324.4530995,2.225420372,0
5140,82.19881971,324.5762471,2.229083497,0
5150,82.19883402,324.6997836,2.232746623,0
5160,82.19884809,324.8237103,2.236409748,0
5170,82.19886192,324.9480283,2.240072874,0
5180,82.19887551,325.072739,2.243735999,0
5190,82.19888888,325.1978436,2.247399125,0
5200,82.19890201,325.3233435,2.25106225,0
5210,82.19891493,325.4492398,2.254725375,0
5220,82.19892762,325.575534,2.258388501,0
5230,82.1989401,325.7022272,2.262051626,0
5240,82.19895237,325.8293207,2.265714752,0
5250,82.19896443,325.9568159,2.269377877,0
5260,82.19897629,326.0847141,2.273041003,0
5270,82.19898795,326.2130166,2.276704128,0
5280,82.1989994,326.3417246,2.280367254,0
5290,82.19901067,326.4708395,2.284030379,0
5300,82.19902174,326.6003627,2.287693505,0
5310,82.19903263,326.7302953,2.29135663,0
5320,82.19904333,326.8606389,2.295019756,0
5330,82.19905384,326.9913946,2.298682881,0
5340,82.19906419,327.1225639,2.302346007,0
5350,82.19907435,327.254148,2.306009132,0
5360,82.19908434,327.3861483,2.309672258,0
5370,82.19909417,327.5185662,2.313335383,0
5380,82.19910382,327.6514031,2.316998509,0
5390,82.19911332,327.7846602,2.320661634,0
5400,82.19912265,327.9183389,2.324324759,0
5410,82.19913183,328.0524407,2.327987885,0
5420,82.19914084,328.1869668,2.33165101,0
5430,82.19914971,328.3219187,2.335314136,0
5440,82.19915843,328.4572977,2.338977261,0
5450,82.19916699,328.5931052,2.342640387,0
5460,82.19917542,328.7293426,2.346303512,0
5470,82.1991837,328.8660113,2.349966638,0
5480,82.19919184,329.0031128,2.353629763,0
5490,82.19919984,329.1406483,2.357292889,0
5500,82.1992077,329.2786193,2.360956014,0
5510,82.19921544,329.4170272,2.36461914,0
5520,82.19922304,329.5558735,2.368282265,0
5530,82.19923051,329.6951595,2.371945391,0
5540,82.19923786,329.8348867,2.375608516,0
5550,82.19924508,329.9750566,2.379271642,0
5560,82.19925218,330.1156704,2.382934767,0
5570,82.19925915,330.2567298,2.386597893,0
5580,82.19926601,330.398236,2.390261018,0
5590,82.19927276,330.5401907,2.393924144,0
5600,82.19927939,330.6825951,2.397587269,0
5610,82.19928591,330.8254509,2.401250394,0
5620,82.19929231,330.9687594,2.40491352,0
5630,82.19929861,331.1125221,2.408576645,0
5640,82.1993048,331.2567405,2.412239771,0
5650,82.19931089,331.4014161,2.415902896,0
5660,82.19931687,331.5465504,2.419566022,0
5670,82.19932275,331.6921447,2.423229147,0
5680,82.19932854,331.8382007,2.426892273,0
5690,82.19933422,331.9847198,2.430555398,0
5700,82.19933981,332.1317036,2.434218524,0
5710,82.1993453,332.2791534,2.437881649,0
5720,82.1993507,332.4270709,2.441544775,0
5730,82.19935601,332.5754576,2.4452079,0
5740,82.19936123,332.7243149,2.448871026,0
5750,82.19936636,332.8736445,2.452534151,0
5760,82.1993714,333.0234477,2.456197277,0
5770,82.19937636,333.1737263,2.459860402,0
5780,82.19938123,333.3244816,2.463523528,0
5790,82.19938602,333.4757153,2.467186653,0
5800,82.19939073,333.627429,2.470849778,0
5810,82.19939536,333.779624,2.474512904,0
5820,82.19939991,333.9323021,2.478176029,0
5830,82.19940439,334.0854648,2.481839155,0
5840,82.19940879,334.2391136,2.48550228,0
5850,82.19941311,334.3932502,2.489165406,0
5860,82.19941736,334.5478761,2.492828531,0
5870,82.19942154,334.7029928,2.496491657,0
5880,82.19942565,334.8586021,2.500154782,0
5890,82.19942968,335.0147055,2.503817908,0
5900,82.19943365,335.1713045,2.507481033,0
5910,82.19943756,335.3284009,2.511144159,0
5920,82.19944139,335.4859961,2.514807284,0
5930,82.19944516,335.6440919,2.51847041,0
5940,82.19944887,335.8026898,2.522133535,0
5950,82.19945251,335.9617915,2.525796661,0
5960,82.1994561,336.1213986,2.529459786,0
5970,82.19945962,336.2815127,2.533122912,0
5980,82.19946308,336.4421355,2.536786037,0
5990,82.19946648,336.6032687,2.540449163,0
6000,82.19946983,336.7649139,2.544112288,0
6010,82.19947312,336.9270727,2.547775413,0
6020,82.19947635,337.0897468,2.551438539,0
6030,82.19947953,337.2529379,2.555101664,0
6040,82.19948266,337.4166477,2.55876479,0
6050,82.19948573,337.5808778,2.562427915,0
6060,82.19948875,337.74563,2.566091041,0
6070,82.19949171,337.9109058,2.569754166,0
6080,82.19949463,338.0767071,2.573417292,0
6090,82.1994975,338.2430355,2.577080417,0
6100,82.19950032,338.4098928,2.580743543,0
6110,82.19950309,338.5772806,2.584406668,0
6120,82.19950582,338.7452006,2.588069794,0
6130,82.1995085,338.9136546,2.591732919,0
6140,82.19951113,339.0826444,2.595396045,0
6150,82.19951372,339.2521716,2.59905917,0
6160,82.19951626,339.422238,2.602722296,0
6170,82.19951877,339.5928454,2.606385421,0
6180,82.19952123,339.7639955,2.610048547,0
6190,82.19952364,339.93569,2.613711672,0
6200,82.19952602,340.1079307,2.617374797,0
6210,82.19952836,340.2807195,2.621037923,0
6220,82.19953065,340.454058,2.624701048,0
6230,82.19953291,340.627948,2.628364174,0
6240,82.19953513,340.8023914,2.632027299,0
6250,82.19953731,340.97739,2.635690425,0
6260,82.19953946,341.1529454,2.63935355,0
6270,82.19954157,341.3290596,2.643016676,0
6280,82.19954364,341.5057344,2.646679801,0
6290,82.19954568,341.6829715,2.650342927,0
6300,82.19954768,341.8607728,2.654006052,0
6310,82.19954965,342.0391401,2.657669178,0
6320,82.19955159,342.2180753,2.661332303,0
6330,82.19955349,342.3975802,2.664995429,0
6340,82.19955536,342.5776566,2.668658554,0
6350,82.1995572,342.7583064,2.67232168,0
6360,82.19955901,342.9395315,2.675984805,0
6370,82.19956078,343.1213336,2.679647931,0
6380,82.19956253,343.3037148,2.683311056,0
6390,82.19956425,343.4866768,2.686974182,0
6400,82.19956594,343.6702216,2.690637307,0
6410,82.1995676,343.854351,2.694300432,0
6420,82.19956923,344.0390669,2.697963558,0
6430,82.19957083,344.2243713,2.701626683,0
6440,82.19957241,344.4102659,2.705289809,0
6450,82.19957396,344.5967529,2.708952934,0
6460,82.19957548,344.783834,2.71261606,0
6470,82.19957698,344.9715112,2.716279185,0
6480,82.19957845,345.1597864,2.719942311,0
6490,82.1995799,345.3486617,2.723605436,0
6500,82.19958132,345.5381388,2.727268562,0
6510,82.19958272,345.7282197,2.730931687,0
6520,82.1995841,345.9189065,2.734594813,0
6530,82.19958545,346.1102011,2.738257938,0
6540,82.19958678,346.3021055,2.741921064,0
6550,82.19958809,346.4946215,2.745584189,0
6560,82.19958937,346.6877513,2.749247315,0
6570,82.19959063,346.8814968,2.75291044,0
6580,82.19959187,347.07586,2.756573566,0
6590,82.19959309,347.2708428,2.760236691,0
6600,82.19959429,347.4664474,2.763899816,0
6610,82.19959547,347.6626757,2.767562942,0
6620,82.19959663,347.8595298,2.771226067,0
6630,82.19959777,348.0570116,2.774889193,0
6640,82.19959889,348.2551232,2.778552318,0
6650,82.19959999,348.4538667,2.782215444,0
6660,82.19960107,348.6532441,2.785878569,0
6670,82.19960214,348.8532575,2.789541695,0
6680,82.19960318,349.0539088,2.79320482,0
6690,82.19960421,349.2552002,2.796867946,0
6700,82.19960522,349.4571338,2.800531071,0
6710,82.19960622,349.6597116,2.804194197,0
6720,82.19960719,349.8629358,2.807857322,0
6730,82.19960815,350.0668084,2.811520448,0
6740,82.1996091,350.2713315,2.815183573,0
6750,82.19961003,350.4765072,2.818846699,0
6760,82.19961094,350.6823377,2.822509824,0
6770,82.19961184,350.888825,2.82617295,0
6780,82.19961272,351.0959713,2.829836075,0
6790,82.19961358,351.3037788,2.833499201,0
6800,82.19961444,351.5122496,2.837162326,0
6810,82.19961527,351.7213857,2.840825451,0
6820,82.1996161,351.9311895,2.844488577,0
6830,82.19961691,352.141663,2.848151702,0
6840,82.1996177,352.3528084,2.851814828,0
6850,82.19961848,352.5646279,2.855477953,0
6860,82.19961925,352.7771237,2.859141079,0
6870,82.19962001,352.990298,2.862804204,0
6880,82.19962075,353.204153,2.86646733,0
6890,82.19962148,353.4186908,2.870130455,0
6900,82.1996222,353.6339137,2.873793581,0
6910,82.19962291,353.849824,2.877456706,0
6920,82.1996236,354.0664237,2.881119832,0
6930,82.19962428,354.2837153,2.884782957,0
6940,82.19962495,354.5017009,2.888446083,0
6950,82.19962561,354.7203827,2.892109208,0
6960,82.19962626,354.939763,2.895772334,0
6970,82.1996269,355.1598442,2.899435459,0
6980,82.19962753,355.3806284,2.903098585,0
6990,82.19962814,355.6021179,2.90676171,0
7000,82.19962875,355.8243151,2.910424835,0
7010,82.19962934,356.0472222,2.914087961,0
7020,82.19962993,356.2708415,2.917751086,0
7030,82.1996305,356.4951754,2.921414212,0
7040,82.19963107,356.720226,2.925077337,0
7050,82.19963162,356.9459959,2.928740463,0
7060,82.19963217,357.1724872,2.932403588,0
7070,82.19963271,357.3997024,2.936066714,0
7080,82.19963323,357.6276438,2.939729839,0
7090,82.19963375,357.8563137,2.943392965,0
7100,82.19963426,358.0857145,2.94705609,0
7110,82.19963476,358.3158486,2.950719216,0
7120,82.19963526,358.5467183,2.954382341,0
7130,82.19963574,358.7783261,2.958045467,0
7140,82.19963622,359.0106742,2.961708592,0
7150,82.19963669,359.2437652,2.965371718,0
7160,82.19963715,359.4776015,2.969034843,0
7170,82.1996376,359.7121853,2.972697969,0
7180,82.19963804,359.9475193,2.976361094,0
7190,82.19963848,360.1836057,2.98002422,0
7200,82.19963891,360.4204471,2.983687345,0
7210,82.19963933,360.6580458,2.98735047,0
7220,82.19963975,360.8964044,2.991013596,0
7230,82.19964016,361.1355253,2.994676721,0
7240,82.19964056,361.375411,2.998339847,0
7250,82.19964096,361.616064,3.002002972,0
7260,82.19964134,361.8574866,3.005666098,0
7270,82.19964172,362.0996815,3.009329223,0
7280,82.1996421,362.3426512,3.012992349,0
7290,82.19964247,362.5863981,3.016655474,0
7300,82.19964283,362.8309247,3.0203186,0
7310,82.19964319,363.0762337,3.023981725,0
7320,82.19964354,363.3223275,3.027644851,0
7330,82.19964388,363.5692087,3.031307976,0
7340,82.19964422,363.8168798,3.034971102,0
7350,82.19964455,364.0653433,3.038634227,0
7360,82.19964488,364.314602,3.042297353,0
7370,82.1996452,364.5646583,3.045960478,0
7380,82.19964552,364.8155148,3.049623604,0
7390,82.19964583,365.0671741,3.053286729,0
7400,82.19964613,365.3196388,3.056949854,0
7410,82.19964643,365.5729115,3.06061298,0
7420,82.19964673,365.8269949,3.064276105,0
7430,82.19964702,366.0818916,3.067939231,0
7440,82.1996473,366.3376042,3.071602356,0
7450,82.19964758,366.5941353,3.075265482,0
7460,82.19964786,366.8514877,3.078928607,0
7470,82.19964813,367.1096639,3.082591733,0
7480,82.1996484,367.3686666,3.086254858,0
7490,82.19964866,367.6284986,3.089917984,0
7500,82.19964892,367.8891625,3.093581109,0
7510,82.19964917,368.1506609,3.097244235,0
7520,82.19964942,368.4129967,3.10090736,0
7530,82.19964966,368.6761725,3.104570486,0
7540,82.1996499,368.9401911,3.108233611,0
7550,82.19965014,369.2050551,3.111896737,0
7560,82.19965037,369.4707674,3.115559862,0
7570,82.1996506,369.7373306,3.119222988,0
7580,82.19965083,370.0047475,3.122886113,0
7590,82.19965105,370.2730209,3.126549239,0
7600,82.19965126,370.5421536,3.130212364,0
7610,82.19965148,370.8121484,3.133875489,0
7620,82.19965169,371.083008,3.137538615,0
7630,82.19965189,371.3547352,3.14120174,0
7640,82.1996521,371.6273329,3.144864866,0
7650,82.19965229,371.9008039,3.148527991,0
7660,82.19965249,372.175151,3.152191117,0
7670,82.19965268,372.4503771,3.155854242,0
7680,82.19965287,372.726485,3.159517368,0
7690,82.19965306,373.0034775,3.163180493,0
7700,82.19965324,373.2813576,3.166843619,0
7710,82.19965342,373.560128,3.170506744,0
7720,82.1996536,373.8397918,3.17416987,0
7730,82.19965377,374.1203518,3.177832995,0
7740,82.19965394,374.4018108,3.181496121,0
7750,82.19965411,374.6841718,3.185159246,0
7760,82.19965428,374.9674378,3.188822372,0
7770,82.19965444,375.2516117,3.192485497,0
7780,82.1996546,375.5366963,3.196148623,0
7790,82.19965475,375.8226947,3.199811748,0
7800,82.19965491,376.1096099,3.203474873,0
7810,82.19965506,376.3974447,3.207137999,0
7820,82.19965521,376.6862022,3.210801124,0
7830,82.19965535,376.9758854,3.21446425,0
7840,82.1996555,377.2664972,3.218127375,0
7850,82.19965564,377.5580407,3.221790501,0
7860,82.19965578,377.8505189,3.225453626,0
7870,82.19965592,378.1439348,3.229116752,0
7880,82.19965605,378.4382915,3.232779877,0
7890,82.19965618,378.733592,3.236443003,0
7900,82.19965631,379.0298394,3.240106128,0
7910,82.19965644,379.3270367,3.243769254,0
7920,82.19965657,379.6251871,3.247432379,0
7930,82.19965669,379.9242935,3.251095505,0
7940,82.19965681,380.2243592,3.25475863,0
7950,82.19965693,380.5253872,3.258421756,0
7960,82.19965705,380.8273806,3.262084881,0
7970,82.19965716,381.1303426,3.265748007,0
7980,82.19965728,381.4342763,3.269411132,0
7990,82.19965739,381.7391848,3.273074258,0
8000,82.1996575,382.0450714,3.276737383,0
0,77.94055672,304.9182566,0.328713569,1
10,78.01451993,304.9582211,0.331749782,1
20,78.0873007,304.9983004,0.334785996,1
30,78.15891794,305.0384951,0.33782221,1
40,78.22939025,305.0788053,0.340858423,1
50,78.29873593,305.1192316,0.343894637,1
60,78.36697299,305.1597742,0.346930851,1
70,78.43411916,305.2004336,0.349967064,1
80,78.50019187,305.24121,0.353003278,1
90,78.56520829,305.2821039,0.356039492,1
100,78.62918531,305.3231156,0.359075706,1
110,78.69213953,305.3642456,0.362111919,1
120,78.75408731,305.4054941,0.365148133,1
130,78.81504475,305.4468615,0.368184347,1
140,78.87502767,305.4883483,0.37122056,1
150,78.93405165,305.5299548,0.374256774,1
160,78.99213203,305.5716813,0.377292988,1
170,79.04928389,305.6135283,0.380329202,1
180,79.10552206,305.6554961,0.383365415,1
190,79.16086117,305.6975851,0.386401629,1
200,79.21531558,305.7397958,0.389437843,1
210,79.26889944,305.7821283,0.392474056,1
220,79.32162666,305.8245833,0.39551027,1
230,79.37351094,305.867161,0.398546484,1
240,79.42456576,305.9098618,0.401582698,1
250,79.47480437,305.9526861,0.404618911,1
260,79.52423983,305.9956343,0.407655125,1
270,79.57288496,306.0387068,0.410691339,1
280,79.62075242,306.081904,0.413727552,1
290,79.66785463,306.1252263,0.416763766,1
300,79.71420382,306.168674,0.41979998,1
310,79.75981204,306.2122476,0.422836193,1
320,79.80469112,306.2559475,0.425872407,1
330,79.84885273,306.299774,0.428908621,1
340,79.89230834,306.3437275,0.431944835,1
350,79.93506923,306.3878086,0.434981048,1
360,79.97714651,306.4320174,0.438017262,1
370,80.0185511,306.4763546,0.441053476,1
380,80.05929377,306.5208203,0.444089689,1
390,80.09938509,306.5654152,0.447125903,1
400,80.13883548,306.6101395,0.450162117,1
410,80.17765518,306.6549937,0.453198331,1
420,80.21585428,306.6999782,0.456234544,1
430,80.2534427,306.7450934,0.459270758,1
440,80.29043019,306.7903396,0.462306972,1
450,80.32682638,306.8357174,0.465343185,1
460,80.3626407,306.8812272,0.468379399,1
470,80.39788246,306.9268693,0.471415613,1
480,80.43256083,306.9726441,0.474451827,1
490,80.46668479,307.0185521,0.47748804,1
500,80.50026322,307.0645938,0.480524254,1
510,80.53330484,307.1107694,0.483560468,1
520,80.56581822,307.1570795,0.486596681,1
530,80.59781183,307.2035244,0.489632895,1
540,80.62929395,307.2501047,0.492669109,1
550,80.66027278,307.2968206,0.495705322,1
560,80.69075635,307.3436727,0.498741536,1
570,80.72075258,307.3906614,0.50177775,1
580,80.75026928,307.437787,0.504813964,1
590,80.77931409,307.4850501,0.507850177,1
600,80.80789457,307.5324511,0.510886391,1
610,80.83601814,307.5799903,0.513922605,1
620,80.8636921,307.6276683,0.516958818,1
630,80.89092364,307.6754854,0.519995032,1
640,80.91771983,307.7234422,0.523031246,1
650,80.94408764,307.771539,0.52606746,1
660,80.97003392,307.8197762,0.529103673,1
670,80.99556539,307.8681544,0.532139887,1
680,81.02068869,307.916674,0.535176101,1
690,81.04541036,307.9653354,0.538212314,1
700,81.0697368,308.014139,0.541248528,1
710,81.09367434,308.0630854,0.544284742,1
720,81.1172292,308.1121749,0.547320956,1
730,81.14040748,308.161408,0.550357169,1
740,81.16321522,308.2107851,0.553393383,1
750,81.18565834,308.2603068,0.556429597,1
760,81.20774266,308.3099734,0.55946581,1
770,81.22947392,308.3597855,0.562502024,1
780,81.25085777,308.4097434,0.565538238,1
790,81.27189976,308.4598477,0.568574451,1
800,81.29260536,308.5100987,0.571610665,1
810,81.31297994,308.5604971,0.574646879,1
820,81.33302879,308.6110431,0.577683093,1
830,81.35275713,308.6617374,0.580719306,1
840,81.37217007,308.7125802,0.58375552,1
850,81.39127266,308.7635722,0.586791734,1
860,81.41006986,308.8147138,0.589827947,1
870,81.42856655,308.8660055,0.592864161,1
880,81.44676754,308.9174477,0.595900375,1
890,81.46467756,308.9690409,0.598936589,1
900,81.48230124,309.0207855,0.601972802,1
910,81.49964319,309.0726822,0.605009016,1
920,81.51670789,309.1247312,0.60804523,1
930,81.53349978,309.1769332,0.611081443,1
940,81.55002322,309.2292886,0.614117657,1
950,81.5662825,309.2817978,0.617153871,1
960,81.58228185,309.3344614,0.620190085,1
970,81.59802542,309.3872799,0.623226298,1
980,81.61351729,309.4402537,0.626262512,1
990,81.62876151,309.4933833,0.629298726,1
1000,81.64376201,309.5466692,0.632334939,1
1010,81.65852271,309.6001119,0.635371153,1
1020,81.67304743,309.6537119,0.638407367,1
1030,81.68733995,309.7074697,0.64144358,1
1040,81.70140397,309.7613858,0.644479794,1
1050,81.71524315,309.8154607,0.647516008,1
1060,81.72886109,309.8696949,0.650552222,1
1070,81.74226132,309.9240888,0.653588435,1
1080,81.75544733,309.9786431,0.656624649,1
1090,81.76842253,310.0333581,0.659660863,1
1100,81.7811903,310.0882344,0.662697076,1
1110,81.79375395,310.1432726,0.66573329,1
1120,81.80611675,310.198473,0.668769504,1
1130,81.81828191,310.2538363,0.671805718,1
1140,81.83025259,310.3093629,0.674841931,1
1150,81.84203189,310.3650534,0.677878145,1
1160,81.85362288,310.4209082,0.680914359,1
1170,81.86502857,310.4769279,0.683950572,1
1180,81.87625191,310.5331131,0.686986786,1
1190,81.88729583,310.5894641,0.690023,1
1200,81.89816319,310.6459816,0.693059213,1
1210,81.90885682,310.702666,0.696095427,1
1220,81.91937949,310.759518,0.699131641,1
1230,81.92973394,310.8165379,0.702167855,1
1240,81.93992285,310.8737264,0.705204068,1
1250,81.94994887,310.931084,0.708240282,1
1260,81.95981461,310.9886112,0.711276496,1
1270,81.96952263,311.0463086,0.714312709,1
1280,81.97907544,311.1041766,0.717348923,1
1290,81.98847554,311.1622158,0.720385137,1
1300,81.99772536,311.2204268,0.723421351,1
1310,82.00682731,311.2788101,0.726457564,1
1320,82.01578374,311.3373662,0.729493778,1
1330,82.02459699,311.3960957,0.732529992,1
1340,82.03326934,311.4549991,0.735566205,1
1350,82.04180305,311.514077,0.738602419,1
1360,82.05020033,311.5733299,0.741638633,1
1370,82.05846336,311.6327584,0.744674847,1
1380,82.0665943,311.692363,0.74771106,1
1390,82.07459525,311.7521443,0.750747274,1
1400,82.08246829,311.8121028,0.753783488,1
1410,82.09021546,311.8722391,0.756819701,1
1420,82.09783878,311.9325537,0.759855915,1
1430,82.10534023,311.9930473,0.762892129,1
1440,82.11272175,312.0537203,0.765928342,1
1450,82.11998527,312.1145734,0.768964556,1
1460,82.12713266,312.1756071,0.77200077,1
1470,82.1341658,312.2368219,0.775036984,1
1480,82.14108649,312.2982185,0.778073197,1
1490,82.14789654,312.3597974,0.781109411,1
1500,82.15459773,312.4215592,0.784145625,1
1510,82.16119178,312.4835044,0.787181838,1
1520,82.16768041,312.5456337,0.790218052,1
1530,82.17406531,312.6079476,0.793254266,1
1540,82.18034814,312.6704467,0.79629048,1
1550,82.18653053,312.7331316,0.799326693,1
1560,82.19261407,312.7960029,0.802362907,1
1570,82.19860037,312.8590611,0.805399121,1
1580,82.20449095,312.9223068,0.808435334,1
1590,82.21028737,312.9857407,0.811471548,1
1600,82.21599112,313.0493633,0.814507762,1
1610,82.22160369,313.1131752,0.817543976,1
1620,82.22712653,313.177177,0.820580189,1
1630,82.23256108,313.2413693,0.823616403,1
1640,82.23790874,313.3057527,0.826652617,1
1650,82.24317091,313.3703278,0.82968883,1
1660,82.24834896,313.4350953,0.832725044,1
1670,82.25344423,313.5000557,0.835761258,1
1680,82.25845804,313.5652095,0.838797471,1
1690,82.26339169,313.6305575,0.841833685,1
1700,82.26824648,313.6961003,0.844869899,1
1710,82.27302364,313.7618384,0.847906113,1
1720,82.27772444,313.8277725,0.850942326,1
1730,82.28235009,313.8939031,0.85397854,1
1740,82.28690178,313.960231,0.857014754,1
1750,82.29138071,314.0267567,0.860050967,1
1760,82.29578804,314.0934808,0.863087181,1
1770,82.30012491,314.160404,0.866123395,1
1780,82.30439244,314.2275269,0.869159609,1
1790,82.30859175,314.2948501,0.872195822,1
1800,82.31272393,314.3623743,0.875232036,1
1810,82.31679004,314.4301,0.87826825,1
1820,82.32079115,314.498028,0.881304463,1
1830,82.3247283,314.5661589,0.884340677,1
1840,82.3286025,314.6344932,0.887376891,1
1850,82.33241477,314.7030316,0.890413105,1
1860,82.33616609,314.7717749,0.893449318,1
1870,82.33985744,314.8407235,0.896485532,1
1880,82.34348978,314.9098783,0.899521746,1
1890,82.34706404,314.9792397,0.902557959,1
1900,82.35058117,315.0488085,0.905594173,1
1910,82.35404207,315.1185853,0.908630387,1
1920,82.35744764,315.1885708,0.9116666,1
1930,82.36079876,315.2587656,0.914702814,1
1940,82.36409631,315.3291704,0.917739028,1
1950,82.36734115,315.3997859,0.920775242,1
1960,82.37053411,315.4706127,0.923811455,1
1970,82.37367602,315.5416514,0.926847669,1
1980,82.3767677,315.6129028,0.929883883,1
1990,82.37980996,315.6843674,0.932920096,1
2000,82.38280358,315.7560461,0.93595631,1
2010,82.38574935,315.8279394,0.938992524,1
2020,82.38864802,315.9000481,0.942028738,1
2030,82.39150035,315.9723727,0.945064951,1
2040,82.39430708,316.044914,0.948101165,1
2050,82.39706894,316.1176727,0.951137379,1
2060,82.39978664,316.1906495,0.954173592,1
2070,82.4024609,316.263845,0.957209806,1
2080,82.40509241,316.3372599,0.96024602,1
2090,82.40768184,316.4108949,0.963282234,1
2100,82.41022988,316.4847507,0.966318447,1
2110,82.41273719,316.5588281,0.969354661,1
2120,82.41520441,316.6331276,0.972390875,1
2130,82.41763219,316.70765,0.975427088,1
2140,82.42002115,316.7823961,0.978463302,1
2150,82.42237192,316.8573664,0.981499516,1
2160,82.42468511,316.9325617,0.984535729,1
2170,82.42696133,317.0079828,0.987571943,1
2180,82.42920115,317.0836302,0.990608157,1
2190,82.43140516,317.1595048,0.993644371,1
2200,82.43357394,317.2356073,0.996680584,1
2210,82.43570805,317.3119383,0.999716798,1
2220,82.43780804,317.3884986,1.002753012,1
2230,82.43987445,317.4652889,1.005789225,1
2240,82.44190783,317.54231,1.008825439,1
2250,82.44390871,317.6195625,1.011861653,1
2260,82.44587759,317.6970472,1.014897867,1
2270,82.44781501,317.7747648,1.01793408,1
2280,82.44972144,317.852716,1.020970294,1
2290,82.4515974,317.9309017,1.024006508,1
2300,82.45344337,318.0093224,1.027042721,1
2310,82.45525983,318.087979,1.030078935,1
2320,82.45704725,318.1668723,1.033115149,1
2330,82.45880609,318.2460028,1.036151363,1
2340,82.46053681,318.3253715,1.039187576,1
2350,82.46223987,318.404979,1.04222379,1
2360,82.4639157,318.484826,1.045260004,1
2370,82.46556474,318.5649135,1.048296217,1
2380,82.46718741,318.645242,1.051332431,1
2390,82.46878415,318.7258124,1.054368645,1
2400,82.47035535,318.8066254,1.057404858,1
2410,82.47190144,318.8876818,1.060441072,1
2420,82.47342281,318.9689824,1.063477286,1
2430,82.47491986,319.0505278,1.0665135,1
2440,82.47639298,319.132319,1.069549713,1
2450,82.47784255,319.2143566,1.072585927,1
2460,82.47926894,319.2966414,1.075622141,1
2470,82.48067253,319.3791743,1.078658354,1
2480,82.48205368,319.461956,1.081694568,1
2490,82.48341274,319.5449872,1.084730782,1
2500,82.48475009,319.6282688,1.087766996,1
2510,82.48606605,319.7118015,1.090803209,1
2520,82.48736097,319.7955862,1.093839423,1
2530,82.4886352,319.8796236,1.096875637,1
2540,82.48988905,319.9639146,1.09991185,1
2550,82.49112285,320.0484598,1.102948064,1
2560,82.49233694,320.1332602,1.105984278,1
2570,82.49353161,320.2183165,1.109020492,1
2580,82.49470718,320.3036296,1.112056705,1
2590,82.49586396,320.3892001,1.115092919,1
2600,82.49700225,320.4750291,1.118129133,1
2610,82.49812234,320.5611172,1.121165346,1
2620,82.49922452,320.6474652,1.12420156,1
2630,82.50030908,320.7340741,1.127237774,1
2640,82.50137631,320.8209446,1.130273987,1
2650,82.50242647,320.9080775,1.133310201,1
2660,82.50345984,320.9954736,1.136346415,1
2670,82.50447669,321.0831339,1.139382629,1
2680,82.50547729,321.1710591,1.142418842,1
2690,82.50646189,321.25925,1.145455056,1
2700,82.50743075,321.3477076,1.14849127,1
2710,82.50838412,321.4364325,1.151527483,1
2720,82.50932225,321.5254257,1.154563697,1
2730,82.51024538,321.6146881,1.157599911,1
2740,82.51115375,321.7042204,1.160636125,1
2750,82.51204761,321.7940235,1.163672338,1
2760,82.51292717,321.8840983,1.166708552,1
2770,82.51379267,321.9744456,1.169744766,1
2780,82.51464433,322.0650663,1.172780979,1
2790,82.51548238,322.1559612,1.175817193,1
2800,82.51630703,322.2471311,1.178853407,1
2810,82.5171185,322.3385771,1.181889621,1
2820,82.51791699,322.4302999,1.184925834,1
2830,82.51870272,322.5223004,1.187962048,1
2840,82.51947589,322.6145794,1.190998262,1
2850,82.52023669,322.7071379,1.194034475,1
2860,82.52098534,322.7999768,1.197070689,1
2870,82.52172201,322.8930968,1.200106903,1
2880,82.52244691,322.986499,1.203143116,1
2890,82.52316022,323.0801841,1.20617933,1
2900,82.52386213,323.1741531,1.209215544,1
2910,82.52455281,323.2684069,1.212251758,1
2920,82.52523245,323.3629463,1.215287971,1
2930,82.52590123,323.4577723,1.218324185,1
2940,82.52655932,323.5528857,1.221360399,1
2950,82.52720688,323.6482875,1.224396612,1
2960,82.5278441,323.7439786,1.227432826,1
2970,82.52847112,323.8399599,1.23046904,1
2980,82.52908812,323.9362322,1.233505254,1
2990,82.52969526,324.0327966,1.236541467,1
3000,82.53029269,324.1296539,1.239577681,1
3010,82.53088057,324.2268051,1.242613895,1
3020,82.53145905,324.324251,1.245650108,1
3030,82.53202829,324.4219926,1.248686322,1
3040,82.53258842,324.5200309,1.251722536,1
3050,82.5331396,324.6183667,1.25475875,1
3060,82.53368197,324.717001,1.257794963,1
3070,82.53421567,324.8159348,1.260831177,1
3080,82.53474083,324.9151689,1.263867391,1
3090,82.5352576,325.0147044,1.266903604,1
3100,82.53576611,325.1145422,1.269939818,1
3110,82.53626648,325.2146831,1.272976032,1
3120,82.53675886,325.3151283,1.276012245,1
3130,82.53724337,325.4158786,1.279048459,1
3140,82.53772013,325.516935,1.282084673,1
3150,82.53818927,325.6182984,1.285120887,1
3160,82.53865091,325.7199699,1.2881571,1
3170,82.53910517,325.8219503,1.291193314,1
3180,82.53955216,325.9242408,1.294229528,1
3190,82.53999202,326.0268421,1.297265741,1
3200,82.54042483,326.1297554,1.300301955,1
3210,82.54085073,326.2329816,1.303338169,1
3220,82.54126982,326.3365217,1.306374383,1
3230,82.54168222,326.4403766,1.309410596,1
3240,82.54208801,326.5445474,1.31244681,1
3250,82.54248732,326.6490351,1.315483024,1
3260,82.54288025,326.7538406,1.318519237,1
3270,82.5432669,326.8589649,1.321555451,1
3280,82.54364736,326.9644092,1.324591665,1
3290,82.54402174,327.0701742,1.327627879,1
3300,82.54439014,327.1762612,1.330664092,1
3310,82.54475265,327.282671,1.333700306,1
3320,82.54510936,327.3894047,1.33673652,1
3330,82.54546037,327.4964634,1.339772733,1
3340,82.54580576,327.603848,1.342808947,1
3350,82.54614564,327.7115595,1.345845161,1
3360,82.54648008,327.8195991,1.348881374,1
3370,82.54680918,327.9279676,1.351917588,1
3380,82.54713301,328.0366662,1.354953802,1
3390,82.54745167,328.145696,1.357990016,1
3400,82.54776523,328.2550578,1.361026229,1
3410,82.54807378,328.3647529,1.364062443,1
3420,82.5483774,328.4747821,1.367098657,1
3430,82.54867616,328.5851467,1.37013487,1
3440,82.54897015,328.6958476,1.373171084,1
3450,82.54925943,328.8068859,1.376207298,1
3460,82.5495441,328.9182626,1.379243512,1
3470,82.54982421,329.0299789,1.382279725,1
3480,82.55009984,329.1420358,1.385315939,1
3490,82.55037107,329.2544343,1.388352153,1
3500,82.55063796,329.3671756,1.391388366,1
3510,82.55090058,329.4802606,1.39442458,1
3520,82.55115901,329.5936906,1.397460794,1
3530,82.5514133,329.7074666,1.400497007,1
3540,82.55166353,329.8215896,1.403533221,1
3550,82.55190976,329.9360607,1.406569435,1
3560,82.55215205,330.0508812,1.409605649,1
3570,82.55239047,330.166052,1.412641862,1
3580,82.55262508,330.2815742,1.415678076,1
3590,82.55285593,330.397449,1.41871429,1
3600,82.5530831,330.5136775,1.421750503,1
3610,82.55330663,330.6302607,1.424786717,1
3620,82.55352659,330.7471999,1.427822931,1
3630,82.55374304,330.8644961,1.430859145,1
3640,82.55395602,330.9821504,1.433895358,1
3650,82.5541656,331.100164,1.436931572,1
3660,82.55437183,331.218538,1.439967786,1
3670,82.55457476,331.3372735,1.443003999,1
3680,82.55477445,331.4563717,1.446040213,1
3690,82.55497094,331.5758337,1.449076427,1
3700,82.5551643,331.6956606,1.452112641,1
3710,82.55535456,331.8158537,1.455148854,1
3720,82.55554178,331.936414,1.458185068,1
3730,82.55572601,332.0573427,1.461221282,1
3740,82.55590729,332.178641,1.464257495,1
3750,82.55608567,332.30031,1.467293709,1
3760,82.55626121,332.4223509,1.470329923,1
3770,82.55643393,332.5447649,1.473366136,1
3780,82.5566039,332.6675531,1.47640235,1
3790,82.55677114,332.7907167,1.479438564,1
3800,82.55693572,332.914257,1.482474778,1
3810,82.55709766,333.038175,1.485510991,1
3820,82.55725701,333.162472,1.488547205,1
3830,82.55741382,333.2871491,1.491583419,1
3840,82.55756812,333.4122076,1.494619632,1
3850,82.55771995,333.5376487,1.497655846,1
3860,82.55786936,333.6634735,1.50069206,1
3870,82.55801638,333.7896833,1.503728274,1
3880,82.55816104,333.9162793,1.506764487,1
3890,82.5583034,334.0432627,1.509800701,1
3900,82.55844347,334.1706347,1.512836915,1
3910,82.55858131,334.2983965,1.515873128,1
3920,82.55871695,334.4265494,1.518909342,1
3930,82.55885041,334.5550946,1.521945556,1
3940,82.55898175,334.6840333,1.52498177,1
3950,82.55911098,334.8133667,1.528017983,1
3960,82.55923815,334.9430962,1.531054197,1
3970,82.55936328,335.0732229,1.534090411,1
3980,82.55948642,335.2037482,1.537126624,1
3990,82.55960758,335.3346732,1.540162838,1
4000,82.55972681,335.4659991,1.543199052,1
4010,82.55984413,335.5977274,1.546235265,1
4020,82.55995958,335.7298592,1.549271479,1
4030,82.56007318,335.8623958,1.552307693,1
4040,82.56018496,335.9953385,1.555343907,1
4050,82.56029496,336.1286886,1.55838012,1
4060,82.5604032,336.2624473,1.561416334,1
4070,82.56050971,336.3966159,1.564452548,1
4080,82.56061452,336.5311958,1.567488761,1
4090,82.56071765,336.6661881,1.570524975,1
4100,82.56081913,336.8015943,1.573561189,1
4110,82.56091899,336.9374156,1.576597403,1
4120,82.56101725,337.0736532,1.579633616,1
4130,82.56111394,337.2103086,1.58266983,1
4140,82.56120909,337.3473831,1.585706044,1
4150,82.56130271,337.4848779,1.588742257,1
4160,82.56139484,337.6227944,1.591778471,1
4170,82.5614855,337.7611338,1.594814685,1
4180,82.56157471,337.8998977,1.597850899,1
4190,82.56166249,338.0390871,1.600887112,1
4200,82.56174886,338.1787036,1.603923326,1
4210,82.56183386,338.3187485,1.60695954,1
4220,82.5619175,338.459223,1.609995753,1
4230,82.5619998,338.6001286,1.613031967,1
4240,82.56208078,338.7414666,1.616068181,1
4250,82.56216047,338.8832384,1.619104394,1
4260,82.56223888,339.0254453,1.622140608,1
4270,82.56231605,339.1680887,1.625176822,1
4280,82.56239198,339.31117,1.628213036,1
4290,82.56246669,339.4546906,1.631249249,1
4300,82.56254021,339.5986517,1.634285463,1
4310,82.56261255,339.7430549,1.637321677,1
4320,82.56268374,339.8879015,1.64035789,1
4330,82.56275379,340.0331929,1.643394104,1
4340,82.56282272,340.1789305,1.646430318,1
4350,82.56289055,340.3251157,1.649466532,1
4360,82.5629573,340.47175,1.652502745,1
4370,82.56302297,340.6188346,1.655538959,1
4380,82.5630876,340.7663711,1.658575173,1
4390,82.56315119,340.9143609,1.661611386,1
4400,82.56321377,341.0628054,1.6646476,1
4410,82.56327535,341.2117059,1.667683814,1
4420,82.56333594,341.3610641,1.670720028,1
4430,82.56339556,341.5108812,1.673756241,1
4440,82.56345423,341.6611588,1.676792455,1
4450,82.56351197,341.8118982,1.679828669,1
4460,82.56356878,341.963101,1.682864882,1
4470,82.56362468,342.1147687,1.685901096,1
4480,82.56367968,342.2669025,1.68893731,1
4490,82.56373381,342.4195041,1.691973523,1
4500,82.56378708,342.5725749,1.695009737,1
4510,82.56383949,342.7261164,1.698045951,1
4520,82.56389106,342.88013,1.701082165,1
4530,82.56394181,343.0346172,1.704118378,1
4540,82.56399175,343.1895796,1.707154592,1
4550,82.56404089,343.3450187,1.710190806,1
4560,82.56408924,343.5009358,1.713227019,1
4570,82.56413682,343.6573326,1.716263233,1
4580,82.56418364,343.8142105,1.719299447,1
4590,82.56422971,343.971571,1.722335661,1
4600,82.56427505,344.1294158,1.725371874,1
4610,82.56431966,344.2877462,1.728408088,1
4620,82.56436356,344.4465638,1.731444302,1
4630,82.56440675,344.6058702,1.734480515,1
4640,82.56444926,344.7656669,1.737516729,1
4650,82.56449108,344.9259554,1.740552943,1
4660,82.56453224,345.0867373,1.743589157,1
4670,82.56457274,345.2480142,1.74662537,1
4680,82.56461259,345.4097875,1.749661584,1
4690,82.5646518,345.5720588,1.752697798,1
4700,82.56469039,345.7348298,1.755734011,1
4710,82.56472836,345.898102,1.758770225,1
4720,82.56476572,346.0618769,1.761806439,1
4730,82.56480249,346.2261562,1.764842652,1
4740,82.56483867,346.3909414,1.767878866,1
4750,82.56487427,346.5562342,1.77091508,1
4760,82.5649093,346.722036,1.773951294,1
4770,82.56494377,346.8883486,1.776987507,1
4780,82.56497769,347.0551735,1.780023721,1
4790,82.56501106,347.2225124,1.783059935,1
4800,82.56504391,347.3903668,1.786096148,1
4810,82.56507623,347.5587384,1.789132362,1
4820,82.56510803,347.7276288,1.792168576,1
4830,82.56513932,347.8970396,1.79520479,1
4840,82.56517011,348.0669725,1.798241003,1
4850,82.56520042,348.2374292,1.801277217,1
4860,82.56523023,348.4084112,1.804313431,1
4870,82.56525957,348.5799202,1.807349644,1
4880,82.56528844,348.7519579,1.810385858,1
4890,82.56531685,348.9245259,1.813422072,1
4900,82.56534481,349.0976259,1.816458286,1
4910,82.56537232,349.2712596,1.819494499,1
4920,82.56539938,349.4454287,1.822530713,1
4930,82.56542602,349.6201348,1.825566927,1
4940,82.56545223,349.7953797,1.82860314,1
4950,82.56547802,349.9711649,1.831639354,1
4960,82.5655034,350.1474923,1.834675568,1
4970,82.56552837,350.3243636,1.837711781,1
4980,82.56555295,350.5017804,1.840747995,1
4990,82.56557713,350.6797444,1.843784209,1
5000,82.56560092,350.8582574,1.846820423,1
5010,82.56562433,351.0373211,1.849856636,1
5020,82.56564737,351.2169373,1.85289285,1
5030,82.56567004,351.3971077,1.855929064,1
5040,82.56569235,351.5778339,1.858965277,1
5050,82.56571431,351.7591179,1.862001491,1
5060,82.56573591,351.9409612,1.865037705,1
5070,82.56575716,352.1233658,1.868073919,1
5080,82.56577808,352.3063333,1.871110132,1
5090,82.56579866,352.4898655,1.874146346,1
5100,82.56581891,352.6739642,1.87718256,1
5110,82.56583884,352.8586312,1.880218773,1
5120,82.56585845,353.0438683,1.883254987,1
5130,82.56587775,353.2296772,1.886291201,1
5140,82.56589674,353.4160598,1.889327415,1
5150,82.56591542,353.6030178,1.892363628,1
5160,82.56593381,353.7905531,1.895399842,1
5170,82.5659519,353.9786675,1.898436056,1
5180,82.5659697,354.1673628,1.901472269,1
5190,82.56598722,354.3566409,1.904508483,1
5200,82.56600446,354.5465035,1.907544697,1
5210,82.56602142,354.7369526,1.91058091,1
5220,82.56603811,354.9279899,1.913617124,1
5230,82.56605454,355.1196173,1.916653338,1
5240,82.5660707,355.3118366,1.919689552,1
5250,82.5660866,355.5046498,1.922725765,1
5260,82.56610225,355.6980587,1.925761979,1
5270,82.56611765,355.8920651,1.928798193,1
5280,82.5661328,356.086671,1.931834406,1
5290,82.56614771,356.2818782,1.93487062,1
5300,82.56616239,356.4776887,1.937906834,1
5310,82.56617682,356.6741042,1.940943048,1
5320,82.56619103,356.8711268,1.943979261,1
5330,82.56620501,357.0687583,1.947015475,1
5340,82.56621877,357.2670007,1.950051689,1
5350,82.5662323,357.4658558,1.953087902,1
5360,82.56624562,357.6653257,1.956124116,1
5370,82.56625873,357.8654122,1.95916033,1
5380,82.56627163,358.0661172,1.962196544,1
5390,82.56628432,358.2674428,1.965232757,1
5400,82.56629681,358.4693908,1.968268971,1
5410,82.5663091,358.6719632,1.971305185,1
5420,82.56632119,358.8751621,1.974341398,1
5430,82.56633309,359.0789893,1.977377612,1
5440,82.5663448,359.2834469,1.980413826,1
5450,82.56635632,359.4885367,1.983450039,1
5460,82.56636765,359.6942609,1.986486253,1
5470,82.56637881,359.9006214,1.989522467,1
5480,82.56638979,360.1076202,1.992558681,1
5490,82.56640059,360.3152593,1.995594894,1
5500,82.56641122,360.5235408,1.998631108,1
5510,82.56642168,360.7324666,2.001667322,1
5520,82.56643197,360.9420388,2.004703535,1
5530,82.5664421,361.1522593,2.007739749,1
5540,82.56645207,361.3631304,2.010775963,1
5550,82.56646187,361.5746539,2.013812177,1
5560,82.56647152,361.786832,2.01684839,1
5570,82.56648102,361.9996667,2.019884604,1
5580,82.56649036,362.2131601,2.022920818,1
5590,82.56649956,362.4273142,2.025957031,1
5600,82.5665086,362.6421311,2.028993245,1
5610,82.56651751,362.857613,2.032029459,1
5620,82.56652627,363.0737618,2.035065672,1
5630,82.56653489,363.2905798,2.038101886,1
5640,82.56654337,363.5080689,2.0411381,1
5650,82.56655172,363.7262314,2.044174314,1
5660,82.56655993,363.9450693,2.047210527,1
5670,82.56656801,364.1645848,2.050246741,1
5680,82.56657597,364.3847799,2.053282955,1
5690,82.56658379,364.6056569,2.056319168,1
5700,82.56659149,364.8272179,2.059355382,1
5710,82.56659907,365.0494649,2.062391596,1
5720,82.56660653,365.2724003,2.06542781,1
5730,82.56661386,365.4960261,2.068464023,1
5740,82.56662108,365.7203445,2.071500237,1
5750,82.56662819,365.9453578,2.074536451,1
5760,82.56663518,366.171068,2.077572664,1
5770,82.56664206,366.3974774,2.080608878,1
5780,82.56664883,366.6245882,2.083645092,1
5790,82.56665549,366.8524025,2.086681306,1
5800,82.56666204,367.0809227,2.089717519,1
5810,82.56666849,367.3101508,2.092753733,1
5820,82.56667484,367.5400892,2.095789947,1
5830,82.56668108,367.7707401,2.09882616,1
5840,82.56668723,368.0021057,2.101862374,1
5850,82.56669328,368.2341883,2.104898588,1
5860,82.56669923,368.4669901,2.107934801,1
5870,82.56670508,368.7005134,2.110971015,1
5880,82.56671084,368.9347604,2.114007229,1
5890,82.56671651,369.1697335,2.117043443,1
5900,82.56672209,369.4054349,2.120079656,1
5910,82.56672758,369.6418669,2.12311587,1
5920,82.56673298,369.8790318,2.126152084,1
5930,82.5667383,370.1169319,2.129188297,1
5940,82.56674353,370.3555695,2.132224511,1
5950,82.56674868,370.594947,2.135260725,1
5960,82.56675374,370.8350667,2.138296939,1
5970,82.56675873,371.0759308,2.141333152,1
5980,82.56676363,371.3175418,2.144369366,1
5990,82.56676846,371.559902,2.14740558,1
6000,82.56677321,371.8030138,2.150441793,1
6010,82.56677788,372.0468795,2.153478007,1
6020,82.56678248,372.2915014,2.156514221,1
6030,82.566787,372.536882,2.159550435,1
6040,82.56679145,372.7830237,2.162586648,1
6050,82.56679583,373.0299289,2.165622862,1
6060,82.56680014,373.2775999,2.168659076,1
6070,82.56680439,373.5260391,2.171695289,1
6080,82.56680856,373.775249,2.174731503,1
6090,82.56681267,374.0252321,2.177767717,1
6100,82.56681671,374.2759906,2.18080393,1
6110,82.56682069,374.5275272,2.183840144,1
6120,82.5668246,374.7798441,2.186876358,1
6130,82.56682845,375.032944,2.189912572,1
6140,82.56683224,375.2868291,2.192948785,1
6150,82.56683597,375.5415021,2.195984999,1
6160,82.56683964,375.7969654,2.199021213,1
6170,82.56684325,376.0532214,2.202057426,1
6180,82.5668468,376.3102727,2.20509364,1
6190,82.5668503,376.5681218,2.208129854,1
6200,82.56685374,376.8267711,2.211166068,1
6210,82.56685712,377.0862233,2.214202281,1
6220,82.56686045,377.3464808,2.217238495,1
6230,82.56686373,377.6075461,2.220274709,1
6240,82.56686696,377.8694218,2.223310922,1
6250,82.56687013,378.1321105,2.226347136,1
6260,82.56687325,378.3956147,2.22938335,1
6270,82.56687633,378.6599369,2.232419564,1
6280,82.56687935,378.9250798,2.235455777,1
6290,82.56688233,379.1910459,2.238491991,1
6300,82.56688526,379.4578378,2.241528205,1
6310,82.56688814,379.7254581,2.244564418,1
6320,82.56689097,379.9939095,2.247600632,1
6330,82.56689376,380.2631944,2.250636846,1
6340,82.56689651,380.5333157,2.253673059,1
6350,82.56689921,380.8042758,2.256709273,1
6360,82.56690187,381.0760774,2.259745487,1
6370,82.56690448,381.3487232,2.262781701,1
6380,82.56690706,381.6222158,2.265817914,1
6390,82.56690959,381.8965579,2.268854128,1
6400,82.56691208,382.1717522,2.271890342,1
6410,82.56691453,382.4478014,2.274926555,1
6420,82.56691695,382.724708,2.277962769,1
6430,82.56691932,383.0024749,2.280998983,1
6440,82.56692166,383.2811047,2.284035197,1
6450,82.56692396,383.5606002,2.28707141,1
6460,82.56692622,383.840964,2.290107624,1
6470,82.56692845,384.122199,2.293143838,1
6480,82.56693064,384.4043078,2.296180051,1
6490,82.56693279,384.6872931,2.299216265,1
6500,82.56693492,384.9711579,2.302252479,1
6510,82.566937,385.2559047,2.305288693,1
6520,82.56693906,385.5415365,2.308324906,1
6530,82.56694108,385.8280559,2.31136112,1
6540,82.56694307,386.1154658,2.314397334,1
6550,82.56694502,386.403769,2.317433547,1
6560,82.56694695,386.6929682,2.320469761,1
6570,82.56694884,386.9830663,2.323505975,1
6580,82.56695071,387.2740662,2.326542188,1
6590,82.56695254,387.5659707,2.329578402,1
6600,82.56695435,387.8587825,2.332614616,1
6610,82.56695613,388.1525046,2.33565083,1
6620,82.56695787,388.4471398,2.338687043,1
6630,82.5669596,388.7426911,2.341723257,1
6640,82.56696129,389.0391612,2.344759471,1
6650,82.56696295,389.3365531,2.347795684,1
6660,82.56696459,389.6348696,2.350831898,1
6670,82.56696621,389.9341138,2.353868112,1
6680,82.56696779,390.2342884,2.356904326,1
6690,82.56696935,390.5353965,2.359940539,1
6700,82.56697089,390.8374409,2.362976753,1
6710,82.5669724,391.1404246,2.366012967,1
6720,82.56697389,391.4443506,2.36904918,1
6730,82.56697536,391.7492218,2.372085394,1
6740,82.5669768,392.0550412,2.375121608,1
6750,82.56697822,392.3618118,2.378157822,1
6760,82.56697961,392.6695366,2.381194035,1
6770,82.56698098,392.9782186,2.384230249,1
6780,82.56698233,393.2878607,2.387266463,1
6790,82.56698366,393.598466,2.390302676,1
6800,82.56698497,393.9100376,2.39333889,1
6810,82.56698626,394.2225785,2.396375104,1
6820,82.56698753,394.5360917,2.399411317,1
6830,82.56698877,394.8505803,2.402447531,1
6840,82.56699,395.1660473,2.405483745,1
6850,82.5669912,395.4824959,2.408519959,1
6860,82.56699239,395.799929,2.411556172,1
6870,82.56699356,396.1183499,2.414592386,1
6880,82.56699471,396.4377617,2.4176286,1
6890,82.56699584,396.7581673,2.420664813,1
6900,82.56699696,397.0795701,2.423701027,1
6910,82.56699805,397.401973,2.426737241,1
6920,82.56699913,397.7253793,2.429773455,1
6930,82.56700019,398.0497921,2.432809668,1
6940,82.56700123,398.3752146,2.435845882,1
6950,82.56700226,398.7016499,2.438882096,1
6960,82.56700327,399.0291012,2.441918309,1
6970,82.56700427,399.3575718,2.444954523,1
6980,82.56700525,399.6870648,2.447990737,1
6990,82.56700621,400.0175835,2.451026951,1
7000,82.56700716,400.3491311,2.454063164,1
7010,82.56700809,400.6817108,2.457099378,1
7020,82.56700901,401.0153258,2.460135592,1
7030,82.56700991,401.3499795,2.463171805,1
7040,82.5670108,401.685675,2.466208019,1
7050,82.56701167,402.0224158,2.469244233,1
7060,82.56701253,402.360205,2.472280446,1
7070,82.56701338,402.6990459,2.47531666,1
7080,82.56701421,403.0389419,2.478352874,1
7090,82.56701503,403.3798963,2.481389088,1
7100,82.56701584,403.7219124,2.484425301,1
7110,82.56701663,404.0649935,2.487461515,1
7120,82.56701741,404.409143,2.490497729,1
7130,82.56701818,404.7543643,2.493533942,1
7140,82.56701894,405.1006608,2.496570156,1
7150,82.56701968,405.4480357,2.49960637,1
7160,82.56702041,405.7964926,2.502642584,1
7170,82.56702113,406.1460347,2.505678797,1
7180,82.56702184,406.4966656,2.508715011,1
7190,82.56702254,406.8483887,2.511751225,1
7200,82.56702323,407.2012073,2.514787438,1
7210,82.5670239,407.555125,2.517823652,1
7220,82.56702457,407.9101451,2.520859866,1
7230,82.56702522,408.2662712,2.52389608,1
7240,82.56702587,408.6235068,2.526932293,1
7250,82.5670265,408.9818553,2.529968507,1
7260,82.56702712,409.3413202,2.533004721,1
7270,82.56702774,409.701905,2.536040934,1
7280,82.56702834,410.0636133,2.539077148,1
7290,82.56702893,410.4264486,2.542113362,1
7300,82.56702952,410.7904145,2.545149575,1
7310,82.56703009,411.1555145,2.548185789,1
7320,82.56703066,411.5217521,2.551222003,1
7330,82.56703122,411.8891309,2.554258217,1
7340,82.56703176,412.2576547,2.55729443,1
7350,82.5670323,412.6273268,2.560330644,1
7360,82.56703283,412.998151,2.563366858,1
7370,82.56703335,413.3701309,2.566403071,1
7380,82.56703387,413.74327,2.569439285,1
7390,82.56703437,414.1175722,2.572475499,1
7400,82.56703487,414.4930409,2.575511713,1
7410,82.56703536,414.86968,2.578547926,1
7420,82.56703584,415.247493,2.58158414,1
7430,82.56703632,415.6264837,2.584620354,1
7440,82.56703678,416.0066557,2.587656567,1
7450,82.56703724,416.3880128,2.590692781,1
7460,82.56703769,416.7705587,2.593728995,1
7470,82.56703814,417.1542972,2.596765209,1
7480,82.56703857,417.539232,2.599801422,1
7490,82.567039,417.9253668,2.602837636,1
7500,82.56703943,418.3127055,2.60587385,1
7510,82.56703984,418.7012518,2.608910063,1
7520,82.56704025,419.0910095,2.611946277,1
7530,82.56704066,419.4819825,2.614982491,1
7540,82.56704105,419.8741745,2.618018704,1
7550,82.56704145,420.2675895,2.621054918,1
7560,82.56704183,420.6622311,2.624091132,1
7570,82.56704221,421.0581034,2.627127346,1
7580,82.56704258,421.4552101,2.630163559,1
7590,82.56704295,421.8535552,2.633199773,1
7600,82.56704331,422.2531426,2.636235987,1
7610,82.56704366,422.6539761,2.6392722,1
7620,82.56704401,423.0560597,2.642308414,1
7630,82.56704435,423.4593973,2.645344628,1
7640,82.56704469,423.8639928,2.648380842,1
7650,82.56704502,424.2698503,2.651417055,1
7660,82.56704535,424.6769736,2.654453269,1
7670,82.56704567,425.0853668,2.657489483,1
7680,82.56704599,425.4950339,2.660525696,1
7690,82.5670463,425.9059789,2.66356191,1
7700,82.56704661,426.3182057,2.666598124,1
7710,82.56704691,426.7317184,2.669634338,1
7720,82.56704721,427.1465212,2.672670551,1
7730,82.5670475,427.5626179,2.675706765,1
7740,82.56704779,427.9800127,2.678742979,1
7750,82.56704807,428.3987098,2.681779192,1
7760,82.56704835,428.818713,2.684815406,1
7770,82.56704862,429.2400267,2.68785162,1
7780,82.56704889,429.6626549,2.690887833,1
7790,82.56704916,430.0866017,2.693924047,1
7800,82.56704942,430.5118713,2.696960261,1
7810,82.56704967,430.9384679,2.699996475,1
7820,82.56704993,431.3663956,2.703032688,1
7830,82.56705018,431.7956586,2.706068902,1
7840,82.56705042,432.2262611,2.709105116,1
7850,82.56705066,432.6582073,2.712141329,1
7860,82.5670509,433.0915015,2.715177543,1
7870,82.56705113,433.5261479,2.718213757,1
7880,82.56705136,433.9621508,2.721249971,1
7890,82.56705159,434.3995143,2.724286184,1
7900,82.56705181,434.8382429,2.727322398,1
7910,82.56705203,435.2783407,2.730358612,1
7920,82.56705224,435.7198121,2.733394825,1
7930,82.56705245,436.1626615,2.736431039,1
7940,82.56705266,436.6068931,2.739467253,1
7950,82.56705287,437.0525113,2.742503466,1
7960,82.56705307,437.4995205,2.74553968,1
7970,82.56705327,437.947925,2.748575894,1
7980,82.56705346,438.3977293,2.751612108,1
7990,82.56705366,438.8489377,2.754648321,1
8000,82.56705384,439.3015546,2.757684535,1
0,77.9867528,297.0449521,0.250831118,2
10,78.07931325,297.0837155,0.253225882,2
20,78.17025888,297.1225913,0.255620645,2
30,78.25961785,297.1615801,0.258015409,2
40,78.34741785,297.2006821,0.260410172,2
50,78.43368607,297.2398977,0.262804936,2
60,78.51844925,297.2792274,0.265199699,2
70,78.60173363,297.3186713,0.267594462,2
80,78.68356502,297.3582299,0.269989226,2
90,78.76396876,297.3979037,0.272383989,2
100,78.84296976,297.4376928,0.274778753,2
110,78.9205925,297.4775977,0.277173516,2
120,78.99686102,297.5176188,0.279568279,2
130,79.07179894,297.5577564,0.281963043,2
140,79.14542949,297.5980109,0.284357806,2
150,79.21777546,297.6383827,0.28675257,2
160,79.28885927,297.6788721,0.289147333,2
170,79.35870295,297.7194795,0.291542096,2
180,79.42732811,297.7602053,0.29393686,2
190,79.49475603,297.8010498,0.296331623,2
200,79.56100759,297.8420135,0.298726387,2
210,79.62610332,297.8830967,0.30112115,2
220,79.69006337,297.9242998,0.303515913,2
230,79.75290757,297.9656231,0.305910677,2
240,79.81465537,298.0070671,0.30830544,2
250,79.87532591,298.0486321,0.310700204,2
260,79.93493798,298.0903186,0.313094967,2
270,79.99351005,298.1321268,0.315489731,2
280,80.05106026,298.1740572,0.317884494,2
290,80.10760644,298.2161102,0.320279257,2
300,80.1631661,298.2582862,0.322674021,2
310,80.21775646,298.3005855,0.325068784,2
320,80.27139443,298.3430085,0.327463548,2
330,80.32409662,298.3855557,0.329858311,2
340,80.37587936,298.4282274,0.332253074,2
350,80.42675869,298.471024,0.334647838,2
360,80.47675037,298.5139459,0.337042601,2
370,80.52586988,298.5569936,0.339437365,2
380,80.57413245,298.6001673,0.341832128,2
390,80.62155302,298.6434676,0.344226891,2
400,80.66814628,298.6868948,0.346621655,2
410,80.71392667,298.7304492,0.349016418,2
420,80.75890836,298.7741314,0.351411182,2
430,80.8031053,298.8179417,0.353805945,2
440,80.84653117,298.8618806,0.356200708,2
450,80.88919942,298.9059483,0.358595472,2
460,80.93112327,298.9501454,0.360990235,2
470,80.97231572,298.9944723,0.363384999,2
480,81.01278951,299.0389293,0.365779762,2
490,81.05255719,299.0835169,0.368174526,2
500,81.09163108,299.1282354,0.370569289,2
510,81.13002328,299.1730854,0.372964052,2
520,81.16774568,299.2180672,0.375358816,2
530,81.20480997,299.2631812,0.377753579,2
540,81.24122762,299.3084279,0.380148343,2
550,81.27700993,299.3538076,0.382543106,2
560,81.31216798,299.3993208,0.384937869,2
570,81.34671265,299.444968,0.387332633,2
580,81.38065465,299.4907495,0.389727396,2
590,81.41400449,299.5366657,0.39212216,2
600,81.4467725,299.5827172,0.394516923,2
610,81.47896884,299.6289042,0.396911686,2
620,81.51060348,299.6752273,0.39930645,2
630,81.54168621,299.7216869,0.401701213,2
640,81.57222666,299.7682835,0.404095977,2
650,81.6022343,299.8150173,0.40649074,2
660,81.63171843,299.8618889,0.408885504,2
670,81.66068817,299.9088988,0.411280267,2
680,81.68915249,299.9560473,0.41367503,2
690,81.71712023,300.0033349,0.416069794,2
700,81.74460003,300.0507621,0.418464557,2
710,81.77160041,300.0983292,0.420859321,2
720,81.79812975,300.1460367,0.423254084,2
730,81.82419624,300.1938851,0.425648847,2
740,81.84980798,300.2418748,0.428043611,2
750,81.87497289,300.2900063,0.430438374,2
760,81.89969877,300.33828,0.432833138,2
770,81.92399327,300.3866963,0.435227901,2
780,81.94786393,300.4352557,0.437622664,2
790,81.97131814,300.4839587,0.440017428,2
800,81.99436316,300.5328058,0.442412191,2
810,82.01700613,300.5817973,0.444806955,2
820,82.03925408,300.6309337,0.447201718,2
830,82.06111387,300.6802155,0.449596481,2
840,82.0825923,300.7296431,0.451991245,2
850,82.10369602,300.7792171,0.454386008,2
860,82.12443155,300.8289379,0.456780772,2
870,82.14480533,300.8788059,0.459175535,2
880,82.16482366,300.9288215,0.461570299,2
890,82.18449275,300.9789854,0.463965062,2
900,82.20381869,301.0292979,0.466359825,2
910,82.22280747,301.0797595,0.468754589,2
920,82.24146496,301.1303708,0.471149352,2
930,82.25979695,301.181132,0.473544116,2
940,82.27780912,301.2320438,0.475938879,2
950,82.29550705,301.2831066,0.478333642,2
960,82.31289621,301.3343209,0.480728406,2
970,82.329982,301.3856872,0.483123169,2
980,82.34676971,301.4372059,0.485517933,2
990,82.36326454,301.4888776,0.487912696,2
1000,82.3794716,301.5407027,0.490307459,2
1010,82.3953959,301.5926816,0.492702223,2
1020,82.41104239,301.644815,0.495096986,2
1030,82.4264159,301.6971032,0.49749175,2
1040,82.44152121,301.7495468,0.499886513,2
1050,82.45636298,301.8021463,0.502281276,2
1060,82.47094583,301.8549022,0.50467604,2
1070,82.48527425,301.9078148,0.507070803,2
1080,82.49935271,301.9608849,0.509465567,2
1090,82.51318554,302.0141127,0.51186033,2
1100,82.52677705,302.067499,0.514255094,2
1110,82.54013144,302.121044,0.516649857,2
1120,82.55325284,302.1747484,0.51904462,2
1130,82.56614533,302.2286127,0.521439384,2
1140,82.57881289,302.2826373,0.523834147,2
1150,82.59125945,302.3368228,0.526228911,2
1160,82.60348887,302.3911697,0.528623674,2
1170,82.61550493,302.4456785,0.531018437,2
1180,82.62731135,302.5003496,0.533413201,2
1190,82.6389118,302.5551837,0.535807964,2
1200,82.65030987,302.6101812,0.538202728,2
1210,82.66150908,302.6653427,0.540597491,2
1220,82.67251291,302.7206686,0.542992254,2
1230,82.68332476,302.7761595,0.545387018,2
1240,82.69394799,302.831816,0.547781781,2
1250,82.70438588,302.8876384,0.550176545,2
1260,82.71464168,302.9436275,0.552571308,2
1270,82.72471854,302.9997836,0.554966071,2
1280,82.73461961,303.0561073,0.557360835,2
1290,82.74434794,303.1125992,0.559755598,2
1300,82.75390655,303.1692598,0.562150362,2
1310,82.76329839,303.2260896,0.564545125,2
1320,82.77252639,303.2830891,0.566939889,2
1330,82.78159339,303.3402589,0.569334652,2
1340,82.7905022,303.3975996,0.571729415,2
1350,82.7992556,303.4551116,0.574124179,2
1360,82.80785628,303.5127955,0.576518942,2
1370,82.81630691,303.5706519,0.578913706,2
1380,82.8246101,303.6286813,0.581308469,2
1390,82.83276844,303.6868842,0.583703232,2
1400,82.84078445,303.7452613,0.586097996,2
1410,82.84866061,303.8038129,0.588492759,2
1420,82.85639936,303.8625398,0.590887523,2
1430,82.8640031,303.9214425,0.593282286,2
1440,82.87147418,303.9805215,0.595677049,2
1450,82.87881492,304.0397773,0.598071813,2
1460,82.88602759,304.0992106,0.600466576,2
1470,82.89311443,304.1588218,0.60286134,2
1480,82.90007763,304.2186117,0.605256103,2
1490,82.90691935,304.2785806,0.607650867,2
1500,82.91364171,304.3387293,0.61004563,2
1510,82.92024679,304.3990582,0.612440393,2
1520,82.92673663,304.4595679,0.614835157,2
1530,82.93311326,304.5202591,0.61722992,2
1540,82.93937863,304.5811322,0.619624684,2
1550,82.9455347,304.6421879,0.622019447,2
1560,82.95158337,304.7034267,0.62441421,2
1570,82.95752651,304.7648492,0.626808974,2
1580,82.96336596,304.8264561,0.629203737,2
1590,82.96910354,304.8882478,0.631598501,2
1600,82.97474103,304.9502249,0.633993264,2
1610,82.98028016,305.0123882,0.636388027,2
1620,82.98572265,305.074738,0.638782791,2
1630,82.99107019,305.1372751,0.641177554,2
1640,82.99632444,305.2,0.643572318,2
1650,83.00148702,305.2629134,0.645967081,2
1660,83.00655953,305.3260157,0.648361844,2
1670,83.01154355,305.3893077,0.650756608,2
1680,83.01644061,305.4527899,0.653151371,2
1690,83.02125225,305.5164629,0.655546135,2
1700,83.02597993,305.5803273,0.657940898,2
1710,83.03062514,305.6443837,0.660335662,2
1720,83.0351893,305.7086328,0.662730425,2
1730,83.03967384,305.7730752,0.665125188,2
1740,83.04408014,305.8377114,0.667519952,2
1750,83.04840957,305.902542,0.669914715,2
1760,83.05266346,305.9675678,0.672309479,2
1770,83.05684314,306.0327892,0.674704242,2
1780,83.0609499,306.098207,0.677099005,2
1790,83.06498502,306.1638218,0.679493769,2
1800,83.06894973,306.2296341,0.681888532,2
1810,83.07284528,306.2956446,0.684283296,2
1820,83.07667286,306.3618539,0.686678059,2
1830,83.08043367,306.4282627,0.689072822,2
1840,83.08412887,306.4948715,0.691467586,2
1850,83.0877596,306.5616811,0.693862349,2
1860,83.09132698,306.6286921,0.696257113,2
1870,83.09483213,306.695905,0.698651876,2
1880,83.09827613,306.7633205,0.701046639,2
1890,83.10166005,306.8309394,0.703441403,2
1900,83.10498492,306.8987621,0.705836166,2
1910,83.10825179,306.9667895,0.70823093,2
1920,83.11146167,307.035022,0.710625693,2
1930,83.11461555,307.1034604,0.713020457,2
1940,83.1177144,307.1721053,0.71541522,2
1950,83.12075919,307.2409574,0.717809983,2
1960,83.12375086,307.3100173,0.720204747,2
1970,83.12669034,307.3792856,0.72259951,2
1980,83.12957853,307.4487632,0.724994274,2
1990,83.13241634,307.5184505,0.727389037,2
2000,83.13520464,307.5883483,0.7297838,2
2010,83.13794429,307.6584572,0.732178564,2
2020,83.14063615,307.7287779,0.734573327,2
2030,83.14328104,307.7993111,0.736968091,2
2040,83.14587979,307.8700575,0.739362854,2
2050,83.1484332,307.9410177,0.741757617,2
2060,83.15094207,308.0121923,0.744152381,2
2070,83.15340716,308.0835822,0.746547144,2
2080,83.15582925,308.1551879,0.748941908,2
2090,83.15820908,308.2270101,0.751336671,2
2100,83.16054739,308.2990496,0.753731435,2
2110,83.16284491,308.371307,0.756126198,2
2120,83.16510235,308.443783,0.758520961,2
2130,83.1673204,308.5164783,0.760915725,2
2140,83.16949975,308.5893936,0.763310488,2
2150,83.17164109,308.6625296,0.765705252,2
2160,83.17374506,308.735887,0.768100015,2
2170,83.17581233,308.8094665,0.770494778,2
2180,83.17784354,308.8832688,0.772889542,2
2190,83.1798393,308.9572945,0.775284305,2
2200,83.18180025,309.0315445,0.777679069,2
2210,83.18372699,309.1060194,0.780073832,2
2220,83.18562011,309.1807199,0.782468595,2
2230,83.18748021,309.2556468,0.784863359,2
2240,83.18930785,309.3308007,0.787258122,2
2250,83.19110361,309.4061824,0.789652886,2
2260,83.19286804,309.4817926,0.792047649,2
2270,83.19460169,309.5576321,0.794442412,2
2280,83.19630509,309.6337015,0.796837176,2
2290,83.19797877,309.7100015,0.799231939,2
2300,83.19962325,309.786533,0.801626703,2
2310,83.20123905,309.8632966,0.804021466,2
2320,83.20282665,309.9402931,0.80641623,2
2330,83.20438656,310.0175232,0.808810993,2
2340,83.20591925,310.0949877,0.811205756,2
2350,83.2074252,310.1726873,0.81360052,2
2360,83.20890488,310.2506227,0.815995283,2
2370,83.21035875,310.3287947,0.818390047,2
2380,83.21178725,310.407204,0.82078481,2
2390,83.21319083,310.4858514,0.823179573,2
2400,83.21456992,310.5647377,0.825574337,2
2410,83.21592495,310.6438636,0.8279691,2
2420,83.21725634,310.7232298,0.830363864,2
2430,83.21856451,310.8028371,0.832758627,2
2440,83.21984985,310.8826864,0.83515339,2
2450,83.22111277,310.9627782,0.837548154,2
2460,83.22235365,311.0431135,0.839942917,2
2470,83.22357289,311.123693,0.842337681,2
2480,83.22477085,311.2045175,0.844732444,2
2490,83.22594791,311.2855877,0.847127207,2
2500,83.22710444,311.3669044,0.849521971,2
2510,83.2282408,311.4484684,0.851916734,2
2520,83.22935732,311.5302805,0.854311498,2
2530,83.23045437,311.6123414,0.856706261,2
2540,83.23153228,311.694652,0.859101025,2
2550,83.23259138,311.7772131,0.861495788,2
2560,83.23363201,311.8600254,0.863890551,2
2570,83.23465448,311.9430897,0.866285315,2
2580,83.23565911,312.0264068,0.868680078,2
2590,83.23664622,312.1099776,0.871074842,2
2600,83.2376161,312.1938028,0.873469605,2
2610,83.23856907,312.2778833,0.875864368,2
2620,83.23950541,312.3622198,0.878259132,2
2630,83.24042541,312.4468132,0.880653895,2
2640,83.24132936,312.5316642,0.883048659,2
2650,83.24221754,312.6167738,0.885443422,2
2660,83.24309023,312.7021426,0.887838185,2
2670,83.24394769,312.7877716,0.890232949,2
2680,83.24479019,312.8736615,0.892627712,2
2690,83.245618,312.9598132,0.895022476,2
2700,83.24643136,313.0462275,0.897417239,2
2710,83.24723053,313.1329053,0.899812002,2
2720,83.24801576,313.2198473,0.902206766,2
2730,83.24878729,313.3070545,0.904601529,2
2740,83.24954536,313.3945276,0.906996293,2
2750,83.2502902,313.4822675,0.909391056,2
2760,83.25102205,313.570275,0.91178582,2
2770,83.25174113,313.658551,0.914180583,2
2780,83.25244767,313.7470964,0.916575346,2
2790,83.25314188,313.8359119,0.91897011,2
2800,83.25382398,313.9249985,0.921364873,2
2810,83.25449418,314.014357,0.923759637,2
2820,83.25515268,314.1039883,0.9261544,2
2830,83.2557997,314.1938932,0.928549163,2
2840,83.25643543,314.2840726,0.930943927,2
2850,83.25706007,314.3745273,0.93333869,2
2860,83.25767381,314.4652583,0.935733454,2
2870,83.25827684,314.5562664,0.938128217,2
2880,83.25886936,314.6475525,0.94052298,2
2890,83.25945153,314.7391175,0.942917744,2
2900,83.26002355,314.8309622,0.945312507,2
2910,83.26058559,314.9230875,0.947707271,2
2920,83.26113783,315.0154944,0.950102034,2
2930,83.26168043,315.1081837,0.952496798,2
2940,83.26221356,315.2011563,0.954891561,2
2950,83.26273739,315.2944131,0.957286324,2
2960,83.26325209,315.3879551,0.959681088,2
2970,83.2637578,315.481783,0.962075851,2
2980,83.26425469,315.5758979,0.964470615,2
2990,83.26474291,315.6703006,0.966865378,2
3000,83.26522262,315.764992,0.969260141,2
3010,83.26569395,315.8599731,0.971654905,2
3020,83.26615707,315.9552448,0.974049668,2
3030,83.2666121,316.0508079,0.976444432,2
3040,83.2670592,316.1466635,0.978839195,2
3050,83.26749849,316.2428124,0.981233958,2
3060,83.26793012,316.3392556,0.983628722,2
3070,83.26835422,316.435994,0.986023485,2
3080,83.26877092,316.5330285,0.988418249,2
3090,83.26918035,316.6303601,0.990813012,2
3100,83.26958264,316.7279897,0.993207775,2
3110,83.26997791,316.8259182,0.995602539,2
3120,83.27036629,316.9241467,0.997997302,2
3130,83.27074789,317.0226761,1.000392066,2
3140,83.27112283,317.1215072,1.002786829,2
3150,83.27149123,317.2206411,1.005181593,2
3160,83.2718532,317.3200787,1.007576356,2
3170,83.27220886,317.4198211,1.009971119,2
3180,83.27255831,317.519869,1.012365883,2
3190,83.27290167,317.6202236,1.014760646,2
3200,83.27323903,317.7208858,1.01715541,2
3210,83.27357051,317.8218565,1.019550173,2
3220,83.27389621,317.9231368,1.021944936,2
3230,83.27421622,318.0247276,1.0243397,2
3240,83.27453066,318.1266299,1.026734463,2
3250,83.2748396,318.2288447,1.029129227,2
3260,83.27514316,318.331373,1.03152399,2
3270,83.27544142,318.4342157,1.033918753,2
3280,83.27573448,318.537374,1.036313517,2
3290,83.27602242,318.6408486,1.03870828,2
3300,83.27630534,318.7446408,1.041103044,2
3310,83.27658332,318.8487514,1.043497807,2
3320,83.27685646,318.9531816,1.04589257,2
3330,83.27712483,319.0579322,1.048287334,2
3340,83.27738852,319.1630043,1.050682097,2
3350,83.2776476,319.268399,1.053076861,2
3360,83.27790217,319.3741172,1.055471624,2
3370,83.2781523,319.48016,1.057866388,2
3380,83.27839806,319.5865284,1.060261151,2
3390,83.27863954,319.6932234,1.062655914,2
3400,83.2788768,319.8002461,1.065050678,2
3410,83.27910992,319.9075975,1.067445441,2
3420,83.27933898,320.0152787,1.069840205,2
3430,83.27956404,320.1232906,1.072234968,2
3440,83.27978517,320.2316344,1.074629731,2
3450,83.28000244,320.3403111,1.077024495,2
3460,83.28021593,320.4493217,1.079419258,2
3470,83.28042569,320.5586674,1.081814022,2
3480,83.28063179,320.668349,1.084208785,2
3490,83.28083429,320.7783679,1.086603548,2
3500,83.28103326,320.8887249,1.088998312,2
3510,83.28122877,320.9994212,1.091393075,2
3520,83.28142086,321.1104578,1.093787839,2
3530,83.28160959,321.2218359,1.096182602,2
3540,83.28179504,321.3335564,1.098577366,2
3550,83.28197725,321.4456206,1.100972129,2
3560,83.28215628,321.5580294,1.103366892,2
3570,83.28233219,321.670784,1.105761656,2
3580,83.28250503,321.7838854,1.108156419,2
3590,83.28267485,321.8973348,1.110551183,2
3600,83.28284171,322.0111333,1.112945946,2
3610,83.28300566,322.1252819,1.115340709,2
3620,83.28316675,322.2397818,1.117735473,2
3630,83.28332503,322.3546341,1.120130236,2
3640,83.28348055,322.4698399,1.122525,2
3650,83.28363336,322.5854003,1.124919763,2
3660,83.28378349,322.7013165,1.127314526,2
3670,83.28393101,322.8175895,1.12970929,2
3680,83.28407596,322.9342205,1.132104053,2
3690,83.28421838,323.0512107,1.134498817,2
3700,83.28435831,323.1685612,1.13689358,2
3710,83.2844958,323.2862731,1.139288343,2
3720,83.28463089,323.4043475,1.141683107,2
3730,83.28476363,323.5227856,1.14407787,2
3740,83.28489405,323.6415887,1.146472634,2
3750,83.28502219,323.7607577,1.148867397,2
3760,83.2851481,323.8802939,1.151262161,2
3770,83.28527182,324.0001984,1.153656924,2
3780,83.28539337,324.1204725,1.156051687,2
3790,83.2855128,324.2411172,1.158446451,2
3800,83.28563015,324.3621337,1.160841214,2
3810,83.28574545,324.4835233,1.163235978,2
3820,83.28585875,324.6052871,1.165630741,2
3830,83.28597006,324.7274263,1.168025504,2
3840,83.28607943,324.8499421,1.170420268,2
3850,83.2861869,324.9728357,1.172815031,2
3860,83.28629249,325.0961082,1.175209795,2
3870,83.28639623,325.2197609,1.177604558,2
3880,83.28649817,325.343795,1.179999321,2
3890,83.28659833,325.4682116,1.182394085,2
3900,83.28669674,325.5930121,1.184788848,2
3910,83.28679344,325.7181976,1.187183612,2
3920,83.28688844,325.8437693,1.189578375,2
3930,83.28698179,325.9697284,1.191973138,2
3940,83.28707351,326.0960762,1.194367902,2
3950,83.28716364,326.222814,1.196762665,2
3960,83.28725218,326.3499429,1.199157429,2
3970,83.28733919,326.4774641,1.201552192,2
3980,83.28742468,326.605379,1.203946956,2
3990,83.28750867,326.7336888,1.206341719,2
4000,83.2875912,326.8623947,1.208736482,2
4010,83.28767229,326.991498,1.211131246,2
4020,83.28775196,327.1209999,1.213526009,2
4030,83.28783025,327.2509017,1.215920773,2
4040,83.28790717,327.3812047,1.218315536,2
4050,83.28798275,327.5119102,1.220710299,2
4060,83.288057,327.6430193,1.223105063,2
4070,83.28812997,327.7745334,1.225499826,2
4080,83.28820166,327.9064538,1.22789459,2
4090,83.2882721,328.0387818,1.230289353,2
4100,83.28834131,328.1715186,1.232684116,2
4110,83.28840931,328.3046656,1.23507888,2
4120,83.28847613,328.438224,1.237473643,2
4130,83.28854178,328.5721952,1.239868407,2
4140,83.28860628,328.7065804,1.24226317,2
4150,83.28866966,328.841381,1.244657934,2
4160,83.28873194,328.9765982,1.247052697,2
4170,83.28879313,329.1122335,1.24944746,2
4180,83.28885325,329.2482881,1.251842224,2
4190,83.28891232,329.3847633,1.254236987,2
4200,83.28897036,329.5216606,1.256631751,2
4210,83.28902739,329.6589811,1.259026514,2
4220,83.28908342,329.7967263,1.261421277,2
4230,83.28913848,329.9348976,1.263816041,2
4240,83.28919257,330.0734961,1.266210804,2
4250,83.28924573,330.2125234,1.268605568,2
4260,83.28929795,330.3519808,1.271000331,2
4270,83.28934926,330.4918696,1.273395094,2
4280,83.28939968,330.6321912,1.275789858,2
4290,83.28944922,330.7729469,1.278184621,2
4300,83.2894979,330.9141383,1.280579385,2
4310,83.28954572,331.0557665,1.282974148,2
4320,83.28959271,331.197833,1.285368911,2
4330,83.28963888,331.3403392,1.287763675,2
4340,83.28968425,331.4832866,1.290158438,2
4350,83.28972882,331.6266764,1.292553202,2
4360,83.28977262,331.77051,1.294947965,2
4370,83.28981565,331.914789,1.297342729,2
4380,83.28985793,332.0595147,1.299737492,2
4390,83.28989948,332.2046885,1.302132255,2
4400,83.28994029,332.3503118,1.304527019,2
4410,83.2899804,332.4963861,1.306921782,2
4420,83.29001981,332.6429128,1.309316546,2
4430,83.29005853,332.7898933,1.311711309,2
4440,83.29009657,332.937329,1.314106072,2
4450,83.29013395,333.0852215,1.316500836,2
4460,83.29017068,333.2335721,1.318895599,2
4470,83.29020677,333.3823823,1.321290363,2
4480,83.29024223,333.5316536,1.323685126,2
4490,83.29027707,333.6813873,1.326079889,2
4500,83.2903113,333.8315851,1.328474653,2
4510,83.29034493,333.9822482,1.330869416,2
4520,83.29037798,334.1333784,1.33326418,2
4530,83.29041045,334.2849769,1.335658943,2
4540,83.29044236,334.4370453,1.338053706,2
4550,83.2904737,334.589585,1.34044847,2
4560,83.2905045,334.7425977,1.342843233,2
4570,83.29053477,334.8960847,1.345237997,2
4580,83.2905645,335.0500475,1.34763276,2
4590,83.29059372,335.2044878,1.350027524,2
4600,83.29062243,335.3594069,1.352422287,2
4610,83.29065063,335.5148064,1.35481705,2
4620,83.29067835,335.6706878,1.357211814,2
4630,83.29070558,335.8270527,1.359606577,2
4640,83.29073233,335.9839026,1.362001341,2
4650,83.29075862,336.141239,1.364396104,2
4660,83.29078445,336.2990634,1.366790867,2
4670,83.29080983,336.4573774,1.369185631,2
4680,83.29083477,336.6161826,1.371580394,2
4690,83.29085927,336.7754805,1.373975158,2
4700,83.29088335,336.9352727,1.376369921,2
4710,83.290907,337.0955607,1.378764684,2
4720,83.29093024,337.2563461,1.381159448,2
4730,83.29095308,337.4176305,1.383554211,2
4740,83.29097552,337.5794154,1.385948975,2
4750,83.29099756,337.7417025,1.388343738,2
4760,83.29101922,337.9044934,1.390738501,2
4770,83.29104051,338.0677895,1.393133265,2
4780,83.29106142,338.2315926,1.395528028,2
4790,83.29108197,338.3959043,1.397922792,2
4800,83.29110216,338.560726,1.400317555,2
4810,83.29112199,338.7260596,1.402712319,2
4820,83.29114148,338.8919065,1.405107082,2
4830,83.29116064,339.0582684,1.407501845,2
4840,83.29117945,339.225147,1.409896609,2
4850,83.29119794,339.3925439,1.412291372,2
4860,83.29121611,339.5604607,1.414686136,2
4870,83.29123396,339.728899,1.417080899,2
4880,83.29125149,339.8978606,1.419475662,2
4890,83.29126872,340.067347,1.421870426,2
4900,83.29128566,340.23736,1.424265189,2
4910,83.29130229,340.4079012,1.426659953,2
4920,83.29131864,340.5789722,1.429054716,2
4930,83.2913347,340.7505748,1.431449479,2
4940,83.29135048,340.9227107,1.433844243,2
4950,83.29136598,341.0953815,1.436239006,2
4960,83.29138121,341.2685889,1.43863377,2
4970,83.29139618,341.4423346,1.441028533,2
4980,83.29141089,341.6166204,1.443423297,2
4990,83.29142534,341.7914479,1.44581806,2
5000,83.29143954,341.9668188,1.448212823,2
5010,83.29145349,342.142735,1.450607587,2
5020,83.2914672,342.319198,1.45300235,2
5030,83.29148067,342.4962096,1.455397114,2
5040,83.2914939,342.6737717,1.457791877,2
5050,83.2915069,342.8518858,1.46018664,2
5060,83.29151968,343.0305538,1.462581404,2
5070,83.29153223,343.2097774,1.464976167,2
5080,83.29154456,343.3895585,1.467370931,2
5090,83.29155668,343.5698986,1.469765694,2
5100,83.29156859,343.7507997,1.472160457,2
5110,83.29158029,343.9322634,1.474555221,2
5120,83.29159178,344.1142916,1.476949984,2
5130,83.29160308,344.2968861,1.479344748,2
5140,83.29161418,344.4800486,1.481739511,2
5150,83.29162508,344.663781,1.484134274,2
5160,83.2916358,344.8480851,1.486529038,2
5170,83.29164632,345.0329626,1.488923801,2
5180,83.29165667,345.2184154,1.491318565,2
5190,83.29166683,345.4044453,1.493713328,2
5200,83.29167681,345.5910541,1.496108092,2
5210,83.29168663,345.7782437,1.498502855,2
5220,83.29169627,345.9660159,1.500897618,2
5230,83.29170574,346.1543726,1.503292382,2
5240,83.29171504,346.3433155,1.505687145,2
5250,83.29172419,346.5328467,1.508081909,2
5260,83.29173317,346.7229678,1.510476672,2
5270,83.291742,346.9136808,1.512871435,2
5280,83.29175068,347.1049876,1.515266199,2
5290,83.2917592,347.2968901,1.517660962,2
5300,83.29176757,347.4893901,1.520055726,2
5310,83.2917758,347.6824895,1.522450489,2
5320,83.29178388,347.8761902,1.524845252,2
5330,83.29179183,348.0704942,1.527240016,2
5340,83.29179963,348.2654033,1.529634779,2
5350,83.2918073,348.4609194,1.532029543,2
5360,83.29181484,348.6570446,1.534424306,2
5370,83.29182224,348.8537806,1.536819069,2
5380,83.29182951,349.0511295,1.539213833,2
5390,83.29183666,349.2490932,1.541608596,2
5400,83.29184368,349.4476736,1.54400336,2
5410,83.29185058,349.6468727,1.546398123,2
5420,83.29185736,349.8466924,1.548792887,2
5430,83.29186402,350.0471347,1.55118765,2
5440,83.29187057,350.2482016,1.553582413,2
5450,83.291877,350.4498951,1.555977177,2
5460,83.29188332,350.6522171,1.55837194,2
5470,83.29188953,350.8551697,1.560766704,2
5480,83.29189563,351.0587548,1.563161467,2
5490,83.29190162,351.2629744,1.56555623,2
5500,83.29190751,351.4678305,1.567950994,2
5510,83.2919133,351.6733253,1.570345757,2
5520,83.29191898,351.8794606,1.572740521,2
5530,83.29192457,352.0862385,1.575135284,2
5540,83.29193006,352.2936611,1.577530047,2
5550,83.29193545,352.5017303,1.579924811,2
5560,83.29194075,352.7104483,1.582319574,2
5570,83.29194596,352.9198171,1.584714338,2
5580,83.29195107,353.1298387,1.587109101,2
5590,83.2919561,353.3405153,1.589503865,2
5600,83.29196104,353.5518488,1.591898628,2
5610,83.29196589,353.7638414,1.594293391,2
5620,83.29197066,353.9764952,1.596688155,2
5630,83.29197534,354.1898123,1.599082918,2
5640,83.29197995,354.4037947,1.601477682,2
5650,83.29198447,354.6184446,1.603872445,2
5660,83.29198891,354.833764,1.606267208,2
5670,83.29199328,355.0497552,1.608661972,2
5680,83.29199757,355.2664201,1.611056735,2
5690,83.29200179,355.4837611,1.613451499,2
5700,83.29200593,355.7017801,1.615846262,2
5710,83.29201,355.9204794,1.618241025,2
5720,83.292014,356.1398611,1.620635789,2
5730,83.29201792,356.3599273,1.623030552,2
5740,83.29202179,356.5806803,1.625425316,2
5750,83.29202558,356.8021222,1.627820079,2
5760,83.2920293,357.0242552,1.630214842,2
5770,83.29203297,357.2470815,1.632609606,2
5780,83.29203656,357.4706033,1.635004369,2
5790,83.2920401,357.6948227,1.637399133,2
5800,83.29204357,357.919742,1.639793896,2
5810,83.29204699,358.1453634,1.64218866,2
5820,83.29205034,358.3716892,1.644583423,2
5830,83.29205363,358.5987215,1.646978186,2
5840,83.29205687,358.8264626,1.64937295,2
5850,83.29206005,359.0549147,1.651767713,2
5860,83.29206318,359.2840802,1.654162477,2
5870,83.29206625,359.5139612,1.65655724,2
5880,83.29206926,359.74456,1.658952003,2
5890,83.29207223,359.9758789,1.661346767,2
5900,83.29207514,360.2079202,1.66374153,2
5910,83.292078,360.4406861,1.666136294,2
5920,83.29208082,360.674179,1.668531057,2
5930,83.29208358,360.9084011,1.67092582,2
5940,83.29208629,361.1433549,1.673320584,2
5950,83.29208896,361.3790425,1.675715347,2
5960,83.29209158,361.6154663,1.678110111,2
5970,83.29209416,361.8526287,1.680504874,2
5980,83.29209669,362.0905319,1.682899637,2
5990,83.29209917,362.3291784,1.685294401,2
6000,83.29210162,362.5685705,1.687689164,2
6010,83.29210402,362.8087105,1.690083928,2
6020,83.29210638,363.0496008,1.692478691,2
6030,83.29210869,363.2912438,1.694873455,2
6040,83.29211097,363.5336418,1.697268218,2
6050,83.29211321,363.7767974,1.699662981,2
6060,83.2921154,364.0207128,1.702057745,2
6070,83.29211756,364.2653904,1.704452508,2
6080,83.29211969,364.5108328,1.706847272,2
6090,83.29212177,364.7570423,1.709242035,2
6100,83.29212382,365.0040213,1.711636798,2
6110,83.29212583,365.2517722,1.714031562,2
6120,83.29212781,365.5002976,1.716426325,2
6130,83.29212975,365.7495999,1.718821089,2
6140,83.29213166,365.9996815,1.721215852,2
6150,83.29213354,366.2505448,1.723610615,2
6160,83.29213538,366.5021925,1.726005379,2
6170,83.29213719,366.7546269,1.728400142,2
6180,83.29213897,367.0078506,1.730794906,2
6190,83.29214072,367.261866,1.733189669,2
6200,83.29214244,367.5166757,1.735584432,2
6210,83.29214413,367.7722822,1.737979196,2
6220,83.29214578,368.0286879,1.740373959,2
6230,83.29214741,368.2858955,1.742768723,2
6240,83.29214902,368.5439075,1.745163486,2
6250,83.29215059,368.8027264,1.74755825,2
6260,83.29215213,369.0623547,1.749953013,2
6270,83.29215365,369.3227951,1.752347776,2
6280,83.29215515,369.5840501,1.75474254,2
6290,83.29215661,369.8461223,1.757137303,2
6300,83.29215805,370.1090142,1.759532067,2
6310,83.29215947,370.3727286,1.76192683,2
6320,83.29216086,370.6372679,1.764321593,2
6330,83.29216223,370.9026348,1.766716357,2
6340,83.29216357,371.1688319,1.76911112,2
6350,83.29216489,371.4358618,1.771505884,2
6360,83.29216618,371.7037273,1.773900647,2
6370,83.29216746,371.9724308,1.77629541,2
6380,83.29216871,372.2419752,1.778690174,2
6390,83.29216994,372.5123629,1.781084937,2
6400,83.29217115,372.7835968,1.783479701,2
6410,83.29217233,373.0556795,1.785874464,2
6420,83.2921735,373.3286137,1.788269228,2
6430,83.29217465,373.6024021,1.790663991,2
6440,83.29217577,373.8770473,1.793058754,2
6450,83.29217688,374.1525521,1.795453518,2
6460,83.29217797,374.4289193,1.797848281,2
6470,83.29217903,374.7061515,1.800243045,2
6480,83.29218008,374.9842515,1.802637808,2
6490,83.29218111,375.263222,1.805032571,2
6500,83.29218213,375.5430659,1.807427335,2
6510,83.29218312,375.8237858,1.809822098,2
6520,83.2921841,376.1053845,1.812216862,2
6530,83.29218506,376.3878649,1.814611625,2
6540,83.29218601,376.6712297,1.817006388,2
6550,83.29218693,376.9554817,1.819401152,2
6560,83.29218785,377.2406237,1.821795915,2
6570,83.29218874,377.5266586,1.824190679,2
6580,83.29218962,377.8135891,1.826585442,2
6590,83.29219049,378.1014182,1.828980205,2
6600,83.29219134,378.3901486,1.831374969,2
6610,83.29219217,378.6797832,1.833769732,2
6620,83.29219299,378.9703249,1.836164496,2
6630,83.2921938,379.2617765,1.838559259,2
6640,83.29219459,379.554141,1.840954023,2
6650,83.29219537,379.8474212,1.843348786,2
6660,83.29219613,380.14162,1.845743549,2
6670,83.29219688,380.4367403,1.848138313,2
6680,83.29219762,380.7327851,1.850533076,2
6690,83.29219835,381.0297573,1.85292784,2
6700,83.29219906,381.3276597,1.855322603,2
6710,83.29219976,381.6264955,1.857717366,2
6720,83.29220045,381.9262674,1.86011213,2
6730,83.29220112,382.2269786,1.862506893,2
6740,83.29220179,382.5286319,1.864901657,2
6750,83.29220244,382.8312303,1.86729642,2
6760,83.29220308,383.1347769,1.869691183,2
6770,83.29220371,383.4392746,1.872085947,2
6780,83.29220433,383.7447264,1.87448071,2
6790,83.29220494,384.0511355,1.876875474,2
6800,83.29220554,384.3585047,1.879270237,2
6810,83.29220612,384.6668372,1.881665,2
6820,83.2922067,384.9761359,1.884059764,2
6830,83.29220727,385.2864041,1.886454527,2
6840,83.29220782,385.5976446,1.888849291,2
6850,83.29220837,385.9098607,1.891244054,2
6860,83.29220891,386.2230553,1.893638818,2
6870,83.29220944,386.5372317,1.896033581,2
6880,83.29220996,386.8523928,1.898428344,2
6890,83.29221047,387.1685419,1.900823108,2
6900,83.29221097,387.485682,1.903217871,2
6910,83.29221146,387.8038163,1.905612635,2
6920,83.29221194,388.122948,1.908007398,2
6930,83.29221242,388.4430801,1.910402161,2
6940,83.29221289,388.764216,1.912796925,2
6950,83.29221334,389.0863587,1.915191688,2
6960,83.2922138,389.4095114,1.917586452,2
6970,83.29221424,389.7336773,1.919981215,2
6980,83.29221467,390.0588597,1.922375978,2
6990,83.2922151,390.3850617,1.924770742,2
7000,83.29221552,390.7122867,1.927165505,2
7010,83.29221593,391.0405378,1.929560269,2
7020,83.29221634,391.3698182,1.931955032,2
7030,83.29221674,391.7001313,1.934349796,2
7040,83.29221713,392.0314804,1.936744559,2
7050,83.29221752,392.3638686,1.939139322,2
7060,83.29221789,392.6972993,1.941534086,2
7070,83.29221827,393.0317758,1.943928849,2
7080,83.29221863,393.3673014,1.946323613,2
7090,83.29221899,393.7038794,1.948718376,2
7100,83.29221934,394.0415131,1.951113139,2
7110,83.29221969,394.380206,1.953507903,2
7120,83.29222003,394.7199613,1.955902666,2
7130,83.29222036,395.0607825,1.95829743,2
7140,83.29222069,395.4026728,1.960692193,2
7150,83.29222101,395.7456357,1.963086956,2
7160,83.29222133,396.0896747,1.96548172,2
7170,83.29222164,396.4347929,1.967876483,2
7180,83.29222195,396.780994,1.970271247,2
7190,83.29222225,397.1282814,1.97266601,2
7200,83.29222254,397.4766584,1.975060773,2
7210,83.29222284,397.8261285,1.977455537,2
7220,83.29222312,398.1766952,1.9798503,2
7230,83.2922234,398.528362,1.982245064,2
7240,83.29222368,398.8811324,1.984639827,2
7250,83.29222395,399.2350098,1.987034591,2
7260,83.29222421,399.5899977,1.989429354,2
7270,83.29222447,399.9460997,1.991824117,2
7280,83.29222473,400.3033193,1.994218881,2
7290,83.29222498,400.66166,1.996613644,2
7300,83.29222523,401.0211254,1.999008408,2
7310,83.29222547,401.3817191,2.001403171,2
7320,83.29222571,401.7434445,2.003797934,2
7330,83.29222595,402.1063054,2.006192698,2
7340,83.29222618,402.4703053,2.008587461,2
7350,83.29222641,402.8354478,2.010982225,2
7360,83.29222663,403.2017365,2.013376988,2
7370,83.29222685,403.5691751,2.015771751,2
7380,83.29222706,403.9377672,2.018166515,2
7390,83.29222728,404.3075164,2.020561278,2
7400,83.29222748,404.6784265,2.022956042,2
7410,83.29222769,405.0505011,2.025350805,2
7420,83.29222789,405.4237438,2.027745568,2
7430,83.29222809,405.7981584,2.030140332,2
7440,83.29222828,406.1737486,2.032535095,2
7450,83.29222847,406.5505182,2.034929859,2
7460,83.29222866,406.9284708,2.037324622,2
7470,83.29222884,407.3076102,2.039719386,2
7480,83.29222902,407.6879401,2.042114149,2
7490,83.2922292,408.0694644,2.044508912,2
7500,83.29222937,408.4521868,2.046903676,2
7510,83.29222954,408.8361111,2.049298439,2
7520,83.29222971,409.2212412,2.051693203,2
7530,83.29222988,409.6075807,2.054087966,2
7540,83.29223004,409.9951337,2.056482729,2
7550,83.2922302,410.3839038,2.058877493,2
7560,83.29223036,410.773895,2.061272256,2
7570,83.29223051,411.1651111,2.06366702,2
7580,83.29223066,411.5575561,2.066061783,2
7590,83.29223081,411.9512337,2.068456546,2
7600,83.29223096,412.346148,2.07085131,2
7610,83.2922311,412.7423028,2.073246073,2
7620,83.29223124,413.139702,2.075640837,2
7630,83.29223138,413.5383497,2.0780356,2
7640,83.29223152,413.9382496,2.080430363,2
7650,83.29223165,414.3394059,2.082825127,2
7660,83.29223178,414.7418225,2.08521989,2
7670,83.29223191,415.1455034,2.087614654,2
7680,83.29223204,415.5504526,2.090009417,2
7690,83.29223216,415.9566741,2.092404181,2
7700,83.29223229,416.3641719,2.094798944,2
7710,83.29223241,416.7729501,2.097193707,2
7720,83.29223252,417.1830127,2.099588471,2
7730,83.29223264,417.5943639,2.101983234,2
7740,83.29223276,418.0070076,2.104377998,2
7750,83.29223287,418.420948,2.106772761,2
7760,83.29223298,418.8361892,2.109167524,2
7770,83.29223309,419.2527353,2.111562288,2
7780,83.29223319,419.6705904,2.113957051,2
7790,83.2922333,420.0897587,2.116351815,2
7800,83.2922334,420.5102444,2.118746578,2
7810,83.2922335,420.9320516,2.121141341,2
7820,83.2922336,421.3551845,2.123536105,2
7830,83.2922337,421.7796472,2.125930868,2
7840,83.29223379,422.2054441,2.128325632,2
7850,83.29223389,422.6325794,2.130720395,2
7860,83.29223398,423.0610572,2.133115159,2
7870,83.29223407,423.4908818,2.135509922,2
7880,83.29223416,423.9220576,2.137904685,2
7890,83.29223425,424.3545887,2.140299449,2
7900,83.29223433,424.7884795,2.142694212,2
7910,83.29223442,425.2237343,2.145088976,2
7920,83.2922345,425.6603573,2.147483739,2
7930,83.29223458,426.098353,2.149878502,2
7940,83.29223466,426.5377257,2.152273266,2
7950,83.29223474,426.9784797,2.154668029,2
7960,83.29223482,427.4206194,2.157062793,2
7970,83.2922349,427.8641492,2.159457556,2
7980,83.29223497,428.3090735,2.161852319,2
7990,83.29223505,428.7553968,2.164247083,2
8000,83.29223512,429.2031234,2.166641846,2
0,76.31148821,306.2551603,0.316777677,3
10,76.41009921,306.3063517,0.319775279,3
20,76.50706103,306.3576994,0.32277288,3
30,76.60240125,306.409204,0.325770481,3
40,76.69614698,306.460866,0.328768083,3
50,76.7883249,306.5126859,0.331765684,3
60,76.87896123,306.5646642,0.334763286,3
70,76.96808174,306.6168014,0.337760887,3
80,77.05571179,306.669098,0.340758489,3
90,77.14187631,306.7215546,0.34375609,3
100,77.22659979,306.7741717,0.346753692,3
110,77.30990636,306.8269498,0.349751293,3
120,77.39181969,306.8798894,0.352748895,3
130,77.47236309,306.9329911,0.355746496,3
140,77.55155948,306.9862553,0.358744098,3
150,77.62943138,307.0396827,0.361741699,3
160,77.70600093,307.0932737,0.364739301,3
170,77.78128993,307.1470288,0.367736902,3
180,77.85531979,307.2009487,0.370734504,3
190,77.92811156,307.2550338,0.373732105,3
200,77.99968595,307.3092847,0.376729706,3
210,78.07006332,307.3637019,0.379727308,3
220,78.1392637,307.4182859,0.382724909,3
230,78.20730675,307.4730374,0.385722511,3
240,78.27421185,307.5279568,0.388720112,3
250,78.33999802,307.5830447,0.391717714,3
260,78.40468397,307.6383016,0.394715315,3
270,78.46828811,307.6937281,0.397712917,3
280,78.53082852,307.7493248,0.400710518,3
290,78.592323,307.8050922,0.40370812,3
300,78.65278904,307.8610308,0.406705721,3
310,78.71224383,307.9171412,0.409703323,3
320,78.7707043,307.973424,0.412700924,3
330,78.82818707,308.0298798,0.415698526,3
340,78.88470849,308.086509,0.418696127,3
350,78.94028463,308.1433122,0.421693729,3
360,78.99493132,308.2002901,0.42469133,3
370,79.04866408,308.2574432,0.427688931,3
380,79.10149822,308.3147721,0.430686533,3
390,79.15344874,308.3722772,0.433684134,3
400,79.20453045,308.4299593,0.436681736,3
410,79.25475785,308.4878189,0.439679337,3
420,79.30414525,308.5458565,0.442676939,3
430,79.35270668,308.6040728,0.44567454,3
440,79.40045597,308.6624683,0.448672142,3
450,79.44740669,308.7210435,0.451669743,3
460,79.4935722,308.7797992,0.454667345,3
470,79.53896564,308.8387359,0.457664946,3
480,79.5835999,308.8978541,0.460662548,3
490,79.6274877,308.9571544,0.463660149,3
500,79.67064152,309.0166376,0.466657751,3
510,79.71307362,309.076304,0.469655352,3
520,79.75479609,309.1361544,0.472652954,3
530,79.79582078,309.1961893,0.475650555,3
540,79.83615938,309.2564094,0.478648156,3
550,79.87582334,309.3168152,0.481645758,3
560,79.91482396,309.3774074,0.484643359,3
570,79.95317233,309.4381865,0.487640961,3
580,79.99087935,309.4991531,0.490638562,3
590,80.02795576,309.5603079,0.493636164,3
600,80.0644121,309.6216516,0.496633765,3
610,80.10025873,309.6831846,0.499631367,3
620,80.13550587,309.7449076,0.502628968,3
630,80.17016352,309.8068212,0.50562657,3
640,80.20424156,309.8689261,0.508624171,3
650,80.23774967,309.9312229,0.511621773,3
660,80.27069739,309.9937122,0.514619374,3
670,80.30309409,310.0563946,0.517616976,3
680,80.33494898,310.1192707,0.520614577,3
690,80.36627112,310.1823412,0.523612179,3
700,80.39706943,310.2456068,0.52660978,3
710,80.42735267,310.3090679,0.529607381,3
720,80.45712944,310.3727254,0.532604983,3
730,80.48640822,310.4365798,0.535602584,3
740,80.51519735,310.5006318,0.538600186,3
750,80.543505,310.5648819,0.541597787,3
760,80.57133922,310.629331,0.544595389,3
770,80.59870795,310.6939795,0.54759299,3
780,80.62561896,310.7588282,0.550590592,3
790,80.6520799,310.8238776,0.553588193,3
800,80.67809831,310.8891286,0.556585795,3
810,80.70368158,310.9545816,0.559583396,3
820,80.728837,311.0202374,0.562580998,3
830,80.75357171,311.0860966,0.565578599,3
840,80.77789276,311.1521599,0.568576201,3
850,80.80180705,311.218428,0.571573802,3
860,80.82532141,311.2849015,0.574571404,3
870,80.8484425,311.3515811,0.577569005,3
880,80.87117692,311.4184674,0.580566607,3
890,80.89353112,311.4855612,0.583564208,3
900,80.91551147,311.552863,0.586561809,3
910,80.93712421,311.6203737,0.589559411,3
920,80.9583755,311.6880938,0.592557012,3
930,80.97927139,311.756024,0.595554614,3
940,80.9998178,311.8241651,0.598552215,3
950,81.0200206,311.8925177,0.601549817,3
960,81.03988552,311.9610825,0.604547418,3
970,81.05941822,312.0298602,0.60754502,3
980,81.07862425,312.0988515,0.610542621,3
990,81.09750908,312.168057,0.613540223,3
1000,81.11607808,312.2374776,0.616537824,3
1010,81.13433652,312.3071138,0.619535426,3
1020,81.15228961,312.3769664,0.622533027,3
1030,81.16994245,312.447036,0.625530629,3
1040,81.18730006,312.5173235,0.62852823,3
1050,81.20436738,312.5878294,0.631525832,3
1060,81.22114926,312.6585546,0.634523433,3
1070,81.23765048,312.7294997,0.637521034,3
1080,81.25387574,312.8006654,0.640518636,3
1090,81.26982964,312.8720525,0.643516237,3
1100,81.28551672,312.9436616,0.646513839,3
1110,81.30094145,313.0154936,0.64951144,3
1120,81.31610822,313.087549,0.652509042,3
1130,81.33102134,313.1598288,0.655506643,3
1140,81.34568504,313.2323335,0.658504245,3
1150,81.36010351,313.3050639,0.661501846,3
1160,81.37428085,313.3780207,0.664499448,3
1170,81.38822108,313.4512048,0.667497049,3
1180,81.40192817,313.5246167,0.670494651,3
1190,81.41540602,313.5982574,0.673492252,3
1200,81.42865847,313.6721274,0.676489854,3
1210,81.44168928,313.7462276,0.679487455,3
1220,81.45450216,313.8205587,0.682485057,3
1230,81.46710076,313.8951214,0.685482658,3
1240,81.47948866,313.9699166,0.688480259,3
1250,81.49166938,314.0449449,0.691477861,3
1260,81.50364639,314.1202072,0.694475462,3
1270,81.51542309,314.1957041,0.697473064,3
1280,81.52700284,314.2714365,0.700470665,3
1290,81.53838893,314.3474051,0.703468267,3
1300,81.5495846,314.4236106,0.706465868,3
1310,81.56059303,314.500054,0.70946347,3
1320,81.57141735,314.5767358,0.712461071,3
1330,81.58206064,314.653657,0.715458673,3
1340,81.59252594,314.7308182,0.718456274,3
1350,81.60281621,314.8082204,0.721453876,3
1360,81.61293438,314.8858641,0.724451477,3
1370,81.62288334,314.9637503,0.727449079,3
1380,81.63266591,315.0418797,0.73044668,3
1390,81.64228488,315.1202531,0.733444282,3
1400,81.65174298,315.1988714,0.736441883,3
1410,81.6610429,315.2777352,0.739439484,3
1420,81.67018728,315.3568455,0.742437086,3
1430,81.67917874,315.4362029,0.745434687,3
1440,81.68801982,315.5158084,0.748432289,3
1450,81.69671304,315.5956626,0.75142989,3
1460,81.70526087,315.6757665,0.754427492,3
1470,81.71366575,315.7561209,0.757425093,3
1480,81.72193006,315.8367265,0.760422695,3
1490,81.73005616,315.9175841,0.763420296,3
1500,81.73804636,315.9986947,0.766417898,3
1510,81.74590293,316.080059,0.769415499,3
1520,81.75362811,316.1616778,0.772413101,3
1530,81.76122409,316.243552,0.775410702,3
1540,81.76869303,316.3256824,0.778408304,3
1550,81.77603706,316.4080698,0.781405905,3
1560,81.78325827,316.4907151,0.784403507,3
1570,81.79035871,316.573619,0.787401108,3
1580,81.79734041,316.6567826,0.790398709,3
1590,81.80420533,316.7402065,0.793396311,3
1600,81.81095545,316.8238917,0.796393912,3
1610,81.81759268,316.907839,0.799391514,3
1620,81.82411891,316.9920492,0.802389115,3
1630,81.83053599,317.0765232,0.805386717,3
1640,81.83684576,317.1612619,0.808384318,3
1650,81.84304999,317.2462661,0.81138192,3
1660,81.84915047,317.3315367,0.814379521,3
1670,81.85514892,317.4170745,0.817377123,3
1680,81.86104705,317.5028805,0.820374724,3
1690,81.86684654,317.5889554,0.823372326,3
1700,81.87254904,317.6753002,0.826369927,3
1710,81.87815617,317.7619158,0.829367529,3
1720,81.88366953,317.848803,0.83236513,3
1730,81.88909068,317.9359627,0.835362732,3
1740,81.89442117,318.0233958,0.838360333,3
1750,81.89966251,318.1111032,0.841357934,3
1760,81.90481619,318.1990857,0.844355536,3
1770,81.90988368,318.2873444,0.847353137,3
1780,81.91486642,318.37588,0.850350739,3
1790,81.91976583,318.4646935,0.85334834,3
1800,81.9245833,318.5537858,0.856345942,3
1810,81.92932021,318.6431577,0.859343543,3
1820,81.93397789,318.7328103,0.862341145,3
1830,81.93855767,318.8227443,0.865338746,3
1840,81.94306087,318.9129608,0.868336348,3
1850,81.94748875,319.0034607,0.871333949,3
1860,81.95184258,319.0942448,0.874331551,3
1870,81.9561236,319.1853141,0.877329152,3
1880,81.96033302,319.2766695,0.880326754,3
1890,81.96447204,319.368312,0.883324355,3
1900,81.96854184,319.4602424,0.886321957,3
1910,81.97254357,319.5524618,0.889319558,3
1920,81.97647838,319.644971,0.892317159,3
1930,81.98034738,319.7377711,0.895314761,3
1940,81.98415168,319.8308629,0.898312362,3
1950,81.98789236,319.9242473,0.901309964,3
1960,81.99157047,320.0179255,0.904307565,3
1970,81.99518707,320.1118983,0.907305167,3
1980,81.99874319,320.2061666,0.910302768,3
1990,82.00223983,320.3007314,0.91330037,3
2000,82.005678,320.3955938,0.916297971,3
2010,82.00905867,320.4907546,0.919295573,3
2020,82.01238279,320.5862148,0.922293174,3
2030,82.01565133,320.6819755,0.925290776,3
2040,82.0188652,320.7780375,0.928288377,3
2050,82.02202532,320.8744019,0.931285979,3
2060,82.02513259,320.9710697,0.93428358,3
2070,82.02818789,321.0680418,0.937281182,3
2080,82.0311921,321.1653192,0.940278783,3
2090,82.03414607,321.262903,0.943276384,3
2100,82.03705063,321.360794,0.946273986,3
2110,82.03990661,321.4589934,0.949271587,3
2120,82.04271484,321.5575021,0.952269189,3
2130,82.04547609,321.6563211,0.95526679,3
2140,82.04819117,321.7554515,0.958264392,3
2150,82.05086084,321.8548942,0.961261993,3
2160,82.05348586,321.9546503,0.964259595,3
2170,82.05606698,322.0547208,0.967257196,3
2180,82.05860494,322.1551066,0.970254798,3
2190,82.06110045,322.255809,0.973252399,3
2200,82.06355422,322.3568287,0.976250001,3
2210,82.06596696,322.458167,0.979247602,3
2220,82.06833934,322.5598248,0.982245204,3
2230,82.07067205,322.6618032,0.985242805,3
2240,82.07296575,322.7641032,0.988240407,3
2250,82.07522108,322.8667259,0.991238008,3
2260,82.0774387,322.9696723,0.994235609,3
2270,82.07961923,323.0729435,0.997233211,3
2280,82.0817633,323.1765405,1.000230812,3
2290,82.0838715,323.2804643,1.003228414,3
2300,82.08594445,323.3847161,1.006226015,3
2310,82.08798273,323.489297,1.009223617,3
2320,82.08998692,323.5942079,1.012221218,3
2330,82.09195759,323.69945,1.01521882,3
2340,82.09389531,323.8050243,1.018216421,3
2350,82.09580062,323.9109319,1.021214023,3
2360,82.09767406,324.017174,1.024211624,3
2370,82.09951617,324.1237515,1.027209226,3
2380,82.10132748,324.2306656,1.030206827,3
2390,82.10310849,324.3379174,1.033204429,3
2400,82.10485971,324.445508,1.03620203,3
2410,82.10658165,324.5534385,1.039199632,3
2420,82.10827479,324.6617099,1.042197233,3
2430,82.10993962,324.7703235,1.045194834,3
2440,82.1115766,324.8792802,1.048192436,3
2450,82.1131862,324.9885813,1.051190037,3
2460,82.11476889,325.0982278,1.054187639,3
2470,82.1163251,325.2082209,1.05718524,3
2480,82.11785529,325.3185617,1.060182842,3
2490,82.11935989,325.4292513,1.063180443,3
2500,82.12083933,325.5402909,1.066178045,3
2510,82.12229402,325.6516816,1.069175646,3
2520,82.12372439,325.7634245,1.072173248,3
2530,82.12513083,325.8755209,1.075170849,3
2540,82.12651375,325.9879718,1.078168451,3
2550,82.12787354,326.1007783,1.081166052,3
2560,82.1292106,326.2139417,1.084163654,3
2570,82.13052529,326.3274632,1.087161255,3
2580,82.13181799,326.4413438,1.090158857,3
2590,82.13308908,326.5555848,1.093156458,3
2600,82.1343389,326.6701873,1.096154059,3
2610,82.13556783,326.7851524,1.099151661,3
2620,82.1367762,326.9004815,1.102149262,3
2630,82.13796436,327.0161756,1.105146864,3
2640,82.13913265,327.132236,1.108144465,3
2650,82.14028141,327.2486638,1.111142067,3
2660,82.14141095,327.3654603,1.114139668,3
2670,82.1425216,327.4826266,1.11713727,3
2680,82.14361368,327.6001639,1.120134871,3
2690,82.14468749,327.7180735,1.123132473,3
2700,82.14574334,327.8363565,1.126130074,3
2710,82.14678154,327.9550143,1.129127676,3
2720,82.14780237,328.0740479,1.132125277,3
2730,82.14880613,328.1934586,1.135122879,3
2740,82.1497931,328.3132477,1.13812048,3
2750,82.15076357,328.4334163,1.141118082,3
2760,82.15171781,328.5539658,1.144115683,3
2770,82.15265608,328.6748973,1.147113284,3
2780,82.15357867,328.7962121,1.150110886,3
2790,82.15448583,328.9179114,1.153108487,3
2800,82.15537781,329.0399965,1.156106089,3
2810,82.15625488,329.1624687,1.15910369,3
2820,82.15711728,329.2853292,1.162101292,3
2830,82.15796525,329.4085793,1.165098893,3
2840,82.15879905,329.5322202,1.168096495,3
2850,82.1596189,329.6562532,1.171094096,3
2860,82.16042504,329.7806795,1.174091698,3
2870,82.16121769,329.9055006,1.177089299,3
2880,82.16199709,330.0307176,1.180086901,3
2890,82.16276346,330.1563318,1.183084502,3
2900,82.16351701,330.2823446,1.186082104,3
2910,82.16425795,330.4087572,1.189079705,3
2920,82.16498651,330.5355709,1.192077307,3
2930,82.16570288,330.6627871,1.195074908,3
2940,82.16640727,330.790407,1.198072509,3
2950,82.16709988,330.918432,1.201070111,3
2960,82.1677809,331.0468633,1.204067712,3
2970,82.16845054,331.1757024,1.207065314,3
2980,82.16910898,331.3049504,1.210062915,3
2990,82.1697564,331.4346088,1.213060517,3
3000,82.170393,331.5646789,1.216058118,3
3010,82.17101895,331.6951621,1.21905572,3
3020,82.17163444,331.8260596,1.222053321,3
3030,82.17223963,331.9573728,1.225050923,3
3040,82.17283469,332.0891032,1.228048524,3
3050,82.17341981,332.2212519,1.231046126,3
3060,82.17399514,332.3538204,1.234043727,3
3070,82.17456085,332.4868102,1.237041329,3
3080,82.1751171,332.6202224,1.24003893,3
3090,82.17566404,332.7540585,1.243036532,3
3100,82.17620184,332.88832,1.246034133,3
3110,82.17673064,333.0230081,1.249031734,3
3120,82.1772506,333.1581242,1.252029336,3
3130,82.17776187,333.2936698,1.255026937,3
3140,82.17826458,333.4296463,1.258024539,3
3150,82.17875889,333.566055,1.26102214,3
3160,82.17924493,333.7028974,1.264019742,3
3170,82.17972284,333.8401748,1.267017343,3
3180,82.18019276,333.9778887,1.270014945,3
3190,82.18065482,334.1160405,1.273012546,3
3200,82.18110915,334.2546317,1.276010148,3
3210,82.18155588,334.3936636,1.279007749,3
3220,82.18199514,334.5331377,1.282005351,3
3230,82.18242706,334.6730554,1.285002952,3
3240,82.18285175,334.8134182,1.288000554,3
3250,82.18326934,334.9542276,1.290998155,3
3260,82.18367995,335.0954849,1.293995757,3
3270,82.18408368,335.2371917,1.296993358,3
3280,82.18448067,335.3793493,1.299990959,3
3290,82.18487102,335.5219593,1.302988561,3
3300,82.18525484,335.6650232,1.305986162,3
3310,82.18563224,335.8085423,1.308983764,3
3320,82.18600333,335.9525183,1.311981365,3
3330,82.18636821,336.0969525,1.314978967,3
3340,82.18672699,336.2418466,1.317976568,3
3350,82.18707977,336.3872018,1.32097417,3
3360,82.18742665,336.5330199,1.323971771,3
3370,82.18776773,336.6793022,1.326969373,3
3380,82.1881031,336.8260504,1.329966974,3
3390,82.18843287,336.9732658,1.332964576,3
3400,82.18875712,337.12095,1.335962177,3
3410,82.18907595,337.2691046,1.338959779,3
3420,82.18938944,337.4177311,1.34195738,3
3430,82.18969769,337.566831,1.344954982,3
3440,82.19000079,337.7164059,1.347952583,3
3450,82.19029882,337.8664572,1.350950184,3
3460,82.19059186,338.0169866,1.353947786,3
3470,82.19088001,338.1679956,1.356945387,3
3480,82.19116333,338.3194858,1.359942989,3
3490,82.19144192,338.4714587,1.36294059,3
3500,82.19171584,338.6239159,1.365938192,3
3510,82.19198519,338.776859,1.368935793,3
3520,82.19225003,338.9302896,1.371933395,3
3530,82.19251044,339.0842092,1.374930996,3
3540,82.1927665,339.2386195,1.377928598,3
3550,82.19301827,339.393522,1.380926199,3
3560,82.19326584,339.5489183,1.383923801,3
3570,82.19350926,339.7048101,1.386921402,3
3580,82.19374861,339.8611989,1.389919004,3
3590,82.19398396,340.0180864,1.392916605,3
3600,82.19421537,340.1754742,1.395914207,3
3610,82.19444292,340.333364,1.398911808,3
3620,82.19466666,340.4917572,1.401909409,3
3630,82.19488665,340.6506557,1.404907011,3
3640,82.19510297,340.8100611,1.407904612,3
3650,82.19531567,340.9699749,1.410902214,3
3660,82.19552481,341.1303989,1.413899815,3
3670,82.19573045,341.2913346,1.416897417,3
3680,82.19593266,341.4527839,1.419895018,3
3690,82.19613148,341.6147483,1.42289262,3
3700,82.19632698,341.7772295,1.425890221,3
3710,82.19651921,341.9402292,1.428887823,3
3720,82.19670822,342.1037491,1.431885424,3
3730,82.19689407,342.2677909,1.434883026,3
3740,82.19707682,342.4323563,1.437880627,3
3750,82.1972565,342.5974469,1.440878229,3
3760,82.19743319,342.7630645,1.44387583,3
3770,82.19760692,342.9292109,1.446873432,3
3780,82.19777774,343.0958877,1.449871033,3
3790,82.1979457,343.2630966,1.452868634,3
3800,82.19811086,343.4308394,1.455866236,3
3810,82.19827325,343.5991178,1.458863837,3
3820,82.19843293,343.7679336,1.461861439,3
3830,82.19858994,343.9372886,1.46485904,3
3840,82.19874432,344.1071844,1.467856642,3
3850,82.19889612,344.2776228,1.470854243,3
3860,82.19904539,344.4486056,1.473851845,3
3870,82.19919215,344.6201346,1.476849446,3
3880,82.19933646,344.7922115,1.479847048,3
3890,82.19947836,344.9648381,1.482844649,3
3900,82.19961788,345.1380163,1.485842251,3
3910,82.19975507,345.3117478,1.488839852,3
3920,82.19988997,345.4860344,1.491837454,3
3930,82.20002261,345.6608779,1.494835055,3
3940,82.20015303,345.8362801,1.497832657,3
3950,82.20028127,346.0122429,1.500830258,3
3960,82.20040737,346.188768,1.503827859,3
3970,82.20053136,346.3658574,1.506825461,3
3980,82.20065327,346.5435128,1.509823062,3
3990,82.20077315,346.7217361,1.512820664,3
4000,82.20089102,346.9005291,1.515818265,3
4010,82.20100692,347.0798937,1.518815867,3
4020,82.20112088,347.2598317,1.521813468,3
4030,82.20123293,347.440345,1.52481107,3
4040,82.20134311,347.6214356,1.527808671,3
4050,82.20145145,347.8031051,1.530806273,3
4060,82.20155798,347.9853557,1.533803874,3
4070,82.20166272,348.168189,1.536801476,3
4080,82.20176571,348.3516071,1.539799077,3
4090,82.20186698,348.5356118,1.542796679,3
4100,82.20196656,348.7202051,1.54579428,3
4110,82.20206447,348.9053888,1.548791882,3
4120,82.20216074,349.0911649,1.551789483,3
4130,82.20225541,349.2775353,1.554787084,3
4140,82.20234849,349.464502,1.557784686,3
4150,82.20244001,349.6520668,1.560782287,3
4160,82.20253001,349.8402318,1.563779889,3
4170,82.20261849,350.0289988,1.56677749,3
4180,82.2027055,350.2183699,1.569775092,3
4190,82.20279106,350.4083469,1.572772693,3
4200,82.20287518,350.598932,1.575770295,3
4210,82.20295789,350.790127,1.578767896,3
4220,82.20303923,350.981934,1.581765498,3
4230,82.2031192,351.1743549,1.584763099,3
4240,82.20319783,351.3673917,1.587760701,3
4250,82.20327515,351.5610464,1.590758302,3
4260,82.20335118,351.7553211,1.593755904,3
4270,82.20342593,351.9502178,1.596753505,3
4280,82.20349944,352.1457385,1.599751107,3
4290,82.20357171,352.3418851,1.602748708,3
4300,82.20364278,352.5386598,1.605746309,3
4310,82.20371266,352.7360647,1.608743911,3
4320,82.20378137,352.9341016,1.611741512,3
4330,82.20384893,353.1327728,1.614739114,3
4340,82.20391536,353.3320802,1.617736715,3
4350,82.20398068,353.532026,1.620734317,3
4360,82.2040449,353.7326122,1.623731918,3
4370,82.20410806,353.9338409,1.62672952,3
4380,82.20417015,354.1357142,1.629727121,3
4390,82.20423121,354.3382342,1.632724723,3
4400,82.20429125,354.541403,1.635722324,3
4410,82.20435028,354.7452227,1.638719926,3
4420,82.20440833,354.9496954,1.641717527,3
4430,82.2044654,355.1548233,1.644715129,3
4440,82.20452152,355.3606084,1.64771273,3
4450,82.2045767,355.567053,1.650710332,3
4460,82.20463096,355.7741591,1.653707933,3
4470,82.20468431,355.981929,1.656705534,3
4480,82.20473677,356.1903647,1.659703136,3
4490,82.20478836,356.3994685,1.662700737,3
4500,82.20483907,356.6092424,1.665698339,3
4510,82.20488895,356.8196888,1.66869594,3
4520,82.20493798,357.0308098,1.671693542,3
4530,82.2049862,357.2426076,1.674691143,3
4540,82.20503361,357.4550843,1.677688745,3
4550,82.20508023,357.6682423,1.680686346,3
4560,82.20512607,357.8820836,1.683683948,3
4570,82.20517114,358.0966106,1.686681549,3
4580,82.20521545,358.3118255,1.689679151,3
4590,82.20525903,358.5277305,1.692676752,3
4600,82.20530188,358.7443278,1.695674354,3
4610,82.20534401,358.9616197,1.698671955,3
4620,82.20538544,359.1796085,1.701669557,3
4630,82.20542617,359.3982965,1.704667158,3
4640,82.20546622,359.6176858,1.707664759,3
4650,82.2055056,359.8377788,1.710662361,3
4660,82.20554433,360.0585779,1.713659962,3
4670,82.2055824,360.2800851,1.716657564,3
4680,82.20561984,360.502303,1.719655165,3
4690,82.20565666,360.7252338,1.722652767,3
4700,82.20569286,360.9488798,1.725650368,3
4710,82.20572845,361.1732433,1.72864797,3
4720,82.20576344,361.3983267,1.731645571,3
4730,82.20579786,361.6241323,1.734643173,3
4740,82.20583169,361.8506625,1.737640774,3
4750,82.20586496,362.0779197,1.740638376,3
4760,82.20589768,362.3059061,1.743635977,3
4770,82.20592984,362.5346242,1.746633579,3
4780,82.20596147,362.7640763,1.74963118,3
4790,82.20599257,362.9942649,1.752628782,3
4800,82.20602315,363.2251923,1.755626383,3
4810,82.20605322,363.456861,1.758623984,3
4820,82.20608279,363.6892733,1.761621586,3
4830,82.20611186,363.9224316,1.764619187,3
4840,82.20614044,364.1563385,1.767616789,3
4850,82.20616855,364.3909963,1.77061439,3
4860,82.20619619,364.6264075,1.773611992,3
4870,82.20622336,364.8625745,1.776609593,3
4880,82.20625008,365.0994998,1.779607195,3
4890,82.20627635,365.3371859,1.782604796,3
4900,82.20630219,365.5756352,1.785602398,3
4910,82.20632759,365.8148502,1.788599999,3
4920,82.20635257,366.0548334,1.791597601,3
4930,82.20637712,366.2955873,1.794595202,3
4940,82.20640127,366.5371145,1.797592804,3
4950,82.20642502,366.7794173,1.800590405,3
4960,82.20644837,367.0224985,1.803588007,3
4970,82.20647132,367.2663604,1.806585608,3
4980,82.2064939,367.5110056,1.809583209,3
4990,82.20651609,367.7564368,1.812580811,3
5000,82.20653792,368.0026563,1.815578412,3
5010,82.20655937,368.2496669,1.818576014,3
5020,82.20658048,368.4974711,1.821573615,3
5030,82.20660122,368.7460714,1.824571217,3
5040,82.20662162,368.9954704,1.827568818,3
5050,82.20664168,369.2456708,1.83056642,3
5060,82.20666141,369.4966752,1.833564021,3
5070,82.2066808,369.7484862,1.836561623,3
5080,82.20669987,370.0011063,1.839559224,3
5090,82.20671862,370.2545383,1.842556826,3
5100,82.20673706,370.5087847,1.845554427,3
5110,82.20675519,370.7638483,1.848552029,3
5120,82.20677301,371.0197316,1.85154963,3
5130,82.20679054,371.2764374,1.854547232,3
5140,82.20680778,371.5339684,1.857544833,3
5150,82.20682472,371.7923271,1.860542434,3
5160,82.20684138,372.0515164,1.863540036,3
5170,82.20685777,372.3115388,1.866537637,3
5180,82.20687388,372.5723972,1.869535239,3
5190,82.20688972,372.8340942,1.87253284,3
5200,82.2069053,373.0966326,1.875530442,3
5210,82.20692061,373.3600151,1.878528043,3
5220,82.20693567,373.6242445,1.881525645,3
5230,82.20695048,373.8893235,1.884523246,3
5240,82.20696504,374.1552548,1.887520848,3
5250,82.20697935,374.4220413,1.890518449,3
5260,82.20699343,374.6896857,1.893516051,3
5270,82.20700727,374.9581909,1.896513652,3
5280,82.20702088,375.2275595,1.899511254,3
5290,82.20703426,375.4977946,1.902508855,3
5300,82.20704742,375.7688987,1.905506457,3
5310,82.20706036,376.0408749,1.908504058,3
5320,82.20707308,376.3137258,1.911501659,3
5330,82.20708559,376.5874545,1.914499261,3
5340,82.20709789,376.8620636,1.917496862,3
5350,82.20710999,377.1375562,1.920494464,3
5360,82.20712188,377.413935,1.923492065,3
5370,82.20713357,377.691203,1.926489667,3
5380,82.20714507,377.969363,1.929487268,3
5390,82.20715637,378.2484179,1.93248487,3
5400,82.20716749,378.5283708,1.935482471,3
5410,82.20717842,378.8092243,1.938480073,3
5420,82.20718917,379.0909816,1.941477674,3
5430,82.20719974,379.3736456,1.944475276,3
5440,82.20721013,379.6572192,1.947472877,3
5450,82.20722034,379.9417053,1.950470479,3
5460,82.20723039,380.2271069,1.95346808,3
5470,82.20724027,380.5134271,1.956465682,3
5480,82.20724998,380.8006687,1.959463283,3
5490,82.20725953,381.0888349,1.962460884,3
5500,82.20726892,381.3779286,1.965458486,3
5510,82.20727816,381.6679528,1.968456087,3
5520,82.20728724,381.9589105,1.971453689,3
5530,82.20729616,382.2508048,1.97445129,3
5540,82.20730494,382.5436388,1.977448892,3
5550,82.20731357,382.8374155,1.980446493,3
5560,82.20732206,383.1321379,1.983444095,3
5570,82.20733041,383.4278092,1.986441696,3
5580,82.20733861,383.7244324,1.989439298,3
5590,82.20734668,384.0220107,1.992436899,3
5600,82.20735461,384.3205471,1.995434501,3
5610,82.20736242,384.6200447,1.998432102,3
5620,82.20737009,384.9205067,2.001429704,3
5630,82.20737763,385.2219363,2.004427305,3
5640,82.20738504,385.5243365,2.007424907,3
5650,82.20739234,385.8277105,2.010422508,3
5660,82.20739951,386.1320615,2.013420109,3
5670,82.20740656,386.4373928,2.016417711,3
5680,82.20741349,386.7437073,2.019415312,3
5690,82.2074203,387.0510085,2.022412914,3
5700,82.20742701,387.3592994,2.025410515,3
5710,82.2074336,387.6685833,2.028408117,3
5720,82.20744008,387.9788635,2.031405718,3
5730,82.20744645,388.2901431,2.03440332,3
5740,82.20745271,388.6024255,2.037400921,3
5750,82.20745887,388.9157138,2.040398523,3
5760,82.20746493,389.2300114,2.043396124,3
5770,82.20747089,389.5453216,2.046393726,3
5780,82.20747674,389.8616476,2.049391327,3
5790,82.2074825,390.1789927,2.052388929,3
5800,82.20748816,390.4973603,2.05538653,3
5810,82.20749373,390.8167537,2.058384132,3
5820,82.2074992,391.1371762,2.061381733,3
5830,82.20750459,391.4586312,2.064379334,3
5840,82.20750988,391.7811221,2.067376936,3
5850,82.20751508,392.1046521,2.070374537,3
5860,82.2075202,392.4292247,2.073372139,3
5870,82.20752523,392.7548434,2.07636974,3
5880,82.20753018,393.0815114,2.079367342,3
5890,82.20753504,393.4092322,2.082364943,3
5900,82.20753983,393.7380092,2.085362545,3
5910,82.20754453,394.0678459,2.088360146,3
5920,82.20754916,394.3987458,2.091357748,3
5930,82.2075537,394.7307122,2.094355349,3
5940,82.20755817,395.0637486,2.097352951,3
5950,82.20756257,395.3978586,2.100350552,3
5960,82.20756689,395.7330456,2.103348154,3
5970,82.20757114,396.0693131,2.106345755,3
5980,82.20757532,396.4066646,2.109343357,3
5990,82.20757943,396.7451038,2.112340958,3
6000,82.20758347,397.084634,2.115338559,3
6010,82.20758745,397.4252589,2.118336161,3
6020,82.20759135,397.766982,2.121333762,3
6030,82.2075952,398.1098069,2.124331364,3
6040,82.20759897,398.4537372,2.127328965,3
6050,82.20760269,398.7987765,2.130326567,3
6060,82.20760634,399.1449284,2.133324168,3
6070,82.20760993,399.4921964,2.13632177,3
6080,82.20761346,399.8405844,2.139319371,3
6090,82.20761693,400.1900958,2.142316973,3
6100,82.20762035,400.5407343,2.145314574,3
6110,82.2076237,400.8925037,2.148312176,3
6120,82.207627,401.2454075,2.151309777,3
6130,82.20763025,401.5994495,2.154307379,3
6140,82.20763344,401.9546334,2.15730498,3
6150,82.20763658,402.3109629,2.160302582,3
6160,82.20763966,402.6684418,2.163300183,3
6170,82.2076427,403.0270737,2.166297784,3
6180,82.20764568,403.3868624,2.169295386,3
6190,82.20764861,403.7478117,2.172292987,3
6200,82.2076515,404.1099254,2.175290589,3
6210,82.20765433,404.4732072,2.17828819,3
6220,82.20765712,404.837661,2.181285792,3
6230,82.20765986,405.2032906,2.184283393,3
6240,82.20766256,405.5700997,2.187280995,3
6250,82.20766521,405.9380923,2.190278596,3
6260,82.20766782,406.3072722,2.193276198,3
6270,82.20767038,406.6776432,2.196273799,3
6280,82.2076729,407.0492092,2.199271401,3
6290,82.20767538,407.4219742,2.202269002,3
6300,82.20767781,407.795942,2.205266604,3
6310,82.20768021,408.1711165,2.208264205,3
6320,82.20768256,408.5475016,2.211261807,3
6330,82.20768488,408.9251014,2.214259408,3
6340,82.20768716,409.3039197,2.217257009,3
6350,82.2076894,409.6839605,2.220254611,3
6360,82.2076916,410.0652278,2.223252212,3
6370,82.20769376,410.4477256,2.226249814,3
6380,82.20769589,410.8314579,2.229247415,3
6390,82.20769799,411.2164287,2.232245017,3
6400,82.20770004,411.602642,2.235242618,3
6410,82.20770207,411.9901019,2.23824022,3
6420,82.20770406,412.3788124,2.241237821,3
6430,82.20770601,412.7687777,2.244235423,3
6440,82.20770794,413.1600017,2.247233024,3
6450,82.20770983,413.5524886,2.250230626,3
6460,82.20771169,413.9462426,2.253228227,3
6470,82.20771352,414.3412676,2.256225829,3
6480,82.20771532,414.7375679,2.25922343,3
6490,82.20771709,415.1351476,2.262221032,3
6500,82.20771882,415.5340109,2.265218633,3
6510,82.20772053,415.9341619,2.268216234,3
6520,82.20772222,416.3356048,2.271213836,3
6530,82.20772387,416.7383439,2.274211437,3
6540,82.20772549,417.1423834,2.277209039,3
6550,82.20772709,417.5477274,2.28020664,3
6560,82.20772866,417.9543803,2.283204242,3
6570,82.20773021,418.3623463,2.286201843,3
6580,82.20773173,418.7716296,2.289199445,3
6590,82.20773322,419.1822346,2.292197046,3
6600,82.20773469,419.5941656,2.295194648,3
6610,82.20773614,420.0074268,2.298192249,3
6620,82.20773756,420.4220227,2.301189851,3
6630,82.20773895,420.8379575,2.304187452,3
6640,82.20774033,421.2552356,2.307185054,3
6650,82.20774168,421.6738613,2.310182655,3
6660,82.207743,422.0938391,2.313180257,3
6670,82.20774431,422.5151734,2.316177858,3
6680,82.20774559,422.9378686,2.319175459,3
6690,82.20774685,423.361929,2.322173061,3
6700,82.20774809,423.7873592,2.325170662,3
6710,82.20774932,424.2141636,2.328168264,3
6720,82.20775051,424.6423467,2.331165865,3
6730,82.20775169,425.0719129,2.334163467,3
6740,82.20775285,425.5028668,2.337161068,3
6750,82.207754,425.9352129,2.34015867,3
6760,82.20775512,426.3689557,2.343156271,3
6770,82.20775622,426.8040998,2.346153873,3
6780,82.2077573,427.2406496,2.349151474,3
6790,82.20775837,427.6786099,2.352149076,3
6800,82.20775942,428.1179851,2.355146677,3
6810,82.20776045,428.5587799,2.358144279,3
6820,82.20776146,429.0009989,2.36114188,3
6830,82.20776246,429.4446468,2.364139482,3
6840,82.20776344,429.8897281,2.367137083,3
6850,82.2077644,430.3362476,2.370134684,3
6860,82.20776535,430.78421,2.373132286,3
6870,82.20776628,431.2336198,2.376129887,3
6880,82.2077672,431.684482,2.379127489,3
6890,82.2077681,432.136801,2.38212509,3
6900,82.20776898,432.5905818,2.385122692,3
6910,82.20776986,433.045829,2.388120293,3
6920,82.20777071,433.5025475,2.391117895,3
6930,82.20777155,433.960742,2.394115496,3
6940,82.20777238,434.4204174,2.397113098,3
6950,82.2077732,434.8815783,2.400110699,3
6960,82.207774,435.3442298,2.403108301,3
6970,82.20777478,435.8083766,2.406105902,3
6980,82.20777556,436.2740236,2.409103504,3
6990,82.20777632,436.7411757,2.412101105,3
7000,82.20777707,437.2098377,2.415098707,3
7010,82.2077778,437.6800147,2.418096308,3
7020,82.20777853,438.1517114,2.421093909,3
7030,82.20777924,438.624933,2.424091511,3
7040,82.20777994,439.0996842,2.427089112,3
7050,82.20778062,439.5759702,2.430086714,3
7060,82.2077813,440.0537959,2.433084315,3
7070,82.20778196,440.5331663,2.436081917,3
7080,82.20778262,441.0140864,2.439079518,3
7090,82.20778326,441.4965614,2.44207712,3
7100,82.20778389,441.9805961,2.445074721,3
7110,82.20778451,442.4661958,2.448072323,3
7120,82.20778513,442.9533655,2.451069924,3
7130,82.20778573,443.4421103,2.454067526,3
7140,82.20778632,443.9324354,2.457065127,3
7150,82.2077869,444.4243458,2.460062729,3
7160,82.20778747,444.9178468,2.46306033,3
7170,82.20778803,445.4129436,2.466057932,3
7180,82.20778858,445.9096412,2.469055533,3
7190,82.20778913,446.407945,2.472053134,3
7200,82.20778966,446.9078601,2.475050736,3
7210,82.20779019,447.4093919,2.478048337,3
7220,82.2077907,447.9125455,2.481045939,3
7230,82.20779121,448.4173262,2.48404354,3
7240,82.20779171,448.9237394,2.487041142,3
7250,82.2077922,449.4317903,2.490038743,3
7260,82.20779268,449.9414843,2.493036345,3
7270,82.20779316,450.4528267,2.496033946,3
7280,82.20779362,450.9658229,2.499031548,3
7290,82.20779408,451.4804783,2.502029149,3
7300,82.20779453,451.9967982,2.505026751,3
7310,82.20779498,452.5147882,2.508024352,3
7320,82.20779541,453.0344535,2.511021954,3
7330,82.20779584,453.5557997,2.514019555,3
7340,82.20779626,454.0788323,2.517017157,3
7350,82.20779668,454.6035567,2.520014758,3
7360,82.20779709,455.1299784,2.523012359,3
7370,82.20779749,455.658103,2.526009961,3
7380,82.20779788,456.187936,2.529007562,3
7390,82.20779827,456.719483,2.532005164,3
7400,82.20779865,457.2527495,2.535002765,3
7410,82.20779902,457.7877411,2.538000367,3
7420,82.20779939,458.3244635,2.540997968,3
7430,82.20779976,458.8629223,2.54399557,3
7440,82.20780011,459.4031231,2.546993171,3
7450,82.20780046,459.9450716,2.549990773,3
7460,82.20780081,460.4887735,2.552988374,3
7470,82.20780114,461.0342344,2.555985976,3
7480,82.20780148,461.5814602,2.558983577,3
7490,82.20780181,462.1304566,2.561981179,3
7500,82.20780213,462.6812293,2.56497878,3
7510,82.20780244,463.2337841,2.567976382,3
7520,82.20780275,463.7881268,2.570973983,3
7530,82.20780306,464.3442633,2.573971584,3
7540,82.20780336,464.9021992,2.576969186,3
7550,82.20780366,465.4619407,2.579966787,3
7560,82.20780395,466.0234934,2.582964389,3
7570,82.20780423,466.5868632,2.58596199,3
7580,82.20780452,467.1520562,2.588959592,3
7590,82.20780479,467.7190783,2.591957193,3
7600,82.20780506,468.2879353,2.594954795,3
7610,82.20780533,468.8586333,2.597952396,3
7620,82.2078056,469.4311782,2.600949998,3
7630,82.20780585,470.0055761,2.603947599,3
7640,82.20780611,470.5818329,2.606945201,3
7650,82.20780636,471.1599548,2.609942802,3
7660,82.2078066,471.7399479,2.612940404,3
7670,82.20780685,472.3218181,2.615938005,3
7680,82.20780708,472.9055716,2.618935607,3
7690,82.20780732,473.4912146,2.621933208,3
7700,82.20780755,474.0787531,2.62493081,3
7710,82.20780777,474.6681934,2.627928411,3
7720,82.20780799,475.2595417,2.630926012,3
7730,82.20780821,475.8528041,2.633923614,3
7740,82.20780843,476.4479868,2.636921215,3
7750,82.20780864,477.0450962,2.639918817,3
7760,82.20780885,477.6441386,2.642916418,3
7770,82.20780905,478.2451201,2.64591402,3
7780,82.20780925,478.8480471,2.648911621,3
7790,82.20780945,479.4529259,2.651909223,3
7800,82.20780964,480.0597629,2.654906824,3
7810,82.20780983,480.6685645,2.657904426,3
7820,82.20781002,481.279337,2.660902027,3
7830,82.20781021,481.8920869,2.663899629,3
7840,82.20781039,482.5068206,2.66689723,3
7850,82.20781057,483.1235445,2.669894832,3
7860,82.20781074,483.7422652,2.672892433,3
7870,82.20781091,484.3629891,2.675890035,3
7880,82.20781108,484.9857228,2.678887636,3
7890,82.20781125,485.6104727,2.681885237,3
7900,82.20781141,486.2372456,2.684882839,3
7910,82.20781158,486.8660478,2.68788044,3
7920,82.20781173,487.4968861,2.690878042,3
7930,82.20781189,488.129767,2.693875643,3
7940,82.20781204,488.7646973,2.696873245,3
7950,82.20781219,489.4016835,2.699870846,3
7960,82.20781234,490.0407324,2.702868448,3
7970,82.20781249,490.6818507,2.705866049,3
7980,82.20781263,491.3250451,2.708863651,3
7990,82.20781277,491.9703224,2.711861252,3
8000,82.20781291,492.6176894,2.714858854,3
0,76.9201058,306.13969,0.282282038,4
10,77.02644966,306.1863952,0.28521986,4
20,77.13103408,306.233242,0.288157682,4
30,77.23388818,306.2802309,0.291095504,4
40,77.33504057,306.3273624,0.294033326,4
50,77.43451942,306.3746368,0.296971149,4
60,77.53235242,306.4220548,0.299908971,4
70,77.62856679,306.4696167,0.302846793,4
80,77.72318931,306.517323,0.305784615,4
90,77.81624632,306.5651742,0.308722437,4
100,77.90776373,306.6131708,0.311660259,4
110,77.997767,306.6613131,0.314598081,4
120,78.08628118,306.7096017,0.317535903,4
130,78.17333092,306.758037,0.320473725,4
140,78.25894043,306.8066196,0.323411547,4
150,78.34313356,306.8553499,0.326349369,4
160,78.42593372,306.9042283,0.329287191,4
170,78.50736398,306.9532553,0.332225013,4
180,78.58744699,307.0024315,0.335162835,4
190,78.66620504,307.0517572,0.338100657,4
200,78.74366006,307.1012331,0.34103848,4
210,78.8198336,307.1508595,0.343976302,4
220,78.89474687,307.2006369,0.346914124,4
230,78.96842071,307.2505659,0.349851946,4
240,79.04087563,307.3006469,0.352789768,4
250,79.1121318,307.3508804,0.35572759,4
260,79.18220906,307.4012669,0.358665412,4
270,79.2511269,307.4518068,0.361603234,4
280,79.31890451,307.5025008,0.364541056,4
290,79.38556075,307.5533492,0.367478878,4
300,79.45111418,307.6043526,0.3704167,4
310,79.51558304,307.6555115,0.373354522,4
320,79.57898528,307.7068263,0.376292344,4
330,79.64133854,307.7582976,0.379230166,4
340,79.70266018,307.8099259,0.382167988,4
350,79.76296727,307.8617117,0.385105811,4
360,79.82227659,307.9136554,0.388043633,4
370,79.88060465,307.9657577,0.390981455,4
380,79.93796768,308.0180189,0.393919277,4
390,79.99438166,308.0704397,0.396857099,4
400,80.04986227,308.1230205,0.399794921,4
410,80.10442498,308.1757618,0.402732743,4
420,80.15808495,308.2286642,0.405670565,4
430,80.21085713,308.2817282,0.408608387,4
440,80.26275621,308.3349542,0.411546209,4
450,80.31379662,308.3883429,0.414484031,4
460,80.36399259,308.4418947,0.417421853,4
470,80.41335807,308.4956102,0.420359675,4
480,80.46190681,308.5494899,0.423297497,4
490,80.50965232,308.6035343,0.426235319,4
500,80.55660789,308.6577439,0.429173142,4
510,80.6027866,308.7121193,0.432110964,4
520,80.64820128,308.766661,0.435048786,4
530,80.69286459,308.8213696,0.437986608,4
540,80.73678896,308.8762455,0.44092443,4
550,80.7799866,308.9312894,0.443862252,4
560,80.82246955,308.9865017,0.446800074,4
570,80.86424963,309.041883,0.449737896,4
580,80.90533847,309.0974339,0.452675718,4
590,80.9457475,309.1531549,0.45561354,4
600,80.98548797,309.2090465,0.458551362,4
610,81.02457094,309.2651093,0.461489184,4
620,81.06300729,309.3213438,0.464427006,4
630,81.10080772,309.3777506,0.467364828,4
640,81.13798276,309.4343302,0.470302651,4
650,81.17454273,309.4910833,0.473240473,4
660,81.21049784,309.5480103,0.476178295,4
670,81.24585807,309.6051118,0.479116117,4
680,81.28063327,309.6623884,0.482053939,4
690,81.31483313,309.7198406,0.484991761,4
700,81.34846716,309.7774691,0.487929583,4
710,81.38154472,309.8352743,0.490867405,4
720,81.41407501,309.8932568,0.493805227,4
730,81.4460671,309.9514173,0.496743049,4
740,81.47752989,310.0097562,0.499680871,4
750,81.50847214,310.0682742,0.502618693,4
760,81.53890245,310.1269718,0.505556515,4
770,81.56882929,310.1858496,0.508494337,4
780,81.59826101,310.2449082,0.511432159,4
790,81.62720578,310.3041482,0.514369982,4
800,81.65567167,310.3635701,0.517307804,4
810,81.68366659,310.4231746,0.520245626,4
820,81.71119835,310.4829621,0.523183448,4
830,81.7382746,310.5429334,0.52612127,4
840,81.76490288,310.603089,0.529059092,4
850,81.79109059,310.6634295,0.531996914,4
860,81.81684504,310.7239555,0.534934736,4
870,81.84217339,310.7846675,0.537872558,4
880,81.86708268,310.8455663,0.54081038,4
890,81.89157986,310.9066523,0.543748202,4
900,81.91567173,310.9679262,0.546686024,4
910,81.93936501,311.0293886,0.549623846,4
920,81.96266629,311.0910401,0.552561668,4
930,81.98558205,311.1528813,0.55549949,4
940,82.00811868,311.2149128,0.558437313,4
950,82.03028245,311.2771352,0.561375135,4
960,82.05207952,311.3395492,0.564312957,4
970,82.07351596,311.4021553,0.567250779,4
980,82.09459774,311.4649542,0.570188601,4
990,82.11533072,311.5279465,0.573126423,4
1000,82.13572069,311.5911328,0.576064245,4
1010,82.1557733,311.6545138,0.579002067,4
1020,82.17549415,311.71809,0.581939889,4
1030,82.19488873,311.7818621,0.584877711,4
1040,82.21396242,311.8458307,0.587815533,4
1050,82.23272054,311.9099965,0.590753355,4
1060,82.25116832,311.97436,0.593691177,4
1070,82.26931088,312.038922,0.596628999,4
1080,82.28715327,312.1036831,0.599566821,4
1090,82.30470047,312.1686438,0.602504644,4
1100,82.32195735,312.2338049,0.605442466,4
1110,82.33892872,312.299167,0.608380288,4
1120,82.3556193,312.3647307,0.61131811,4
1130,82.37203374,312.4304967,0.614255932,4
1140,82.38817661,312.4964656,0.617193754,4
1150,82.40405239,312.5626381,0.620131576,4
1160,82.41966552,312.6290148,0.623069398,4
1170,82.43502033,312.6955965,0.62600722,4
1180,82.45012109,312.7623836,0.628945042,4
1190,82.46497202,312.829377,0.631882864,4
1200,82.47957724,312.8965773,0.634820686,4
1210,82.49394083,312.9639851,0.637758508,4
1220,82.50806677,313.0316012,0.64069633,4
1230,82.521959,313.0994261,0.643634153,4
1240,82.53562138,313.1674606,0.646571975,4
1250,82.54905772,313.2357052,0.649509797,4
1260,82.56227177,313.3041608,0.652447619,4
1270,82.57526719,313.372828,0.655385441,4
1280,82.5880476,313.4417074,0.658323263,4
1290,82.60061656,313.5107998,0.661261085,4
1300,82.61297757,313.5801058,0.664198907,4
1310,82.62513408,313.6496261,0.667136729,4
1320,82.63708945,313.7193614,0.670074551,4
1330,82.64884703,313.7893124,0.673012373,4
1340,82.66041008,313.8594798,0.675950195,4
1350,82.67178182,313.9298642,0.678888017,4
1360,82.68296542,314.0004665,0.681825839,4
1370,82.69396398,314.0712872,0.684763661,4
1380,82.70478058,314.1423271,0.687701484,4
1390,82.71541822,314.2135869,0.690639306,4
1400,82.72587987,314.2850673,0.693577128,4
1410,82.73616842,314.356769,0.69651495,4
1420,82.74628676,314.4286927,0.699452772,4
1430,82.75623769,314.5008391,0.702390594,4
1440,82.76602398,314.573209,0.705328416,4
1450,82.77564836,314.6458031,0.708266238,4
1460,82.78511351,314.718622,0.71120406,4
1470,82.79442206,314.7916665,0.714141882,4
1480,82.8035766,314.8649374,0.717079704,4
1490,82.81257968,314.9384353,0.720017526,4
1500,82.82143381,315.0121611,0.722955348,4
1510,82.83014145,315.0861153,0.72589317,4
1520,82.83870502,315.1602988,0.728830992,4
1530,82.84712691,315.2347123,0.731768815,4
1540,82.85540946,315.3093565,0.734706637,4
1550,82.86355498,315.3842322,0.737644459,4
1560,82.87156573,315.4593401,0.740582281,4
1570,82.87944395,315.534681,0.743520103,4
1580,82.88719182,315.6102556,0.746457925,4
1590,82.8948115,315.6860647,0.749395747,4
1600,82.90230512,315.762109,0.752333569,4
1610,82.90967476,315.8383892,0.755271391,4
1620,82.91692247,315.9149062,0.758209213,4
1630,82.92405027,315.9916607,0.761147035,4
1640,82.93106014,316.0686535,0.764084857,4
1650,82.93795403,316.1458852,0.767022679,4
1660,82.94473387,316.2233568,0.769960501,4
1670,82.95140153,316.301069,0.772898323,4
1680,82.95795888,316.3790224,0.775836146,4
1690,82.96440774,316.457218,0.778773968,4
1700,82.97074991,316.5356565,0.78171179,4
1710,82.97698714,316.6143387,0.784649612,4
1720,82.98312118,316.6932653,0.787587434,4
1730,82.98915374,316.7724371,0.790525256,4
1740,82.99508648,316.851855,0.793463078,4
1750,83.00092107,316.9315198,0.7964009,4
1760,83.00665913,317.0114321,0.799338722,4
1770,83.01230226,317.0915928,0.802276544,4
1780,83.01785202,317.1720028,0.805214366,4
1790,83.02330996,317.2526627,0.808152188,4
1800,83.0286776,317.3335735,0.81109001,4
1810,83.03395643,317.4147359,0.814027832,4
1820,83.03914792,317.4961508,0.816965655,4
1830,83.04425353,317.5778189,0.819903477,4
1840,83.04927466,317.659741,0.822841299,4
1850,83.05421272,317.741918,0.825779121,4
1860,83.05906908,317.8243507,0.828716943,4
1870,83.06384509,317.9070399,0.831654765,4
1880,83.06854209,317.9899865,0.834592587,4
1890,83.07316137,318.0731912,0.837530409,4
1900,83.07770423,318.156655,0.840468231,4
1910,83.08217193,318.2403785,0.843406053,4
1920,83.08656571,318.3243627,0.846343875,4
1930,83.09088679,318.4086085,0.849281697,4
1940,83.09513639,318.4931165,0.852219519,4
1950,83.09931568,318.5778878,0.855157341,4
1960,83.10342582,318.6629231,0.858095163,4
1970,83.10746796,318.7482233,0.861032986,4
1980,83.11144322,318.8337892,0.863970808,4
1990,83.11535271,318.9196217,0.86690863,4
2000,83.11919752,319.0057217,0.869846452,4
2010,83.12297872,319.0920899,0.872784274,4
2020,83.12669737,319.1787273,0.875722096,4
2030,83.13035448,319.2656348,0.878659918,4
2040,83.13395109,319.3528132,0.88159774,4
2050,83.1374882,319.4402633,0.884535562,4
2060,83.14096678,319.5279861,0.887473384,4
2070,83.14438782,319.6159824,0.890411206,4
2080,83.14775225,319.7042531,0.893349028,4
2090,83.15106102,319.7927991,0.89628685,4
2100,83.15431504,319.8816213,0.899224672,4
2110,83.15751523,319.9707205,0.902162494,4
2120,83.16066247,320.0600977,0.905100317,4
2130,83.16375764,320.1497537,0.908038139,4
2140,83.1668016,320.2396894,0.910975961,4
2150,83.16979521,320.3299058,0.913913783,4
2160,83.17273928,320.4204038,0.916851605,4
2170,83.17563464,320.5111841,0.919789427,4
2180,83.1784821,320.6022479,0.922727249,4
2190,83.18128245,320.6935959,0.925665071,4
2200,83.18403647,320.7852291,0.928602893,4
2210,83.18674492,320.8771483,0.931540715,4
2220,83.18940856,320.9693546,0.934478537,4
2230,83.19202814,321.0618489,0.937416359,4
2240,83.19460437,321.154632,0.940354181,4
2250,83.19713798,321.2477049,0.943292003,4
2260,83.19962967,321.3410685,0.946229825,4
2270,83.20208014,321.4347238,0.949167648,4
2280,83.20449006,321.5286716,0.95210547,4
2290,83.20686012,321.622913,0.955043292,4
2300,83.20919096,321.7174489,0.957981114,4
2310,83.21148324,321.8122803,0.960918936,4
2320,83.21373759,321.907408,0.963856758,4
2330,83.21595464,322.002833,0.96679458,4
2340,83.21813502,322.0985563,0.969732402,4
2350,83.22027932,322.1945789,0.972670224,4
2360,83.22238814,322.2909017,0.975608046,4
2370,83.22446207,322.3875256,0.978545868,4
2380,83.22650169,322.4844517,0.98148369,4
2390,83.22850757,322.5816809,0.984421512,4
2400,83.23048026,322.6792142,0.987359334,4
2410,83.23242031,322.7770526,0.990297157,4
2420,83.23432826,322.875197,0.993234979,4
2430,83.23620465,322.9736484,0.996172801,4
2440,83.23804999,323.0724078,0.999110623,4
2450,83.2398648,323.1714763,1.002048445,4
2460,83.24164959,323.2708548,1.004986267,4
2470,83.24340484,323.3705442,1.007924089,4
2480,83.24513106,323.4705457,1.010861911,4
2490,83.24682872,323.5708602,1.013799733,4
2500,83.24849829,323.6714886,1.016737555,4
2510,83.25014023,323.7724321,1.019675377,4
2520,83.25175501,323.8736916,1.022613199,4
2530,83.25334308,323.9752682,1.025551021,4
2540,83.25490487,324.0771628,1.028488843,4
2550,83.25644082,324.1793766,1.031426665,4
2560,83.25795136,324.2819104,1.034364488,4
2570,83.2594369,324.3847654,1.03730231,4
2580,83.26089787,324.4879425,1.040240132,4
2590,83.26233467,324.5914429,1.043177954,4
2600,83.2637477,324.6952675,1.046115776,4
2610,83.26513735,324.7994174,1.049053598,4
2620,83.266504,324.9038936,1.05199142,4
2630,83.26784805,325.0086973,1.054929242,4
2640,83.26916986,325.1138293,1.057867064,4
2650,83.2704698,325.2192909,1.060804886,4
2660,83.27174823,325.325083,1.063742708,4
2670,83.27300551,325.4312068,1.06668053,4
2680,83.27424199,325.5376632,1.069618352,4
2690,83.27545801,325.6444534,1.072556174,4
2700,83.27665391,325.7515784,1.075493996,4
2710,83.27783003,325.8590394,1.078431819,4
2720,83.27898669,325.9668373,1.081369641,4
2730,83.28012421,326.0749732,1.084307463,4
2740,83.28124292,326.1834484,1.087245285,4
2750,83.28234311,326.2922637,1.090183107,4
2760,83.2834251,326.4014205,1.093120929,4
2770,83.28448919,326.5109196,1.096058751,4
2780,83.28553567,326.6207623,1.098996573,4
2790,83.28656484,326.7309496,1.101934395,4
2800,83.28757699,326.8414827,1.104872217,4
2810,83.28857239,326.9523627,1.107810039,4
2820,83.28955131,327.0635906,1.110747861,4
2830,83.29051405,327.1751676,1.113685683,4
2840,83.29146085,327.2870948,1.116623505,4
2850,83.29239199,327.3993734,1.119561327,4
2860,83.29330773,327.5120045,1.12249915,4
2870,83.29420831,327.6249891,1.125436972,4
2880,83.29509399,327.7383286,1.128374794,4
2890,83.29596502,327.8520238,1.131312616,4
2900,83.29682164,327.9660762,1.134250438,4
2910,83.29766409,328.0804867,1.13718826,4
2920,83.2984926,328.1952565,1.140126082,4
2930,83.2993074,328.3103868,1.143063904,4
2940,83.30010872,328.4258788,1.146001726,4
2950,83.30089678,328.5417335,1.148939548,4
2960,83.30167181,328.6579523,1.15187737,4
2970,83.30243401,328.7745361,1.154815192,4
2980,83.3031836,328.8914863,1.157753014,4
2990,83.30392079,329.008804,1.160690836,4
3000,83.30464578,329.1264904,1.163628658,4
3010,83.30535878,329.2445466,1.166566481,4
3020,83.30605998,329.3629739,1.169504303,4
3030,83.30674958,329.4817734,1.172442125,4
3040,83.30742777,329.6009464,1.175379947,4
3050,83.30809474,329.720494,1.178317769,4
3060,83.30875068,329.8404174,1.181255591,4
3070,83.30939576,329.9607179,1.184193413,4
3080,83.31003017,330.0813967,1.187131235,4
3090,83.31065409,330.2024549,1.190069057,4
3100,83.31126768,330.3238939,1.193006879,4
3110,83.31187112,330.4457147,1.195944701,4
3120,83.31246457,330.5679188,1.198882523,4
3130,83.31304821,330.6905072,1.201820345,4
3140,83.31362219,330.8134812,1.204758167,4
3150,83.31418668,330.9368421,1.20769599,4
3160,83.31474182,331.0605911,1.210633812,4
3170,83.31528779,331.1847295,1.213571634,4
3180,83.31582471,331.3092585,1.216509456,4
3190,83.31635276,331.4341793,1.219447278,4
3200,83.31687207,331.5594932,1.2223851,4
3210,83.31738278,331.6852016,1.225322922,4
3220,83.31788505,331.8113056,1.228260744,4
3230,83.31837901,331.9378065,1.231198566,4
3240,83.31886479,332.0647056,1.234136388,4
3250,83.31934254,332.1920042,1.23707421,4
3260,83.31981238,332.3197036,1.240012032,4
3270,83.32027445,332.447805,1.242949854,4
3280,83.32072888,332.5763097,1.245887676,4
3290,83.32117578,332.7052191,1.248825498,4
3300,83.3216153,332.8345345,1.251763321,4
3310,83.32204754,332.9642571,1.254701143,4
3320,83.32247263,333.0943883,1.257638965,4
3330,83.32289068,333.2249293,1.260576787,4
3340,83.32330182,333.3558816,1.263514609,4
3350,83.32370616,333.4872463,1.266452431,4
3360,83.32410381,333.6190249,1.269390253,4
3370,83.32449488,333.7512186,1.272328075,4
3380,83.32487948,333.8838289,1.275265897,4
3390,83.32525771,334.016857,1.278203719,4
3400,83.32562969,334.1503043,1.281141541,4
3410,83.32599551,334.2841721,1.284079363,4
3420,83.32635529,334.4184619,1.287017185,4
3430,83.3267091,334.5531748,1.289955007,4
3440,83.32705707,334.6883124,1.292892829,4
3450,83.32739928,334.8238759,1.295830652,4
3460,83.32773582,334.9598668,1.298768474,4
3470,83.3280668,335.0962864,1.301706296,4
3480,83.3283923,335.2331361,1.304644118,4
3490,83.32871242,335.3704172,1.30758194,4
3500,83.32902724,335.5081313,1.310519762,4
3510,83.32933685,335.6462795,1.313457584,4
3520,83.32964134,335.7848635,1.316395406,4
3530,83.32994079,335.9238844,1.319333228,4
3540,83.33023529,336.0633439,1.32227105,4
3550,83.33052492,336.2032432,1.325208872,4
3560,83.33080975,336.3435837,1.328146694,4
3570,83.33108987,336.484367,1.331084516,4
3580,83.33136536,336.6255944,1.334022338,4
3590,83.33163628,336.7672674,1.33696016,4
3600,83.33190273,336.9093873,1.339897983,4
3610,83.33216477,337.0519557,1.342835805,4
3620,83.33242247,337.1949739,1.345773627,4
3630,83.33267591,337.3384434,1.348711449,4
3640,83.33292515,337.4823657,1.351649271,4
3650,83.33317028,337.6267422,1.354587093,4
3660,83.33341134,337.7715744,1.357524915,4
3670,83.33364842,337.9168637,1.360462737,4
3680,83.33388157,338.0626116,1.363400559,4
3690,83.33411087,338.2088196,1.366338381,4
3700,83.33433638,338.3554892,1.369276203,4
3710,83.33455815,338.5026218,1.372214025,4
3720,83.33477625,338.650219,1.375151847,4
3730,83.33499075,338.7982822,1.378089669,4
3740,83.3352017,338.9468129,1.381027492,4
3750,83.33540915,339.0958126,1.383965314,4
3760,83.33561318,339.2452829,1.386903136,4
3770,83.33581383,339.3952253,1.389840958,4
3780,83.33601116,339.5456412,1.39277878,4
3790,83.33620522,339.6965322,1.395716602,4
3800,83.33639607,339.8478998,1.398654424,4
3810,83.33658377,339.9997456,1.401592246,4
3820,83.33676836,340.1520711,1.404530068,4
3830,83.3369499,340.3048778,1.40746789,4
3840,83.33712843,340.4581673,1.410405712,4
3850,83.33730401,340.6119411,1.413343534,4
3860,83.33747668,340.7662008,1.416281356,4
3870,83.3376465,340.920948,1.419219178,4
3880,83.33781351,341.0761842,1.422157,4
3890,83.33797776,341.231911,1.425094823,4
3900,83.33813928,341.3881299,1.428032645,4
3910,83.33829814,341.5448426,1.430970467,4
3920,83.33845436,341.7020506,1.433908289,4
3930,83.33860801,341.8597556,1.436846111,4
3940,83.33875911,342.0179591,1.439783933,4
3950,83.33890771,342.1766627,1.442721755,4
3960,83.33905385,342.3358681,1.445659577,4
3970,83.33919757,342.4955768,1.448597399,4
3980,83.33933892,342.6557905,1.451535221,4
3990,83.33947793,342.8165108,1.454473043,4
4000,83.33961463,342.9777393,1.457410865,4
4010,83.33974908,343.1394777,1.460348687,4
4020,83.3398813,343.3017276,1.463286509,4
4030,83.34001133,343.4644906,1.466224331,4
4040,83.34013922,343.6277684,1.469162154,4
4050,83.34026498,343.7915626,1.472099976,4
4060,83.34038867,343.955875,1.475037798,4
4070,83.34051031,344.1207071,1.47797562,4
4080,83.34062994,344.2860607,1.480913442,4
4090,83.34074758,344.4519374,1.483851264,4
4100,83.34086328,344.6183389,1.486789086,4
4110,83.34097707,344.7852669,1.489726908,4
4120,83.34108898,344.9527231,1.49266473,4
4130,83.34119903,345.1207092,1.495602552,4
4140,83.34130726,345.2892268,1.498540374,4
4150,83.3414137,345.4582778,1.501478196,4
4160,83.34151838,345.6278637,1.504416018,4
4170,83.34162133,345.7979864,1.50735384,4
4180,83.34172258,345.9686476,1.510291662,4
4190,83.34182215,346.1398489,1.513229485,4
4200,83.34192007,346.3115921,1.516167307,4
4210,83.34201637,346.4838791,1.519105129,4
4220,83.34211108,346.6567114,1.522042951,4
4230,83.34220422,346.8300909,1.524980773,4
4240,83.34229583,347.0040193,1.527918595,4
4250,83.34238591,347.1784984,1.530856417,4
4260,83.34247451,347.35353,1.533794239,4
4270,83.34256164,347.5291158,1.536732061,4
4280,83.34264733,347.7052577,1.539669883,4
4290,83.3427316,347.8819573,1.542607705,4
4300,83.34281447,348.0592166,1.545545527,4
4310,83.34289598,348.2370372,1.548483349,4
4320,83.34297613,348.4154211,1.551421171,4
4330,83.34305496,348.59437,1.554358994,4
4340,83.34313249,348.7738857,1.557296816,4
4350,83.34320873,348.95397,1.560234638,4
4360,83.34328372,349.1346249,1.56317246,4
4370,83.34335746,349.315852,1.566110282,4
4380,83.34342998,349.4976534,1.569048104,4
4390,83.3435013,349.6800307,1.571985926,4
4400,83.34357144,349.8629859,1.574923748,4
4410,83.34364042,350.0465208,1.57786157,4
4420,83.34370826,350.2306373,1.580799392,4
4430,83.34377498,350.4153372,1.583737214,4
4440,83.34384059,350.6006225,1.586675036,4
4450,83.34390512,350.786495,1.589612858,4
4460,83.34396858,350.9729565,1.59255068,4
4470,83.34403099,351.1600091,1.595488502,4
4480,83.34409237,351.3476545,1.598426325,4
4490,83.34415273,351.5358948,1.601364147,4
4500,83.3442121,351.7247317,1.604301969,4
4510,83.34427048,351.9141673,1.607239791,4
4520,83.34432789,352.1042034,1.610177613,4
4530,83.34438436,352.294842,1.613115435,4
4540,83.34443989,352.486085,1.616053257,4
4550,83.3444945,352.6779344,1.618991079,4
4560,83.34454821,352.8703921,1.621928901,4
4570,83.34460103,353.0634601,1.624866723,4
4580,83.34465298,353.2571403,1.627804545,4
4590,83.34470407,353.4514347,1.630742367,4
4600,83.34475431,353.6463453,1.633680189,4
4610,83.34480372,353.841874,1.636618011,4
4620,83.34485231,354.0380228,1.639555833,4
4630,83.3449001,354.2347939,1.642493656,4
4640,83.3449471,354.432189,1.645431478,4
4650,83.34499332,354.6302103,1.6483693,4
4660,83.34503878,354.8288597,1.651307122,4
4670,83.34508348,355.0281393,1.654244944,4
4680,83.34512745,355.2280512,1.657182766,4
4690,83.34517069,355.4285972,1.660120588,4
4700,83.34521321,355.6297796,1.66305841,4
4710,83.34525503,355.8316002,1.665996232,4
4720,83.34529615,356.0340612,1.668934054,4
4730,83.3453366,356.2371647,1.671871876,4
4740,83.34537638,356.4409126,1.674809698,4
4750,83.3454155,356.6453072,1.67774752,4
4760,83.34545397,356.8503503,1.680685342,4
4770,83.3454918,357.0560443,1.683623164,4
4780,83.34552901,357.262391,1.686560987,4
4790,83.34556561,357.4693926,1.689498809,4
4800,83.34560159,357.6770513,1.692436631,4
4810,83.34563699,357.8853692,1.695374453,4
4820,83.34567179,358.0943483,1.698312275,4
4830,83.34570602,358.3039907,1.701250097,4
4840,83.34573969,358.5142988,1.704187919,4
4850,83.3457728,358.7252744,1.707125741,4
4860,83.34580536,358.9369199,1.710063563,4
4870,83.34583738,359.1492373,1.713001385,4
4880,83.34586887,359.3622289,1.715939207,4
4890,83.34589984,359.5758968,1.718877029,4
4900,83.3459303,359.7902431,1.721814851,4
4910,83.34596025,360.00527,1.724752673,4
4920,83.34598971,360.2209798,1.727690496,4
4930,83.34601868,360.4373747,1.730628318,4
4940,83.34604718,360.6544567,1.73356614,4
4950,83.3460752,360.8722282,1.736503962,4
4960,83.34610275,361.0906914,1.739441784,4
4970,83.34612985,361.3098484,1.742379606,4
4980,83.34615651,361.5297016,1.745317428,4
4990,83.34618272,361.7502531,1.74825525,4
5000,83.3462085,361.9715052,1.751193072,4
5010,83.34623385,362.1934602,1.754130894,4
5020,83.34625878,362.4161203,1.757068716,4
5030,83.3462833,362.6394877,1.760006538,4
5040,83.34630741,362.8635648,1.76294436,4
5050,83.34633113,363.0883538,1.765882182,4
5060,83.34635445,363.3138571,1.768820004,4
5070,83.34637739,363.5400769,1.771757827,4
5080,83.34639995,363.7670155,1.774695649,4
5090,83.34642213,363.9946752,1.777633471,4
5100,83.34644395,364.2230584,1.780571293,4
5110,83.3464654,364.4521673,1.783509115,4
5120,83.34648651,364.6820044,1.786446937,4
5130,83.34650726,364.9125719,1.789384759,4
5140,83.34652767,365.1438723,1.792322581,4
5150,83.34654774,365.3759078,1.795260403,4
5160,83.34656748,365.6086808,1.798198225,4
5170,83.34658689,365.8421937,1.801136047,4
5180,83.34660598,366.0764488,1.804073869,4
5190,83.34662475,366.3114487,1.807011691,4
5200,83.34664322,366.5471956,1.809949513,4
5210,83.34666138,366.7836919,1.812887335,4
5220,83.34667924,367.0209401,1.815825158,4
5230,83.3466968,367.2589426,1.81876298,4
5240,83.34671407,367.4977018,1.821700802,4
5250,83.34673106,367.7372201,1.824638624,4
5260,83.34674777,367.9775001,1.827576446,4
5270,83.3467642,368.218544,1.830514268,4
5280,83.34678035,368.4603544,1.83345209,4
5290,83.34679624,368.7029338,1.836389912,4
5300,83.34681187,368.9462846,1.839327734,4
5310,83.34682724,369.1904094,1.842265556,4
5320,83.34684235,369.4353105,1.845203378,4
5330,83.34685722,369.6809905,1.8481412,4
5340,83.34687184,369.9274518,1.851079022,4
5350,83.34688621,370.1746971,1.854016844,4
5360,83.34690035,370.4227289,1.856954666,4
5370,83.34691426,370.6715495,1.859892489,4
5380,83.34692793,370.9211617,1.862830311,4
5390,83.34694138,371.1715679,1.865768133,4
5400,83.34695461,371.4227707,1.868705955,4
5410,83.34696762,371.6747726,1.871643777,4
5420,83.34698041,371.9275763,1.874581599,4
5430,83.34699299,372.1811842,1.877519421,4
5440,83.34700536,372.4355991,1.880457243,4
5450,83.34701753,372.6908234,1.883395065,4
5460,83.3470295,372.9468598,1.886332887,4
5470,83.34704126,373.2037109,1.889270709,4
5480,83.34705284,373.4613793,1.892208531,4
5490,83.34706422,373.7198677,1.895146353,4
5500,83.34707541,373.9791786,1.898084175,4
5510,83.34708642,374.2393147,1.901021997,4
5520,83.34709725,374.5002787,1.90395982,4
5530,83.3471079,374.7620733,1.906897642,4
5540,83.34711837,375.024701,1.909835464,4
5550,83.34712866,375.2881647,1.912773286,4
5560,83.34713879,375.5524669,1.915711108,4
5570,83.34714875,375.8176104,1.91864893,4
5580,83.34715855,376.0835978,1.921586752,4
5590,83.34716818,376.350432,1.924524574,4
5600,83.34717766,376.6181155,1.927462396,4
5610,83.34718697,376.8866512,1.930400218,4
5620,83.34719614,377.1560418,1.93333804,4
5630,83.34720515,377.42629,1.936275862,4
5640,83.34721401,377.6973986,1.939213684,4
5650,83.34722272,377.9693703,1.942151506,4
5660,83.3472313,378.242208,1.945089329,4
5670,83.34723973,378.5159144,1.948027151,4
5680,83.34724802,378.7904923,1.950964973,4
5690,83.34725617,379.0659445,1.953902795,4
5700,83.34726419,379.3422738,1.956840617,4
5710,83.34727207,379.619483,1.959778439,4
5720,83.34727983,379.8975751,1.962716261,4
5730,83.34728745,380.1765527,1.965654083,4
5740,83.34729495,380.4564188,1.968591905,4
5750,83.34730233,380.7371762,1.971529727,4
5760,83.34730959,381.0188278,1.974467549,4
5770,83.34731672,381.3013764,1.977405371,4
5780,83.34732374,381.584825,1.980343193,4
5790,83.34733064,381.8691764,1.983281015,4
5800,83.34733742,382.1544335,1.986218837,4
5810,83.3473441,382.4405993,1.98915666,4
5820,83.34735066,382.7276766,1.992094482,4
5830,83.34735711,383.0156685,1.995032304,4
5840,83.34736346,383.3045777,1.997970126,4
5850,83.3473697,383.5944074,2.000907948,4
5860,83.34737584,383.8851604,2.00384577,4
5870,83.34738188,384.1768398,2.006783592,4
5880,83.34738782,384.4694484,2.009721414,4
5890,83.34739366,384.7629893,2.012659236,4
5900,83.3473994,385.0574655,2.015597058,4
5910,83.34740505,385.35288,2.01853488,4
5920,83.34741061,385.6492357,2.021472702,4
5930,83.34741607,385.9465359,2.024410524,4
5940,83.34742144,386.2447833,2.027348346,4
5950,83.34742673,386.5439812,2.030286168,4
5960,83.34743192,386.8441326,2.033223991,4
5970,83.34743703,387.1452405,2.036161813,4
5980,83.34744206,387.447308,2.039099635,4
5990,83.347447,387.7503382,2.042037457,4
6000,83.34745186,388.0543342,2.044975279,4
6010,83.34745664,388.3592991,2.047913101,4
6020,83.34746134,388.665236,2.050850923,4
6030,83.34746597,388.972148,2.053788745,4
6040,83.34747051,389.2800383,2.056726567,4
6050,83.34747499,389.5889101,2.059664389,4
6060,83.34747938,389.8987664,2.062602211,4
6070,83.34748371,390.2096104,2.065540033,4
6080,83.34748796,390.5214454,2.068477855,4
6090,83.34749215,390.8342744,2.071415677,4
6100,83.34749626,391.1481008,2.074353499,4
6110,83.34750031,391.4629277,2.077291322,4
6120,83.34750428,391.7787582,2.080229144,4
6130,83.3475082,392.0955958,2.083166966,4
6140,83.34751205,392.4134435,2.086104788,4
6150,83.34751583,392.7323046,2.08904261,4
6160,83.34751955,393.0521825,2.091980432,4
6170,83.34752321,393.3730803,2.094918254,4
6180,83.34752681,393.6950013,2.097856076,4
6190,83.34753035,394.0179489,2.100793898,4
6200,83.34753384,394.3419263,2.10373172,4
6210,83.34753726,394.6669369,2.106669542,4
6220,83.34754063,394.9929839,2.109607364,4
6230,83.34754394,395.3200707,2.112545186,4
6240,83.3475472,395.6482007,2.115483008,4
6250,83.3475504,395.9773771,2.118420831,4
6260,83.34755355,396.3076035,2.121358653,4
6270,83.34755665,396.638883,2.124296475,4
6280,83.34755969,396.9712192,2.127234297,4
6290,83.34756269,397.3046154,2.130172119,4
6300,83.34756564,397.639075,2.133109941,4
6310,83.34756853,397.9746014,2.136047763,4
6320,83.34757138,398.3111982,2.138985585,4
6330,83.34757419,398.6488686,2.141923407,4
6340,83.34757694,398.9876163,2.144861229,4
6350,83.34757966,399.3274445,2.147799051,4
6360,83.34758232,399.6683569,2.150736873,4
6370,83.34758494,400.0103569,2.153674695,4
6380,83.34758752,400.3534479,2.156612517,4
6390,83.34759006,400.6976336,2.159550339,4
6400,83.34759255,401.0429174,2.162488162,4
6410,83.347595,401.3893028,2.165425984,4
6420,83.34759742,401.7367934,2.168363806,4
6430,83.34759979,402.0853928,2.171301628,4
6440,83.34760212,402.4351044,2.17423945,4
6450,83.34760442,402.785932,2.177177272,4
6460,83.34760667,403.137879,2.180115094,4
6470,83.34760889,403.4909491,2.183052916,4
6480,83.34761107,403.8451459,2.185990738,4
6490,83.34761322,404.200473,2.18892856,4
6500,83.34761533,404.5569341,2.191866382,4
6510,83.34761741,404.9145327,2.194804204,4
6520,83.34761945,405.2732726,2.197742026,4
6530,83.34762146,405.6331574,2.200679848,4
6540,83.34762343,405.9941908,2.20361767,4
6550,83.34762537,406.3563765,2.206555493,4
6560,83.34762728,406.7197182,2.209493315,4
6570,83.34762916,407.0842196,2.212431137,4
6580,83.34763101,407.4498844,2.215368959,4
6590,83.34763282,407.8167164,2.218306781,4
6600,83.34763461,408.1847194,2.221244603,4
6610,83.34763637,408.553897,2.224182425,4
6620,83.3476381,408.9242531,2.227120247,4
6630,83.34763979,409.2957915,2.230058069,4
6640,83.34764147,409.668516,2.232995891,4
6650,83.34764311,410.0424303,2.235933713,4
6660,83.34764473,410.4175384,2.238871535,4
6670,83.34764631,410.7938439,2.241809357,4
6680,83.34764788,411.1713509,2.244747179,4
6690,83.34764942,411.5500632,2.247685001,4
6700,83.34765093,411.9299845,2.250622824,4
6710,83.34765241,412.3111189,2.253560646,4
6720,83.34765388,412.6934703,2.256498468,4
6730,83.34765531,413.0770424,2.25943629,4
6740,83.34765673,413.4618393,2.262374112,4
6750,83.34765812,413.8478649,2.265311934,4
6760,83.34765949,414.2351232,2.268249756,4
6770,83.34766083,414.623618,2.271187578,4
6780,83.34766216,415.0133535,2.2741254,4
6790,83.34766346,415.4043335,2.277063222,4
6800,83.34766474,415.7965621,2.280001044,4
6810,83.347666,416.1900434,2.282938866,4
6820,83.34766723,416.5847812,2.285876688,4
6830,83.34766845,416.9807797,2.28881451,4
6840,83.34766965,417.3780429,2.291752333,4
6850,83.34767082,417.7765748,2.294690155,4
6860,83.34767198,418.1763797,2.297627977,4
6870,83.34767312,418.5774615,2.300565799,4
6880,83.34767424,418.9798243,2.303503621,4
6890,83.34767534,419.3834724,2.306441443,4
6900,83.34767642,419.7884097,2.309379265,4
6910,83.34767749,420.1946405,2.312317087,4
6920,83.34767854,420.6021689,2.315254909,4
6930,83.34767957,421.0109991,2.318192731,4
6940,83.34768058,421.4211353,2.321130553,4
6950,83.34768158,421.8325816,2.324068375,4
6960,83.34768256,422.2453423,2.327006197,4
6970,83.34768352,422.6594217,2.329944019,4
6980,83.34768447,423.0748239,2.332881841,4
6990,83.3476854,423.4915531,2.335819664,4
7000,83.34768632,423.9096138,2.338757486,4
7010,83.34768722,424.3290101,2.341695308,4
7020,83.3476881,424.7497464,2.34463313,4
7030,83.34768898,425.1718269,2.347570952,4
7040,83.34768983,425.595256,2.350508774,4
7050,83.34769068,426.020038,2.353446596,4
7060,83.34769151,426.4461772,2.356384418,4
7070,83.34769232,426.8736781,2.35932224,4
7080,83.34769312,427.302545,2.362260062,4
7090,83.34769391,427.7327823,2.365197884,4
7100,83.34769469,428.1643944,2.368135706,4
7110,83.34769545,428.5973857,2.371073528,4
7120,83.3476962,429.0317607,2.37401135,4
7130,83.34769694,429.4675238,2.376949172,4
7140,83.34769766,429.9046795,2.379886995,4
7150,83.34769838,430.3432322,2.382824817,4
7160,83.34769908,430.7831864,2.385762639,4
7170,83.34769977,431.2245467,2.388700461,4
7180,83.34770045,431.6673176,2.391638283,4
7190,83.34770112,432.1115035,2.394576105,4
7200,83.34770177,432.5571092,2.397513927,4
7210,83.34770242,433.004139,2.400451749,4
7220,83.34770305,433.4525976,2.403389571,4
7230,83.34770368,433.9024896,2.406327393,4
7240,83.34770429,434.3538197,2.409265215,4
7250,83.3477049,434.8065923,2.412203037,4
7260,83.34770549,435.2608122,2.415140859,4
7270,83.34770607,435.716484,2.418078681,4
7280,83.34770665,436.1736125,2.421016503,4
7290,83.34770721,436.6322021,2.423954326,4
7300,83.34770777,437.0922578,2.426892148,4
7310,83.34770832,437.5537841,2.42982997,4
7320,83.34770885,438.0167858,2.432767792,4
7330,83.34770938,438.4812677,2.435705614,4
7340,83.3477099,438.9472345,2.438643436,4
7350,83.34771041,439.414691,2.441581258,4
7360,83.34771092,439.8836419,2.44451908,4
7370,83.34771141,440.3540922,2.447456902,4
7380,83.3477119,440.8260465,2.450394724,4
7390,83.34771237,441.2995098,2.453332546,4
7400,83.34771284,441.7744869,2.456270368,4
7410,83.34771331,442.2509826,2.45920819,4
7420,83.34771376,442.7290018,2.462146012,4
7430,83.34771421,443.2085495,2.465083835,4
7440,83.34771465,443.6896306,2.468021657,4
7450,83.34771508,444.1722499,2.470959479,4
7460,83.34771551,444.6564125,2.473897301,4
7470,83.34771593,445.1421233,2.476835123,4
7480,83.34771634,445.6293872,2.479772945,4
7490,83.34771674,446.1182093,2.482710767,4
7500,83.34771714,446.6085946,2.485648589,4
7510,83.34771753,447.100548,2.488586411,4
7520,83.34771792,447.5940747,2.491524233,4
7530,83.3477183,448.0891797,2.494462055,4
7540,83.34771867,448.5858681,2.497399877,4
7550,83.34771903,449.084145,2.500337699,4
7560,83.34771939,449.5840154,2.503275521,4
7570,83.34771975,450.0854845,2.506213343,4
7580,83.3477201,450.5885575,2.509151166,4
7590,83.34772044,451.0932394,2.512088988,4
7600,83.34772078,451.5995356,2.51502681,4
7610,83.34772111,452.107451,2.517964632,4
7620,83.34772143,452.6169911,2.520902454,4
7630,83.34772175,453.1281609,2.523840276,4
7640,83.34772207,453.6409658,2.526778098,4
7650,83.34772238,454.1554109,2.52971592,4
7660,83.34772268,454.6715016,2.532653742,4
7670,83.34772298,455.1892432,2.535591564,4
7680,83.34772328,455.7086409,2.538529386,4
7690,83.34772357,456.2297001,2.541467208,4
7700,83.34772385,456.7524262,2.54440503,4
7710,83.34772413,457.2768244,2.547342852,4
7720,83.34772441,457.8029002,2.550280674,4
7730,83.34772468,458.3306589,2.553218497,4
7740,83.34772495,458.860106,2.556156319,4
7750,83.34772521,459.3912469,2.559094141,4
7760,83.34772547,459.9240871,2.562031963,4
7770,83.34772572,460.4586319,2.564969785,4
7780,83.34772597,460.994887,2.567907607,4
7790,83.34772622,461.5328577,2.570845429,4
7800,83.34772646,462.0725496,2.573783251,4
7810,83.34772669,462.6139683,2.576721073,4
7820,83.34772693,463.1571193,2.579658895,4
7830,83.34772716,463.7020081,2.582596717,4
7840,83.34772738,464.2486404,2.585534539,4
7850,83.3477276,464.7970217,2.588472361,4
7860,83.34772782,465.3471577,2.591410183,4
7870,83.34772804,465.899054,2.594348005,4
7880,83.34772825,466.4527163,2.597285828,4
7890,83.34772846,467.0081502,2.60022365,4
7900,83.34772866,467.5653615,2.603161472,4
7910,83.34772886,468.1243559,2.606099294,4
7920,83.34772906,468.6851391,2.609037116,4
7930,83.34772925,469.2477168,2.611974938,4
7940,83.34772944,469.8120949,2.61491276,4
7950,83.34772963,470.378279,2.617850582,4
7960,83.34772982,470.9462751,2.620788404,4
7970,83.34773,471.516089,2.623726226,4
7980,83.34773018,472.0877264,2.626664048,4
7990,83.34773035,472.6611933,2.62960187,4
8000,83.34773053,473.2364955,2.632539692,4
0,75.63608938,300.9246437,0.289246295,5
10,75.75621776,300.9718959,0.291884258,5
20,75.87386052,301.0192988,0.294522221,5
30,75.9890691,301.0668529,0.297160184,5
40,76.10189386,301.1145587,0.299798147,5
50,76.21238412,301.1624167,0.30243611,5
60,76.32058819,301.2104274,0.305074073,5
70,76.42655338,301.2585914,0.307712035,5
80,76.530326,301.3069091,0.310349998,5
90,76.63195143,301.3553811,0.312987961,5
100,76.73147409,301.4040079,0.315625924,5
110,76.8289375,301.4527901,0.318263887,5
120,76.92438426,301.5017281,0.32090185,5
130,77.01785609,301.5508225,0.323539813,5
140,77.10939387,301.6000738,0.326177776,5
150,77.19903761,301.6494825,0.328815738,5
160,77.28682651,301.6990492,0.331453701,5
170,77.37279893,301.7487744,0.334091664,5
180,77.45699247,301.7986587,0.336729627,5
190,77.53944393,301.8487025,0.33936759,5
200,77.62018936,301.8989064,0.342005553,5
210,77.69926406,301.949271,0.344643516,5
220,77.7767026,301.9997968,0.347281478,5
230,77.85253883,302.0504844,0.349919441,5
240,77.9268059,302.1013343,0.352557404,5
250,77.9995363,302.1523469,0.355195367,5
260,78.0707618,302.203523,0.35783333,5
270,78.14051355,302.2548631,0.360471293,5
280,78.20882205,302.3063676,0.363109256,5
290,78.27571715,302.3580372,0.365747218,5
300,78.34122811,302.4098724,0.368385181,5
310,78.40538355,302.4618737,0.371023144,5
320,78.46821153,302.5140419,0.373661107,5
330,78.52973952,302.5663773,0.37629907,5
340,78.58999441,302.6188805,0.378937033,5
350,78.64900254,302.6715522,0.381574996,5
360,78.70678972,302.7243929,0.384212959,5
370,78.76338121,302.7774032,0.386850921,5
380,78.81880174,302.8305836,0.389488884,5
390,78.87307555,302.8839347,0.392126847,5
400,78.92622636,302.9374572,0.39476481,5
410,78.9782774,302.9911515,0.397402773,5
420,79.02925144,303.0450183,0.400040736,5
430,79.07917077,303.0990581,0.402678699,5
440,79.12805719,303.1532715,0.405316661,5
450,79.17593209,303.2076591,0.407954624,5
460,79.22281639,303.2622216,0.410592587,5
470,79.26873059,303.3169594,0.41323055,5
480,79.31369477,303.3718732,0.415868513,5
490,79.35772858,303.4269636,0.418506476,5
500,79.40085127,303.4822312,0.421144439,5
510,79.44308169,303.5376765,0.423782402,5
520,79.48443831,303.5933002,0.426420364,5
530,79.52493921,303.6491029,0.429058327,5
540,79.56460209,303.7050852,0.43169629,5
550,79.60344429,303.7612477,0.434334253,5
560,79.64148279,303.817591,0.436972216,5
570,79.67873423,303.8741156,0.439610179,5
580,79.71521488,303.9308223,0.442248142,5
590,79.7509407,303.9877117,0.444886104,5
600,79.7859273,304.0447843,0.447524067,5
610,79.82018999,304.1020408,0.45016203,5
620,79.85374374,304.1594817,0.452799993,5
630,79.88660321,304.2171078,0.455437956,5
640,79.91878278,304.2749197,0.458075919,5
650,79.9502965,304.3329179,0.460713882,5
660,79.98115817,304.3911031,0.463351845,5
670,80.01138127,304.4494759,0.465989807,5
680,80.04097901,304.5080371,0.46862777,5
690,80.06996434,304.5667871,0.471265733,5
700,80.09834992,304.6257267,0.473903696,5
710,80.12614816,304.6848564,0.476541659,5
720,80.15337122,304.744177,0.479179622,5
730,80.180031,304.8036891,0.481817585,5
740,80.20613915,304.8633933,0.484455547,5
750,80.23170709,304.9232902,0.48709351,5
760,80.256746,304.9833806,0.489731473,5
770,80.28126682,305.0436651,0.492369436,5
780,80.30528027,305.1041442,0.495007399,5
790,80.32879685,305.1648188,0.497645362,5
800,80.35182683,305.2256894,0.500283325,5
810,80.3743803,305.2867568,0.502921288,5
820,80.39646711,305.3480215,0.50555925,5
830,80.41809691,305.4094843,0.508197213,5
840,80.43927916,305.4711457,0.510835176,5
850,80.46002312,305.5330066,0.513473139,5
860,80.48033787,305.5950675,0.516111102,5
870,80.50023227,305.6573292,0.518749065,5
880,80.51971503,305.7197923,0.521387028,5
890,80.53879467,305.7824574,0.52402499,5
900,80.55747952,305.8453254,0.526662953,5
910,80.57577776,305.9083968,0.529300916,5
920,80.59369738,305.9716724,0.531938879,5
930,80.61124622,306.0351528,0.534576842,5
940,80.62843196,306.0988387,0.537214805,5
950,80.6452621,306.1627309,0.539852768,5
960,80.661744,306.22683,0.542490731,5
970,80.67788486,306.2911367,0.545128693,5
980,80.69369176,306.3556517,0.547766656,5
990,80.70917158,306.4203758,0.550404619,5
1000,80.72433111,306.4853096,0.553042582,5
1010,80.73917696,306.5504539,0.555680545,5
1020,80.75371564,306.6158093,0.558318508,5
1030,80.76795349,306.6813766,0.560956471,5
1040,80.78189674,306.7471565,0.563594433,5
1050,80.79555149,306.8131497,0.566232396,5
1060,80.8089237,306.8793569,0.568870359,5
1070,80.82201922,306.9457789,0.571508322,5
1080,80.83484378,307.0124163,0.574146285,5
1090,80.84740298,307.07927,0.576784248,5
1100,80.85970232,307.1463406,0.579422211,5
1110,80.87174716,307.2136288,0.582060174,5
1120,80.88354278,307.2811355,0.584698136,5
1130,80.89509434,307.3488613,0.587336099,5
1140,80.90640688,307.416807,0.589974062,5
1150,80.91748534,307.4849733,0.592612025,5
1160,80.92833458,307.553361,0.595249988,5
1170,80.93895933,307.6219708,0.597887951,5
1180,80.94936424,307.6908035,0.600525914,5
1190,80.95955386,307.7598598,0.603163876,5
1200,80.96953264,307.8291405,0.605801839,5
1210,80.97930495,307.8986463,0.608439802,5
1220,80.98887506,307.9683781,0.611077765,5
1230,80.99824715,308.0383365,0.613715728,5
1240,81.00742532,308.1085223,0.616353691,5
1250,81.01641357,308.1789363,0.618991654,5
1260,81.02521585,308.2495793,0.621629617,5
1270,81.033836,308.3204521,0.624267579,5
1280,81.04227779,308.3915554,0.626905542,5
1290,81.0505449,308.4628899,0.629543505,5
1300,81.05864096,308.5344566,0.632181468,5
1310,81.0665695,308.6062561,0.634819431,5
1320,81.07433399,308.6782893,0.637457394,5
1330,81.08193781,308.7505569,0.640095357,5
1340,81.08938431,308.8230597,0.642733319,5
1350,81.09667673,308.8957986,0.645371282,5
1360,81.10381826,308.9687743,0.648009245,5
1370,81.11081202,309.0419877,0.650647208,5
1380,81.11766107,309.1154394,0.653285171,5
1390,81.1243684,309.1891304,0.655923134,5
1400,81.13093695,309.2630615,0.658561097,5
1410,81.13736959,309.3372334,0.66119906,5
1420,81.14366913,309.411647,0.663837022,5
1430,81.14983832,309.4863031,0.666474985,5
1440,81.15587986,309.5612025,0.669112948,5
1450,81.1617964,309.636346,0.671750911,5
1460,81.16759051,309.7117345,0.674388874,5
1470,81.17326474,309.7873688,0.677026837,5
1480,81.17882156,309.8632496,0.6796648,5
1490,81.1842634,309.939378,0.682302762,5
1500,81.18959264,310.0157546,0.684940725,5
1510,81.19481161,310.0923803,0.687578688,5
1520,81.1999226,310.169256,0.690216651,5
1530,81.20492783,310.2463826,0.692854614,5
1540,81.2098295,310.3237607,0.695492577,5
1550,81.21462975,310.4013914,0.69813054,5
1560,81.21933067,310.4792755,0.700768503,5
1570,81.22393432,310.5574138,0.703406465,5
1580,81.22844272,310.6358071,0.706044428,5
1590,81.23285783,310.7144564,0.708682391,5
1600,81.23718159,310.7933625,0.711320354,5
1610,81.24141589,310.8725263,0.713958317,5
1620,81.24556257,310.9519487,0.71659628,5
1630,81.24962345,311.0316304,0.719234243,5
1640,81.2536003,311.1115725,0.721872205,5
1650,81.25749487,311.1917757,0.724510168,5
1660,81.26130886,311.272241,0.727148131,5
1670,81.26504393,311.3529692,0.729786094,5
1680,81.26870171,311.4339613,0.732424057,5
1690,81.27228381,311.5152181,0.73506202,5
1700,81.2757918,311.5967405,0.737699983,5
1710,81.27922719,311.6785294,0.740337945,5
1720,81.28259151,311.7605858,0.742975908,5
1730,81.28588621,311.8429104,0.745613871,5
1740,81.28911274,311.9255043,0.748251834,5
1750,81.29227251,312.0083684,0.750889797,5
1760,81.2953669,312.0915035,0.75352776,5
1770,81.29839726,312.1749106,0.756165723,5
1780,81.30136492,312.2585905,0.758803686,5
1790,81.30427118,312.3425443,0.761441648,5
1800,81.3071173,312.4267728,0.764079611,5
1810,81.30990453,312.511277,0.766717574,5
1820,81.31263409,312.5960577,0.769355537,5
1830,81.31530717,312.6811161,0.7719935,5
1840,81.31792494,312.7664528,0.774631463,5
1850,81.32048855,312.852069,0.777269426,5
1860,81.32299911,312.9379656,0.779907388,5
1870,81.32545772,313.0241434,0.782545351,5
1880,81.32786547,313.1106035,0.785183314,5
1890,81.33022339,313.1973469,0.787821277,5
1900,81.33253253,313.2843743,0.79045924,5
1910,81.33479388,313.3716869,0.793097203,5
1920,81.33700845,313.4592856,0.795735166,5
1930,81.33917719,313.5471714,0.798373129,5
1940,81.34130106,313.6353452,0.801011091,5
1950,81.34338098,313.723808,0.803649054,5
1960,81.34541787,313.8125608,0.806287017,5
1970,81.34741261,313.9016045,0.80892498,5
1980,81.34936608,313.9909402,0.811562943,5
1990,81.35127913,314.0805688,0.814200906,5
2000,81.35315259,314.1704913,0.816838869,5
2010,81.35498729,314.2607087,0.819476831,5
2020,81.35678403,314.3512221,0.822114794,5
2030,81.35854359,314.4420323,0.824752757,5
2040,81.36026674,314.5331405,0.82739072,5
2050,81.36195424,314.6245476,0.830028683,5
2060,81.36360682,314.7162546,0.832666646,5
2070,81.3652252,314.8082626,0.835304609,5
2080,81.36681011,314.9005725,0.837942572,5
2090,81.36836221,314.9931854,0.840580534,5
2100,81.3698822,315.0861023,0.843218497,5
2110,81.37137075,315.1793243,0.84585646,5
2120,81.37282849,315.2728523,0.848494423,5
2130,81.37425607,315.3666874,0.851132386,5
2140,81.37565411,315.4608307,0.853770349,5
2150,81.37702322,315.5552831,0.856408312,5
2160,81.378364,315.6500458,0.859046274,5
2170,81.37967704,315.7451197,0.861684237,5
2180,81.38096292,315.840506,0.8643222,5
2190,81.38222218,315.9362056,0.866960163,5
2200,81.38345539,316.0322197,0.869598126,5
2210,81.38466309,316.1285493,0.872236089,5
2220,81.38584579,316.2251954,0.874874052,5
2230,81.38700403,316.3221593,0.877512015,5
2240,81.38813829,316.4194418,0.880149977,5
2250,81.38924909,316.5170441,0.88278794,5
2260,81.39033691,316.6149673,0.885425903,5
2270,81.39140221,316.7132124,0.888063866,5
2280,81.39244548,316.8117806,0.890701829,5
2290,81.39346715,316.9106729,0.893339792,5
2300,81.39446769,317.0098905,0.895977755,5
2310,81.39544752,317.1094343,0.898615717,5
2320,81.39640708,317.2093057,0.90125368,5
2330,81.39734679,317.3095055,0.903891643,5
2340,81.39826705,317.410035,0.906529606,5
2350,81.39916827,317.5108953,0.909167569,5
2360,81.40005085,317.6120875,0.911805532,5
2370,81.40091516,317.7136127,0.914443495,5
2380,81.40176159,317.815472,0.917081458,5
2390,81.4025905,317.9176666,0.91971942,5
2400,81.40340226,318.0201975,0.922357383,5
2410,81.40419723,318.123066,0.924995346,5
2420,81.40497575,318.2262732,0.927633309,5
2430,81.40573816,318.3298202,0.930271272,5
2440,81.40648479,318.4337082,0.932909235,5
2450,81.40721597,318.5379382,0.935547198,5
2460,81.40793203,318.6425116,0.93818516,5
2470,81.40863327,318.7474294,0.940823123,5
2480,81.40932,318.8526928,0.943461086,5
2490,81.40999252,318.9583029,0.946099049,5
2500,81.41065112,319.0642611,0.948737012,5
2510,81.4112961,319.1705683,0.951374975,5
2520,81.41192773,319.2772258,0.954012938,5
2530,81.4125463,319.3842348,0.956650901,5
2540,81.41315206,319.4915965,0.959288863,5
2550,81.41374529,319.599312,0.961926826,5
2560,81.41432625,319.7073826,0.964564789,5
2570,81.41489518,319.8158094,0.967202752,5
2580,81.41545234,319.9245937,0.969840715,5
2590,81.41599798,320.0337367,0.972478678,5
2600,81.41653232,320.1432396,0.975116641,5
2610,81.41705561,320.2531036,0.977754603,5
2620,81.41756807,320.3633298,0.980392566,5
2630,81.41806993,320.4739197,0.983030529,5
2640,81.4185614,320.5848743,0.985668492,5
2650,81.4190427,320.6961949,0.988306455,5
2660,81.41951405,320.8078827,0.990944418,5
2670,81.41997564,320.9199391,0.993582381,5
2680,81.42042768,321.0323651,0.996220344,5
2690,81.42087037,321.1451622,0.998858306,5
2700,81.4213039,321.2583315,1.001496269,5
2710,81.42172845,321.3718743,1.004134232,5
2720,81.42214423,321.4857918,1.006772195,5
2730,81.4225514,321.6000854,1.009410158,5
2740,81.42295014,321.7147562,1.012048121,5
2750,81.42334064,321.8298056,1.014686084,5
2760,81.42372305,321.9452349,1.017324046,5
2770,81.42409755,322.0610453,1.019962009,5
2780,81.42446431,322.1772381,1.022599972,5
2790,81.42482347,322.2938147,1.025237935,5
2800,81.4251752,322.4107762,1.027875898,5
2810,81.42551966,322.5281241,1.030513861,5
2820,81.42585699,322.6458595,1.033151824,5
2830,81.42618734,322.7639839,1.035789787,5
2840,81.42651085,322.8824986,1.038427749,5
2850,81.42682767,323.0014048,1.041065712,5
2860,81.42713793,323.1207039,1.043703675,5
2870,81.42744177,323.2403972,1.046341638,5
2880,81.42773933,323.3604861,1.048979601,5
2890,81.42803073,323.4809718,1.051617564,5
2900,81.4283161,323.6018558,1.054255527,5
2910,81.42859557,323.7231393,1.056893489,5
2920,81.42886925,323.8448237,1.059531452,5
2930,81.42913727,323.9669105,1.062169415,5
2940,81.42939974,324.0894009,1.064807378,5
2950,81.42965679,324.2122962,1.067445341,5
2960,81.42990851,324.335598,1.070083304,5
2970,81.43015503,324.4593074,1.072721267,5
2980,81.43039645,324.5834261,1.07535923,5
2990,81.43063287,324.7079552,1.077997192,5
3000,81.4308644,324.8328962,1.080635155,5
3010,81.43109113,324.9582505,1.083273118,5
3020,81.43131318,325.0840194,1.085911081,5
3030,81.43153063,325.2102045,1.088549044,5
3040,81.43174358,325.336807,1.091187007,5
3050,81.43195213,325.4638285,1.09382497,5
3060,81.43215636,325.5912702,1.096462932,5
3070,81.43235637,325.7191337,1.099100895,5
3080,81.43255224,325.8474204,1.101738858,5
3090,81.43274405,325.9761317,1.104376821,5
3100,81.4329319,326.105269,1.107014784,5
3110,81.43311585,326.2348337,1.109652747,5
3120,81.43329601,326.3648274,1.11229071,5
3130,81.43347243,326.4952514,1.114928672,5
3140,81.43364521,326.6261073,1.117566635,5
3150,81.43381441,326.7573964,1.120204598,5
3160,81.4339801,326.8891203,1.122842561,5
3170,81.43414237,327.0212804,1.125480524,5
3180,81.43430129,327.1538782,1.128118487,5
3190,81.43445691,327.2869151,1.13075645,5
3200,81.43460931,327.4203927,1.133394413,5
3210,81.43475857,327.5543125,1.136032375,5
3220,81.43490473,327.6886759,1.138670338,5
3230,81.43504787,327.8234844,1.141308301,5
3240,81.43518804,327.9587395,1.143946264,5
3250,81.43532532,328.0944428,1.146584227,5
3260,81.43545975,328.2305958,1.14922219,5
3270,81.43559141,328.3672,1.151860153,5
3280,81.43572034,328.5042568,1.154498115,5
3290,81.4358466,328.6417679,1.157136078,5
3300,81.43597025,328.7797348,1.159774041,5
3310,81.43609134,328.918159,1.162412004,5
3320,81.43620993,329.0570421,1.165049967,5
3330,81.43632606,329.1963856,1.16768793,5
3340,81.43643979,329.336191,1.170325893,5
3350,81.43655116,329.47646,1.172963856,5
3360,81.43666023,329.6171941,1.175601818,5
3370,81.43676705,329.7583948,1.178239781,5
3380,81.43687165,329.9000638,1.180877744,5
3390,81.43697409,330.0422026,1.183515707,5
3400,81.43707441,330.1848129,1.18615367,5
3410,81.43717266,330.3278961,1.188791633,5
3420,81.43726887,330.471454,1.191429596,5
3430,81.43736309,330.6154881,1.194067558,5
3440,81.43745536,330.76,1.196705521,5
3450,81.43754572,330.9049913,1.199343484,5
3460,81.43763422,331.0504637,1.201981447,5
3470,81.43772088,331.1964188,1.20461941,5
3480,81.43780575,331.3428583,1.207257373,5
3490,81.43788886,331.4897836,1.209895336,5
3500,81.43797025,331.6371966,1.212533299,5
3510,81.43804996,331.7850988,1.215171261,5
3520,81.43812802,331.9334919,1.217809224,5
3530,81.43820446,332.0823776,1.220447187,5
3540,81.43827933,332.2317575,1.22308515,5
3550,81.43835264,332.3816334,1.225723113,5
3560,81.43842443,332.5320067,1.228361076,5
3570,81.43849475,332.6828794,1.230999039,5
3580,81.4385636,332.8342529,1.233637001,5
3590,81.43863103,332.9861292,1.236274964,5
3600,81.43869707,333.1385097,1.238912927,5
3610,81.43876174,333.2913963,1.24155089,5
3620,81.43882507,333.4447906,1.244188853,5
3630,81.43888709,333.5986944,1.246826816,5
3640,81.43894783,333.7531094,1.249464779,5
3650,81.43900731,333.9080373,1.252102742,5
3660,81.43906556,334.0634799,1.254740704,5
3670,81.43912261,334.2194388,1.257378667,5
3680,81.43917847,334.3759159,1.26001663,5
3690,81.43923318,334.5329129,1.262654593,5
3700,81.43928676,334.6904315,1.265292556,5
3710,81.43933922,334.8484735,1.267930519,5
3720,81.43939061,335.0070407,1.270568482,5
3730,81.43944093,335.1661349,1.273206444,5
3740,81.4394902,335.3257578,1.275844407,5
3750,81.43953846,335.4859112,1.27848237,5
3760,81.43958572,335.6465969,1.281120333,5
3770,81.439632,335.8078167,1.283758296,5
3780,81.43967733,335.9695725,1.286396259,5
3790,81.43972172,336.131866,1.289034222,5
3800,81.43976518,336.294699,1.291672185,5
3810,81.43980775,336.4580734,1.294310147,5
3820,81.43984944,336.6219911,1.29694811,5
3830,81.43989027,336.7864537,1.299586073,5
3840,81.43993025,336.9514632,1.302224036,5
3850,81.4399694,337.1170215,1.304861999,5
3860,81.44000774,337.2831303,1.307499962,5
3870,81.44004529,337.4497916,1.310137925,5
3880,81.44008207,337.6170073,1.312775887,5
3890,81.44011808,337.784779,1.31541385,5
3900,81.44015335,337.9531089,1.318051813,5
3910,81.44018788,338.1219987,1.320689776,5
3920,81.44022171,338.2914504,1.323327739,5
3930,81.44025483,338.4614658,1.325965702,5
3940,81.44028727,338.6320469,1.328603665,5
3950,81.44031903,338.8031955,1.331241628,5
3960,81.44035014,338.9749136,1.33387959,5
3970,81.44038061,339.1472031,1.336517553,5
3980,81.44041044,339.320066,1.339155516,5
3990,81.44043966,339.4935041,1.341793479,5
4000,81.44046827,339.6675194,1.344431442,5
4010,81.44049629,339.842114,1.347069405,5
4020,81.44052374,340.0172896,1.349707368,5
4030,81.44055061,340.1930484,1.35234533,5
4040,81.44057693,340.3693922,1.354983293,5
4050,81.4406027,340.546323,1.357621256,5
4060,81.44062794,340.7238429,1.360259219,5
4070,81.44065266,340.9019538,1.362897182,5
4080,81.44067686,341.0806578,1.365535145,5
4090,81.44070057,341.2599567,1.368173108,5
4100,81.44072378,341.4398527,1.370811071,5
4110,81.44074652,341.6203477,1.373449033,5
4120,81.44076878,341.8014438,1.376086996,5
4130,81.44079058,341.983143,1.378724959,5
4140,81.44081193,342.1654474,1.381362922,5
4150,81.44083285,342.348359,1.384000885,5
4160,81.44085332,342.5318798,1.386638848,5
4170,81.44087338,342.7160119,1.389276811,5
4180,81.44089302,342.9007574,1.391914773,5
4190,81.44091225,343.0861183,1.394552736,5
4200,81.44093108,343.2720967,1.397190699,5
4210,81.44094953,343.4586948,1.399828662,5
4220,81.44096759,343.6459146,1.402466625,5
4230,81.44098528,343.8337581,1.405104588,5
4240,81.4410026,344.0222276,1.407742551,5
4250,81.44101957,344.2113252,1.410380514,5
4260,81.44103618,344.4010528,1.413018476,5
4270,81.44105245,344.5914128,1.415656439,5
4280,81.44106839,344.7824072,1.418294402,5
4290,81.44108399,344.9740382,1.420932365,5
4300,81.44109927,345.1663078,1.423570328,5
4310,81.44111424,345.3592184,1.426208291,5
4320,81.44112889,345.552772,1.428846254,5
4330,81.44114324,345.7469708,1.431484216,5
4340,81.4411573,345.9418171,1.434122179,5
4350,81.44117106,346.1373129,1.436760142,5
4360,81.44118454,346.3334605,1.439398105,5
4370,81.44119774,346.5302621,1.442036068,5
4380,81.44121067,346.7277199,1.444674031,5
4390,81.44122333,346.9258361,1.447311994,5
4400,81.44123573,347.1246129,1.449949956,5
4410,81.44124787,347.3240526,1.452587919,5
4420,81.44125976,347.5241575,1.455225882,5
4430,81.4412714,347.7249297,1.457863845,5
4440,81.44128281,347.9263715,1.460501808,5
4450,81.44129397,348.1284852,1.463139771,5
4460,81.44130491,348.3312731,1.465777734,5
4470,81.44131562,348.5347374,1.468415697,5
4480,81.44132611,348.7388804,1.471053659,5
4490,81.44133638,348.9437044,1.473691622,5
4500,81.44134644,349.1492118,1.476329585,5
4510,81.44135629,349.3554048,1.478967548,5
4520,81.44136594,349.5622857,1.481605511,5
4530,81.44137538,349.7698569,1.484243474,5
4540,81.44138463,349.9781207,1.486881437,5
4550,81.44139369,350.1870795,1.489519399,5
4560,81.44140257,350.3967355,1.492157362,5
4570,81.44141126,350.6070912,1.494795325,5
4580,81.44141977,350.8181489,1.497433288,5
4590,81.4414281,351.029911,1.500071251,5
4600,81.44143626,351.2423799,1.502709214,5
4610,81.44144425,351.4555579,1.505347177,5
4620,81.44145208,351.6694475,1.50798514,5
4630,81.44145974,351.8840511,1.510623102,5
4640,81.44146725,352.099371,1.513261065,5
4650,81.4414746,352.3154097,1.515899028,5
4660,81.4414818,352.5321697,1.518536991,5
4670,81.44148885,352.7496533,1.521174954,5
4680,81.44149575,352.9678631,1.523812917,5
4690,81.44150251,353.1868014,1.52645088,5
4700,81.44150914,353.4064707,1.529088842,5
4710,81.44151562,353.6268735,1.531726805,5
4720,81.44152197,353.8480123,1.534364768,5
4730,81.44152819,354.0698896,1.537002731,5
4740,81.44153428,354.2925079,1.539640694,5
4750,81.44154024,354.5158696,1.542278657,5
4760,81.44154608,354.7399773,1.54491662,5
4770,81.4415518,354.9648335,1.547554583,5
4780,81.4415574,355.1904407,1.550192545,5
4790,81.44156289,355.4168015,1.552830508,5
4800,81.44156826,355.6439185,1.555468471,5
4810,81.44157352,355.8717941,1.558106434,5
4820,81.44157867,356.1004309,1.560744397,5
4830,81.44158372,356.3298316,1.56338236,5
4840,81.44158866,356.5599986,1.566020323,5
4850,81.4415935,356.7909347,1.568658285,5
4860,81.44159824,357.0226423,1.571296248,5
4870,81.44160288,357.2551241,1.573934211,5
4880,81.44160742,357.4883828,1.576572174,5
4890,81.44161187,357.7224208,1.579210137,5
4900,81.44161623,357.957241,1.5818481,5
4910,81.4416205,358.1928459,1.584486063,5
4920,81.44162468,358.4292381,1.587124026,5
4930,81.44162877,358.6664204,1.589761988,5
4940,81.44163278,358.9043953,1.592399951,5
4950,81.44163671,359.1431657,1.595037914,5
4960,81.44164055,359.3827341,1.597675877,5
4970,81.44164432,359.6231033,1.60031384,5
4980,81.441648,359.8642759,1.602951803,5
4990,81.44165162,360.1062548,1.605589766,5
5000,81.44165515,360.3490425,1.608227728,5
5010,81.44165861,360.592642,1.610865691,5
5020,81.44166201,360.8370558,1.613503654,5
5030,81.44166533,361.0822867,1.616141617,5
5040,81.44166858,361.3283376,1.61877958,5
5050,81.44167176,361.5752111,1.621417543,5
5060,81.44167488,361.8229102,1.624055506,5
5070,81.44167794,362.0714374,1.626693469,5
5080,81.44168093,362.3207957,1.629331431,5
5090,81.44168386,362.5709879,1.631969394,5
5100,81.44168673,362.8220168,1.634607357,5
5110,81.44168954,363.0738851,1.63724532,5
5120,81.44169229,363.3265958,1.639883283,5
5130,81.44169498,363.5801517,1.642521246,5
5140,81.44169762,363.8345557,1.645159209,5
5150,81.44170021,364.0898106,1.647797171,5
5160,81.44170274,364.3459192,1.650435134,5
5170,81.44170522,364.6028846,1.653073097,5
5180,81.44170764,364.8607095,1.65571106,5
5190,81.44171002,365.1193969,1.658349023,5
5200,81.44171235,365.3789497,1.660986986,5
5210,81.44171463,365.6393708,1.663624949,5
5220,81.44171686,365.9006632,1.666262912,5
5230,81.44171905,366.1628298,1.668900874,5
5240,81.44172119,366.4258735,1.671538837,5
5250,81.44172328,366.6897974,1.6741768,5
5260,81.44172534,366.9546044,1.676814763,5
5270,81.44172735,367.2202974,1.679452726,5
5280,81.44172932,367.4868796,1.682090689,5
5290,81.44173124,367.7543538,1.684728652,5
5300,81.44173313,368.0227231,1.687366614,5
5310,81.44173498,368.2919905,1.690004577,5
5320,81.44173679,368.5621591,1.69264254,5
5330,81.44173857,368.833232,1.695280503,5
5340,81.4417403,369.105212,1.697918466,5
5350,81.441742,369.3781024,1.700556429,5
5360,81.44174367,369.6519063,1.703194392,5
5370,81.4417453,369.9266266,1.705832355,5
5380,81.4417469,370.2022665,1.708470317,5
5390,81.44174846,370.4788291,1.71110828,5
5400,81.44175,370.7563176,1.713746243,5
5410,81.4417515,371.034735,1.716384206,5
5420,81.44175297,371.3140844,1.719022169,5
5430,81.44175441,371.5943692,1.721660132,5
5440,81.44175581,371.8755923,1.724298095,5
5450,81.44175719,372.157757,1.726936057,5
5460,81.44175855,372.4408665,1.72957402,5
5470,81.44175987,372.7249239,1.732211983,5
5480,81.44176117,373.0099325,1.734849946,5
5490,81.44176244,373.2958955,1.737487909,5
5500,81.44176368,373.582816,1.740125872,5
5510,81.4417649,373.8706974,1.742763835,5
5520,81.44176609,374.1595429,1.745401798,5
5530,81.44176726,374.4493558,1.74803976,5
5540,81.4417684,374.7401392,1.750677723,5
5550,81.44176952,375.0318965,1.753315686,5
5560,81.44177061,375.3246311,1.755953649,5
5570,81.44177169,375.6183461,1.758591612,5
5580,81.44177274,375.9130449,1.761229575,5
5590,81.44177377,376.2087309,1.763867538,5
5600,81.44177478,376.5054073,1.7665055,5
5610,81.44177577,376.8030775,1.769143463,5
5620,81.44177673,377.1017449,1.771781426,5
5630,81.44177768,377.4014129,1.774419389,5
5640,81.44177861,377.7020848,1.777057352,5
5650,81.44177952,378.003764,1.779695315,5
5660,81.44178041,378.306454,1.782333278,5
5670,81.44178128,378.610158,1.784971241,5
5680,81.44178213,378.9148797,1.787609203,5
5690,81.44178297,379.2206224,1.790247166,5
5700,81.44178378,379.5273895,1.792885129,5
5710,81.44178459,379.8351846,1.795523092,5
5720,81.44178537,380.144011,1.798161055,5
5730,81.44178614,380.4538724,1.800799018,5
5740,81.44178689,380.7647721,1.803436981,5
5750,81.44178763,381.0767138,1.806074943,5
5760,81.44178835,381.3897008,1.808712906,5
5770,81.44178906,381.7037368,1.811350869,5
5780,81.44178975,382.0188253,1.813988832,5
5790,81.44179043,382.3349699,1.816626795,5
5800,81.44179109,382.6521741,1.819264758,5
5810,81.44179174,382.9704415,1.821902721,5
5820,81.44179238,383.2897757,1.824540683,5
5830,81.441793,383.6101803,1.827178646,5
5840,81.44179361,383.931659,1.829816609,5
5850,81.44179421,384.2542153,1.832454572,5
5860,81.4417948,384.5778529,1.835092535,5
5870,81.44179537,384.9025754,1.837730498,5
5880,81.44179593,385.2283866,1.840368461,5
5890,81.44179648,385.5552901,1.843006424,5
5900,81.44179702,385.8832896,1.845644386,5
5910,81.44179755,386.2123888,1.848282349,5
5920,81.44179806,386.5425914,1.850920312,5
5930,81.44179857,386.8739011,1.853558275,5
5940,81.44179907,387.2063218,1.856196238,5
5950,81.44179955,387.5398571,1.858834201,5
5960,81.44180003,387.8745108,1.861472164,5
5970,81.44180049,388.2102867,1.864110126,5
5980,81.44180095,388.5471886,1.866748089,5
5990,81.44180139,388.8852203,1.869386052,5
6000,81.44180183,389.2243856,1.872024015,5
6010,81.44180226,389.5646883,1.874661978,5
6020,81.44180268,389.9061324,1.877299941,5
6030,81.44180309,390.2487216,1.879937904,5
6040,81.44180349,390.5924598,1.882575867,5
6050,81.44180388,390.9373509,1.885213829,5
6060,81.44180427,391.2833988,1.887851792,5
6070,81.44180465,391.6306075,1.890489755,5
6080,81.44180502,391.9789807,1.893127718,5
6090,81.44180538,392.3285226,1.895765681,5
6100,81.44180573,392.6792369,1.898403644,5
6110,81.44180608,393.0311278,1.901041607,5
6120,81.44180642,393.3841991,1.903679569,5
6130,81.44180675,393.7384549,1.906317532,5
6140,81.44180708,394.0938991,1.908955495,5
6150,81.4418074,394.4505359,1.911593458,5
6160,81.44180771,394.8083691,1.914231421,5
6170,81.44180802,395.1674029,1.916869384,5
6180,81.44180832,395.5276412,1.919507347,5
6190,81.44180861,395.8890883,1.92214531,5
6200,81.4418089,396.2517482,1.924783272,5
6210,81.44180918,396.6156249,1.927421235,5
6220,81.44180946,396.9807226,1.930059198,5
6230,81.44180973,397.3470454,1.932697161,5
6240,81.44180999,397.7145974,1.935335124,5
6250,81.44181025,398.0833829,1.937973087,5
6260,81.4418105,398.4534059,1.94061105,5
6270,81.44181075,398.8246707,1.943249012,5
6280,81.441811,399.1971814,1.945886975,5
6290,81.44181123,399.5709424,1.948524938,5
6300,81.44181147,399.9459577,1.951162901,5
6310,81.4418117,400.3222316,1.953800864,5
6320,81.44181192,400.6997685,1.956438827,5
6330,81.44181214,401.0785725,1.95907679,5
6340,81.44181235,401.4586479,1.961714753,5
6350,81.44181256,401.8399991,1.964352715,5
6360,81.44181277,402.2226304,1.966990678,5
6370,81.44181297,402.606546,1.969628641,5
6380,81.44181317,402.9917503,1.972266604,5
6390,81.44181336,403.3782477,1.974904567,5
6400,81.44181355,403.7660426,1.97754253,5
6410,81.44181374,404.1551393,1.980180493,5
6420,81.44181392,404.5455423,1.982818455,5
6430,81.4418141,404.9372559,1.985456418,5
6440,81.44181427,405.3302846,1.988094381,5
6450,81.44181444,405.7246328,1.990732344,5
6460,81.44181461,406.120305,1.993370307,5
6470,81.44181477,406.5173056,1.99600827,5
6480,81.44181493,406.9156393,1.998646233,5
6490,81.44181509,407.3153104,2.001284196,5
6500,81.44181524,407.7163234,2.003922158,5
6510,81.44181539,408.118683,2.006560121,5
6520,81.44181554,408.5223937,2.009198084,5
6530,81.44181568,408.92746,2.011836047,5
6540,81.44181583,409.3338865,2.01447401,5
6550,81.44181596,409.7416778,2.017111973,5
6560,81.4418161,410.1508386,2.019749936,5
6570,81.44181623,410.5613734,2.022387898,5
6580,81.44181636,410.973287,2.025025861,5
6590,81.44181649,411.3865839,2.027663824,5
6600,81.44181661,411.8012689,2.030301787,5
6610,81.44181674,412.2173466,2.03293975,5
6620,81.44181686,412.6348217,2.035577713,5
6630,81.44181697,413.053699,2.038215676,5
6640,81.44181709,413.4739832,2.040853639,5
6650,81.4418172,413.8956791,2.043491601,5
6660,81.44181731,414.3187914,2.046129564,5
6670,81.44181742,414.743325,2.048767527,5
6680,81.44181752,415.1692845,2.05140549,5
6690,81.44181763,415.596675,2.054043453,5
6700,81.44181773,416.0255011,2.056681416,5
6710,81.44181783,416.4557677,2.059319379,5
6720,81.44181792,416.8874798,2.061957341,5
6730,81.44181802,417.3206421,2.064595304,5
6740,81.44181811,417.7552597,2.067233267,5
6750,81.4418182,418.1913374,2.06987123,5
6760,81.44181829,418.6288801,2.072509193,5
6770,81.44181838,419.0678928,2.075147156,5
6780,81.44181846,419.5083805,2.077785119,5
6790,81.44181855,419.9503482,2.080423082,5
6800,81.44181863,420.3938008,2.083061044,5
6810,81.44181871,420.8387435,2.085699007,5
6820,81.44181879,421.2851811,2.08833697,5
6830,81.44181887,421.7331188,2.090974933,5
6840,81.44181894,422.1825617,2.093612896,5
6850,81.44181902,422.6335148,2.096250859,5
6860,81.44181909,423.0859832,2.098888822,5
6870,81.44181916,423.5399721,2.101526784,5
6880,81.44181923,423.9954866,2.104164747,5
6890,81.4418193,424.4525319,2.10680271,5
6900,81.44181936,424.9111131,2.109440673,5
6910,81.44181943,425.3712354,2.112078636,5
6920,81.44181949,425.8329041,2.114716599,5
6930,81.44181955,426.2961243,2.117354562,5
6940,81.44181962,426.7609013,2.119992525,5
6950,81.44181968,427.2272404,2.122630487,5
6960,81.44181973,427.6951468,2.12526845,5
6970,81.44181979,428.1646259,2.127906413,5
6980,81.44181985,428.635683,2.130544376,5
6990,81.4418199,429.1083234,2.133182339,5
7000,81.44181996,429.5825524,2.135820302,5
7010,81.44182001,430.0583754,2.138458265,5
7020,81.44182006,430.5357979,2.141096227,5
7030,81.44182011,431.0148252,2.14373419,5
7040,81.44182016,431.4954627,2.146372153,5
7050,81.44182021,431.9777159,2.149010116,5
7060,81.44182026,432.4615902,2.151648079,5
7070,81.4418203,432.9470912,2.154286042,5
7080,81.44182035,433.4342243,2.156924005,5
7090,81.4418204,433.922995,2.159561968,5
7100,81.44182044,434.413409,2.16219993,5
7110,81.44182048,434.9054716,2.164837893,5
7120,81.44182052,435.3991886,2.167475856,5
7130,81.44182057,435.8945655,2.170113819,5
7140,81.44182061,436.3916079,2.172751782,5
7150,81.44182065,436.8903214,2.175389745,5
7160,81.44182068,437.3907117,2.178027708,5
7170,81.44182072,437.8927845,2.18066567,5
7180,81.44182076,438.3965454,2.183303633,5
7190,81.44182079,438.9020002,2.185941596,5
7200,81.44182083,439.4091545,2.188579559,5
7210,81.44182087,439.9180142,2.191217522,5
7220,81.4418209,440.428585,2.193855485,5
7230,81.44182093,440.9408727,2.196493448,5
7240,81.44182097,441.454883,2.19913141,5
7250,81.441821,441.9706218,2.201769373,5
7260,81.44182103,442.488095,2.204407336,5
7270,81.44182106,443.0073084,2.207045299,5
7280,81.44182109,443.5282678,2.209683262,5
7290,81.44182112,444.0509793,2.212321225,5
7300,81.44182115,444.5754487,2.214959188,5
7310,81.44182118,445.1016819,2.217597151,5
7320,81.4418212,445.629685,2.220235113,5
7330,81.44182123,446.1594639,2.222873076,5
7340,81.44182126,446.6910245,2.225511039,5
7350,81.44182128,447.224373,2.228149002,5
7360,81.44182131,447.7595154,2.230786965,5
7370,81.44182133,448.2964577,2.233424928,5
7380,81.44182136,448.8352061,2.236062891,5
7390,81.44182138,449.3757665,2.238700853,5
7400,81.44182141,449.9181453,2.241338816,5
7410,81.44182143,450.4623484,2.243976779,5
7420,81.44182145,451.0083821,2.246614742,5
7430,81.44182147,451.5562525,2.249252705,5
7440,81.44182149,452.1059659,2.251890668,5
7450,81.44182152,452.6575285,2.254528631,5
7460,81.44182154,453.2109466,2.257166594,5
7470,81.44182156,453.7662263,2.259804556,5
7480,81.44182158,454.3233741,2.262442519,5
7490,81.4418216,454.8823962,2.265080482,5
7500,81.44182161,455.443299,2.267718445,5
7510,81.44182163,456.0060888,2.270356408,5
7520,81.44182165,456.5707719,2.272994371,5
7530,81.44182167,457.1373549,2.275632334,5
7540,81.44182169,457.7058441,2.278270296,5
7550,81.4418217,458.276246,2.280908259,5
7560,81.44182172,458.848567,2.283546222,5
7570,81.44182174,459.4228136,2.286184185,5
7580,81.44182175,459.9989924,2.288822148,5
7590,81.44182177,460.5771098,2.291460111,5
7600,81.44182178,461.1571724,2.294098074,5
7610,81.4418218,461.7391868,2.296736037,5
7620,81.44182181,462.3231596,2.299373999,5
7630,81.44182183,462.9090974,2.302011962,5
7640,81.44182184,463.4970069,2.304649925,5
7650,81.44182186,464.0868947,2.307287888,5
7660,81.44182187,464.6787674,2.309925851,5
7670,81.44182188,465.2726319,2.312563814,5
7680,81.4418219,465.8684949,2.315201777,5
7690,81.44182191,466.466363,2.317839739,5
7700,81.44182192,467.0662431,2.320477702,5
7710,81.44182193,467.668142,2.323115665,5
7720,81.44182195,468.2720665,2.325753628,5
7730,81.44182196,468.8780235,2.328391591,5
7740,81.44182197,469.4860198,2.331029554,5
7750,81.44182198,470.0960623,2.333667517,5
7760,81.44182199,470.7081579,2.33630548,5
7770,81.441822,471.3223136,2.338943442,5
7780,81.44182201,471.9385364,2.341581405,5
7790,81.44182202,472.5568332,2.344219368,5
7800,81.44182203,473.177211,2.346857331,5
7810,81.44182204,473.7996769,2.349495294,5
7820,81.44182205,474.4242379,2.352133257,5
7830,81.44182206,475.0509011,2.35477122,5
7840,81.44182207,475.6796737,2.357409182,5
7850,81.44182208,476.3105627,2.360047145,5
7860,81.44182209,476.9435753,2.362685108,5
7870,81.4418221,477.5787187,2.365323071,5
7880,81.44182211,478.2160001,2.367961034,5
7890,81.44182212,478.8554267,2.370598997,5
7900,81.44182212,479.4970058,2.37323696,5
7910,81.44182213,480.1407446,2.375874923,5
7920,81.44182214,480.7866505,2.378512885,5
7930,81.44182215,481.4347307,2.381150848,5
7940,81.44182215,482.0849927,2.383788811,5
7950,81.44182216,482.7374437,2.386426774,5
7960,81.44182217,483.3920912,2.389064737,5
7970,81.44182218,484.0489427,2.3917027,5
7980,81.44182218,484.7080056,2.394340663,5
7990,81.44182219,485.3692872,2.396978625,5
8000,81.4418222,486.0327953,2.399616588,5
0,77.62015303,304.3439507,0.381818815,6
10,77.74349844,304.3919822,0.385286519,6
20,77.86458849,304.4401613,0.388754222,6
30,77.98346442,304.4884883,0.392221925,6
40,78.10016671,304.5369638,0.395689628,6
50,78.21473511,304.5855883,0.399157331,6
60,78.32720864,304.6343623,0.402625034,6
70,78.4376256,304.6832862,0.406092737,6
80,78.54602359,304.7323605,0.40956044,6
90,78.65243953,304.7815858,0.413028143,6
100,78.75690966,304.8309625,0.416495846,6
110,78.85946957,304.8804911,0.41996355,6
120,78.96015417,304.9301721,0.423431253,6
130,79.05899777,304.980006,0.426898956,6
140,79.15603402,305.0299934,0.430366659,6
150,79.25129597,305.0801346,0.433834362,6
160,79.34481606,305.1304303,0.437302065,6
170,79.43662614,305.1808809,0.440769768,6
180,79.52675748,305.2314869,0.444237471,6
190,79.61524078,305.2822488,0.447705174,6
200,79.70210617,305.3331672,0.451172877,6
210,79.78738323,305.3842425,0.454640581,6
220,79.871101,305.4354752,0.458108284,6
230,79.95328801,305.486866,0.461575987,6
240,80.03397223,305.5384152,0.46504369,6
250,80.11318114,305.5901234,0.468511393,6
260,80.19094173,305.6419912,0.471979096,6
270,80.26728047,305.6940189,0.475446799,6
280,80.34222336,305.7462073,0.478914502,6
290,80.41579593,305.7985568,0.482382205,6
300,80.48802323,305.8510678,0.485849908,6
310,80.55892986,305.903741,0.489317612,6
320,80.62853996,305.9565769,0.492785315,6
330,80.69687725,306.009576,0.496253018,6
340,80.763965,306.0627388,0.499720721,6
350,80.82982606,306.1160659,0.503188424,6
360,80.89448284,306.1695578,0.506656127,6
370,80.95795739,306.223215,0.51012383,6
380,81.02027131,306.2770381,0.513591533,6
390,81.08144582,306.3310276,0.517059236,6
400,81.14150176,306.3851841,0.520526939,6
410,81.20045959,306.4395082,0.523994643,6
420,81.25833937,306.4940002,0.527462346,6
430,81.31516083,306.5486609,0.530930049,6
440,81.37094331,306.6034907,0.534397752,6
450,81.42570581,306.6584903,0.537865455,6
460,81.47946699,306.7136601,0.541333158,6
470,81.53224514,306.7690007,0.544800861,6
480,81.58405825,306.8245127,0.548268564,6
490,81.63492396,306.8801966,0.551736267,6
500,81.6848596,306.936053,0.55520397,6
510,81.73388217,306.9920825,0.558671674,6
520,81.78200836,307.0482856,0.562139377,6
530,81.82925457,307.1046629,0.56560708,6
540,81.87563689,307.1612149,0.569074783,6
550,81.92117111,307.2179423,0.572542486,6
560,81.96587274,307.2748456,0.576010189,6
570,82.009757,307.3319253,0.579477892,6
580,82.05283885,307.3891821,0.582945595,6
590,82.09513294,307.4466165,0.586413298,6
600,82.13665369,307.5042292,0.589881001,6
610,82.17741524,307.5620206,0.593348705,6
620,82.21743146,307.6199914,0.596816408,6
630,82.256716,307.6781421,0.600284111,6
640,82.29528221,307.7364734,0.603751814,6
650,82.33314325,307.7949858,0.607219517,6
660,82.370312,307.8536799,0.61068722,6
670,82.40680112,307.9125564,0.614154923,6
680,82.44262305,307.9716157,0.617622626,6
690,82.47778997,308.0308586,0.621090329,6
700,82.51231387,308.0902856,0.624558032,6
710,82.5462065,308.1498973,0.628025735,6
720,82.5794794,308.2096942,0.631493439,6
730,82.61214392,308.2696772,0.634961142,6
740,82.64421116,308.3298466,0.638428845,6
750,82.67569206,308.3902031,0.641896548,6
760,82.70659733,308.4507474,0.645364251,6
770,82.7369375,308.5114801,0.648831954,6
780,82.76672291,308.5724017,0.652299657,6
790,82.79596369,308.6335129,0.65576736,6
800,82.8246698,308.6948143,0.659235063,6
810,82.85285103,308.7563065,0.662702766,6
820,82.88051696,308.8179902,0.66617047,6
830,82.90767703,308.8798659,0.669638173,6
840,82.93434047,308.9419343,0.673105876,6
850,82.96051638,309.0041961,0.676573579,6
860,82.98621366,309.0666518,0.680041282,6
870,83.01144107,309.1293021,0.683508985,6
880,83.0362072,309.1921477,0.686976688,6
890,83.06052048,309.255189,0.690444391,6
900,83.08438919,309.3184269,0.693912094,6
910,83.10782147,309.381862,0.697379797,6
920,83.13082529,309.4454948,0.700847501,6
930,83.15340849,309.509326,0.704315204,6
940,83.17557875,309.5733563,0.707782907,6
950,83.19734363,309.6375864,0.71125061,6
960,83.21871055,309.7020168,0.714718313,6
970,83.23968677,309.7666483,0.718186016,6
980,83.26027944,309.8314814,0.721653719,6
990,83.28049558,309.8965169,0.725121422,6
1000,83.30034207,309.9617554,0.728589125,6
1010,83.31982566,310.0271975,0.732056828,6
1020,83.338953,310.092844,0.735524532,6
1030,83.3577306,310.1586955,0.738992235,6
1040,83.37616485,310.2247527,0.742459938,6
1050,83.39426203,310.2910162,0.745927641,6
1060,83.41202831,310.3574867,0.749395344,6
1070,83.42946973,310.4241649,0.752863047,6
1080,83.44659223,310.4910515,0.75633075,6
1090,83.46340165,310.5581471,0.759798453,6
1100,83.47990372,310.6254524,0.763266156,6
1110,83.49610404,310.6929682,0.766733859,6
1120,83.51200814,310.760695,0.770201563,6
1130,83.52762144,310.8286337,0.773669266,6
1140,83.54294925,310.8967848,0.777136969,6
1150,83.55799679,310.9651491,0.780604672,6
1160,83.57276919,311.0337272,0.784072375,6
1170,83.58727148,311.10252,0.787540078,6
1180,83.60150859,311.1715279,0.791007781,6
1190,83.61548538,311.2407519,0.794475484,6
1200,83.6292066,311.3101925,0.797943187,6
1210,83.64267694,311.3798505,0.80141089,6
1220,83.65590097,311.4497266,0.804878594,6
1230,83.66888319,311.5198215,0.808346297,6
1240,83.68162804,311.5901359,0.811814,6
1250,83.69413985,311.6606705,0.815281703,6
1260,83.70642289,311.7314261,0.818749406,6
1270,83.71848133,311.8024034,0.822217109,6
1280,83.73031928,311.873603,0.825684812,6
1290,83.74194077,311.9450258,0.829152515,6
1300,83.75334977,312.0166724,0.832620218,6
1310,83.76455015,312.0885436,0.836087921,6
1320,83.77554574,312.1606401,0.839555625,6
1330,83.78634027,312.2329626,0.843023328,6
1340,83.79693743,312.3055119,0.846491031,6
1350,83.80734082,312.3782888,0.849958734,6
1360,83.81755398,312.4512939,0.853426437,6
1370,83.82758039,312.524528,0.85689414,6
1380,83.83742348,312.5979919,0.860361843,6
1390,83.84708658,312.6716862,0.863829546,6
1400,83.85657299,312.7456119,0.867297249,6
1410,83.86588595,312.8197695,0.870764952,6
1420,83.87502862,312.8941599,0.874232656,6
1430,83.88400411,312.9687839,0.877700359,6
1440,83.89281549,313.0436421,0.881168062,6
1450,83.90146576,313.1187354,0.884635765,6
1460,83.90995785,313.1940645,0.888103468,6
1470,83.91829467,313.2696302,0.891571171,6
1480,83.92647905,313.3454333,0.895038874,6
1490,83.93451378,313.4214745,0.898506577,6
1500,83.94240159,313.4977547,0.90197428,6
1510,83.95014518,313.5742745,0.905441983,6
1520,83.95774718,313.6510348,0.908909687,6
1530,83.96521017,313.7280363,0.91237739,6
1540,83.9725367,313.8052799,0.915845093,6
1550,83.97972927,313.8827664,0.919312796,6
1560,83.98679032,313.9604964,0.922780499,6
1570,83.99372227,314.0384709,0.926248202,6
1580,84.00052746,314.1166907,0.929715905,6
1590,84.00720822,314.1951564,0.933183608,6
1600,84.01376682,314.273869,0.936651311,6
1610,84.0202055,314.3528292,0.940119014,6
1620,84.02652645,314.4320378,0.943586718,6
1630,84.03273182,314.5114957,0.947054421,6
1640,84.03882372,314.5912037,0.950522124,6
1650,84.04480424,314.6711625,0.953989827,6
1660,84.0506754,314.7513731,0.95745753,6
1670,84.05643921,314.8318361,0.960925233,6
1680,84.06209763,314.9125525,0.964392936,6
1690,84.06765258,314.9935231,0.967860639,6
1700,84.07310596,315.0747486,0.971328342,6
1710,84.07845963,315.15623,0.974796045,6
1720,84.0837154,315.2379681,0.978263748,6
1730,84.08887508,315.3199637,0.981731452,6
1740,84.09394041,315.4022176,0.985199155,6
1750,84.09891312,315.4847307,0.988666858,6
1760,84.1037949,315.5675038,0.992134561,6
1770,84.10858743,315.6505378,0.995602264,6
1780,84.11329232,315.7338335,0.999069967,6
1790,84.11791118,315.8173919,1.00253767,6
1800,84.12244559,315.9012136,1.006005373,6
1810,84.12689708,315.9852997,1.009473076,6
1820,84.13126718,316.0696509,1.012940779,6
1830,84.13555738,316.1542682,1.016408483,6
1840,84.13976913,316.2391523,1.019876186,6
1850,84.14390386,316.3243043,1.023343889,6
1860,84.147963,316.4097248,1.026811592,6
1870,84.15194791,316.4954149,1.030279295,6
1880,84.15585996,316.5813754,1.033746998,6
1890,84.15970047,316.6676072,1.037214701,6
1900,84.16347077,316.7541111,1.040682404,6
1910,84.16717212,316.8408881,1.044150107,6
1920,84.17080579,316.927939,1.04761781,6
1930,84.17437303,317.0152648,1.051085514,6
1940,84.17787503,317.1028663,1.054553217,6
1950,84.18131301,317.1907444,1.05802092,6
1960,84.18468812,317.2789001,1.061488623,6
1970,84.18800151,317.3673342,1.064956326,6
1980,84.19125432,317.4560477,1.068424029,6
1990,84.19444766,317.5450414,1.071891732,6
2000,84.1975826,317.6343163,1.075359435,6
2010,84.20066022,317.7238733,1.078827138,6
2020,84.20368157,317.8137134,1.082294841,6
2030,84.20664767,317.9038373,1.085762545,6
2040,84.20955954,317.9942461,1.089230248,6
2050,84.21241816,318.0849408,1.092697951,6
2060,84.21522452,318.1759221,1.096165654,6
2070,84.21797956,318.2671911,1.099633357,6
2080,84.22068422,318.3587487,1.10310106,6
2090,84.22333943,318.4505959,1.106568763,6
2100,84.22594609,318.5427335,1.110036466,6
2110,84.22850509,318.6351626,1.113504169,6
2120,84.2310173,318.727884,1.116971872,6
2130,84.23348357,318.8208988,1.120439576,6
2140,84.23590474,318.9142079,1.123907279,6
2150,84.23828164,319.0078123,1.127374982,6
2160,84.24061509,319.1017129,1.130842685,6
2170,84.24290586,319.1959106,1.134310388,6
2180,84.24515475,319.2904066,1.137778091,6
2190,84.24736252,319.3852016,1.141245794,6
2200,84.24952992,319.4802968,1.144713497,6
2210,84.25165769,319.575693,1.1481812,6
2220,84.25374655,319.6713913,1.151648903,6
2230,84.25579722,319.7673927,1.155116607,6
2240,84.25781039,319.8636981,1.15858431,6
2250,84.25978675,319.9603085,1.162052013,6
2260,84.26172698,320.057225,1.165519716,6
2270,84.26363172,320.1544485,1.168987419,6
2280,84.26550164,320.25198,1.172455122,6
2290,84.26733737,320.3498206,1.175922825,6
2300,84.26913953,320.4479712,1.179390528,6
2310,84.27090874,320.5464329,1.182858231,6
2320,84.2726456,320.6452066,1.186325934,6
2330,84.2743507,320.7442934,1.189793638,6
2340,84.27602462,320.8436944,1.193261341,6
2350,84.27766793,320.9434104,1.196729044,6
2360,84.2792812,321.0434427,1.200196747,6
2370,84.28086497,321.1437921,1.20366445,6
2380,84.28241978,321.2444598,1.207132153,6
2390,84.28394616,321.3454467,1.210599856,6
2400,84.28544463,321.4467539,1.214067559,6
2410,84.2869157,321.5483825,1.217535262,6
2420,84.28835987,321.6503335,1.221002965,6
2430,84.28977764,321.752608,1.224470669,6
2440,84.29116948,321.8552069,1.227938372,6
2450,84.29253587,321.9581314,1.231406075,6
2460,84.29387728,322.0613826,1.234873778,6
2470,84.29519416,322.1649615,1.238341481,6
2480,84.29648696,322.2688691,1.241809184,6
2490,84.29775613,322.3731066,1.245276887,6
2500,84.29900208,322.4776749,1.24874459,6
2510,84.30022526,322.5825753,1.252212293,6
2520,84.30142607,322.6878088,1.255679996,6
2530,84.30260492,322.7933764,1.2591477,6
2540,84.30376221,322.8992793,1.262615403,6
2550,84.30489835,323.0055185,1.266083106,6
2560,84.30601371,323.1120952,1.269550809,6
2570,84.30710868,323.2190104,1.273018512,6
2580,84.30818362,323.3262653,1.276486215,6
2590,84.30923891,323.4338609,1.279953918,6
2600,84.31027491,323.5417984,1.283421621,6
2610,84.31129196,323.6500789,1.286889324,6
2620,84.31229041,323.7587036,1.290357027,6
2630,84.31327061,323.8676734,1.293824731,6
2640,84.31423289,323.9769896,1.297292434,6
2650,84.31517757,324.0866533,1.300760137,6
2660,84.31610497,324.1966656,1.30422784,6
2670,84.31701542,324.3070277,1.307695543,6
2680,84.31790922,324.4177406,1.311163246,6
2690,84.31878668,324.5288056,1.314630949,6
2700,84.3196481,324.6402239,1.318098652,6
2710,84.32049376,324.7519964,1.321566355,6
2720,84.32132396,324.8641245,1.325034058,6
2730,84.32213898,324.9766092,1.328501761,6
2740,84.3229391,325.0894517,1.331969465,6
2750,84.32372459,325.2026533,1.335437168,6
2760,84.32449571,325.316215,1.338904871,6
2770,84.32525274,325.430138,1.342372574,6
2780,84.32599592,325.5444236,1.345840277,6
2790,84.32672551,325.6590728,1.34930798,6
2800,84.32744177,325.774087,1.352775683,6
2810,84.32814492,325.8894672,1.356243386,6
2820,84.32883522,326.0052147,1.359711089,6
2830,84.3295129,326.1213307,1.363178792,6
2840,84.33017818,326.2378164,1.366646496,6
2850,84.33083131,326.3546729,1.370114199,6
2860,84.33147249,326.4719016,1.373581902,6
2870,84.33210194,326.5895035,1.377049605,6
2880,84.33271989,326.7074799,1.380517308,6
2890,84.33332653,326.8258322,1.383985011,6
2900,84.33392209,326.9445613,1.387452714,6
2910,84.33450675,327.0636687,1.390920417,6
2920,84.33508073,327.1831555,1.39438812,6
2930,84.3356442,327.303023,1.397855823,6
2940,84.33619738,327.4232724,1.401323527,6
2950,84.33674044,327.543905,1.40479123,6
2960,84.33727357,327.6649219,1.408258933,6
2970,84.33779695,327.7863246,1.411726636,6
2980,84.33831077,327.9081142,1.415194339,6
2990,84.33881519,328.0302919,1.418662042,6
3000,84.33931038,328.1528591,1.422129745,6
3010,84.33979652,328.2758171,1.425597448,6
3020,84.34027377,328.399167,1.429065151,6
3030,84.3407423,328.5229102,1.432532854,6
3040,84.34120225,328.647048,1.436000558,6
3050,84.3416538,328.7715816,1.439468261,6
3060,84.34209709,328.8965124,1.442935964,6
3070,84.34253228,329.0218416,1.446403667,6
3080,84.3429595,329.1475705,1.44987137,6
3090,84.34337892,329.2737005,1.453339073,6
3100,84.34379067,329.4002328,1.456806776,6
3110,84.34419488,329.5271688,1.460274479,6
3120,84.34459171,329.6545098,1.463742182,6
3130,84.34498128,329.7822571,1.467209885,6
3140,84.34536373,329.910412,1.470677589,6
3150,84.34573919,330.0389759,1.474145292,6
3160,84.34610778,330.16795,1.477612995,6
3170,84.34646963,330.2973358,1.481080698,6
3180,84.34682486,330.4271346,1.484548401,6
3190,84.3471736,330.5573477,1.488016104,6
3200,84.34751596,330.6879764,1.491483807,6
3210,84.34785206,330.8190222,1.49495151,6
3220,84.34818202,330.9504864,1.498419213,6
3230,84.34850594,331.0823703,1.501886916,6
3240,84.34882394,331.2146754,1.50535462,6
3250,84.34913612,331.3474029,1.508822323,6
3260,84.3494426,331.4805543,1.512290026,6
3270,84.34974347,331.614131,1.515757729,6
3280,84.35003885,331.7481344,1.519225432,6
3290,84.35032882,331.8825658,1.522693135,6
3300,84.35061349,332.0174266,1.526160838,6
3310,84.35089295,332.1527182,1.529628541,6
3320,84.3511673,332.2884421,1.533096244,6
3330,84.35143664,332.4245997,1.536563947,6
3340,84.35170105,332.5611923,1.540031651,6
3350,84.35196063,332.6982215,1.543499354,6
3360,84.35221546,332.8356885,1.546967057,6
3370,84.35246563,332.9735949,1.55043476,6
3380,84.35271123,333.111942,1.553902463,6
3390,84.35295234,333.2507314,1.557370166,6
3400,84.35318903,333.3899644,1.560837869,6
3410,84.3534214,333.5296425,1.564305572,6
3420,84.35364952,333.6697672,1.567773275,6
3430,84.35387347,333.8103399,1.571240978,6
3440,84.35409333,333.9513621,1.574708682,6
3450,84.35430916,334.0928352,1.578176385,6
3460,84.35452105,334.2347608,1.581644088,6
3470,84.35472907,334.3771402,1.585111791,6
3480,84.35493328,334.519975,1.588579494,6
3490,84.35513375,334.6632666,1.592047197,6
3500,84.35533056,334.8070166,1.5955149,6
3510,84.35552378,334.9512265,1.598982603,6
3520,84.35571345,335.0958977,1.602450306,6
3530,84.35589967,335.2410317,1.605918009,6
3540,84.35608247,335.3866301,1.609385713,6
3550,84.35626194,335.5326944,1.612853416,6
3560,84.35643812,335.6792261,1.616321119,6
3570,84.35661108,335.8262267,1.619788822,6
3580,84.35678088,335.9736977,1.623256525,6
3590,84.35694757,336.1216407,1.626724228,6
3600,84.35711121,336.2700573,1.630191931,6
3610,84.35727187,336.4189489,1.633659634,6
3620,84.35742958,336.5683172,1.637127337,6
3630,84.35758441,336.7181636,1.64059504,6
3640,84.35773642,336.8684898,1.644062744,6
3650,84.35788564,337.0192972,1.647530447,6
3660,84.35803213,337.1705876,1.65099815,6
3670,84.35817594,337.3223623,1.654465853,6
3680,84.35831713,337.4746232,1.657933556,6
3690,84.35845573,337.6273716,1.661401259,6
3700,84.3585918,337.7806092,1.664868962,6
3710,84.35872538,337.9343377,1.668336665,6
3720,84.35885652,338.0885585,1.671804368,6
3730,84.35898526,338.2432734,1.675272071,6
3740,84.35911165,338.3984838,1.678739774,6
3750,84.35923572,338.5541915,1.682207478,6
3760,84.35935753,338.7103981,1.685675181,6
3770,84.35947711,338.8671052,1.689142884,6
3780,84.3595945,339.0243144,1.692610587,6
3790,84.35970975,339.1820273,1.69607829,6
3800,84.35982288,339.3402457,1.699545993,6
3810,84.35993396,339.4989711,1.703013696,6
3820,84.36004299,339.6582052,1.706481399,6
3830,84.36015004,339.8179497,1.709949102,6
3840,84.36025513,339.9782062,1.713416805,6
3850,84.3603583,340.1389764,1.716884509,6
3860,84.36045958,340.300262,1.720352212,6
3870,84.360559,340.4620647,1.723819915,6
3880,84.36065661,340.6243861,1.727287618,6
3890,84.36075244,340.787228,1.730755321,6
3900,84.36084651,340.950592,1.734223024,6
3910,84.36093887,341.1144798,1.737690727,6
3920,84.36102953,341.2788932,1.74115843,6
3930,84.36111854,341.4438339,1.744626133,6
3940,84.36120592,341.6093036,1.748093836,6
3950,84.3612917,341.775304,1.75156154,6
3960,84.36137591,341.9418368,1.755029243,6
3970,84.36145859,342.1089038,1.758496946,6
3980,84.36153975,342.2765067,1.761964649,6
3990,84.36161943,342.4446473,1.765432352,6
4000,84.36169765,342.6133274,1.768900055,6
4010,84.36177444,342.7825486,1.772367758,6
4020,84.36184982,342.9523128,1.775835461,6
4030,84.36192383,343.1226217,1.779303164,6
4040,84.36199649,343.2934772,1.782770867,6
4050,84.36206781,343.4648809,1.786238571,6
4060,84.36213783,343.6368347,1.789706274,6
4070,84.36220658,343.8093403,1.793173977,6
4080,84.36227406,343.9823997,1.79664168,6
4090,84.36234031,344.1560145,1.800109383,6
4100,84.36240535,344.3301866,1.803577086,6
4110,84.3624692,344.5049178,1.807044789,6
4120,84.36253188,344.68021,1.810512492,6
4130,84.36259342,344.8560649,1.813980195,6
4140,84.36265383,345.0324845,1.817447898,6
4150,84.36271314,345.2094705,1.820915602,6
4160,84.36277136,345.3870247,1.824383305,6
4170,84.36282852,345.5651492,1.827851008,6
4180,84.36288463,345.7438456,1.831318711,6
4190,84.36293972,345.9231159,1.834786414,6
4200,84.3629938,346.1029619,1.838254117,6
4210,84.36304689,346.2833856,1.84172182,6
4220,84.36309901,346.4643888,1.845189523,6
4230,84.36315017,346.6459734,1.848657226,6
4240,84.36320041,346.8281413,1.852124929,6
4250,84.36324972,347.0108944,1.855592633,6
4260,84.36329813,347.1942346,1.859060336,6
4270,84.36334565,347.3781638,1.862528039,6
4280,84.36339231,347.562684,1.865995742,6
4290,84.36343811,347.7477971,1.869463445,6
4300,84.36348308,347.9335049,1.872931148,6
4310,84.36352723,348.1198096,1.876398851,6
4320,84.36357056,348.3067129,1.879866554,6
4330,84.36361311,348.4942169,1.883334257,6
4340,84.36365487,348.6823235,1.88680196,6
4350,84.36369588,348.8710346,1.890269664,6
4360,84.36373613,349.0603524,1.893737367,6
4370,84.36377565,349.2502786,1.89720507,6
4380,84.36381444,349.4408154,1.900672773,6
4390,84.36385252,349.6319647,1.904140476,6
4400,84.36388991,349.8237285,1.907608179,6
4410,84.36392662,350.0161088,1.911075882,6
4420,84.36396265,350.2091077,1.914543585,6
4430,84.36399803,350.402727,1.918011288,6
4440,84.36403276,350.596969,1.921478991,6
4450,84.36406685,350.7918356,1.924946695,6
4460,84.36410032,350.9873287,1.928414398,6
4470,84.36413318,351.1834506,1.931882101,6
4480,84.36416543,351.3802032,1.935349804,6
4490,84.3641971,351.5775886,1.938817507,6
4500,84.36422819,351.7756089,1.94228521,6
4510,84.36425871,351.9742661,1.945752913,6
4520,84.36428867,352.1735623,1.949220616,6
4530,84.36431808,352.3734996,1.952688319,6
4540,84.36434696,352.5740801,1.956156022,6
4550,84.36437531,352.7753058,1.959623726,6
4560,84.36440314,352.977179,1.963091429,6
4570,84.36443046,353.1797016,1.966559132,6
4580,84.36445728,353.3828759,1.970026835,6
4590,84.36448361,353.5867039,1.973494538,6
4600,84.36450946,353.7911878,1.976962241,6
4610,84.36453484,353.9963297,1.980429944,6
4620,84.36455975,354.2021318,1.983897647,6
4630,84.36458421,354.4085962,1.98736535,6
4640,84.36460822,354.6157251,1.990833053,6
4650,84.36463179,354.8235207,1.994300757,6
4660,84.36465493,355.031985,1.99776846,6
4670,84.36467764,355.2411204,2.001236163,6
4680,84.36469995,355.450929,2.004703866,6
4690,84.36472184,355.661413,2.008171569,6
4700,84.36474333,355.8725745,2.011639272,6
4710,84.36476443,356.0844159,2.015106975,6
4720,84.36478515,356.2969393,2.018574678,6
4730,84.36480548,356.510147,2.022042381,6
4740,84.36482545,356.7240412,2.025510084,6
4750,84.36484505,356.938624,2.028977787,6
4760,84.36486429,357.1538979,2.032445491,6
4770,84.36488318,357.369865,2.035913194,6
4780,84.36490172,357.5865276,2.039380897,6
4790,84.36491992,357.8038879,2.0428486,6
4800,84.36493779,358.0219483,2.046316303,6
4810,84.36495534,358.240711,2.049784006,6
4820,84.36497256,358.4601783,2.053251709,6
4830,84.36498947,358.6803525,2.056719412,6
4840,84.36500607,358.9012359,2.060187115,6
4850,84.36502237,359.1228309,2.063654818,6
4860,84.36503837,359.3451397,2.067122522,6
4870,84.36505407,359.5681647,2.070590225,6
4880,84.36506949,359.7919083,2.074057928,6
4890,84.36508463,360.0163727,2.077525631,6
4900,84.36509949,360.2415603,2.080993334,6
4910,84.36511407,360.4674735,2.084461037,6
4920,84.3651284,360.6941146,2.08792874,6
4930,84.36514246,360.9214861,2.091396443,6
4940,84.36515626,361.1495902,2.094864146,6
4950,84.36516981,361.3784295,2.098331849,6
4960,84.36518311,361.6080063,2.101799553,6
4970,84.36519617,361.8383229,2.105267256,6
4980,84.36520899,362.0693819,2.108734959,6
4990,84.36522158,362.3011856,2.112202662,6
5000,84.36523393,362.5337365,2.115670365,6
5010,84.36524606,362.7670369,2.119138068,6
5020,84.36525797,363.0010895,2.122605771,6
5030,84.36526966,363.2358965,2.126073474,6
5040,84.36528114,363.4714605,2.129541177,6
5050,84.3652924,363.7077839,2.13300888,6
5060,84.36530346,363.9448693,2.136476584,6
5070,84.36531432,364.182719,2.139944287,6
5080,84.36532498,364.4213357,2.14341199,6
5090,84.36533545,364.6607217,2.146879693,6
5100,84.36534572,364.9008797,2.150347396,6
5110,84.36535581,365.1418121,2.153815099,6
5120,84.36536571,365.3835214,2.157282802,6
5130,84.36537543,365.6260103,2.160750505,6
5140,84.36538497,365.8692811,2.164218208,6
5150,84.36539434,366.1133366,2.167685911,6
5160,84.36540353,366.3581792,2.171153615,6
5170,84.36541256,366.6038115,2.174621318,6
5180,84.36542143,366.8502361,2.178089021,6
5190,84.36543013,367.0974555,2.181556724,6
5200,84.36543867,367.3454725,2.185024427,6
5210,84.36544706,367.5942895,2.18849213,6
5220,84.36545529,367.8439092,2.191959833,6
5230,84.36546337,368.0943342,2.195427536,6
5240,84.36547131,368.3455671,2.198895239,6
5250,84.3654791,368.5976106,2.202362942,6
5260,84.36548674,368.8504673,2.205830646,6
5270,84.36549425,369.1041399,2.209298349,6
5280,84.36550162,369.358631,2.212766052,6
5290,84.36550885,369.6139433,2.216233755,6
5300,84.36551596,369.8700794,2.219701458,6
5310,84.36552293,370.1270422,2.223169161,6
5320,84.36552978,370.3848342,2.226636864,6
5330,84.3655365,370.6434582,2.230104567,6
5340,84.36554309,370.9029168,2.23357227,6
5350,84.36554957,371.1632129,2.237039973,6
5360,84.36555593,371.4243491,2.240507677,6
5370,84.36556217,371.6863282,2.24397538,6
5380,84.3655683,371.9491529,2.247443083,6
5390,84.36557431,372.212826,2.250910786,6
5400,84.36558022,372.4773502,2.254378489,6
5410,84.36558602,372.7427284,2.257846192,6
5420,84.36559171,373.0089634,2.261313895,6
5430,84.3655973,373.2760578,2.264781598,6
5440,84.36560278,373.5440146,2.268249301,6
5450,84.36560817,373.8128365,2.271717004,6
5460,84.36561346,374.0825263,2.275184708,6
5470,84.36561865,374.353087,2.278652411,6
5480,84.36562374,374.6245213,2.282120114,6
5490,84.36562874,374.896832,2.285587817,6
5500,84.36563365,375.1700222,2.28905552,6
5510,84.36563848,375.4440945,2.292523223,6
5520,84.36564321,375.7190519,2.295990926,6
5530,84.36564785,375.9948973,2.299458629,6
5540,84.36565242,376.2716336,2.302926332,6
5550,84.36565689,376.5492637,2.306394035,6
5560,84.36566129,376.8277905,2.309861739,6
5570,84.36566561,377.1072169,2.313329442,6
5580,84.36566984,377.3875458,2.316797145,6
5590,84.365674,377.6687803,2.320264848,6
5600,84.36567808,377.9509232,2.323732551,6
5610,84.36568209,378.2339776,2.327200254,6
5620,84.36568603,378.5179464,2.330667957,6
5630,84.36568989,378.8028325,2.33413566,6
5640,84.36569368,379.0886391,2.337603363,6
5650,84.36569741,379.375369,2.341071066,6
5660,84.36570106,379.6630253,2.34453877,6
5670,84.36570465,379.951611,2.348006473,6
5680,84.36570817,380.2411292,2.351474176,6
5690,84.36571163,380.5315829,2.354941879,6
5700,84.36571503,380.8229751,2.358409582,6
5710,84.36571836,381.1153089,2.361877285,6
5720,84.36572163,381.4085875,2.365344988,6
5730,84.36572484,381.7028137,2.368812691,6
5740,84.365728,381.9979909,2.372280394,6
5750,84.36573109,382.294122,2.375748097,6
5760,84.36573413,382.5912101,2.3792158,6
5770,84.36573712,382.8892585,2.382683504,6
5780,84.36574005,383.1882702,2.386151207,6
5790,84.36574292,383.4882484,2.38961891,6
5800,84.36574574,383.7891962,2.393086613,6
5810,84.36574851,384.0911167,2.396554316,6
5820,84.36575124,384.3940133,2.400022019,6
5830,84.36575391,384.697889,2.403489722,6
5840,84.36575653,385.002747,2.406957425,6
5850,84.3657591,385.3085906,2.410425128,6
5860,84.36576163,385.615423,2.413892831,6
5870,84.36576411,385.9232473,2.417360535,6
5880,84.36576655,386.2320669,2.420828238,6
5890,84.36576894,386.541885,2.424295941,6
5900,84.36577128,386.8527047,2.427763644,6
5910,84.36577359,387.1645295,2.431231347,6
5920,84.36577585,387.4773626,2.43469905,6
5930,84.36577807,387.7912073,2.438166753,6
5940,84.36578025,388.1060668,2.441634456,6
5950,84.36578239,388.4219445,2.445102159,6
5960,84.36578449,388.7388437,2.448569862,6
5970,84.36578656,389.0567678,2.452037566,6
5980,84.36578858,389.37572,2.455505269,6
5990,84.36579057,389.6957038,2.458972972,6
6000,84.36579252,390.0167225,2.462440675,6
6010,84.36579444,390.3387795,2.465908378,6
6020,84.36579632,390.6618781,2.469376081,6
6030,84.36579816,390.9860218,2.472843784,6
6040,84.36579998,391.311214,2.476311487,6
6050,84.36580176,391.6374581,2.47977919,6
6060,84.3658035,391.9647575,2.483246893,6
6070,84.36580522,392.2931158,2.486714597,6
6080,84.3658069,392.6225362,2.4901823,6
6090,84.36580856,392.9530223,2.493650003,6
6100,84.36581018,393.2845777,2.497117706,6
6110,84.36581177,393.6172057,2.500585409,6
6120,84.36581334,393.9509098,2.504053112,6
6130,84.36581487,394.2856936,2.507520815,6
6140,84.36581638,394.6215607,2.510988518,6
6150,84.36581786,394.9585144,2.514456221,6
6160,84.36581931,395.2965585,2.517923924,6
6170,84.36582074,395.6356964,2.521391628,6
6180,84.36582214,395.9759317,2.524859331,6
6190,84.36582351,396.317268,2.528327034,6
6200,84.36582486,396.6597088,2.531794737,6
6210,84.36582619,397.0032579,2.53526244,6
6220,84.36582749,397.3479187,2.538730143,6
6230,84.36582876,397.693695,2.542197846,6
6240,84.36583002,398.0405904,2.545665549,6
6250,84.36583125,398.3886085,2.549133252,6
6260,84.36583246,398.7377529,2.552600955,6
6270,84.36583364,399.0880275,2.556068659,6
6280,84.36583481,399.4394357,2.559536362,6
6290,84.36583595,399.7919815,2.563004065,6
6300,84.36583707,400.1456683,2.566471768,6
6310,84.36583817,400.5005001,2.569939471,6
6320,84.36583925,400.8564805,2.573407174,6
6330,84.36584031,401.2136132,2.576874877,6
6340,84.36584136,401.5719021,2.58034258,6
6350,84.36584238,401.9313509,2.583810283,6
6360,84.36584338,402.2919634,2.587277986,6
6370,84.36584437,402.6537433,2.59074569,6
6380,84.36584534,403.0166946,2.594213393,6
6390,84.36584629,403.3808209,2.597681096,6
6400,84.36584722,403.7461262,2.601148799,6
6410,84.36584814,404.1126143,2.604616502,6
6420,84.36584904,404.4802891,2.608084205,6
6430,84.36584992,404.8491544,2.611551908,6
6440,84.36585079,405.2192141,2.615019611,6
6450,84.36585164,405.5904721,2.618487314,6
6460,84.36585247,405.9629323,2.621955017,6
6470,84.36585329,406.3365987,2.625422721,6
6480,84.3658541,406.7114751,2.628890424,6
6490,84.36585489,407.0875656,2.632358127,6
6500,84.36585566,407.4648741,2.63582583,6
6510,84.36585642,407.8434045,2.639293533,6
6520,84.36585717,408.2231609,2.642761236,6
6530,84.3658579,408.6041472,2.646228939,6
6540,84.36585862,408.9863675,2.649696642,6
6550,84.36585933,409.3698258,2.653164345,6
6560,84.36586003,409.7545261,2.656632048,6
6570,84.36586071,410.1404725,2.660099752,6
6580,84.36586138,410.527669,2.663567455,6
6590,84.36586203,410.9161198,2.667035158,6
6600,84.36586268,411.3058289,2.670502861,6
6610,84.36586331,411.6968005,2.673970564,6
6620,84.36586393,412.0890385,2.677438267,6
6630,84.36586454,412.4825473,2.68090597,6
6640,84.36586514,412.8773309,2.684373673,6
6650,84.36586573,413.2733935,2.687841376,6
6660,84.36586631,413.6707392,2.691309079,6
6670,84.36586688,414.0693723,2.694776783,6
6680,84.36586743,414.4692969,2.698244486,6
6690,84.36586798,414.8705173,2.701712189,6
6700,84.36586851,415.2730377,2.705179892,6
6710,84.36586904,415.6768623,2.708647595,6
6720,84.36586956,416.0819954,2.712115298,6
6730,84.36587007,416.4884413,2.715583001,6
6740,84.36587056,416.8962042,2.719050704,6
6750,84.36587105,417.3052884,2.722518407,6
6760,84.36587153,417.7156983,2.72598611,6
6770,84.365872,418.1274382,2.729453814,6
6780,84.36587247,418.5405124,2.732921517,6
6790,84.36587292,418.9549253,2.73638922,6
6800,84.36587337,419.3706812,2.739856923,6
6810,84.3658738,419.7877845,2.743324626,6
6820,84.36587423,420.2062397,2.746792329,6
6830,84.36587466,420.626051,2.750260032,6
6840,84.36587507,421.0472231,2.753727735,6
6850,84.36587548,421.4697602,2.757195438,6
6860,84.36587588,421.8936669,2.760663141,6
6870,84.36587627,422.3189476,2.764130844,6
6880,84.36587665,422.7456068,2.767598548,6
6890,84.36587703,423.173649,2.771066251,6
6900,84.3658774,423.6030787,2.774533954,6
6910,84.36587777,424.0339005,2.778001657,6
6920,84.36587812,424.4661188,2.78146936,6
6930,84.36587847,424.8997383,2.784937063,6
6940,84.36587882,425.3347635,2.788404766,6
6950,84.36587916,425.771199,2.791872469,6
6960,84.36587949,426.2090494,2.795340172,6
6970,84.36587981,426.6483193,2.798807875,6
6980,84.36588013,427.0890134,2.802275579,6
6990,84.36588045,427.5311362,2.805743282,6
7000,84.36588076,427.9746926,2.809210985,6
7010,84.36588106,428.419687,2.812678688,6
7020,84.36588136,428.8661243,2.816146391,6
7030,84.36588165,429.3140092,2.819614094,6
7040,84.36588193,429.7633463,2.823081797,6
7050,84.36588221,430.2141404,2.8265495,6
7060,84.36588249,430.6663963,2.830017203,6
7070,84.36588276,431.1201186,2.833484906,6
7080,84.36588303,431.5753123,2.83695261,6
7090,84.36588329,432.0319822,2.840420313,6
7100,84.36588355,432.4901329,2.843888016,6
7110,84.3658838,432.9497694,2.847355719,6
7120,84.36588404,433.4108965,2.850823422,6
7130,84.36588429,433.8735191,2.854291125,6
7140,84.36588452,434.3376421,2.857758828,6
7150,84.36588476,434.8032703,2.861226531,6
7160,84.36588499,435.2704086,2.864694234,6
7170,84.36588521,435.7390621,2.868161937,6
7180,84.36588543,436.2092355,2.871629641,6
7190,84.36588565,436.680934,2.875097344,6
7200,84.36588586,437.1541625,2.878565047,6
7210,84.36588607,437.6289259,2.88203275,6
7220,84.36588628,438.1052292,2.885500453,6
7230,84.36588648,438.5830776,2.888968156,6
7240,84.36588668,439.062476,2.892435859,6
7250,84.36588687,439.5434295,2.895903562,6
7260,84.36588706,440.0259432,2.899371265,6
7270,84.36588725,440.5100222,2.902838968,6
7280,84.36588744,440.9956715,2.906306672,6
7290,84.36588762,441.4828963,2.909774375,6
7300,84.36588779,441.9717017,2.913242078,6
7310,84.36588797,442.4620929,2.916709781,6
7320,84.36588814,442.9540751,2.920177484,6
7330,84.36588831,443.4476535,2.923645187,6
7340,84.36588847,443.9428332,2.92711289,6
7350,84.36588863,444.4396195,2.930580593,6
7360,84.36588879,444.9380177,2.934048296,6
7370,84.36588895,445.4380329,2.937515999,6
7380,84.3658891,445.9396706,2.940983703,6
7390,84.36588925,446.4429358,2.944451406,6
7400,84.3658894,446.9478341,2.947919109,6
7410,84.36588954,447.4543707,2.951386812,6
7420,84.36588968,447.9625509,2.954854515,6
7430,84.36588982,448.4723801,2.958322218,6
7440,84.36588996,448.9838638,2.961789921,6
7450,84.36589009,449.4970072,2.965257624,6
7460,84.36589023,450.0118158,2.968725327,6
7470,84.36589036,450.5282951,2.97219303,6
7480,84.36589048,451.0464505,2.975660734,6
7490,84.36589061,451.5662874,2.979128437,6
7500,84.36589073,452.0878114,2.98259614,6
7510,84.36589085,452.611028,2.986063843,6
7520,84.36589097,453.1359426,2.989531546,6
7530,84.36589108,453.6625609,2.992999249,6
7540,84.3658912,454.1908883,2.996466952,6
7550,84.36589131,454.7209305,2.999934655,6
7560,84.36589142,455.252693,3.003402358,6
7570,84.36589153,455.7861815,3.006870061,6
7580,84.36589163,456.3214017,3.010337765,6
7590,84.36589174,456.858359,3.013805468,6
7600,84.36589184,457.3970593,3.017273171,6
7610,84.36589194,457.9375082,3.020740874,6
7620,84.36589204,458.4797114,3.024208577,6
7630,84.36589213,459.0236746,3.02767628,6
7640,84.36589223,459.5694037,3.031143983,6
7650,84.36589232,460.1169042,3.034611686,6
7660,84.36589241,460.6661821,3.038079389,6
7670,84.3658925,461.2172431,3.041547092,6
7680,84.36589259,461.7700931,3.045014796,6
7690,84.36589268,462.3247378,3.048482499,6
7700,84.36589276,462.8811832,3.051950202,6
7710,84.36589284,463.439435,3.055417905,6
7720,84.36589292,463.9994993,3.058885608,6
7730,84.365893,464.5613819,3.062353311,6
7740,84.36589308,465.1250888,3.065821014,6
7750,84.36589316,465.6906258,3.069288717,6
7760,84.36589324,466.2579991,3.07275642,6
7770,84.36589331,466.8272145,3.076224123,6
7780,84.36589338,467.3982781,3.079691827,6
7790,84.36589346,467.9711959,3.08315953,6
7800,84.36589353,468.5459739,3.086627233,6
7810,84.3658936,469.1226183,3.090094936,6
7820,84.36589366,469.7011351,3.093562639,6
7830,84.36589373,470.2815305,3.097030342,6
7840,84.3658938,470.8638105,3.100498045,6
7850,84.36589386,471.4479814,3.103965748,6
7860,84.36589392,472.0340492,3.107433451,6
7870,84.36589398,472.6220202,3.110901154,6
7880,84.36589405,473.2119005,3.114368857,6
7890,84.3658941,473.8036965,3.117836561,6
7900,84.36589416,474.3974144,3.121304264,6
7910,84.36589422,474.9930604,3.124771967,6
7920,84.36589428,475.5906408,3.12823967,6
7930,84.36589433,476.1901619,3.131707373,6
7940,84.36589439,476.7916302,3.135175076,6
7950,84.36589444,477.3950518,3.138642779,6
7960,84.36589449,478.0004333,3.142110482,6
7970,84.36589454,478.607781,3.145578185,6
7980,84.3658946,479.2171012,3.149045888,6
7990,84.36589464,479.8284005,3.152513592,6
8000,84.36589469,480.4416854,3.155981295,6
0,77.22898369,296.0410148,0.296948804,7
10,77.32058959,296.0756946,0.300110055,7
20,77.41075561,296.1104777,0.303271306,7
30,77.49950436,296.1453644,0.306432558,7
40,77.58685813,296.1803552,0.309593809,7
50,77.67283885,296.2154502,0.312755061,7
60,77.75746809,296.25065,0.315916312,7
70,77.8407671,296.2859547,0.319077563,7
80,77.92275678,296.3213648,0.322238815,7
90,78.00345773,296.3568806,0.325400066,7
100,78.08289019,296.3925023,0.328561318,7
110,78.1610741,296.4282305,0.331722569,7
120,78.23802909,296.4640653,0.334883821,7
130,78.31377448,296.5000072,0.338045072,7
140,78.38832927,296.5360564,0.341206323,7
150,78.46171219,296.5722134,0.344367575,7
160,78.53394164,296.6084784,0.347528826,7
170,78.60503578,296.6448519,0.350690078,7
180,78.67501242,296.6813341,0.353851329,7
190,78.74388916,296.7179254,0.35701258,7
200,78.81168326,296.7546262,0.360173832,7
210,78.87841175,296.7914368,0.363335083,7
220,78.94409139,296.8283576,0.366496335,7
230,79.00873864,296.8653889,0.369657586,7
240,79.07236975,296.9025311,0.372818838,7
250,79.13500069,296.9397845,0.375980089,7
260,79.19664716,296.9771495,0.37914134,7
270,79.25732466,297.0146264,0.382302592,7
280,79.31704841,297.0522156,0.385463843,7
290,79.3758334,297.0899175,0.388625095,7
300,79.43369439,297.1277324,0.391786346,7
310,79.4906459,297.1656608,0.394947597,7
320,79.54670223,297.2037028,0.398108849,7
330,79.60187744,297.241859,0.4012701,7
340,79.65618539,297.2801297,0.404431352,7
350,79.70963971,297.3185152,0.407592603,7
360,79.76225382,297.3570159,0.410753854,7
370,79.81404091,297.3956322,0.413915106,7
380,79.86501401,297.4343645,0.417076357,7
390,79.91518589,297.4732131,0.420237609,7
400,79.96456915,297.5121784,0.42339886,7
410,80.01317619,297.5512607,0.426560112,7
420,80.0610192,297.5904606,0.429721363,7
430,80.1081102,297.6297782,0.432882614,7
440,80.15446101,297.6692141,0.436043866,7
450,80.20008327,297.7087685,0.439205117,7
460,80.24498841,297.7484419,0.442366369,7
470,80.28918772,297.7882347,0.44552762,7
480,80.3326923,297.8281472,0.448688871,7
490,80.37551305,297.8681798,0.451850123,7
500,80.41766073,297.9083329,0.455011374,7
510,80.45914592,297.9486069,0.458172626,7
520,80.49997903,297.9890021,0.461333877,7
530,80.54017031,298.029519,0.464495129,7
540,80.57972985,298.070158,0.46765638,7
550,80.61866758,298.1109194,0.470817631,7
560,80.65699328,298.1518037,0.473978883,7
570,80.69471656,298.1928112,0.477140134,7
580,80.73184689,298.2339423,0.480301386,7
590,80.76839359,298.2751974,0.483462637,7
600,80.80436584,298.3165769,0.486623888,7
610,80.83977267,298.3580813,0.48978514,7
620,80.87462296,298.3997109,0.492946391,7
630,80.90892546,298.4414661,0.496107643,7
640,80.94268878,298.4833473,0.499268894,7
650,80.9759214,298.525355,0.502430145,7
660,81.00863165,298.5674895,0.505591397,7
670,81.04082776,298.6097512,0.508752648,7
680,81.07251779,298.6521406,0.5119139,7
690,81.10370972,298.694658,0.515075151,7
700,81.13441135,298.7373039,0.518236403,7
710,81.16463041,298.7800787,0.521397654,7
720,81.19437447,298.8229827,0.524558905,7
730,81.22365101,298.8660165,0.527720157,7
740,81.25246737,298.9091804,0.530881408,7
750,81.28083078,298.9524748,0.53404266,7
760,81.30874837,298.9959002,0.537203911,7
770,81.33622713,299.039457,0.540365162,7
780,81.36327398,299.0831456,0.543526414,7
790,81.3898957,299.1269664,0.546687665,7
800,81.41609896,299.1709198,0.549848917,7
810,81.44189036,299.2150063,0.553010168,7
820,81.46727636,299.2592264,0.55617142,7
830,81.49226333,299.3035803,0.559332671,7
840,81.51685754,299.3480686,0.562493922,7
850,81.54106518,299.3926917,0.565655174,7
860,81.56489231,299.43745,0.568816425,7
870,81.58834492,299.482344,0.571977677,7
880,81.6114289,299.527374,0.575138928,7
890,81.63415003,299.5725406,0.578300179,7
900,81.65651402,299.6178441,0.581461431,7
910,81.67852649,299.6632851,0.584622682,7
920,81.70019296,299.7088638,0.587783934,7
930,81.72151887,299.7545809,0.590945185,7
940,81.74250957,299.8004367,0.594106436,7
950,81.76317033,299.8464317,0.597267688,7
960,81.78350634,299.8925663,0.600428939,7
970,81.8035227,299.9388409,0.603590191,7
980,81.82322443,299.9852561,0.606751442,7
990,81.84261649,300.0318122,0.609912694,7
1000,81.86170374,300.0785098,0.613073945,7
1010,81.88049096,300.1253492,0.616235196,7
1020,81.89898289,300.172331,0.619396448,7
1030,81.91718415,300.2194555,0.622557699,7
1040,81.93509931,300.2667233,0.625718951,7
1050,81.95273288,300.3141348,0.628880202,7
1060,81.97008928,300.3616904,0.632041453,7
1070,81.98717287,300.4093907,0.635202705,7
1080,82.00398793,300.457236,0.638363956,7
1090,82.02053868,300.5052269,0.641525208,7
1100,82.03682929,300.5533639,0.644686459,7
1110,82.05286383,300.6016473,0.64784771,7
1120,82.06864633,300.6500776,0.651008962,7
1130,82.08418077,300.6986554,0.654170213,7
1140,82.09947102,300.7473812,0.657331465,7
1150,82.11452094,300.7962552,0.660492716,7
1160,82.1293343,300.8452782,0.663653968,7
1170,82.14391482,300.8944504,0.666815219,7
1180,82.15826615,300.9437725,0.66997647,7
1190,82.17239191,300.9932449,0.673137722,7
1200,82.18629563,301.042868,0.676298973,7
1210,82.19998081,301.0926424,0.679460225,7
1220,82.21345088,301.1425685,0.682621476,7
1230,82.22670923,301.1926469,0.685782727,7
1240,82.23975917,301.2428779,0.688943979,7
1250,82.252604,301.2932622,0.69210523,7
1260,82.26524692,301.3438002,0.695266482,7
1270,82.27769111,301.3944923,0.698427733,7
1280,82.28993971,301.4453391,0.701588985,7
1290,82.30199577,301.4963412,0.704750236,7
1300,82.31386234,301.5474989,0.707911487,7
1310,82.32554238,301.5988127,0.711072739,7
1320,82.33703883,301.6502833,0.71423399,7
1330,82.34835458,301.701911,0.717395242,7
1340,82.35949246,301.7536964,0.720556493,7
1350,82.37045527,301.80564,0.723717744,7
1360,82.38124577,301.8577423,0.726878996,7
1370,82.39186666,301.9100038,0.730040247,7
1380,82.4023206,301.962425,0.733201499,7
1390,82.41261023,302.0150064,0.73636275,7
1400,82.42273812,302.0677486,0.739524001,7
1410,82.43270681,302.120652,0.742685253,7
1420,82.44251882,302.1737172,0.745846504,7
1430,82.45217659,302.2269447,0.749007756,7
1440,82.46168256,302.2803351,0.752169007,7
1450,82.47103912,302.3338887,0.755330259,7
1460,82.4802486,302.3876062,0.75849151,7
1470,82.48931333,302.4414881,0.761652761,7
1480,82.49823557,302.4955349,0.764814013,7
1490,82.50701757,302.5497472,0.767975264,7
1500,82.51566153,302.6041254,0.771136516,7
1510,82.52416963,302.6586701,0.774297767,7
1520,82.53254399,302.7133819,0.777459018,7
1530,82.54078672,302.7682612,0.78062027,7
1540,82.54889989,302.8233086,0.783781521,7
1550,82.55688553,302.8785247,0.786942773,7
1560,82.56474565,302.93391,0.790104024,7
1570,82.57248222,302.989465,0.793265276,7
1580,82.58009719,303.0451903,0.796426527,7
1590,82.58759246,303.1010865,0.799587778,7
1600,82.59496992,303.1571539,0.80274903,7
1610,82.60223141,303.2133934,0.805910281,7
1620,82.60937877,303.2698052,0.809071533,7
1630,82.61641379,303.3263902,0.812232784,7
1640,82.62333822,303.3831486,0.815394035,7
1650,82.63015382,303.4400813,0.818555287,7
1660,82.63686228,303.4971886,0.821716538,7
1670,82.6434653,303.5544712,0.82487779,7
1680,82.64996453,303.6119296,0.828039041,7
1690,82.6563616,303.6695643,0.831200292,7
1700,82.66265813,303.7273761,0.834361544,7
1710,82.66885568,303.7853653,0.837522795,7
1720,82.67495581,303.8435326,0.840684047,7
1730,82.68096006,303.9018786,0.843845298,7
1740,82.68686994,303.9604038,0.84700655,7
1750,82.69268692,304.0191088,0.850167801,7
1760,82.69841247,304.0779942,0.853329052,7
1770,82.70404802,304.1370606,0.856490304,7
1780,82.70959499,304.1963085,0.859651555,7
1790,82.71505477,304.2557385,0.862812807,7
1800,82.72042873,304.3153512,0.865974058,7
1810,82.72571823,304.3751472,0.869135309,7
1820,82.73092458,304.4351271,0.872296561,7
1830,82.73604909,304.4952914,0.875457812,7
1840,82.74109306,304.5556408,0.878619064,7
1850,82.74605774,304.6161759,0.881780315,7
1860,82.75094439,304.6768972,0.884941567,7
1870,82.75575423,304.7378053,0.888102818,7
1880,82.76048846,304.798901,0.891264069,7
1890,82.76514828,304.8601846,0.894425321,7
1900,82.76973486,304.9216569,0.897586572,7
1910,82.77424934,304.9833184,0.900747824,7
1920,82.77869286,305.0451699,0.903909075,7
1930,82.78306654,305.1072117,0.907070326,7
1940,82.78737147,305.1694447,0.910231578,7
1950,82.79160873,305.2318694,0.913392829,7
1960,82.79577939,305.2944863,0.916554081,7
1970,82.7998845,305.3572962,0.919715332,7
1980,82.80392508,305.4202996,0.922876583,7
1990,82.80790215,305.4834972,0.926037835,7
2000,82.8118167,305.5468896,0.929199086,7
2010,82.81566973,305.6104774,0.932360338,7
2020,82.81946219,305.6742613,0.935521589,7
2030,82.82319504,305.7382418,0.938682841,7
2040,82.82686922,305.8024196,0.941844092,7
2050,82.83048564,305.8667953,0.945005343,7
2060,82.83404522,305.9313696,0.948166595,7
2070,82.83754885,305.9961431,0.951327846,7
2080,82.84099741,306.0611165,0.954489098,7
2090,82.84439176,306.1262903,0.957650349,7
2100,82.84773276,306.1916652,0.9608116,7
2110,82.85102125,306.257242,0.963972852,7
2120,82.85425804,306.3230211,0.967134103,7
2130,82.85744396,306.3890033,0.970295355,7
2140,82.8605798,306.4551892,0.973456606,7
2150,82.86366635,306.5215795,0.976617858,7
2160,82.86670438,306.5881748,0.979779109,7
2170,82.86969467,306.6549758,0.98294036,7
2180,82.87263795,306.7219832,0.986101612,7
2190,82.87553496,306.7891975,0.989262863,7
2200,82.87838644,306.8566195,0.992424115,7
2210,82.8811931,306.9242499,0.995585366,7
2220,82.88395564,306.9920893,0.998746617,7
2230,82.88667476,307.0601383,1.001907869,7
2240,82.88935114,307.1283977,1.00506912,7
2250,82.89198546,307.1968681,1.008230372,7
2260,82.89457836,307.2655502,1.011391623,7
2270,82.89713051,307.3344446,1.014552874,7
2280,82.89964254,307.4035522,1.017714126,7
2290,82.90211509,307.4728734,1.020875377,7
2300,82.90454878,307.5424091,1.024036629,7
2310,82.90694421,307.61216,1.02719788,7
2320,82.90930199,307.6821266,1.030359132,7
2330,82.91162271,307.7523097,1.033520383,7
2340,82.91390695,307.82271,1.036681634,7
2350,82.91615528,307.8933282,1.039842886,7
2360,82.91836828,307.9641649,1.043004137,7
2370,82.92054649,308.035221,1.046165389,7
2380,82.92269046,308.1064971,1.04932664,7
2390,82.92480073,308.1779938,1.052487891,7
2400,82.92687784,308.2497119,1.055649143,7
2410,82.92892229,308.3216522,1.058810394,7
2420,82.93093461,308.3938153,1.061971646,7
2430,82.9329153,308.4662019,1.065132897,7
2440,82.93486486,308.5388128,1.068294149,7
2450,82.93678377,308.6116487,1.0714554,7
2460,82.93867252,308.6847102,1.074616651,7
2470,82.94053158,308.7579982,1.077777903,7
2480,82.94236142,308.8315133,1.080939154,7
2490,82.9441625,308.9052563,1.084100406,7
2500,82.94593527,308.9792279,1.087261657,7
2510,82.94768017,309.0534289,1.090422908,7
2520,82.94939765,309.1278599,1.09358416,7
2530,82.95108813,309.2025218,1.096745411,7
2540,82.95275204,309.2774151,1.099906663,7
2550,82.9543898,309.3525408,1.103067914,7
2560,82.95600181,309.4278996,1.106229165,7
2570,82.95758848,309.5034921,1.109390417,7
2580,82.95915022,309.5793191,1.112551668,7
2590,82.9606874,309.6553815,1.11571292,7
2600,82.96220043,309.7316799,1.118874171,7
2610,82.96368967,309.8082151,1.122035423,7
2620,82.9651555,309.8849878,1.125196674,7
2630,82.9665983,309.9619989,1.128357925,7
2640,82.96801841,310.0392491,1.131519177,7
2650,82.96941621,310.1167391,1.134680428,7
2660,82.97079203,310.1944698,1.13784168,7
2670,82.97214622,310.2724418,1.141002931,7
2680,82.97347914,310.350656,1.144164182,7
2690,82.97479109,310.4291132,1.147325434,7
2700,82.97608243,310.5078141,1.150486685,7
2710,82.97735347,310.5867594,1.153647937,7
2720,82.97860453,310.6659501,1.156809188,7
2730,82.97983593,310.7453869,1.159970439,7
2740,82.98104797,310.8250705,1.163131691,7
2750,82.98224096,310.9050018,1.166292942,7
2760,82.9834152,310.9851816,1.169454194,7
2770,82.98457098,311.0656105,1.172615445,7
2780,82.9857086,311.1462896,1.175776697,7
2790,82.98682833,311.2272195,1.178937948,7
2800,82.98793046,311.308401,1.182099199,7
2810,82.98901527,311.389835,1.185260451,7
2820,82.99008303,311.4715223,1.188421702,7
2830,82.991134,311.5534637,1.191582954,7
2840,82.99216846,311.63566,1.194744205,7
2850,82.99318665,311.7181119,1.197905456,7
2860,82.99418884,311.8008205,1.201066708,7
2870,82.99517528,311.8837864,1.204227959,7
2880,82.99614621,311.9670104,1.207389211,7
2890,82.99710188,312.0504935,1.210550462,7
2900,82.99804253,312.1342364,1.213711714,7
2910,82.9989684,312.21824,1.216872965,7
2920,82.99987971,312.3025052,1.220034216,7
2930,83.00077669,312.3870326,1.223195468,7
2940,83.00165958,312.4718233,1.226356719,7
2950,83.00252859,312.556878,1.229517971,7
2960,83.00338394,312.6421976,1.232679222,7
2970,83.00422585,312.7277829,1.235840473,7
2980,83.00505452,312.8136348,1.239001725,7
2990,83.00587017,312.8997542,1.242162976,7
3000,83.00667299,312.9861418,1.245324228,7
3010,83.0074632,313.0727986,1.248485479,7
3020,83.00824099,313.1597254,1.25164673,7
3030,83.00900655,313.2469232,1.254807982,7
3040,83.00976007,313.3343926,1.257969233,7
3050,83.01050176,313.4221347,1.261130485,7
3060,83.01123178,313.5101504,1.264291736,7
3070,83.01195033,313.5984403,1.267452988,7
3080,83.01265759,313.6870056,1.270614239,7
3090,83.01335373,313.775847,1.27377549,7
3100,83.01403893,313.8649654,1.276936742,7
3110,83.01471335,313.9543617,1.280097993,7
3120,83.01537718,314.0440369,1.283259245,7
3130,83.01603057,314.1339917,1.286420496,7
3140,83.01667369,314.2242272,1.289581747,7
3150,83.01730671,314.3147442,1.292742999,7
3160,83.01792977,314.4055435,1.29590425,7
3170,83.01854304,314.4966262,1.299065502,7
3180,83.01914667,314.587993,1.302226753,7
3190,83.01974081,314.6796451,1.305388005,7
3200,83.02032561,314.7715831,1.308549256,7
3210,83.02090122,314.8638081,1.311710507,7
3220,83.02146779,314.956321,1.314871759,7
3230,83.02202544,315.0491227,1.31803301,7
3240,83.02257434,315.1422141,1.321194262,7
3250,83.0231146,315.2355962,1.324355513,7
3260,83.02364637,315.3292699,1.327516764,7
3270,83.02416979,315.4232361,1.330678016,7
3280,83.02468497,315.5174958,1.333839267,7
3290,83.02519206,315.6120498,1.337000519,7
3300,83.02569118,315.7068993,1.34016177,7
3310,83.02618245,315.802045,1.343323021,7
3320,83.02666601,315.897488,1.346484273,7
3330,83.02714196,315.9932291,1.349645524,7
3340,83.02761042,316.0892695,1.352806776,7
3350,83.02807153,316.1856099,1.355968027,7
3360,83.02852539,316.2822514,1.359129279,7
3370,83.02897211,316.379195,1.36229053,7
3380,83.02941181,316.4764416,1.365451781,7
3390,83.0298446,316.5739922,1.368613033,7
3400,83.03027059,316.6718477,1.371774284,7
3410,83.03068988,316.7700092,1.374935536,7
3420,83.03110259,316.8684776,1.378096787,7
3430,83.0315088,316.9672539,1.381258038,7
3440,83.03190863,317.066339,1.38441929,7
3450,83.03230218,317.1657341,1.387580541,7
3460,83.03268953,317.2654401,1.390741793,7
3470,83.0330708,317.3654579,1.393903044,7
3480,83.03344608,317.4657886,1.397064296,7
3490,83.03381546,317.5664331,1.400225547,7
3500,83.03417903,317.6673926,1.403386798,7
3510,83.03453689,317.7686679,1.40654805,7
3520,83.03488912,317.8702602,1.409709301,7
3530,83.03523582,317.9721703,1.412870553,7
3540,83.03557707,318.0743995,1.416031804,7
3550,83.03591295,318.1769485,1.419193055,7
3560,83.03624355,318.2798186,1.422354307,7
3570,83.03656896,318.3830107,1.425515558,7
3580,83.03688925,318.4865259,1.42867681,7
3590,83.03720451,318.5903651,1.431838061,7
3600,83.03751481,318.6945295,1.434999312,7
3610,83.03782024,318.79902,1.438160564,7
3620,83.03812086,318.9038378,1.441321815,7
3630,83.03841676,319.0089838,1.444483067,7
3640,83.03870801,319.1144591,1.447644318,7
3650,83.03899468,319.2202648,1.45080557,7
3660,83.03927684,319.326402,1.453966821,7
3670,83.03955457,319.4328717,1.457128072,7
3680,83.03982794,319.5396749,1.460289324,7
3690,83.040097,319.6468127,1.463450575,7
3700,83.04036184,319.7542863,1.466611827,7
3710,83.04062251,319.8620966,1.469773078,7
3720,83.04087909,319.9702449,1.472934329,7
3730,83.04113164,320.078732,1.476095581,7
3740,83.04138021,320.1875592,1.479256832,7
3750,83.04162488,320.2967276,1.482418084,7
3760,83.0418657,320.4062381,1.485579335,7
3770,83.04210273,320.516092,1.488740587,7
3780,83.04233605,320.6262902,1.491901838,7
3790,83.04256569,320.7368341,1.495063089,7
3800,83.04279172,320.8477245,1.498224341,7
3810,83.0430142,320.9589627,1.501385592,7
3820,83.04323319,321.0705497,1.504546844,7
3830,83.04344873,321.1824867,1.507708095,7
3840,83.04366088,321.2947749,1.510869346,7
3850,83.0438697,321.4074152,1.514030598,7
3860,83.04407524,321.5204089,1.517191849,7
3870,83.04427754,321.6337571,1.520353101,7
3880,83.04447667,321.7474609,1.523514352,7
3890,83.04467267,321.8615215,1.526675603,7
3900,83.04486558,321.97594,1.529836855,7
3910,83.04505546,322.0907176,1.532998106,7
3920,83.04524236,322.2058553,1.536159358,7
3930,83.04542632,322.3213544,1.539320609,7
3940,83.04560739,322.4372161,1.542481861,7
3950,83.04578562,322.5534414,1.545643112,7
3960,83.04596104,322.6700316,1.548804363,7
3970,83.0461337,322.7869879,1.551965615,7
3980,83.04630365,322.9043113,1.555126866,7
3990,83.04647093,323.0220031,1.558288118,7
4000,83.04663558,323.1400644,1.561449369,7
4010,83.04679764,323.2584965,1.56461062,7
4020,83.04695716,323.3773005,1.567771872,7
4030,83.04711416,323.4964777,1.570933123,7
4040,83.0472687,323.6160291,1.574094375,7
4050,83.04742081,323.7359561,1.577255626,7
4060,83.04757053,323.8562598,1.580416877,7
4070,83.0477179,323.9769415,1.583578129,7
4080,83.04786295,324.0980023,1.58673938,7
4090,83.04800572,324.2194434,1.589900632,7
4100,83.04814624,324.3412662,1.593061883,7
4110,83.04828456,324.4634717,1.596223135,7
4120,83.0484207,324.5860613,1.599384386,7
4130,83.0485547,324.7090361,1.602545637,7
4140,83.0486866,324.8323975,1.605706889,7
4150,83.04881642,324.9561466,1.60886814,7
4160,83.04894421,325.0802846,1.612029392,7
4170,83.04906998,325.2048129,1.615190643,7
4180,83.04919378,325.3297327,1.618351894,7
4190,83.04931563,325.4550452,1.621513146,7
4200,83.04943556,325.5807517,1.624674397,7
4210,83.04955361,325.7068535,1.627835649,7
4220,83.04966981,325.8333518,1.6309969,7
4230,83.04978418,325.9602479,1.634158152,7
4240,83.04989675,326.0875431,1.637319403,7
4250,83.05000755,326.2152386,1.640480654,7
4260,83.05011661,326.3433358,1.643641906,7
4270,83.05022395,326.4718359,1.646803157,7
4280,83.05032961,326.6007403,1.649964409,7
4290,83.05043361,326.7300501,1.65312566,7
4300,83.05053597,326.8597668,1.656286911,7
4310,83.05063673,326.9898916,1.659448163,7
4320,83.0507359,327.1204258,1.662609414,7
4330,83.05083351,327.2513707,1.665770666,7
4340,83.05092959,327.3827278,1.668931917,7
4350,83.05102415,327.5144982,1.672093168,7
4360,83.05111723,327.6466833,1.67525442,7
4370,83.05120885,327.7792845,1.678415671,7
4380,83.05129903,327.912303,1.681576923,7
4390,83.05138779,328.0457403,1.684738174,7
4400,83.05147515,328.1795976,1.687899426,7
4410,83.05156115,328.3138763,1.691060677,7
4420,83.05164579,328.4485777,1.694221928,7
4430,83.05172909,328.5837033,1.69738318,7
4440,83.05181109,328.7192544,1.700544431,7
4450,83.05189181,328.8552322,1.703705683,7
4460,83.05197125,328.9916383,1.706866934,7
4470,83.05204944,329.128474,1.710028185,7
4480,83.05212641,329.2657406,1.713189437,7
4490,83.05220216,329.4034395,1.716350688,7
4500,83.05227673,329.5415722,1.71951194,7
4510,83.05235012,329.68014,1.722673191,7
4520,83.05242236,329.8191443,1.725834443,7
4530,83.05249346,329.9585865,1.728995694,7
4540,83.05256345,330.098468,1.732156945,7
4550,83.05263233,330.2387903,1.735318197,7
4560,83.05270013,330.3795547,1.738479448,7
4570,83.05276687,330.5207626,1.7416407,7
4580,83.05283256,330.6624155,1.744801951,7
4590,83.05289721,330.8045149,1.747963202,7
4600,83.05296085,330.947062,1.751124454,7
4610,83.05302349,331.0900584,1.754285705,7
4620,83.05308515,331.2335056,1.757446957,7
4630,83.05314583,331.3774049,1.760608208,7
4640,83.05320556,331.5217578,1.763769459,7
4650,83.05326435,331.6665658,1.766930711,7
4660,83.05332222,331.8118303,1.770091962,7
4670,83.05337918,331.9575528,1.773253214,7
4680,83.05343525,332.1037348,1.776414465,7
4690,83.05349043,332.2503776,1.779575717,7
4700,83.05354474,332.3974829,1.782736968,7
4710,83.0535982,332.5450521,1.785898219,7
4720,83.05365082,332.6930867,1.789059471,7
4730,83.05370262,332.8415881,1.792220722,7
4740,83.0537536,332.9905579,1.795381974,7
4750,83.05380378,333.1399976,1.798543225,7
4760,83.05385316,333.2899086,1.801704476,7
4770,83.05390178,333.4402926,1.804865728,7
4780,83.05394963,333.5911509,1.808026979,7
4790,83.05399672,333.7424852,1.811188231,7
4800,83.05404308,333.894297,1.814349482,7
4810,83.05408871,334.0465877,1.817510734,7
4820,83.05413362,334.1993589,1.820671985,7
4830,83.05417782,334.3526122,1.823833236,7
4840,83.05422133,334.5063492,1.826994488,7
4850,83.05426416,334.6605712,1.830155739,7
4860,83.05430631,334.81528,1.833316991,7
4870,83.0543478,334.9704771,1.836478242,7
4880,83.05438864,335.126164,1.839639493,7
4890,83.05442884,335.2823424,1.842800745,7
4900,83.0544684,335.4390137,1.845961996,7
4910,83.05450735,335.5961796,1.849123248,7
4920,83.05454568,335.7538417,1.852284499,7
4930,83.0545834,335.9120015,1.85544575,7
4940,83.05462054,336.0706606,1.858607002,7
4950,83.05465709,336.2298207,1.861768253,7
4960,83.05469307,336.3894834,1.864929505,7
4970,83.05472848,336.5496502,1.868090756,7
4980,83.05476333,336.7103228,1.871252008,7
4990,83.05479764,336.8715028,1.874413259,7
5000,83.05483141,337.0331919,1.87757451,7
5010,83.05486464,337.1953916,1.880735762,7
5020,83.05489736,337.3581036,1.883897013,7
5030,83.05492956,337.5213296,1.887058265,7
5040,83.05496125,337.6850711,1.890219516,7
5050,83.05499245,337.8493299,1.893380767,7
5060,83.05502315,338.0141076,1.896542019,7
5070,83.05505338,338.1794059,1.89970327,7
5080,83.05508313,338.3452264,1.902864522,7
5090,83.05511241,338.5115709,1.906025773,7
5100,83.05514123,338.6784409,1.909187025,7
5110,83.05516959,338.8458382,1.912348276,7
5120,83.05519751,339.0137645,1.915509527,7
5130,83.055225,339.1822215,1.918670779,7
5140,83.05525205,339.3512108,1.92183203,7
5150,83.05527867,339.5207342,1.924993282,7
5160,83.05530488,339.6907934,1.928154533,7
5170,83.05533067,339.8613902,1.931315784,7
5180,83.05535606,340.0325261,1.934477036,7
5190,83.05538105,340.204203,1.937638287,7
5200,83.05540565,340.3764226,1.940799539,7
5210,83.05542986,340.5491867,1.94396079,7
5220,83.05545369,340.7224969,1.947122041,7
5230,83.05547715,340.8963551,1.950283293,7
5240,83.05550023,341.070763,1.953444544,7
5250,83.05552296,341.2457223,1.956605796,7
5260,83.05554532,341.4212349,1.959767047,7
5270,83.05556734,341.5973024,1.962928299,7
5280,83.05558901,341.7739267,1.96608955,7
5290,83.05561034,341.9511097,1.969250801,7
5300,83.05563133,342.1288529,1.972412053,7
5310,83.05565199,342.3071583,1.975573304,7
5320,83.05567233,342.4860277,1.978734556,7
5330,83.05569235,342.6654628,1.981895807,7
5340,83.05571206,342.8454656,1.985057058,7
5350,83.05573145,343.0260377,1.98821831,7
5360,83.05575054,343.207181,1.991379561,7
5370,83.05576933,343.3888975,1.994540813,7
5380,83.05578782,343.5711888,1.997702064,7
5390,83.05580603,343.7540568,2.000863315,7
5400,83.05582394,343.9375035,2.004024567,7
5410,83.05584158,344.1215306,2.007185818,7
5420,83.05585894,344.30614,2.01034707,7
5430,83.05587602,344.4913335,2.013508321,7
5440,83.05589284,344.6771132,2.016669573,7
5450,83.05590939,344.8634807,2.019830824,7
5460,83.05592569,345.0504381,2.022992075,7
5470,83.05594172,345.2379872,2.026153327,7
5480,83.05595751,345.4261299,2.029314578,7
5490,83.05597304,345.6148681,2.03247583,7
5500,83.05598834,345.8042037,2.035637081,7
5510,83.05600339,345.9941386,2.038798332,7
5520,83.0560182,346.1846748,2.041959584,7
5530,83.05603279,346.3758142,2.045120835,7
5540,83.05604714,346.5675587,2.048282087,7
5550,83.05606127,346.7599103,2.051443338,7
5560,83.05607517,346.9528709,2.05460459,7
5570,83.05608886,347.1464424,2.057765841,7
5580,83.05610233,347.3406269,2.060927092,7
5590,83.05611559,347.5354262,2.064088344,7
5600,83.05612864,347.7308424,2.067249595,7
5610,83.05614149,347.9268775,2.070410847,7
5620,83.05615413,348.1235334,2.073572098,7
5630,83.05616658,348.320812,2.076733349,7
5640,83.05617883,348.5187155,2.079894601,7
5650,83.05619089,348.7172458,2.083055852,7
5660,83.05620275,348.9164049,2.086217104,7
5670,83.05621444,349.1161949,2.089378355,7
5680,83.05622593,349.3166177,2.092539606,7
5690,83.05623725,349.5176755,2.095700858,7
5700,83.05624839,349.7193701,2.098862109,7
5710,83.05625936,349.9217038,2.102023361,7
5720,83.05627015,350.1246784,2.105184612,7
5730,83.05628077,350.3282962,2.108345864,7
5740,83.05629122,350.532559,2.111507115,7
5750,83.05630152,350.7374691,2.114668366,7
5760,83.05631164,350.9430285,2.117829618,7
5770,83.05632161,351.1492392,2.120990869,7
5780,83.05633143,351.3561034,2.124152121,7
5790,83.05634109,351.5636232,2.127313372,7
5800,83.05635059,351.7718006,2.130474623,7
5810,83.05635995,351.9806378,2.133635875,7
5820,83.05636916,352.1901368,2.136797126,7
5830,83.05637823,352.4002999,2.139958378,7
5840,83.05638715,352.6111291,2.143119629,7
5850,83.05639593,352.8226265,2.146280881,7
5860,83.05640458,353.0347944,2.149442132,7
5870,83.05641309,353.2476348,2.152603383,7
5880,83.05642146,353.46115,2.155764635,7
5890,83.05642971,353.6753421,2.158925886,7
5900,83.05643782,353.8902132,2.162087138,7
5910,83.05644581,354.1057655,2.165248389,7
5920,83.05645367,354.3220013,2.16840964,7
5930,83.05646141,354.5389226,2.171570892,7
5940,83.05646902,354.7565318,2.174732143,7
5950,83.05647652,354.974831,2.177893395,7
5960,83.0564839,355.1938224,2.181054646,7
5970,83.05649116,355.4135083,2.184215897,7
5980,83.05649831,355.6338908,2.187377149,7
5990,83.05650534,355.8549723,2.1905384,7
6000,83.05651227,356.0767549,2.193699652,7
6010,83.05651909,356.2992409,2.196860903,7
6020,83.0565258,356.5224326,2.200022155,7
6030,83.0565324,356.7463322,2.203183406,7
6040,83.0565389,356.9709419,2.206344657,7
6050,83.0565453,357.1962642,2.209505909,7
6060,83.05655159,357.4223012,2.21266716,7
6070,83.05655779,357.6490552,2.215828412,7
6080,83.05656389,357.8765286,2.218989663,7
6090,83.0565699,358.1047237,2.222150914,7
6100,83.05657581,358.3336427,2.225312166,7
6110,83.05658163,358.563288,2.228473417,7
6120,83.05658735,358.7936619,2.231634669,7
6130,83.05659299,359.0247668,2.23479592,7
6140,83.05659854,359.2566049,2.237957172,7
6150,83.056604,359.4891788,2.241118423,7
6160,83.05660937,359.7224906,2.244279674,7
6170,83.05661466,359.9565428,2.247440926,7
6180,83.05661987,360.1913378,2.250602177,7
6190,83.056625,360.4268779,2.253763429,7
6200,83.05663004,360.6631655,2.25692468,7
6210,83.056635,360.9002031,2.260085931,7
6220,83.05663989,361.137993,2.263247183,7
6230,83.0566447,361.3765376,2.266408434,7
6240,83.05664944,361.6158394,2.269569686,7
6250,83.0566541,361.8559008,2.272730937,7
6260,83.05665869,362.0967242,2.275892188,7
6270,83.0566632,362.338312,2.27905344,7
6280,83.05666764,362.5806668,2.282214691,7
6290,83.05667202,362.823791,2.285375943,7
6300,83.05667632,363.067687,2.288537194,7
6310,83.05668056,363.3123574,2.291698446,7
6320,83.05668473,363.5578045,2.294859697,7
6330,83.05668884,363.804031,2.298020948,7
6340,83.05669288,364.0510392,2.3011822,7
6350,83.05669686,364.2988318,2.304343451,7
6360,83.05670077,364.5474112,2.307504703,7
6370,83.05670463,364.7967799,2.310665954,7
6380,83.05670842,365.0469405,2.313827205,7
6390,83.05671215,365.2978956,2.316988457,7
6400,83.05671583,365.5496476,2.320149708,7
6410,83.05671944,365.8021991,2.32331096,7
6420,83.056723,366.0555527,2.326472211,7
6430,83.05672651,366.3097109,2.329633463,7
6440,83.05672996,366.5646764,2.332794714,7
6450,83.05673335,366.8204517,2.335955965,7
6460,83.05673669,367.0770395,2.339117217,7
6470,83.05673998,367.3344423,2.342278468,7
6480,83.05674322,367.5926627,2.34543972,7
6490,83.05674641,367.8517034,2.348600971,7
6500,83.05674954,368.111567,2.351762222,7
6510,83.05675263,368.3722561,2.354923474,7
6520,83.05675567,368.6337734,2.358084725,7
6530,83.05675866,368.8961216,2.361245977,7
6540,83.0567616,369.1593032,2.364407228,7
6550,83.0567645,369.4233211,2.367568479,7
6560,83.05676735,369.6881778,2.370729731,7
6570,83.05677016,369.953876,2.373890982,7
6580,83.05677292,370.2204185,2.377052234,7
6590,83.05677564,370.487808,2.380213485,7
6600,83.05677832,370.7560471,2.383374737,7
6610,83.05678095,371.0251386,2.386535988,7
6620,83.05678354,371.2950853,2.389697239,7
6630,83.0567861,371.5658899,2.392858491,7
6640,83.05678861,371.837555,2.396019742,7
6650,83.05679108,372.1100836,2.399180994,7
6660,83.05679352,372.3834783,2.402342245,7
6670,83.05679591,372.657742,2.405503496,7
6680,83.05679827,372.9328774,2.408664748,7
6690,83.05680059,373.2088873,2.411825999,7
6700,83.05680288,373.4857745,2.414987251,7
6710,83.05680512,373.7635418,2.418148502,7
6720,83.05680734,374.0421922,2.421309753,7
6730,83.05680952,374.3217283,2.424471005,7
6740,83.05681166,374.602153,2.427632256,7
6750,83.05681377,374.8834692,2.430793508,7
6760,83.05681585,375.1656798,2.433954759,7
6770,83.05681789,375.4487876,2.437116011,7
6780,83.05681991,375.7327955,2.440277262,7
6790,83.05682189,376.0177063,2.443438513,7
6800,83.05682384,376.303523,2.446599765,7
6810,83.05682576,376.5902485,2.449761016,7
6820,83.05682764,376.8778857,2.452922268,7
6830,83.0568295,377.1664375,2.456083519,7
6840,83.05683133,377.4559069,2.45924477,7
6850,83.05683313,377.7462967,2.462406022,7
6860,83.05683491,378.03761,2.465567273,7
6870,83.05683665,378.3298497,2.468728525,7
6880,83.05683837,378.6230187,2.471889776,7
6890,83.05684006,378.9171202,2.475051028,7
6900,83.05684173,379.2121569,2.478212279,7
6910,83.05684336,379.5081321,2.48137353,7
6920,83.05684498,379.8050485,2.484534782,7
6930,83.05684656,380.1029094,2.487696033,7
6940,83.05684812,380.4017177,2.490857285,7
6950,83.05684966,380.7014764,2.494018536,7
6960,83.05685117,381.0021886,2.497179787,7
6970,83.05685266,381.3038573,2.500341039,7
6980,83.05685413,381.6064857,2.50350229,7
6990,83.05685557,381.9100768,2.506663542,7
7000,83.05685699,382.2146336,2.509824793,7
7010,83.05685839,382.5201593,2.512986044,7
7020,83.05685977,382.8266571,2.516147296,7
7030,83.05686112,383.1341299,2.519308547,7
7040,83.05686246,383.442581,2.522469799,7
7050,83.05686377,383.7520134,2.52563105,7
7060,83.05686506,384.0624303,2.528792302,7
7070,83.05686633,384.373835,2.531953553,7
7080,83.05686758,384.6862305,2.535114804,7
7090,83.05686881,384.99962,2.538276056,7
7100,83.05687002,385.3140067,2.541437307,7
7110,83.05687122,385.6293938,2.544598559,7
7120,83.05687239,385.9457845,2.54775981,7
7130,83.05687355,386.2631821,2.550921061,7
7140,83.05687469,386.5815897,2.554082313,7
7150,83.05687581,386.9010107,2.557243564,7
7160,83.05687691,387.2214482,2.560404816,7
7170,83.05687799,387.5429055,2.563566067,7
7180,83.05687906,387.8653859,2.566727319,7
7190,83.05688011,388.1888927,2.56988857,7
7200,83.05688115,388.5134291,2.573049821,7
7210,83.05688217,388.8389985,2.576211073,7
7220,83.05688317,389.1656042,2.579372324,7
7230,83.05688415,389.4932495,2.582533576,7
7240,83.05688512,389.8219377,2.585694827,7
7250,83.05688608,390.1516721,2.588856078,7
7260,83.05688702,390.4824563,2.59201733,7
7270,83.05688795,390.8142934,2.595178581,7
7280,83.05688886,391.1471869,2.598339833,7
7290,83.05688976,391.4811401,2.601501084,7
7300,83.05689064,391.8161566,2.604662335,7
7310,83.05689151,392.1522396,2.607823587,7
7320,83.05689236,392.4893926,2.610984838,7
7330,83.05689321,392.827619,2.61414609,7
7340,83.05689403,393.1669223,2.617307341,7
7350,83.05689485,393.5073059,2.620468593,7
7360,83.05689565,393.8487733,2.623629844,7
7370,83.05689644,394.191328,2.626791095,7
7380,83.05689722,394.5349734,2.629952347,7
7390,83.05689799,394.8797131,2.633113598,7
7400,83.05689874,395.2255505,2.63627485,7
7410,83.05689948,395.5724893,2.639436101,7
7420,83.05690021,395.9205328,2.642597352,7
7430,83.05690093,396.2696847,2.645758604,7
7440,83.05690164,396.6199485,2.648919855,7
7450,83.05690233,396.9713278,2.652081107,7
7460,83.05690302,397.3238261,2.655242358,7
7470,83.05690369,397.6774471,2.65840361,7
7480,83.05690436,398.0321943,2.661564861,7
7490,83.05690501,398.3880714,2.664726112,7
7500,83.05690566,398.745082,2.667887364,7
7510,83.05690629,399.1032297,2.671048615,7
7520,83.05690691,399.4625181,2.674209867,7
7530,83.05690752,399.822951,2.677371118,7
7540,83.05690813,400.1845319,2.680532369,7
7550,83.05690872,400.5472647,2.683693621,7
7560,83.05690931,400.9111529,2.686854872,7
7570,83.05690988,401.2762003,2.690016124,7
7580,83.05691045,401.6424106,2.693177375,7
7590,83.05691101,402.0097875,2.696338626,7
7600,83.05691156,402.3783347,2.699499878,7
7610,83.0569121,402.7480561,2.702661129,7
7620,83.05691263,403.1189554,2.705822381,7
7630,83.05691315,403.4910363,2.708983632,7
7640,83.05691367,403.8643027,2.712144884,7
7650,83.05691417,404.2387584,2.715306135,7
7660,83.05691467,404.6144071,2.718467386,7
7670,83.05691517,404.9912527,2.721628638,7
7680,83.05691565,405.369299,2.724789889,7
7690,83.05691612,405.7485499,2.727951141,7
7700,83.05691659,406.1290093,2.731112392,7
7710,83.05691705,406.510681,2.734273643,7
7720,83.05691751,406.8935689,2.737434895,7
7730,83.05691796,407.277677,2.740596146,7
7740,83.05691839,407.663009,2.743757398,7
7750,83.05691883,408.049569,2.746918649,7
7760,83.05691925,408.4373609,2.750079901,7
7770,83.05691967,408.8263887,2.753241152,7
7780,83.05692009,409.2166562,2.756402403,7
7790,83.05692049,409.6081675,2.759563655,7
7800,83.05692089,410.0009266,2.762724906,7
7810,83.05692129,410.3949375,2.765886158,7
7820,83.05692167,410.7902042,2.769047409,7
7830,83.05692205,411.1867307,2.77220866,7
7840,83.05692243,411.584521,2.775369912,7
7850,83.0569228,411.9835792,2.778531163,7
7860,83.05692316,412.3839095,2.781692415,7
7870,83.05692352,412.7855158,2.784853666,7
7880,83.05692387,413.1884022,2.788014917,7
7890,83.05692422,413.5925729,2.791176169,7
7900,83.05692456,413.9980319,2.79433742,7
7910,83.0569249,414.4047835,2.797498672,7
7920,83.05692523,414.8128317,2.800659923,7
7930,83.05692555,415.2221808,2.803821175,7
7940,83.05692587,415.6328348,2.806982426,7
7950,83.05692619,416.044798,2.810143677,7
7960,83.0569265,416.4580745,2.813304929,7
7970,83.0569268,416.8726686,2.81646618,7
7980,83.0569271,417.2885846,2.819627432,7
7990,83.0569274,417.7058266,2.822788683,7
8000,83.05692769,418.1243988,2.825949934,7
0,77.71717,293.8187101,0.201218083,8
10,77.81040297,293.8477122,0.203207307,8
20,77.90211611,293.8767949,0.205196531,8
30,77.99233418,293.9059586,0.207185755,8
40,78.08108157,293.9352036,0.209174979,8
50,78.16838224,293.96453,0.211164203,8
60,78.25425978,293.9939382,0.213153426,8
70,78.33873739,294.0234283,0.21514265,8
80,78.42183788,294.0530007,0.217131874,8
90,78.50358372,294.0826557,0.219121098,8
100,78.58399698,294.1123933,0.221110322,8
110,78.66309938,294.1422141,0.223099546,8
120,78.74091229,294.1721181,0.22508877,8
130,78.81745674,294.2021056,0.227077994,8
140,78.8927534,294.232177,0.229067217,8
150,78.96682261,294.2623324,0.231056441,8
160,79.03968438,294.2925721,0.233045665,8
170,79.1113584,294.3228965,0.235034889,8
180,79.18186402,294.3533057,0.237024113,8
190,79.2512203,294.3838001,0.239013337,8
200,79.31944597,294.4143798,0.241002561,8
210,79.38655946,294.4450452,0.242991785,8
220,79.45257889,294.4757966,0.244981009,8
230,79.51752211,294.5066341,0.246970232,8
240,79.58140667,294.5375582,0.248959456,8
250,79.6442498,294.5685689,0.25094868,8
260,79.7060685,294.5996667,0.252937904,8
270,79.76687947,294.6308518,0.254927128,8
280,79.82669912,294.6621244,0.256916352,8
290,79.88554363,294.6934849,0.258905576,8
300,79.94342888,294.7249334,0.2608948,8
310,80.00037052,294.7564704,0.262884024,8
320,80.05638392,294.788096,0.264873247,8
330,80.11148422,294.8198106,0.266862471,8
340,80.1656863,294.8516143,0.268851695,8
350,80.21900481,294.8835076,0.270840919,8
360,80.27145415,294.9154907,0.272830143,8
370,80.32304848,294.9475638,0.274819367,8
380,80.37380176,294.9797272,0.276808591,8
390,80.42372767,295.0119813,0.278797815,8
400,80.47283972,295.0443263,0.280787039,8
410,80.52115117,295.0767625,0.282776262,8
420,80.56867508,295.1092902,0.284765486,8
430,80.61542427,295.1419096,0.28675471,8
440,80.66141138,295.1746211,0.288743934,8
450,80.70664883,295.2074249,0.290733158,8
460,80.75114884,295.2403214,0.292722382,8
470,80.79492344,295.2733108,0.294711606,8
480,80.83798445,295.3063934,0.29670083,8
490,80.8803435,295.3395695,0.298690054,8
500,80.92201203,295.3728394,0.300679277,8
510,80.9630013,295.4062034,0.302668501,8
520,81.00332239,295.4396618,0.304657725,8
530,81.04298618,295.4732149,0.306646949,8
540,81.0820034,295.5068629,0.308636173,8
550,81.12038457,295.5406062,0.310625397,8
560,81.15814008,295.5744451,0.312614621,8
570,81.19528011,295.6083799,0.314603845,8
580,81.23181471,295.6424108,0.316593069,8
590,81.26775374,295.6765383,0.318582292,8
600,81.30310691,295.7107625,0.320571516,8
610,81.33788376,295.7450838,0.32256074,8
620,81.37209371,295.7795024,0.324549964,8
630,81.40574598,295.8140188,0.326539188,8
640,81.43884967,295.8486332,0.328528412,8
650,81.47141372,295.8833458,0.330517636,8
660,81.50344693,295.9181571,0.33250686,8
670,81.53495795,295.9530673,0.334496083,8
680,81.56595529,295.9880767,0.336485307,8
690,81.59644733,296.0231857,0.338474531,8
700,81.6264423,296.0583945,0.340463755,8
710,81.65594831,296.0937035,0.342452979,8
720,81.68497333,296.129113,0.344442203,8
730,81.7135252,296.1646233,0.346431427,8
740,81.74161163,296.2002346,0.348420651,8
750,81.76924021,296.2359474,0.350409875,8
760,81.7964184,296.271762,0.352399098,8
770,81.82315354,296.3076786,0.354388322,8
780,81.84945287,296.3436976,0.356377546,8
790,81.87532347,296.3798193,0.35836677,8
800,81.90077235,296.4160441,0.360355994,8
810,81.92580637,296.4523721,0.362345218,8
820,81.9504323,296.4888039,0.364334442,8
830,81.9746568,296.5253397,0.366323666,8
840,81.99848639,296.5619797,0.36831289,8
850,82.02192753,296.5987245,0.370302113,8
860,82.04498654,296.6355742,0.372291337,8
870,82.06766966,296.6725292,0.374280561,8
880,82.089983,296.7095899,0.376269785,8
890,82.11193261,296.7467565,0.378259009,8
900,82.13352441,296.7840294,0.380248233,8
910,82.15476422,296.821409,0.382237457,8
920,82.1756578,296.8588955,0.384226681,8
930,82.19621078,296.8964893,0.386215905,8
940,82.21642872,296.9341908,0.388205128,8
950,82.23631707,296.9720003,0.390194352,8
960,82.25588121,297.009918,0.392183576,8
970,82.27512643,297.0479444,0.3941728,8
980,82.29405792,297.0860798,0.396162024,8
990,82.31268081,297.1243246,0.398151248,8
1000,82.33100011,297.162679,0.400140472,8
1010,82.34902078,297.2011435,0.402129696,8
1020,82.36674768,297.2397183,0.40411892,8
1030,82.38418561,297.2784038,0.406108143,8
1040,82.40133928,297.3172004,0.408097367,8
1050,82.41821331,297.3561084,0.410086591,8
1060,82.43481228,297.3951282,0.412075815,8
1070,82.45114065,297.43426,0.414065039,8
1080,82.46720285,297.4735043,0.416054263,8
1090,82.48300321,297.5128615,0.418043487,8
1100,82.49854601,297.5523318,0.420032711,8
1110,82.51383543,297.5919156,0.422021935,8
1120,82.52887561,297.6316133,0.424011158,8
1130,82.54367061,297.6714252,0.426000382,8
1140,82.55822443,297.7113517,0.427989606,8
1150,82.57254101,297.7513931,0.42997883,8
1160,82.5866242,297.7915499,0.431968054,8
1170,82.60047782,297.8318223,0.433957278,8
1180,82.6141056,297.8722108,0.435946502,8
1190,82.62751122,297.9127157,0.437935726,8
1200,82.64069832,297.9533373,0.439924949,8
1210,82.65367045,297.994076,0.441914173,8
1220,82.66643111,298.0349323,0.443903397,8
1230,82.67898375,298.0759064,0.445892621,8
1240,82.69133177,298.1169987,0.447881845,8
1250,82.7034785,298.1582096,0.449871069,8
1260,82.71542721,298.1995395,0.451860293,8
1270,82.72718115,298.2409888,0.453849517,8
1280,82.73874348,298.2825577,0.455838741,8
1290,82.75011732,298.3242468,0.457827964,8
1300,82.76130575,298.3660563,0.459817188,8
1310,82.7723118,298.4079867,0.461806412,8
1320,82.78313843,298.4500383,0.463795636,8
1330,82.79378857,298.4922115,0.46578486,8
1340,82.8042651,298.5345067,0.467774084,8
1350,82.81457084,298.5769243,0.469763308,8
1360,82.82470859,298.6194646,0.471752532,8
1370,82.83468108,298.6621281,0.473741756,8
1380,82.84449099,298.7049151,0.475730979,8
1390,82.854141,298.747826,0.477720203,8
1400,82.86363369,298.7908612,0.479709427,8
1410,82.87297164,298.8340211,0.481698651,8
1420,82.88215736,298.877306,0.483687875,8
1430,82.89119335,298.9207165,0.485677099,8
1440,82.90008203,298.9642528,0.487666323,8
1450,82.90882582,299.0079153,0.489655547,8
1460,82.91742707,299.0517045,0.491644771,8
1470,82.92588811,299.0956208,0.493633994,8
1480,82.93421121,299.1396645,0.495623218,8
1490,82.94239864,299.1838361,0.497612442,8
1500,82.95045261,299.2281359,0.499601666,8
1510,82.95837528,299.2725643,0.50159089,8
1520,82.9661688,299.3171218,0.503580114,8
1530,82.97383527,299.3618088,0.505569338,8
1540,82.98137677,299.4066256,0.507558562,8
1550,82.98879533,299.4515728,0.509547786,8
1560,82.99609295,299.4966505,0.511537009,8
1570,83.00327162,299.5418594,0.513526233,8
1580,83.01033326,299.5871998,0.515515457,8
1590,83.01727979,299.6326721,0.517504681,8
1600,83.02411308,299.6782767,0.519493905,8
1610,83.03083497,299.724014,0.521483129,8
1620,83.03744729,299.7698845,0.523472353,8
1630,83.04395182,299.8158886,0.525461577,8
1640,83.05035031,299.8620267,0.527450801,8
1650,83.0566445,299.9082991,0.529440024,8
1660,83.06283609,299.9547064,0.531429248,8
1670,83.06892674,300.001249,0.533418472,8
1680,83.0749181,300.0479272,0.535407696,8
1690,83.0808118,300.0947416,0.53739692,8
1700,83.08660942,300.1416925,0.539386144,8
1710,83.09231253,300.1887803,0.541375368,8
1720,83.09792268,300.2360055,0.543364592,8
1730,83.10344137,300.2833685,0.545353815,8
1740,83.10887009,300.3308698,0.547343039,8
1750,83.11421032,300.3785098,0.549332263,8
1760,83.1194635,300.4262889,0.551321487,8
1770,83.12463104,300.4742075,0.553310711,8
1780,83.12971434,300.5222661,0.555299935,8
1790,83.13471478,300.5704652,0.557289159,8
1800,83.1396337,300.6188051,0.559278383,8
1810,83.14447244,300.6672863,0.561267607,8
1820,83.1492323,300.7159093,0.56325683,8
1830,83.15391456,300.7646745,0.565246054,8
1840,83.1585205,300.8135823,0.567235278,8
1850,83.16305135,300.8626332,0.569224502,8
1860,83.16750835,300.9118277,0.571213726,8
1870,83.17189269,300.9611661,0.57320295,8
1880,83.17620555,301.010649,0.575192174,8
1890,83.18044812,301.0602768,0.577181398,8
1900,83.18462152,301.1100499,0.579170622,8
1910,83.18872689,301.1599688,0.581159845,8
1920,83.19276533,301.210034,0.583149069,8
1930,83.19673794,301.2602459,0.585138293,8
1940,83.2006458,301.3106049,0.587127517,8
1950,83.20448994,301.3611116,0.589116741,8
1960,83.20827143,301.4117664,0.591105965,8
1970,83.21199127,301.4625698,0.593095189,8
1980,83.21565047,301.5135222,0.595084413,8
1990,83.21925002,301.5646241,0.597073637,8
2000,83.22279089,301.6158759,0.59906286,8
2010,83.22627404,301.6672782,0.601052084,8
2020,83.22970041,301.7188314,0.603041308,8
2030,83.23307093,301.770536,0.605030532,8
2040,83.2363865,301.8223924,0.607019756,8
2050,83.23964802,301.8744011,0.60900898,8
2060,83.24285638,301.9265627,0.610998204,8
2070,83.24601243,301.9788775,0.612987428,8
2080,83.24911703,302.0313462,0.614976652,8
2090,83.25217103,302.083969,0.616965875,8
2100,83.25517524,302.1367466,0.618955099,8
2110,83.25813048,302.1896794,0.620944323,8
2120,83.26103754,302.2427679,0.622933547,8
2130,83.26389722,302.2960126,0.624922771,8
2140,83.26671027,302.349414,0.626911995,8
2150,83.26947747,302.4029725,0.628901219,8
2160,83.27219956,302.4566887,0.630890443,8
2170,83.27487728,302.5105631,0.632879667,8
2180,83.27751134,302.5645961,0.63486889,8
2190,83.28010247,302.6187882,0.636858114,8
2200,83.28265136,302.67314,0.638847338,8
2210,83.28515869,302.727652,0.640836562,8
2220,83.28762515,302.7823246,0.642825786,8
2230,83.29005141,302.8371583,0.64481501,8
2240,83.29243812,302.8921538,0.646804234,8
2250,83.29478591,302.9473113,0.648793458,8
2260,83.29709544,303.0026316,0.650782681,8
2270,83.29936731,303.058115,0.652771905,8
2280,83.30160215,303.1137622,0.654761129,8
2290,83.30380056,303.1695735,0.656750353,8
2300,83.30596314,303.2255495,0.658739577,8
2310,83.30809046,303.2816908,0.660728801,8
2320,83.3101831,303.3379979,0.662718025,8
2330,83.31224163,303.3944712,0.664707249,8
2340,83.3142666,303.4511113,0.666696473,8
2350,83.31625856,303.5079188,0.668685696,8
2360,83.31821805,303.5648941,0.67067492,8
2370,83.32014559,303.6220377,0.672664144,8
2380,83.32204172,303.6793503,0.674653368,8
2390,83.32390693,303.7368322,0.676642592,8
2400,83.32574174,303.7944842,0.678631816,8
2410,83.32754664,303.8523066,0.68062104,8
2420,83.32932211,303.9103,0.682610264,8
2430,83.33106865,303.968465,0.684599488,8
2440,83.33278671,304.0268021,0.686588711,8
2450,83.33447677,304.0853118,0.688577935,8
2460,83.33613927,304.1439947,0.690567159,8
2470,83.33777467,304.2028514,0.692556383,8
2480,83.33938342,304.2618823,0.694545607,8
2490,83.34096594,304.321088,0.696534831,8
2500,83.34252266,304.380469,0.698524055,8
2510,83.344054,304.440026,0.700513279,8
2520,83.34556038,304.4997594,0.702502503,8
2530,83.34704221,304.5596699,0.704491726,8
2540,83.34849988,304.6197579,0.70648095,8
2550,83.34993379,304.680024,0.708470174,8
2560,83.35134432,304.7404688,0.710459398,8
2570,83.35273186,304.8010928,0.712448622,8
2580,83.35409678,304.8618967,0.714437846,8
2590,83.35543945,304.9228809,0.71642707,8
2600,83.35676023,304.984046,0.718416294,8
2610,83.35805948,305.0453927,0.720405518,8
2620,83.35933755,305.1069214,0.722394741,8
2630,83.36059479,305.1686327,0.724383965,8
2640,83.36183153,305.2305273,0.726373189,8
2650,83.36304811,305.2926056,0.728362413,8
2660,83.36424486,305.3548683,0.730351637,8
2670,83.3654221,305.417316,0.732340861,8
2680,83.36658015,305.4799491,0.734330085,8
2690,83.36771932,305.5427684,0.736319309,8
2700,83.36883992,305.6057743,0.738308533,8
2710,83.36994226,305.6689675,0.740297756,8
2720,83.37102662,305.7323485,0.74228698,8
2730,83.37209331,305.795918,0.744276204,8
2740,83.37314261,305.8596766,0.746265428,8
2750,83.3741748,305.9236247,0.748254652,8
2760,83.37519017,305.9877631,0.750243876,8
2770,83.37618899,306.0520923,0.7522331,8
2780,83.37717152,306.1166129,0.754222324,8
2790,83.37813804,306.1813255,0.756211547,8
2800,83.3790888,306.2462307,0.758200771,8
2810,83.38002406,306.3113291,0.760189995,8
2820,83.38094408,306.3766214,0.762179219,8
2830,83.38184909,306.4421081,0.764168443,8
2840,83.38273936,306.5077898,0.766157667,8
2850,83.38361511,306.5736672,0.768146891,8
2860,83.38447659,306.6397408,0.770136115,8
2870,83.38532402,306.7060114,0.772125339,8
2880,83.38615764,306.7724794,0.774114562,8
2890,83.38697767,306.8391455,0.776103786,8
2900,83.38778433,306.9060104,0.77809301,8
2910,83.38857784,306.9730746,0.780082234,8
2920,83.38935842,307.0403388,0.782071458,8
2930,83.39012627,307.1078037,0.784060682,8
2940,83.39088161,307.1754697,0.786049906,8
2950,83.39162463,307.2433377,0.78803913,8
2960,83.39235554,307.3114081,0.790028354,8
2970,83.39307453,307.3796817,0.792017577,8
2980,83.39378181,307.448159,0.794006801,8
2990,83.39447755,307.5168408,0.795996025,8
3000,83.39516196,307.5857276,0.797985249,8
3010,83.3958352,307.6548201,0.799974473,8
3020,83.39649747,307.7241189,0.801963697,8
3030,83.39714895,307.7936248,0.803952921,8
3040,83.3977898,307.8633382,0.805942145,8
3050,83.39842021,307.93326,0.807931369,8
3060,83.39904034,308.0033906,0.809920592,8
3070,83.39965036,308.0737309,0.811909816,8
3080,83.40025044,308.1442815,0.81389904,8
3090,83.40084074,308.2150429,0.815888264,8
3100,83.40142141,308.2860159,0.817877488,8
3110,83.40199262,308.3572011,0.819866712,8
3120,83.40255451,308.4285993,0.821855936,8
3130,83.40310725,308.500211,0.82384516,8
3140,83.40365098,308.5720369,0.825834384,8
3150,83.40418584,308.6440777,0.827823607,8
3160,83.40471198,308.7163341,0.829812831,8
3170,83.40522955,308.7888068,0.831802055,8
3180,83.40573868,308.8614964,0.833791279,8
3190,83.40623951,308.9344036,0.835780503,8
3200,83.40673217,309.0075291,0.837769727,8
3210,83.40721681,309.0808736,0.839758951,8
3220,83.40769354,309.1544377,0.841748175,8
3230,83.4081625,309.2282222,0.843737399,8
3240,83.40862382,309.3022278,0.845726622,8
3250,83.40907762,309.376455,0.847715846,8
3260,83.40952402,309.4509047,0.84970507,8
3270,83.40996314,309.5255776,0.851694294,8
3280,83.4103951,309.6004742,0.853683518,8
3290,83.41082003,309.6755954,0.855672742,8
3300,83.41123802,309.7509418,0.857661966,8
3310,83.4116492,309.8265142,0.85965119,8
3320,83.41205368,309.9023132,0.861640413,8
3330,83.41245157,309.9783395,0.863629637,8
3340,83.41284297,310.054594,0.865618861,8
3350,83.41322799,310.1310772,0.867608085,8
3360,83.41360673,310.2077899,0.869597309,8
3370,83.4139793,310.2847328,0.871586533,8
3380,83.41434579,310.3619066,0.873575757,8
3390,83.41470631,310.4393122,0.875564981,8
3400,83.41506096,310.5169501,0.877554205,8
3410,83.41540982,310.5948211,0.879543428,8
3420,83.415753,310.672926,0.881532652,8
3430,83.41609058,310.7512655,0.883521876,8
3440,83.41642266,310.8298402,0.8855111,8
3450,83.41674932,310.9086511,0.887500324,8
3460,83.41707066,310.9876987,0.889489548,8
3470,83.41738676,311.0669839,0.891478772,8
3480,83.41769771,311.1465073,0.893467996,8
3490,83.41800359,311.2262698,0.89545722,8
3500,83.41830448,311.306272,0.897446443,8
3510,83.41860047,311.3865148,0.899435667,8
3520,83.41889163,311.4669988,0.901424891,8
3530,83.41917805,311.5477249,0.903414115,8
3540,83.4194598,311.6286938,0.905403339,8
3550,83.41973695,311.7099062,0.907392563,8
3560,83.42000959,311.791363,0.909381787,8
3570,83.42027778,311.8730648,0.911371011,8
3580,83.4205416,311.9550125,0.913360235,8
3590,83.42080112,312.0372069,0.915349458,8
3600,83.42105641,312.1196486,0.917338682,8
3610,83.42130754,312.2023385,0.919327906,8
3620,83.42155457,312.2852773,0.92131713,8
3630,83.42179758,312.3684659,0.923306354,8
3640,83.42203662,312.451905,0.925295578,8
3650,83.42227177,312.5355953,0.927284802,8
3660,83.42250309,312.6195378,0.929274026,8
3670,83.42273063,312.7037331,0.93126325,8
3680,83.42295447,312.7881821,0.933252473,8
3690,83.42317466,312.8728856,0.935241697,8
3700,83.42339125,312.9578443,0.937230921,8
3710,83.42360432,313.0430591,0.939220145,8
3720,83.42381391,313.1285308,0.941209369,8
3730,83.42402009,313.2142601,0.943198593,8
3740,83.4242229,313.3002479,0.945187817,8
3750,83.42442241,313.3864949,0.947177041,8
3760,83.42461867,313.4730021,0.949166265,8
3770,83.42481173,313.5597702,0.951155488,8
3780,83.42500164,313.6468,0.953144712,8
3790,83.42518845,313.7340924,0.955133936,8
3800,83.42537222,313.8216481,0.95712316,8
3810,83.42555299,313.909468,0.959112384,8
3820,83.42573082,313.997553,0.961101608,8
3830,83.42590575,314.0859038,0.963090832,8
3840,83.42607782,314.1745213,0.965080056,8
3850,83.4262471,314.2634064,0.967069279,8
3860,83.42641361,314.3525597,0.969058503,8
3870,83.42657741,314.4419823,0.971047727,8
3880,83.42673853,314.531675,0.973036951,8
3890,83.42689703,314.6216385,0.975026175,8
3900,83.42705295,314.7118738,0.977015399,8
3910,83.42720632,314.8023817,0.979004623,8
3920,83.4273572,314.893163,0.980993847,8
3930,83.42750562,314.9842187,0.982983071,8
3940,83.42765161,315.0755495,0.984972294,8
3950,83.42779523,315.1671563,0.986961518,8
3960,83.4279365,315.25904,0.988950742,8
3970,83.42807547,315.3512015,0.990939966,8
3980,83.42821218,315.4436416,0.99292919,8
3990,83.42834666,315.5363612,0.994918414,8
4000,83.42847894,315.6293612,0.996907638,8
4010,83.42860907,315.7226425,0.998896862,8
4020,83.42873708,315.8162059,1.000886086,8
4030,83.428863,315.9100523,1.002875309,8
4040,83.42898687,316.0041827,1.004864533,8
4050,83.42910872,316.0985978,1.006853757,8
4060,83.42922858,316.1932986,1.008842981,8
4070,83.42934649,316.2882861,1.010832205,8
4080,83.42946248,316.383561,1.012821429,8
4090,83.42957658,316.4791243,1.014810653,8
4100,83.42968881,316.5749768,1.016799877,8
4110,83.42979922,316.6711196,1.018789101,8
4120,83.42990783,316.7675535,1.020778324,8
4130,83.43001466,316.8642795,1.022767548,8
4140,83.43011976,316.9612983,1.024756772,8
4150,83.43022314,317.058611,1.026745996,8
4160,83.43032483,317.1562185,1.02873522,8
4170,83.43042487,317.2541217,1.030724444,8
4180,83.43052328,317.3523215,1.032713668,8
4190,83.43062008,317.4508188,1.034702892,8
4200,83.43071531,317.5496147,1.036692116,8
4210,83.43080898,317.6487099,1.038681339,8
4220,83.43090113,317.7481056,1.040670563,8
4230,83.43099177,317.8478025,1.042659787,8
4240,83.43108094,317.9478017,1.044649011,8
4250,83.43116865,318.048104,1.046638235,8
4260,83.43125494,318.1487106,1.048627459,8
4270,83.43133981,318.2496222,1.050616683,8
4280,83.43142331,318.3508398,1.052605907,8
4290,83.43150544,318.4523645,1.054595131,8
4300,83.43158623,318.5541972,1.056584354,8
4310,83.43166571,318.6563387,1.058573578,8
4320,83.43174389,318.7587902,1.060562802,8
4330,83.43182079,318.8615526,1.062552026,8
4340,83.43189644,318.9646268,1.06454125,8
4350,83.43197086,319.0680139,1.066530474,8
4360,83.43204407,319.1717148,1.068519698,8
4370,83.43211608,319.2757304,1.070508922,8
4380,83.43218692,319.3800619,1.072498145,8
4390,83.4322566,319.4847101,1.074487369,8
4400,83.43232515,319.5896761,1.076476593,8
4410,83.43239258,319.6949608,1.078465817,8
4420,83.43245891,319.8005653,1.080455041,8
4430,83.43252416,319.9064905,1.082444265,8
4440,83.43258835,320.0127376,1.084433489,8
4450,83.43265149,320.1193073,1.086422713,8
4460,83.4327136,320.2262009,1.088411937,8
4470,83.4327747,320.3334193,1.09040116,8
4480,83.4328348,320.4409635,1.092390384,8
4490,83.43289392,320.5488345,1.094379608,8
4500,83.43295208,320.6570334,1.096368832,8
4510,83.43300929,320.7655612,1.098358056,8
4520,83.43306557,320.8744189,1.10034728,8
4530,83.43312093,320.9836075,1.102336504,8
4540,83.43317539,321.0931282,1.104325728,8
4550,83.43322896,321.2029819,1.106314952,8
4560,83.43328165,321.3131696,1.108304175,8
4570,83.43333349,321.4236925,1.110293399,8
4580,83.43338449,321.5345516,1.112282623,8
4590,83.43343465,321.6457479,1.114271847,8
4600,83.43348399,321.7572824,1.116261071,8
4610,83.43353253,321.8691563,1.118250295,8
4620,83.43358028,321.9813706,1.120239519,8
4630,83.43362725,322.0939264,1.122228743,8
4640,83.43367345,322.2068248,1.124217967,8
4650,83.4337189,322.3200667,1.12620719,8
4660,83.43376361,322.4336534,1.128196414,8
4670,83.4338076,322.5475858,1.130185638,8
4680,83.43385086,322.6618651,1.132174862,8
4690,83.43389342,322.7764923,1.134164086,8
4700,83.43393528,322.8914685,1.13615331,8
4710,83.43397647,323.0067949,1.138142534,8
4720,83.43401698,323.1224726,1.140131758,8
4730,83.43405683,323.2385025,1.142120982,8
4740,83.43409603,323.3548859,1.144110205,8
4750,83.43413459,323.4716238,1.146099429,8
4760,83.43417253,323.5887174,1.148088653,8
4770,83.43420984,323.7061677,1.150077877,8
4780,83.43424655,323.8239759,1.152067101,8
4790,83.43428266,323.9421431,1.154056325,8
4800,83.43431818,324.0606705,1.156045549,8
4810,83.43435312,324.1795591,1.158034773,8
4820,83.43438749,324.2988101,1.160023997,8
4830,83.4344213,324.4184246,1.16201322,8
4840,83.43445456,324.5384038,1.164002444,8
4850,83.43448728,324.6587488,1.165991668,8
4860,83.43451946,324.7794607,1.167980892,8
4870,83.43455112,324.9005408,1.169970116,8
4880,83.43458227,325.0219901,1.17195934,8
4890,83.4346129,325.1438099,1.173948564,8
4900,83.43464304,325.2660012,1.175937788,8
4910,83.43467269,325.3885652,1.177927011,8
4920,83.43470185,325.5115032,1.179916235,8
4930,83.43473053,325.6348162,1.181905459,8
4940,83.43475875,325.7585055,1.183894683,8
4950,83.43478651,325.8825722,1.185883907,8
4960,83.43481382,326.0070176,1.187873131,8
4970,83.43484068,326.1318427,1.189862355,8
4980,83.4348671,326.2570489,1.191851579,8
4990,83.4348931,326.3826372,1.193840803,8
5000,83.43491867,326.508609,1.195830026,8
5010,83.43494382,326.6349653,1.19781925,8
5020,83.43496856,326.7617074,1.199808474,8
5030,83.4349929,326.8888365,1.201797698,8
5040,83.43501684,327.0163538,1.203786922,8
5050,83.43504039,327.1442606,1.205776146,8
5060,83.43506356,327.272558,1.20776537,8
5070,83.43508635,327.4012473,1.209754594,8
5080,83.43510877,327.5303297,1.211743818,8
5090,83.43513082,327.6598064,1.213733041,8
5100,83.43515252,327.7896787,1.215722265,8
5110,83.43517386,327.9199478,1.217711489,8
5120,83.43519485,328.050615,1.219700713,8
5130,83.4352155,328.1816815,1.221689937,8
5140,83.43523581,328.3131485,1.223679161,8
5150,83.4352558,328.4450173,1.225668385,8
5160,83.43527545,328.5772892,1.227657609,8
5170,83.43529479,328.7099655,1.229646833,8
5180,83.43531381,328.8430473,1.231636056,8
5190,83.43533252,328.976536,1.23362528,8
5200,83.43535093,329.1104329,1.235614504,8
5210,83.43536903,329.2447392,1.237603728,8
5220,83.43538684,329.3794562,1.239592952,8
5230,83.43540436,329.5145852,1.241582176,8
5240,83.4354216,329.6501274,1.2435714,8
5250,83.43543855,329.7860843,1.245560624,8
5260,83.43545523,329.922457,1.247549848,8
5270,83.43547163,330.059247,1.249539071,8
5280,83.43548777,330.1964554,1.251528295,8
5290,83.43550365,330.3340836,1.253517519,8
5300,83.43551926,330.4721329,1.255506743,8
5310,83.43553462,330.6106047,1.257495967,8
5320,83.43554974,330.7495003,1.259485191,8
5330,83.4355646,330.8888209,1.261474415,8
5340,83.43557922,331.0285679,1.263463639,8
5350,83.43559361,331.1687428,1.265452863,8
5360,83.43560776,331.3093467,1.267442086,8
5370,83.43562168,331.450381,1.26943131,8
5380,83.43563537,331.5918472,1.271420534,8
5390,83.43564884,331.7337465,1.273409758,8
5400,83.43566209,331.8760803,1.275398982,8
5410,83.43567512,332.01885,1.277388206,8
5420,83.43568794,332.1620569,1.27937743,8
5430,83.43570055,332.3057024,1.281366654,8
5440,83.43571296,332.4497879,1.283355877,8
5450,83.43572516,332.5943147,1.285345101,8
5460,83.43573717,332.7392843,1.287334325,8
5470,83.43574898,332.884698,1.289323549,8
5480,83.43576059,333.0305572,1.291312773,8
5490,83.43577202,333.1768633,1.293301997,8
5500,83.43578326,333.3236178,1.295291221,8
5510,83.43579432,333.470822,1.297280445,8
5520,83.4358052,333.6184773,1.299269669,8
5530,83.4358159,333.7665851,1.301258892,8
5540,83.43582642,333.9151469,1.303248116,8
5550,83.43583678,334.0641641,1.30523734,8
5560,83.43584696,334.2136381,1.307226564,8
5570,83.43585698,334.3635704,1.309215788,8
5580,83.43586684,334.5139623,1.311205012,8
5590,83.43587654,334.6648154,1.313194236,8
5600,83.43588607,334.816131,1.31518346,8
5610,83.43589546,334.9679106,1.317172684,8
5620,83.43590469,335.1201557,1.319161907,8
5630,83.43591376,335.2728677,1.321151131,8
5640,83.43592269,335.4260482,1.323140355,8
5650,83.43593148,335.5796984,1.325129579,8
5660,83.43594012,335.73382,1.327118803,8
5670,83.43594862,335.8884145,1.329108027,8
5680,83.43595698,336.0434832,1.331097251,8
5690,83.43596521,336.1990277,1.333086475,8
5700,83.4359733,336.3550494,1.335075699,8
5710,83.43598126,336.5115499,1.337064922,8
5720,83.43598909,336.6685307,1.339054146,8
5730,83.4359968,336.8259933,1.34104337,8
5740,83.43600437,336.9839391,1.343032594,8
5750,83.43601183,337.1423697,1.345021818,8
5760,83.43601916,337.3012867,1.347011042,8
5770,83.43602637,337.4606914,1.349000266,8
5780,83.43603347,337.6205856,1.35098949,8
5790,83.43604045,337.7809706,1.352978714,8
5800,83.43604731,337.9418481,1.354967937,8
5810,83.43605406,338.1032196,1.356957161,8
5820,83.43606071,338.2650865,1.358946385,8
5830,83.43606724,338.4274506,1.360935609,8
5840,83.43607367,338.5903133,1.362924833,8
5850,83.43608,338.7536763,1.364914057,8
5860,83.43608622,338.9175409,1.366903281,8
5870,83.43609234,339.081909,1.368892505,8
5880,83.43609836,339.2467819,1.370881729,8
5890,83.43610428,339.4121614,1.372870952,8
5900,83.4361101,339.5780489,1.374860176,8
5910,83.43611583,339.7444462,1.3768494,8
5920,83.43612147,339.9113547,1.378838624,8
5930,83.43612701,340.0787761,1.380827848,8
5940,83.43613247,340.246712,1.382817072,8
5950,83.43613783,340.415164,1.384806296,8
5960,83.43614311,340.5841337,1.38679552,8
5970,83.4361483,340.7536227,1.388784743,8
5980,83.43615341,340.9236327,1.390773967,8
5990,83.43615843,341.0941654,1.392763191,8
6000,83.43616338,341.2652222,1.394752415,8
6010,83.43616824,341.436805,1.396741639,8
6020,83.43617302,341.6089153,1.398730863,8
6030,83.43617773,341.7815547,1.400720087,8
6040,83.43618235,341.9547251,1.402709311,8
6050,83.43618691,342.1284279,1.404698535,8
6060,83.43619138,342.3026649,1.406687758,8
6070,83.43619579,342.4774377,1.408676982,8
6080,83.43620012,342.6527481,1.410666206,8
6090,83.43620438,342.8285977,1.41265543,8
6100,83.43620858,343.0049882,1.414644654,8
6110,83.4362127,343.1819213,1.416633878,8
6120,83.43621676,343.3593987,1.418623102,8
6130,83.43622075,343.5374221,1.420612326,8
6140,83.43622468,343.7159932,1.42260155,8
6150,83.43622854,343.8951137,1.424590773,8
6160,83.43623234,344.0747854,1.426579997,8
6170,83.43623608,344.25501,1.428569221,8
6180,83.43623975,344.4357892,1.430558445,8
6190,83.43624337,344.6171248,1.432547669,8
6200,83.43624693,344.7990184,1.434536893,8
6210,83.43625043,344.981472,1.436526117,8
6220,83.43625387,345.1644871,1.438515341,8
6230,83.43625726,345.3480655,1.440504565,8
6240,83.43626059,345.5322091,1.442493788,8
6250,83.43626386,345.7169196,1.444483012,8
6260,83.43626709,345.9021988,1.446472236,8
6270,83.43627026,346.0880484,1.44846146,8
6280,83.43627338,346.2744703,1.450450684,8
6290,83.43627645,346.4614662,1.452439908,8
6300,83.43627946,346.6490379,1.454429132,8
6310,83.43628243,346.8371873,1.456418356,8
6320,83.43628535,347.0259161,1.45840758,8
6330,83.43628823,347.2152262,1.460396803,8
6340,83.43629105,347.4051194,1.462386027,8
6350,83.43629383,347.5955975,1.464375251,8
6360,83.43629657,347.7866624,1.466364475,8
6370,83.43629926,347.9783158,1.468353699,8
6380,83.43630191,348.1705597,1.470342923,8
6390,83.43630451,348.3633959,1.472332147,8
6400,83.43630707,348.5568262,1.474321371,8
6410,83.43630959,348.7508525,1.476310595,8
6420,83.43631207,348.9454767,1.478299818,8
6430,83.43631451,349.1407006,1.480289042,8
6440,83.4363169,349.3365262,1.482278266,8
6450,83.43631926,349.5329552,1.48426749,8
6460,83.43632158,349.7299897,1.486256714,8
6470,83.43632386,349.9276315,1.488245938,8
6480,83.43632611,350.1258824,1.490235162,8
6490,83.43632832,350.3247445,1.492224386,8
6500,83.43633049,350.5242196,1.494213609,8
6510,83.43633263,350.7243096,1.496202833,8
6520,83.43633473,350.9250166,1.498192057,8
6530,83.4363368,351.1263423,1.500181281,8
6540,83.43633883,351.3282888,1.502170505,8
6550,83.43634084,351.5308579,1.504159729,8
6560,83.4363428,351.7340517,1.506148953,8
6570,83.43634474,351.9378721,1.508138177,8
6580,83.43634665,352.1423211,1.510127401,8
6590,83.43634852,352.3474006,1.512116624,8
6600,83.43635036,352.5531127,1.514105848,8
6610,83.43635218,352.7594592,1.516095072,8
6620,83.43635396,352.9664422,1.518084296,8
6630,83.43635572,353.1740637,1.52007352,8
6640,83.43635744,353.3823256,1.522062744,8
6650,83.43635914,353.5912301,1.524051968,8
6660,83.43636081,353.800779,1.526041192,8
6670,83.43636245,354.0109745,1.528030416,8
6680,83.43636407,354.2218185,1.530019639,8
6690,83.43636566,354.4333131,1.532008863,8
6700,83.43636722,354.6454603,1.533998087,8
6710,83.43636876,354.8582622,1.535987311,8
6720,83.43637028,355.0717207,1.537976535,8
6730,83.43637176,355.2858381,1.539965759,8
6740,83.43637323,355.5006163,1.541954983,8
6750,83.43637467,355.7160574,1.543944207,8
6760,83.43637609,355.9321635,1.545933431,8
6770,83.43637748,356.1489366,1.547922654,8
6780,83.43637885,356.3663789,1.549911878,8
6790,83.4363802,356.5844925,1.551901102,8
6800,83.43638153,356.8032794,1.553890326,8
6810,83.43638283,357.0227418,1.55587955,8
6820,83.43638412,357.2428818,1.557868774,8
6830,83.43638538,357.4637015,1.559857998,8
6840,83.43638662,357.6852031,1.561847222,8
6850,83.43638785,357.9073886,1.563836446,8
6860,83.43638905,358.1302602,1.565825669,8
6870,83.43639023,358.3538202,1.567814893,8
6880,83.4363914,358.5780705,1.569804117,8
6890,83.43639254,358.8030134,1.571793341,8
6900,83.43639367,359.0286512,1.573782565,8
6910,83.43639477,359.2549858,1.575771789,8
6920,83.43639586,359.4820196,1.577761013,8
6930,83.43639693,359.7097547,1.579750237,8
6940,83.43639799,359.9381933,1.581739461,8
6950,83.43639903,360.1673376,1.583728684,8
6960,83.43640005,360.3971899,1.585717908,8
6970,83.43640105,360.6277523,1.587707132,8
6980,83.43640204,360.8590271,1.589696356,8
6990,83.43640301,361.0910165,1.59168558,8
7000,83.43640396,361.3237227,1.593674804,8
7010,83.4364049,361.5571481,1.595664028,8
7020,83.43640583,361.7912948,1.597653252,8
7030,83.43640674,362.0261651,1.599642475,8
7040,83.43640763,362.2617613,1.601631699,8
7050,83.43640851,362.4980856,1.603620923,8
7060,83.43640938,362.7351404,1.605610147,8
7070,83.43641023,362.9729279,1.607599371,8
7080,83.43641107,363.2114504,1.609588595,8
7090,83.43641189,363.4507102,1.611577819,8
7100,83.4364127,363.6907097,1.613567043,8
7110,83.4364135,363.9314511,1.615556267,8
7120,83.43641428,364.1729368,1.61754549,8
7130,83.43641505,364.4151691,1.619534714,8
7140,83.43641581,364.6581504,1.621523938,8
7150,83.43641656,364.901883,1.623513162,8
7160,83.43641729,365.1463692,1.625502386,8
7170,83.43641801,365.3916114,1.62749161,8
7180,83.43641873,365.637612,1.629480834,8
7190,83.43641942,365.8843734,1.631470058,8
7200,83.43642011,366.1318979,1.633459282,8
7210,83.43642079,366.380188,1.635448505,8
7220,83.43642145,366.629246,1.637437729,8
7230,83.43642211,366.8790743,1.639426953,8
7240,83.43642275,367.1296754,1.641416177,8
7250,83.43642339,367.3810517,1.643405401,8
7260,83.43642401,367.6332056,1.645394625,8
7270,83.43642462,367.8861395,1.647383849,8
7280,83.43642522,368.1398559,1.649373073,8
7290,83.43642582,368.3943573,1.651362297,8
7300,83.4364264,368.6496461,1.65335152,8
7310,83.43642697,368.9057247,1.655340744,8
7320,83.43642754,369.1625957,1.657329968,8
7330,83.43642809,369.4202615,1.659319192,8
7340,83.43642864,369.6787246,1.661308416,8
7350,83.43642918,369.9379876,1.66329764,8
7360,83.43642971,370.1980528,1.665286864,8
7370,83.43643023,370.458923,1.667276088,8
7380,83.43643074,370.7206004,1.669265312,8
7390,83.43643124,370.9830878,1.671254535,8
7400,83.43643174,371.2463876,1.673243759,8
7410,83.43643222,371.5105024,1.675232983,8
7420,83.4364327,371.7754347,1.677222207,8
7430,83.43643317,372.0411871,1.679211431,8
7440,83.43643364,372.3077622,1.681200655,8
7450,83.43643409,372.5751625,1.683189879,8
7460,83.43643454,372.8433907,1.685179103,8
7470,83.43643498,373.1124493,1.687168327,8
7480,83.43643542,373.3823409,1.68915755,8
7490,83.43643584,373.6530681,1.691146774,8
7500,83.43643626,373.9246336,1.693135998,8
7510,83.43643668,374.19704,1.695125222,8
7520,83.43643708,374.4702899,1.697114446,8
7530,83.43643748,374.7443859,1.69910367,8
7540,83.43643788,375.0193308,1.701092894,8
7550,83.43643826,375.2951271,1.703082118,8
7560,83.43643864,375.5717776,1.705071341,8
7570,83.43643902,375.8492849,1.707060565,8
7580,83.43643939,376.1276518,1.709049789,8
7590,83.43643975,376.4068808,1.711039013,8
7600,83.4364401,376.6869747,1.713028237,8
7610,83.43644046,376.9679362,1.715017461,8
7620,83.4364408,377.2497681,1.717006685,8
7630,83.43644114,377.532473,1.718995909,8
7640,83.43644147,377.8160537,1.720985133,8
7650,83.4364418,378.100513,1.722974356,8
7660,83.43644212,378.3858535,1.72496358,8
7670,83.43644244,378.6720781,1.726952804,8
7680,83.43644275,378.9591895,1.728942028,8
7690,83.43644306,379.2471906,1.730931252,8
7700,83.43644336,379.536084,1.732920476,8
7710,83.43644366,379.8258726,1.7349097,8
7720,83.43644395,380.1165592,1.736898924,8
7730,83.43644424,380.4081467,1.738888148,8
7740,83.43644452,380.7006377,1.740877371,8
7750,83.4364448,380.9940353,1.742866595,8
7760,83.43644508,381.2883421,1.744855819,8
7770,83.43644535,381.5835611,1.746845043,8
7780,83.43644561,381.8796951,1.748834267,8
7790,83.43644587,382.176747,1.750823491,8
7800,83.43644613,382.4747196,1.752812715,8
7810,83.43644638,382.7736159,1.754801939,8
7820,83.43644663,383.0734388,1.756791163,8
7830,83.43644687,383.3741911,1.758780386,8
7840,83.43644711,383.6758757,1.76076961,8
7850,83.43644735,383.9784956,1.762758834,8
7860,83.43644758,384.2820538,1.764748058,8
7870,83.43644781,384.586553,1.766737282,8
7880,83.43644804,384.8919964,1.768726506,8
7890,83.43644826,385.1983869,1.77071573,8
7900,83.43644847,385.5057273,1.772704954,8
7910,83.43644869,385.8140208,1.774694178,8
7920,83.4364489,386.1232703,1.776683401,8
7930,83.43644911,386.4334787,1.778672625,8
7940,83.43644931,386.7446492,1.780661849,8
7950,83.43644951,387.0567847,1.782651073,8
7960,83.43644971,387.3698881,1.784640297,8
7970,83.4364499,387.6839627,1.786629521,8
7980,83.43645009,387.9990114,1.788618745,8
7990,83.43645028,388.3150372,1.790607969,8
8000,83.43645046,388.6320433,1.792597193,8
0,77.47035573,303.2487761,0.267594883,9
10,77.54976956,303.2906736,0.270461354,9
20,77.62788519,303.3326977,0.273327825,9
30,77.70472386,303.3748489,0.276194296,9
40,77.78030643,303.4171274,0.279060767,9
50,77.85465344,303.4595338,0.281927237,9
60,77.92778508,303.5020684,0.284793708,9
70,77.99972123,303.5447317,0.287660179,9
80,78.07048143,303.5875241,0.29052665,9
90,78.1400849,303.6304459,0.293393121,9
100,78.20855055,303.6734977,0.296259592,9
110,78.27589698,303.7166798,0.299126062,9
120,78.34214249,303.7599927,0.301992533,9
130,78.40730506,303.8034368,0.304859004,9
140,78.47140242,303.8470125,0.307725475,9
150,78.53445197,303.8907202,0.310591946,9
160,78.59647083,303.9345604,0.313458416,9
170,78.65747586,303.9785335,0.316324887,9
180,78.71748363,304.0226399,0.319191358,9
190,78.77651045,304.0668801,0.322057829,9
200,78.83457234,304.1112545,0.3249243,9
210,78.89168509,304.1557636,0.327790771,9
220,78.9478642,304.2004077,0.330657241,9
230,79.00312494,304.2451873,0.333523712,9
240,79.05748233,304.2901028,0.336390183,9
250,79.11095113,304.3351548,0.339256654,9
260,79.16354587,304.3803435,0.342123125,9
270,79.21528083,304.4256696,0.344989596,9
280,79.26617006,304.4711334,0.347856066,9
290,79.31622741,304.5167353,0.350722537,9
300,79.36546646,304.5624759,0.353589008,9
310,79.41390059,304.6083556,0.356455479,9
320,79.46154296,304.6543747,0.35932195,9
330,79.50840651,304.7005338,0.36218842,9
340,79.55450397,304.7468334,0.365054891,9
350,79.59984787,304.7932738,0.367921362,9
360,79.64445053,304.8398556,0.370787833,9
370,79.68832406,304.8865792,0.373654304,9
380,79.73148038,304.933445,0.376520775,9
390,79.77393122,304.9804536,0.379387245,9
400,79.81568811,305.0276054,0.382253716,9
410,79.85676239,305.0749008,0.385120187,9
420,79.89716522,305.1223403,0.387986658,9
430,79.93690758,305.1699244,0.390853129,9
440,79.97600026,305.2176535,0.3937196,9
450,80.01445389,305.2655282,0.39658607,9
460,80.05227892,305.3135488,0.399452541,9
470,80.08948561,305.361716,0.402319012,9
480,80.12608407,305.4100301,0.405185483,9
490,80.16208426,305.4584916,0.408051954,9
500,80.19749594,305.507101,0.410918424,9
510,80.23232874,305.5558587,0.413784895,9
520,80.26659213,305.6047654,0.416651366,9
530,80.3002954,305.6538214,0.419517837,9
540,80.33344773,305.7030272,0.422384308,9
550,80.3660581,305.7523833,0.425250779,9
560,80.39813539,305.8018903,0.428117249,9
570,80.42968831,305.8515485,0.43098372,9
580,80.46072542,305.9013585,0.433850191,9
590,80.49125517,305.9513208,0.436716662,9
600,80.52128584,306.0014359,0.439583133,9
610,80.55082559,306.0517043,0.442449604,9
620,80.57988246,306.1021264,0.445316074,9
630,80.60846432,306.1527027,0.448182545,9
640,80.63657896,306.2034339,0.451049016,9
650,80.664234,306.2543203,0.453915487,9
660,80.69143695,306.3053625,0.456781958,9
670,80.71819522,306.3565609,0.459648428,9
680,80.74451606,306.4079161,0.462514899,9
690,80.77040663,306.4594287,0.46538137,9
700,80.79587397,306.511099,0.468247841,9
710,80.82092498,306.5629277,0.471114312,9
720,80.84556649,306.6149151,0.473980783,9
730,80.86980517,306.667062,0.476847253,9
740,80.89364762,306.7193687,0.479713724,9
750,80.91710032,306.7718357,0.482580195,9
760,80.94016962,306.8244637,0.485446666,9
770,80.96286181,306.8772531,0.488313137,9
780,80.98518305,306.9302045,0.491179608,9
790,81.0071394,306.9833183,0.494046078,9
800,81.02873682,307.0365951,0.496912549,9
810,81.04998119,307.0900355,0.49977902,9
820,81.07087827,307.1436399,0.502645491,9
830,81.09143375,307.1974089,0.505511962,9
840,81.1116532,307.2513431,0.508378432,9
850,81.13154212,307.3054429,0.511244903,9
860,81.15110591,307.3597089,0.514111374,9
870,81.17034989,307.4141416,0.516977845,9
880,81.18927928,307.4687417,0.519844316,9
890,81.20789924,307.5235095,0.522710787,9
900,81.22621481,307.5784458,0.525577257,9
910,81.24423097,307.6335509,0.528443728,9
920,81.26195262,307.6888256,0.531310199,9
930,81.27938457,307.7442702,0.53417667,9
940,81.29653155,307.7998854,0.537043141,9
950,81.31339823,307.8556717,0.539909612,9
960,81.32998919,307.9116297,0.542776082,9
970,81.34630894,307.96776,0.545642553,9
980,81.3623619,308.024063,0.548509024,9
990,81.37815244,308.0805394,0.551375495,9
1000,81.39368485,308.1371897,0.554241966,9
1010,81.40896335,308.1940145,0.557108436,9
1020,81.42399209,308.2510143,0.559974907,9
1030,81.43877516,308.3081897,0.562841378,9
1040,81.45331656,308.3655414,0.565707849,9
1050,81.46762025,308.4230698,0.56857432,9
1060,81.48169011,308.4807755,0.571440791,9
1070,81.49552998,308.5386591,0.574307261,9
1080,81.5091436,308.5967213,0.577173732,9
1090,81.52253468,308.6549624,0.580040203,9
1100,81.53570685,308.7133833,0.582906674,9
1110,81.54866369,308.7719843,0.585773145,9
1120,81.56140872,308.8307662,0.588639616,9
1130,81.57394541,308.8897295,0.591506086,9
1140,81.58627716,308.9488747,0.594372557,9
1150,81.59840733,309.0082026,0.597239028,9
1160,81.61033919,309.0677136,0.600105499,9
1170,81.62207601,309.1274084,0.60297197,9
1180,81.63362096,309.1872875,0.60583844,9
1190,81.64497718,309.2473516,0.608704911,9
1200,81.65614777,309.3076013,0.611571382,9
1210,81.66713574,309.3680372,0.614437853,9
1220,81.67794409,309.4286598,0.617304324,9
1230,81.68857576,309.4894698,0.620170795,9
1240,81.69903363,309.5504677,0.623037265,9
1250,81.70932054,309.6116543,0.625903736,9
1260,81.71943929,309.6730301,0.628770207,9
1270,81.72939263,309.7345957,0.631636678,9
1280,81.73918326,309.7963517,0.634503149,9
1290,81.74881384,309.8582988,0.63736962,9
1300,81.75828698,309.9204376,0.64023609,9
1310,81.76760527,309.9827686,0.643102561,9
1320,81.77677123,310.0452926,0.645969032,9
1330,81.78578735,310.1080101,0.648835503,9
1340,81.79465609,310.1709219,0.651701974,9
1350,81.80337984,310.2340284,0.654568444,9
1360,81.81196099,310.2973303,0.657434915,9
1370,81.82040186,310.3608284,0.660301386,9
1380,81.82870475,310.4245231,0.663167857,9
1390,81.8368719,310.4884152,0.666034328,9
1400,81.84490555,310.5525053,0.668900799,9
1410,81.85280787,310.616794,0.671767269,9
1420,81.86058101,310.681282,0.67463374,9
1430,81.86822708,310.7459699,0.677500211,9
1440,81.87574815,310.8108584,0.680366682,9
1450,81.88314628,310.8759481,0.683233153,9
1460,81.89042348,310.9412397,0.686099624,9
1470,81.89758171,311.0067338,0.688966094,9
1480,81.90462292,311.0724311,0.691832565,9
1490,81.91154903,311.1383322,0.694699036,9
1500,81.91836192,311.2044379,0.697565507,9
1510,81.92506343,311.2707487,0.700431978,9
1520,81.9316554,311.3372654,0.703298448,9
1530,81.9381396,311.4039886,0.706164919,9
1540,81.94451781,311.470919,0.70903139,9
1550,81.95079175,311.5380572,0.711897861,9
1560,81.95696313,311.605404,0.714764332,9
1570,81.96303362,311.6729599,0.717630803,9
1580,81.96900488,311.7407258,0.720497273,9
1590,81.97487853,311.8087022,0.723363744,9
1600,81.98065616,311.8768898,0.726230215,9
1610,81.98633934,311.9452894,0.729096686,9
1620,81.99192962,312.0139016,0.731963157,9
1630,81.99742851,312.0827271,0.734829628,9
1640,82.00283751,312.1517667,0.737696098,9
1650,82.00815809,312.2210209,0.740562569,9
1660,82.01339169,312.2904905,0.74342904,9
1670,82.01853974,312.3601762,0.746295511,9
1680,82.02360363,312.4300787,0.749161982,9
1690,82.02858474,312.5001987,0.752028452,9
1700,82.03348443,312.570537,0.754894923,9
1710,82.03830401,312.6410941,0.757761394,9
1720,82.04304482,312.7118708,0.760627865,9
1730,82.04770812,312.7828679,0.763494336,9
1740,82.05229519,312.8540861,0.766360807,9
1750,82.05680728,312.925526,0.769227277,9
1760,82.0612456,312.9971884,0.772093748,9
1770,82.06561137,313.069074,0.774960219,9
1780,82.06990578,313.1411836,0.77782669,9
1790,82.07412998,313.2135178,0.780693161,9
1800,82.07828513,313.2860775,0.783559632,9
1810,82.08237235,313.3588632,0.786426102,9
1820,82.08639276,313.4318758,0.789292573,9
1830,82.09034745,313.505116,0.792159044,9
1840,82.09423749,313.5785845,0.795025515,9
1850,82.09806394,313.6522822,0.797891986,9
1860,82.10182783,313.7262096,0.800758456,9
1870,82.1055302,313.8003676,0.803624927,9
1880,82.10917204,313.8747569,0.806491398,9
1890,82.11275435,313.9493783,0.809357869,9
1900,82.1162781,314.0242325,0.81222434,9
1910,82.11974425,314.0993203,0.815090811,9
1920,82.12315373,314.1746424,0.817957281,9
1930,82.12650748,314.2501996,0.820823752,9
1940,82.12980641,314.3259926,0.823690223,9
1950,82.1330514,314.4020223,0.826556694,9
1960,82.13624336,314.4782894,0.829423165,9
1970,82.13938313,314.5547946,0.832289636,9
1980,82.14247157,314.6315388,0.835156106,9
1990,82.14550953,314.7085226,0.838022577,9
2000,82.14849782,314.785747,0.840889048,9
2010,82.15143727,314.8632126,0.843755519,9
2020,82.15432866,314.9409203,0.84662199,9
2030,82.15717279,315.0188708,0.84948846,9
2040,82.15997042,315.097065,0.852354931,9
2050,82.16272232,315.1755036,0.855221402,9
2060,82.16542924,315.2541873,0.858087873,9
2070,82.1680919,315.3331171,0.860954344,9
2080,82.17071104,315.4122937,0.863820815,9
2090,82.17328736,315.4917179,0.866687285,9
2100,82.17582157,315.5713905,0.869553756,9
2110,82.17831435,315.6513123,0.872420227,9
2120,82.18076638,315.7314841,0.875286698,9
2130,82.18317832,315.8119068,0.878153169,9
2140,82.18555084,315.8925812,0.88101964,9
2150,82.18788457,315.973508,0.88388611,9
2160,82.19018015,316.054688,0.886752581,9
2170,82.19243821,316.1361222,0.889619052,9
2180,82.19465936,316.2178114,0.892485523,9
2190,82.19684419,316.2997563,0.895351994,9
2200,82.19899331,316.3819578,0.898218464,9
2210,82.2011073,316.4644167,0.901084935,9
2220,82.20318672,316.5471338,0.903951406,9
2230,82.20523216,316.6301101,0.906817877,9
2240,82.20724416,316.7133463,0.909684348,9
2250,82.20922327,316.7968433,0.912550819,9
2260,82.21117002,316.8806019,0.915417289,9
2270,82.21308496,316.9646231,0.91828376,9
2280,82.21496858,317.0489075,0.921150231,9
2290,82.21682142,317.1334561,0.924016702,9
2300,82.21864397,317.2182698,0.926883173,9
2310,82.22043672,317.3033494,0.929749644,9
2320,82.22220017,317.3886957,0.932616114,9
2330,82.22393479,317.4743097,0.935482585,9
2340,82.22564105,317.5601922,0.938349056,9
2350,82.22731943,317.6463441,0.941215527,9
2360,82.22897036,317.7327662,0.944081998,9
2370,82.23059431,317.8194594,0.946948468,9
2380,82.23219171,317.9064247,0.949814939,9
2390,82.233763,317.9936628,0.95268141,9
2400,82.2353086,318.0811747,0.955547881,9
2410,82.23682893,318.1689613,0.958414352,9
2420,82.23832441,318.2570234,0.961280823,9
2430,82.23979545,318.345362,0.964147293,9
2440,82.24124243,318.4339779,0.967013764,9
2450,82.24266577,318.5228721,0.969880235,9
2460,82.24406583,318.6120455,0.972746706,9
2470,82.24544301,318.7014989,0.975613177,9
2480,82.24679768,318.7912332,0.978479648,9
2490,82.2481302,318.8812494,0.981346118,9
2500,82.24944094,318.9715485,0.984212589,9
2510,82.25073025,319.0621312,0.98707906,9
2520,82.25199848,319.1529986,0.989945531,9
2530,82.25324598,319.2441515,0.992812002,9
2540,82.25447309,319.335591,0.995678472,9
2550,82.25568014,319.4273178,0.998544943,9
2560,82.25686746,319.519333,1.001411414,9
2570,82.25803537,319.6116375,1.004277885,9
2580,82.25918418,319.7042321,1.007144356,9
2590,82.26031422,319.797118,1.010010827,9
2600,82.26142578,319.890296,1.012877297,9
2610,82.26251918,319.983767,1.015743768,9
2620,82.26359469,320.077532,1.018610239,9
2630,82.26465263,320.171592,1.02147671,9
2640,82.26569327,320.2659479,1.024343181,9
2650,82.26671691,320.3606007,1.027209652,9
2660,82.2677238,320.4555514,1.030076122,9
2670,82.26871424,320.5508008,1.032942593,9
2680,82.26968849,320.6463501,1.035809064,9
2690,82.27064681,320.7422001,1.038675535,9
2700,82.27158946,320.8383518,1.041542006,9
2710,82.27251671,320.9348063,1.044408476,9
2720,82.2734288,321.0315644,1.047274947,9
2730,82.27432597,321.1286272,1.050141418,9
2740,82.27520848,321.2259957,1.053007889,9
2750,82.27607657,321.3236709,1.05587436,9
2760,82.27693046,321.4216537,1.058740831,9
2770,82.2777704,321.5199451,1.061607301,9
2780,82.2785966,321.6185463,1.064473772,9
2790,82.2794093,321.7174581,1.067340243,9
2800,82.28020871,321.8166815,1.070206714,9
2810,82.28099506,321.9162177,1.073073185,9
2820,82.28176855,322.0160675,1.075939656,9
2830,82.28252939,322.1162321,1.078806126,9
2840,82.2832778,322.2167124,1.081672597,9
2850,82.28401398,322.3175094,1.084539068,9
2860,82.28473812,322.4186243,1.087405539,9
2870,82.28545042,322.520058,1.09027201,9
2880,82.28615107,322.6218115,1.09313848,9
2890,82.28684028,322.723886,1.096004951,9
2900,82.28751822,322.8262823,1.098871422,9
2910,82.28818507,322.9290017,1.101737893,9
2920,82.28884103,323.0320451,1.104604364,9
2930,82.28948626,323.1354136,1.107470835,9
2940,82.29012094,323.2391082,1.110337305,9
2950,82.29074525,323.34313,1.113203776,9
2960,82.29135935,323.4474801,1.116070247,9
2970,82.29196341,323.5521595,1.118936718,9
2980,82.2925576,323.6571693,1.121803189,9
2990,82.29314208,323.7625106,1.12466966,9
3000,82.293717,323.8681844,1.12753613,9
3010,82.29428252,323.9741918,1.130402601,9
3020,82.2948388,324.080534,1.133269072,9
3030,82.29538598,324.1872119,1.136135543,9
3040,82.29592422,324.2942267,1.139002014,9
3050,82.29645366,324.4015795,1.141868484,9
3060,82.29697445,324.5092714,1.144734955,9
3070,82.29748672,324.6173034,1.147601426,9
3080,82.29799062,324.7256768,1.150467897,9
3090,82.29848628,324.8343925,1.153334368,9
3100,82.29897384,324.9434517,1.156200839,9
3110,82.29945343,325.0528555,1.159067309,9
3120,82.29992518,325.1626051,1.16193378,9
3130,82.30038921,325.2727015,1.164800251,9
3140,82.30084566,325.3831459,1.167666722,9
3150,82.30129465,325.4939394,1.170533193,9
3160,82.3017363,325.6050832,1.173399664,9
3170,82.30217073,325.7165783,1.176266134,9
3180,82.30259806,325.828426,1.179132605,9
3190,82.3030184,325.9406273,1.181999076,9
3200,82.30343187,326.0531835,1.184865547,9
3210,82.30383858,326.1660956,1.187732018,9
3220,82.30423865,326.2793648,1.190598488,9
3230,82.30463217,326.3929923,1.193464959,9
3240,82.30501926,326.5069793,1.19633143,9
3250,82.30540002,326.6213268,1.199197901,9
3260,82.30577456,326.7360362,1.202064372,9
3270,82.30614298,326.8511085,1.204930843,9
3280,82.30650537,326.9665449,1.207797313,9
3290,82.30686184,327.0823467,1.210663784,9
3300,82.30721248,327.1985149,1.213530255,9
3310,82.30755739,327.3150509,1.216396726,9
3320,82.30789666,327.4319557,1.219263197,9
3330,82.30823039,327.5492306,1.222129668,9
3340,82.30855866,327.6668768,1.224996138,9
3350,82.30888156,327.7848955,1.227862609,9
3360,82.30919919,327.9032879,1.23072908,9
3370,82.30951162,328.0220553,1.233595551,9
3380,82.30981894,328.1411987,1.236462022,9
3390,82.31012124,328.2607195,1.239328492,9
3400,82.3104186,328.3806189,1.242194963,9
3410,82.3107111,328.500898,1.245061434,9
3420,82.31099882,328.6215583,1.247927905,9
3430,82.31128183,328.7426007,1.250794376,9
3440,82.31156022,328.8640267,1.253660847,9
3450,82.31183406,328.9858375,1.256527317,9
3460,82.31210342,329.1080343,1.259393788,9
3470,82.31236837,329.2306183,1.262260259,9
3480,82.312629,329.3535909,1.26512673,9
3490,82.31288536,329.4769532,1.267993201,9
3500,82.31313754,329.6007066,1.270859672,9
3510,82.31338559,329.7248523,1.273726142,9
3520,82.31362959,329.8493916,1.276592613,9
3530,82.3138696,329.9743258,1.279459084,9
3540,82.31410568,330.0996561,1.282325555,9
3550,82.31433791,330.2253839,1.285192026,9
3560,82.31456633,330.3515104,1.288058496,9
3570,82.31479103,330.4780369,1.290924967,9
3580,82.31501205,330.6049647,1.293791438,9
3590,82.31522946,330.7322951,1.296657909,9
3600,82.31544331,330.8600295,1.29952438,9
3610,82.31565367,330.9881691,1.302390851,9
3620,82.31586059,331.1167153,1.305257321,9
3630,82.31606413,331.2456693,1.308123792,9
3640,82.31626434,331.3750326,1.310990263,9
3650,82.31646128,331.5048063,1.313856734,9
3660,82.316655,331.634992,1.316723205,9
3670,82.31684555,331.7655908,1.319589676,9
3680,82.31703298,331.8966042,1.322456146,9
3690,82.31721736,332.0280334,1.325322617,9
3700,82.31739871,332.1598799,1.328189088,9
3710,82.31757711,332.292145,1.331055559,9
3720,82.31775259,332.4248301,1.33392203,9
3730,82.31792519,332.5579364,1.3367885,9
3740,82.31809498,332.6914654,1.339654971,9
3750,82.31826199,332.8254185,1.342521442,9
3760,82.31842627,332.959797,1.345387913,9
3770,82.31858787,333.0946023,1.348254384,9
3780,82.31874682,333.2298359,1.351120855,9
3790,82.31890318,333.365499,1.353987325,9
3800,82.31905698,333.501593,1.356853796,9
3810,82.31920827,333.6381195,1.359720267,9
3820,82.31935708,333.7750798,1.362586738,9
3830,82.31950346,333.9124752,1.365453209,9
3840,82.31964745,334.0503072,1.36831968,9
3850,82.31978908,334.1885773,1.37118615,9
3860,82.3199284,334.3272868,1.374052621,9
3870,82.32006544,334.4664372,1.376919092,9
3880,82.32020024,334.6060299,1.379785563,9
3890,82.32033283,334.7460663,1.382652034,9
3900,82.32046326,334.8865479,1.385518504,9
3910,82.32059156,335.0274761,1.388384975,9
3920,82.32071776,335.1688524,1.391251446,9
3930,82.3208419,335.3106782,1.394117917,9
3940,82.320964,335.452955,1.396984388,9
3950,82.32108411,335.5956843,1.399850859,9
3960,82.32120226,335.7388675,1.402717329,9
3970,82.32131848,335.882506,1.4055838,9
3980,82.32143279,336.0266015,1.408450271,9
3990,82.32154524,336.1711553,1.411316742,9
4000,82.32165585,336.3161689,1.414183213,9
4010,82.32176465,336.4616439,1.417049684,9
4020,82.32187168,336.6075817,1.419916154,9
4030,82.32197695,336.7539839,1.422782625,9
4040,82.3220805,336.9008519,1.425649096,9
4050,82.32218236,337.0481872,1.428515567,9
4060,82.32228256,337.1959915,1.431382038,9
4070,82.32238111,337.3442661,1.434248508,9
4080,82.32247806,337.4930126,1.437114979,9
4090,82.32257342,337.6422326,1.43998145,9
4100,82.32266722,337.7919276,1.442847921,9
4110,82.32275949,337.9420992,1.445714392,9
4120,82.32285025,338.0927488,1.448580863,9
4130,82.32293953,338.243878,1.451447333,9
4140,82.32302734,338.3954884,1.454313804,9
4150,82.32311372,338.5475816,1.457180275,9
4160,82.32319869,338.7001591,1.460046746,9
4170,82.32328227,338.8532225,1.462913217,9
4180,82.32336449,339.0067734,1.465779688,9
4190,82.32344536,339.1608133,1.468646158,9
4200,82.32352491,339.3153439,1.471512629,9
4210,82.32360315,339.4703666,1.4743791,9
4220,82.32368012,339.6258833,1.477245571,9
4230,82.32375583,339.7818953,1.480112042,9
4240,82.3238303,339.9384044,1.482978512,9
4250,82.32390356,340.0954122,1.485844983,9
4260,82.32397562,340.2529202,1.488711454,9
4270,82.3240465,340.4109301,1.491577925,9
4280,82.32411622,340.5694436,1.494444396,9
4290,82.3241848,340.7284622,1.497310867,9
4300,82.32425226,340.8879876,1.500177337,9
4310,82.32431862,341.0480214,1.503043808,9
4320,82.32438389,341.2085654,1.505910279,9
4330,82.3244481,341.3696211,1.50877675,9
4340,82.32451125,341.5311903,1.511643221,9
4350,82.32457338,341.6932745,1.514509692,9
4360,82.32463448,341.8558754,1.517376162,9
4370,82.32469459,342.0189948,1.520242633,9
4380,82.32475372,342.1826344,1.523109104,9
4390,82.32481188,342.3467957,1.525975575,9
4400,82.32486909,342.5114805,1.528842046,9
4410,82.32492536,342.6766905,1.531708516,9
4420,82.32498072,342.8424274,1.534574987,9
4430,82.32503517,343.008693,1.537441458,9
4440,82.32508873,343.1754888,1.540307929,9
4450,82.32514141,343.3428167,1.5431744,9
4460,82.32519323,343.5106784,1.546040871,9
4470,82.32524421,343.6790756,1.548907341,9
4480,82.32529435,343.8480101,1.551773812,9
4490,82.32534367,344.0174835,1.554640283,9
4500,82.32539219,344.1874977,1.557506754,9
4510,82.32543991,344.3580544,1.560373225,9
4520,82.32548685,344.5291554,1.563239696,9
4530,82.32553303,344.7008023,1.566106166,9
4540,82.32557845,344.8729971,1.568972637,9
4550,82.32562313,345.0457415,1.571839108,9
4560,82.32566708,345.2190372,1.574705579,9
4570,82.3257103,345.3928861,1.57757205,9
4580,82.32575283,345.5672899,1.580438521,9
4590,82.32579465,345.7422505,1.583304991,9
4600,82.3258358,345.9177696,1.586171462,9
4610,82.32587627,346.0938491,1.589037933,9
4620,82.32591608,346.2704908,1.591904404,9
4630,82.32595524,346.4476965,1.594770875,9
4640,82.32599376,346.625468,1.597637345,9
4650,82.32603165,346.8038072,1.600503816,9
4660,82.32606891,346.982716,1.603370287,9
4670,82.32610558,347.1621961,1.606236758,9
4680,82.32614164,347.3422495,1.609103229,9
4690,82.32617711,347.5228779,1.6119697,9
4700,82.326212,347.7040833,1.61483617,9
4710,82.32624632,347.8858676,1.617702641,9
4720,82.32628008,348.0682325,1.620569112,9
4730,82.32631329,348.2511801,1.623435583,9
4740,82.32634595,348.4347121,1.626302054,9
4750,82.32637809,348.6188305,1.629168525,9
4760,82.32640969,348.8035372,1.632034995,9
4770,82.32644078,348.9888341,1.634901466,9
4780,82.32647136,349.1747232,1.637767937,9
4790,82.32650145,349.3612062,1.640634408,9
4800,82.32653103,349.5482852,1.643500879,9
4810,82.32656014,349.7359622,1.646367349,9
4820,82.32658877,349.9242389,1.64923382,9
4830,82.32661693,350.1131175,1.652100291,9
4840,82.32664463,350.3025997,1.654966762,9
4850,82.32667188,350.4926877,1.657833233,9
4860,82.32669869,350.6833834,1.660699704,9
4870,82.32672505,350.8746887,1.663566174,9
4880,82.32675099,351.0666056,1.666432645,9
4890,82.3267765,351.2591361,1.669299116,9
4900,82.32680159,351.4522822,1.672165587,9
4910,82.32682627,351.646046,1.675032058,9
4920,82.32685055,351.8404293,1.677898529,9
4930,82.32687444,352.0354342,1.680764999,9
4940,82.32689793,352.2310628,1.68363147,9
4950,82.32692104,352.427317,1.686497941,9
4960,82.32694377,352.6241989,1.689364412,9
4970,82.32696613,352.8217105,1.692230883,9
4980,82.32698812,353.0198539,1.695097353,9
4990,82.32700975,353.2186311,1.697963824,9
5000,82.32703103,353.4180442,1.700830295,9
5010,82.32705197,353.6180953,1.703696766,9
5020,82.32707256,353.8187863,1.706563237,9
5030,82.32709281,354.0201194,1.709429708,9
5040,82.32711273,354.2220968,1.712296178,9
5050,82.32713233,354.4247203,1.715162649,9
5060,82.32715161,354.6279923,1.71802912,9
5070,82.32717057,354.8319147,1.720895591,9
5080,82.32718922,355.0364897,1.723762062,9
5090,82.32720757,355.2417194,1.726628533,9
5100,82.32722561,355.4476059,1.729495003,9
5110,82.32724336,355.6541514,1.732361474,9
5120,82.32726083,355.861358,1.735227945,9
5130,82.327278,356.0692278,1.738094416,9
5140,82.3272949,356.277763,1.740960887,9
5150,82.32731152,356.4869658,1.743827357,9
5160,82.32732786,356.6968383,1.746693828,9
5170,82.32734394,356.9073827,1.749560299,9
5180,82.32735976,357.1186011,1.75242677,9
5190,82.32737532,357.3304959,1.755293241,9
5200,82.32739062,357.5430691,1.758159712,9
5210,82.32740568,357.7563229,1.761026182,9
5220,82.32742049,357.9702597,1.763892653,9
5230,82.32743505,358.1848815,1.766759124,9
5240,82.32744938,358.4001907,1.769625595,9
5250,82.32746347,358.6161894,1.772492066,9
5260,82.32747734,358.8328799,1.775358537,9
5270,82.32749097,359.0502644,1.778225007,9
5280,82.32750439,359.2683452,1.781091478,9
5290,82.32751758,359.4871245,1.783957949,9
5300,82.32753056,359.7066047,1.78682442,9
5310,82.32754333,359.926788,1.789690891,9
5320,82.32755588,360.1476766,1.792557361,9
5330,82.32756824,360.3692729,1.795423832,9
5340,82.32758039,360.5915791,1.798290303,9
5350,82.32759234,360.8145976,1.801156774,9
5360,82.3276041,361.0383307,1.804023245,9
5370,82.32761566,361.2627807,1.806889716,9
5380,82.32762704,361.4879499,1.809756186,9
5390,82.32763823,361.7138407,1.812622657,9
5400,82.32764923,361.9404553,1.815489128,9
5410,82.32766006,362.1677963,1.818355599,9
5420,82.32767071,362.3958658,1.82122207,9
5430,82.32768118,362.6246663,1.824088541,9
5440,82.32769149,362.8542002,1.826955011,9
5450,82.32770162,363.0844697,1.829821482,9
5460,82.32771159,363.3154774,1.832687953,9
5470,82.3277214,363.5472256,1.835554424,9
5480,82.32773105,363.7797168,1.838420895,9
5490,82.32774054,364.0129532,1.841287365,9
5500,82.32774987,364.2469374,1.844153836,9
5510,82.32775905,364.4816718,1.847020307,9
5520,82.32776808,364.7171588,1.849886778,9
5530,82.32777697,364.9534009,1.852753249,9
5540,82.32778571,365.1904004,1.85561972,9
5550,82.3277943,365.4281599,1.85848619,9
5560,82.32780276,365.6666819,1.861352661,9
5570,82.32781107,365.9059688,1.864219132,9
5580,82.32781925,366.146023,1.867085603,9
5590,82.3278273,366.3868471,1.869952074,9
5600,82.32783522,366.6284437,1.872818545,9
5610,82.327843,366.8708151,1.875685015,9
5620,82.32785066,367.1139639,1.878551486,9
5630,82.3278582,367.3578926,1.881417957,9
5640,82.32786561,367.6026039,1.884284428,9
5650,82.3278729,367.8481001,1.887150899,9
5660,82.32788007,368.0943838,1.890017369,9
5670,82.32788712,368.3414577,1.89288384,9
5680,82.32789406,368.5893242,1.895750311,9
5690,82.32790088,368.837986,1.898616782,9
5700,82.3279076,369.0874456,1.901483253,9
5710,82.3279142,369.3377057,1.904349724,9
5720,82.32792069,369.5887687,1.907216194,9
5730,82.32792708,369.8406374,1.910082665,9
5740,82.32793337,370.0933143,1.912949136,9
5750,82.32793955,370.346802,1.915815607,9
5760,82.32794563,370.6011033,1.918682078,9
5770,82.32795161,370.8562207,1.921548549,9
5780,82.32795749,371.1121569,1.924415019,9
5790,82.32796328,371.3689145,1.92728149,9
5800,82.32796898,371.6264963,1.930147961,9
5810,82.32797457,371.8849048,1.933014432,9
5820,82.32798008,372.1441428,1.935880903,9
5830,82.3279855,372.404213,1.938747373,9
5840,82.32799083,372.665118,1.941613844,9
5850,82.32799607,372.9268606,1.944480315,9
5860,82.32800123,373.1894435,1.947346786,9
5870,82.3280063,373.4528694,1.950213257,9
5880,82.32801129,373.7171411,1.953079728,9
5890,82.3280162,373.9822613,1.955946198,9
5900,82.32802103,374.2482327,1.958812669,9
5910,82.32802578,374.5150582,1.96167914,9
5920,82.32803045,374.7827404,1.964545611,9
5930,82.32803504,375.0512823,1.967412082,9
5940,82.32803956,375.3206865,1.970278553,9
5950,82.32804401,375.5909559,1.973145023,9
5960,82.32804838,375.8620932,1.976011494,9
5970,82.32805268,376.1341013,1.978877965,9
5980,82.32805691,376.4069831,1.981744436,9
5990,82.32806108,376.6807413,1.984610907,9
6000,82.32806517,376.9553789,1.987477377,9
6010,82.3280692,377.2308986,1.990343848,9
6020,82.32807316,377.5073033,1.993210319,9
6030,82.32807706,377.7845959,1.99607679,9
6040,82.32808089,378.0627793,1.998943261,9
6050,82.32808466,378.3418563,2.001809732,9
6060,82.32808837,378.6218299,2.004676202,9
6070,82.32809202,378.902703,2.007542673,9
6080,82.3280956,379.1844786,2.010409144,9
6090,82.32809913,379.4671594,2.013275615,9
6100,82.32810261,379.7507485,2.016142086,9
6110,82.32810602,380.0352488,2.019008557,9
6120,82.32810938,380.3206633,2.021875027,9
6130,82.32811268,380.606995,2.024741498,9
6140,82.32811594,380.8942468,2.027607969,9
6150,82.32811913,381.1824217,2.03047444,9
6160,82.32812228,381.4715227,2.033340911,9
6170,82.32812537,381.7615528,2.036207381,9
6180,82.32812841,382.052515,2.039073852,9
6190,82.32813141,382.3444124,2.041940323,9
6200,82.32813435,382.637248,2.044806794,9
6210,82.32813725,382.9310248,2.047673265,9
6220,82.3281401,383.2257459,2.050539736,9
6230,82.3281429,383.5214144,2.053406206,9
6240,82.32814566,383.8180333,2.056272677,9
6250,82.32814837,384.1156058,2.059139148,9
6260,82.32815103,384.4141348,2.062005619,9
6270,82.32815366,384.7136236,2.06487209,9
6280,82.32815624,385.0140752,2.067738561,9
6290,82.32815878,385.3154928,2.070605031,9
6300,82.32816127,385.6178795,2.073471502,9
6310,82.32816373,385.9212384,2.076337973,9
6320,82.32816615,386.2255727,2.079204444,9
6330,82.32816852,386.5308856,2.082070915,9
6340,82.32817086,386.8371803,2.084937385,9
6350,82.32817316,387.1444599,2.087803856,9
6360,82.32817542,387.4527276,2.090670327,9
6370,82.32817765,387.7619866,2.093536798,9
6380,82.32817984,388.0722402,2.096403269,9
6390,82.32818199,388.3834916,2.09926974,9
6400,82.32818411,388.6957441,2.10213621,9
6410,82.32818619,389.0090008,2.105002681,9
6420,82.32818824,389.323265,2.107869152,9
6430,82.32819025,389.63854,2.110735623,9
6440,82.32819224,389.9548292,2.113602094,9
6450,82.32819419,390.2721357,2.116468565,9
6460,82.3281961,390.5904629,2.119335035,9
6470,82.32819799,390.9098141,2.122201506,9
6480,82.32819985,391.2301926,2.125067977,9
6490,82.32820167,391.5516017,2.127934448,9
6500,82.32820347,391.8740449,2.130800919,9
6510,82.32820523,392.1975255,2.133667389,9
6520,82.32820697,392.5220467,2.13653386,9
6530,82.32820868,392.8476121,2.139400331,9
6540,82.32821036,393.174225,2.142266802,9
6550,82.32821202,393.5018887,2.145133273,9
6560,82.32821364,393.8306068,2.147999744,9
6570,82.32821524,394.1603826,2.150866214,9
6580,82.32821682,394.4912196,2.153732685,9
6590,82.32821837,394.8231212,2.156599156,9
6600,82.32821989,395.1560908,2.159465627,9
6610,82.32822139,395.490132,2.162332098,9
6620,82.32822286,395.8252482,2.165198569,9
6630,82.32822431,396.1614429,2.168065039,9
6640,82.32822573,396.4987196,2.17093151,9
6650,82.32822714,396.8370819,2.173797981,9
6660,82.32822852,397.1765331,2.176664452,9
6670,82.32822987,397.517077,2.179530923,9
6680,82.32823121,397.858717,2.182397393,9
6690,82.32823252,398.2014566,2.185263864,9
6700,82.32823381,398.5452995,2.188130335,9
6710,82.32823508,398.8902493,2.190996806,9
6720,82.32823633,399.2363095,2.193863277,9
6730,82.32823756,399.5834837,2.196729748,9
6740,82.32823877,399.9317755,2.199596218,9
6750,82.32823996,400.2811887,2.202462689,9
6760,82.32824113,400.6317267,2.20532916,9
6770,82.32824228,400.9833934,2.208195631,9
6780,82.32824341,401.3361922,2.211062102,9
6790,82.32824453,401.690127,2.213928573,9
6800,82.32824562,402.0452014,2.216795043,9
6810,82.3282467,402.4014191,2.219661514,9
6820,82.32824776,402.7587838,2.222527985,9
6830,82.3282488,403.1172992,2.225394456,9
6840,82.32824983,403.4769691,2.228260927,9
6850,82.32825084,403.8377972,2.231127397,9
6860,82.32825183,404.1997873,2.233993868,9
6870,82.3282528,404.5629431,2.236860339,9
6880,82.32825376,404.9272685,2.23972681,9
6890,82.32825471,405.2927672,2.242593281,9
6900,82.32825564,405.6594431,2.245459752,9
6910,82.32825655,406.0272999,2.248326222,9
6920,82.32825745,406.3963415,2.251192693,9
6930,82.32825833,406.7665718,2.254059164,9
6940,82.3282592,407.1379945,2.256925635,9
6950,82.32826006,407.5106137,2.259792106,9
6960,82.3282609,407.8844331,2.262658577,9
6970,82.32826173,408.2594566,2.265525047,9
6980,82.32826254,408.6356882,2.268391518,9
6990,82.32826334,409.0131318,2.271257989,9
7000,82.32826413,409.3917914,2.27412446,9
7010,82.3282649,409.7716708,2.276990931,9
7020,82.32826567,410.152774,2.279857401,9
7030,82.32826642,410.535105,2.282723872,9
7040,82.32826715,410.9186678,2.285590343,9
7050,82.32826788,411.3034664,2.288456814,9
7060,82.32826859,411.6895049,2.291323285,9
7070,82.32826929,412.0767871,2.294189756,9
7080,82.32826998,412.4653172,2.297056226,9
7090,82.32827066,412.8550992,2.299922697,9
7100,82.32827133,413.2461372,2.302789168,9
7110,82.32827199,413.6384352,2.305655639,9
7120,82.32827263,414.0319974,2.30852211,9
7130,82.32827327,414.4268279,2.311388581,9
7140,82.3282739,414.8229307,2.314255051,9
7150,82.32827451,415.22031,2.317121522,9
7160,82.32827512,415.61897,2.319987993,9
7170,82.32827571,416.0189147,2.322854464,9
7180,82.3282763,416.4201484,2.325720935,9
7190,82.32827687,416.8226753,2.328587405,9
7200,82.32827744,417.2264996,2.331453876,9
7210,82.328278,417.6316254,2.334320347,9
7220,82.32827854,418.038057,2.337186818,9
7230,82.32827908,418.4457987,2.340053289,9
7240,82.32827961,418.8548546,2.34291976,9
7250,82.32828014,419.2652291,2.34578623,9
7260,82.32828065,419.6769264,2.348652701,9
7270,82.32828115,420.0899508,2.351519172,9
7280,82.32828165,420.5043067,2.354385643,9
7290,82.32828214,420.9199983,2.357252114,9
7300,82.32828262,421.3370301,2.360118585,9
7310,82.32828309,421.7554063,2.362985055,9
7320,82.32828356,422.1751313,2.365851526,9
7330,82.32828401,422.5962094,2.368717997,9
7340,82.32828446,423.0186452,2.371584468,9
7350,82.32828491,423.442443,2.374450939,9
7360,82.32828534,423.8676071,2.377317409,9
7370,82.32828577,424.2941422,2.38018388,9
7380,82.32828619,424.7220525,2.383050351,9
7390,82.3282866,425.1513426,2.385916822,9
7400,82.32828701,425.5820169,2.388783293,9
7410,82.32828741,426.01408,2.391649764,9
7420,82.32828781,426.4475363,2.394516234,9
7430,82.32828819,426.8823904,2.397382705,9
7440,82.32828858,427.3186468,2.400249176,9
7450,82.32828895,427.75631,2.403115647,9
7460,82.32828932,428.1953847,2.405982118,9
7470,82.32828968,428.6358754,2.408848589,9
7480,82.32829004,429.0777867,2.411715059,9
7490,82.32829039,429.5211232,2.41458153,9
7500,82.32829074,429.9658896,2.417448001,9
7510,82.32829108,430.4120905,2.420314472,9
7520,82.32829141,430.8597305,2.423180943,9
7530,82.32829174,431.3088143,2.426047413,9
7540,82.32829206,431.7593466,2.428913884,9
7550,82.32829238,432.2113322,2.431780355,9
7560,82.32829269,432.6647756,2.434646826,9
7570,82.328293,433.1196818,2.437513297,9
7580,82.3282933,433.5760553,2.440379768,9
7590,82.3282936,434.033901,2.443246238,9
7600,82.3282939,434.4932237,2.446112709,9
7610,82.32829418,434.9540281,2.44897918,9
7620,82.32829447,435.416319,2.451845651,9
7630,82.32829475,435.8801014,2.454712122,9
7640,82.32829502,436.34538,2.457578593,9
7650,82.32829529,436.8121596,2.460445063,9
7660,82.32829556,437.2804452,2.463311534,9
7670,82.32829582,437.7502417,2.466178005,9
7680,82.32829607,438.2215539,2.469044476,9
7690,82.32829633,438.6943868,2.471910947,9
7700,82.32829657,439.1687453,2.474777417,9
7710,82.32829682,439.6446343,2.477643888,9
7720,82.32829706,440.1220589,2.480510359,9
7730,82.3282973,440.601024,2.48337683,9
7740,82.32829753,441.0815346,2.486243301,9
7750,82.32829776,441.5635958,2.489109772,9
7760,82.32829798,442.0472125,2.491976242,9
7770,82.3282982,442.5323898,2.494842713,9
7780,82.32829842,443.0191328,2.497709184,9
7790,82.32829864,443.5074466,2.500575655,9
7800,82.32829885,443.9973363,2.503442126,9
7810,82.32829905,444.4888069,2.506308597,9
7820,82.32829926,444.9818637,2.509175067,9
7830,82.32829946,445.4765117,2.512041538,9
7840,82.32829966,445.9727562,2.514908009,9
7850,82.32829985,446.4706023,2.51777448,9
7860,82.32830004,446.9700552,2.520640951,9
7870,82.32830023,447.4711201,2.523507421,9
7880,82.32830041,447.9738023,2.526373892,9
7890,82.32830059,448.478107,2.529240363,9
7900,82.32830077,448.9840395,2.532106834,9
7910,82.32830095,449.4916051,2.534973305,9
7920,82.32830112,450.000809,2.537839776,9
7930,82.32830129,450.5116566,2.540706246,9
7940,82.32830146,451.0241533,2.543572717,9
7950,82.32830162,451.5383043,2.546439188,9
7960,82.32830179,452.0541151,2.549305659,9
7970,82.32830194,452.571591,2.55217213,9
7980,82.3283021,453.0907375,2.555038601,9
7990,82.32830226,453.6115599,2.557905071,9
8000,82.32830241,454.1340638,2.560771542,9
