timestamp,azimuth_cmd,azimuth_actual,azimuth_error,pitch_cmd,pitch_actual,pitch_error,azimuth_current,pitch_current,temperature,vibration,mtf,label
0.0,0.0,0.0,0.0,25.08597,25.08597,0.0,0.0,0.0,24.91,0.01735,0.3,degraded
0.01,0.40316,-0.00958,0.41274,25.22086,25.1155,0.10537,2.5458,2.9962,25.22,0.00838,0.3,degraded
0.02,0.80624,0.01053,0.7957,25.35316,25.15205,0.20111,3.0042,2.9806,25.07,0.0113,0.3,degraded
0.03,1.20915,0.0829,1.12625,25.48286,25.19501,0.28784,0.5271,3.0,25.17,0.01613,0.3,degraded
0.04,1.61183,0.18758,1.42425,25.60994,25.23253,0.37742,2.9878,3.0,25.17,0.01104,0.3,degraded
0.05,2.01419,0.323,1.69119,25.73442,25.27591,0.45851,3.0104,2.995,24.9,0.0031,0.3,degraded
0.06,2.41615,0.47449,1.94166,25.85628,25.31221,0.54406,3.0106,2.9948,25.23,0.00615,0.3,degraded
0.07,2.81763,0.65827,2.15936,25.97552,25.35432,0.62119,3.0049,2.978,25.51,0.00753,0.3,degraded
0.08,3.21855,0.84971,2.36885,26.09213,25.39159,0.70054,0.1347,2.9975,25.71,0.00594,0.3,degraded
0.09,3.61884,1.07715,2.54169,26.20612,25.43369,0.77243,2.989,2.9973,25.48,0.00176,0.3,degraded
0.1,4.01841,1.31392,2.70449,26.31748,25.46756,0.84992,2.9956,3.0,25.85,0.01059,0.3,degraded
0.11,4.41719,1.55588,2.86131,26.42622,25.50819,0.91803,1.3645,3.0,25.82,0.0007,0.3,degraded
0.12,4.81509,1.8056,3.0095,26.53233,25.54155,0.99078,3.0006,3.0,26.14,0.00539,0.3,degraded
0.13,5.21205,2.08291,3.12914,26.6358,25.57933,1.05647,0.034,2.9788,26.26,0.01701,0.3,degraded
0.14,5.60797,2.36916,3.23882,26.73665,25.61256,1.12409,0.6072,2.9301,26.55,0.0087,0.3,degraded
0.15,6.0028,2.67981,3.32299,26.83487,25.65809,1.17678,3.0073,2.9835,26.79,0.00499,0.3,degraded
0.16,6.39644,2.97155,3.42489,26.93046,25.70279,1.22768,2.9866,2.8182,26.84,0.01027,0.3,degraded
0.17,6.78882,3.28951,3.49931,27.02343,25.76051,1.26293,3.0097,2.9572,27.11,0.00168,0.3,degraded
0.18,7.17987,3.59318,3.58669,27.11378,25.81471,1.29908,2.7588,2.8705,27.06,0.01294,0.3,degraded
0.19,7.56951,3.92562,3.6439,27.20151,25.87855,1.32296,3.0184,2.9819,27.67,0.00767,0.3,degraded
0.2,7.95767,4.25856,3.69911,27.28663,25.93898,1.34765,3.0042,3.0,27.21,0.01784,0.3,degraded
0.21,8.34428,4.59811,3.74617,27.36913,26.00768,1.36145,2.566,2.9738,27.53,0.01712,0.3,degraded
0.22,8.72925,4.92986,3.79939,27.44903,26.08784,1.36119,3.0317,3.0,27.98,0.0084,0.3,degraded
0.23,9.11253,5.28467,3.82786,27.52633,26.18153,1.34481,2.9914,3.0,28.17,0.0136,0.3,degraded
0.24,9.49402,5.62216,3.87186,27.60104,26.27354,1.3275,2.9793,3.0,28.34,0.00957,0.3,degraded
0.25,9.87368,5.97819,3.89549,27.67316,26.34326,1.32989,2.9917,2.9988,28.64,0.01144,0.3,degraded
0.26,10.25142,6.31251,3.93891,27.74269,26.41637,1.32633,2.9993,1.5195,28.39,0.01719,0.3,degraded
0.27,10.62717,6.67349,3.95367,27.80965,26.49732,1.31233,0.9247,2.9644,29.14,0.01785,0.3,degraded
0.28,11.00087,7.01988,3.98099,27.87405,26.57895,1.2951,1.0297,3.0,29.15,0.00455,0.3,degraded
0.29,11.37245,7.38621,3.98623,27.93589,26.65462,1.28128,3.0039,3.0,29.58,0.00561,0.3,degraded
0.3,11.74183,7.74649,3.99534,27.99519,26.74282,1.25236,2.9968,2.9902,29.35,0.01335,0.3,degraded
0.31,12.10896,8.1071,4.00187,28.05194,26.82724,1.2247,0.7035,3.0,29.96,0.00943,0.3,degraded
0.32,12.47378,8.47038,4.0034,28.10616,26.88995,1.21621,2.9896,3.0,30.07,0.00474,0.3,degraded
0.33,12.8362,8.8327,4.00351,28.15787,26.95862,1.19925,3.0027,2.997,30.52,0.00564,0.3,degraded
0.34,13.19618,9.18983,4.00635,28.20707,27.01997,1.18711,2.9917,2.9851,30.76,0.01148,0.3,degraded
0.35,13.55364,9.54356,4.01008,28.25378,27.08735,1.16643,2.8725,2.9867,30.98,0.01432,0.3,degraded
0.36,13.90854,9.90023,4.0083,28.298,27.14775,1.15025,3.0091,3.0,30.99,0.00767,0.3,degraded
0.37,14.2608,10.25967,4.00113,28.33975,27.21424,1.12551,3.0236,3.0,31.4,0.00082,0.3,degraded
0.38,14.61036,10.62385,3.98652,28.37904,27.27404,1.10501,3.0153,3.0,31.6,0.00387,0.3,degraded
0.39,14.95718,10.98692,3.97026,28.41589,27.34095,1.07493,2.9953,3.0,31.96,0.00164,0.3,degraded
0.4,15.30118,11.34836,3.95282,28.45031,27.4023,1.04801,1.062,3.0,32.28,0.00616,0.3,degraded
0.41,15.64233,11.70597,3.93636,28.48231,27.47122,1.01109,1.9472,3.0,32.38,0.00809,0.3,degraded
0.42,15.98055,12.06253,3.91802,28.51191,27.53437,0.97754,0.2756,2.9903,32.42,0.00756,0.3,degraded
0.43,16.3158,12.42059,3.89522,28.53912,27.60325,0.93586,3.0225,2.9954,32.9,0.00053,0.3,degraded
0.44,16.64803,12.76657,3.88145,28.56396,27.66662,0.89734,2.9804,2.9943,33.54,0.00768,0.3,degraded
0.45,16.97718,13.11699,3.86019,28.58644,27.73596,0.85049,3.0073,3.0,33.65,0.00281,0.3,degraded
0.46,17.3032,13.46439,3.83881,28.60659,27.78388,0.82271,2.9774,3.0,33.22,0.0,0.3,degraded
0.47,17.62605,13.80949,3.81655,28.62442,27.83778,0.78664,2.9967,2.9998,33.92,0.00531,0.3,degraded
0.48,17.94567,14.16712,3.77855,28.63994,27.88452,0.75542,2.9992,2.9929,34.32,0.0109,0.3,degraded
0.49,18.26202,14.50545,3.75657,28.65318,27.93717,0.71601,3.0081,2.9937,34.35,0.00169,0.3,degraded
0.5,18.57506,14.8433,3.73176,28.66414,27.98298,0.68117,3.0102,3.0,34.55,0.00591,0.3,degraded
0.51,18.88474,15.18307,3.70167,28.67286,28.03441,0.63846,3.0043,3.0,34.79,0.00267,0.3,degraded
0.52,19.19102,15.51852,3.6725,28.67935,28.08018,0.59917,2.9755,2.9774,35.17,0.01075,0.3,degraded
0.53,19.49386,15.86023,3.63363,28.68362,28.13077,0.55286,2.9996,2.9727,35.18,0.00564,0.3,degraded
0.54,19.79322,16.18753,3.60569,28.68571,28.17666,0.50905,3.0166,3.0,35.77,0.00978,0.3,degraded
0.55,20.08905,16.51866,3.57039,28.68562,28.22922,0.4564,3.0221,3.0,35.82,0.0039,0.3,degraded
0.56,20.38134,16.8473,3.53404,28.68338,28.27695,0.40643,2.6965,3.0,35.96,0.00716,0.3,degraded
0.57,20.67003,17.17209,3.49794,28.67901,28.332,0.34701,3.0241,2.9977,36.53,0.00706,0.3,degraded
0.58,20.95509,17.48908,3.46601,28.67253,28.37999,0.29254,3.0101,2.9918,36.38,0.0,0.3,degraded
0.59,21.2365,17.81193,3.42457,28.66396,28.43363,0.23033,2.9934,2.9892,36.77,0.01449,0.3,degraded
0.6,21.51422,18.11284,3.40138,28.65332,28.48108,0.17224,3.0014,2.9817,36.96,0.00671,0.3,degraded
0.61,21.78822,18.42685,3.36137,28.64064,28.53343,0.10721,3.0007,3.0,37.6,0.00829,0.3,degraded
0.62,22.05847,18.72532,3.33314,28.62594,28.57862,0.04732,2.9988,2.9787,37.42,0.0041,0.3,degraded
0.63,22.32495,19.03321,3.29174,28.60924,28.62972,-0.02048,0.2199,2.9972,37.42,0.00686,0.3,degraded
0.64,22.58763,19.33641,3.25123,28.59056,28.6758,-0.08524,2.995,3.0,37.88,0.00102,0.3,degraded
0.65,22.84649,19.64008,3.20641,28.56993,28.72871,-0.15878,3.006,2.9453,38.27,0.00748,0.3,degraded
0.66,23.1015,19.93601,3.16549,28.54737,28.77033,-0.22296,2.997,2.9915,38.57,0.00656,0.3,degraded
0.67,23.35265,20.22699,3.12567,28.5229,28.81104,-0.28814,1.5213,2.9693,39.02,0.00184,0.3,degraded
0.68,23.59992,20.51494,3.08498,28.49655,28.83789,-0.34135,3.0103,3.0,39.12,0.01481,0.3,degraded
0.69,23.84329,20.80006,3.04323,28.46834,28.86588,-0.39754,3.0121,2.6983,39.09,0.00872,0.3,degraded
0.7,24.08273,21.07139,3.01134,28.4383,28.87634,-0.43804,3.0082,3.0,39.14,0.00588,0.3,degraded
0.71,24.31825,21.33799,2.98026,28.40645,28.89308,-0.48663,2.9839,2.9268,39.71,0.00532,0.3,degraded
0.72,24.54982,21.60422,2.9456,28.37281,28.89945,-0.52664,0.4627,2.772,39.6,0.00578,0.3,degraded
0.73,24.77743,21.87398,2.90345,28.33742,28.90487,-0.56745,2.99,2.9727,39.74,0.00047,0.3,degraded
0.74,25.00108,22.13464,2.86644,28.30029,28.90172,-0.60143,1.0975,2.9909,39.96,0.00156,0.3,degraded
0.75,25.22075,22.3899,2.83086,28.26146,28.90133,-0.63987,2.9843,2.9754,40.01,0.0144,0.3,degraded
0.76,25.43645,22.64586,2.79059,28.22094,28.89081,-0.66986,2.9809,2.9524,40.27,0.0016,0.3,degraded
0.77,25.64815,22.90117,2.74698,28.17877,28.881,-0.70222,2.9993,3.0,40.47,0.00649,0.3,degraded
0.78,25.85587,23.15112,2.70475,28.13497,28.86202,-0.72705,0.8001,3.0,40.78,0.01377,0.3,degraded
0.79,26.05959,23.39809,2.66151,28.08957,28.84732,-0.75775,2.987,3.0,40.73,0.00986,0.3,degraded
0.8,26.25932,23.64112,2.61821,28.04259,28.82202,-0.77943,2.993,3.0,40.72,0.00673,0.3,degraded
0.81,26.45506,23.87845,2.57661,27.99406,28.7955,-0.80144,3.0141,2.9889,40.81,0.01496,0.3,degraded
0.82,26.64681,24.11216,2.53465,27.944,28.76176,-0.81775,1.5969,3.0,41.25,0.00451,0.3,degraded
0.83,26.83458,24.34956,2.48502,27.89245,28.73205,-0.8396,3.0065,2.9936,41.39,0.00124,0.3,degraded
0.84,27.01837,24.57404,2.44433,27.83943,28.69602,-0.8566,2.9877,2.9961,41.48,0.006,0.3,degraded
0.85,27.19818,24.80213,2.39605,27.78496,28.66418,-0.87922,2.9915,2.9943,41.64,0.00517,0.3,degraded
0.86,27.37403,25.01432,2.35971,27.72909,28.62342,-0.89433,2.1173,3.0,41.93,0.00907,0.3,degraded
0.87,27.54593,25.22415,2.32177,27.67182,28.58686,-0.91504,2.99,3.0,42.18,0.00788,0.3,degraded
0.88,27.71388,25.43271,2.28117,27.61319,28.54167,-0.92848,2.9898,3.0,41.99,0.00945,0.3,degraded
0.89,27.87791,25.63529,2.24262,27.55323,28.49883,-0.94561,2.968,2.9818,42.25,0.00873,0.3,degraded
0.9,28.03802,25.83139,2.20664,27.49196,28.44887,-0.95692,2.5217,3.0,42.46,0.01,0.3,degraded
0.91,28.19424,26.03865,2.15559,27.42941,28.40196,-0.97255,1.4181,2.99,42.3,0.01525,0.3,degraded
0.92,28.34658,26.23458,2.112,27.36561,28.34734,-0.98173,1.7148,3.0,42.55,0.00435,0.3,degraded
0.93,28.49505,26.42167,2.07338,27.30059,28.29852,-0.99793,3.0256,2.9926,42.67,0.00503,0.3,degraded
0.94,28.63969,26.60536,2.03433,27.23437,28.24246,-1.00809,3.0143,2.9113,42.6,0.00328,0.3,degraded
0.95,28.78051,26.78965,1.99086,27.16699,28.19022,-1.02323,1.3575,3.0,42.95,0.00559,0.3,degraded
0.96,28.91753,26.96739,1.95014,27.09846,28.13092,-1.03245,2.9738,3.0,43.02,0.01382,0.3,degraded
0.97,29.05079,27.14786,1.90293,27.02882,28.07651,-1.04768,2.9862,3.0,43.16,0.00799,0.3,degraded
0.98,29.1803,27.32285,1.85745,26.9581,28.01336,-1.05526,2.9857,2.9975,42.96,0.00271,0.3,degraded
0.99,29.30609,27.4931,1.81299,26.88632,27.95649,-1.07017,0.8392,2.9698,43.22,0.00969,0.3,degraded
1.0,29.4282,27.65849,1.76971,26.81351,27.89054,-1.07704,1.0863,2.9523,43.53,0.00704,0.3,degraded
1.01,29.54666,27.81333,1.73333,26.73969,27.82888,-1.08919,2.9835,2.9923,43.72,6e-05,0.3,degraded
1.02,29.66149,27.97572,1.68576,26.6649,27.76007,-1.09516,3.0191,2.9991,43.71,0.00168,0.3,degraded
1.03,29.77273,28.12711,1.64561,26.58917,27.69614,-1.10697,3.0085,2.9956,43.44,0.01736,0.3,degraded
1.04,29.88041,28.2696,1.61081,26.51251,27.60882,-1.09632,1.5327,2.9989,43.85,0.00642,0.3,degraded
1.05,29.98457,28.4208,1.56377,26.43496,27.52433,-1.08938,2.9759,0.6253,43.84,0.00927,0.3,degraded
1.06,30.08525,28.55425,1.531,26.35654,27.43543,-1.07889,1.6297,3.0,44.07,0.02008,0.3,degraded
1.07,30.18248,28.69121,1.49127,26.27729,27.36923,-1.09195,1.5954,3.0,43.96,0.00404,0.3,degraded
1.08,30.27631,28.82747,1.44885,26.19722,27.29922,-1.102,2.9929,2.9696,43.91,0.02279,0.3,degraded
1.09,30.36677,28.96303,1.40375,26.11637,27.20765,-1.09128,3.0042,0.5483,44.29,0.01521,0.3,degraded
1.1,30.45392,29.09365,1.36027,26.03476,27.10844,-1.07368,3.0073,2.9767,44.59,0.01132,0.3,degraded
1.11,30.53778,29.22652,1.31126,25.95242,27.02467,-1.07225,2.9975,3.0,44.64,0.02115,0.3,degraded
1.12,30.6184,29.33284,1.28556,25.86938,26.93561,-1.06623,2.9846,2.2078,44.69,0.02417,0.3,degraded
1.13,30.69584,29.4468,1.24904,25.78565,26.85274,-1.06709,2.9709,1.0821,44.7,0.01011,0.3,degraded
1.14,30.77013,29.56761,1.20252,25.70128,26.76352,-1.06224,3.0037,0.6556,44.81,0.02045,0.3,degraded
1.15,30.84133,29.67825,1.16308,25.61627,26.68648,-1.0702,2.2951,3.0,44.99,0.01264,0.3,degraded
1.16,30.90948,29.77784,1.13164,25.53067,26.6203,-1.08963,3.0108,3.0,44.97,0.01213,0.3,degraded
1.17,30.97463,29.88143,1.0932,25.44449,26.54443,-1.09993,0.929,0.91,45.13,0.0052,0.3,degraded
1.18,31.03683,29.9737,1.06314,25.35776,26.45206,-1.0943,3.0263,2.9975,45.51,0.00874,0.3,degraded
1.19,31.09615,30.07361,1.02254,25.27051,26.36424,-1.09373,0.5833,3.0,45.4,0.02051,0.3,degraded
1.2,31.15262,30.17633,0.97629,25.18276,26.27543,-1.09266,2.9986,3.0,45.47,0.01348,0.3,degraded
1.21,31.2063,30.27149,0.93482,25.09454,26.19093,-1.09639,2.9947,2.9948,45.56,0.0155,0.3,degraded
1.22,31.25725,30.35497,0.90228,25.00587,26.09869,-1.09283,2.9793,3.0,45.64,0.00732,0.3,degraded
1.23,31.30552,30.43939,0.86613,24.91677,26.0214,-1.10463,2.9916,3.0,45.66,0.00537,0.3,degraded
1.24,31.35118,30.50525,0.84593,24.82727,25.92107,-1.09379,2.9947,1.0404,45.85,0.00514,0.3,degraded
1.25,31.39426,30.56323,0.83103,24.7374,25.84083,-1.10344,2.9752,2.9806,45.8,0.01055,0.3,degraded
1.26,31.43485,30.61677,0.81807,24.64717,25.76265,-1.11548,2.9907,3.0,45.98,0.01092,0.3,degraded
1.27,31.47298,30.67848,0.7945,24.55661,25.70005,-1.14344,2.9919,3.0,46.02,0.00333,0.3,degraded
1.28,31.50873,30.73351,0.77522,24.46575,25.61089,-1.14514,3.0018,3.0,46.27,0.01313,0.3,degraded
1.29,31.54215,30.79354,0.74862,24.3746,25.52887,-1.15427,3.0094,1.7975,46.43,0.00169,0.3,degraded
1.3,31.57331,30.84846,0.72485,24.28319,25.4404,-1.1572,3.0115,0.6508,46.41,0.01544,0.3,degraded
1.31,31.60226,30.90909,0.69318,24.19155,25.34625,-1.1547,3.0175,2.5813,46.29,0.014,0.3,degraded
1.32,31.62908,30.96298,0.6661,24.09968,25.25346,-1.15378,3.0135,2.5081,46.83,0.01439,0.3,degraded
1.33,31.65381,31.02374,0.63007,24.00762,25.1807,-1.17307,2.9878,2.5431,46.82,0.01491,0.3,degraded
1.34,31.67653,31.07764,0.59889,23.91539,25.08416,-1.16877,2.975,1.939,46.73,0.00542,0.3,degraded
1.35,31.6973,31.13602,0.56128,23.82301,25.00257,-1.17956,3.0186,3.0,47.06,0.01238,0.3,degraded
1.36,31.71618,31.18776,0.52842,23.7305,24.89668,-1.16618,2.9986,2.554,46.88,0.00099,0.3,degraded
1.37,31.73324,31.24591,0.48734,23.63787,24.8245,-1.18662,2.9978,2.9571,47.31,0.01211,0.3,degraded
1.38,31.74855,31.2986,0.44995,23.54516,24.72593,-1.18077,2.9844,0.0776,47.26,0.00928,0.3,degraded
1.39,31.76217,31.35797,0.4042,23.45237,24.63944,-1.18707,3.0077,2.989,47.04,0.00057,0.3,degraded
1.4,31.77417,31.41229,0.36188,23.35954,24.55063,-1.1911,3.0062,2.9881,47.52,0.0056,0.3,degraded
1.41,31.78461,31.47407,0.31055,23.26667,24.45902,-1.19236,2.9876,3.0,47.55,0.00061,0.3,degraded
1.42,31.79357,31.52871,0.26486,23.17379,24.36714,-1.19335,2.9947,0.2078,47.63,0.0027,0.3,degraded
1.43,31.8011,31.58826,0.21284,23.08091,24.27007,-1.18917,2.9918,1.4405,47.74,0.01316,0.3,degraded
1.44,31.80729,31.64312,0.16417,22.98805,24.18164,-1.19359,3.0114,2.9998,47.89,0.00344,0.3,degraded
1.45,31.81218,31.70502,0.10716,22.89524,24.08893,-1.19369,3.0093,3.0,47.95,0.01082,0.3,degraded
1.46,31.81587,31.75955,0.05632,22.80249,23.99076,-1.18828,3.0122,3.0,47.88,0.00767,0.3,degraded
1.47,31.8184,31.81693,0.00147,22.70981,23.90299,-1.19318,3.0242,3.0,48.47,0.00523,0.3,degraded
1.48,31.81986,31.86272,-0.04286,22.61722,23.81033,-1.19311,2.9976,2.2065,48.38,0.00308,0.3,degraded
1.49,31.8203,31.90895,-0.08865,22.52474,23.72866,-1.20393,2.994,2.329,48.45,0.0112,0.3,degraded
1.5,31.81981,31.94363,-0.12382,22.43238,23.64182,-1.20944,2.9891,2.9773,48.49,0.00281,0.3,degraded
1.51,31.81844,31.97891,-0.16047,22.34016,23.55216,-1.212,2.9923,2.4751,48.91,4e-05,0.3,degraded
1.52,31.81627,32.00457,-0.1883,22.2481,23.45892,-1.21082,2.9796,0.7912,48.71,0.01917,0.3,degraded
1.53,31.81336,32.03162,-0.21827,22.1562,23.37559,-1.21939,2.9863,2.9941,48.98,0.01396,0.3,degraded
1.54,31.80979,32.04852,-0.23874,22.06449,23.28219,-1.2177,2.9539,2.8813,48.91,0.00763,0.3,degraded
1.55,31.80562,32.06779,-0.26217,21.97297,23.19198,-1.219,2.9882,3.0,49.02,0.01484,0.3,degraded
1.56,31.80092,32.07837,-0.27745,21.88166,23.09427,-1.21261,2.9992,0.5943,49.03,0.00785,0.3,degraded
1.57,31.79577,32.09064,-0.29487,21.79058,23.00171,-1.21113,2.99,2.9993,49.22,0.0,0.3,degraded
1.58,31.79022,32.09209,-0.30187,21.69973,22.91434,-1.21462,3.0182,3.0,49.4,0.01115,0.3,degraded
1.59,31.78435,32.09998,-0.31563,21.60912,22.82506,-1.21594,3.0158,0.5762,49.51,0.00319,0.3,degraded
1.6,31.77822,32.09988,-0.32166,21.51878,22.73287,-1.2141,2.9994,3.0,49.44,0.00215,0.3,degraded
1.61,31.77191,32.10393,-0.33202,21.4287,22.64965,-1.22095,2.9926,3.0,49.64,0.01117,0.3,degraded
1.62,31.76548,32.10035,-0.33487,21.33891,22.55773,-1.21882,3.0037,2.315,49.83,0.00536,0.3,degraded
1.63,31.75899,32.09724,-0.33824,21.2494,22.46308,-1.21368,2.9815,2.9968,49.54,0.0014,0.3,degraded
1.64,31.75252,32.08422,-0.3317,21.1602,22.3796,-1.2194,2.9872,1.3453,49.84,0.01418,0.3,degraded
1.65,31.74613,32.07753,-0.3314,21.0713,22.2989,-1.22759,2.9948,3.0,49.72,0.01335,0.3,degraded
1.66,31.73989,32.06574,-0.32585,20.98273,22.20359,-1.22087,2.9914,3.0,49.81,0.0,0.3,degraded
1.67,31.73386,32.06087,-0.32701,20.89448,22.12189,-1.22741,2.9969,3.0,50.04,0.00168,0.3,degraded
1.68,31.7281,32.05076,-0.32266,20.80656,22.01565,-1.20909,3.0106,1.8773,50.03,0.01118,0.3,degraded
1.69,31.72268,32.04763,-0.32495,20.71899,21.92657,-1.20758,2.9946,0.4282,49.99,7e-05,0.3,degraded
1.7,31.71768,32.03714,-0.31947,20.63177,21.82369,-1.19192,2.9898,2.9569,50.49,0.004,0.3,degraded
1.71,31.71313,32.03258,-0.31945,20.54491,21.7409,-1.19599,2.9966,2.9885,50.48,0.00548,0.3,degraded
1.72,31.70912,32.02146,-0.31234,20.4584,21.64855,-1.19014,3.0162,2.0536,50.16,0.0078,0.3,degraded
1.73,31.70571,32.01673,-0.31102,20.37227,21.56115,-1.18888,2.9953,3.0,50.32,0.00586,0.3,degraded
1.74,31.70295,32.00306,-0.30011,20.28651,21.49608,-1.20956,3.0028,2.9824,50.71,0.00595,0.3,degraded
1.75,31.7009,31.99426,-0.29336,20.20113,21.40536,-1.20423,3.0126,2.9904,50.67,0.00166,0.3,degraded
1.76,31.69963,31.97811,-0.27848,20.11613,21.31776,-1.20163,2.995,0.6349,51.0,0.0001,0.3,degraded
1.77,31.6992,31.9678,-0.26861,20.03152,21.23146,-1.19994,3.0321,2.9759,50.96,0.00712,0.3,degraded
1.78,31.69965,31.95123,-0.25157,19.9473,21.13423,-1.18693,2.9984,0.3215,50.99,0.01336,0.3,degraded
1.79,31.70106,31.94072,-0.23966,19.86347,21.07078,-1.2073,2.996,2.9884,50.82,0.00844,0.3,degraded
1.8,31.70348,31.92611,-0.22263,19.78004,20.98199,-1.20195,2.9884,3.0,51.07,0.01338,0.3,degraded
1.81,31.70697,31.91824,-0.21127,19.69701,20.90143,-1.20442,3.0114,2.9962,50.88,0.01402,0.3,degraded
1.82,31.71157,31.90424,-0.19268,19.61438,20.80724,-1.19286,3.0316,1.3682,51.37,0.00606,0.3,degraded
1.83,31.71735,31.89714,-0.1798,19.53214,20.72791,-1.19576,2.9915,3.0,51.27,0.00536,0.3,degraded
1.84,31.72435,31.88211,-0.15776,19.45031,20.63336,-1.18305,2.9832,2.9961,51.17,0.00148,0.3,degraded
1.85,31.73263,31.87251,-0.13988,19.36889,20.56247,-1.19359,3.0063,2.4946,51.44,0.01049,0.3,degraded
1.86,31.74225,31.85642,-0.11417,19.28786,20.47171,-1.18385,2.9895,3.0,51.69,0.01356,0.3,degraded
1.87,31.75325,31.8465,-0.09325,19.20723,20.39336,-1.18613,2.9899,2.9882,51.4,0.01307,0.3,degraded
1.88,31.76567,31.8297,-0.06402,19.127,20.29363,-1.16662,2.9928,3.0,51.59,0.00333,0.3,degraded
1.89,31.77958,31.8188,-0.03922,19.04718,20.20022,-1.15304,2.9841,1.1253,51.5,0.01407,0.3,degraded
1.9,31.79502,31.80127,-0.00625,18.96774,20.11646,-1.14871,3.006,2.9804,51.6,0.00818,0.3,degraded
1.91,31.81202,31.78915,0.02287,18.88871,20.05616,-1.16745,2.9987,2.9876,51.39,0.0,0.3,degraded
1.92,31.83065,31.77139,0.05926,18.81006,19.98691,-1.17685,3.0124,3.0,51.64,0.00326,0.3,degraded
1.93,31.85094,31.76292,0.08801,18.7318,19.92387,-1.19207,2.9896,2.9145,51.67,0.00761,0.3,degraded
1.94,31.87293,31.74972,0.12321,18.65393,19.83185,-1.17792,2.9881,1.801,51.98,0.0,0.3,degraded
1.95,31.89667,31.74311,0.15356,18.57643,19.74865,-1.17222,3.0029,3.0,51.48,0.00297,0.3,degraded
1.96,31.9222,31.73032,0.19188,18.49931,19.651,-1.15169,2.9827,2.9894,51.75,0.0185,0.3,degraded
1.97,31.94955,31.72343,0.22612,18.42256,19.56113,-1.13857,3.0001,2.999,52.1,0.0,0.3,degraded
1.98,31.97877,31.71012,0.26865,18.34617,19.47258,-1.12641,3.0082,3.0,51.91,0.01897,0.3,degraded
1.99,32.00989,31.70322,0.30667,18.27014,19.40216,-1.13202,2.9918,2.9901,51.95,0.00805,0.3,degraded
2.0,32.04294,31.68961,0.35333,18.19447,19.33348,-1.13901,3.0002,3.0,51.88,0.01135,0.3,degraded
2.01,32.07796,31.6817,0.39626,18.11914,19.25255,-1.13341,2.9926,3.0,51.96,0.01422,0.3,degraded
2.02,32.11499,31.66782,0.44717,18.04415,19.1855,-1.14135,2.9898,2.9918,51.92,0.00922,0.3,degraded
2.03,32.15406,31.66371,0.49035,17.96949,19.11197,-1.14249,2.9694,0.0606,52.17,0.01325,0.3,degraded
2.04,32.19518,31.66088,0.5343,17.89515,19.01428,-1.11913,2.9946,3.0,52.15,0.01058,0.3,degraded
2.05,32.23841,31.66963,0.56878,17.82112,18.95154,-1.13042,3.0031,3.0,52.36,0.0054,0.3,degraded
2.06,32.28375,31.67641,0.60734,17.7474,18.88414,-1.13674,3.0065,3.0,52.26,0.01205,0.3,degraded
2.07,32.33124,31.69502,0.63623,17.67398,18.80969,-1.13571,3.0237,2.9884,52.4,0.01095,0.3,degraded
2.08,32.38091,31.71151,0.6694,17.60084,18.71164,-1.1108,2.994,3.0,52.5,0.01644,0.3,degraded
2.09,32.43276,31.73742,0.69535,17.52799,18.63449,-1.1065,3.0133,2.9943,52.61,0.00103,0.3,degraded
2.1,32.48684,31.7618,0.72504,17.45539,18.5426,-1.08721,2.996,3.0,52.63,0.00281,0.3,degraded
2.11,32.54316,31.79677,0.74639,17.38306,18.46193,-1.07887,3.0016,2.998,52.62,0.00811,0.3,degraded
2.12,32.60173,31.82956,0.77217,17.31096,18.37374,-1.06278,3.0073,1.3278,52.91,0.01072,0.3,degraded
2.13,32.66258,31.87011,0.79247,17.2391,18.31737,-1.07827,2.9947,3.0,53.17,0.0,0.3,degraded
2.14,32.72571,31.90783,0.81788,17.16747,18.25391,-1.08645,3.0068,2.988,53.15,0.00548,0.3,degraded
2.15,32.79116,31.955,0.83615,17.09604,18.19143,-1.0954,3.0,2.9944,53.16,0.00192,0.3,degraded
2.16,32.85892,31.99985,0.85907,17.0248,18.12314,-1.09834,2.9995,2.9959,53.36,0.0,0.3,degraded
2.17,32.92901,32.0535,0.87551,16.95376,18.06219,-1.10843,3.0066,2.9996,53.19,0.00437,0.3,degraded
2.18,33.00145,32.10351,0.89794,16.88288,17.9934,-1.11052,3.017,3.0,53.61,0.00308,0.3,degraded
2.19,33.07623,32.1648,0.91143,16.81216,17.91316,-1.101,3.015,3.0,53.7,0.0095,0.3,degraded
2.2,33.15337,32.22385,0.92952,16.74158,17.82908,-1.0875,2.9901,0.2,53.69,0.00873,0.3,degraded
2.21,33.23287,32.30593,0.92695,16.67113,17.73706,-1.06593,2.9958,0.4062,53.83,0.01535,0.3,degraded
2.22,33.31474,32.38597,0.92877,16.6008,17.6554,-1.0546,1.6263,3.0,54.02,0.00584,0.3,degraded
2.23,33.39898,32.47859,0.9204,16.53057,17.59399,-1.06343,2.5372,3.0,54.38,0.00538,0.3,degraded
2.24,33.4856,32.56139,0.9242,16.46042,17.52814,-1.06772,3.0005,2.9841,54.52,0.00878,0.3,degraded
2.25,33.57458,32.64551,0.92907,16.39034,17.46656,-1.07622,3.0168,3.0,54.34,0.00505,0.3,degraded
2.26,33.66593,32.72624,0.93969,16.32031,17.39833,-1.07802,3.0075,3.0,54.49,0.00668,0.3,degraded
2.27,33.75965,32.8128,0.94685,16.25033,17.31615,-1.06582,3.0034,0.3533,54.6,0.02534,0.3,degraded
2.28,33.85573,32.89144,0.96429,16.18036,17.2356,-1.05524,1.2192,2.9815,54.86,0.01861,0.3,degraded
2.29,33.95416,32.97267,0.98149,16.1104,17.1629,-1.0525,2.9883,2.994,54.77,0.00961,0.3,degraded
2.3,34.05494,33.05449,1.00045,16.04043,17.09593,-1.0555,1.4688,2.9992,54.79,0.00794,0.3,degraded
2.31,34.15806,33.15218,1.00588,15.97043,17.0358,-1.06537,1.549,2.9855,54.89,0.00565,0.3,degraded
2.32,34.26351,33.24745,1.01606,15.90038,16.9696,-1.06921,2.9942,2.9499,54.79,0.00488,0.3,degraded
2.33,34.37127,33.32925,1.04202,15.83028,16.9077,-1.07742,3.003,3.0,55.09,0.0198,0.3,degraded
2.34,34.48134,33.41957,1.06176,15.76009,16.80843,-1.04835,3.0022,3.0,55.01,0.0,0.3,degraded
2.35,34.59369,33.51269,1.081,15.6898,16.73974,-1.04995,2.993,3.0,54.9,0.02139,0.3,degraded
2.36,34.70831,33.60942,1.09888,15.61939,16.67279,-1.0534,3.026,3.0,55.02,0.0115,0.3,degraded
2.37,34.82518,33.70787,1.11731,15.54885,16.61138,-1.06252,0.2236,3.0,55.29,0.0048,0.3,degraded
2.38,34.94428,33.81117,1.13311,15.47816,16.54297,-1.06481,0.2065,2.9969,55.1,0.00241,0.3,degraded
2.39,35.06559,33.92323,1.14236,15.4073,16.48073,-1.07343,0.4398,2.9822,55.37,0.02008,0.3,degraded
2.4,35.18909,34.03333,1.15576,15.33624,16.39662,-1.06038,3.0225,3.0,55.2,0.01751,0.3,degraded
2.41,35.31476,34.13991,1.17484,15.26498,16.31031,-1.04534,2.0151,0.5877,55.27,0.01109,0.3,degraded
2.42,35.44256,34.24853,1.19403,15.19348,16.2241,-1.03062,2.9938,2.9907,55.62,0.01645,0.3,degraded
2.43,35.57247,34.36756,1.20491,15.12174,16.16143,-1.03969,3.0067,3.0,55.54,0.00063,0.3,degraded
2.44,35.70447,34.46416,1.24031,15.04973,16.09227,-1.04254,3.0038,2.9986,55.92,0.00149,0.3,degraded
2.45,35.83852,34.58602,1.2525,14.97743,16.03017,-1.05274,2.0456,2.9965,56.01,0.01546,0.3,degraded
2.46,35.9746,34.69413,1.28046,14.90482,15.9644,-1.05958,2.9974,2.9903,55.91,0.01098,0.3,degraded
2.47,36.11266,34.82383,1.28884,14.83189,15.87358,-1.04169,1.0256,2.995,56.15,0.00234,0.3,degraded
2.48,36.25269,34.94209,1.3106,14.75861,15.78205,-1.02344,3.0037,2.9871,56.17,0.00687,0.3,degraded
2.49,36.39463,35.07197,1.32266,14.68496,15.71876,-1.0338,0.602,3.0,56.43,0.02285,0.3,degraded
2.5,36.53846,35.19894,1.33952,14.61092,15.64564,-1.03471,2.9876,2.3874,56.76,0.00977,0.3,degraded
2.51,36.68413,35.31693,1.3672,14.53648,15.55532,-1.01884,0.6966,2.1096,56.49,0.0186,0.3,degraded
2.52,36.83162,35.44657,1.38505,14.46161,15.45756,-0.99595,2.0114,2.9917,56.79,0.0154,0.3,degraded
2.53,36.98087,35.56582,1.41505,14.38629,15.39497,-1.00868,2.9932,3.0,56.85,0.0,0.3,degraded
2.54,37.13185,35.70789,1.42396,14.3105,15.32606,-1.01556,3.0025,2.9987,57.02,0.00814,0.3,degraded
2.55,37.28451,35.83759,1.44692,14.23422,15.2637,-1.02948,2.9926,2.9815,57.15,0.00577,0.3,degraded
2.56,37.43881,35.9703,1.46851,14.15743,15.19638,-1.03895,0.4958,2.9932,57.19,0.01686,0.3,degraded
2.57,37.59471,36.11644,1.47826,14.08011,15.12976,-1.04965,3.0142,2.4324,57.44,0.0225,0.3,degraded
2.58,37.75215,36.24492,1.50723,14.00224,15.04554,-1.0433,1.7512,2.9919,57.39,0.01317,0.3,degraded
2.59,37.91109,36.39454,1.51655,13.9238,14.98294,-1.05915,2.9991,3.0,57.4,0.01034,0.3,degraded
2.6,38.07148,36.52709,1.54439,13.84476,14.89553,-1.05077,2.9894,2.9981,57.8,0.01787,0.3,degraded
2.61,38.23328,36.67657,1.55671,13.76511,14.81146,-1.04635,0.3394,0.0175,57.78,0.0141,0.3,degraded
2.62,38.39642,36.82114,1.57529,13.68483,14.70833,-1.0235,2.9893,3.0,57.79,0.01203,0.3,degraded
2.63,38.56086,36.96975,1.59111,13.60389,14.64669,-1.0428,2.9948,2.9702,58.07,0.01603,0.3,degraded
2.64,38.72655,37.11186,1.61469,13.52228,14.57989,-1.05762,0.975,3.0,57.69,0.02937,0.3,degraded
2.65,38.89343,37.26901,1.62442,13.43997,14.49998,-1.06001,3.005,3.0,58.33,0.01213,0.3,degraded
2.66,39.06144,37.41333,1.6481,13.35694,14.43426,-1.07731,3.0059,2.9946,58.18,0.02556,0.3,degraded
2.67,39.23053,37.56085,1.66968,13.27318,14.34176,-1.06858,2.9959,3.0,58.39,0.01102,0.3,degraded
2.68,39.40064,37.71447,1.68617,13.18866,14.23994,-1.05128,2.995,3.0,58.43,0.01795,0.3,degraded
2.69,39.57171,37.87165,1.70007,13.10336,14.17418,-1.07081,0.1678,3.0,58.53,0.01442,0.3,degraded
2.7,39.74369,38.028,1.7157,13.01727,14.09669,-1.07942,1.5985,2.5651,58.98,0.00736,0.3,degraded
2.71,39.91652,38.19144,1.72507,12.93036,14.00962,-1.07926,2.9966,2.977,59.23,0.0,0.3,degraded
2.72,40.09012,38.35126,1.73886,12.8426,13.93459,-1.09199,3.0078,3.0,59.03,0.00543,0.3,degraded
2.73,40.26445,38.51898,1.74547,12.75399,13.8445,-1.0905,2.9698,3.0,59.28,0.01042,0.3,degraded
2.74,40.43944,38.67139,1.76805,12.66451,13.74197,-1.07746,2.2604,2.9771,59.38,0.01215,0.3,degraded
2.75,40.61502,38.82761,1.78741,12.57412,13.65886,-1.08474,2.9991,2.9779,59.74,0.00126,0.3,degraded
2.76,40.79113,38.99494,1.79619,12.48282,13.55758,-1.07476,2.9872,3.0,59.29,0.01368,0.3,degraded
2.77,40.96771,39.16322,1.8045,12.39058,13.47197,-1.08139,2.9862,2.9938,59.82,0.01908,0.3,degraded
2.78,41.14469,39.32572,1.81898,12.29739,13.38702,-1.08963,3.0032,3.0,59.77,0.01058,0.3,degraded
2.79,41.32201,39.50169,1.82032,12.20322,13.3085,-1.10528,3.0021,2.3264,59.67,0.0138,0.3,degraded
2.8,41.49959,39.66171,1.83788,12.10805,13.21785,-1.1098,2.9984,2.9986,60.12,0.00374,0.3,degraded
2.81,41.67738,39.82805,1.84932,12.01188,13.13224,-1.12036,1.3519,2.0645,60.6,0.00518,0.3,degraded
2.82,41.85529,39.99917,1.85612,11.91467,13.03871,-1.12404,1.6482,2.9888,60.41,0.00878,0.3,degraded
2.83,42.03327,40.17333,1.85994,11.81641,12.95759,-1.14118,0.3437,2.1271,60.8,0.01212,0.3,degraded
2.84,42.21125,40.33176,1.87949,11.71709,12.86674,-1.14965,3.0086,3.0,60.99,0.0046,0.3,degraded
2.85,42.38914,40.50856,1.88058,11.61668,12.78754,-1.17087,2.9683,3.0,60.96,0.00877,0.3,degraded
2.86,42.5669,40.67257,1.89432,11.51516,12.68502,-1.16986,2.9887,2.2514,61.12,0.01062,0.3,degraded
2.87,42.74443,40.85771,1.88673,11.41252,12.60683,-1.1943,2.9929,2.9885,61.05,0.02274,0.3,degraded
2.88,42.92168,41.02249,1.8992,11.30875,12.51583,-1.20708,3.0097,2.9862,61.3,0.01068,0.3,degraded
2.89,43.09857,41.19116,1.90741,11.20382,12.41947,-1.21565,2.9931,2.9983,61.72,0.00876,0.3,degraded
2.9,43.27504,41.36726,1.90778,11.09772,12.32988,-1.23217,2.9822,3.0,61.73,0.00942,0.3,degraded
2.91,43.45099,41.54364,1.90735,10.99043,12.24351,-1.25308,3.0054,2.9984,61.89,0.01284,0.3,degraded
2.92,43.62638,41.71927,1.90711,10.88193,12.14547,-1.26354,3.0035,3.0,62.03,0.01377,0.3,degraded
2.93,43.80111,41.89832,1.90279,10.77221,12.0641,-1.29189,1.8377,2.9802,62.42,0.0,0.3,degraded
2.94,43.97513,42.06871,1.90642,10.66125,11.96171,-1.30046,3.0221,2.9814,62.2,0.01065,0.3,degraded
2.95,44.14835,42.24201,1.90634,10.54905,11.86663,-1.31759,3.0179,2.9891,62.62,0.01672,0.3,degraded
2.96,44.32071,42.41501,1.9057,10.43557,11.75448,-1.31891,2.5307,3.0,62.54,0.01549,0.3,degraded
2.97,44.49212,42.59683,1.8953,10.32081,11.6577,-1.33689,2.9904,2.542,62.97,0.01048,0.3,degraded
2.98,44.66253,42.76785,1.89468,10.20476,11.55292,-1.34816,3.0087,1.7,62.72,0.01455,0.3,degraded
2.99,44.83184,42.9511,1.88074,10.08739,11.44885,-1.36146,3.0204,1.5061,63.07,0.01304,0.3,degraded
3.0,45.0,43.11848,1.88152,9.9687,11.35248,-1.38378,1.4498,3.0,63.12,0.00583,0.3,degraded
3.01,45.16692,43.29341,1.87351,9.84867,11.24495,-1.39628,2.7868,2.9737,63.32,0.01538,0.3,degraded
3.02,45.33254,43.45629,1.87625,9.72729,11.14214,-1.41484,3.0179,0.0596,63.64,0.00968,0.3,degraded
3.03,45.49677,43.63147,1.86531,9.60455,11.02668,-1.42213,3.0199,1.4553,63.69,0.01531,0.3,degraded
3.04,45.65955,43.81342,1.84613,9.48042,10.91731,-1.43688,3.0073,3.0,63.96,0.01392,0.3,degraded
3.05,45.82081,43.98987,1.83094,9.35491,10.79735,-1.44243,2.996,2.7726,63.91,0.0132,0.3,degraded
3.06,45.98046,44.15419,1.82627,9.228,10.69235,-1.46435,1.213,3.0,64.06,0.02014,0.3,degraded
3.07,46.13844,44.3151,1.82334,9.09967,10.58037,-1.48069,2.0451,0.5579,64.31,0.01244,0.3,degraded
3.08,46.29468,44.48278,1.81189,8.96993,10.4605,-1.49057,0.9748,2.9201,64.51,0.00829,0.3,degraded
3.09,46.44909,44.65243,1.79667,8.83874,10.35339,-1.51465,3.0014,1.0006,64.66,0.00339,0.3,degraded
3.1,46.60162,44.82546,1.77616,8.70611,10.23651,-1.5304,2.9969,1.7784,64.75,0.02551,0.3,degraded
3.11,46.75219,44.9833,1.76888,8.57203,10.1366,-1.56457,2.9949,2.5934,65.14,0.00088,0.3,degraded
3.12,46.90072,45.14857,1.75215,8.43649,10.01359,-1.5771,1.9316,1.6494,65.11,0.0133,0.3,degraded
3.13,47.04715,45.2978,1.74935,8.29947,9.89966,-1.6002,2.9933,3.0,65.51,0.01263,0.3,degraded
3.14,47.19141,45.45431,1.73709,8.16097,9.7865,-1.62553,3.0189,3.0,65.47,0.01206,0.3,degraded
3.15,47.33342,45.62297,1.71045,8.02098,9.66488,-1.6439,2.9922,1.1334,65.75,0.00962,0.3,degraded
3.16,47.47311,45.7717,1.70141,7.87949,9.54637,-1.66688,1.5207,1.5046,65.84,0.01328,0.3,degraded
3.17,47.61042,45.93329,1.67713,7.7365,9.42492,-1.68842,1.0017,1.6053,65.79,0.01636,0.3,degraded
3.18,47.74528,46.08568,1.6596,7.592,9.3044,-1.7124,2.9926,3.0,66.15,0.01771,0.3,degraded
3.19,47.87763,46.24423,1.63339,7.44598,9.17904,-1.73306,2.9845,3.0,66.52,0.01658,0.3,degraded
3.2,48.00738,46.37715,1.63023,7.29843,9.0415,-1.74307,1.8588,3.0,66.4,0.0134,0.3,degraded
3.21,48.13448,46.5226,1.61187,7.14936,8.91704,-1.76769,1.3873,2.9983,66.58,0.0095,0.3,degraded
3.22,48.25886,46.67021,1.58865,6.99875,8.78305,-1.7843,0.1143,1.5882,66.67,0.01695,0.3,degraded
3.23,48.38045,46.82169,1.55876,6.8466,8.65396,-1.80736,3.005,3.0,66.74,0.00455,0.3,degraded
3.24,48.49919,46.95667,1.54252,6.6929,8.51594,-1.82304,2.964,1.3381,66.85,0.0,0.3,degraded
3.25,48.61502,47.09377,1.52124,6.53766,8.38256,-1.8449,2.9766,2.9744,67.02,0.00506,0.3,degraded
3.26,48.72787,47.23272,1.49514,6.38087,8.24677,-1.8659,3.0049,1.6311,67.19,0.017,0.3,degraded
3.27,48.83768,47.36639,1.47129,6.22253,8.10795,-1.88542,1.6943,1.0792,67.07,0.01026,0.3,degraded
3.28,48.94439,47.4924,1.45199,6.06263,7.97413,-1.91151,2.9848,3.0,67.38,0.02267,0.3,degraded
3.29,49.04793,47.63011,1.41783,5.90117,7.83651,-1.93534,0.9571,2.9822,67.4,0.01092,0.3,degraded
3.3,49.14826,47.75511,1.39314,5.73815,7.68813,-1.94999,3.0118,3.0,67.49,0.00301,0.3,degraded
3.31,49.2453,47.89511,1.35019,5.57357,7.54653,-1.97296,3.0089,1.8142,67.84,0.00219,0.3,degraded
3.32,49.339,48.00777,1.33123,5.40743,7.40374,-1.99631,2.9747,2.2911,67.64,0.01306,0.3,degraded
3.33,49.42931,48.13477,1.29454,5.23973,7.2569,-2.01717,1.5338,2.9759,67.67,0.0036,0.3,degraded
3.34,49.51617,48.25275,1.26341,5.07047,7.10568,-2.03521,0.965,3.0,68.08,0.01368,0.3,degraded
3.35,49.59952,48.36875,1.23077,4.89965,6.94989,-2.05023,3.0009,2.9715,67.86,0.02472,0.3,degraded
3.36,49.6793,48.47888,1.20043,4.72728,6.79037,-2.06309,2.1313,2.2028,67.93,0.01529,0.3,degraded
3.37,49.75548,48.58171,1.17377,4.55335,6.64751,-2.09416,2.3201,0.6399,68.47,0.01927,0.3,degraded
3.38,49.82798,48.68605,1.14193,4.37787,6.48612,-2.10825,2.3319,3.0,68.53,0.00892,0.3,degraded
3.39,49.89678,48.79234,1.10444,4.20084,6.33414,-2.13331,2.9973,2.9961,68.7,0.00948,0.3,degraded
3.4,49.9618,48.90021,1.06159,4.02226,6.17985,-2.15759,2.9983,3.0,68.69,0.01495,0.3,degraded
3.41,50.02301,48.99106,1.03196,3.84214,6.02067,-2.17853,1.1741,2.9698,68.65,0.02806,0.3,degraded
3.42,50.08036,49.07749,1.00287,3.66048,5.85043,-2.18995,3.0051,1.627,68.82,0.02019,0.3,degraded
3.43,50.1338,49.17364,0.96016,3.47729,5.69895,-2.22165,0.4453,1.7736,69.12,0.00591,0.3,degraded
3.44,50.18329,49.26085,0.92244,3.29258,5.53823,-2.24565,2.9951,3.0,69.07,0.01108,0.3,degraded
3.45,50.22878,49.35315,0.87563,3.10634,5.36995,-2.26361,3.0221,2.9775,69.46,0.01879,0.3,degraded
3.46,50.27024,49.43187,0.83836,2.9186,5.19489,-2.27629,3.0125,2.9987,69.44,0.00097,0.3,degraded
3.47,50.30761,49.50949,0.79812,2.72934,5.02365,-2.29431,2.9905,0.0664,69.69,0.00712,0.3,degraded
3.48,50.34087,49.56416,0.77671,2.53859,4.84612,-2.30753,3.0043,3.0,69.78,0.00455,0.3,degraded
3.49,50.36996,49.63463,0.73533,2.34634,4.67771,-2.33136,3.0019,1.0647,69.95,0.0155,0.3,degraded
3.5,50.39487,49.68276,0.7121,2.15262,4.49464,-2.34202,2.9805,2.2577,70.15,0.00784,0.3,degraded
3.51,50.41554,49.73517,0.68037,1.95742,4.33383,-2.37641,2.9884,2.9796,70.13,0.0139,0.3,degraded
3.52,50.43194,49.78031,0.65164,1.76076,4.15137,-2.39061,2.993,3.0,70.33,0.00648,0.3,degraded
3.53,50.44405,49.83119,0.61287,1.56265,3.98642,-2.42378,3.0055,3.0,70.48,0.00999,0.3,degraded
3.54,50.45183,49.87724,0.57459,1.36309,3.81007,-2.44698,3.0238,3.0,70.24,0.00349,0.3,degraded
3.55,50.45525,49.93092,0.52433,1.1621,3.63684,-2.47474,2.9925,2.9932,70.86,0.00246,0.3,degraded
3.56,50.45428,49.97878,0.4755,0.9597,3.45103,-2.49133,2.9935,2.9934,70.96,0.01211,0.3,degraded
3.57,50.4489,50.03222,0.41668,0.75589,3.2701,-2.51421,3.0135,2.9877,71.22,0.00606,0.3,degraded
3.58,50.43907,50.07888,0.36019,0.55068,3.08094,-2.53025,2.9831,0.4871,71.11,0.00044,0.3,degraded
3.59,50.42478,50.13031,0.29447,0.3441,2.88379,-2.53969,3.0021,2.9983,71.44,0.00433,0.3,degraded
3.6,50.406,50.17517,0.23083,0.13615,2.70642,-2.57027,2.9965,2.9782,71.49,0.01021,0.3,degraded
3.61,50.3827,50.22619,0.15651,-0.07316,2.52016,-2.59332,2.9907,0.0954,71.93,0.0,0.3,degraded
3.62,50.35488,50.26909,0.08579,-0.2838,2.32336,-2.60716,2.9895,3.0,71.77,0.0022,0.3,degraded
3.63,50.32251,50.31791,0.0046,-0.49576,2.13383,-2.62959,3.0067,3.0,72.0,0.0092,0.3,degraded
3.64,50.28557,50.36133,-0.07577,-0.70903,1.92948,-2.63852,3.0017,2.2018,72.41,0.00508,0.3,degraded
3.65,50.24405,50.40665,-0.1626,-0.92359,1.75107,-2.67467,2.8874,1.8466,72.35,0.0032,0.3,degraded
3.66,50.19793,50.43617,-0.23824,-1.13943,1.54663,-2.68605,2.8319,2.9942,72.49,0.01651,0.3,degraded
3.67,50.14721,50.4635,-0.31629,-1.35652,1.35415,-2.71066,2.8856,3.0,72.93,0.00136,0.3,degraded
3.68,50.09187,50.47357,-0.3817,-1.57484,1.14705,-2.72189,2.9968,2.9812,73.11,0.01038,0.3,degraded
3.69,50.0319,50.48394,-0.45204,-1.79439,0.95596,-2.75036,2.8774,1.2965,73.19,0.00548,0.3,degraded
3.7,49.96729,50.48022,-0.51293,-2.01514,0.73537,-2.75051,3.0181,2.9929,73.37,0.00415,0.3,degraded
3.71,49.89805,50.47611,-0.57806,-2.23707,0.54725,-2.78432,2.9802,3.0,73.29,0.00447,0.3,degraded
3.72,49.82416,50.45816,-0.63401,-2.46017,0.33277,-2.79293,2.9857,2.9937,73.43,0.01618,0.3,degraded
3.73,49.74561,50.43673,-0.69112,-2.6844,0.13228,-2.81669,3.018,3.0,73.49,0.00542,0.3,degraded
3.74,49.66242,50.40496,-0.74254,-2.90976,-0.08177,-2.828,2.9842,2.0053,73.77,0.00648,0.3,degraded
3.75,49.57458,50.37231,-0.79773,-3.13622,-0.28481,-2.85142,2.9785,2.9989,73.82,0.00803,0.3,degraded
3.76,49.48209,50.32841,-0.84632,-3.36376,-0.49918,-2.86458,2.6349,2.9833,73.97,0.01027,0.3,degraded
3.77,49.38495,50.27951,-0.89456,-3.59236,-0.69775,-2.89461,2.9894,1.0255,74.22,0.01007,0.3,degraded
3.78,49.28317,50.22387,-0.9407,-3.82199,-0.90803,-2.91396,2.877,2.1973,74.39,0.01549,0.3,degraded
3.79,49.17676,50.15767,-0.98091,-4.05263,-1.11823,-2.9344,3.0118,1.0816,74.42,0.02262,0.3,degraded
3.8,49.06572,50.07186,-1.00614,-4.28426,-1.34405,-2.94022,0.8367,1.0739,74.82,0.00677,0.3,degraded
3.81,48.95007,49.99777,-1.04771,-4.51686,-1.55806,-2.9588,2.9919,3.0,74.63,0.02477,0.3,degraded
3.82,48.8298,49.90923,-1.07943,-4.7504,-1.77008,-2.98032,2.9767,3.0,74.55,0.01063,0.3,degraded
3.83,48.70495,49.8174,-1.11245,-4.98485,-1.99257,-2.99229,2.9965,1.6899,75.08,0.00907,0.3,degraded
3.84,48.57552,49.71432,-1.13881,-5.2202,-2.20622,-3.01398,2.9931,2.9958,75.0,0.00631,0.3,degraded
3.85,48.44152,49.62365,-1.18213,-5.45641,-2.42892,-3.0275,2.5889,3.0,75.22,0.00363,0.3,degraded
3.86,48.30298,49.50607,-1.2031,-5.69347,-2.64332,-3.05015,3.007,3.0,75.14,0.02246,0.3,degraded
3.87,48.15991,49.39476,-1.23485,-5.93134,-2.86959,-3.06174,3.0001,2.9906,75.46,0.01046,0.3,degraded
3.88,48.01233,49.28959,-1.27726,-6.16999,-3.09072,-3.07927,1.483,3.0,75.49,0.01684,0.3,degraded
3.89,47.86027,49.17847,-1.3182,-6.40941,-3.31362,-3.09579,2.9788,1.8809,75.76,0.011,0.3,degraded
3.9,47.70375,49.06076,-1.35701,-6.64956,-3.54922,-3.10034,3.0108,1.0558,75.93,0.01531,0.3,degraded
3.91,47.54279,48.94053,-1.39775,-6.89041,-3.77696,-3.11346,2.1638,1.7215,76.18,0.01523,0.3,degraded
3.92,47.37742,48.81435,-1.43693,-7.13195,-4.00992,-3.12203,0.1288,2.3361,76.58,0.01259,0.3,degraded
3.93,47.20767,48.6843,-1.47663,-7.37413,-4.23491,-3.13922,3.0024,2.2479,76.75,0.01026,0.3,degraded
3.94,47.03356,48.55489,-1.52133,-7.61693,-4.45554,-3.1614,0.6276,3.0,76.62,0.03061,0.3,degraded
3.95,46.85513,48.41969,-1.56456,-7.86033,-4.68811,-3.17222,2.5933,2.0145,77.08,0.00128,0.3,degraded
3.96,46.67242,48.26369,-1.59127,-8.10429,-4.91861,-3.18567,2.9965,3.0,77.23,0.01546,0.3,degraded
3.97,46.48544,48.12261,-1.63717,-8.34877,-5.14301,-3.20576,1.0887,1.4678,77.39,0.01151,0.3,degraded
3.98,46.29425,47.9693,-1.67505,-8.59377,-5.37775,-3.21601,3.0138,0.1602,77.58,0.00263,0.3,degraded
3.99,46.09887,47.81698,-1.7181,-8.83923,-5.61603,-3.2232,2.402,3.0,77.83,0.01358,0.3,degraded
4.0,45.89935,47.66429,-1.76494,-9.08513,-5.84842,-3.23671,2.9859,1.5387,77.89,0.01539,0.3,degraded
4.01,45.69571,47.50961,-1.81389,-9.33145,-6.0928,-3.23865,2.4012,2.9863,78.24,0.00671,0.3,degraded
4.02,45.48801,47.34381,-1.8558,-9.57814,-6.33426,-3.24388,2.9863,3.0,78.69,0.02923,0.3,degraded
4.03,45.27629,47.19098,-1.91469,-9.82518,-6.56293,-3.26225,2.9798,2.9981,78.53,0.02383,0.3,degraded
4.04,45.06059,47.01461,-1.95402,-10.07253,-6.80056,-3.27197,3.0108,2.9938,78.62,0.01763,0.3,degraded
4.05,44.84094,46.84661,-2.00567,-10.32017,-7.04485,-3.27532,1.9354,2.9925,78.99,0.01689,0.3,degraded
4.06,44.61741,46.65136,-2.03395,-10.56806,-7.28248,-3.28557,2.4939,2.9892,79.06,0.01759,0.3,degraded
4.07,44.39003,46.47147,-2.08143,-10.81616,-7.52272,-3.29344,2.1392,2.991,79.26,0.01191,0.3,degraded
4.08,44.15886,46.28111,-2.12224,-11.06445,-7.75251,-3.31194,0.6317,3.0,79.71,0.01257,0.3,degraded
4.09,43.92395,46.08257,-2.15863,-11.3129,-7.99022,-3.32268,3.0241,0.9936,80.2,0.0127,0.3,degraded
4.1,43.68533,45.88221,-2.19688,-11.56146,-8.23028,-3.33118,2.9943,3.0,80.18,0.01647,0.3,degraded
4.11,43.44308,45.67996,-2.23688,-11.8101,-8.46362,-3.34648,0.4647,2.9969,80.42,0.0061,0.3,degraded
4.12,43.19724,45.47924,-2.282,-12.0588,-8.71077,-3.34802,3.002,1.81,80.24,0.0151,0.3,degraded
4.13,42.94786,45.27534,-2.32748,-12.30751,-8.94867,-3.35884,2.9908,2.9046,80.78,0.00465,0.3,degraded
4.14,42.695,45.06084,-2.36584,-12.5562,-9.19702,-3.35919,2.9909,2.9693,80.91,0.0196,0.3,degraded
4.15,42.43872,44.83915,-2.40043,-12.80485,-9.44112,-3.36373,2.9788,0.4826,81.06,0.01755,0.3,degraded
4.16,42.17908,44.61244,-2.43336,-13.0534,-9.68895,-3.36445,2.9809,2.9831,81.44,0.02298,0.3,degraded
4.17,41.91613,44.40093,-2.4848,-13.30184,-9.94484,-3.357,2.9838,3.0,81.7,0.00833,0.3,degraded
4.18,41.64993,44.16314,-2.51321,-13.55011,-10.19483,-3.35528,2.9771,3.0,81.75,0.03207,0.3,degraded
4.19,41.38055,43.93846,-2.5579,-13.7982,-10.43891,-3.35929,3.0215,2.9778,82.2,0.00999,0.3,degraded
4.2,41.10805,43.70421,-2.59616,-14.04606,-10.68825,-3.35781,2.9725,2.3786,82.52,0.01472,0.3,degraded
4.21,40.83248,43.46121,-2.62873,-14.29366,-10.93269,-3.36097,3.009,3.0,82.54,0.0122,0.3,degraded
4.22,40.55392,43.21921,-2.66529,-14.54096,-11.1821,-3.35886,2.9936,2.9869,82.67,0.00568,0.3,degraded
4.23,40.27242,42.97397,-2.70155,-14.78793,-11.42086,-3.36707,0.9933,0.3781,83.02,0.0011,0.3,degraded
4.24,39.98806,42.72376,-2.73569,-15.03453,-11.67652,-3.35801,3.0038,0.514,83.42,0.00981,0.3,degraded
4.25,39.7009,42.47015,-2.76925,-15.28072,-11.92636,-3.35436,2.9973,3.0,83.39,0.02024,0.3,degraded
4.26,39.411,42.20908,-2.79807,-15.52648,-12.1601,-3.36637,3.0089,2.9472,83.89,0.01954,0.3,degraded
4.27,39.11844,41.9594,-2.84095,-15.77176,-12.40134,-3.37041,2.987,3.0,83.87,0.00381,0.3,degraded
4.28,38.82329,41.69394,-2.87065,-16.01652,-12.64827,-3.36825,3.0132,2.5874,84.24,0.02779,0.3,degraded
4.29,38.5256,41.42698,-2.90137,-16.26074,-12.90064,-3.3601,2.974,3.0,84.41,0.01031,0.3,degraded
4.3,38.22546,41.14792,-2.92246,-16.50437,-13.14076,-3.36361,2.9947,3.0,84.71,0.01316,0.3,degraded
4.31,37.92293,40.88435,-2.96141,-16.74738,-13.38284,-3.36454,3.0049,3.0,85.0,0.00725,0.3,degraded
4.32,37.61809,40.61333,-2.99523,-16.98974,-13.63816,-3.35158,3.0031,3.0,85.0,0.0,0.3,degraded
4.33,37.31101,40.3445,-3.03349,-17.2314,-13.87235,-3.35905,0.4595,1.4327,85.0,0.0142,0.3,degraded
4.34,37.00175,40.06038,-3.05863,-17.47233,-14.11303,-3.3593,0.7326,2.7184,85.0,0.01348,0.3,degraded
4.35,36.6904,39.78798,-3.09757,-17.71249,-14.34893,-3.36357,1.5518,3.0,85.0,0.00344,0.3,degraded
4.36,36.37703,39.49748,-3.12045,-17.95186,-14.60359,-3.34827,2.0077,2.9989,85.0,0.00947,0.3,degraded
4.37,36.06171,39.20985,-3.14814,-18.19038,-14.84501,-3.34538,2.9749,3.0,85.0,0.00457,0.3,degraded
4.38,35.74452,38.91129,-3.16677,-18.42804,-15.09016,-3.33788,3.0093,2.5749,85.0,0.00751,0.3,degraded
4.39,35.42553,38.62978,-3.20425,-18.66478,-15.32954,-3.33523,2.3211,2.1591,85.0,0.0132,0.3,degraded
4.4,35.10481,38.33527,-3.23045,-18.90057,-15.57537,-3.3252,3.0247,2.9898,85.0,0.02293,0.3,degraded
4.41,34.78245,38.04215,-3.2597,-19.13538,-15.81912,-3.31626,2.995,0.4519,85.0,0.01841,0.3,degraded
4.42,34.45852,37.73798,-3.27946,-19.36918,-16.06815,-3.30102,2.9887,2.4429,85.0,0.00513,0.3,degraded
4.43,34.13309,37.44183,-3.30874,-19.60192,-16.29537,-3.30655,3.0095,1.1507,85.0,0.01673,0.3,degraded
4.44,33.80625,37.13737,-3.33112,-19.83357,-16.54808,-3.28548,3.0345,1.6356,85.0,0.00612,0.3,degraded
4.45,33.47807,36.84232,-3.36425,-20.06409,-16.7736,-3.29049,3.0108,2.9813,85.0,0.00688,0.3,degraded
4.46,33.14863,36.52756,-3.37892,-20.29345,-17.02437,-3.26908,3.0107,2.9839,85.0,0.00553,0.3,degraded
4.47,32.81801,36.22644,-3.40844,-20.52162,-17.24855,-3.27307,3.0008,2.9899,85.0,0.02568,0.3,degraded
4.48,32.48628,35.9037,-3.41742,-20.74855,-17.48313,-3.26541,3.0232,2.9821,85.0,0.00924,0.3,degraded
4.49,32.15352,35.59566,-3.44215,-20.97421,-17.71801,-3.2562,3.002,1.6844,85.0,0.01838,0.3,degraded
4.5,31.81981,35.27039,-3.45059,-21.19858,-17.95636,-3.24221,3.0025,3.0,85.0,0.00922,0.3,degraded
4.51,31.48522,34.9594,-3.47418,-21.4216,-18.18446,-3.23714,3.0052,0.7682,85.0,0.01336,0.3,degraded
4.52,31.14985,34.63805,-3.4882,-21.64325,-18.42426,-3.21899,3.0101,0.8169,85.0,0.01752,0.3,degraded
4.53,30.81375,34.31631,-3.50256,-21.8635,-18.6636,-3.1999,2.9817,2.6995,85.0,0.01359,0.3,degraded
4.54,30.47702,33.99263,-3.51561,-22.0823,-18.89669,-3.18562,2.9909,2.991,85.0,0.01559,0.3,degraded
4.55,30.13973,33.67968,-3.53995,-22.29963,-19.12358,-3.17605,2.9836,2.4398,85.0,0.01043,0.3,degraded
4.56,29.80195,33.34273,-3.54078,-22.51545,-19.36231,-3.15314,2.9822,0.1505,85.0,0.01673,0.3,degraded
4.57,29.46377,33.02889,-3.56511,-22.72973,-19.59396,-3.13577,2.9909,2.9785,85.0,0.00496,0.3,degraded
4.58,29.12527,32.68981,-3.56455,-22.94243,-19.83419,-3.10824,2.9954,1.7456,85.0,0.02239,0.3,degraded
4.59,28.78651,32.37306,-3.58655,-23.15352,-20.05905,-3.09446,3.016,3.0,85.0,0.01782,0.3,degraded
4.6,28.44758,32.03088,-3.58329,-23.36296,-20.28173,-3.08123,3.0297,3.0,85.0,0.00899,0.3,degraded
4.61,28.10856,31.7091,-3.60054,-23.57073,-20.50397,-3.06677,2.9795,1.2251,85.0,0.00417,0.3,degraded
4.62,27.76951,31.37356,-3.60404,-23.77679,-20.72266,-3.05414,3.0058,1.4937,85.0,0.00754,0.3,degraded
4.63,27.43053,31.05083,-3.6203,-23.98111,-20.9391,-3.04201,2.9942,0.174,85.0,0.00854,0.3,degraded
4.64,27.09167,30.71942,-3.62774,-24.18366,-21.16627,-3.01739,2.3333,3.0,85.0,0.01004,0.3,degraded
4.65,26.75303,30.39281,-3.63979,-24.3844,-21.38485,-2.99955,3.0156,2.9978,85.0,0.01488,0.3,degraded
4.66,26.41466,30.05076,-3.6361,-24.5833,-21.60038,-2.98292,1.1402,2.9756,85.0,0.0,0.3,degraded
4.67,26.07666,29.72545,-3.64879,-24.78034,-21.81846,-2.96188,3.001,2.9893,85.0,0.00843,0.3,degraded
4.68,25.73908,29.37525,-3.63616,-24.97548,-22.02594,-2.94954,3.0321,3.0,85.0,0.01228,0.3,degraded
4.69,25.40201,29.05124,-3.64923,-25.16869,-22.23554,-2.93315,1.2413,2.9821,85.0,0.01101,0.3,degraded
4.7,25.06552,28.71689,-3.65137,-25.35994,-22.45148,-2.90846,3.0111,0.3379,85.0,0.01414,0.3,degraded
4.71,24.72969,28.37641,-3.64673,-25.5492,-22.65942,-2.88978,3.0125,1.7063,85.0,0.01092,0.3,degraded
4.72,24.39457,28.03813,-3.64356,-25.73644,-22.86875,-2.86769,2.0325,2.9734,85.0,0.01288,0.3,degraded
4.73,24.06025,27.70886,-3.64861,-25.92163,-23.07704,-2.8446,3.0244,2.989,85.0,0.0188,0.3,degraded
4.74,23.72679,27.37308,-3.64629,-26.10475,-23.28848,-2.81627,3.0047,2.9979,85.0,0.0212,0.3,degraded
4.75,23.39426,27.03391,-3.63965,-26.28576,-23.4839,-2.80186,3.0127,3.0,85.0,0.00949,0.3,degraded
4.76,23.06274,26.68962,-3.62688,-26.46464,-23.69265,-2.77199,2.9901,0.3486,85.0,0.00367,0.3,degraded
4.77,22.7323,26.35844,-3.62615,-26.64135,-23.89007,-2.75128,2.9802,2.9761,85.0,0.01128,0.3,degraded
4.78,22.40299,26.01012,-3.60713,-26.81588,-24.10253,-2.71335,2.9954,2.9982,85.0,0.01861,0.3,degraded
4.79,22.07488,25.68908,-3.6142,-26.98819,-24.29646,-2.69173,3.0188,2.9791,85.0,0.00393,0.3,degraded
4.8,21.74805,25.353,-3.60495,-27.15825,-24.49781,-2.66044,2.9819,2.2921,85.0,0.01462,0.3,degraded
4.81,21.42256,25.02481,-3.60225,-27.32605,-24.68477,-2.64128,2.9978,2.9869,85.0,0.01255,0.3,degraded
4.82,21.09847,24.69695,-3.59848,-27.49156,-24.87881,-2.61275,2.3552,0.3688,85.0,0.00213,0.3,degraded
4.83,20.77584,24.37773,-3.60188,-27.65474,-25.07212,-2.58262,3.0277,2.6448,85.0,0.01644,0.3,degraded
4.84,20.45475,24.03854,-3.5838,-27.81558,-25.25825,-2.55733,2.988,2.9813,85.0,0.0111,0.3,degraded
4.85,20.13524,23.71978,-3.58455,-27.97405,-25.43456,-2.53949,1.1799,2.9974,85.0,0.00999,0.3,degraded
4.86,19.81738,23.39335,-3.57597,-28.13013,-25.62114,-2.50899,2.2917,2.9845,85.0,0.01263,0.3,degraded
4.87,19.50122,23.06953,-3.56831,-28.28379,-25.80264,-2.48115,3.0233,0.1366,85.0,0.0188,0.3,degraded
4.88,19.18684,22.74468,-3.55784,-28.43501,-26.00142,-2.43358,2.9795,2.9988,85.0,0.00369,0.3,degraded
4.89,18.87428,22.41133,-3.53705,-28.58376,-26.16747,-2.41629,2.9896,0.0708,85.0,0.01193,0.3,degraded
4.9,18.5636,22.08397,-3.52037,-28.73003,-26.34259,-2.38744,2.9832,2.9923,85.0,0.01393,0.3,degraded
4.91,18.25485,21.75938,-3.50452,-28.8738,-26.50967,-2.36413,2.976,2.3386,85.0,0.00097,0.3,degraded
4.92,17.9481,21.4378,-3.4897,-29.01504,-26.68856,-2.32648,3.0016,3.0,85.0,0.01802,0.3,degraded
4.93,17.64339,21.11717,-3.47379,-29.15372,-26.84557,-2.30815,0.2208,3.0,85.0,0.01135,0.3,degraded
4.94,17.34077,20.79255,-3.45178,-29.28984,-27.0222,-2.26765,2.4844,2.5767,85.0,0.01144,0.3,degraded
4.95,17.0403,20.47776,-3.43746,-29.42338,-27.17464,-2.24874,2.9941,0.7592,85.0,0.01138,0.3,degraded
4.96,16.74202,20.1518,-3.40978,-29.5543,-27.34168,-2.21261,0.6376,2.3537,85.0,0.00684,0.3,degraded
4.97,16.44599,19.84933,-3.40335,-29.68259,-27.49492,-2.18768,2.32,3.0,85.0,0.02083,0.3,degraded
4.98,16.15224,19.5386,-3.38636,-29.80824,-27.64887,-2.15938,3.0435,2.0774,85.0,0.02109,0.3,degraded
4.99,15.86083,19.23095,-3.37012,-29.93123,-27.79291,-2.13832,1.1082,2.7526,85.0,0.01998,0.3,degraded
5.0,15.5718,18.92718,-3.35538,-30.05154,-27.94673,-2.10481,3.0044,2.9967,85.0,0.01488,0.3,degraded
5.01,15.28519,18.60852,-3.32334,-30.16915,-28.10294,-2.06621,3.0242,2.1259,85.0,0.01525,0.3,degraded
5.02,15.00104,18.29894,-3.2979,-30.28405,-28.24201,-2.04204,3.0068,2.9995,85.0,0.02959,0.3,degraded
5.03,14.7194,18.00914,-3.28974,-30.39622,-28.38474,-2.01148,2.9943,2.9904,85.0,0.0153,0.3,degraded
5.04,14.4403,17.7054,-3.2651,-30.50564,-28.53281,-1.97283,0.5826,3.0,85.0,0.02443,0.3,degraded
5.05,14.16378,17.39976,-3.23598,-30.61231,-28.67204,-1.94027,2.9895,2.4941,85.0,0.00924,0.3,degraded
5.06,13.88988,17.10139,-3.21151,-30.7162,-28.8103,-1.9059,1.7364,0.7477,85.0,0.01894,0.3,degraded
5.07,13.61863,16.82115,-3.20252,-30.81731,-28.93616,-1.88115,2.9982,2.4802,85.0,0.00306,0.3,degraded
5.08,13.35007,16.52334,-3.17328,-30.91562,-29.07662,-1.839,3.0002,2.9765,85.0,0.0159,0.3,degraded
5.09,13.08422,16.24231,-3.15809,-31.01112,-29.20758,-1.80354,1.7403,2.9861,85.0,0.00328,0.3,degraded
5.1,12.82112,15.95985,-3.13873,-31.10379,-29.33894,-1.76486,3.0085,3.0,85.0,0.01113,0.3,degraded
5.11,12.5608,15.67028,-3.10949,-31.19363,-29.46357,-1.73007,3.0057,2.9911,85.0,0.01245,0.3,degraded
5.12,12.30328,15.38166,-3.07838,-31.28063,-29.59638,-1.68425,1.1632,1.1701,85.0,0.00211,0.3,degraded
5.13,12.0486,15.10509,-3.0565,-31.36477,-29.7038,-1.66097,2.9873,3.0,85.0,0.01476,0.3,degraded
5.14,11.79677,14.8263,-3.02954,-31.44605,-29.8255,-1.62054,3.009,3.0,85.0,0.01208,0.3,degraded
5.15,11.54782,14.55492,-3.0071,-31.52445,-29.94479,-1.57966,2.9868,2.9904,85.0,0.02725,0.3,degraded
5.16,11.30177,14.27399,-2.97222,-31.59997,-30.06595,-1.53402,3.0199,1.3396,85.0,0.00435,0.3,degraded
5.17,11.05864,14.00295,-2.94431,-31.6726,-30.16997,-1.50263,2.985,2.5046,85.0,0.01271,0.3,degraded
5.18,10.81846,13.72869,-2.91024,-31.74233,-30.27987,-1.46246,3.0159,2.7013,85.0,0.00947,0.3,degraded
5.19,10.58123,13.47016,-2.88893,-31.80916,-30.37211,-1.43705,3.0012,3.0,85.0,0.0172,0.3,degraded
5.2,10.34697,13.20455,-2.85757,-31.87308,-30.48711,-1.38597,3.0023,0.0525,85.0,0.01675,0.3,degraded
5.21,10.11571,12.9453,-2.8296,-31.93409,-30.59115,-1.34294,3.003,1.3003,85.0,0.0157,0.3,degraded
5.22,9.88744,12.68467,-2.79723,-31.99217,-30.68323,-1.30894,2.9894,1.6899,85.0,0.01714,0.3,degraded
5.23,9.66219,12.42793,-2.76574,-32.04733,-30.7714,-1.27593,2.9763,2.9972,85.0,0.00773,0.3,degraded
5.24,9.43996,12.17013,-2.73017,-32.09956,-30.86327,-1.23628,2.3949,3.0,85.0,0.0274,0.3,degraded
5.25,9.22075,11.92949,-2.70874,-32.14885,-30.95486,-1.194,2.9898,3.0,85.0,0.00871,0.3,degraded
5.26,9.00459,11.68449,-2.6799,-32.19522,-31.04077,-1.15445,2.9961,0.26,85.0,0.01612,0.3,degraded
5.27,8.79147,11.43797,-2.6465,-32.23864,-31.13155,-1.1071,3.0388,3.0,85.0,0.01347,0.3,degraded
5.28,8.58139,11.20353,-2.62214,-32.27913,-31.20986,-1.06927,2.9802,0.5043,85.0,0.01437,0.3,degraded
5.29,8.37436,10.96082,-2.58646,-32.31668,-31.27916,-1.03753,3.0155,2.9903,85.0,0.01406,0.3,degraded
5.3,8.17038,10.72128,-2.55089,-32.35129,-31.34168,-1.00962,2.9758,3.0,85.0,0.00643,0.3,degraded
5.31,7.96945,10.49734,-2.52789,-32.38296,-31.39717,-0.98579,2.9913,3.0,85.0,0.00401,0.3,degraded
5.32,7.77156,10.25855,-2.48698,-32.4117,-31.45946,-0.95224,0.8024,2.995,85.0,0.01484,0.3,degraded
5.33,7.57672,10.02765,-2.45093,-32.4375,-31.51666,-0.92083,2.9902,2.9956,85.0,0.00777,0.3,degraded
5.34,7.38491,9.80158,-2.41667,-32.46036,-31.57985,-0.88051,2.9974,3.0,85.0,0.00178,0.3,degraded
5.35,7.19613,9.57626,-2.38013,-32.48029,-31.63604,-0.84425,2.9913,3.0,85.0,0.00247,0.3,degraded
5.36,7.01037,9.35369,-2.34332,-32.49729,-31.69942,-0.79787,1.476,2.9888,85.0,0.00837,0.3,degraded
5.37,6.82762,9.14348,-2.31586,-32.51137,-31.75643,-0.75494,2.9946,3.0,85.0,0.00658,0.3,degraded
5.38,6.64787,8.92635,-2.27848,-32.52252,-31.819,-0.70353,0.9971,3.0,85.0,0.0,0.3,degraded
5.39,6.4711,8.72202,-2.25092,-32.53077,-31.87527,-0.65549,2.9733,3.0,85.0,0.00709,0.3,degraded
5.4,6.29731,8.51757,-2.22026,-32.5361,-31.93746,-0.59863,3.0067,2.9786,85.0,0.00834,0.3,degraded
5.41,6.12648,8.32367,-2.19719,-32.53852,-31.99434,-0.54418,3.0057,2.9963,85.0,0.00218,0.3,degraded
5.42,5.95858,8.11501,-2.15643,-32.53805,-32.05766,-0.48039,2.9972,2.9922,85.0,0.01307,0.3,degraded
5.43,5.7936,7.92898,-2.13538,-32.53469,-32.11375,-0.42094,0.5174,3.0,85.0,0.00488,0.3,degraded
5.44,5.63153,7.71826,-2.08673,-32.52845,-32.18031,-0.34814,3.004,2.98,85.0,0.0,0.3,degraded
5.45,5.47233,7.53778,-2.06545,-32.51933,-32.23935,-0.27998,3.0223,2.9966,85.0,0.00484,0.3,degraded
5.46,5.31598,7.33476,-2.01878,-32.50735,-32.30474,-0.2026,2.9878,2.9891,85.0,0.00117,0.3,degraded
5.47,5.16247,7.16158,-1.99911,-32.49251,-32.3637,-0.1288,3.0127,2.9998,85.0,0.00531,0.3,degraded
5.48,5.01176,6.98261,-1.97085,-32.47482,-32.42854,-0.04628,2.9889,3.0,85.0,0.00755,0.3,degraded
5.49,4.86383,6.8111,-1.94727,-32.4543,-32.48263,0.02833,2.1186,2.9988,85.0,0.00636,0.3,degraded
5.5,4.71865,6.63473,-1.91608,-32.43095,-32.53428,0.10333,2.2819,3.0,85.0,0.01014,0.3,degraded
5.51,4.57619,6.46437,-1.88818,-32.4048,-32.57338,0.16859,2.9774,2.9223,85.0,0.0097,0.3,degraded
5.52,4.43642,6.29299,-1.85657,-32.37584,-32.61002,0.23418,0.9603,2.9791,85.0,0.01012,0.3,degraded
5.53,4.29931,6.12317,-1.82386,-32.34409,-32.63463,0.29054,3.0058,2.9877,85.0,0.00106,0.3,degraded
5.54,4.16481,5.94975,-1.78493,-32.30957,-32.66091,0.35134,2.9884,2.8937,85.0,0.01622,0.3,degraded
5.55,4.03291,5.79284,-1.75994,-32.27229,-32.67437,0.40208,3.0014,3.0,85.0,0.0071,0.3,degraded
5.56,3.90355,5.62854,-1.72499,-32.23226,-32.68829,0.45603,3.0165,3.0,85.0,0.00874,0.3,degraded
5.57,3.77671,5.48025,-1.70354,-32.1895,-32.69049,0.501,2.9952,2.7459,85.0,0.00473,0.3,degraded
5.58,3.65234,5.32068,-1.66834,-32.14402,-32.69017,0.54615,1.2536,3.0,85.0,0.00464,0.3,degraded
5.59,3.53041,5.18378,-1.65338,-32.09584,-32.6829,0.58707,3.0111,2.9904,85.0,0.00297,0.3,degraded
5.6,3.41087,5.0293,-1.61843,-32.04497,-32.67697,0.632,0.1889,3.0,85.0,0.00709,0.3,degraded
5.61,3.29368,4.87963,-1.58596,-31.99144,-32.66142,0.66998,1.7612,2.8146,85.0,0.009,0.3,degraded
5.62,3.1788,4.72982,-1.55102,-31.93525,-32.64585,0.7106,3.0044,2.9953,85.0,0.00967,0.3,degraded
5.63,3.06618,4.5985,-1.53231,-31.87644,-32.62246,0.74602,2.0438,3.0,85.0,0.0153,0.3,degraded
5.64,2.95578,4.46171,-1.50593,-31.815,-32.60133,0.78633,2.9938,2.8112,85.0,0.00687,0.3,degraded
5.65,2.84755,4.32264,-1.47509,-31.75097,-32.56467,0.8137,2.99,2.9915,85.0,0.0,0.3,degraded
5.66,2.74145,4.18262,-1.44117,-31.68437,-32.53409,0.84972,3.0065,3.0,85.0,0.0043,0.3,degraded
5.67,2.63742,4.04408,-1.40666,-31.6152,-32.49631,0.88111,2.9847,2.9917,85.0,0.01072,0.3,degraded
5.68,2.53541,3.91735,-1.38194,-31.5435,-32.45783,0.91434,0.3173,2.9979,85.0,0.00109,0.3,degraded
5.69,2.43538,3.79194,-1.35656,-31.46928,-32.41117,0.94189,0.3733,2.9786,85.0,0.00666,0.3,degraded
5.7,2.33727,3.66565,-1.32838,-31.39256,-32.36781,0.97525,2.2243,2.9939,85.0,0.00796,0.3,degraded
5.71,2.24103,3.54899,-1.30796,-31.31337,-32.31602,1.00265,3.0154,2.9923,85.0,0.00553,0.3,degraded
5.72,2.1466,3.43894,-1.29233,-31.23173,-32.26678,1.03505,2.9886,2.9744,85.0,0.01171,0.3,degraded
5.73,2.05394,3.33082,-1.27688,-31.14765,-32.20928,1.06163,2.973,2.8373,85.0,0.00517,0.3,degraded
5.74,1.96298,3.21031,-1.24733,-31.06116,-32.15146,1.09029,2.9967,3.0,85.0,0.00932,0.3,degraded
5.75,1.87368,3.09693,-1.22325,-30.97229,-32.08826,1.11596,0.7831,3.0,85.0,0.00204,0.3,degraded
5.76,1.78597,2.98298,-1.19701,-30.88106,-32.02783,1.14677,2.999,3.0,85.0,0.01845,0.3,degraded
5.77,1.69979,2.87854,-1.17875,-30.78749,-31.9404,1.15291,3.0252,3.0,85.0,0.0134,0.3,degraded
5.78,1.61509,2.7757,-1.16061,-30.69161,-31.86133,1.16972,2.9885,2.3017,85.0,0.00165,0.3,degraded
5.79,1.53181,2.67,-1.13819,-30.59343,-31.77035,1.17692,3.0001,2.9994,85.0,0.01867,0.3,degraded
5.8,1.44989,2.56079,-1.1109,-30.49299,-31.6821,1.18911,2.9947,0.7568,85.0,0.01483,0.3,degraded
5.81,1.36926,2.46955,-1.10028,-30.39031,-31.58522,1.19491,3.0213,1.5247,85.0,0.01997,0.3,degraded
5.82,1.28988,2.37179,-1.08191,-30.28542,-31.49776,1.21235,2.996,3.0,85.0,0.0127,0.3,degraded
5.83,1.21167,2.27261,-1.06095,-30.17833,-31.41011,1.23178,3.0035,1.2323,85.0,0.02161,0.3,degraded
5.84,1.13457,2.17356,-1.03899,-30.06909,-31.31781,1.24872,2.3595,3.0,85.0,0.00689,0.3,degraded
5.85,1.05852,2.08988,-1.03135,-29.95771,-31.21913,1.26142,0.1571,2.1378,85.0,0.00928,0.3,degraded
5.86,0.98346,1.99109,-1.00762,-29.84423,-31.13265,1.28842,1.12,2.993,85.0,0.01347,0.3,degraded
5.87,0.90933,1.90618,-0.99685,-29.72866,-31.02169,1.29303,3.0002,3.0,85.0,0.01002,0.3,degraded
5.88,0.83605,1.82094,-0.98488,-29.61104,-30.92245,1.31141,2.989,2.7317,85.0,0.01461,0.3,degraded
5.89,0.76357,1.73913,-0.97556,-29.49139,-30.82608,1.33469,2.9879,3.0,85.0,0.02254,0.3,degraded
5.9,0.69182,1.64168,-0.94986,-29.36975,-30.72667,1.35692,2.9948,2.9811,85.0,0.01359,0.3,degraded
5.91,0.62074,1.55632,-0.93558,-29.24613,-30.62673,1.38059,2.9788,3.0,85.0,0.02001,0.3,degraded
5.92,0.55025,1.47063,-0.92038,-29.12058,-30.52401,1.40343,1.831,3.0,85.0,0.01727,0.3,degraded
5.93,0.4803,1.38933,-0.90903,-28.99312,-30.41166,1.41854,2.972,1.2339,85.0,0.00482,0.3,degraded
5.94,0.41082,1.30574,-0.89492,-28.86377,-30.30762,1.44385,3.009,3.0,85.0,0.00976,0.3,degraded
5.95,0.34173,1.2214,-0.87966,-28.73257,-30.19936,1.46679,2.9932,3.0,85.0,0.0072,0.3,degraded
5.96,0.27299,1.14808,-0.8751,-28.59955,-30.08389,1.48434,2.9828,3.0,85.0,0.0,0.3,degraded
5.97,0.20451,1.06861,-0.86411,-28.46473,-29.97394,1.5092,0.8333,2.9879,85.0,0.01297,0.3,degraded
5.98,0.13623,0.99501,-0.85879,-28.32815,-29.85128,1.52312,3.0074,2.988,85.0,0.01132,0.3,degraded
5.99,0.06808,0.91771,-0.84963,-28.18984,-29.73159,1.54175,3.0041,3.0,85.0,0.0147,0.3,degraded
6.0,0.0,0.84166,-0.84166,-28.04983,-29.62638,1.57655,1.7583,3.0,85.0,0.00449,0.3,degraded
6.01,-0.06808,0.7701,-0.83817,-27.90815,-29.509,1.60086,2.9993,2.9944,85.0,0.00583,0.3,degraded
6.02,-0.13623,0.69553,-0.83175,-27.76482,-29.3889,1.62408,1.3013,2.9919,85.0,0.01194,0.3,degraded
6.03,-0.20451,0.64288,-0.84738,-27.61989,-29.26654,1.64665,2.9993,2.9859,85.0,0.01531,0.3,degraded
6.04,-0.27299,0.58096,-0.85394,-27.47337,-29.14044,1.66707,2.9316,0.1195,85.0,0.00805,0.3,degraded
6.05,-0.34173,0.5061,-0.84783,-27.32531,-29.00845,1.68313,2.3968,2.4273,85.0,0.01152,0.3,degraded
6.06,-0.41082,0.42358,-0.83439,-27.17574,-28.88926,1.71353,3.0147,3.0,85.0,0.02088,0.3,degraded
6.07,-0.4803,0.3429,-0.82321,-27.02468,-28.75695,1.73227,0.5991,3.0,85.0,0.00596,0.3,degraded
6.08,-0.55025,0.25941,-0.80967,-26.87217,-28.62874,1.75657,2.9951,3.0,85.0,0.00725,0.3,degraded
6.09,-0.62074,0.18506,-0.8058,-26.71824,-28.49632,1.77809,3.0165,2.9965,85.0,0.00943,0.3,degraded
6.1,-0.69182,0.12251,-0.81433,-26.56292,-28.36234,1.79942,2.9682,3.0,85.0,0.00455,0.3,degraded
6.11,-0.76357,0.04749,-0.81106,-26.40624,-28.23028,1.82404,3.0234,2.9763,85.0,0.01468,0.3,degraded
6.12,-0.83605,-0.02946,-0.80659,-26.24824,-28.08855,1.84031,0.0675,2.9843,85.0,0.01232,0.3,degraded
6.13,-0.90933,-0.09862,-0.81071,-26.08895,-27.94342,1.85447,3.0044,2.992,85.0,0.01434,0.3,degraded
6.14,-0.98346,-0.18847,-0.79499,-25.9284,-27.80495,1.87655,3.0189,3.0,85.0,0.01273,0.3,degraded
6.15,-1.05852,-0.25849,-0.80004,-25.76663,-27.66999,1.90336,3.0004,3.0,85.0,0.01534,0.3,degraded
6.16,-1.13457,-0.32919,-0.80538,-25.60366,-27.51743,1.91377,2.9883,3.0,85.0,0.01403,0.3,degraded
6.17,-1.21167,-0.39287,-0.81879,-25.43952,-27.36947,1.92994,1.6027,2.599,85.0,0.02549,0.3,degraded
6.18,-1.28988,-0.48115,-0.80873,-25.27426,-27.23558,1.96132,2.9945,0.8142,85.0,0.00623,0.3,degraded
6.19,-1.36926,-0.554,-0.81526,-25.1079,-27.08387,1.97597,2.9974,2.992,85.0,0.01927,0.3,degraded
6.2,-1.44989,-0.63806,-0.81182,-24.94048,-26.94104,2.00056,1.6218,3.0,85.0,0.01934,0.3,degraded
6.21,-1.53181,-0.71716,-0.81465,-24.77202,-26.79256,2.02053,2.9848,2.9946,85.0,0.01925,0.3,degraded
6.22,-1.61509,-0.78184,-0.83325,-24.60256,-26.64007,2.0375,3.0187,2.2952,85.0,0.01663,0.3,degraded
6.23,-1.69979,-0.84496,-0.85483,-24.43214,-26.49795,2.06581,3.026,3.0,85.0,0.01485,0.3,degraded
6.24,-1.78597,-0.92319,-0.86277,-24.26079,-26.34192,2.08114,2.9906,1.8063,85.0,0.00913,0.3,degraded
6.25,-1.87368,-1.00126,-0.87242,-24.08853,-26.18455,2.09602,0.0371,2.982,85.0,0.00622,0.3,degraded
6.26,-1.96298,-1.08683,-0.87616,-23.9154,-26.02403,2.10863,2.9959,2.9769,85.0,0.01186,0.3,degraded
6.27,-2.05394,-1.17008,-0.88387,-23.74143,-25.86661,2.12518,0.0129,2.9997,85.0,0.01248,0.3,degraded
6.28,-2.1466,-1.25941,-0.8872,-23.56666,-25.71082,2.14416,2.0597,1.2342,85.0,0.00724,0.3,degraded
6.29,-2.24103,-1.34559,-0.89544,-23.39112,-25.54207,2.15096,1.3303,3.0,85.0,0.01898,0.3,degraded
6.3,-2.33727,-1.4255,-0.91176,-23.21483,-25.37736,2.16253,0.7187,2.2494,85.0,0.01614,0.3,degraded
6.31,-2.43538,-1.51039,-0.92499,-23.03784,-25.22494,2.18711,2.9906,3.0,85.0,0.02079,0.3,degraded
6.32,-2.53541,-1.59847,-0.93694,-22.86017,-25.0669,2.20673,2.9742,3.0,85.0,0.02193,0.3,degraded
6.33,-2.63742,-1.69508,-0.94233,-22.68185,-24.8965,2.21465,3.0153,0.2953,85.0,0.00917,0.3,degraded
6.34,-2.74145,-1.78253,-0.95892,-22.50292,-24.73711,2.23419,3.0203,2.9931,85.0,0.00929,0.3,degraded
6.35,-2.84755,-1.86746,-0.9801,-22.32341,-24.56644,2.24303,3.0129,2.996,85.0,0.01195,0.3,degraded
6.36,-2.95578,-1.95494,-1.00084,-22.14335,-24.40193,2.25858,0.2793,1.7092,85.0,0.01564,0.3,degraded
6.37,-3.06618,-2.04836,-1.01782,-21.96276,-24.23161,2.26885,2.7652,2.9952,85.0,0.00834,0.3,degraded
6.38,-3.1788,-2.16002,-1.01878,-21.7817,-24.07329,2.29159,3.0076,2.8878,85.0,0.01111,0.3,degraded
6.39,-3.29368,-2.24752,-1.04616,-21.60017,-23.90154,2.30138,1.4889,2.7492,85.0,0.0069,0.3,degraded
6.4,-3.41087,-2.35108,-1.05979,-21.41822,-23.73192,2.3137,0.3529,1.2134,85.0,0.02371,0.3,degraded
6.41,-3.53041,-2.44788,-1.08253,-21.23587,-23.54979,2.31392,2.9903,1.64,85.0,0.0135,0.3,degraded
6.42,-3.65234,-2.5617,-1.09064,-21.05315,-23.38231,2.32916,3.0221,3.0,85.0,0.00613,0.3,degraded
6.43,-3.77671,-2.65532,-1.12138,-20.8701,-23.19871,2.32861,2.9874,2.9965,85.0,0.02214,0.3,degraded
6.44,-3.90355,-2.76953,-1.13402,-20.68675,-23.03332,2.34657,3.0208,0.758,85.0,0.01464,0.3,degraded
6.45,-4.03291,-2.87304,-1.15987,-20.50312,-22.84444,2.34132,2.9814,3.0,85.0,0.004,0.3,degraded
6.46,-4.16481,-2.9797,-1.18511,-20.31924,-22.66979,2.35055,2.9919,3.0,85.0,0.01406,0.3,degraded
6.47,-4.29931,-3.09448,-1.20482,-20.13515,-22.49437,2.35922,2.9861,3.0,85.0,0.02008,0.3,degraded
6.48,-4.43642,-3.20784,-1.22858,-19.95087,-22.32708,2.3762,0.828,1.2758,85.0,0.00966,0.3,degraded
6.49,-4.57619,-3.31671,-1.25948,-19.76643,-22.14106,2.37463,3.0085,0.0766,85.0,0.01185,0.3,degraded
6.5,-4.71865,-3.444,-1.27465,-19.58186,-21.96654,2.38468,3.0197,3.0,85.0,0.01234,0.3,degraded
6.51,-4.86383,-3.55772,-1.30612,-19.39719,-21.78787,2.39067,1.4071,1.273,85.0,0.00789,0.3,degraded
6.52,-5.01176,-3.6846,-1.32717,-19.21245,-21.61819,2.40574,0.4074,3.0,85.0,0.01354,0.3,degraded
6.53,-5.16247,-3.80575,-1.35672,-19.02766,-21.43586,2.4082,1.9862,0.7758,85.0,0.00927,0.3,degraded
6.54,-5.31598,-3.9427,-1.37328,-18.84285,-21.26123,2.41838,2.9963,1.3489,85.0,0.02348,0.3,degraded
6.55,-5.47233,-4.07683,-1.3955,-18.65805,-21.08206,2.42401,2.9996,2.3966,85.0,0.00904,0.3,degraded
6.56,-5.63153,-4.20594,-1.42559,-18.47329,-20.91452,2.44123,2.9866,2.9858,85.0,0.02408,0.3,degraded
6.57,-5.7936,-4.33345,-1.46015,-18.28859,-20.73713,2.44854,0.0676,2.8727,85.0,0.02504,0.3,degraded
6.58,-5.95858,-4.47868,-1.4799,-18.10398,-20.56527,2.4613,2.9823,2.9979,85.0,0.01654,0.3,degraded
6.59,-6.12648,-4.60267,-1.5238,-17.91948,-20.37311,2.45363,1.8701,1.3909,85.0,0.01685,0.3,degraded
6.6,-6.29731,-4.74274,-1.55458,-17.73512,-20.20515,2.47003,2.996,3.0,85.0,0.01759,0.3,degraded
6.61,-6.4711,-4.88955,-1.58155,-17.55093,-20.01916,2.46823,2.9849,2.982,85.0,0.01612,0.3,degraded
6.62,-6.64787,-5.0391,-1.60877,-17.36693,-19.83575,2.46882,0.7892,0.3598,85.0,0.00532,0.3,degraded
6.63,-6.82762,-5.1904,-1.63722,-17.18314,-19.64559,2.46245,3.009,0.0858,85.0,0.0123,0.3,degraded
6.64,-7.01037,-5.34421,-1.66616,-16.99959,-19.45607,2.45648,0.7818,2.9899,85.0,0.00288,0.3,degraded
6.65,-7.19613,-5.49415,-1.70198,-16.81631,-19.26986,2.45355,2.9847,2.9791,85.0,0.00795,0.3,degraded
6.66,-7.38491,-5.6562,-1.7287,-16.63331,-19.09514,2.46183,3.0062,3.0,85.0,0.00911,0.3,degraded
6.67,-7.57672,-5.813,-1.76371,-16.45063,-18.90388,2.45325,3.0047,3.0,85.0,0.00416,0.3,degraded
6.68,-7.77156,-5.97593,-1.79564,-16.26827,-18.71721,2.44894,3.0225,2.9905,85.0,0.00841,0.3,degraded
6.69,-7.96945,-6.13831,-1.83114,-16.08627,-18.53573,2.44946,3.0044,2.9932,85.0,0.02186,0.3,degraded
6.7,-8.17038,-6.30676,-1.86362,-15.90465,-18.36177,2.45712,2.0056,2.9956,85.0,0.01312,0.3,degraded
6.71,-8.37436,-6.48435,-1.89001,-15.72343,-18.1783,2.45487,3.0069,3.0,85.0,0.02034,0.3,degraded
6.72,-8.58139,-6.66745,-1.91394,-15.54262,-18.00211,2.45948,3.0046,3.0,85.0,0.02075,0.3,degraded
6.73,-8.79147,-6.83262,-1.95885,-15.36226,-17.80599,2.44373,3.0234,1.41,85.0,0.02001,0.3,degraded
6.74,-9.00459,-7.01597,-1.98862,-15.18236,-17.63605,2.45369,3.0095,1.8285,85.0,0.0034,0.3,degraded
6.75,-9.22075,-7.19988,-2.02087,-15.00294,-17.45058,2.44763,2.996,2.9932,85.0,0.01554,0.3,degraded
6.76,-9.43996,-7.39089,-2.04907,-14.82403,-17.27693,2.4529,3.0097,2.9916,85.0,0.01077,0.3,degraded
6.77,-9.66219,-7.57564,-2.08655,-14.64563,-17.09664,2.45101,2.831,2.9954,85.0,0.00781,0.3,degraded
6.78,-9.88744,-7.76982,-2.11762,-14.46777,-16.91584,2.44807,2.1005,3.0,85.0,0.02645,0.3,degraded
6.79,-10.11571,-7.96249,-2.15322,-14.29047,-16.73511,2.44464,3.0107,1.408,85.0,0.02684,0.3,degraded
6.8,-10.34697,-8.16718,-2.17979,-14.11374,-16.55953,2.44579,2.9961,3.0,85.0,0.01071,0.3,degraded
6.81,-10.58123,-8.37622,-2.20501,-13.93761,-16.37151,2.43391,2.9928,3.0,85.0,0.00974,0.3,degraded
6.82,-10.81846,-8.58112,-2.23733,-13.76208,-16.1999,2.43782,0.9234,3.0,85.0,0.02146,0.3,degraded
6.83,-11.05864,-8.77878,-2.27987,-13.58718,-16.01801,2.43083,0.4313,2.9968,85.0,0.02187,0.3,degraded
6.84,-11.30177,-8.99635,-2.30542,-13.41293,-15.83545,2.42252,2.965,1.0555,85.0,0.02263,0.3,degraded
6.85,-11.54782,-9.21274,-2.33508,-13.23933,-15.65526,2.41594,1.4389,2.9938,85.0,0.018,0.3,degraded
6.86,-11.79677,-9.43415,-2.36262,-13.0664,-15.48443,2.41803,1.9984,2.9948,85.0,0.01307,0.3,degraded
6.87,-12.0486,-9.6456,-2.403,-12.89416,-15.30383,2.40967,2.9948,2.9988,85.0,0.00604,0.3,degraded
6.88,-12.30328,-9.87093,-2.43235,-12.72263,-15.12323,2.4006,2.9877,0.7089,85.0,0.00463,0.3,degraded
6.89,-12.5608,-10.09418,-2.46662,-12.55181,-14.9467,2.39489,2.9824,2.7267,85.0,0.00859,0.3,degraded
6.9,-12.82112,-10.31906,-2.50206,-12.38172,-14.77573,2.39401,0.1928,2.9963,85.0,0.01444,0.3,degraded
6.91,-13.08422,-10.55486,-2.52935,-12.21237,-14.59432,2.38195,1.6292,3.0,85.0,0.02037,0.3,degraded
6.92,-13.35007,-10.80161,-2.54845,-12.04378,-14.42039,2.37661,3.0329,2.9778,85.0,0.00467,0.3,degraded
6.93,-13.61863,-11.03655,-2.58208,-11.87595,-14.24257,2.36662,3.0005,1.115,85.0,0.02221,0.3,degraded
6.94,-13.88988,-11.27913,-2.61075,-11.7089,-14.06233,2.35342,2.9857,2.3348,85.0,0.01598,0.3,degraded
6.95,-14.16378,-11.53495,-2.62883,-11.54264,-13.89628,2.35364,2.9987,3.0,85.0,0.01254,0.3,degraded
6.96,-14.4403,-11.78198,-2.65832,-11.37718,-13.71815,2.34097,3.0298,2.9906,85.0,0.00663,0.3,degraded
6.97,-14.7194,-12.02857,-2.69083,-11.21253,-13.55269,2.34016,2.9996,2.6633,85.0,0.02213,0.3,degraded
6.98,-15.00104,-12.28047,-2.72057,-11.0487,-13.38075,2.33205,2.9886,2.9972,85.0,0.00913,0.3,degraded
6.99,-15.28519,-12.52883,-2.75635,-10.8857,-13.20608,2.32038,3.0125,3.0,85.0,0.01412,0.3,degraded
7.0,-15.5718,-12.79227,-2.77953,-10.72353,-13.04227,2.31875,2.9836,3.0,85.0,0.00588,0.3,degraded
7.01,-15.86083,-13.04011,-2.82072,-10.56221,-12.86261,2.3004,3.0065,1.2112,85.0,0.01802,0.3,degraded
7.02,-16.15224,-13.3096,-2.84264,-10.40174,-12.69621,2.29447,2.9863,2.3137,85.0,0.00521,0.3,degraded
7.03,-16.44599,-13.5709,-2.87509,-10.24213,-12.52298,2.28085,3.0023,3.0,85.0,0.01454,0.3,degraded
7.04,-16.74202,-13.84447,-2.89755,-10.08339,-12.35906,2.27567,2.9805,0.7776,85.0,0.01802,0.3,degraded
7.05,-17.0403,-14.11087,-2.92943,-9.92552,-12.19718,2.27167,0.7277,3.0,85.0,0.00924,0.3,degraded
7.06,-17.34077,-14.38369,-2.95708,-9.76852,-12.03092,2.26239,1.0471,2.9993,85.0,0.01382,0.3,degraded
7.07,-17.64339,-14.64811,-2.99527,-9.61242,-11.86033,2.24791,0.4438,2.9896,85.0,0.00963,0.3,degraded
7.08,-17.9481,-14.92674,-3.02136,-9.4572,-11.70676,2.24957,2.9853,2.8506,85.0,0.01842,0.3,degraded
7.09,-18.25485,-15.19324,-3.06162,-9.30287,-11.54191,2.23904,3.0137,3.0,85.0,0.01642,0.3,degraded
7.1,-18.5636,-15.48284,-3.08076,-9.14944,-11.37234,2.2229,0.9056,2.9815,85.0,0.01482,0.3,degraded
7.11,-18.87428,-15.76212,-3.11216,-8.99691,-11.20809,2.21118,2.9962,2.9849,85.0,0.0109,0.3,degraded
7.12,-19.18684,-16.04545,-3.14139,-8.84528,-11.04703,2.20175,2.9894,3.0,85.0,0.01858,0.3,degraded
7.13,-19.50122,-16.32936,-3.17186,-8.69456,-10.87873,2.18417,2.0979,2.9891,85.0,0.00864,0.3,degraded
7.14,-19.81738,-16.62883,-3.18855,-8.54474,-10.71931,2.17457,2.4266,2.8571,85.0,0.00359,0.3,degraded
7.15,-20.13524,-16.91106,-3.22417,-8.39583,-10.5614,2.16557,1.4659,2.9812,85.0,0.0182,0.3,degraded
7.16,-20.45475,-17.21736,-3.23739,-8.24783,-10.40563,2.1578,1.6861,2.9989,85.0,0.01503,0.3,degraded
7.17,-20.77584,-17.51481,-3.26104,-8.10074,-10.24808,2.14734,2.1079,1.9081,85.0,0.00318,0.3,degraded
7.18,-21.09847,-17.81561,-3.28286,-7.95456,-10.09843,2.14386,0.5103,2.5111,85.0,0.02112,0.3,degraded
7.19,-21.42256,-18.12235,-3.30021,-7.80929,-9.924,2.11471,0.2978,2.1291,85.0,0.00591,0.3,degraded
7.2,-21.74805,-18.42281,-3.32524,-7.66493,-9.77378,2.10885,2.9926,3.0,85.0,0.01928,0.3,degraded
7.21,-22.07488,-18.72711,-3.34777,-7.52147,-9.62257,2.1011,2.9859,2.5656,85.0,0.01651,0.3,degraded
7.22,-22.40299,-19.03576,-3.36723,-7.37892,-9.46925,2.09033,3.0209,3.0,85.0,0.01438,0.3,degraded
7.23,-22.7323,-19.34306,-3.38924,-7.23727,-9.31393,2.07666,3.0044,3.0,85.0,0.00082,0.3,degraded
7.24,-23.06274,-19.66162,-3.40113,-7.09652,-9.16139,2.06486,3.0141,0.1977,85.0,0.00886,0.3,degraded
7.25,-23.39426,-19.97289,-3.42138,-6.95667,-9.00756,2.05089,1.3989,2.9912,85.0,0.02081,0.3,degraded
7.26,-23.72679,-20.29752,-3.42926,-6.81772,-8.86255,2.04484,0.214,3.0,85.0,0.00318,0.3,degraded
7.27,-24.06025,-20.61591,-3.44434,-6.67965,-8.69954,2.01989,1.7649,3.0,85.0,0.01825,0.3,degraded
7.28,-24.39457,-20.93912,-3.45545,-6.54246,-8.55741,2.01495,3.0144,1.209,85.0,0.01996,0.3,degraded
7.29,-24.72969,-21.25222,-3.47747,-6.40616,-8.41395,2.00779,3.0066,0.9833,85.0,0.00806,0.3,degraded
7.3,-25.06552,-21.56815,-3.49737,-6.27072,-8.26036,1.98963,2.987,2.9956,85.0,0.00609,0.3,degraded
7.31,-25.40201,-21.89303,-3.50898,-6.13616,-8.11155,1.97539,2.974,1.8814,85.0,0.02009,0.3,degraded
7.32,-25.73908,-22.23097,-3.50811,-6.00246,-7.96219,1.95973,3.0107,2.1175,85.0,0.01667,0.3,degraded
7.33,-26.07666,-22.54955,-3.5271,-5.86962,-7.81099,1.94137,2.4971,3.0,85.0,0.0291,0.3,degraded
7.34,-26.41466,-22.87634,-3.53833,-5.73762,-7.68268,1.94506,2.9768,2.4142,85.0,0.0331,0.3,degraded
7.35,-26.75303,-23.19859,-3.55443,-5.60647,-7.52983,1.92337,2.9719,3.0,85.0,0.00864,0.3,degraded
7.36,-27.09167,-23.53541,-3.55626,-5.47614,-7.39321,1.91707,2.996,2.9856,85.0,0.014,0.3,degraded
7.37,-27.43053,-23.86225,-3.56828,-5.34665,-7.24781,1.90116,3.0286,2.9943,85.0,0.01189,0.3,degraded
7.38,-27.76951,-24.19681,-3.5727,-5.21797,-7.11269,1.89473,2.0212,2.9933,85.0,0.00308,0.3,degraded
7.39,-28.10856,-24.53087,-3.57769,-5.09009,-6.9691,1.87901,3.0167,2.9949,85.0,0.00284,0.3,degraded
7.4,-28.44758,-24.85853,-3.58905,-4.96302,-6.83145,1.86843,3.0071,2.9981,85.0,0.02293,0.3,degraded
7.41,-28.78651,-25.18529,-3.60122,-4.83673,-6.68269,1.84596,2.983,2.9864,85.0,0.01792,0.3,degraded
7.42,-29.12527,-25.51911,-3.60616,-4.71122,-6.55401,1.8428,1.2302,0.5666,85.0,0.01601,0.3,degraded
7.43,-29.46377,-25.84102,-3.62275,-4.58648,-6.40673,1.82025,2.977,2.9892,85.0,0.01167,0.3,degraded
7.44,-29.80195,-26.17612,-3.62583,-4.46249,-6.27405,1.81156,0.7198,2.9929,85.0,0.01204,0.3,degraded
7.45,-30.13973,-26.50958,-3.63015,-4.33925,-6.13553,1.79628,0.2903,1.5831,85.0,0.00226,0.3,degraded
7.46,-30.47702,-26.84407,-3.63295,-4.21674,-6.01353,1.79679,3.0226,2.9953,85.0,0.00782,0.3,degraded
7.47,-30.81375,-27.18068,-3.63307,-4.09496,-5.86831,1.77335,3.0197,3.0,85.0,0.00592,0.3,degraded
7.48,-31.14985,-27.51746,-3.63239,-3.97388,-5.74278,1.7689,0.7194,1.6939,85.0,0.00675,0.3,degraded
7.49,-31.48522,-27.84228,-3.64294,-3.8535,-5.60531,1.75181,3.0038,2.8266,85.0,0.01959,0.3,degraded
7.5,-31.81981,-28.17624,-3.64356,-3.73381,-5.48293,1.74913,3.0105,2.8043,85.0,0.00707,0.3,degraded
7.51,-32.15352,-28.50922,-3.6443,-3.61478,-5.34293,1.72815,2.994,3.0,85.0,0.01812,0.3,degraded
7.52,-32.48628,-28.84915,-3.63713,-3.49641,-5.22434,1.72792,3.0164,1.4202,85.0,0.02111,0.3,degraded
7.53,-32.81801,-29.18087,-3.63714,-3.37869,-5.0999,1.72121,3.0186,1.1858,85.0,0.0053,0.3,degraded
7.54,-33.14863,-29.5158,-3.63283,-3.26159,-4.96601,1.70441,3.0015,0.2911,85.0,0.01041,0.3,degraded
7.55,-33.47807,-29.84523,-3.63285,-3.14511,-4.82558,1.68046,3.0067,3.0,85.0,0.01476,0.3,degraded
7.56,-33.80625,-30.17201,-3.63425,-3.02923,-4.70772,1.67848,2.7152,3.0,85.0,0.02313,0.3,degraded
7.57,-34.13309,-30.51097,-3.62213,-2.91394,-4.58152,1.66758,2.9649,3.0,85.0,0.00602,0.3,degraded
7.58,-34.45852,-30.84366,-3.61486,-2.79922,-4.46966,1.67044,2.9989,3.0,85.0,0.01632,0.3,degraded
7.59,-34.78245,-31.17839,-3.60406,-2.68505,-4.33275,1.6477,1.484,1.069,85.0,0.02011,0.3,degraded
7.6,-35.10481,-31.51331,-3.5915,-2.57141,-4.21728,1.64586,2.9978,3.0,85.0,0.00816,0.3,degraded
7.61,-35.42553,-31.8458,-3.57972,-2.4583,-4.09597,1.63767,0.8695,2.9873,85.0,0.00463,0.3,degraded
7.62,-35.74452,-32.17028,-3.57424,-2.3457,-3.98271,1.63701,3.0232,3.0,85.0,0.01314,0.3,degraded
7.63,-36.06171,-32.49593,-3.56578,-2.23359,-3.85823,1.62464,3.0123,1.7364,85.0,0.01397,0.3,degraded
7.64,-36.37703,-32.83003,-3.547,-2.12195,-3.74223,1.62028,2.9939,3.0,85.0,0.02442,0.3,degraded
7.65,-36.6904,-33.15349,-3.53691,-2.01077,-3.61727,1.6065,3.0132,3.0,85.0,0.025,0.3,degraded
7.66,-37.00175,-33.47167,-3.53009,-1.90003,-3.50356,1.60353,3.0041,2.9956,85.0,0.00666,0.3,degraded
7.67,-37.31101,-33.80456,-3.50645,-1.78971,-3.39205,1.60235,3.011,3.0,85.0,0.01275,0.3,degraded
7.68,-37.61809,-34.12323,-3.49486,-1.67979,-3.26956,1.58977,2.9945,2.9937,85.0,0.01795,0.3,degraded
7.69,-37.92293,-34.44199,-3.48095,-1.57026,-3.15082,1.58056,3.0096,1.7149,85.0,0.01118,0.3,degraded
7.7,-38.22546,-34.75881,-3.46665,-1.4611,-3.03138,1.57027,1.2286,2.5345,85.0,0.00856,0.3,degraded
7.71,-38.5256,-35.07883,-3.44677,-1.3523,-2.91837,1.56607,2.9729,0.0261,85.0,0.01787,0.3,degraded
7.72,-38.82329,-35.39969,-3.4236,-1.24382,-2.80214,1.55832,3.0136,3.0,85.0,0.01964,0.3,degraded
7.73,-39.11844,-35.71114,-3.40731,-1.13566,-2.69195,1.55629,3.0035,2.961,85.0,0.01354,0.3,degraded
7.74,-39.411,-36.02073,-3.39028,-1.0278,-2.58048,1.55268,3.0212,2.9663,85.0,0.00888,0.3,degraded
7.75,-39.7009,-36.33398,-3.36692,-0.92021,-2.46053,1.54032,1.4672,2.9977,85.0,0.01497,0.3,degraded
7.76,-39.98806,-36.63887,-3.34919,-0.81289,-2.34783,1.53494,0.8985,3.0,85.0,0.00368,0.3,degraded
7.77,-40.27242,-36.9391,-3.33332,-0.70581,-2.23289,1.52709,3.0162,2.9846,85.0,0.01137,0.3,degraded
7.78,-40.55392,-37.24573,-3.30819,-0.59894,-2.11279,1.51385,2.9781,3.0,85.0,0.01046,0.3,degraded
7.79,-40.83248,-37.55039,-3.28209,-0.49228,-2.00715,1.51487,1.9176,2.9757,85.0,0.0211,0.3,degraded
7.8,-41.10805,-37.84832,-3.25973,-0.38581,-1.89983,1.51403,2.9891,2.9927,85.0,0.02202,0.3,degraded
7.81,-41.38055,-38.14367,-3.23688,-0.2795,-1.77145,1.49195,3.0104,3.0,85.0,0.01181,0.3,degraded
7.82,-41.64993,-38.45222,-3.19772,-0.17333,-1.67083,1.4975,3.0013,2.0032,85.0,0.00722,0.3,degraded
7.83,-41.91613,-38.7334,-3.18273,-0.06729,-1.55722,1.48992,2.9741,3.0,85.0,0.01509,0.3,degraded
7.84,-42.17908,-39.02469,-3.15439,0.03864,-1.4479,1.48654,3.0015,3.0,85.0,0.0118,0.3,degraded
7.85,-42.43872,-39.31626,-3.12246,0.14448,-1.33138,1.47586,3.0005,2.9773,85.0,0.0069,0.3,degraded
7.86,-42.695,-39.61484,-3.08017,0.25026,-1.2271,1.47736,2.965,2.9852,85.0,0.01502,0.3,degraded
7.87,-42.94786,-39.89292,-3.05494,0.35599,-1.11702,1.47301,3.0071,3.0,85.0,0.01216,0.3,degraded
7.88,-43.19724,-40.17152,-3.02572,0.46168,-1.01606,1.47774,3.0063,2.4363,85.0,0.00701,0.3,degraded
7.89,-43.44308,-40.44277,-3.00031,0.56737,-0.89495,1.46232,1.2896,2.9809,85.0,0.00732,0.3,degraded
7.9,-43.68533,-40.7171,-2.96824,0.67307,-0.79028,1.46334,3.0149,2.9773,85.0,0.00344,0.3,degraded
7.91,-43.92395,-40.98302,-2.94093,0.77879,-0.67399,1.45278,1.0269,3.0,85.0,0.00793,0.3,degraded
7.92,-44.15886,-41.25548,-2.90338,0.88456,-0.57684,1.4614,2.9724,2.8537,85.0,0.00779,0.3,degraded
7.93,-44.39003,-41.52146,-2.86857,0.9904,-0.46727,1.45767,2.9939,2.0142,85.0,0.01201,0.3,degraded
7.94,-44.61741,-41.7837,-2.83371,1.09633,-0.36361,1.45994,1.9958,1.418,85.0,0.01171,0.3,degraded
7.95,-44.84094,-42.03339,-2.80756,1.20236,-0.25502,1.45738,2.989,1.0461,85.0,0.01797,0.3,degraded
7.96,-45.06059,-42.29073,-2.76985,1.30852,-0.14743,1.45595,3.0153,0.1878,85.0,0.01954,0.3,degraded
7.97,-45.27629,-42.54473,-2.73156,1.41482,-0.03023,1.44505,1.0341,2.9851,85.0,0.00577,0.3,degraded
7.98,-45.48801,-42.79317,-2.69485,1.52128,0.08253,1.43876,3.0138,3.0,85.0,0.00865,0.3,degraded
7.99,-45.69571,-43.0343,-2.66141,1.62793,0.19361,1.43432,3.0058,2.9818,85.0,0.01701,0.3,degraded
8.0,-45.89935,-43.29163,-2.60771,1.73478,0.2976,1.43718,3.0025,3.0,85.0,0.00649,0.3,degraded
8.01,-46.09887,-43.52608,-2.57279,1.84184,0.39992,1.44193,2.9889,0.0999,85.0,0.00663,0.3,degraded
8.02,-46.29425,-43.75489,-2.53936,1.94915,0.50943,1.43972,2.9894,3.0,85.0,0.0061,0.3,degraded
8.03,-46.48544,-43.98556,-2.49989,2.05671,0.61825,1.43846,2.9936,2.9921,85.0,0.01237,0.3,degraded
8.04,-46.67242,-44.21163,-2.46079,2.16455,0.72243,1.44212,1.4447,2.6064,85.0,0.0138,0.3,degraded
8.05,-46.85513,-44.43642,-2.41871,2.27268,0.82574,1.44694,0.3955,2.9789,85.0,0.02539,0.3,degraded
8.06,-47.03356,-44.66799,-2.36557,2.38113,0.94339,1.43774,0.0718,2.9933,85.0,0.00279,0.3,degraded
8.07,-47.20767,-44.88334,-2.32432,2.4899,1.04921,1.44069,2.997,2.5418,85.0,0.01201,0.3,degraded
8.08,-47.37742,-45.09177,-2.28565,2.59902,1.16903,1.42999,2.9958,1.1143,85.0,0.00605,0.3,degraded
8.09,-47.54279,-45.29811,-2.24468,2.70851,1.27295,1.43556,3.01,3.0,85.0,0.00867,0.3,degraded
8.1,-47.70375,-45.50143,-2.20232,2.81838,1.38895,1.42943,0.9387,3.0,85.0,0.02792,0.3,degraded
8.11,-47.86027,-45.6913,-2.16896,2.92865,1.49751,1.43113,2.9977,1.7588,85.0,0.01128,0.3,degraded
8.12,-48.01233,-45.89374,-2.11859,3.03933,1.59816,1.44117,0.6492,3.0,85.0,0.0115,0.3,degraded
8.13,-48.15991,-46.08103,-2.07888,3.15045,1.70724,1.44321,0.4473,2.9738,85.0,0.01045,0.3,degraded
8.14,-48.30298,-46.27385,-2.02913,3.26203,1.81337,1.44865,2.6896,3.0,85.0,0.01355,0.3,degraded
8.15,-48.44152,-46.46221,-1.97931,3.37406,1.92084,1.45322,2.861,0.2674,85.0,0.00988,0.3,degraded
8.16,-48.57552,-46.63772,-1.93779,3.48659,2.0169,1.46968,2.9943,2.9894,85.0,0.00651,0.3,degraded
8.17,-48.70495,-46.81046,-1.89449,3.59961,2.13176,1.46785,2.984,3.0,85.0,0.0189,0.3,degraded
8.18,-48.8298,-46.98678,-1.84302,3.71315,2.24563,1.46752,2.9998,2.9886,85.0,0.0058,0.3,degraded
8.19,-48.95007,-47.15814,-1.79192,3.82722,2.36398,1.46323,1.8363,0.0434,85.0,0.00196,0.3,degraded
8.2,-49.06572,-47.31051,-1.75521,3.94183,2.4754,1.46643,2.7204,3.0,85.0,0.01065,0.3,degraded
8.21,-49.17676,-47.47315,-1.70361,4.05701,2.59417,1.46284,2.97,2.987,85.0,0.01413,0.3,degraded
8.22,-49.28317,-47.62475,-1.65842,4.17276,2.70256,1.4702,2.9969,2.9809,85.0,0.0158,0.3,degraded
8.23,-49.38495,-47.77121,-1.61374,4.2891,2.80713,1.48197,3.0215,0.2622,85.0,0.00496,0.3,degraded
8.24,-49.48209,-47.92018,-1.56191,4.40605,2.9128,1.49325,2.9852,0.374,85.0,0.01063,0.3,degraded
8.25,-49.57458,-48.06961,-1.50497,4.52362,3.03332,1.4903,2.9874,1.6238,85.0,0.01276,0.3,degraded
8.26,-49.66242,-48.20933,-1.45309,4.64182,3.14226,1.49955,3.0039,3.0,85.0,0.01227,0.3,degraded
8.27,-49.74561,-48.33433,-1.41128,4.76066,3.25549,1.50517,2.996,2.9916,85.0,0.01412,0.3,degraded
8.28,-49.82416,-48.45695,-1.36721,4.88016,3.36299,1.51717,0.4618,2.9952,85.0,0.01412,0.3,degraded
8.29,-49.89805,-48.58071,-1.31734,5.00034,3.48516,1.51518,2.9968,2.9855,85.0,0.0085,0.3,degraded
8.3,-49.96729,-48.71545,-1.25184,5.12119,3.603,1.51819,3.0113,3.0,85.0,0.01447,0.3,degraded
8.31,-50.0319,-48.81744,-1.21445,5.24275,3.71817,1.52458,3.0013,2.9801,85.0,0.00489,0.3,degraded
8.32,-50.09187,-48.92531,-1.16656,5.36501,3.81811,1.5469,3.0142,3.0,85.0,0.0101,0.3,degraded
8.33,-50.14721,-49.024,-1.12321,5.48799,3.94397,1.54401,2.9989,0.7004,85.0,0.01647,0.3,degraded
8.34,-50.19793,-49.13802,-1.05991,5.61169,4.05154,1.56015,3.0074,2.9627,85.0,0.01417,0.3,degraded
8.35,-50.24405,-49.22919,-1.01486,5.73614,4.16829,1.56785,3.0041,3.0,85.0,0.01322,0.3,degraded
8.36,-50.28557,-49.32219,-0.96338,5.86134,4.28321,1.57813,0.019,0.4947,85.0,0.03019,0.3,degraded
8.37,-50.32251,-49.40914,-0.91336,5.9873,4.40089,1.58641,2.9812,2.9911,85.0,0.012,0.3,degraded
8.38,-50.35488,-49.50875,-0.84613,6.11403,4.51306,1.60096,3.035,2.3688,85.0,0.01523,0.3,degraded
8.39,-50.3827,-49.57988,-0.80282,6.24154,4.64137,1.60017,3.0038,2.9754,85.0,0.01032,0.3,degraded
8.4,-50.406,-49.63951,-0.76648,6.36983,4.75458,1.61525,3.007,2.5351,85.0,0.00294,0.3,degraded
8.41,-50.42478,-49.68956,-0.73521,6.49892,4.88097,1.61795,3.004,3.0,85.0,0.00203,0.3,degraded
8.42,-50.43907,-49.74479,-0.69428,6.62882,4.99619,1.63263,2.987,1.8494,85.0,0.01142,0.3,degraded
8.43,-50.4489,-49.79192,-0.65698,6.75952,5.11424,1.64528,2.9995,1.5457,85.0,0.00066,0.3,degraded
8.44,-50.45428,-49.8444,-0.60988,6.89105,5.23569,1.65536,3.0095,3.0,85.0,0.0005,0.3,degraded
8.45,-50.45525,-49.88948,-0.56577,7.0234,5.35934,1.66406,2.9922,2.9899,85.0,0.01353,0.3,degraded
8.46,-50.45183,-49.939,-0.51284,7.15658,5.48622,1.67036,2.9966,1.2119,85.0,0.00743,0.3,degraded
8.47,-50.44405,-49.98167,-0.46239,7.2906,5.6078,1.6828,2.9914,0.2464,85.0,0.0,0.3,degraded
8.48,-50.43194,-50.0313,-0.40065,7.42546,5.73405,1.69142,3.0061,2.9715,85.0,0.00441,0.3,degraded
8.49,-50.41554,-50.07396,-0.34158,7.56117,5.85747,1.70371,2.9885,0.4206,85.0,0.00581,0.3,degraded
8.5,-50.39487,-50.12241,-0.27246,7.69774,5.97448,1.72326,2.9805,3.0,85.0,0.00618,0.3,degraded
8.51,-50.36996,-50.16549,-0.20447,7.83516,6.10436,1.7308,3.0002,2.1397,85.0,0.01018,0.3,degraded
8.52,-50.34087,-50.21492,-0.12594,7.97344,6.23362,1.73982,2.997,3.0,85.0,0.01012,0.3,degraded
8.53,-50.30761,-50.25956,-0.04805,8.11259,6.36244,1.75014,2.9942,2.9913,85.0,0.00094,0.3,degraded
8.54,-50.27024,-50.31098,0.04075,8.2526,6.48553,1.76707,3.0041,1.1097,85.0,0.01103,0.3,degraded
8.55,-50.22878,-50.35452,0.12574,8.39348,6.62893,1.76455,2.5377,2.3329,85.0,0.01366,0.3,degraded
8.56,-50.18329,-50.39221,0.20892,8.53523,6.75722,1.77801,2.9973,3.0,85.0,0.01369,0.3,degraded
8.57,-50.1338,-50.41747,0.28367,8.67786,6.88798,1.78989,3.009,2.9931,85.0,0.00925,0.3,degraded
8.58,-50.08036,-50.44116,0.3608,8.82136,7.01793,1.80343,2.7671,3.0,85.0,0.01576,0.3,degraded
8.59,-50.02301,-50.44976,0.42675,8.96574,7.15591,1.80982,2.9943,3.0,85.0,0.0014,0.3,degraded
8.6,-49.9618,-50.45535,0.49355,9.11098,7.2823,1.82869,3.0009,0.5512,85.0,0.01152,0.3,degraded
8.61,-49.89678,-50.44527,0.5485,9.25711,7.42079,1.83631,2.9945,1.1191,85.0,0.01177,0.3,degraded
8.62,-49.82798,-50.43915,0.61117,9.40411,7.56407,1.84004,3.007,1.5597,85.0,0.00317,0.3,degraded
8.63,-49.75548,-50.41646,0.66099,9.55197,7.6931,1.85887,2.9944,3.0,85.0,0.01396,0.3,degraded
8.64,-49.6793,-50.39554,0.71624,9.70071,7.8291,1.87161,3.0099,2.0463,85.0,0.01167,0.3,degraded
8.65,-49.59952,-50.36249,0.76297,9.85032,7.97568,1.87465,2.9909,3.0,85.0,0.0081,0.3,degraded
8.66,-49.51617,-50.33004,0.81387,10.0008,8.11084,1.88995,2.9253,2.9888,85.0,0.00507,0.3,degraded
8.67,-49.42931,-50.2843,0.85499,10.15213,8.25811,1.89402,2.9789,1.3894,85.0,0.01118,0.3,degraded
8.68,-49.339,-50.239,0.89999,10.30433,8.39265,1.91168,2.9933,1.976,85.0,0.00315,0.3,degraded
8.69,-49.2453,-50.1811,0.9358,10.45738,8.52818,1.92919,2.9894,2.9977,85.0,0.00332,0.3,degraded
8.7,-49.14826,-50.11753,0.96927,10.61128,8.67921,1.93206,2.993,2.9873,85.0,0.01376,0.3,degraded
8.71,-49.04793,-50.02803,0.98009,10.76602,8.82108,1.94494,3.0059,2.9848,85.0,0.00372,0.3,degraded
8.72,-48.94439,-49.9495,1.00511,10.9216,8.9635,1.9581,3.0133,1.4964,85.0,0.0195,0.3,degraded
8.73,-48.83768,-49.85808,1.0204,11.07802,9.10761,1.97042,1.524,2.9843,85.0,0.02589,0.3,degraded
8.74,-48.72787,-49.77619,1.04833,11.23526,9.25142,1.98384,2.2993,1.4265,85.0,0.01813,0.3,degraded
8.75,-48.61502,-49.68644,1.07142,11.39333,9.39701,1.99632,2.993,2.9937,85.0,0.01397,0.3,degraded
8.76,-48.49919,-49.59879,1.0996,11.5522,9.54705,2.00516,2.9935,0.6791,85.0,0.02753,0.3,degraded
8.77,-48.38045,-49.50044,1.11999,11.71188,9.70487,2.00701,1.7515,1.3867,85.0,0.02026,0.3,degraded
8.78,-48.25886,-49.40971,1.15085,11.87236,9.84848,2.02388,3.0372,1.8854,85.0,0.00452,0.3,degraded
8.79,-48.13448,-49.31411,1.17963,12.03362,10.0073,2.02633,3.0033,0.4925,85.0,0.01519,0.3,degraded
8.8,-48.00738,-49.21166,1.20428,12.19566,10.17328,2.02238,2.9783,1.9348,85.0,0.0114,0.3,degraded
8.81,-47.87763,-49.10693,1.2293,12.35847,10.32171,2.03676,2.9899,2.9997,85.0,0.00304,0.3,degraded
8.82,-47.74528,-49.01056,1.26527,12.52204,10.47603,2.04601,1.6591,2.9882,85.0,0.01138,0.3,degraded
8.83,-47.61042,-48.90052,1.2901,12.68635,10.62386,2.06249,3.0095,0.1994,85.0,0.02035,0.3,degraded
8.84,-47.47311,-48.77716,1.30405,12.8514,10.77516,2.07624,3.003,2.9783,85.0,0.0006,0.3,degraded
8.85,-47.33342,-48.65779,1.32438,13.01717,10.92615,2.09102,1.1574,3.0,85.0,0.01356,0.3,degraded
8.86,-47.19141,-48.55145,1.36005,13.18365,11.07667,2.10698,2.999,2.9908,85.0,0.00665,0.3,degraded
8.87,-47.04715,-48.4224,1.37525,13.35083,11.24309,2.10774,1.7069,3.0,85.0,0.01451,0.3,degraded
8.88,-46.90072,-48.31018,1.40946,13.5187,11.39578,2.12292,3.0019,2.9967,85.0,0.00951,0.3,degraded
8.89,-46.75219,-48.1777,1.42552,13.68724,11.55362,2.13361,1.7555,0.9912,85.0,0.00575,0.3,degraded
8.9,-46.60162,-48.05744,1.45582,13.85643,11.70597,2.15047,2.994,2.9919,85.0,0.00902,0.3,degraded
8.91,-46.44909,-47.92842,1.47932,14.02627,11.86639,2.15989,0.54,2.9815,85.0,0.01299,0.3,degraded
8.92,-46.29468,-47.79855,1.50387,14.19674,12.02602,2.17072,1.6948,2.9889,85.0,0.02062,0.3,degraded
8.93,-46.13844,-47.66485,1.5264,14.36782,12.18799,2.17982,3.0005,3.0,85.0,0.00962,0.3,degraded
8.94,-45.98046,-47.53031,1.54985,14.53949,12.34673,2.19277,2.9948,1.1098,85.0,0.00631,0.3,degraded
8.95,-45.82081,-47.39761,1.5768,14.71175,12.52174,2.19,3.0074,2.0207,85.0,0.01228,0.3,degraded
8.96,-45.65955,-47.25327,1.59372,14.88457,12.67726,2.2073,2.9991,2.9947,85.0,0.00143,0.3,degraded
8.97,-45.49677,-47.10853,1.61176,15.05793,12.84098,2.21696,3.0169,3.0,85.0,0.00392,0.3,degraded
8.98,-45.33254,-46.95672,1.62418,15.23183,13.00257,2.22925,0.57,3.0,85.0,0.02351,0.3,degraded
8.99,-45.16692,-46.79781,1.63089,15.40623,13.16817,2.23807,2.9845,2.9916,85.0,0.00553,0.3,degraded
9.0,-45.0,-46.65331,1.65331,15.58113,13.33698,2.24415,2.9981,0.4486,85.0,0.00963,0.3,degraded
9.01,-44.83184,-46.49759,1.66575,15.75649,13.5072,2.24929,2.9803,3.0,85.0,0.0077,0.3,degraded
9.02,-44.66253,-46.34257,1.68004,15.93232,13.67601,2.25631,3.011,0.8403,85.0,0.00698,0.3,degraded
9.03,-44.49212,-46.18253,1.6904,16.10857,13.84523,2.26334,3.0164,2.9843,85.0,0.00845,0.3,degraded
9.04,-44.32071,-46.03661,1.71591,16.28524,14.00698,2.27826,3.0111,1.7092,85.0,0.01173,0.3,degraded
9.05,-44.14835,-45.87625,1.7279,16.4623,14.17889,2.28341,1.8672,3.0,85.0,0.00621,0.3,degraded
9.06,-43.97513,-45.73324,1.75811,16.63974,14.33983,2.29991,0.9475,2.9829,85.0,0.00647,0.3,degraded
9.07,-43.80111,-45.56864,1.76753,16.81752,14.51128,2.30624,3.012,2.9955,85.0,0.02302,0.3,degraded
9.08,-43.62638,-45.40778,1.78141,16.99563,14.69642,2.29921,3.0014,3.0,85.0,0.01844,0.3,degraded
9.09,-43.45099,-45.24155,1.79056,17.17405,14.87376,2.30029,3.0161,3.0,85.0,0.01337,0.3,degraded
9.1,-43.27504,-45.08076,1.80572,17.35275,15.04147,2.31128,3.0246,2.9895,85.0,0.02035,0.3,degraded
9.11,-43.09857,-44.92072,1.82215,17.53171,15.22309,2.30863,2.9663,2.9732,85.0,0.00802,0.3,degraded
9.12,-42.92168,-44.75615,1.83446,17.71091,15.38621,2.3247,3.0061,3.0,85.0,0.0098,0.3,degraded
9.13,-42.74443,-44.59059,1.84616,17.89033,15.55472,2.33561,3.0091,2.9999,85.0,0.01353,0.3,degraded
9.14,-42.5669,-44.41864,1.85174,18.06993,15.72457,2.34536,3.0034,2.9991,85.0,0.01646,0.3,degraded
9.15,-42.38914,-44.25816,1.86902,18.2497,15.91106,2.33864,2.9925,2.0983,85.0,0.01167,0.3,degraded
9.16,-42.21125,-44.09389,1.88265,18.42961,16.07919,2.35041,3.0073,2.9975,85.0,0.00884,0.3,degraded
9.17,-42.03327,-43.91989,1.88662,18.60963,16.26358,2.34605,3.0229,2.9775,85.0,0.01286,0.3,degraded
9.18,-41.85529,-43.75649,1.9012,18.78975,16.43253,2.35722,2.9844,0.6674,85.0,0.0228,0.3,degraded
9.19,-41.67738,-43.5802,1.90283,18.96992,16.61244,2.35748,2.7852,0.6289,85.0,0.02248,0.3,degraded
9.2,-41.49959,-43.40811,1.90852,19.15014,16.78361,2.36653,3.0117,2.9938,85.0,0.01146,0.3,degraded
9.21,-41.32201,-43.23501,1.913,19.33037,16.96125,2.36912,0.7603,3.0,85.0,0.00379,0.3,degraded
9.22,-41.14469,-43.06941,1.92472,19.51058,17.13244,2.37814,2.9931,2.9749,85.0,0.00865,0.3,degraded
9.23,-40.96771,-42.88883,1.92111,19.69075,17.3116,2.37915,2.9974,0.0988,85.0,0.01494,0.3,degraded
9.24,-40.79113,-42.70445,1.91332,19.87086,17.49441,2.37645,3.0185,2.9796,85.0,0.00153,0.3,degraded
9.25,-40.61502,-42.53014,1.91512,20.05086,17.67559,2.37527,3.0238,3.0,85.0,0.01493,0.3,degraded
9.26,-40.43944,-42.35763,1.91819,20.23074,17.83876,2.39199,3.0121,3.0,85.0,0.01627,0.3,degraded
9.27,-40.26445,-42.17638,1.91193,20.41047,18.01394,2.39653,3.0108,2.9953,85.0,0.00172,0.3,degraded
9.28,-40.09012,-42.00234,1.91222,20.59002,18.18981,2.40021,2.9895,1.5629,85.0,0.00916,0.3,degraded
9.29,-39.91652,-41.80899,1.89247,20.76936,18.37463,2.39473,2.9958,3.0,85.0,0.00442,0.3,degraded
9.3,-39.74369,-41.64736,1.90367,20.94846,18.54814,2.40031,0.4241,3.0,85.0,0.01257,0.3,degraded
9.31,-39.57171,-41.47041,1.8987,21.12729,18.72634,2.40095,0.6697,2.9966,85.0,0.0109,0.3,degraded
9.32,-39.40064,-41.30096,1.90032,21.30582,18.90722,2.3986,3.007,2.9655,85.0,0.01414,0.3,degraded
9.33,-39.23053,-41.12912,1.89859,21.48403,19.08333,2.4007,3.0113,1.2577,85.0,0.01401,0.3,degraded
9.34,-39.06144,-40.96933,1.9079,21.66188,19.26834,2.39354,3.0107,1.9744,85.0,0.00867,0.3,degraded
9.35,-38.89343,-40.79162,1.89819,21.83935,19.44291,2.39644,0.4951,3.0,85.0,0.01016,0.3,degraded
9.36,-38.72655,-40.62473,1.89818,22.0164,19.62589,2.39051,1.8109,3.0,85.0,0.0,0.3,degraded
9.37,-38.56086,-40.45119,1.89033,22.193,19.79943,2.39358,2.9826,3.0,85.0,0.00873,0.3,degraded
9.38,-38.39642,-40.29073,1.8943,22.36913,19.97039,2.39874,1.6737,3.0,85.0,0.02321,0.3,degraded
9.39,-38.23328,-40.10836,1.87508,22.54475,20.1479,2.39685,2.9652,3.0,85.0,0.00536,0.3,degraded
9.4,-38.07148,-39.94127,1.86979,22.71982,20.32963,2.3902,3.0117,1.8212,85.0,0.02645,0.3,degraded
9.41,-37.91109,-39.77249,1.8614,22.89433,20.51623,2.37811,0.0,3.0,85.0,0.02171,0.3,degraded
9.42,-37.75215,-39.60334,1.85119,23.06824,20.69223,2.37601,2.9897,3.0,85.0,0.01775,0.3,degraded
9.43,-37.59471,-39.43189,1.83718,23.24152,20.87508,2.36643,3.0066,3.0,85.0,0.00818,0.3,degraded
9.44,-37.43881,-39.26928,1.83047,23.41413,21.04841,2.36572,3.0081,3.0,85.0,0.02366,0.3,degraded
9.45,-37.28451,-39.09819,1.81368,23.58605,21.2386,2.34744,1.7205,3.0,85.0,0.00846,0.3,degraded
9.46,-37.13185,-38.94775,1.8159,23.75724,21.40612,2.35112,2.9926,3.0,85.0,0.01158,0.3,degraded
9.47,-36.98087,-38.7759,1.79502,23.92767,21.58615,2.34151,0.7755,1.1725,85.0,0.0151,0.3,degraded
9.48,-36.83162,-38.61825,1.78663,24.09731,21.75219,2.34512,2.9795,2.9904,85.0,0.00769,0.3,degraded
9.49,-36.68413,-38.45284,1.76871,24.26613,21.93177,2.33436,3.0146,2.4069,85.0,0.00075,0.3,degraded
9.5,-36.53846,-38.29244,1.75398,24.43409,22.09627,2.33782,1.6013,2.9758,85.0,0.01163,0.3,degraded
9.51,-36.39463,-38.13012,1.73549,24.60117,22.27611,2.32505,3.029,2.9939,85.0,0.01018,0.3,degraded
9.52,-36.25269,-37.97424,1.72155,24.76733,22.43909,2.32824,0.6787,2.9762,85.0,0.00672,0.3,degraded
9.53,-36.11266,-37.81818,1.70551,24.93253,22.61766,2.31487,0.4676,3.0,85.0,0.02297,0.3,degraded
9.54,-35.9746,-37.66001,1.68541,25.09676,22.78929,2.30747,2.9904,2.9907,85.0,0.00637,0.3,degraded
9.55,-35.83852,-37.50488,1.66636,25.25997,22.96405,2.29592,2.9989,3.0,85.0,0.01641,0.3,degraded
9.56,-35.70447,-37.34837,1.6439,25.42213,23.13008,2.29204,3.0,3.0,85.0,0.01463,0.3,degraded
9.57,-35.57247,-37.20125,1.62877,25.58321,23.30494,2.27827,2.9701,3.0,85.0,0.02051,0.3,degraded
9.58,-35.44256,-37.05554,1.61298,25.74318,23.46498,2.2782,2.0999,2.3515,85.0,0.01223,0.3,degraded
9.59,-35.31476,-36.91011,1.59535,25.90201,23.64158,2.26043,0.6298,2.9902,85.0,0.0253,0.3,degraded
9.6,-35.18909,-36.77052,1.58143,26.05966,23.79578,2.26388,0.5817,3.0,85.0,0.01913,0.3,degraded
9.61,-35.06559,-36.61812,1.55253,26.2161,23.97279,2.24331,3.0123,3.0,85.0,0.00743,0.3,degraded
9.62,-34.94428,-36.47648,1.53221,26.37129,24.13048,2.24082,3.0004,0.9263,85.0,0.01361,0.3,degraded
9.63,-34.82518,-36.34004,1.51487,26.52522,24.29746,2.22776,0.1136,3.0,85.0,0.02058,0.3,degraded
9.64,-34.70831,-36.19778,1.48947,26.67784,24.46341,2.21443,3.0008,2.9882,85.0,0.00631,0.3,degraded
9.65,-34.59369,-36.06224,1.46855,26.82913,24.64079,2.18833,3.0023,2.9859,85.0,0.00542,0.3,degraded
9.66,-34.48134,-35.94083,1.45949,26.97904,24.79039,2.18865,2.9971,2.3366,85.0,0.00723,0.3,degraded
9.67,-34.37127,-35.812,1.44073,27.12756,24.96408,2.16348,2.9899,2.976,85.0,0.01297,0.3,degraded
9.68,-34.26351,-35.67546,1.41195,27.27464,25.11667,2.15797,3.0137,1.5313,85.0,0.01343,0.3,degraded
9.69,-34.15806,-35.55416,1.3961,27.42026,25.26674,2.15352,2.9712,3.0,85.0,0.01871,0.3,degraded
9.7,-34.05494,-35.44007,1.38513,27.56438,25.4367,2.12768,2.9741,0.911,85.0,0.00385,0.3,degraded
9.71,-33.95416,-35.3054,1.35124,27.70697,25.5982,2.10877,3.0217,2.9897,85.0,0.01822,0.3,degraded
9.72,-33.85573,-35.18912,1.33339,27.84801,25.75271,2.0953,2.1828,2.2938,85.0,0.02089,0.3,degraded
9.73,-33.75965,-35.07862,1.31897,27.98746,25.90616,2.0813,2.9907,2.9943,85.0,0.01894,0.3,degraded
9.74,-33.66593,-34.95562,1.28969,28.12528,26.04565,2.07964,2.4629,2.9934,85.0,0.01177,0.3,degraded
9.75,-33.57458,-34.83403,1.25945,28.26146,26.19387,2.06759,3.0086,3.0,85.0,0.01815,0.3,degraded
9.76,-33.4856,-34.72506,1.23946,28.39595,26.34326,2.0527,1.2938,0.4988,85.0,0.02718,0.3,degraded
9.77,-33.39898,-34.61095,1.21197,28.52874,26.50137,2.02737,2.9996,3.0,85.0,0.00481,0.3,degraded
9.78,-33.31474,-34.51198,1.19723,28.65977,26.64642,2.01336,2.9874,2.9803,85.0,0.01645,0.3,degraded
9.79,-33.23287,-34.40512,1.17225,28.78904,26.80633,1.98271,0.9872,2.9992,85.0,0.00453,0.3,degraded
9.8,-33.15337,-34.30375,1.15038,28.91651,26.94235,1.97416,2.9945,2.6106,85.0,0.00377,0.3,degraded
9.81,-33.07623,-34.20358,1.12735,29.04214,27.09717,1.94496,2.9929,2.9877,85.0,0.01168,0.3,degraded
9.82,-33.00145,-34.0965,1.09505,29.16591,27.23009,1.93582,3.0227,3.0,85.0,0.00663,0.3,degraded
9.83,-32.92901,-33.99143,1.06242,29.28779,27.38008,1.90771,2.9952,2.0212,85.0,0.00931,0.3,degraded
9.84,-32.85892,-33.90597,1.04705,29.40775,27.51128,1.89648,2.7261,2.9818,85.0,0.02776,0.3,degraded
9.85,-32.79116,-33.80113,1.00998,29.52577,27.65044,1.87533,3.006,2.9972,85.0,0.01281,0.3,degraded
9.86,-32.72571,-33.7263,1.00058,29.6418,27.8051,1.8367,1.1081,3.0,85.0,0.02139,0.3,degraded
9.87,-32.66258,-33.63082,0.96825,29.75583,27.93914,1.8167,3.0141,3.0,85.0,0.01173,0.3,degraded
9.88,-32.60173,-33.55521,0.95349,29.86783,28.07494,1.7929,3.0068,3.0,85.0,0.00782,0.3,degraded
9.89,-32.54316,-33.46747,0.92432,29.97777,28.20319,1.77458,2.9946,0.023,85.0,0.00081,0.3,degraded
9.9,-32.48684,-33.38565,0.8988,30.08562,28.3415,1.74412,3.0045,3.0,85.0,0.00903,0.3,degraded
9.91,-32.43276,-33.30182,0.86906,30.19136,28.47308,1.71828,3.0126,2.9955,85.0,0.01985,0.3,degraded
9.92,-32.38091,-33.224,0.8431,30.29496,28.60254,1.69241,2.9952,0.6581,85.0,0.00119,0.3,degraded
9.93,-32.33124,-33.16598,0.83474,30.39639,28.73537,1.66102,2.9935,0.768,85.0,0.0238,0.3,degraded
9.94,-32.28375,-33.1144,0.83065,30.49562,28.85173,1.64389,2.9916,3.0,85.0,0.0037,0.3,degraded
9.95,-32.23841,-33.05771,0.81931,30.59264,28.97466,1.61798,3.0177,2.988,85.0,0.00818,0.3,degraded
9.96,-32.19518,-33.00707,0.81188,30.68741,29.09053,1.59688,2.9918,3.0,85.0,0.00218,0.3,degraded
9.97,-32.15406,-32.94917,0.79511,30.77991,29.21206,1.56785,3.019,2.9898,85.0,0.00599,0.3,degraded
9.98,-32.11499,-32.8978,0.78281,30.87012,29.3209,1.54922,2.9985,2.9822,85.0,0.00049,0.3,degraded
9.99,-32.07796,-32.83949,0.76152,30.95801,29.43918,1.51883,2.9928,2.9819,85.0,0.00177,0.3,degraded
10.0,-32.04294,-32.7866,0.74366,31.04356,29.5527,1.49086,2.9978,2.9913,85.0,0.00643,0.3,degraded
10.01,-32.00989,-32.72751,0.71763,31.12674,29.67169,1.45506,3.0057,2.989,85.0,0.0,0.3,degraded
10.02,-31.97877,-32.67364,0.69488,31.20753,29.77696,1.43058,2.9713,2.9908,85.0,0.01405,0.3,degraded
10.03,-31.94955,-32.60204,0.65249,31.28592,29.8843,1.40162,1.4223,3.0,85.0,0.01758,0.3,degraded
10.04,-31.9222,-32.54996,0.62776,31.36186,29.97873,1.38314,3.0049,3.0,85.0,0.00626,0.3,degraded
10.05,-31.89667,-32.49087,0.5942,31.43536,30.07766,1.35769,2.9786,2.9812,85.0,0.01017,0.3,degraded
10.06,-31.87293,-32.43762,0.56468,31.50637,30.1822,1.32418,2.9839,3.0,85.0,0.00661,0.3,degraded
10.07,-31.85094,-32.37835,0.52741,31.57489,30.27916,1.29572,2.99,1.8033,85.0,0.00017,0.3,degraded
10.08,-31.83065,-32.3258,0.49515,31.64089,30.37081,1.27007,2.9942,2.9987,85.0,0.0,0.3,degraded
10.09,-31.81202,-32.26717,0.45515,31.70434,30.46667,1.23767,2.9994,3.0,85.0,0.00618,0.3,degraded
10.1,-31.79502,-32.21695,0.42194,31.76524,30.55987,1.20537,2.9942,2.9843,85.0,0.00959,0.3,degraded
10.11,-31.77958,-32.16028,0.38069,31.82357,30.64915,1.17441,3.0116,2.9938,85.0,0.0,0.3,degraded
10.12,-31.76567,-32.10994,0.34426,31.87929,30.71628,1.16301,3.0048,2.9868,85.0,0.01083,0.3,degraded
10.13,-31.75325,-32.05514,0.3019,31.9324,30.79405,1.13835,3.01,0.5866,85.0,0.01489,0.3,degraded
10.14,-31.74225,-32.00691,0.26466,31.98288,30.86206,1.12081,3.0054,2.9929,85.0,0.00615,0.3,degraded
10.15,-31.73263,-31.95205,0.21941,32.0307,30.92787,1.10283,3.0194,2.9643,85.0,0.0037,0.3,degraded
10.16,-31.72435,-31.90362,0.17927,32.07586,30.98848,1.08738,2.992,3.0,85.0,0.00156,0.3,degraded
10.17,-31.71735,-31.84918,0.13183,32.11833,31.05354,1.06479,2.9998,3.0,85.0,0.0,0.3,degraded
10.18,-31.71157,-31.80225,0.09068,32.15811,31.11303,1.04508,2.9886,3.0,85.0,0.00347,0.3,degraded
10.19,-31.70697,-31.75001,0.04305,32.19517,31.17766,1.01751,3.0028,2.992,85.0,0.00271,0.3,degraded
10.2,-31.70348,-31.7044,0.00092,32.22949,31.23785,0.99165,2.9887,3.0,85.0,0.0,0.3,degraded
10.21,-31.70106,-31.65666,-0.04441,32.26108,31.30703,0.95405,3.0046,3.0,85.0,0.00409,0.3,degraded
10.22,-31.69965,-31.61937,-0.08029,32.2899,31.37128,0.91862,3.0021,3.0,85.0,0.00395,0.3,degraded
10.23,-31.6992,-31.58084,-0.11835,32.31595,31.44134,0.87462,2.9903,3.0,85.0,0.0,0.3,degraded
10.24,-31.69963,-31.55546,-0.14417,32.33922,31.50546,0.83376,2.9969,3.0,85.0,0.00348,0.3,degraded
10.25,-31.7009,-31.52657,-0.17433,32.35969,31.57558,0.78411,3.0156,2.9968,85.0,0.00398,0.3,degraded
10.26,-31.70295,-31.51125,-0.19169,32.37735,31.63995,0.7374,2.9811,2.9935,85.0,0.0,0.3,degraded
10.27,-31.70571,-31.49198,-0.21373,32.39219,31.71278,0.67941,3.0012,2.9785,85.0,0.00271,0.3,degraded
10.28,-31.70912,-31.4794,-0.22973,32.4042,31.77858,0.62562,3.0051,3.0,85.0,0.00423,0.3,degraded
10.29,-31.71313,-31.46366,-0.24947,32.41336,31.84858,0.56479,3.0048,2.9844,85.0,0.0,0.3,degraded
10.3,-31.71768,-31.45929,-0.25838,32.41968,31.91288,0.5068,3.013,3.0,85.0,0.00121,0.3,degraded
10.31,-31.72268,-31.44894,-0.27375,32.42313,31.98249,0.44065,3.0145,2.9988,85.0,0.00499,0.3,degraded
10.32,-31.7281,-31.44603,-0.28207,32.42372,32.04561,0.37811,2.9681,2.9864,85.0,0.0,0.3,degraded
10.33,-31.73386,-31.44088,-0.29297,32.42143,32.11454,0.30689,3.0218,3.0,85.0,0.00129,0.3,degraded
10.34,-31.73989,-31.4442,-0.29569,32.41625,32.17772,0.23853,2.9981,2.9744,85.0,0.00426,0.3,degraded
10.35,-31.74613,-31.44237,-0.30377,32.40818,32.24828,0.15991,3.0121,3.0,85.0,0.0,0.3,degraded
10.36,-31.75252,-31.44777,-0.30475,32.39722,32.31244,0.08478,3.0011,3.0,85.0,0.00084,0.3,degraded
10.37,-31.75899,-31.44801,-0.31099,32.38335,32.38166,0.00169,2.9912,3.0,85.0,0.00588,0.3,degraded
10.38,-31.76548,-31.45955,-0.30593,32.36657,32.43704,-0.07047,3.0131,3.0,85.0,0.00059,0.3,degraded
10.39,-31.77191,-31.46657,-0.30534,32.34688,32.49078,-0.1439,3.0091,2.9971,85.0,0.00105,0.3,degraded
10.4,-31.77822,-31.47984,-0.29838,32.32427,32.53113,-0.20686,2.9908,2.9891,85.0,0.0066,0.3,degraded
10.41,-31.78435,-31.48741,-0.29694,32.29874,32.57011,-0.27137,2.9889,3.0,85.0,0.00101,0.3,degraded
10.42,-31.79022,-31.49992,-0.2903,32.27028,32.59391,-0.32363,2.9804,2.9871,85.0,0.0,0.3,degraded
10.43,-31.79577,-31.50402,-0.29175,32.2389,32.62228,-0.38337,3.013,3.0,85.0,0.00584,0.3,degraded
10.44,-31.80092,-31.51442,-0.28651,32.20459,32.63783,-0.43323,3.002,2.9888,85.0,0.00097,0.3,degraded
10.45,-31.80562,-31.51945,-0.28617,32.16736,32.65485,-0.48749,3.0085,3.0,85.0,0.0,0.3,degraded
10.46,-31.80979,-31.53084,-0.27895,32.12719,32.66093,-0.53374,2.9818,3.0,85.0,0.00529,0.3,degraded
10.47,-31.81336,-31.53627,-0.27709,32.08409,32.66569,-0.5816,3.0124,2.9821,85.0,0.00263,0.3,degraded
10.48,-31.81627,-31.5508,-0.26547,32.03806,32.66126,-0.62319,3.0025,3.0,85.0,0.0001,0.3,degraded
10.49,-31.81844,-31.56023,-0.25821,31.98911,32.65727,-0.66816,2.9888,2.9918,85.0,0.00463,0.3,degraded
10.5,-31.81981,-31.57671,-0.24309,31.93723,32.64141,-0.70419,3.0038,3.0,85.0,0.00244,0.3,degraded
10.51,-31.8203,-31.58889,-0.23141,31.88242,32.63015,-0.74773,3.0071,3.0,85.0,0.0,0.3,degraded
10.52,-31.81986,-31.60815,-0.2117,31.82469,32.60654,-0.78185,2.9962,2.9997,85.0,0.00389,0.3,degraded
10.53,-31.8184,-31.62119,-0.19721,31.76405,32.58613,-0.82208,3.0386,2.9842,85.0,0.00306,0.3,degraded
10.54,-31.81587,-31.641,-0.17487,31.70049,32.55343,-0.85294,2.9984,3.0,85.0,0.0,0.3,degraded
10.55,-31.81218,-31.65401,-0.15818,31.63402,32.52535,-0.89133,3.003,2.9837,85.0,0.00348,0.3,degraded
10.56,-31.80729,-31.67342,-0.13387,31.56465,32.48636,-0.92171,2.9975,3.0,85.0,0.00312,0.3,degraded
10.57,-31.8011,-31.68611,-0.11499,31.49237,32.44962,-0.95724,2.9934,2.9949,85.0,0.0,0.3,degraded
10.58,-31.79357,-31.70536,-0.08821,31.41721,32.40481,-0.9876,2.9868,3.0,85.0,0.00384,0.3,degraded
10.59,-31.78461,-31.71768,-0.06694,31.33917,32.35968,-1.02051,3.0122,2.9686,85.0,0.00409,0.3,degraded
10.6,-31.77417,-31.7368,-0.03737,31.25824,32.30424,-1.046,3.0332,2.9987,85.0,0.0,0.3,degraded
10.61,-31.76217,-31.75071,-0.01147,31.17445,32.25387,-1.07942,2.9976,2.991,85.0,0.00204,0.3,degraded
10.62,-31.74855,-31.77075,0.02219,31.08779,32.19749,-1.10969,2.9944,3.0,85.0,0.00443,0.3,degraded
10.63,-31.73324,-31.78495,0.05171,30.99829,32.14312,-1.14483,2.9806,3.0,85.0,0.0,0.3,degraded
10.64,-31.71618,-31.80367,0.08749,30.90594,32.07953,-1.17359,2.9956,3.0,85.0,0.00135,0.3,degraded
10.65,-31.6973,-31.8165,0.1192,30.81077,32.00448,-1.19371,2.9826,1.2618,85.0,0.01759,0.3,degraded
10.66,-31.67653,-31.8348,0.15827,30.71277,31.93191,-1.21914,3.0017,3.0,85.0,0.00163,0.3,degraded
10.67,-31.65381,-31.84823,0.19442,30.61196,31.83897,-1.22701,3.0091,2.0382,85.0,0.0035,0.3,degraded
10.68,-31.62908,-31.86809,0.23902,30.50836,31.74774,-1.23938,3.0113,3.0,85.0,0.00565,0.3,degraded
10.69,-31.60226,-31.88255,0.28029,30.40197,31.65347,-1.2515,3.0256,2.3595,85.0,0.0096,0.3,degraded
10.7,-31.57331,-31.90251,0.3292,30.29282,31.56389,-1.27107,2.9854,1.3986,85.0,0.00142,0.3,degraded
10.71,-31.54215,-31.91415,0.372,30.1809,31.47775,-1.29684,3.0098,1.7541,85.0,0.01078,0.3,degraded
10.72,-31.50873,-31.93311,0.42437,30.06625,31.38212,-1.31587,2.998,0.7059,85.0,0.01345,0.3,degraded
10.73,-31.47298,-31.94172,0.46873,29.94886,31.28653,-1.33766,2.9937,3.0,85.0,0.00421,0.3,degraded
10.74,-31.43485,-31.95124,0.51639,29.82877,31.18956,-1.36079,3.0161,3.0,85.0,0.01104,0.3,degraded
10.75,-31.39426,-31.94533,0.55107,29.70598,31.09269,-1.38672,3.0043,3.0,85.0,0.00196,0.3,degraded
10.76,-31.35118,-31.94333,0.59215,29.5805,30.98728,-1.40678,2.9973,3.0,85.0,0.01001,0.3,degraded
10.77,-31.30552,-31.93065,0.62513,29.45237,30.88177,-1.4294,3.0055,2.9967,85.0,0.01126,0.3,degraded
10.78,-31.25725,-31.91875,0.66149,29.32159,30.77627,-1.45468,2.9856,2.9823,85.0,0.01095,0.3,degraded
10.79,-31.2063,-31.89078,0.68448,29.18818,30.67682,-1.48864,2.9647,0.8438,85.0,0.00419,0.3,degraded
10.8,-31.15262,-31.86617,0.71356,29.05216,30.57067,-1.51851,3.0161,3.0,85.0,0.00963,0.3,degraded
10.81,-31.09615,-31.8358,0.73965,28.91355,30.45553,-1.54198,3.0097,0.7828,85.0,0.00919,0.3,degraded
10.82,-31.03683,-31.80861,0.77177,28.77237,30.33521,-1.56284,2.9976,2.3532,85.0,0.00532,0.3,degraded
10.83,-30.97463,-31.77036,0.79573,28.62864,30.22904,-1.6004,2.9955,2.9898,85.0,0.00475,0.3,degraded
10.84,-30.90948,-31.73464,0.82517,28.48239,30.10829,-1.62591,3.0072,2.2199,85.0,0.00674,0.3,degraded
10.85,-30.84133,-31.6886,0.84728,28.33362,30.00529,-1.67168,2.9946,2.9758,85.0,0.00304,0.3,degraded
10.86,-30.77013,-31.64535,0.87522,28.18236,29.87584,-1.69347,2.9481,0.5599,85.0,0.01427,0.3,degraded
10.87,-30.69584,-31.59112,0.89529,28.02864,29.76106,-1.73242,3.0341,3.0,85.0,0.00546,0.3,degraded
10.88,-30.6184,-31.53892,0.92052,27.87248,29.62682,-1.75434,3.0195,2.9963,85.0,0.00142,0.3,degraded
10.89,-30.53778,-31.48004,0.94227,27.7139,29.50228,-1.78838,3.008,3.0,85.0,0.00768,0.3,degraded
10.9,-30.45392,-31.40766,0.95374,27.55292,29.3726,-1.81969,3.0102,2.9986,85.0,0.00707,0.3,degraded
10.91,-30.36677,-31.32685,0.96007,27.38956,29.23748,-1.84792,3.0097,2.9996,85.0,0.01117,0.3,degraded
10.92,-30.27631,-31.24782,0.97151,27.22386,29.10062,-1.87676,1.3274,3.0,85.0,0.01265,0.3,degraded
10.93,-30.18248,-31.16449,0.98201,27.05584,28.97003,-1.91419,1.0018,2.9902,85.0,0.01233,0.3,degraded
10.94,-30.08525,-31.08096,0.99571,26.88551,28.83201,-1.9465,1.1015,2.9917,85.0,0.0019,0.3,degraded
10.95,-29.98457,-30.99348,1.00891,26.71292,28.69784,-1.98492,1.216,3.0,85.0,0.00927,0.3,degraded
10.96,-29.88041,-30.91594,1.03553,26.53807,28.54239,-2.00432,1.2379,2.9957,85.0,0.01589,0.3,degraded
10.97,-29.77273,-30.82402,1.05129,26.36101,28.40199,-2.04098,3.0084,0.6548,85.0,0.01879,0.3,degraded
10.98,-29.66149,-30.74193,1.08044,26.18175,28.24561,-2.06386,2.9889,2.9902,85.0,0.00984,0.3,degraded
10.99,-29.54666,-30.64596,1.09931,26.00033,28.09488,-2.09455,3.01,0.4202,85.0,0.01422,0.3,degraded
11.0,-29.4282,-30.54786,1.11966,25.81676,27.94135,-2.12459,3.0221,3.0,85.0,0.01264,0.3,degraded
11.01,-29.30609,-30.43543,1.12933,25.63109,27.77906,-2.14798,2.9998,3.0,85.0,0.00491,0.3,degraded
11.02,-29.1803,-30.33557,1.15528,25.44333,27.62456,-2.18123,3.0103,1.0738,85.0,0.02099,0.3,degraded
11.03,-29.05079,-30.23674,1.18595,25.25352,27.4692,-2.21568,2.991,2.9985,85.0,0.00191,0.3,degraded
11.04,-28.91753,-30.13943,1.2219,25.06168,27.31128,-2.24959,2.9772,3.0,85.0,0.01516,0.3,degraded
11.05,-28.78051,-30.02202,1.24152,24.86785,27.15253,-2.28468,1.8512,2.9892,85.0,0.0105,0.3,degraded
11.06,-28.63969,-29.91378,1.27409,24.67205,26.97424,-2.30218,3.005,2.991,85.0,0.00841,0.3,degraded
11.07,-28.49505,-29.79123,1.29618,24.47432,26.79615,-2.32183,0.3642,3.0,85.0,0.00126,0.3,degraded
11.08,-28.34658,-29.6689,1.32232,24.27469,26.62713,-2.35245,3.0065,3.0,85.0,0.00913,0.3,degraded
11.09,-28.19424,-29.54541,1.35117,24.07317,26.45435,-2.38118,3.0071,1.5335,85.0,0.02115,0.3,degraded
11.1,-28.03802,-29.42953,1.3915,23.86982,26.28911,-2.41929,2.9918,3.0,85.0,0.01276,0.3,degraded
11.11,-27.87791,-29.3101,1.43219,23.66466,26.11432,-2.44967,0.3546,2.9823,85.0,0.01542,0.3,degraded
11.12,-27.71388,-29.17982,1.46593,23.45771,25.93066,-2.47294,1.7799,3.0,85.0,0.00854,0.3,degraded
11.13,-27.54593,-29.04138,1.49545,23.24902,25.76201,-2.51299,3.0032,2.7887,85.0,0.00433,0.3,degraded
11.14,-27.37403,-28.90497,1.53094,23.03861,25.57377,-2.53516,3.0046,2.9888,85.0,0.02318,0.3,degraded
11.15,-27.19818,-28.7678,1.56962,22.82652,25.38307,-2.55655,3.0064,1.1137,85.0,0.0086,0.3,degraded
11.16,-27.01837,-28.62361,1.60524,22.61278,25.19578,-2.583,2.9934,1.2339,85.0,0.00203,0.3,degraded
11.17,-26.83458,-28.48372,1.64914,22.39742,25.01273,-2.61531,3.0011,0.0306,85.0,0.01054,0.3,degraded
11.18,-26.64681,-28.33714,1.69033,22.18048,24.81157,-2.6311,0.4056,2.9862,85.0,0.01055,0.3,degraded
11.19,-26.45506,-28.17496,1.71989,21.96199,24.62902,-2.66703,2.9848,1.789,85.0,0.00216,0.3,degraded
11.2,-26.25932,-28.02896,1.76963,21.74198,24.43534,-2.69336,3.0027,0.5338,85.0,0.01257,0.3,degraded
11.21,-26.05959,-27.86083,1.80124,21.52049,24.23909,-2.7186,2.9923,2.9986,85.0,0.01033,0.3,degraded
11.22,-25.85587,-27.69519,1.83932,21.29755,24.03714,-2.73959,2.9997,2.9986,85.0,0.00846,0.3,degraded
11.23,-25.64815,-27.52915,1.88099,21.0732,23.83565,-2.76245,2.9909,3.0,85.0,0.01512,0.3,degraded
11.24,-25.43645,-27.35874,1.92229,20.84747,23.64023,-2.79277,1.744,2.9874,85.0,0.01453,0.3,degraded
11.25,-25.22075,-27.18718,1.96643,20.62039,23.44243,-2.82203,3.0108,3.0,85.0,0.00737,0.3,degraded
11.26,-25.00108,-27.0079,2.00682,20.39201,23.22359,-2.83158,0.1418,3.0,85.0,0.01076,0.3,degraded
11.27,-24.77743,-26.81906,2.04162,20.16235,23.02942,-2.86707,3.006,3.0,85.0,0.01849,0.3,degraded
11.28,-24.54982,-26.62632,2.0765,19.93145,22.82049,-2.88903,3.0056,2.9895,85.0,0.00731,0.3,degraded
11.29,-24.31825,-26.43743,2.11919,19.69935,22.61636,-2.91701,3.0051,3.0,85.0,0.01449,0.3,degraded
11.3,-24.08273,-26.24039,2.15766,19.46608,22.40524,-2.93916,2.9927,0.4428,85.0,0.01582,0.3,degraded
11.31,-23.84329,-26.04538,2.2021,19.23168,22.19001,-2.95833,2.9928,3.0,85.0,0.01579,0.3,degraded
11.32,-23.59992,-25.84717,2.24725,18.99618,21.97766,-2.98148,3.0279,1.6644,85.0,0.02352,0.3,degraded
11.33,-23.35265,-25.64074,2.28809,18.75962,21.7725,-3.01288,2.9913,3.0,85.0,0.0235,0.3,degraded
11.34,-23.1015,-25.43503,2.33352,18.52204,21.554,-3.03196,2.9754,1.3664,85.0,0.01036,0.3,degraded
11.35,-22.84649,-25.20743,2.36094,18.28347,21.33909,-3.05562,2.9811,3.0,85.0,0.01746,0.3,degraded
11.36,-22.58763,-25.00289,2.41526,18.04394,21.10733,-3.06339,3.0012,2.9921,85.0,0.0092,0.3,degraded
11.37,-22.32495,-24.77499,2.45004,17.8035,20.89538,-3.09189,1.9116,2.3336,85.0,0.00993,0.3,degraded
11.38,-22.05847,-24.56094,2.50247,17.56218,20.66332,-3.10114,0.0446,3.0,85.0,0.01576,0.3,degraded
11.39,-21.78822,-24.31072,2.5225,17.32001,20.43412,-3.11411,2.9965,2.465,85.0,0.01364,0.3,degraded
11.4,-21.51422,-24.09327,2.57905,17.07704,20.21229,-3.13524,1.1345,1.3979,85.0,0.0055,0.3,degraded
11.41,-21.2365,-23.85867,2.62217,16.8333,19.98225,-3.14895,3.0114,2.9883,85.0,0.0175,0.3,degraded
11.42,-20.95509,-23.61552,2.66043,16.58882,19.75542,-3.1666,3.001,1.2789,85.0,0.01524,0.3,degraded
11.43,-20.67003,-23.36669,2.69667,16.34365,19.53377,-3.19012,3.0174,3.0,85.0,0.00424,0.3,degraded
11.44,-20.38134,-23.12918,2.74785,16.09781,19.29889,-3.20108,2.9986,0.2741,85.0,0.00847,0.3,degraded
11.45,-20.08905,-22.86688,2.77783,15.85135,19.06783,-3.21648,3.0027,2.7366,85.0,0.01227,0.3,degraded
11.46,-19.79322,-22.61657,2.82336,15.60429,18.83355,-3.22925,2.9772,3.0,85.0,0.00441,0.3,degraded
11.47,-19.49386,-22.357,2.86314,15.35669,18.6061,-3.24941,1.7365,3.0,85.0,0.02184,0.3,degraded
11.48,-19.19102,-22.10084,2.90982,15.10857,18.38004,-3.27147,2.9907,2.9925,85.0,0.00767,0.3,degraded
11.49,-18.88474,-21.82774,2.943,14.85997,18.14225,-3.28228,3.0296,3.0,85.0,0.01033,0.3,degraded
11.5,-18.57506,-21.56425,2.98919,14.61092,17.90084,-3.28992,2.9667,2.9994,85.0,0.0024,0.3,degraded
11.51,-18.26202,-21.27816,3.01613,14.36147,17.65716,-3.29568,2.9769,2.9925,85.0,0.01402,0.3,degraded
11.52,-17.94567,-21.01183,3.06616,14.11165,17.4247,-3.31305,2.999,3.0,85.0,0.01468,0.3,degraded
11.53,-17.62605,-20.72946,3.10342,13.86149,17.19198,-3.33049,2.9897,3.0,85.0,0.00219,0.3,degraded
11.54,-17.3032,-20.45388,3.15068,13.61103,16.94798,-3.33695,2.0777,2.9918,85.0,0.00391,0.3,degraded
11.55,-16.97718,-20.16648,3.18931,13.3603,16.70869,-3.34839,2.9625,2.9937,85.0,0.00274,0.3,degraded
11.56,-16.64803,-19.86984,3.22181,13.10935,16.46418,-3.35483,2.9919,2.995,85.0,0.00089,0.3,degraded
11.57,-16.3158,-19.57478,3.25898,12.8582,16.22389,-3.36569,1.6233,3.0,85.0,0.02698,0.3,degraded
11.58,-15.98055,-19.27902,3.29846,12.6069,15.96761,-3.36071,3.0162,1.1356,85.0,0.01961,0.3,degraded
11.59,-15.64233,-18.96866,3.32633,12.35548,15.72794,-3.37246,3.0198,3.0,85.0,0.00148,0.3,degraded
11.6,-15.30118,-18.66005,3.35887,12.10396,15.48567,-3.3817,1.8153,2.9957,85.0,0.00207,0.3,degraded
11.61,-14.95718,-18.34466,3.38748,11.8524,15.23662,-3.38422,2.999,3.0,85.0,0.01588,0.3,degraded
11.62,-14.61036,-18.03483,3.42447,11.60081,14.99413,-3.39332,0.6864,2.9997,85.0,0.01203,0.3,degraded
11.63,-14.2608,-17.72008,3.45928,11.34925,14.75026,-3.40102,2.9769,3.0,85.0,0.01786,0.3,degraded
11.64,-13.90854,-17.40257,3.49403,11.09773,14.49724,-3.39951,1.668,3.0,85.0,0.0075,0.3,degraded
11.65,-13.55364,-17.08685,3.53321,10.8463,14.25245,-3.40614,2.8049,2.987,85.0,0.00782,0.3,degraded
11.66,-13.19618,-16.76753,3.57135,10.59499,14.00701,-3.41202,3.0066,0.9473,85.0,0.01561,0.3,degraded
11.67,-12.8362,-16.42046,3.58426,10.34384,13.7567,-3.41287,2.982,3.0,85.0,0.01358,0.3,degraded
11.68,-12.47378,-16.10562,3.63185,10.09286,13.50878,-3.41592,1.3035,2.9966,85.0,0.01519,0.3,degraded
11.69,-12.10896,-15.76406,3.6551,9.84211,13.25189,-3.40978,2.6603,3.0,85.0,0.02096,0.3,degraded
11.7,-11.74183,-15.42475,3.68292,9.59162,12.99988,-3.40826,3.0047,3.0,85.0,0.01199,0.3,degraded
11.71,-11.37245,-15.09121,3.71876,9.34141,12.75738,-3.41597,0.7241,3.0,85.0,0.0032,0.3,degraded
11.72,-11.00087,-14.76037,3.7595,9.09151,12.51109,-3.41957,2.984,2.9871,85.0,0.0154,0.3,degraded
11.73,-10.62717,-14.40537,3.7782,8.84197,12.27049,-3.42851,2.003,1.5605,85.0,0.0177,0.3,degraded
11.74,-10.25142,-14.06407,3.81265,8.59281,12.01621,-3.4234,2.9785,2.9943,85.0,0.01512,0.3,degraded
11.75,-9.87368,-13.72513,3.85145,8.34407,11.77432,-3.43025,2.9955,3.0,85.0,0.00229,0.3,degraded
11.76,-9.49402,-13.37683,3.8828,8.09577,11.50941,-3.41364,2.9915,3.0,85.0,0.0068,0.3,degraded
11.77,-9.11253,-13.0187,3.90617,7.84795,11.26666,-3.41871,2.9935,3.0,85.0,0.01932,0.3,degraded
11.78,-8.72925,-12.65102,3.92177,7.60064,11.01352,-3.41289,2.981,2.6068,85.0,0.00919,0.3,degraded
11.79,-8.34428,-12.28883,3.94456,7.35386,10.77674,-3.42287,3.0036,3.0,85.0,0.01486,0.3,degraded
11.8,-7.95767,-11.93866,3.98098,7.10766,10.51899,-3.41133,3.0151,2.9743,85.0,0.00334,0.3,degraded
11.81,-7.56951,-11.56163,3.99212,6.86205,10.28842,-3.42637,2.9949,2.9925,85.0,0.00493,0.3,degraded
11.82,-7.17987,-11.19516,4.01529,6.61707,10.03426,-3.41719,1.7709,2.9873,85.0,0.00594,0.3,degraded
11.83,-6.78882,-10.83096,4.04214,6.37275,9.79335,-3.4206,3.0184,2.9967,85.0,0.00755,0.3,degraded
11.84,-6.39644,-10.46366,4.06723,6.12911,9.54119,-3.41207,2.9873,3.0,85.0,0.01428,0.3,degraded
11.85,-6.0028,-10.09125,4.08845,5.88619,9.28882,-3.40263,2.9969,2.9869,85.0,0.01197,0.3,degraded
11.86,-5.60797,-9.71032,4.10235,5.64402,9.03256,-3.38854,3.0157,2.9941,85.0,0.00982,0.3,degraded
11.87,-5.21205,-9.33365,4.1216,5.40261,8.78618,-3.38357,3.0245,0.3022,85.0,0.01724,0.3,degraded
11.88,-4.81509,-8.96987,4.15478,5.162,8.54169,-3.37968,2.959,2.9875,85.0,0.01231,0.3,degraded
11.89,-4.41719,-8.57253,4.15534,4.92222,8.29965,-3.37743,2.987,2.1365,85.0,0.01047,0.3,degraded
11.9,-4.01841,-8.20435,4.18594,4.68329,8.06195,-3.37866,1.0387,0.5497,85.0,0.00345,0.3,degraded
11.91,-3.61884,-7.80517,4.18633,4.44524,7.8202,-3.37496,2.9957,3.0,85.0,0.01051,0.3,degraded
11.92,-3.21855,-7.43312,4.21456,4.20809,7.57101,-3.36292,2.9612,3.0,85.0,0.018,0.3,degraded
11.93,-2.81763,-7.05008,4.23245,3.97187,7.33627,-3.3644,0.3245,3.0,85.0,0.0068,0.3,degraded
11.94,-2.41615,-6.66113,4.24498,3.7366,7.08531,-3.3487,2.9994,3.0,85.0,0.00963,0.3,degraded
11.95,-2.01419,-6.27492,4.26073,3.50232,6.85605,-3.35373,2.9972,3.0,85.0,0.02122,0.3,degraded
11.96,-1.61183,-5.87158,4.25975,3.26904,6.59644,-3.3274,2.9993,0.201,85.0,0.02323,0.3,degraded
11.97,-1.20915,-5.48365,4.27449,3.03678,6.35139,-3.3146,2.9917,2.0627,85.0,0.0175,0.3,degraded
11.98,-0.80624,-5.10287,4.29663,2.80558,6.10189,-3.29631,2.9853,3.0,85.0,0.02931,0.3,degraded
11.99,-0.40316,-4.70663,4.30347,2.57545,5.86473,-3.28929,2.9754,3.0,85.0,0.00877,0.3,degraded
12.0,-0.0,-4.31423,4.31423,2.34641,5.62097,-3.27456,3.0052,2.9997,85.0,0.01188,0.3,degraded
12.01,0.40316,-3.9156,4.31876,2.11849,5.39348,-3.27499,3.0004,2.99,85.0,0.00899,0.3,degraded
12.02,0.80624,-3.52371,4.32995,1.89171,5.14561,-3.2539,0.9238,3.0,85.0,0.00916,0.3,degraded
12.03,1.20915,-3.12452,4.33367,1.6661,4.92143,-3.25534,2.9795,2.9805,85.0,0.01857,0.3,degraded
12.04,1.61183,-2.73052,4.34235,1.44166,4.68426,-3.24259,1.4218,3.0,85.0,0.01501,0.3,degraded
12.05,2.01419,-2.32944,4.34363,1.21843,4.4479,-3.22948,1.1473,2.9919,85.0,0.00896,0.3,degraded
12.06,2.41615,-1.93156,4.34771,0.99641,4.22639,-3.22998,2.9677,2.9852,85.0,0.01565,0.3,degraded
12.07,2.81763,-1.52887,4.3465,0.77564,3.98919,-3.21356,2.9847,2.9544,85.0,0.0169,0.3,degraded
12.08,3.21855,-1.13741,4.35596,0.55612,3.75989,-3.20376,2.9776,3.0,85.0,0.01339,0.3,degraded
12.09,3.61884,-0.73704,4.35588,0.33788,3.53349,-3.19561,2.6354,2.9921,85.0,0.00752,0.3,degraded
12.1,4.01841,-0.34944,4.36785,0.12094,3.28809,-3.16715,2.5466,2.9831,85.0,0.0162,0.3,degraded
12.11,4.41719,0.06078,4.35641,-0.09469,3.06735,-3.16204,3.018,2.2674,85.0,0.02797,0.3,degraded
12.12,4.81509,0.45621,4.35889,-0.30899,2.8338,-3.14279,3.0053,3.0,85.0,0.00519,0.3,degraded
12.13,5.21205,0.85039,4.36165,-0.52194,2.61173,-3.13367,3.012,2.6949,85.0,0.00551,0.3,degraded
12.14,5.60797,1.2475,4.36047,-0.73354,2.38828,-3.12181,1.377,1.9307,85.0,0.02298,0.3,degraded
12.15,6.0028,1.64968,4.35312,-0.94375,2.16072,-3.10448,3.0031,2.5588,85.0,0.01432,0.3,degraded
12.16,6.39644,2.0441,4.35233,-1.15258,1.93586,-3.08843,2.3241,2.4907,85.0,0.01385,0.3,degraded
12.17,6.78882,2.4383,4.35052,-1.36,1.71761,-3.07761,2.9963,1.1965,85.0,0.01152,0.3,degraded
12.18,7.17987,2.83479,4.34508,-1.566,1.49506,-3.06106,3.0086,1.1476,85.0,0.01927,0.3,degraded
12.19,7.56951,3.23489,4.33462,-1.77056,1.28536,-3.05592,2.9954,2.996,85.0,0.02421,0.3,degraded
12.2,7.95767,3.63061,4.32706,-1.97368,1.05896,-3.03265,2.9824,2.9887,85.0,0.02618,0.3,degraded
12.21,8.34428,4.03278,4.3115,-2.17534,0.83787,-3.01322,3.0178,3.0,85.0,0.00884,0.3,degraded
12.22,8.72925,4.42291,4.30635,-2.37554,0.62017,-2.99571,2.9893,3.0,85.0,0.01429,0.3,degraded
12.23,9.11253,4.81441,4.29812,-2.57425,0.39727,-2.97152,2.9904,2.9985,85.0,0.02624,0.3,degraded
12.24,9.49402,5.20272,4.29131,-2.77146,0.18431,-2.95578,1.7868,2.9801,85.0,0.01652,0.3,degraded
12.25,9.87368,5.59998,4.2737,-2.96718,-0.0306,-2.93658,3.0053,2.9843,85.0,0.0114,0.3,degraded
12.26,10.25142,5.99258,4.25884,-3.16138,-0.24759,-2.91379,3.0031,2.9979,85.0,0.01356,0.3,degraded
12.27,10.62717,6.37828,4.24889,-3.35407,-0.44954,-2.90452,2.9832,3.0,85.0,0.02139,0.3,degraded
12.28,11.00087,6.76105,4.23982,-3.54522,-0.65313,-2.89209,3.0078,3.0,85.0,0.01149,0.3,degraded
12.29,11.37245,7.14856,4.22388,-3.73483,-0.85863,-2.8762,3.0081,2.9971,85.0,0.02295,0.3,degraded
12.3,11.74183,7.5255,4.21634,-3.9229,-1.06693,-2.85597,2.995,3.0,85.0,0.01593,0.3,degraded
12.31,12.10896,7.91174,4.19722,-4.10941,-1.26653,-2.84289,3.0145,2.9781,85.0,0.00266,0.3,degraded
12.32,12.47378,8.2861,4.18768,-4.29436,-1.47675,-2.81762,3.0057,0.5836,85.0,0.0078,0.3,degraded
12.33,12.8362,8.6652,4.171,-4.47775,-1.67221,-2.80555,2.9857,2.9961,85.0,0.01383,0.3,degraded
12.34,13.19618,9.04745,4.14873,-4.65957,-1.87072,-2.78885,3.0238,2.9898,85.0,0.01643,0.3,degraded
12.35,13.55364,9.4262,4.12744,-4.83981,-2.0756,-2.7642,2.972,2.3738,85.0,0.01413,0.3,degraded
12.36,13.90854,9.80239,4.10615,-5.01846,-2.27375,-2.74472,3.0198,2.9752,85.0,0.0062,0.3,degraded
12.37,14.2608,10.17466,4.08614,-5.19554,-2.46549,-2.73005,3.0059,3.0,85.0,0.01524,0.3,degraded
12.38,14.61036,10.54455,4.06581,-5.37102,-2.67249,-2.69853,2.9892,2.9927,85.0,0.00936,0.3,degraded
12.39,14.95718,10.90931,4.04787,-5.54491,-2.86602,-2.67889,0.0758,1.5623,85.0,0.02141,0.3,degraded
12.4,15.30118,11.27441,4.02678,-5.7172,-3.04769,-2.66952,3.0191,2.7593,85.0,0.01133,0.3,degraded
12.41,15.64233,11.64854,3.99379,-5.8879,-3.23835,-2.64955,2.3485,0.3092,85.0,0.00644,0.3,degraded
12.42,15.98055,12.00548,3.97507,-6.057,-3.42761,-2.62939,3.0164,2.9888,85.0,0.01168,0.3,degraded
12.43,16.3158,12.36578,3.95002,-6.2245,-3.61081,-2.6137,1.652,2.9074,85.0,0.01415,0.3,degraded
12.44,16.64803,12.72035,3.92768,-6.3904,-3.79689,-2.59351,0.7871,3.0,85.0,0.02642,0.3,degraded
12.45,16.97718,13.07776,3.89942,-6.5547,-3.97776,-2.57694,2.1047,3.0,85.0,0.00853,0.3,degraded
12.46,17.3032,13.42942,3.87377,-6.7174,-4.17464,-2.54276,0.897,2.9921,85.0,0.00572,0.3,degraded
12.47,17.62605,13.77478,3.85127,-6.8785,-4.34928,-2.52922,3.009,0.3564,85.0,0.01006,0.3,degraded
12.48,17.94567,14.12666,3.819,-7.038,-4.53559,-2.50241,3.0074,0.2205,85.0,0.00282,0.3,degraded
12.49,18.26202,14.4807,3.78132,-7.19591,-4.721,-2.47491,2.9923,0.8411,85.0,0.00096,0.3,degraded
12.5,18.57506,14.83656,3.7385,-7.35223,-4.90058,-2.45164,3.0127,2.9952,85.0,0.01892,0.3,degraded
12.51,18.88474,15.16885,3.71589,-7.50695,-5.08213,-2.42482,2.4924,2.7699,85.0,0.02065,0.3,degraded
12.52,19.19102,15.5058,3.68522,-7.66009,-5.25849,-2.40159,3.0199,3.0,85.0,0.01135,0.3,degraded
12.53,19.49386,15.84037,3.65349,-7.81164,-5.42522,-2.38642,3.0191,3.0,85.0,0.00902,0.3,degraded
12.54,19.79322,16.16285,3.63037,-7.96161,-5.60449,-2.35712,2.1905,3.0,85.0,0.00985,0.3,degraded
12.55,20.08905,16.49223,3.59683,-8.11001,-5.78392,-2.32609,2.9801,3.0,85.0,0.00979,0.3,degraded
12.56,20.38134,16.82368,3.55765,-8.25684,-5.95312,-2.30372,2.0733,3.0,85.0,0.01343,0.3,degraded
12.57,20.67003,17.14569,3.52434,-8.40211,-6.11916,-2.28295,0.6649,3.0,85.0,0.01733,0.3,degraded
12.58,20.95509,17.45727,3.49782,-8.54582,-6.28416,-2.26165,2.4575,3.0,85.0,0.02077,0.3,degraded
12.59,21.2365,17.7852,3.4513,-8.68797,-6.43248,-2.25549,3.0105,2.6296,85.0,0.01574,0.3,degraded
12.6,21.51422,18.09272,3.4215,-8.82859,-6.58942,-2.23917,3.0147,3.0,85.0,0.01755,0.3,degraded
12.61,21.78822,18.40169,3.38652,-8.96766,-6.74695,-2.22071,3.0157,3.0,85.0,0.0082,0.3,degraded
12.62,22.05847,18.70124,3.35723,-9.10521,-6.90595,-2.19926,3.0086,3.0,85.0,0.01027,0.3,degraded
12.63,22.32495,19.00596,3.31899,-9.24124,-7.05864,-2.1826,1.819,1.2248,85.0,0.02459,0.3,degraded
12.64,22.58763,19.31324,3.27439,-9.37575,-7.20251,-2.17324,2.9985,2.7007,85.0,0.01932,0.3,degraded
12.65,22.84649,19.61555,3.23094,-9.50877,-7.35223,-2.15654,3.0188,2.4426,85.0,0.01814,0.3,degraded
12.66,23.1015,19.90744,3.19406,-9.64028,-7.51818,-2.1221,2.986,1.6306,85.0,0.00908,0.3,degraded
12.67,23.35265,20.20266,3.15,-9.77032,-7.66778,-2.10254,3.0239,2.9777,85.0,0.01473,0.3,degraded
12.68,23.59992,20.48212,3.1178,-9.89888,-7.82278,-2.0761,3.0006,3.0,85.0,0.00896,0.3,degraded
12.69,23.84329,20.78084,3.06244,-10.02598,-7.96973,-2.05625,3.0208,3.0,85.0,0.0195,0.3,degraded
12.7,24.08273,21.04967,3.03307,-10.15163,-8.11725,-2.03438,1.2149,2.9904,85.0,0.00953,0.3,degraded
12.71,24.31825,21.31922,2.99902,-10.27584,-8.2533,-2.02254,0.8587,3.0,85.0,0.00391,0.3,degraded
12.72,24.54982,21.59482,2.955,-10.39862,-8.4043,-1.99432,2.9936,1.1879,85.0,0.01922,0.3,degraded
12.73,24.77743,21.86385,2.91359,-10.51998,-8.53108,-1.9889,2.981,2.0124,85.0,0.00913,0.3,degraded
12.74,25.00108,22.1183,2.88278,-10.63994,-8.67241,-1.96754,2.9758,3.0,85.0,0.00148,0.3,degraded
12.75,25.22075,22.39439,2.82636,-10.75852,-8.8046,-1.95391,3.0066,2.9855,85.0,0.01189,0.3,degraded
12.76,25.43645,22.65163,2.78481,-10.87571,-8.94721,-1.9285,1.899,1.4969,85.0,0.01301,0.3,degraded
12.77,25.64815,22.9035,2.74465,-10.99154,-9.07952,-1.91202,2.9854,0.9974,85.0,0.01552,0.3,degraded
12.78,25.85587,23.1409,2.71497,-11.10602,-9.21538,-1.89064,0.0719,2.9934,85.0,0.00839,0.3,degraded
12.79,26.05959,23.39004,2.66955,-11.21917,-9.34749,-1.87168,3.0054,2.0122,85.0,0.00888,0.3,degraded
12.8,26.25932,23.62329,2.63603,-11.33099,-9.47626,-1.85473,3.0255,3.0,85.0,0.02114,0.3,degraded
12.81,26.45506,23.86094,2.59412,-11.44151,-9.60528,-1.83623,2.9859,1.976,85.0,0.01304,0.3,degraded
12.82,26.64681,24.0898,2.55701,-11.55074,-9.74817,-1.80257,3.002,3.0,85.0,0.02446,0.3,degraded
12.83,26.83458,24.32605,2.50853,-11.6587,-9.87295,-1.78574,2.9983,2.7515,85.0,0.01127,0.3,degraded
12.84,27.01837,24.53966,2.4787,-11.76539,-10.00164,-1.76375,3.0091,3.0,85.0,0.03351,0.3,degraded
12.85,27.19818,24.7598,2.43838,-11.87084,-10.12073,-1.75011,2.6748,2.9805,85.0,0.00697,0.3,degraded
12.86,27.37403,24.96908,2.40495,-11.97507,-10.25464,-1.72042,3.0109,2.9986,85.0,0.02056,0.3,degraded
12.87,27.54593,25.1946,2.35133,-12.07808,-10.37603,-1.70205,2.3303,3.0,85.0,0.01758,0.3,degraded
12.88,27.71388,25.39793,2.31595,-12.17991,-10.50088,-1.67902,0.1683,1.0363,85.0,0.01288,0.3,degraded
12.89,27.87791,25.61315,2.26476,-12.28055,-10.62306,-1.65749,0.3629,1.5327,85.0,0.00126,0.3,degraded
12.9,28.03802,25.81393,2.22409,-12.38004,-10.73301,-1.64703,2.9706,3.0,85.0,0.00594,0.3,degraded
12.91,28.19424,26.02202,2.17222,-12.47839,-10.8544,-1.62399,2.983,2.9998,85.0,0.00553,0.3,degraded
12.92,28.34658,26.21022,2.13636,-12.57561,-10.96638,-1.60923,2.9778,0.7565,85.0,0.02071,0.3,degraded
12.93,28.49505,26.39901,2.09604,-12.67173,-11.08063,-1.5911,2.9826,3.0,85.0,0.02276,0.3,degraded
12.94,28.63969,26.57871,2.06098,-12.76676,-11.19295,-1.57381,2.9987,2.379,85.0,0.00896,0.3,degraded
12.95,28.78051,26.76726,2.01324,-12.86073,-11.31299,-1.54774,3.0221,0.4608,85.0,0.01661,0.3,degraded
12.96,28.91753,26.93912,1.97841,-12.95364,-11.42976,-1.52388,3.0027,2.9981,85.0,0.00484,0.3,degraded
12.97,29.05079,27.11505,1.93574,-13.04553,-11.52339,-1.52213,2.9804,2.9929,85.0,0.021,0.3,degraded
12.98,29.1803,27.29119,1.88911,-13.1364,-11.62626,-1.51014,0.7189,3.0,85.0,0.01292,0.3,degraded
12.99,29.30609,27.47179,1.8343,-13.22628,-11.73909,-1.48719,3.0271,1.7052,85.0,0.01762,0.3,degraded
13.0,29.4282,27.62872,1.79949,-13.31519,-11.85051,-1.46468,1.8744,2.9794,85.0,0.00609,0.3,degraded
13.01,29.54666,27.79703,1.74963,-13.40314,-11.95394,-1.4492,3.0008,2.9977,85.0,0.00953,0.3,degraded
13.02,29.66149,27.94145,1.72004,-13.49016,-12.0637,-1.42646,0.3163,1.7901,85.0,0.01884,0.3,degraded
13.03,29.77273,28.10238,1.67034,-13.57627,-12.16053,-1.41574,0.4701,3.0,85.0,0.01762,0.3,degraded
13.04,29.88041,28.25305,1.62736,-13.66148,-12.25686,-1.40462,2.9889,3.0,85.0,0.00644,0.3,degraded
13.05,29.98457,28.40684,1.57774,-13.74582,-12.35487,-1.39095,2.9859,0.2704,85.0,0.0166,0.3,degraded
13.06,30.08525,28.5413,1.54395,-13.82931,-12.45922,-1.37009,1.2889,2.9858,85.0,0.0128,0.3,degraded
13.07,30.18248,28.67068,1.51181,-13.91196,-12.55652,-1.35544,3.0101,1.4177,85.0,0.01424,0.3,degraded
13.08,30.27631,28.80018,1.47613,-13.9938,-12.64986,-1.34394,1.5668,0.1697,85.0,0.0111,0.3,degraded
13.09,30.36677,28.93861,1.42816,-14.07485,-12.75004,-1.32481,2.5833,2.59,85.0,0.01593,0.3,degraded
13.1,30.45392,29.07317,1.38075,-14.15512,-12.83664,-1.31848,2.9928,2.9923,85.0,0.01756,0.3,degraded
13.11,30.53778,29.19858,1.33919,-14.23465,-12.94015,-1.2945,1.112,0.3124,85.0,0.00778,0.3,degraded
13.12,30.6184,29.31136,1.30704,-14.31344,-13.02813,-1.28531,2.9988,2.9678,85.0,0.01999,0.3,degraded
13.13,30.69584,29.42537,1.27047,-14.39153,-13.12456,-1.26696,2.978,1.8039,85.0,0.00991,0.3,degraded
13.14,30.77013,29.54522,1.2249,-14.46892,-13.22173,-1.24719,0.7941,0.4224,85.0,0.01318,0.3,degraded
13.15,30.84133,29.65177,1.18955,-14.54565,-13.29791,-1.24774,3.0074,3.0,85.0,0.01621,0.3,degraded
13.16,30.90948,29.74967,1.1598,-14.62172,-13.38258,-1.23914,2.9913,0.6046,85.0,0.01621,0.3,degraded
13.17,30.97463,29.851,1.12363,-14.69718,-13.46785,-1.22933,2.956,2.9985,85.0,0.00543,0.3,degraded
13.18,31.03683,29.94854,1.0883,-14.77202,-13.54706,-1.22496,2.9945,3.0,85.0,0.01307,0.3,degraded
13.19,31.09615,30.05581,1.04034,-14.84628,-13.64469,-1.20159,0.0347,2.9905,85.0,0.0237,0.3,degraded
13.2,31.15262,30.15207,1.00055,-14.91998,-13.73182,-1.18816,3.008,2.996,85.0,0.01676,0.3,degraded
13.21,31.2063,30.24518,0.96112,-14.99313,-13.80244,-1.19069,3.0019,2.9994,85.0,0.01778,0.3,degraded
13.22,31.25725,30.31958,0.93768,-15.06576,-13.89656,-1.1692,2.981,1.935,85.0,0.0198,0.3,degraded
13.23,31.30552,30.41606,0.88947,-15.13789,-13.97109,-1.1668,3.0087,3.0,85.0,0.00829,0.3,degraded
13.24,31.35118,30.49237,0.85881,-15.20954,-14.03481,-1.17473,0.4415,2.9973,85.0,0.00422,0.3,degraded
13.25,31.39426,30.57578,0.81848,-15.28072,-14.09339,-1.18733,2.9947,3.0,85.0,0.01084,0.3,degraded
13.26,31.43485,30.6492,0.78565,-15.35147,-14.16026,-1.19121,2.9948,2.9977,85.0,0.01775,0.3,degraded
13.27,31.47298,30.71566,0.75732,-15.42179,-14.22595,-1.19585,3.0128,3.0,85.0,0.00869,0.3,degraded
13.28,31.50873,30.76115,0.74758,-15.49172,-14.31042,-1.1813,2.9766,3.0,85.0,0.01315,0.3,degraded
13.29,31.54215,30.81568,0.72647,-15.56126,-14.39705,-1.16422,2.9932,2.9826,85.0,0.00138,0.3,degraded
13.3,31.57331,30.86461,0.7087,-15.63045,-14.46925,-1.1612,3.0211,3.0,85.0,0.00433,0.3,degraded
13.31,31.60226,30.92149,0.68078,-15.6993,-14.52537,-1.17393,2.986,2.9872,85.0,0.01739,0.3,degraded
13.32,31.62908,30.97272,0.65635,-15.76783,-14.59932,-1.16851,2.99,2.9957,85.0,0.00592,0.3,degraded
13.33,31.65381,31.03121,0.6226,-15.83606,-14.67388,-1.16218,3.0057,2.5791,85.0,0.00218,0.3,degraded
13.34,31.67653,31.08425,0.59228,-15.904,-14.75452,-1.14948,3.0139,2.9955,85.0,0.02401,0.3,degraded
13.35,31.6973,31.13202,0.56528,-15.97169,-14.82911,-1.14258,2.9956,2.9985,85.0,0.0024,0.3,degraded
13.36,31.71618,31.16668,0.5495,-16.03914,-14.89483,-1.14431,2.9824,3.0,85.0,0.0,0.3,degraded
13.37,31.73324,31.20721,0.52604,-16.10637,-14.95475,-1.15162,3.0387,2.9899,85.0,0.01503,0.3,degraded
13.38,31.74855,31.24135,0.50721,-16.17339,-15.03622,-1.13717,3.0003,3.0,85.0,0.00911,0.3,degraded
13.39,31.76217,31.28193,0.48024,-16.24023,-15.12176,-1.11847,2.9927,2.9937,85.0,0.00072,0.3,degraded
13.4,31.77417,31.31723,0.45694,-16.3069,-15.21799,-1.08892,3.0024,0.7506,85.0,0.01478,0.3,degraded
13.41,31.78461,31.35853,0.42609,-16.37343,-15.29004,-1.08339,3.0197,2.994,85.0,0.01145,0.3,degraded
13.42,31.79357,31.39204,0.40153,-16.43983,-15.35643,-1.0834,3.011,3.0,85.0,0.0,0.3,degraded
13.43,31.8011,31.43014,0.37097,-16.50612,-15.41619,-1.08993,3.0071,2.9969,85.0,0.00486,0.3,degraded
13.44,31.80729,31.46113,0.34616,-16.57232,-15.48132,-1.09099,2.9815,2.9632,85.0,0.0008,0.3,degraded
13.45,31.81218,31.50038,0.3118,-16.63844,-15.5419,-1.09654,3.0069,2.9974,85.0,0.0,0.3,degraded
13.46,31.81587,31.53305,0.28282,-16.7045,-15.60799,-1.09652,3.0259,3.0,85.0,0.00451,0.3,degraded
13.47,31.8184,31.57143,0.24697,-16.77053,-15.66722,-1.1033,2.991,2.9739,85.0,0.00125,0.3,degraded
13.48,31.81986,31.60354,0.21632,-16.83653,-15.73305,-1.10348,2.9952,3.0,85.0,0.01532,0.3,degraded
13.49,31.8203,31.64116,0.17914,-16.90252,-15.80786,-1.09466,2.9947,2.4762,85.0,0.00707,0.3,degraded
13.5,31.81981,31.67333,0.14647,-16.96852,-15.88267,-1.08585,2.983,2.9891,85.0,0.00901,0.3,degraded
13.51,31.81844,31.71362,0.10481,-17.03455,-15.96822,-1.06633,2.9855,3.0,85.0,0.00181,0.3,degraded
13.52,31.81627,31.7474,0.06886,-17.10062,-16.03232,-1.0683,2.9789,3.0,85.0,0.01406,0.3,degraded
13.53,31.81336,31.78757,0.02579,-17.16675,-16.09173,-1.07502,2.9962,2.9827,85.0,0.00277,0.3,degraded
13.54,31.80979,31.82204,-0.01226,-17.23295,-16.15899,-1.07396,2.9921,3.0,85.0,0.0,0.3,degraded
13.55,31.80562,31.86222,-0.05661,-17.29923,-16.21979,-1.07945,3.0256,3.0,85.0,0.01622,0.3,degraded
13.56,31.80092,31.89528,-0.09436,-17.36562,-16.30454,-1.06109,3.0083,3.0,85.0,0.0164,0.3,degraded
13.57,31.79577,31.93487,-0.13911,-17.43213,-16.36523,-1.0669,2.9845,2.9961,85.0,0.00872,0.3,degraded
13.58,31.79022,31.96467,-0.17445,-17.49876,-16.43679,-1.06197,2.9877,2.193,85.0,0.01266,0.3,degraded
13.59,31.78435,31.99429,-0.20994,-17.56554,-16.51962,-1.04592,3.0052,1.572,85.0,0.01573,0.3,degraded
13.6,31.77822,32.01452,-0.2363,-17.63248,-16.61657,-1.01591,3.0136,3.0,85.0,0.00314,0.3,degraded
13.61,31.77191,32.03795,-0.26604,-17.69959,-16.67697,-1.02262,3.018,3.0,85.0,0.01663,0.3,degraded
13.62,31.76548,32.05085,-0.28538,-17.76688,-16.7437,-1.02318,2.9741,3.0,85.0,0.00486,0.3,degraded
13.63,31.75899,32.0628,-0.30381,-17.83436,-16.80401,-1.03036,3.022,3.0,85.0,0.0,0.3,degraded
13.64,31.75252,32.06827,-0.31575,-17.90206,-16.87061,-1.03145,2.9957,2.9967,85.0,0.00088,0.3,degraded
13.65,31.74613,32.0786,-0.33247,-17.96997,-16.93077,-1.0392,2.987,2.9847,85.0,0.0047,0.3,degraded
13.66,31.73989,32.08038,-0.34049,-18.03812,-16.99612,-1.042,3.0183,2.9965,85.0,0.01624,0.3,degraded
13.67,31.73386,32.08627,-0.35241,-18.1065,-17.06887,-1.03764,3.0008,2.356,85.0,0.01431,0.3,degraded
13.68,31.7281,32.08116,-0.35306,-18.17514,-17.14981,-1.02533,3.0073,1.2836,85.0,0.00936,0.3,degraded
13.69,31.72268,32.08299,-0.3603,-18.24404,-17.20832,-1.03572,3.0177,2.9701,85.0,0.0,0.3,degraded
13.7,31.71768,32.07494,-0.35726,-18.31321,-17.27448,-1.03873,3.0105,2.9894,85.0,0.01021,0.3,degraded
13.71,31.71313,32.07294,-0.35981,-18.38266,-17.33772,-1.04494,3.0135,2.9788,85.0,0.00744,0.3,degraded
13.72,31.70912,32.0643,-0.35518,-18.45241,-17.43089,-1.02152,3.002,2.9823,85.0,0.00643,0.3,degraded
13.73,31.70571,32.06155,-0.35585,-18.52245,-17.50566,-1.01679,2.9852,2.9967,85.0,0.00312,0.3,degraded
13.74,31.70295,32.05174,-0.34879,-18.5928,-17.5847,-1.0081,3.0063,3.0,85.0,0.00976,0.3,degraded
13.75,31.7009,32.04726,-0.34636,-18.66347,-17.66959,-0.99388,3.0231,2.9984,85.0,0.0002,0.3,degraded
13.76,31.69963,32.03588,-0.33625,-18.73446,-17.7508,-0.98365,2.9846,3.0,85.0,0.00087,0.3,degraded
13.77,31.6992,32.03,-0.3308,-18.80577,-17.82476,-0.98101,3.0067,3.0,85.0,0.00618,0.3,degraded
13.78,31.69965,32.01767,-0.31802,-18.87743,-17.88852,-0.9889,2.998,3.0,85.0,0.0012,0.3,degraded
13.79,31.70106,32.01056,-0.30949,-18.94942,-17.94603,-1.00339,2.9773,2.9971,85.0,0.0,0.3,degraded
13.8,31.70348,31.99702,-0.29354,-19.02177,-18.01121,-1.01056,3.0116,2.976,85.0,0.00513,0.3,degraded
13.81,31.70697,31.9906,-0.28363,-19.09446,-18.0714,-1.02307,2.998,3.0,85.0,0.00065,0.3,degraded
13.82,31.71157,31.97765,-0.26608,-19.16752,-18.13806,-1.02946,3.0026,2.9839,85.0,0.01061,0.3,degraded
13.83,31.71735,31.97154,-0.2542,-19.24094,-18.19674,-1.0442,3.006,3.0,85.0,0.0057,0.3,degraded
13.84,31.72435,31.95989,-0.23554,-19.31472,-18.29254,-1.02219,2.9817,0.7121,85.0,0.01188,0.3,degraded
13.85,31.73263,31.95528,-0.22265,-19.38888,-18.37319,-1.01568,3.0068,0.2941,85.0,0.00782,0.3,degraded
13.86,31.74225,31.94466,-0.20241,-19.46341,-18.45569,-1.00772,2.983,2.9919,85.0,0.0032,0.3,degraded
13.87,31.75325,31.94042,-0.18718,-19.53831,-18.5393,-0.99901,3.0099,2.9957,85.0,0.00448,0.3,degraded
13.88,31.76567,31.93098,-0.16531,-19.61359,-18.6252,-0.98839,2.9825,3.0,85.0,0.00869,0.3,degraded
13.89,31.77958,31.93106,-0.15148,-19.68926,-18.6826,-1.00665,3.0001,3.0,85.0,0.00232,0.3,degraded
13.9,31.79502,31.92477,-0.12975,-19.7653,-18.74574,-1.01956,3.016,2.9739,85.0,0.00409,0.3,degraded
13.91,31.81202,31.9236,-0.11158,-19.84173,-18.80367,-1.03805,2.9839,3.0,85.0,0.0124,0.3,degraded
13.92,31.83065,31.91743,-0.08678,-19.91854,-18.8889,-1.02963,3.002,3.0,85.0,0.00264,0.3,degraded
13.93,31.85094,31.919,-0.06806,-19.99573,-18.94628,-1.04945,2.9933,2.8751,85.0,0.00794,0.3,degraded
13.94,31.87293,31.91295,-0.04001,-20.0733,-19.04736,-1.02594,2.9851,2.9671,85.0,0.01207,0.3,degraded
13.95,31.89667,31.91388,-0.01721,-20.15126,-19.13984,-1.01141,2.992,2.9978,85.0,0.00416,0.3,degraded
13.96,31.9222,31.90905,0.01314,-20.2296,-19.22918,-1.00041,2.9974,2.1842,85.0,0.0048,0.3,degraded
13.97,31.94955,31.9091,0.04045,-20.30831,-19.29393,-1.01438,3.0069,3.0,85.0,0.00063,0.3,degraded
13.98,31.97877,31.90268,0.07609,-20.3874,-19.36007,-1.02733,3.008,2.9873,85.0,0.00161,0.3,degraded
13.99,32.00989,31.90198,0.10791,-20.46686,-19.41849,-1.04837,2.9889,2.9876,85.0,0.02762,0.3,degraded
14.0,24.65604,31.89496,-7.23892,-3.42281,-19.46123,16.03842,3.0126,2.9787,85.0,0.16967,0.3,degraded
14.01,24.65604,31.41663,-6.76059,-3.42281,-18.82802,15.40521,3.0139,2.9896,85.0,0.1403,0.3,degraded
14.02,24.65604,30.81275,-6.15671,-3.42281,-17.76758,14.34478,0.2808,3.0,85.0,0.01954,0.3,degraded
14.03,24.65604,30.25792,-5.60187,-3.42281,-16.78256,13.35975,3.0367,1.319,85.0,0.00971,0.3,degraded
14.04,24.65604,29.74153,-5.08549,-3.42281,-15.87656,12.45375,2.9824,2.9791,85.0,0.01422,0.3,degraded
14.05,24.65604,29.27926,-4.62322,-3.42281,-15.02625,11.60345,3.0266,3.0,85.0,0.02935,0.3,degraded
14.06,24.65604,28.85962,-4.20358,-3.42281,-14.23988,10.81708,3.0016,0.6648,85.0,0.03689,0.3,degraded
14.07,24.65604,28.48555,-3.82951,-3.42281,-13.49827,10.07546,3.0059,2.2541,85.0,0.01076,0.3,degraded
14.08,24.65604,28.12561,-3.46956,-3.42281,-12.8224,9.39959,3.0175,2.988,85.0,0.00757,0.3,degraded
14.09,24.65604,27.81992,-3.16387,-3.42281,-12.16735,8.74455,2.9971,1.2548,85.0,0.03699,0.3,degraded
14.1,24.65604,27.52638,-2.87033,-3.42281,-11.5817,8.15889,3.016,2.9753,85.0,0.00721,0.3,degraded
14.11,24.65604,27.26707,-2.61103,-3.42281,-11.02308,7.60027,2.9963,1.1522,85.0,0.01692,0.3,degraded
14.12,24.65604,27.03178,-2.37573,-3.42281,-10.52,7.09719,3.0,2.8338,85.0,0.01964,0.3,degraded
14.13,24.65604,26.82072,-2.16467,-3.42281,-10.02945,6.60664,0.3835,2.9937,85.0,0.01483,0.3,degraded
14.14,24.65604,26.62426,-1.96822,-3.42281,-9.56737,6.14456,1.3116,3.0,85.0,0.01795,0.3,degraded
14.15,24.65604,26.44488,-1.78884,-3.42281,-9.1424,5.71959,2.9996,2.9983,85.0,0.02763,0.3,degraded
14.16,24.65604,26.27643,-1.62039,-3.42281,-8.7663,5.34349,3.0037,3.0,85.0,0.02155,0.3,degraded
14.17,24.65604,26.1291,-1.47306,-3.42281,-8.40521,4.98241,2.9919,2.676,85.0,0.01971,0.3,degraded
14.18,24.65604,25.98485,-1.32881,-3.42281,-8.07013,4.64733,3.0052,2.9915,85.0,0.01024,0.3,degraded
14.19,24.65604,25.86993,-1.21388,-3.42281,-7.73907,4.31626,3.0074,2.9939,85.0,0.01169,0.3,degraded
14.2,24.65604,25.76447,-1.10843,-3.42281,-7.44507,4.02226,2.9955,0.8252,85.0,0.00877,0.3,degraded
14.21,24.65604,25.65899,-1.00295,-3.42281,-7.17183,3.74902,0.1811,3.0,85.0,0.0169,0.3,degraded
14.22,24.65604,25.5509,-0.89485,-3.42281,-6.92921,3.5064,3.0168,2.0375,85.0,0.00157,0.3,degraded
14.23,24.65604,25.47215,-0.81611,-3.42281,-6.69924,3.27643,0.4222,3.0,85.0,0.01629,0.3,degraded
14.24,24.65604,25.38916,-0.73312,-3.42281,-6.47895,3.05614,0.0931,3.0,85.0,0.02577,0.3,degraded
14.25,24.65604,25.32594,-0.66989,-3.42281,-6.28241,2.8596,2.9669,3.0,85.0,0.01471,0.3,degraded
14.26,24.65604,25.2727,-0.61665,-3.42281,-6.09493,2.67213,3.0077,0.388,85.0,0.00754,0.3,degraded
14.27,24.65604,25.22686,-0.57082,-3.42281,-5.91113,2.48832,2.9938,2.9713,85.0,0.01225,0.3,degraded
14.28,24.65604,25.17397,-0.51793,-3.42281,-5.747,2.32419,2.9922,3.0,85.0,0.00029,0.3,degraded
14.29,24.65604,25.12761,-0.47157,-3.42281,-5.58967,2.16686,2.9716,3.0,85.0,0.01038,0.3,degraded
14.3,24.65604,25.07516,-0.41911,-3.42281,-5.44783,2.02502,2.978,2.9879,85.0,0.0041,0.3,degraded
14.31,24.65604,25.02782,-0.37177,-3.42281,-5.30726,1.88446,3.0054,3.0,85.0,0.0008,0.3,degraded
14.32,24.65604,24.97494,-0.31889,-3.42281,-5.18382,1.76101,2.9946,2.9904,85.0,0.0114,0.3,degraded
14.33,24.65604,24.93081,-0.27477,-3.42281,-5.06551,1.6427,3.0072,1.8277,85.0,0.00535,0.3,degraded
14.34,24.65604,24.87885,-0.22281,-3.42281,-4.95266,1.52985,2.9916,3.0,85.0,0.00377,0.3,degraded
14.35,24.65604,24.83372,-0.17768,-3.42281,-4.85358,1.43077,3.0277,2.9875,85.0,0.00388,0.3,degraded
14.36,24.65604,24.78441,-0.12836,-3.42281,-4.7525,1.3297,2.997,3.0,85.0,0.01662,0.3,degraded
14.37,24.65604,24.74253,-0.08648,-3.42281,-4.65305,1.23024,2.9825,1.5131,85.0,0.007,0.3,degraded
14.38,24.65604,24.69285,-0.03681,-3.42281,-4.58882,1.16601,3.0163,1.3994,85.0,0.01355,0.3,degraded
14.39,24.65604,24.64959,0.00646,-3.42281,-4.51783,1.09502,3.0113,3.0,85.0,0.00855,0.3,degraded
14.4,24.65604,24.59973,0.05632,-3.42281,-4.45433,1.03152,2.9897,3.0,85.0,0.00025,0.3,degraded
14.41,24.65604,24.55604,0.10001,-3.42281,-4.38573,0.96292,2.9806,3.0,85.0,0.0,0.3,degraded
14.42,24.65604,24.51007,0.14597,-3.42281,-4.32323,0.90042,2.9923,2.9677,85.0,0.00592,0.3,degraded
14.43,24.65604,24.47582,0.18022,-3.42281,-4.25374,0.83093,2.9953,2.9824,85.0,0.00156,0.3,degraded
14.44,24.65604,24.444,0.21204,-3.42281,-4.18931,0.7665,2.9812,3.0,85.0,0.0,0.3,degraded
14.45,24.65604,24.41971,0.23633,-3.42281,-4.11832,0.69551,2.9793,2.9738,85.0,0.00386,0.3,degraded
14.46,24.65604,24.39388,0.26216,-3.42281,-4.0531,0.6303,3.0163,2.9943,85.0,0.00173,0.3,degraded
14.47,24.65604,24.37797,0.27807,-3.42281,-3.9816,0.55879,2.9889,3.0,85.0,0.0,0.3,degraded
14.48,24.65604,24.3583,0.29775,-3.42281,-3.91661,0.4938,3.0322,3.0,85.0,0.00451,0.3,degraded
14.49,24.65604,24.34706,0.30898,-3.42281,-3.84566,0.42285,3.0051,2.9813,85.0,0.00233,0.3,degraded
14.5,24.65604,24.33282,0.32323,-3.42281,-3.78114,0.35834,2.999,2.9937,85.0,0.0,0.3,degraded
14.51,24.65604,24.3272,0.32885,-3.42281,-3.71015,0.28735,3.009,3.0,85.0,0.0038,0.3,degraded
14.52,24.65604,24.3174,0.33865,-3.42281,-3.64708,0.22427,3.0132,2.9863,85.0,0.00291,0.3,degraded
14.53,24.65604,24.31751,0.33854,-3.42281,-3.57716,0.15435,2.9835,2.996,85.0,0.0,0.3,degraded
14.54,24.65604,24.31218,0.34386,-3.42281,-3.51805,0.09524,2.976,3.0,85.0,0.0044,0.3,degraded
14.55,24.65604,24.31479,0.34125,-3.42281,-3.45839,0.03558,3.0061,3.0,85.0,0.00424,0.3,degraded
14.56,24.65604,24.31165,0.3444,-3.42281,-3.41011,-0.01269,3.0069,2.9977,85.0,0.0,0.3,degraded
14.57,24.65604,24.31493,0.34111,-3.42281,-3.363,-0.05981,2.998,2.9958,85.0,0.00395,0.3,degraded
14.58,24.65604,24.31307,0.34298,-3.42281,-3.32496,-0.09785,2.9948,2.984,85.0,0.00432,0.3,degraded
14.59,24.65604,24.3207,0.33534,-3.42281,-3.28559,-0.13722,2.9817,3.0,85.0,0.0,0.3,degraded
14.6,24.65604,24.32133,0.33472,-3.42281,-3.25717,-0.16564,2.9856,2.9912,85.0,0.00279,0.3,degraded
14.61,24.65604,24.3274,0.32864,-3.42281,-3.22594,-0.19686,2.9875,3.0,85.0,0.00411,0.3,degraded
14.62,24.65604,24.32822,0.32783,-3.42281,-3.20411,-0.2187,3.0058,2.9935,85.0,0.0,0.3,degraded
14.63,24.65604,24.33561,0.32044,-3.42281,-3.17913,-0.24367,3.0032,2.9993,85.0,0.00208,0.3,degraded
14.64,24.65604,24.33837,0.31768,-3.42281,-3.16526,-0.25755,3.0054,2.9959,85.0,0.00525,0.3,degraded
14.65,24.65604,24.34684,0.3092,-3.42281,-3.14548,-0.27733,2.9783,2.9936,85.0,0.0,0.3,degraded
14.66,24.65604,24.35005,0.30599,-3.42281,-3.13783,-0.28498,2.9897,3.0,85.0,0.00102,0.3,degraded
14.67,24.65604,24.36089,0.29515,-3.42281,-3.12172,-0.30109,2.9964,3.0,85.0,0.00456,0.3,degraded
14.68,24.65604,24.3651,0.29095,-3.42281,-3.11526,-0.30754,3.0045,3.0,85.0,0.0,0.3,degraded
14.69,24.65604,24.37403,0.28201,-3.42281,-3.10399,-0.31882,2.9973,3.0,85.0,0.0,0.3,degraded
14.7,24.65604,24.37823,0.27781,-3.42281,-3.10298,-0.31983,2.9861,2.9803,85.0,0.005,0.3,degraded
14.71,24.65604,24.38904,0.267,-3.42281,-3.09583,-0.32698,3.0256,2.9997,85.0,0.0,0.3,degraded
14.72,24.65604,24.392,0.26404,-3.42281,-3.0973,-0.32551,2.991,3.0,85.0,0.0,0.3,degraded
14.73,24.65604,24.40284,0.2532,-3.42281,-3.09203,-0.33078,3.0088,3.0,85.0,0.00502,0.3,degraded
14.74,24.65604,24.40824,0.24781,-3.42281,-3.0923,-0.3305,3.0077,3.0,85.0,0.00053,0.3,degraded
14.75,24.65604,24.42006,0.23598,-3.42281,-3.08848,-0.33433,3.0064,2.9636,85.0,0.0,0.3,degraded
14.76,24.65604,24.42555,0.2305,-3.42281,-3.09116,-0.33165,3.0092,2.9914,85.0,0.00471,0.3,degraded
14.77,24.65604,24.43676,0.21929,-3.42281,-3.08848,-0.33433,2.9971,3.0,85.0,0.00133,0.3,degraded
14.78,24.65604,24.44216,0.21388,-3.42281,-3.09359,-0.32922,3.0038,2.998,85.0,0.0,0.3,degraded
14.79,24.65604,24.45283,0.20321,-3.42281,-3.09254,-0.33026,2.9851,2.9863,85.0,0.00482,0.3,degraded
14.8,24.65604,24.45622,0.19982,-3.42281,-3.09857,-0.32424,2.9919,2.9979,85.0,0.00132,0.3,degraded
14.81,24.65604,24.46681,0.18923,-3.42281,-3.09806,-0.32474,3.0075,3.0,85.0,0.0,0.3,degraded
14.82,24.65604,24.47293,0.18311,-3.42281,-3.10482,-0.31799,2.9942,2.9876,85.0,0.00388,0.3,degraded
14.83,24.65604,24.48426,0.17178,-3.42281,-3.10662,-0.31619,2.9938,2.9877,85.0,0.00184,0.3,degraded
14.84,24.65604,24.48986,0.16618,-3.42281,-3.1141,-0.30871,2.9952,2.9791,85.0,0.0,0.3,degraded
14.85,24.65604,24.50066,0.15538,-3.42281,-3.11721,-0.3056,2.9875,2.9827,85.0,0.00332,0.3,degraded
14.86,24.65604,24.50477,0.15127,-3.42281,-3.12766,-0.29514,3.0047,2.9844,85.0,0.00242,0.3,degraded
14.87,24.65604,24.51607,0.13997,-3.42281,-3.12972,-0.29308,2.9912,2.993,85.0,0.0,0.3,degraded
14.88,24.65604,24.52055,0.13549,-3.42281,-3.13748,-0.28533,2.9924,3.0,85.0,0.00298,0.3,degraded
14.89,24.65604,24.53164,0.1244,-3.42281,-3.14041,-0.2824,2.987,3.0,85.0,0.00282,0.3,degraded
14.9,24.65604,24.53682,0.11923,-3.42281,-3.14823,-0.27458,3.0195,3.0,85.0,0.0,0.3,degraded
14.91,24.65604,24.54999,0.10605,-3.42281,-3.15018,-0.27263,2.9905,2.9914,85.0,0.00212,0.3,degraded
14.92,24.65604,24.55738,0.09867,-3.42281,-3.15888,-0.26392,2.9842,3.0,85.0,0.00334,0.3,degraded
14.93,24.65604,24.57149,0.08456,-3.42281,-3.16196,-0.26085,3.0048,2.9714,85.0,0.0,0.3,degraded
14.94,24.65604,24.57992,0.07612,-3.42281,-3.16998,-0.25282,3.0217,3.0,85.0,0.00207,0.3,degraded
14.95,24.65604,24.59492,0.06112,-3.42281,-3.17117,-0.25163,3.0109,2.9844,85.0,0.00401,0.3,degraded
14.96,24.65604,24.60563,0.05042,-3.42281,-3.18143,-0.24138,2.9925,3.0,85.0,0.0,0.3,degraded
14.97,24.65604,24.62249,0.03355,-3.42281,-3.18525,-0.23756,2.9862,2.9972,85.0,0.00082,0.3,degraded
14.98,24.65604,24.6325,0.02354,-3.42281,-3.19413,-0.22868,2.9852,2.9815,85.0,0.00446,0.3,degraded
14.99,24.65604,24.65095,0.0051,-3.42281,-3.19776,-0.22505,3.0142,2.9812,85.0,0.0,0.3,degraded
15.0,24.65604,24.66215,-0.00611,-3.42281,-3.20845,-0.21436,3.0242,2.9964,85.0,0.00062,0.3,degraded
15.01,24.65604,24.67893,-0.02289,-3.42281,-3.21247,-0.21034,3.0171,2.9897,85.0,0.00475,0.3,degraded
15.02,24.65604,24.69105,-0.035,-3.42281,-3.22175,-0.20106,3.009,3.0,85.0,0.0,0.3,degraded
15.03,24.65604,24.71014,-0.0541,-3.42281,-3.22535,-0.19746,3.0088,2.9993,85.0,0.0,0.3,degraded
15.04,24.65604,24.72402,-0.06798,-3.42281,-3.23656,-0.18625,3.0204,3.0,85.0,0.00486,0.3,degraded
15.05,24.65604,24.74301,-0.08697,-3.42281,-3.24026,-0.18255,2.957,2.9764,85.0,0.0,0.3,degraded
15.06,24.65604,24.75439,-0.09835,-3.42281,-3.24954,-0.17327,2.9944,3.0,85.0,0.0,0.3,degraded
15.07,24.65604,24.77323,-0.11719,-3.42281,-3.25354,-0.16926,3.0073,3.0,85.0,0.00457,0.3,degraded
15.08,24.65604,24.78675,-0.1307,-3.42281,-3.26553,-0.15728,2.9943,3.0,85.0,0.00051,0.3,degraded
15.09,24.65604,24.80775,-0.15171,-3.42281,-3.27043,-0.15238,2.9966,3.0,85.0,0.0,0.3,degraded
15.1,24.65604,24.82171,-0.16567,-3.42281,-3.28487,-0.13794,2.9788,3.0,85.0,0.00444,0.3,degraded
15.11,24.65604,24.84114,-0.1851,-3.42281,-3.29406,-0.12874,2.9832,2.984,85.0,0.00096,0.3,degraded
15.12,24.65604,24.85345,-0.1974,-3.42281,-3.31023,-0.11257,2.9729,2.9794,85.0,0.0,0.3,degraded
15.13,24.65604,24.87091,-0.21486,-3.42281,-3.32249,-0.10032,2.965,3.0,85.0,0.00394,0.3,degraded
15.14,24.65604,24.8826,-0.22655,-3.42281,-3.34089,-0.08192,2.9991,2.9944,85.0,0.0015,0.3,degraded
15.15,24.65604,24.89995,-0.24391,-3.42281,-3.35202,-0.07079,3.002,3.0,85.0,0.0,0.3,degraded
15.16,24.65604,24.91271,-0.25667,-3.42281,-3.37004,-0.05277,3.0081,2.9891,85.0,0.00352,0.3,degraded
15.17,24.65604,24.93202,-0.27598,-3.42281,-3.38091,-0.0419,2.9985,3.0,85.0,0.0015,0.3,degraded
15.18,24.65604,24.94529,-0.28925,-3.42281,-3.39917,-0.02364,3.0262,2.9918,85.0,0.0,0.3,degraded
15.19,24.65604,24.9654,-0.30936,-3.42281,-3.41125,-0.01156,2.9998,3.0,85.0,0.00391,0.3,degraded
15.2,24.65604,24.97732,-0.32127,-3.42281,-3.42822,0.00542,2.9055,2.9913,85.0,0.00351,0.3,degraded
15.21,24.65604,24.99178,-0.33573,-3.42281,-3.43697,0.01416,2.926,3.0,85.0,0.0,0.3,degraded
15.22,24.65604,24.9976,-0.34156,-3.42281,-3.45171,0.0289,3.0113,2.9797,85.0,0.0033,0.3,degraded
15.23,24.65604,25.00739,-0.35134,-3.42281,-3.45918,0.03637,2.9988,3.0,85.0,0.00381,0.3,degraded
15.24,24.65604,25.00857,-0.35253,-3.42281,-3.47487,0.05207,3.013,2.9661,85.0,0.0,0.3,degraded
15.25,24.65604,25.0145,-0.35846,-3.42281,-3.48413,0.06132,2.9853,3.0,85.0,0.00291,0.3,degraded
15.26,24.65604,25.01259,-0.35654,-3.42281,-3.49996,0.07715,3.0126,3.0,85.0,0.0047,0.3,degraded
15.27,24.65604,25.01611,-0.36006,-3.42281,-3.51085,0.08804,2.8625,3.0,85.0,0.0,0.3,degraded
15.28,24.65604,25.00986,-0.35381,-3.42281,-3.52912,0.10631,3.0253,3.0,85.0,0.0016,0.3,degraded
15.29,24.65604,25.01044,-0.35439,-3.42281,-3.53891,0.11611,3.0021,3.0,85.0,0.00369,0.3,degraded
15.3,24.65604,25.00363,-0.34758,-3.42281,-3.55421,0.1314,2.8554,2.9641,85.0,0.0,0.3,degraded
15.31,24.65604,25.00087,-0.34483,-3.42281,-3.56469,0.14189,3.0218,3.0,85.0,0.00118,0.3,degraded
15.32,24.65604,24.99254,-0.33649,-3.42281,-3.58222,0.15941,2.9918,2.9907,85.0,0.00466,0.3,degraded
15.33,24.65604,24.99055,-0.33451,-3.42281,-3.5926,0.1698,3.0153,3.0,85.0,0.0,0.3,degraded
15.34,24.65604,24.98153,-0.32549,-3.42281,-3.61184,0.18903,3.0089,3.0,85.0,0.00077,0.3,degraded
15.35,24.65604,24.97815,-0.32211,-3.42281,-3.62764,0.20483,2.9999,2.9978,85.0,0.00529,0.3,degraded
15.36,24.65604,24.96879,-0.31275,-3.42281,-3.6518,0.22899,3.0297,2.9819,85.0,0.0,0.3,degraded
15.37,24.65604,24.96388,-0.30783,-3.42281,-3.66919,0.24639,2.9889,2.9921,85.0,0.0,0.3,degraded
15.38,24.65604,24.94933,-0.29329,-3.42281,-3.69317,0.27036,3.0032,3.0,85.0,0.00529,0.3,degraded
15.39,24.65604,24.94126,-0.28522,-3.42281,-3.71116,0.28836,2.9892,2.987,85.0,0.0,0.3,degraded
15.4,24.65604,24.92816,-0.27212,-3.42281,-3.73606,0.31325,3.0235,3.0,85.0,0.0,0.3,degraded
15.41,24.65604,24.92233,-0.26628,-3.42281,-3.75498,0.33217,3.0003,3.0,85.0,0.00446,0.3,degraded
15.42,24.65604,24.90941,-0.25336,-3.42281,-3.7809,0.3581,2.9747,3.0,85.0,0.00019,0.3,degraded
15.43,24.65604,24.90205,-0.24601,-3.42281,-3.80066,0.37785,3.0002,2.9312,85.0,0.0,0.3,degraded
15.44,24.65604,24.88776,-0.23171,-3.42281,-3.82246,0.39965,2.9922,3.0,85.0,0.00528,0.3,degraded
15.45,24.65604,24.87949,-0.22344,-3.42281,-3.83551,0.4127,2.9904,2.8968,85.0,0.00131,0.3,degraded
15.46,24.65604,24.86477,-0.20873,-3.42281,-3.85162,0.42881,2.9835,2.9785,85.0,0.0,0.3,degraded
15.47,24.65604,24.85472,-0.19867,-3.42281,-3.85866,0.43585,3.0111,2.9811,85.0,0.00462,0.3,degraded
15.48,24.65604,24.83944,-0.1834,-3.42281,-3.86957,0.44676,2.9781,2.9144,85.0,0.00102,0.3,degraded
15.49,24.65604,24.82992,-0.17387,-3.42281,-3.87193,0.44912,2.9833,3.0,85.0,0.0,0.3,degraded
15.5,24.65604,24.81314,-0.15709,-3.42281,-3.88012,0.45732,3.0246,2.9729,85.0,0.00404,0.3,degraded
15.51,24.65604,24.80483,-0.14879,-3.42281,-3.88006,0.45725,3.0076,3.0,85.0,0.00248,0.3,degraded
15.52,24.65604,24.79208,-0.13604,-3.42281,-3.88409,0.46128,2.9936,2.9891,85.0,0.0,0.3,degraded
15.53,24.65604,24.78494,-0.1289,-3.42281,-3.87992,0.45711,2.9956,2.9723,85.0,0.00384,0.3,degraded
15.54,24.65604,24.77263,-0.11658,-3.42281,-3.88109,0.45828,2.9812,2.8898,85.0,0.00292,0.3,degraded
15.55,24.65604,24.76596,-0.10991,-3.42281,-3.87319,0.45039,3.0031,3.0,85.0,0.0,0.3,degraded
15.56,24.65604,24.75162,-0.09558,-3.42281,-3.87139,0.44858,2.9929,3.0,85.0,0.00232,0.3,degraded
15.57,24.65604,24.74403,-0.08799,-3.42281,-3.8641,0.44129,2.9971,2.9933,85.0,0.00432,0.3,degraded
15.58,24.65604,24.73017,-0.07413,-3.42281,-3.85921,0.43641,3.0075,2.9821,85.0,0.0,0.3,degraded
15.59,24.65604,24.72234,-0.06629,-3.42281,-3.84383,0.42102,3.0079,3.0,85.0,0.00229,0.3,degraded
15.6,24.65604,24.70855,-0.0525,-3.42281,-3.83397,0.41116,3.0125,3.0,85.0,0.00336,0.3,degraded
15.61,24.65604,24.70074,-0.04469,-3.42281,-3.81861,0.3958,2.9926,3.0,85.0,0.0,0.3,degraded
15.62,24.65604,24.68664,-0.0306,-3.42281,-3.81156,0.38875,3.0073,3.0,85.0,0.00174,0.3,degraded
15.63,24.65604,24.67848,-0.02243,-3.42281,-3.79913,0.37632,2.9909,3.0,85.0,0.00413,0.3,degraded
15.64,24.65604,24.66491,-0.00886,-3.42281,-3.79377,0.37096,2.9953,2.9931,85.0,0.0,0.3,degraded
15.65,24.65604,24.65754,-0.0015,-3.42281,-3.78221,0.3594,3.0078,3.0,85.0,0.00073,0.3,degraded
15.66,24.65604,24.64503,0.01101,-3.42281,-3.77822,0.35542,2.9881,2.9973,85.0,0.00422,0.3,degraded
15.67,24.65604,24.63939,0.01665,-3.42281,-3.76746,0.34465,2.9778,2.9959,85.0,0.0,0.3,degraded
15.68,24.65604,24.62759,0.02846,-3.42281,-3.76354,0.34073,3.0048,3.0,85.0,0.0007,0.3,degraded
15.69,24.65604,24.62076,0.03529,-3.42281,-3.75223,0.32942,3.0107,3.0,85.0,0.00491,0.3,degraded
15.7,24.65604,24.60663,0.04941,-3.42281,-3.74688,0.32408,2.9696,3.0,85.0,0.0,0.3,degraded
15.71,24.65604,24.59838,0.05767,-3.42281,-3.7362,0.3134,3.0054,2.9985,85.0,0.0,0.3,degraded
15.72,24.65604,24.58321,0.07283,-3.42281,-3.73095,0.30814,3.025,3.0,85.0,0.0046,0.3,degraded
15.73,24.65604,24.57406,0.08198,-3.42281,-3.71934,0.29653,3.0009,3.0,85.0,0.00061,0.3,degraded
15.74,24.65604,24.55908,0.09696,-3.42281,-3.7116,0.28879,3.0014,3.0,85.0,0.0,0.3,degraded
15.75,24.65604,24.55027,0.10578,-3.42281,-3.69699,0.27418,2.9962,2.964,85.0,0.00488,0.3,degraded
15.76,24.65604,24.53601,0.12003,-3.42281,-3.68749,0.26469,3.0048,3.0,85.0,0.00042,0.3,degraded
15.77,24.65604,24.52867,0.12737,-3.42281,-3.67087,0.24806,2.9712,3.0,85.0,0.0,0.3,degraded
15.78,24.65604,24.5144,0.14164,-3.42281,-3.66091,0.2381,2.9639,3.0,85.0,0.00473,0.3,degraded
15.79,24.65604,24.50706,0.14898,-3.42281,-3.6445,0.22169,3.0091,2.9765,85.0,0.00114,0.3,degraded
15.8,24.65604,24.49272,0.16332,-3.42281,-3.63432,0.21152,3.0026,2.9644,85.0,0.0,0.3,degraded
15.81,24.65604,24.48458,0.17146,-3.42281,-3.61802,0.19521,2.9973,3.0,85.0,0.00415,0.3,degraded
15.82,24.65604,24.46929,0.18675,-3.42281,-3.6075,0.18469,2.9756,2.9831,85.0,0.00186,0.3,degraded
15.83,24.65604,24.46002,0.19603,-3.42281,-3.59093,0.16812,2.987,3.0,85.0,0.0,0.3,degraded
15.84,24.65604,24.44518,0.21087,-3.42281,-3.58127,0.15846,3.0075,3.0,85.0,0.00333,0.3,degraded
15.85,24.65604,24.4361,0.21994,-3.42281,-3.56574,0.14293,2.9899,2.9887,85.0,0.00276,0.3,degraded
15.86,24.65604,24.42233,0.23371,-3.42281,-3.55492,0.13211,2.9986,3.0,85.0,0.0,0.3,degraded
15.87,24.65604,24.41606,0.23998,-3.42281,-3.53763,0.11483,3.0138,3.0,85.0,0.00246,0.3,degraded
15.88,24.65604,24.40289,0.25315,-3.42281,-3.52586,0.10305,2.9929,3.0,85.0,0.00294,0.3,degraded
15.89,24.65604,24.39523,0.26082,-3.42281,-3.50941,0.0866,2.9918,2.9888,85.0,0.0,0.3,degraded
15.9,24.65604,24.38004,0.276,-3.42281,-3.50103,0.07822,3.0091,2.9725,85.0,0.00264,0.3,degraded
15.91,24.65604,24.37107,0.28498,-3.42281,-3.48657,0.06376,2.9805,2.9986,85.0,0.00397,0.3,degraded
15.92,24.65604,24.35587,0.30017,-3.42281,-3.47607,0.05327,3.0209,3.0,85.0,0.0,0.3,degraded
15.93,24.65604,24.34605,0.31,-3.42281,-3.45968,0.03687,3.0197,2.9814,85.0,0.00167,0.3,degraded
15.94,24.65604,24.33119,0.32485,-3.42281,-3.44827,0.02546,3.0148,3.0,85.0,0.0035,0.3,degraded
15.95,24.65604,24.32403,0.33201,-3.42281,-3.43146,0.00865,2.9896,3.0,85.0,0.0,0.3,degraded
15.96,24.65604,24.31253,0.34352,-3.42281,-3.42233,-0.00048,2.9956,2.9888,85.0,0.00215,0.3,degraded
15.97,24.65604,24.31089,0.34515,-3.42281,-3.4067,-0.01611,3.0079,2.9953,85.0,0.00454,0.3,degraded
15.98,24.65604,24.304,0.35204,-3.42281,-3.39729,-0.02552,3.0078,2.9986,85.0,0.0,0.3,degraded
15.99,24.65604,24.30378,0.35226,-3.42281,-3.38166,-0.04115,3.0212,2.9908,85.0,0.00116,0.3,degraded
16.0,45.89935,24.3004,21.59895,-20.22837,-3.37234,-16.85603,3.0178,3.0,85.0,0.18986,0.3,degraded
16.01,45.69571,24.85067,20.84504,-20.02658,-3.95511,-16.07147,3.0015,3.0,85.0,0.28522,0.3,degraded
16.02,45.48801,26.27445,19.21357,-19.82258,-5.06509,-14.75749,3.0031,3.0,85.0,0.07236,0.3,degraded
16.03,45.27629,28.03023,17.24606,-19.61641,-6.06966,-13.54676,2.9978,0.0913,85.0,0.0745,0.3,degraded
16.04,45.06059,29.61927,15.44132,-19.40809,-6.99709,-12.411,2.9872,3.0,85.0,0.05619,0.3,degraded
16.05,44.84094,31.0507,13.79025,-19.19763,-7.83161,-11.36602,2.9796,2.9939,85.0,0.03227,0.3,degraded
16.06,44.61741,32.32812,12.28929,-18.98507,-8.61217,-10.37289,2.991,3.0,85.0,0.03788,0.3,degraded
16.07,44.39003,33.46322,10.92681,-18.77041,-9.30734,-9.46307,3.0108,3.0,85.0,0.0405,0.3,degraded
16.08,44.15886,34.44151,9.71735,-18.5537,-9.94944,-8.60425,3.0088,3.0,85.0,0.03053,0.3,degraded
16.09,43.92395,35.31623,8.60771,-18.33494,-10.51669,-7.81825,2.8636,2.9913,85.0,0.03715,0.3,degraded
16.1,43.68533,36.0876,7.59774,-18.11417,-11.02943,-7.08475,2.0866,3.0,85.0,0.02921,0.3,degraded
16.11,43.44308,36.78367,6.65941,-17.89141,-11.49686,-6.39455,2.991,0.9035,85.0,0.02013,0.3,degraded
16.12,43.19724,37.37881,5.81843,-17.66669,-11.92187,-5.74482,2.9976,2.9879,85.0,0.02772,0.3,degraded
16.13,42.94786,37.91387,5.03399,-17.44003,-12.30391,-5.13612,1.6564,2.9955,85.0,0.03645,0.3,degraded
16.14,42.695,38.37184,4.32316,-17.21146,-12.63563,-4.57583,3.01,2.9893,85.0,0.01838,0.3,degraded
16.15,42.43872,38.76951,3.66921,-16.981,-12.9252,-4.05581,1.8955,1.429,85.0,0.01509,0.3,degraded
16.16,42.17908,39.10392,3.07516,-16.74869,-13.1844,-3.56429,2.9995,0.1624,85.0,0.03239,0.3,degraded
16.17,41.91613,39.39356,2.52257,-16.51454,-13.41327,-3.10127,3.0068,3.0,85.0,0.01159,0.3,degraded
16.18,41.64993,39.62014,2.02979,-16.2786,-13.60754,-2.67106,2.9707,1.7986,85.0,0.01114,0.3,degraded
16.19,41.38055,39.82267,1.55789,-16.04088,-13.76507,-2.27581,0.9412,2.9901,85.0,0.02187,0.3,degraded
16.2,41.10805,39.96929,1.13875,-15.80142,-13.89526,-1.90615,0.4711,2.9902,85.0,0.01098,0.3,degraded
16.21,40.83248,40.09797,0.73451,-15.56024,-14.00156,-1.55868,2.5704,0.8927,85.0,0.02287,0.3,degraded
16.22,40.55392,40.16099,0.39293,-15.31737,-14.08934,-1.22803,1.6715,3.0,85.0,0.02615,0.3,degraded
16.23,40.27242,40.21223,0.06019,-15.07285,-14.14445,-0.9284,2.9956,2.9956,85.0,0.00067,0.3,degraded
16.24,39.98806,40.25625,-0.26819,-14.82671,-14.20707,-0.61963,3.0136,2.9978,85.0,0.00508,0.3,degraded
16.25,39.7009,40.29453,-0.59363,-14.57897,-14.26279,-0.31618,3.0034,2.985,85.0,0.0113,0.3,degraded
16.26,39.411,40.29288,-0.88188,-14.32966,-14.32327,-0.00639,3.0023,2.7531,85.0,0.0062,0.3,degraded
16.27,39.11844,40.27206,-1.15361,-14.07883,-14.35914,0.28031,2.9948,3.0,85.0,0.01124,0.3,degraded
16.28,38.82329,40.20556,-1.38228,-13.82649,-14.38002,0.55352,2.9696,2.5594,85.0,0.01495,0.3,degraded
16.29,38.5256,40.12922,-1.60362,-13.57269,-14.36999,0.79729,2.9975,3.0,85.0,0.00246,0.3,degraded
16.3,38.22546,40.02039,-1.79492,-13.31745,-14.34876,1.03131,3.0059,2.9872,85.0,0.0206,0.3,degraded
16.31,37.92293,39.88882,-1.96589,-13.06081,-14.30555,1.24473,2.9967,2.7301,85.0,0.0123,0.3,degraded
16.32,37.61809,39.74754,-2.12945,-12.8028,-14.25011,1.44731,2.9779,2.982,85.0,0.02103,0.3,degraded
16.33,37.31101,39.58754,-2.27653,-12.54346,-14.16527,1.62181,3.0035,0.6333,85.0,0.01354,0.3,degraded
16.34,37.00175,39.40758,-2.40583,-12.28281,-14.05865,1.77584,0.2011,2.9921,85.0,0.0185,0.3,degraded
16.35,36.6904,39.21717,-2.52677,-12.02089,-13.92793,1.90704,1.3634,2.9792,85.0,0.01353,0.3,degraded
16.36,36.37703,39.00806,-2.63103,-11.75774,-13.8071,2.04935,1.5453,2.9971,85.0,0.00401,0.3,degraded
16.37,36.06171,38.80444,-2.74273,-11.49339,-13.66438,2.17098,2.9928,3.0,85.0,0.01648,0.3,degraded
16.38,35.74452,38.57514,-2.83062,-11.22788,-13.51727,2.28939,2.9842,1.4497,85.0,0.01094,0.3,degraded
16.39,35.42553,38.34992,-2.9244,-10.96124,-13.36197,2.40073,1.9695,1.8405,85.0,0.00878,0.3,degraded
16.4,35.10481,38.10052,-2.99571,-10.6935,-13.18959,2.49609,3.0015,2.9801,85.0,0.01747,0.3,degraded
16.41,34.78245,37.86239,-3.07994,-10.4247,-13.0129,2.58819,3.0003,2.9865,85.0,0.01524,0.3,degraded
16.42,34.45852,37.60629,-3.14778,-10.15488,-12.83959,2.68471,2.9911,1.9714,85.0,0.00658,0.3,degraded
16.43,34.13309,37.34677,-3.21367,-9.88408,-12.64687,2.76279,3.0181,2.9844,85.0,0.01731,0.3,degraded
16.44,33.80625,37.0676,-3.26135,-9.61232,-12.44473,2.83241,0.1767,2.9845,85.0,0.00894,0.3,degraded
16.45,33.47807,36.79214,-3.31406,-9.33965,-12.2482,2.90855,2.3962,0.5423,85.0,0.00364,0.3,degraded
16.46,33.14863,36.49587,-3.34724,-9.0661,-12.03685,2.97075,2.9861,1.9095,85.0,0.01847,0.3,degraded
16.47,32.81801,36.20815,-3.39014,-8.79171,-11.82806,3.03635,0.0,2.9885,85.0,0.01535,0.3,degraded
16.48,32.48628,35.91253,-3.42625,-8.51651,-11.61545,3.09893,1.6978,2.9567,85.0,0.02129,0.3,degraded
16.49,32.15352,35.6231,-3.46958,-8.24055,-11.38507,3.14452,1.0129,2.7719,85.0,0.03382,0.3,degraded
16.5,31.81981,35.32332,-3.50352,-7.96386,-11.15893,3.19507,3.0149,3.0,85.0,0.00308,0.3,degraded
16.51,31.48522,35.0293,-3.54408,-7.68648,-10.92704,3.24056,2.9802,2.4495,85.0,0.01627,0.3,degraded
16.52,31.14985,34.71956,-3.56971,-7.40844,-10.70765,3.29921,3.0396,2.9981,85.0,0.00701,0.3,degraded
16.53,30.81375,34.40899,-3.59524,-7.12978,-10.45798,3.3282,3.0166,3.0,85.0,0.00553,0.3,degraded
16.54,30.47702,34.09639,-3.61937,-6.85054,-10.2299,3.37936,3.0037,1.7921,85.0,0.00724,0.3,degraded
16.55,30.13973,33.77833,-3.6386,-6.57077,-9.9902,3.41943,3.0236,1.3384,85.0,0.02202,0.3,degraded
16.56,29.80195,33.46292,-3.66097,-6.29048,-9.74028,3.44979,2.623,2.9815,85.0,0.01201,0.3,degraded
16.57,29.46377,33.13489,-3.67112,-6.00974,-9.49289,3.48315,0.0121,3.0,85.0,0.0,0.3,degraded
16.58,29.12527,32.80156,-3.67629,-5.72856,-9.23884,3.51028,3.0038,2.9975,85.0,0.00734,0.3,degraded
16.59,28.78651,32.46803,-3.68152,-5.447,-8.98595,3.53895,2.9983,2.9883,85.0,0.01793,0.3,degraded
16.6,28.44758,32.14586,-3.69828,-5.16508,-8.73679,3.57171,0.0138,2.8802,85.0,0.00726,0.3,degraded
16.61,28.10856,31.82086,-3.7123,-4.88285,-8.47899,3.59614,2.0973,1.3561,85.0,0.0051,0.3,degraded
16.62,27.76951,31.48678,-3.71727,-4.60035,-8.21018,3.60983,2.9839,3.0,85.0,0.01501,0.3,degraded
16.63,27.43053,31.16495,-3.73442,-4.31761,-7.95138,3.63377,2.9975,3.0,85.0,0.01461,0.3,degraded
16.64,27.09167,30.82971,-3.73804,-4.03467,-7.69008,3.65542,1.1998,2.4086,85.0,0.01636,0.3,degraded
16.65,26.75303,30.49897,-3.74594,-3.75157,-7.41594,3.66437,3.007,3.0,85.0,0.00918,0.3,degraded
16.66,26.41466,30.16777,-3.75311,-3.46835,-7.15671,3.68836,3.0187,3.0,85.0,0.01053,0.3,degraded
16.67,26.07666,29.83194,-3.75528,-3.18505,-6.8822,3.69715,2.9839,2.9816,85.0,0.00753,0.3,degraded
16.68,25.73908,29.49023,-3.75114,-2.9017,-6.61362,3.71192,3.0144,3.0,85.0,0.01536,0.3,degraded
16.69,25.40201,29.154,-3.75199,-2.61834,-6.33935,3.721,3.0108,2.9823,85.0,0.01347,0.3,degraded
16.7,25.06552,28.81566,-3.75013,-2.33502,-6.05232,3.7173,2.9908,2.0927,85.0,0.00299,0.3,degraded
16.71,24.72969,28.47623,-3.74655,-2.05177,-5.78085,3.72908,2.9895,3.0,85.0,0.01824,0.3,degraded
16.72,24.39457,28.1427,-3.74813,-1.76862,-5.52039,3.75177,3.0027,2.9854,85.0,0.0036,0.3,degraded
16.73,24.06025,27.80702,-3.74678,-1.48562,-5.23926,3.75364,3.0066,3.0,85.0,0.00186,0.3,degraded
16.74,23.72679,27.47194,-3.74516,-1.20281,-4.96667,3.76386,3.0047,0.6966,85.0,0.01712,0.3,degraded
16.75,23.39426,27.13586,-3.74159,-0.92021,-4.68753,3.76732,0.865,0.3313,85.0,0.00224,0.3,degraded
16.76,23.06274,26.80895,-3.7462,-0.63788,-4.41091,3.77303,2.5234,0.2895,85.0,0.00584,0.3,degraded
16.77,22.7323,26.46726,-3.73496,-0.35584,-4.13314,3.7773,3.0001,2.3037,85.0,0.0089,0.3,degraded
16.78,22.40299,26.13767,-3.73469,-0.07414,-3.8548,3.78066,2.9343,3.0,85.0,0.01683,0.3,degraded
16.79,22.07488,25.80089,-3.72601,0.20719,-3.56743,3.77462,1.0483,2.55,85.0,0.00826,0.3,degraded
16.8,21.74805,25.46983,-3.72178,0.48811,-3.29489,3.783,1.5109,2.5527,85.0,0.01047,0.3,degraded
16.81,21.42256,25.13137,-3.70881,0.76859,-3.01743,3.78601,0.5162,1.8081,85.0,0.0087,0.3,degraded
16.82,21.09847,24.78316,-3.68469,1.04858,-2.74201,3.79059,2.9885,2.9962,85.0,0.00758,0.3,degraded
16.83,20.77584,24.45146,-3.67561,1.32805,-2.46164,3.78968,2.9676,2.6231,85.0,0.02088,0.3,degraded
16.84,20.45475,24.11868,-3.66393,1.60696,-2.19275,3.79971,2.9966,2.9806,85.0,0.01602,0.3,degraded
16.85,20.13524,23.78256,-3.64733,1.88528,-1.90915,3.79443,3.0014,0.5552,85.0,0.01559,0.3,degraded
16.86,19.81738,23.45906,-3.64168,2.16298,-1.63188,3.79486,2.9876,3.0,85.0,0.01449,0.3,degraded
16.87,19.50122,23.13745,-3.63622,2.44,-1.34404,3.78404,3.0039,2.334,85.0,0.00668,0.3,degraded
16.88,19.18684,22.80428,-3.61744,2.71633,-1.07653,3.79286,2.9976,2.9879,85.0,0.00462,0.3,degraded
16.89,18.87428,22.4736,-3.59932,2.99192,-0.79296,3.78488,0.5467,3.0,85.0,0.01433,0.3,degraded
16.9,18.5636,22.13539,-3.57179,3.26673,-0.51884,3.78557,2.9804,0.8713,85.0,0.01502,0.3,degraded
16.91,18.25485,21.81969,-3.56483,3.54074,-0.22607,3.76681,2.998,3.0,85.0,0.0122,0.3,degraded
16.92,17.9481,21.49629,-3.54819,3.81391,0.04465,3.76926,3.0002,3.0,85.0,0.01887,0.3,degraded
16.93,17.64339,21.18129,-3.53791,4.0862,0.32194,3.76426,0.5921,3.0,85.0,0.01067,0.3,degraded
16.94,17.34077,20.85375,-3.51298,4.35758,0.59934,3.75824,1.3513,2.9872,85.0,0.00512,0.3,degraded
16.95,17.0403,20.53234,-3.49204,4.62801,0.87376,3.75425,1.9749,2.9905,85.0,0.00999,0.3,degraded
16.96,16.74202,20.21884,-3.47682,4.89747,1.14853,3.74893,2.9941,0.7727,85.0,0.02988,0.3,degraded
16.97,16.44599,19.90809,-3.46211,5.16591,1.43322,3.73269,3.0243,3.0,85.0,0.0155,0.3,degraded
16.98,16.15224,19.58708,-3.43484,5.43331,1.69632,3.73699,2.0514,3.0,85.0,0.00075,0.3,degraded
16.99,15.86083,19.28587,-3.42504,5.69962,1.98056,3.71906,3.0197,1.5195,85.0,0.02502,0.3,degraded
17.0,15.5718,18.96355,-3.39176,5.96483,2.25359,3.71124,2.9983,2.7902,85.0,0.00063,0.3,degraded
17.01,15.28519,18.65731,-3.37212,6.22889,2.53022,3.69867,2.9948,2.9748,85.0,0.01903,0.3,degraded
17.02,15.00104,18.33783,-3.33679,6.49178,2.79416,3.69763,2.9808,0.0462,85.0,0.01334,0.3,degraded
17.03,14.7194,18.04226,-3.32287,6.75346,3.07189,3.68157,3.0011,3.0,85.0,0.00905,0.3,degraded
17.04,14.4403,17.73997,-3.29967,7.01391,3.3388,3.6751,1.7617,3.0,85.0,0.00203,0.3,degraded
17.05,14.16378,17.44373,-3.27995,7.27308,3.61212,3.66096,0.6718,2.9919,85.0,0.01318,0.3,degraded
17.06,13.88988,17.14677,-3.25689,7.53095,3.88216,3.6488,2.9873,2.976,85.0,0.00832,0.3,degraded
17.07,13.61863,16.85018,-3.23155,7.7875,4.14811,3.63939,2.9798,2.3571,85.0,0.01097,0.3,degraded
17.08,13.35007,16.55017,-3.2001,8.04268,4.42326,3.61942,3.0103,3.0,85.0,0.01777,0.3,degraded
17.09,13.08422,16.2562,-3.17198,8.29648,4.68694,3.60954,1.0227,0.2769,85.0,0.01396,0.3,degraded
17.1,12.82112,15.95818,-3.13706,8.54886,4.95288,3.59598,3.0066,0.6918,85.0,0.01202,0.3,degraded
17.11,12.5608,15.67651,-3.11571,8.79979,5.22526,3.57453,2.9875,2.9906,85.0,0.02523,0.3,degraded
17.12,12.30328,15.38842,-3.08514,9.04925,5.49746,3.55178,3.0028,3.0,85.0,0.01209,0.3,degraded
17.13,12.0486,15.09994,-3.05134,9.2972,5.76248,3.53472,2.9883,1.0014,85.0,0.03052,0.3,degraded
17.14,11.79677,14.80938,-3.01262,9.54363,6.0061,3.53753,3.0018,3.0,85.0,0.01187,0.3,degraded
17.15,11.54782,14.52873,-2.98091,9.78849,6.27097,3.51752,3.0131,1.2789,85.0,0.01692,0.3,degraded
17.16,11.30177,14.25994,-2.95817,10.03178,6.53071,3.50107,3.0168,0.2709,85.0,0.00437,0.3,degraded
17.17,11.05864,13.9802,-2.92155,10.27345,6.78981,3.48364,2.9995,3.0,85.0,0.01126,0.3,degraded
17.18,10.81846,13.70793,-2.88947,10.51349,7.05146,3.46203,2.9748,2.9987,85.0,0.01506,0.3,degraded
17.19,10.58123,13.4505,-2.86928,10.75187,7.32021,3.43166,2.9993,3.0,85.0,0.02013,0.3,degraded
17.2,10.34697,13.19555,-2.84858,10.98856,7.57004,3.41852,0.9435,2.9935,85.0,0.01635,0.3,degraded
17.21,10.11571,12.93971,-2.824,11.22354,7.82406,3.39948,2.9812,2.9756,85.0,0.02186,0.3,degraded
17.22,9.88744,12.67264,-2.7852,11.45679,8.0689,3.38789,2.8804,0.034,85.0,0.01121,0.3,degraded
17.23,9.66219,12.43044,-2.76826,11.68829,8.33275,3.35554,2.9978,2.999,85.0,0.01717,0.3,degraded
17.24,9.43996,12.16997,-2.73002,11.918,8.5816,3.3364,0.7833,2.6554,85.0,0.01135,0.3,degraded
17.25,9.22075,11.92235,-2.70159,12.14591,8.81995,3.32596,2.9929,3.0,85.0,0.00929,0.3,degraded
17.26,9.00459,11.66556,-2.66097,12.372,9.06532,3.30668,0.3563,3.0,85.0,0.00879,0.3,degraded
17.27,8.79147,11.42359,-2.63212,12.59624,9.31741,3.27883,1.5167,2.9798,85.0,0.01504,0.3,degraded
17.28,8.58139,11.17638,-2.59499,12.81861,9.55535,3.26327,2.1786,2.9985,85.0,0.00731,0.3,degraded
17.29,8.37436,10.94865,-2.57429,13.0391,9.79595,3.24316,3.0111,1.1243,85.0,0.01376,0.3,degraded
17.3,8.17038,10.70823,-2.53784,13.25768,10.03972,3.21796,3.0087,2.3084,85.0,0.00904,0.3,degraded
17.31,7.96945,10.47176,-2.50231,13.47434,10.2748,3.19953,2.9964,3.0,85.0,0.00786,0.3,degraded
17.32,7.77156,10.24758,-2.47601,13.68904,10.50137,3.18767,2.9884,3.0,85.0,0.01363,0.3,degraded
17.33,7.57672,10.02882,-2.45211,13.90179,10.7354,3.16639,3.0247,0.8267,85.0,0.01451,0.3,degraded
17.34,7.38491,9.79477,-2.40986,14.11255,10.96232,3.15023,2.997,0.2237,85.0,0.01116,0.3,degraded
17.35,7.19613,9.58739,-2.39126,14.32131,11.20036,3.12095,3.0024,2.9991,85.0,0.00486,0.3,degraded
17.36,7.01037,9.36767,-2.35731,14.52806,11.42047,3.10759,2.9968,0.7867,85.0,0.0177,0.3,degraded
17.37,6.82762,9.15082,-2.3232,14.73277,11.66029,3.07248,2.5209,2.9909,85.0,0.01133,0.3,degraded
17.38,6.64787,8.92589,-2.27802,14.93544,11.87555,3.05989,0.2754,3.0,85.0,0.01597,0.3,degraded
17.39,6.4711,8.72236,-2.25126,15.13604,12.10537,3.03067,2.9962,3.0,85.0,0.01381,0.3,degraded
17.4,6.29731,8.52291,-2.2256,15.33456,12.31378,3.02078,3.0049,2.1178,85.0,0.00887,0.3,degraded
17.41,6.12648,8.32404,-2.19756,15.53099,12.54851,2.98248,2.9977,3.0,85.0,0.00582,0.3,degraded
17.42,5.95858,8.12842,-2.16984,15.72532,12.76063,2.96469,2.9935,2.9986,85.0,0.01405,0.3,degraded
17.43,5.7936,7.93349,-2.13989,15.91752,12.98998,2.92754,3.0086,2.9919,85.0,0.00852,0.3,degraded
17.44,5.63153,7.72769,-2.09617,16.10759,13.20363,2.90395,2.9951,2.2876,85.0,0.00612,0.3,degraded
17.45,5.47233,7.54532,-2.07299,16.29551,13.42634,2.86917,2.2852,3.0,85.0,0.01547,0.3,degraded
17.46,5.31598,7.35496,-2.03897,16.48128,13.62908,2.8522,2.405,3.0,85.0,0.02172,0.3,degraded
17.47,5.16247,7.16556,-2.00309,16.66488,13.83591,2.82897,2.9916,3.0,85.0,0.00421,0.3,degraded
17.48,5.01176,6.98552,-1.97376,16.84631,14.04145,2.80486,0.8427,3.0,85.0,0.00508,0.3,degraded
17.49,4.86383,6.8011,-1.93726,17.02554,14.25498,2.77056,1.4245,2.9923,85.0,0.00808,0.3,degraded
17.5,4.71865,6.62299,-1.90434,17.20258,14.45591,2.74667,2.9868,2.9888,85.0,0.01926,0.3,degraded
17.51,4.57619,6.45302,-1.87683,17.37741,14.66246,2.71495,3.0035,2.9725,85.0,0.01026,0.3,degraded
17.52,4.43642,6.27223,-1.83581,17.55003,14.85637,2.69366,2.9883,0.4108,85.0,0.01384,0.3,degraded
17.53,4.29931,6.11238,-1.81307,17.72043,15.06683,2.6536,2.9898,2.9928,85.0,0.01077,0.3,degraded
17.54,4.16481,5.93904,-1.77422,17.8886,15.25691,2.63169,0.2065,2.7708,85.0,0.00707,0.3,degraded
17.55,4.03291,5.77534,-1.74243,18.05453,15.45415,2.60038,2.9808,3.0,85.0,0.02674,0.3,degraded
17.56,3.90355,5.61068,-1.70713,18.21822,15.63936,2.57886,2.3776,3.0,85.0,0.01857,0.3,degraded
17.57,3.77671,5.45385,-1.67715,18.37966,15.836,2.54366,3.0092,3.0,85.0,0.02834,0.3,degraded
17.58,3.65234,5.29851,-1.64617,18.53885,16.0246,2.51425,1.1102,3.0,85.0,0.01617,0.3,degraded
17.59,3.53041,5.15397,-1.62356,18.69578,16.21299,2.48279,2.3295,2.992,85.0,0.00719,0.3,degraded
17.6,3.41087,5.00486,-1.59399,18.85045,16.39286,2.45759,2.9938,3.0,85.0,0.00755,0.3,degraded
17.61,3.29368,4.86003,-1.56635,19.00285,16.57269,2.43017,3.0215,0.8877,85.0,0.01495,0.3,degraded
17.62,3.1788,4.71025,-1.53145,19.15299,16.74561,2.40738,2.8376,1.9058,85.0,0.01403,0.3,degraded
17.63,3.06618,4.56471,-1.49853,19.30086,16.92761,2.37325,3.001,1.3591,85.0,0.01077,0.3,degraded
17.64,2.95578,4.42647,-1.47069,19.44646,17.09959,2.34687,1.5708,2.9846,85.0,0.02415,0.3,degraded
17.65,2.84755,4.29404,-1.44649,19.58978,17.28515,2.30463,3.0158,1.8474,85.0,0.01391,0.3,degraded
17.66,2.74145,4.15409,-1.41264,19.73084,17.46443,2.2664,1.4767,2.5522,85.0,0.00879,0.3,degraded
17.67,2.63742,4.0325,-1.39508,19.86962,17.63049,2.23912,0.8927,1.0617,85.0,0.0096,0.3,degraded
17.68,2.53541,3.89578,-1.36037,20.00612,17.79493,2.21119,2.9693,3.0,85.0,0.00545,0.3,degraded
17.69,2.43538,3.77341,-1.33803,20.14036,17.95559,2.18477,3.0134,2.9903,85.0,0.01462,0.3,degraded
17.7,2.33727,3.65575,-1.31848,20.27232,18.12287,2.14946,2.5396,3.0,85.0,0.01261,0.3,degraded
17.71,2.24103,3.52774,-1.28671,20.40202,18.29042,2.1116,0.265,2.0572,85.0,0.01132,0.3,degraded
17.72,2.1466,3.3995,-1.25289,20.52945,18.44801,2.08143,0.9221,3.0,85.0,0.01237,0.3,degraded
17.73,2.05394,3.29064,-1.23669,20.65461,18.59577,2.05884,2.5768,2.9833,85.0,0.01277,0.3,degraded
17.74,1.96298,3.16741,-1.20443,20.77752,18.75449,2.02303,2.9855,0.4728,85.0,0.00632,0.3,degraded
17.75,1.87368,3.0606,-1.18692,20.89817,18.91053,1.98764,2.992,2.9951,85.0,0.01349,0.3,degraded
17.76,1.78597,2.95752,-1.17156,21.01657,19.04955,1.96702,3.0076,2.9869,85.0,0.00557,0.3,degraded
17.77,1.69979,2.84992,-1.15013,21.13273,19.19302,1.93971,1.9144,1.533,85.0,0.00309,0.3,degraded
17.78,1.61509,2.74915,-1.13405,21.24664,19.33157,1.91507,3.0157,3.0,85.0,0.02267,0.3,degraded
17.79,1.53181,2.65243,-1.12062,21.35833,19.46634,1.89199,1.6877,3.0,85.0,0.01896,0.3,degraded
17.8,1.44989,2.55233,-1.10244,21.46778,19.59859,1.86919,3.0161,1.9365,85.0,0.00528,0.3,degraded
17.81,1.36926,2.45135,-1.08209,21.57501,19.73381,1.8412,3.0165,2.3751,85.0,0.01285,0.3,degraded
17.82,1.28988,2.34417,-1.05429,21.68003,19.88023,1.7998,2.9825,2.992,85.0,0.0111,0.3,degraded
17.83,1.21167,2.24888,-1.03722,21.78285,20.00649,1.77636,3.0113,2.968,85.0,0.00903,0.3,degraded
17.84,1.13457,2.15244,-1.01787,21.88347,20.13731,1.74616,3.0036,2.9859,85.0,0.0,0.3,degraded
17.85,1.05852,2.05784,-0.99931,21.9819,20.27119,1.71071,3.0074,3.0,85.0,0.01831,0.3,degraded
17.86,0.98346,1.95436,-0.9709,22.07816,20.39729,1.68087,2.9818,3.0,85.0,0.0267,0.3,degraded
17.87,0.90933,1.86684,-0.95751,22.17225,20.51275,1.65949,3.001,2.9941,85.0,0.00706,0.3,degraded
17.88,0.83605,1.77342,-0.93737,22.26417,20.63662,1.62756,2.9841,2.9955,85.0,0.02199,0.3,degraded
17.89,0.76357,1.69043,-0.92685,22.35396,20.75583,1.59813,1.0052,2.9822,85.0,0.00524,0.3,degraded
17.9,0.69182,1.5988,-0.90698,22.4416,20.87916,1.56244,2.9889,3.0,85.0,0.01158,0.3,degraded
17.91,0.62074,1.50325,-0.88251,22.52713,21.00225,1.52488,2.9929,2.9929,85.0,0.01911,0.3,degraded
17.92,0.55025,1.41968,-0.86942,22.61054,21.10448,1.50607,3.0114,3.0,85.0,0.00857,0.3,degraded
17.93,0.4803,1.34501,-0.86471,22.69185,21.23284,1.45902,3.0136,3.0,85.0,0.01174,0.3,degraded
17.94,0.41082,1.26857,-0.85775,22.77108,21.34225,1.42883,1.1443,2.9881,85.0,0.00371,0.3,degraded
17.95,0.34173,1.19686,-0.85512,22.84824,21.44644,1.4018,2.9948,2.983,85.0,0.01888,0.3,degraded
17.96,0.27299,1.11868,-0.8457,22.92333,21.54327,1.38007,2.9886,0.4111,85.0,0.00816,0.3,degraded
17.97,0.20451,1.02571,-0.82121,22.99638,21.65051,1.34588,2.9762,0.2055,85.0,0.01551,0.3,degraded
17.98,0.13623,0.94781,-0.81158,23.06741,21.75608,1.31133,2.9921,1.8443,85.0,0.01522,0.3,degraded
17.99,0.06808,0.89324,-0.82516,23.13641,21.85426,1.28215,2.9995,1.6744,85.0,0.00532,0.3,degraded
18.0,0.0,0.83384,-0.83384,23.20342,21.94503,1.25839,2.9881,2.9979,85.0,0.01217,0.3,degraded
18.01,-0.06808,0.75794,-0.82602,23.26844,22.04641,1.22203,2.9997,3.0,85.0,0.01875,0.3,degraded
18.02,-0.13623,0.67395,-0.81018,23.3315,22.12871,1.20279,2.9768,1.2855,85.0,0.01895,0.3,degraded
18.03,-0.20451,0.59464,-0.79915,23.39261,22.22122,1.17139,2.977,2.9779,85.0,0.01884,0.3,degraded
18.04,-0.27299,0.5252,-0.79819,23.45178,22.28384,1.16794,3.0064,2.987,85.0,0.00612,0.3,degraded
18.05,-0.34173,0.46766,-0.8094,23.50903,22.35425,1.15478,3.0002,3.0,85.0,0.0,0.3,degraded
18.06,-0.41082,0.40375,-0.81457,23.56439,22.41743,1.14696,3.0041,2.9981,85.0,0.00046,0.3,degraded
18.07,-0.4803,0.33486,-0.81516,23.61786,22.48609,1.13177,3.0008,2.9669,85.0,0.00597,0.3,degraded
18.08,-0.55025,0.23808,-0.78833,23.66947,22.54935,1.12012,3.0116,3.0,85.0,0.0008,0.3,degraded
18.09,-0.62074,0.16978,-0.79052,23.71924,22.61957,1.09967,2.9863,2.9813,85.0,0.00058,0.3,degraded
18.1,-0.69182,0.10729,-0.79911,23.76718,22.68392,1.08326,2.9948,2.989,85.0,0.00393,0.3,degraded
18.11,-0.76357,0.04986,-0.81343,23.81331,22.7534,1.05991,3.0046,3.0,85.0,0.00357,0.3,degraded
18.12,-0.83605,-0.01149,-0.82457,23.85766,22.81602,1.04164,2.9779,3.0,85.0,0.003,0.3,degraded
18.13,-0.90933,-0.0996,-0.80973,23.90024,22.88391,1.01633,2.9993,3.0,85.0,0.00459,0.3,degraded
18.14,-0.98346,-0.18071,-0.80275,23.94108,22.94526,0.99581,3.0234,2.9862,85.0,0.00688,0.3,degraded
18.15,-1.05852,-0.27023,-0.78829,23.98018,23.01184,0.96834,3.0002,3.0,85.0,0.00499,0.3,degraded
18.16,-1.13457,-0.33841,-0.79616,24.01758,23.0712,0.94638,2.9803,2.9795,85.0,0.00366,0.3,degraded
18.17,-1.21167,-0.41837,-0.79329,24.0533,23.13695,0.91635,3.017,3.0,85.0,0.01238,0.3,degraded
18.18,-1.28988,-0.49427,-0.79561,24.08735,23.19598,0.89137,3.0129,3.0,85.0,0.00337,0.3,degraded
18.19,-1.36926,-0.5674,-0.80186,24.11975,23.26092,0.85884,3.0124,2.9823,85.0,0.01378,0.3,degraded
18.2,-1.44989,-0.6481,-0.80179,24.15054,23.31875,0.83179,2.9802,3.0,85.0,0.00355,0.3,degraded
18.21,-1.53181,-0.73421,-0.7976,24.17973,23.38067,0.79906,2.9954,2.9825,85.0,0.0083,0.3,degraded
18.22,-1.61509,-0.81783,-0.79726,24.20733,23.43678,0.77055,3.0214,3.0,85.0,0.0056,0.3,degraded
18.23,-1.69979,-0.8849,-0.81489,24.23339,23.49926,0.73413,2.7823,3.0,85.0,0.01463,0.3,degraded
18.24,-1.78597,-0.97433,-0.81164,24.25791,23.5526,0.70531,3.0046,2.9954,85.0,0.0,0.3,degraded
18.25,-1.87368,-1.05942,-0.81426,24.28092,23.61144,0.66947,3.0035,3.0,85.0,0.00568,0.3,degraded
18.26,-1.96298,-1.14901,-0.81398,24.30244,23.66285,0.63959,3.0143,3.0,85.0,0.0115,0.3,degraded
18.27,-2.05394,-1.22418,-0.82976,24.32249,23.72078,0.60172,3.0095,2.9962,85.0,0.00684,0.3,degraded
18.28,-2.1466,-1.31908,-0.82752,24.34111,23.7713,0.56981,2.9984,2.9918,85.0,0.00694,0.3,degraded
18.29,-2.24103,-1.38526,-0.85577,24.35831,23.82875,0.52956,1.4072,3.0,85.0,0.01186,0.3,degraded
18.3,-2.33727,-1.47737,-0.85989,24.37411,23.87921,0.4949,0.835,2.9922,85.0,0.00623,0.3,degraded
18.31,-2.43538,-1.56111,-0.87427,24.38854,23.93561,0.45293,2.9846,3.0,85.0,0.00513,0.3,degraded
18.32,-2.53541,-1.6411,-0.89431,24.40162,23.98528,0.41634,2.464,2.9972,85.0,0.01495,0.3,degraded
18.33,-2.63742,-1.72767,-0.90974,24.41338,24.04267,0.37071,2.6459,2.9874,85.0,0.0,0.3,degraded
18.34,-2.74145,-1.82001,-0.92143,24.42384,24.09538,0.32845,3.0067,3.0,85.0,0.01084,0.3,degraded
18.35,-2.84755,-1.91074,-0.93681,24.43302,24.15506,0.27796,2.971,2.9913,85.0,0.01737,0.3,degraded
18.36,-2.95578,-2.01205,-0.94373,24.44095,24.20823,0.23272,2.9997,3.0,85.0,0.00601,0.3,degraded
18.37,-3.06618,-2.09272,-0.97346,24.44765,24.26567,0.18197,2.9709,2.9968,85.0,0.00998,0.3,degraded
18.38,-3.1788,-2.19514,-0.98366,24.45314,24.31651,0.13664,1.9609,2.9989,85.0,0.00989,0.3,degraded
18.39,-3.29368,-2.28992,-1.00376,24.45746,24.37521,0.08226,0.1445,3.0,85.0,0.00603,0.3,degraded
18.4,-3.41087,-2.38394,-1.02693,24.46063,24.42953,0.03109,2.9916,2.9807,85.0,0.00121,0.3,degraded
18.41,-3.53041,-2.48828,-1.04213,24.46266,24.489,-0.02634,3.0021,3.0,85.0,0.01,0.3,degraded
18.42,-3.65234,-2.59689,-1.05545,24.46358,24.54241,-0.07882,2.9929,2.9953,85.0,0.00186,0.3,degraded
18.43,-3.77671,-2.68985,-1.08686,24.46343,24.60012,-0.13669,0.9984,2.9932,85.0,0.00357,0.3,degraded
18.44,-3.90355,-2.79697,-1.10658,24.46221,24.64523,-0.18302,3.0018,3.0,85.0,0.00651,0.3,degraded
18.45,-4.03291,-2.90668,-1.12622,24.45996,24.69174,-0.23177,1.3951,2.9802,85.0,0.00732,0.3,degraded
18.46,-4.16481,-3.01566,-1.14916,24.45671,24.72447,-0.26776,3.0,3.0,85.0,0.00088,0.3,degraded
18.47,-4.29931,-3.12443,-1.17488,24.45247,24.7586,-0.30613,2.9804,2.9698,85.0,0.00761,0.3,degraded
18.48,-4.43642,-3.23554,-1.20088,24.44727,24.78261,-0.33534,2.993,3.0,85.0,0.00725,0.3,degraded
18.49,-4.57619,-3.35609,-1.2201,24.44114,24.80945,-0.36831,3.024,3.0,85.0,0.0,0.3,degraded
18.5,-4.71865,-3.4735,-1.24516,24.43409,24.82635,-0.39226,3.0013,2.9959,85.0,0.01496,0.3,degraded
18.51,-4.86383,-3.59235,-1.27148,24.42616,24.84466,-0.4185,2.1485,3.0,85.0,0.01598,0.3,degraded
18.52,-5.01176,-3.71535,-1.29641,24.41736,24.85515,-0.43778,1.6702,2.9619,85.0,0.01158,0.3,degraded
18.53,-5.16247,-3.82965,-1.33283,24.40773,24.86883,-0.4611,2.5113,2.9964,85.0,0.00633,0.3,degraded
18.54,-5.31598,-3.96281,-1.35317,24.39728,24.87319,-0.4759,3.0158,2.991,85.0,0.01463,0.3,degraded
18.55,-5.47233,-4.09645,-1.37587,24.38605,24.88107,-0.49502,3.0212,2.9929,85.0,0.00085,0.3,degraded
18.56,-5.63153,-4.23508,-1.39645,24.37405,24.87973,-0.50569,3.0155,2.9891,85.0,0.00642,0.3,degraded
18.57,-5.7936,-4.37193,-1.42167,24.3613,24.88163,-0.52033,2.9921,3.0,85.0,0.00796,0.3,degraded
18.58,-5.95858,-4.5106,-1.44798,24.34784,24.87303,-0.52519,3.0272,2.9945,85.0,0.00134,0.3,degraded
18.59,-6.12648,-4.65023,-1.47625,24.33368,24.8696,-0.53592,3.0134,2.9959,85.0,0.00659,0.3,degraded
18.6,-6.29731,-4.79136,-1.50595,24.31885,24.85902,-0.54017,2.9929,3.0,85.0,0.00948,0.3,degraded
18.61,-6.4711,-4.93833,-1.53277,24.30338,24.85299,-0.54961,2.9986,3.0,85.0,0.0,0.3,degraded
18.62,-6.64787,-5.08395,-1.56392,24.28728,24.8415,-0.55423,0.1732,2.9762,85.0,0.0025,0.3,degraded
18.63,-6.82762,-5.23401,-1.59361,24.27058,24.83378,-0.56321,0.9037,2.8875,85.0,0.00429,0.3,degraded
18.64,-7.01037,-5.37845,-1.63191,24.25329,24.81692,-0.56362,2.9914,3.0,85.0,0.00677,0.3,degraded
18.65,-7.19613,-5.54126,-1.65487,24.23546,24.80587,-0.57042,2.9927,2.9945,85.0,0.00594,0.3,degraded
18.66,-7.38491,-5.70535,-1.67956,24.21709,24.78723,-0.57014,1.8218,3.0,85.0,0.01377,0.3,degraded
18.67,-7.57672,-5.85671,-1.72001,24.19821,24.77552,-0.57731,3.0028,3.0,85.0,0.00307,0.3,degraded
18.68,-7.77156,-6.02307,-1.74849,24.17884,24.75533,-0.57649,3.0096,3.0,85.0,0.01041,0.3,degraded
18.69,-7.96945,-6.17587,-1.79358,24.15901,24.74015,-0.58114,3.0008,3.0,85.0,0.01043,0.3,degraded
18.7,-8.17038,-6.34879,-1.8216,24.13873,24.71735,-0.57863,3.0048,2.9856,85.0,0.00688,0.3,degraded
18.71,-8.37436,-6.5173,-1.85706,24.11802,24.69906,-0.58104,0.5125,3.0,85.0,0.00098,0.3,degraded
18.72,-8.58139,-6.70192,-1.87947,24.09692,24.67361,-0.57669,1.1932,2.9942,85.0,0.00699,0.3,degraded
18.73,-8.79147,-6.86847,-1.923,24.07543,24.65389,-0.57846,2.999,3.0,85.0,0.00418,0.3,degraded
18.74,-9.00459,-7.05946,-1.94513,24.05359,24.62776,-0.57417,2.522,3.0,85.0,0.00608,0.3,degraded
18.75,-9.22075,-7.23305,-1.9877,24.03141,24.60883,-0.57743,2.995,3.0,85.0,0.01682,0.3,degraded
18.76,-9.43996,-7.43134,-2.00862,24.0089,24.58265,-0.57375,2.9875,2.9959,85.0,0.01035,0.3,degraded
18.77,-9.66219,-7.62164,-2.04055,23.9861,24.5633,-0.57719,0.7711,2.9974,85.0,0.00542,0.3,degraded
18.78,-9.88744,-7.81429,-2.07315,23.96302,24.5364,-0.57337,2.9971,2.9789,85.0,0.00489,0.3,degraded
18.79,-10.11571,-8.00849,-2.10721,23.93969,24.51354,-0.57386,2.9891,2.9959,85.0,0.00918,0.3,degraded
18.8,-10.34697,-8.20706,-2.13992,23.91611,24.4838,-0.56769,2.6346,2.9862,85.0,0.0,0.3,degraded
18.81,-10.58123,-8.40907,-2.17216,23.89231,24.46064,-0.56833,3.0108,3.0,85.0,0.01904,0.3,degraded
18.82,-10.81846,-8.61323,-2.20523,23.86831,24.43061,-0.5623,3.0108,3.0,85.0,0.00289,0.3,degraded
18.83,-11.05864,-8.81784,-2.2408,23.84413,24.40725,-0.56313,3.009,3.0,85.0,0.01388,0.3,degraded
18.84,-11.30177,-9.02925,-2.27252,23.81978,24.37755,-0.55777,2.4947,2.977,85.0,0.01347,0.3,degraded
18.85,-11.54782,-9.23606,-2.31176,23.79528,24.35228,-0.557,2.9969,2.9869,85.0,0.00831,0.3,degraded
18.86,-11.79677,-9.46055,-2.33622,23.77066,24.31954,-0.54889,3.0016,3.0,85.0,0.00849,0.3,degraded
18.87,-12.0486,-9.67942,-2.36917,23.74592,24.29209,-0.54617,2.9955,2.9911,85.0,0.00385,0.3,degraded
18.88,-12.30328,-9.90909,-2.39419,23.72109,24.25948,-0.5384,2.9828,2.9857,85.0,0.0074,0.3,degraded
18.89,-12.5608,-10.13573,-2.42507,23.69617,24.23392,-0.53775,1.8805,3.0,85.0,0.00328,0.3,degraded
18.9,-12.82112,-10.36185,-2.45927,23.6712,24.20102,-0.52983,2.2223,2.9933,85.0,0.00468,0.3,degraded
18.91,-13.08422,-10.58826,-2.49596,23.64617,24.17574,-0.52957,2.1781,3.0,85.0,0.00455,0.3,degraded
18.92,-13.35007,-10.82319,-2.52687,23.62112,24.14675,-0.52563,1.6045,2.9121,85.0,0.0,0.3,degraded
18.93,-13.61863,-11.06546,-2.55316,23.59605,24.12174,-0.52569,2.9937,3.0,85.0,0.01253,0.3,degraded
18.94,-13.88988,-11.29877,-2.5911,23.57097,24.09082,-0.51985,2.9919,2.9986,85.0,0.00535,0.3,degraded
18.95,-14.16378,-11.54006,-2.62372,23.54591,24.0669,-0.52099,1.6839,3.0,85.0,0.009,0.3,degraded
18.96,-14.4403,-11.79341,-2.64689,23.52088,24.03691,-0.51603,1.3289,2.9991,85.0,0.01386,0.3,degraded
18.97,-14.7194,-12.02514,-2.69426,23.49588,24.0106,-0.51472,2.9913,3.0,85.0,0.00658,0.3,degraded
18.98,-15.00104,-12.28263,-2.71841,23.47094,23.97935,-0.50841,0.316,3.0,85.0,0.01427,0.3,degraded
18.99,-15.28519,-12.54226,-2.74293,23.44606,23.95389,-0.50783,3.0071,2.9924,85.0,0.00878,0.3,degraded
19.0,-15.5718,-12.79502,-2.77678,23.42127,23.92287,-0.5016,2.9943,2.9988,85.0,0.01648,0.3,degraded
19.01,-15.86083,-13.06073,-2.8001,23.39656,23.89864,-0.50208,3.0096,2.9621,85.0,0.00025,0.3,degraded
19.02,-16.15224,-13.32183,-2.83041,23.37196,23.8676,-0.49564,3.0044,3.0,85.0,0.00268,0.3,degraded
19.03,-16.44599,-13.5797,-2.86629,23.34747,23.84137,-0.49391,3.0129,2.9778,85.0,0.01748,0.3,degraded
19.04,-16.74202,-13.86764,-2.87438,23.3231,23.80901,-0.48591,3.0012,2.998,85.0,0.00072,0.3,degraded
19.05,-17.0403,-14.12715,-2.91315,23.29887,23.78352,-0.48465,2.9598,2.9975,85.0,0.00948,0.3,degraded
19.06,-17.34077,-14.40809,-2.93268,23.27478,23.75474,-0.47996,3.014,2.878,85.0,0.01483,0.3,degraded
19.07,-17.64339,-14.67461,-2.96878,23.25085,23.72873,-0.47788,2.9761,2.9975,85.0,0.00685,0.3,degraded
19.08,-17.9481,-14.94888,-2.99922,23.22708,23.69728,-0.4702,2.9997,2.9845,85.0,0.00262,0.3,degraded
19.09,-18.25485,-15.23588,-3.01897,23.20349,23.67372,-0.47023,3.0236,2.9965,85.0,0.01245,0.3,degraded
19.1,-18.5636,-15.50962,-3.05398,23.18007,23.64565,-0.46558,3.0057,3.0,85.0,0.01283,0.3,degraded
19.11,-18.87428,-15.78901,-3.08527,23.15685,23.62237,-0.46553,2.9946,3.0,85.0,0.00328,0.3,degraded
19.12,-19.18684,-16.0858,-3.10104,23.13381,23.59236,-0.45854,2.9773,2.9951,85.0,0.0118,0.3,degraded
19.13,-19.50122,-16.36683,-3.13439,23.11099,23.56828,-0.45729,3.0007,3.0,85.0,0.00618,0.3,degraded
19.14,-19.81738,-16.66624,-3.15114,23.08837,23.53881,-0.45044,2.981,3.0,85.0,0.00306,0.3,degraded
19.15,-20.13524,-16.95766,-3.17758,23.06597,23.5155,-0.44954,3.0081,2.9732,85.0,0.01014,0.3,degraded
19.16,-20.45475,-17.264,-3.19075,23.04379,23.48479,-0.44101,2.499,3.0,85.0,0.01228,0.3,degraded
19.17,-20.77584,-17.55969,-3.21615,23.02183,23.46099,-0.43916,1.9105,2.9687,85.0,0.01292,0.3,degraded
19.18,-21.09847,-17.8506,-3.24787,23.00011,23.43098,-0.43087,2.9775,3.0,85.0,0.00491,0.3,degraded
19.19,-21.42256,-18.1574,-3.26516,22.97862,23.40616,-0.42754,2.9804,3.0,85.0,0.00422,0.3,degraded
19.2,-21.74805,-18.45609,-3.29197,22.95738,23.37727,-0.41989,3.014,2.9603,85.0,0.01033,0.3,degraded
19.21,-22.07488,-18.7664,-3.30849,22.93637,23.35361,-0.41724,3.0082,3.0,85.0,0.0169,0.3,degraded
19.22,-22.40299,-19.08065,-3.32234,22.91562,23.32313,-0.40752,2.9724,2.998,85.0,0.01241,0.3,degraded
19.23,-22.7323,-19.38128,-3.35101,22.89511,23.30063,-0.40552,2.9894,2.9843,85.0,0.01238,0.3,degraded
19.24,-23.06274,-19.68741,-3.37533,22.87485,23.27187,-0.39702,2.984,3.0,85.0,0.00333,0.3,degraded
19.25,-23.39426,-19.99356,-3.40071,22.85485,23.24909,-0.39424,2.9988,2.9953,85.0,0.02042,0.3,degraded
19.26,-23.72679,-20.32248,-3.40431,22.83509,23.21899,-0.3839,3.0059,3.0,85.0,0.00116,0.3,degraded
19.27,-24.06025,-20.63534,-3.4249,22.8156,23.19628,-0.38068,3.0162,2.9924,85.0,0.01573,0.3,degraded
19.28,-24.39457,-20.94912,-3.44545,22.79635,23.16841,-0.37206,2.1711,2.9972,85.0,0.00591,0.3,degraded
19.29,-24.72969,-21.2627,-3.46699,22.77737,23.14631,-0.36895,2.9858,3.0,85.0,0.0,0.3,degraded
19.3,-25.06552,-21.58376,-3.48177,22.75863,23.11754,-0.35891,3.0082,3.0,85.0,0.00277,0.3,degraded
19.31,-25.40201,-21.90616,-3.49586,22.74015,23.09439,-0.35424,2.9995,2.9989,85.0,0.01559,0.3,degraded
19.32,-25.73908,-22.24423,-3.49485,22.72192,23.06402,-0.3421,2.9812,3.0,85.0,0.0023,0.3,degraded
19.33,-26.07666,-22.56268,-3.51398,22.70394,23.04064,-0.3367,1.777,2.994,85.0,0.00096,0.3,degraded
19.34,-26.41466,-22.89442,-3.52024,22.68621,23.00922,-0.32301,2.968,3.0,85.0,0.00966,0.3,degraded
19.35,-26.75303,-23.2136,-3.53942,22.66872,22.98601,-0.31729,0.1239,2.9866,85.0,0.0,0.3,degraded
19.36,-27.09167,-23.5516,-3.54007,22.65147,22.95583,-0.30435,1.5294,2.9925,85.0,0.00688,0.3,degraded
19.37,-27.43053,-23.87204,-3.55849,22.63446,22.93153,-0.29707,2.9715,2.9839,85.0,0.00608,0.3,degraded
19.38,-27.76951,-24.20941,-3.56011,22.61768,22.90005,-0.28237,0.7909,3.0,85.0,0.00032,0.3,degraded
19.39,-28.10856,-24.53714,-3.57142,22.60113,22.87558,-0.27444,3.0038,2.9813,85.0,0.00776,0.3,degraded
19.4,-28.44758,-24.87853,-3.56906,22.58481,22.84424,-0.25943,2.9867,2.9942,85.0,0.01331,0.3,degraded
19.41,-28.78651,-25.20549,-3.58102,22.5687,22.82004,-0.25134,3.0011,3.0,85.0,0.00166,0.3,degraded
19.42,-29.12527,-25.54267,-3.58259,22.5528,22.78837,-0.23557,3.0063,2.9841,85.0,0.00716,0.3,degraded
19.43,-29.46377,-25.86946,-3.59431,22.53711,22.76342,-0.22632,2.9961,3.0,85.0,0.01121,0.3,degraded
19.44,-29.80195,-26.20916,-3.59279,22.52161,22.73191,-0.21029,0.5765,2.9926,85.0,0.01282,0.3,degraded
19.45,-30.13973,-26.55249,-3.58723,22.50631,22.7073,-0.20099,3.0025,3.0,85.0,0.00522,0.3,degraded
19.46,-30.47702,-26.8855,-3.59152,22.49119,22.67705,-0.18586,2.9978,2.9847,85.0,0.00578,0.3,degraded
19.47,-30.81375,-27.2163,-3.59746,22.47625,22.6545,-0.17825,2.9936,2.9913,85.0,0.01009,0.3,degraded
19.48,-31.14985,-27.55385,-3.59599,22.46147,22.62486,-0.16339,2.9918,3.0,85.0,0.00073,0.3,degraded
19.49,-31.48522,-27.88131,-3.60391,22.44685,22.60085,-0.154,2.991,3.0,85.0,0.00444,0.3,degraded
19.5,-31.81981,-28.22375,-3.59605,22.43238,22.56977,-0.13739,2.9986,3.0,85.0,0.00468,0.3,degraded
19.51,-32.15352,-28.55303,-3.60049,22.41805,22.54581,-0.12776,2.9972,3.0,85.0,0.0,0.3,degraded
19.52,-32.48628,-28.88826,-3.59802,22.40385,22.5149,-0.11105,3.0033,2.9738,85.0,0.01116,0.3,degraded
19.53,-32.81801,-29.21659,-3.60142,22.38976,22.4915,-0.10174,2.9738,2.9927,85.0,0.00585,0.3,degraded
19.54,-33.14863,-29.55739,-3.59124,22.37578,22.46296,-0.08717,0.0585,3.0,85.0,0.00076,0.3,degraded
19.55,-33.47807,-29.88364,-3.59444,22.3619,22.43992,-0.07801,3.0041,2.9852,85.0,0.00611,0.3,degraded
19.56,-33.80625,-30.22096,-3.58529,22.3481,22.41276,-0.06465,1.0378,3.0,85.0,0.00411,0.3,degraded
19.57,-34.13309,-30.55541,-3.57769,22.33438,22.39144,-0.05706,3.0,2.9972,85.0,0.00628,0.3,degraded
19.58,-34.45852,-30.90245,-3.55606,22.32071,22.36565,-0.04493,2.9914,3.0,85.0,0.00295,0.3,degraded
19.59,-34.78245,-31.21559,-3.56686,22.30709,22.34715,-0.04005,3.024,3.0,85.0,0.01548,0.3,degraded
19.6,-35.10481,-31.55534,-3.54947,22.29351,22.32306,-0.02955,3.0017,3.0,85.0,0.01167,0.3,degraded
19.61,-35.42553,-31.87835,-3.54717,22.27994,22.3059,-0.02596,2.4489,3.0,85.0,0.00184,0.3,degraded
19.62,-35.74452,-32.21264,-3.53187,22.26638,22.28293,-0.01654,2.9977,3.0,85.0,0.01072,0.3,degraded
19.63,-36.06171,-32.53093,-3.53078,22.25281,22.26809,-0.01527,2.9945,2.9896,85.0,0.00508,0.3,degraded
19.64,-36.37703,-32.85529,-3.52174,22.23922,22.24721,-0.00799,3.0139,3.0,85.0,0.00489,0.3,degraded
19.65,-36.6904,-33.17815,-3.51225,22.22559,22.23412,-0.00852,3.0145,3.0,85.0,0.01323,0.3,degraded
19.66,-37.00175,-33.49918,-3.50258,22.21191,22.2166,-0.00469,2.5637,3.0,85.0,0.00325,0.3,degraded
19.67,-37.31101,-33.82169,-3.48932,22.19816,22.2053,-0.00714,3.0094,2.9811,85.0,0.00165,0.3,degraded
19.68,-37.61809,-34.14532,-3.47278,22.18432,22.18678,-0.00246,2.9819,3.0,85.0,0.01332,0.3,degraded
19.69,-37.92293,-34.46004,-3.46289,22.17039,22.17507,-0.00469,3.0046,3.0,85.0,0.00894,0.3,degraded
19.7,-38.22546,-34.78517,-3.44029,22.15633,22.15687,-0.00054,3.0094,2.9917,85.0,0.00901,0.3,degraded
19.71,-38.5256,-35.10965,-3.41596,22.14214,22.14449,-0.00235,3.0107,2.9888,85.0,0.00693,0.3,degraded
19.72,-38.82329,-35.41821,-3.40507,22.1278,22.12479,0.003,2.976,2.985,85.0,0.00767,0.3,degraded
19.73,-39.11844,-35.73056,-3.38789,22.11329,22.11136,0.00192,3.0056,2.9981,85.0,0.00282,0.3,degraded
19.74,-39.411,-36.04602,-3.36499,22.09859,22.09341,0.00518,3.0031,3.0,85.0,0.01148,0.3,degraded
19.75,-39.7009,-36.35124,-3.34966,22.08368,22.08351,0.00017,3.0034,2.9911,85.0,0.01041,0.3,degraded
19.76,-39.98806,-36.66988,-3.31818,22.06855,22.06729,0.00126,2.9847,3.0,85.0,0.0,0.3,degraded
19.77,-40.27242,-36.97077,-3.30165,22.05318,22.05669,-0.0035,3.0102,2.9993,85.0,0.00824,0.3,degraded
19.78,-40.55392,-37.26905,-3.28487,22.03755,22.04105,-0.0035,2.9907,2.9905,85.0,0.01289,0.3,degraded
19.79,-40.83248,-37.57018,-3.2623,22.02164,22.03031,-0.00867,2.9893,2.9986,85.0,0.01382,0.3,degraded
19.8,-41.10805,-37.88411,-3.22394,22.00543,22.01252,-0.00709,2.99,3.0,85.0,0.01432,0.3,degraded
19.81,-41.38055,-38.18821,-3.19234,21.9889,22.00413,-0.01523,2.9963,2.9847,85.0,0.01869,0.3,degraded
19.82,-41.64993,-38.47716,-3.17277,21.97203,21.98842,-0.01638,3.0125,2.9949,85.0,0.00779,0.3,degraded
19.83,-41.91613,-38.76951,-3.14662,21.9548,21.98005,-0.02525,3.0261,3.0,85.0,0.00736,0.3,degraded
19.84,-42.17908,-39.06912,-3.10996,21.9372,21.96604,-0.02884,3.0124,3.0,85.0,0.00372,0.3,degraded
19.85,-42.43872,-39.35012,-3.0886,21.91919,21.95928,-0.04009,3.0216,2.9731,85.0,0.0,0.3,degraded
19.86,-42.695,-39.63326,-3.06174,21.90076,21.94731,-0.04655,2.0545,2.9744,85.0,0.00935,0.3,degraded
19.87,-42.94786,-39.9162,-3.03166,21.8819,21.93991,-0.05801,0.5345,2.9804,85.0,0.00338,0.3,degraded
19.88,-43.19724,-40.21152,-2.98572,21.86257,21.92595,-0.06339,3.0007,3.0,85.0,0.0022,0.3,degraded
19.89,-43.44308,-40.48738,-2.9557,21.84275,21.91832,-0.07557,1.7624,2.9929,85.0,0.00461,0.3,degraded
19.9,-43.68533,-40.75718,-2.92815,21.82243,21.90288,-0.08045,2.9825,3.0,85.0,0.01203,0.3,degraded
19.91,-43.92395,-41.02791,-2.89604,21.80159,21.89279,-0.0912,1.263,2.9964,85.0,0.0,0.3,degraded
19.92,-44.15886,-41.29337,-2.8655,21.7802,21.87675,-0.09655,2.994,3.0,85.0,0.00205,0.3,degraded
19.93,-44.39003,-41.56742,-2.82262,21.75824,21.86761,-0.10937,2.9975,3.0,85.0,0.00679,0.3,degraded
19.94,-44.61741,-41.8286,-2.78881,21.73569,21.85197,-0.11628,1.348,3.0,85.0,0.01025,0.3,degraded
19.95,-44.84094,-42.0766,-2.76435,21.71252,21.84337,-0.13085,2.6311,2.9898,85.0,0.00609,0.3,degraded
19.96,-45.06059,-42.33333,-2.72726,21.68872,21.82884,-0.14012,2.883,2.9893,85.0,0.01749,0.3,degraded
19.97,-45.27629,-42.58556,-2.69073,21.66426,21.81973,-0.15547,3.0083,2.9853,85.0,0.01204,0.3,degraded
19.98,-45.48801,-42.8342,-2.65381,21.63912,21.8051,-0.16599,1.9742,3.0,85.0,0.01155,0.3,degraded
19.99,-45.69571,-43.07203,-2.62368,21.61328,21.79783,-0.18456,2.9692,2.9866,85.0,0.01078,0.3,degraded
20.0,-45.89935,-43.3214,-2.57794,21.58671,21.78467,-0.19796,0.1396,2.9862,85.0,0.0,0.3,degraded
20.01,-46.09887,-43.56473,-2.53415,21.55939,21.77638,-0.21699,2.9962,2.9758,85.0,0.00712,0.3,degraded
20.02,-46.29425,-43.8058,-2.48845,21.53131,21.76217,-0.23086,2.2237,3.0,85.0,0.01122,0.3,degraded
20.03,-46.48544,-44.03486,-2.45058,21.50243,21.75486,-0.25243,1.1983,2.9833,85.0,0.00073,0.3,degraded
20.04,-46.67242,-44.26025,-2.41217,21.47273,21.7422,-0.26947,3.0204,2.9955,85.0,0.01195,0.3,degraded
20.05,-46.85513,-44.48302,-2.37211,21.4422,21.73568,-0.29348,3.0142,2.9963,85.0,0.01466,0.3,degraded
20.06,-47.03356,-44.71517,-2.31839,21.4108,21.7234,-0.3126,3.0093,2.9899,85.0,0.00109,0.3,degraded
20.07,-47.20767,-44.91464,-2.29302,21.37853,21.71604,-0.33751,2.0349,2.9999,85.0,0.0,0.3,degraded
20.08,-47.37742,-45.13673,-2.24069,21.34534,21.70175,-0.35642,3.0057,3.0,85.0,0.01361,0.3,degraded
20.09,-47.54279,-45.33694,-2.20585,21.31122,21.69569,-0.38447,2.9991,3.0,85.0,0.00083,0.3,degraded
20.1,-47.70375,-45.5505,-2.15324,21.27615,21.68289,-0.40673,2.0405,3.0,85.0,0.00379,0.3,degraded
20.11,-47.86027,-45.74151,-2.11876,21.24011,21.67572,-0.43561,0.0888,2.9827,85.0,0.00774,0.3,degraded
20.12,-48.01233,-45.94969,-2.06264,21.20307,21.66189,-0.45882,2.9931,3.0,85.0,0.009,0.3,degraded
20.13,-48.15991,-46.13308,-2.02683,21.165,21.65497,-0.48997,2.9844,2.9736,85.0,0.01005,0.3,degraded
20.14,-48.30298,-46.32801,-1.97497,21.12589,21.63985,-0.51395,2.9974,3.0,85.0,0.01188,0.3,degraded
20.15,-48.44152,-46.50437,-1.93715,21.08572,21.63185,-0.54613,3.0055,2.9976,85.0,0.01309,0.3,degraded
20.16,-48.57552,-46.7009,-1.87461,21.04445,21.61639,-0.57193,2.9803,2.9965,85.0,0.0,0.3,degraded
20.17,-48.70495,-46.86093,-1.84402,21.00208,21.60593,-0.60385,2.9949,3.0,85.0,0.01721,0.3,degraded
20.18,-48.8298,-47.02546,-1.80434,20.95857,21.58924,-0.63067,2.9913,3.0,85.0,0.00706,0.3,degraded
20.19,-48.95007,-47.19384,-1.75623,20.9139,21.57918,-0.66527,1.1486,3.0,85.0,0.0,0.3,degraded
20.2,-49.06572,-47.3548,-1.71092,20.86806,21.55903,-0.69097,2.9928,2.9234,85.0,0.00345,0.3,degraded
20.21,-49.17676,-47.51153,-1.66523,20.82102,21.5423,-0.72129,0.8942,2.9956,85.0,0.01518,0.3,degraded
20.22,-49.28317,-47.67313,-1.61004,20.77275,21.5167,-0.74395,3.0085,3.0,85.0,1e-05,0.3,degraded
20.23,-49.38495,-47.80895,-1.576,20.72324,21.49307,-0.76983,1.0168,2.9894,85.0,0.00854,0.3,degraded
20.24,-49.48209,-47.95523,-1.52686,20.67246,21.46034,-0.78789,3.0138,2.9904,85.0,0.00745,0.3,degraded
20.25,-49.57458,-48.09479,-1.47979,20.62039,21.43213,-0.81173,0.6256,3.0,85.0,0.00338,0.3,degraded
20.26,-49.66242,-48.23033,-1.43209,20.56702,21.3956,-0.82858,1.0023,3.0,85.0,0.01174,0.3,degraded
20.27,-49.74561,-48.35378,-1.39183,20.51231,21.36355,-0.85124,3.017,2.9817,85.0,0.00558,0.3,degraded
20.28,-49.82416,-48.49702,-1.32713,20.45625,21.32259,-0.86634,3.009,3.0,85.0,0.0002,0.3,degraded
20.29,-49.89805,-48.61171,-1.28634,20.39882,21.28521,-0.88638,1.6945,2.9721,85.0,0.01099,0.3,degraded
20.3,-49.96729,-48.73946,-1.22783,20.34,21.23906,-0.89906,2.9834,3.0,85.0,0.01096,0.3,degraded
20.31,-50.0319,-48.85677,-1.17513,20.27976,21.19722,-0.91745,3.0111,3.0,85.0,0.00932,0.3,degraded
20.32,-50.09187,-48.96451,-1.12736,20.21809,21.14705,-0.92896,0.8723,2.9884,85.0,0.00287,0.3,degraded
20.33,-50.14721,-49.07158,-1.07563,20.15496,21.10141,-0.94645,1.9841,2.9996,85.0,0.01171,0.3,degraded
20.34,-50.19793,-49.16203,-1.0359,20.09036,21.04924,-0.95888,3.0043,3.0,85.0,0.00563,0.3,degraded
20.35,-50.24405,-49.25605,-0.988,20.02427,20.99953,-0.97526,0.1508,2.9602,85.0,0.00325,0.3,degraded
20.36,-50.28557,-49.34827,-0.9373,19.95666,20.94212,-0.98546,1.6294,2.9851,85.0,0.00516,0.3,degraded
20.37,-50.32251,-49.43534,-0.88717,19.88752,20.89098,-1.00346,3.0071,2.9899,85.0,0.00084,0.3,degraded
20.38,-50.35488,-49.52801,-0.82687,19.81682,20.83197,-1.01514,3.007,2.9649,85.0,0.00032,0.3,degraded
20.39,-50.3827,-49.59573,-0.78697,19.74456,20.77752,-1.03296,3.0094,2.9975,85.0,0.01126,0.3,degraded
20.4,-50.406,-49.67645,-0.72955,19.67071,20.71498,-1.04427,3.01,3.0,85.0,0.00252,0.3,degraded
20.41,-50.42478,-49.7353,-0.68948,19.59525,20.65678,-1.06153,2.9883,3.0,85.0,0.00083,0.3,degraded
20.42,-50.43907,-49.79248,-0.64659,19.51817,20.59195,-1.07378,3.016,2.9404,85.0,0.00441,0.3,degraded
20.43,-50.4489,-49.8436,-0.6053,19.43944,20.53102,-1.09158,2.988,3.0,85.0,0.01555,0.3,degraded
20.44,-50.45428,-49.90182,-0.55246,19.35906,20.44381,-1.08475,3.0281,3.0,85.0,0.01372,0.3,degraded
20.45,-50.45525,-49.95449,-0.50076,19.277,20.35238,-1.07538,3.0284,3.0,85.0,0.0064,0.3,degraded
20.46,-50.45183,-50.01152,-0.44031,19.19324,20.25883,-1.06559,3.0102,0.88,85.0,0.00552,0.3,degraded
20.47,-50.44405,-50.06125,-0.3828,19.10778,20.17672,-1.06894,3.0055,0.3913,85.0,0.01067,0.3,degraded
20.48,-50.43194,-50.11958,-0.31237,19.02059,20.10833,-1.08774,2.9869,2.9742,85.0,0.00967,0.3,degraded
20.49,-50.41554,-50.17206,-0.24348,18.93166,20.03415,-1.10249,2.9742,2.2773,85.0,0.0016,0.3,degraded
20.5,-50.39487,-50.23152,-0.16335,18.84098,19.95959,-1.11862,2.9701,3.0,85.0,0.0126,0.3,degraded
20.51,-50.36996,-50.28267,-0.08729,18.74852,19.87411,-1.12559,2.9918,2.433,85.0,0.01705,0.3,degraded
20.52,-50.34087,-50.33959,-0.00127,18.65428,19.77144,-1.11716,2.9866,2.9814,85.0,0.01545,0.3,degraded
20.53,-50.30761,-50.38869,0.08108,18.55824,19.68965,-1.13141,2.835,2.9716,85.0,0.00328,0.3,degraded
20.54,-50.27024,-50.4325,0.16227,18.46038,19.60278,-1.1424,3.0069,3.0,85.0,0.01823,0.3,degraded
20.55,-50.22878,-50.45994,0.23116,18.3607,19.51967,-1.15897,3.0123,2.9602,85.0,0.007,0.3,degraded
20.56,-50.18329,-50.48875,0.30546,18.25918,19.42364,-1.16446,3.0065,0.8617,85.0,0.01037,0.3,degraded
20.57,-50.1338,-50.5039,0.3701,18.1558,19.33944,-1.18364,2.8053,2.9898,85.0,0.00946,0.3,degraded
20.58,-50.08036,-50.51636,0.436,18.05056,19.24643,-1.19586,3.023,3.0,85.0,0.00851,0.3,degraded
20.59,-50.02301,-50.51705,0.49403,17.94345,19.15121,-1.20776,3.0006,2.9784,85.0,0.01061,0.3,degraded
20.6,-49.9618,-50.51579,0.55399,17.83444,19.05681,-1.22237,2.8605,3.0,85.0,0.00391,0.3,degraded
20.61,-49.89678,-50.50257,0.6058,17.72354,18.9659,-1.24236,2.8331,1.6086,85.0,0.00771,0.3,degraded
20.62,-49.82798,-50.48819,0.66021,17.61073,18.87528,-1.26455,2.7831,3.0,85.0,0.0,0.3,degraded
20.63,-49.75548,-50.4616,0.70612,17.49599,18.77154,-1.27554,2.9709,1.702,85.0,0.00446,0.3,degraded
20.64,-49.6793,-50.4363,0.757,17.37933,18.67615,-1.29682,2.968,0.9039,85.0,0.01501,0.3,degraded
20.65,-49.59952,-50.39904,0.79952,17.26073,18.57327,-1.31254,3.0119,3.0,85.0,0.00596,0.3,degraded
20.66,-49.51617,-50.35707,0.8409,17.14018,18.47614,-1.33595,3.0115,3.0,85.0,0.00489,0.3,degraded
20.67,-49.42931,-50.30708,0.87777,17.01768,18.37632,-1.35865,2.9855,2.9885,85.0,0.00653,0.3,degraded
20.68,-49.339,-50.25998,0.92097,16.89321,18.27382,-1.38062,3.0005,2.9932,85.0,0.02184,0.3,degraded
20.69,-49.2453,-50.18813,0.94283,16.76677,18.16839,-1.40163,2.9687,3.0,85.0,0.01439,0.3,degraded
20.7,-49.14826,-50.10864,0.96039,16.63835,18.05591,-1.41757,2.9616,3.0,85.0,0.01341,0.3,degraded
20.71,-49.04793,-50.02402,0.97609,16.50794,17.93421,-1.42627,3.0095,3.0,85.0,0.01217,0.3,degraded
20.72,-48.94439,-49.95433,1.00994,16.37555,17.83654,-1.46099,3.0043,2.9963,85.0,0.01194,0.3,degraded
20.73,-48.83768,-49.86813,1.03046,16.24116,17.7218,-1.48065,2.9965,2.4628,85.0,0.02534,0.3,degraded
20.74,-48.72787,-49.78195,1.05408,16.10476,17.60882,-1.50406,2.9823,0.8595,85.0,0.013,0.3,degraded
20.75,-48.61502,-49.69274,1.07772,15.96636,17.50178,-1.53541,0.6271,3.0,85.0,0.01078,0.3,degraded
20.76,-48.49919,-49.60653,1.10734,15.82595,17.37833,-1.55238,3.0232,2.9802,85.0,0.01249,0.3,degraded
20.77,-48.38045,-49.50819,1.12774,15.68353,17.27078,-1.58726,1.8586,2.995,85.0,0.00212,0.3,degraded
20.78,-48.25886,-49.42545,1.16659,15.53909,17.14022,-1.60113,2.9977,1.9371,85.0,0.00787,0.3,degraded
20.79,-48.13448,-49.31792,1.18345,15.39263,17.02759,-1.63497,0.6369,2.9914,85.0,0.0319,0.3,degraded
20.8,-48.00738,-49.21522,1.20784,15.24414,16.91122,-1.66708,2.281,2.9943,85.0,0.01749,0.3,degraded
20.81,-47.87763,-49.10827,1.23065,15.09364,16.78774,-1.6941,3.0001,3.0,85.0,0.01587,0.3,degraded
20.82,-47.74528,-48.99697,1.25168,14.94111,16.66247,-1.72136,2.9944,2.5757,85.0,0.01125,0.3,degraded
20.83,-47.61042,-48.88671,1.27629,14.78655,16.53899,-1.75244,3.0138,2.0066,85.0,0.02083,0.3,degraded
20.84,-47.47311,-48.77191,1.2988,14.62997,16.41448,-1.78451,3.0,2.3521,85.0,0.00702,0.3,degraded
20.85,-47.33342,-48.65405,1.32063,14.47137,16.28127,-1.8099,1.9358,2.9928,85.0,0.02761,0.3,degraded
20.86,-47.19141,-48.55287,1.36146,14.31074,16.14074,-1.83,2.9975,1.569,85.0,0.01562,0.3,degraded
20.87,-47.04715,-48.4292,1.38205,14.14808,16.00619,-1.85811,3.015,2.9864,85.0,0.00773,0.3,degraded
20.88,-46.90072,-48.31687,1.41615,13.98341,15.87241,-1.88899,1.8441,0.6458,85.0,0.01527,0.3,degraded
20.89,-46.75219,-48.19631,1.44412,13.81672,15.73528,-1.91856,2.9876,2.1213,85.0,0.01097,0.3,degraded
20.9,-46.60162,-48.07421,1.47258,13.64802,15.5845,-1.93648,2.9915,2.9989,85.0,0.00366,0.3,degraded
20.91,-46.44909,-47.93551,1.48641,13.47731,15.44777,-1.97046,1.1628,3.0,85.0,0.00992,0.3,degraded
20.92,-46.29468,-47.80694,1.51226,13.30459,15.29218,-1.98759,2.9887,3.0,85.0,0.02059,0.3,degraded
20.93,-46.13844,-47.67682,1.53837,13.12986,15.15027,-2.0204,2.9855,3.0,85.0,0.00272,0.3,degraded
20.94,-45.98046,-47.54027,1.5598,12.95314,14.99802,-2.04487,2.0105,2.9681,85.0,0.01277,0.3,degraded
20.95,-45.82081,-47.39798,1.57717,12.77443,14.86086,-2.08643,3.0025,3.0,85.0,0.01648,0.3,degraded
20.96,-45.65955,-47.25783,1.59827,12.59374,14.70462,-2.11088,2.9977,3.0,85.0,0.00953,0.3,degraded
20.97,-45.49677,-47.12437,1.6276,12.41107,14.55866,-2.14759,2.9829,2.9826,85.0,0.00846,0.3,degraded
20.98,-45.33254,-46.98121,1.64867,12.22642,14.39707,-2.17065,3.0144,3.0,85.0,0.02632,0.3,degraded
20.99,-45.16692,-46.82189,1.65497,12.03982,14.23331,-2.19349,2.9822,3.0,85.0,0.00641,0.3,degraded
21.0,-45.0,-46.6799,1.6799,11.85125,14.06558,-2.21433,3.0092,2.9719,85.0,0.01374,0.3,degraded
21.01,-44.83184,-46.53062,1.69877,11.66075,13.90607,-2.24532,3.0107,3.0,85.0,0.01664,0.3,degraded
21.02,-44.66253,-46.38968,1.72715,11.46831,13.74498,-2.27667,2.3107,1.0598,85.0,0.0103,0.3,degraded
21.03,-44.49212,-46.2328,1.74068,11.27394,13.5857,-2.31176,2.9994,3.0,85.0,0.01679,0.3,degraded
21.04,-44.32071,-46.07034,1.74963,11.07766,13.41015,-2.33249,3.0125,1.4102,85.0,0.01598,0.3,degraded
21.05,-44.14835,-45.91996,1.77161,10.87947,13.24662,-2.36715,2.7251,0.9972,85.0,0.01532,0.3,degraded
21.06,-43.97513,-45.76136,1.78623,10.67939,13.07191,-2.39252,1.7186,3.0,85.0,0.01198,0.3,degraded
21.07,-43.80111,-45.60402,1.80291,10.47743,12.89206,-2.41462,2.991,2.9971,85.0,0.02212,0.3,degraded
21.08,-43.62638,-45.4491,1.82273,10.27361,12.70725,-2.43364,3.0131,3.0,85.0,0.02166,0.3,degraded
21.09,-43.45099,-45.27767,1.82667,10.06793,12.53267,-2.46474,0.3574,2.416,85.0,0.01591,0.3,degraded
21.1,-43.27504,-45.11449,1.83946,9.8604,12.35252,-2.49212,2.9996,2.9856,85.0,0.01577,0.3,degraded
21.11,-43.09857,-44.95035,1.85178,9.65106,12.17971,-2.52865,3.0079,2.994,85.0,0.0127,0.3,degraded
21.12,-42.92168,-44.78688,1.86519,9.4399,11.98721,-2.54731,0.218,2.9993,85.0,0.00832,0.3,degraded
21.13,-42.74443,-44.61164,1.86721,9.22694,11.79058,-2.56364,1.9138,2.9078,85.0,0.02033,0.3,degraded
21.14,-42.5669,-44.45294,1.88605,9.01221,11.60324,-2.59103,3.0074,0.035,85.0,0.00291,0.3,degraded
21.15,-42.38914,-44.2843,1.89516,8.79571,11.405,-2.60929,2.386,2.5278,85.0,0.01598,0.3,degraded
21.16,-42.21125,-44.11809,1.90685,8.57746,11.21279,-2.63533,3.0125,2.5703,85.0,0.02187,0.3,degraded
21.17,-42.03327,-43.93337,1.9001,8.35749,11.02781,-2.67032,2.4787,1.0921,85.0,0.02561,0.3,degraded
21.18,-41.85529,-43.76199,1.9067,8.1358,10.83512,-2.69932,3.0184,3.0,85.0,0.0055,0.3,degraded
21.19,-41.67738,-43.59316,1.91579,7.91242,10.64208,-2.72966,2.9887,3.0,85.0,0.02411,0.3,degraded
21.2,-41.49959,-43.41903,1.91944,7.68736,10.44309,-2.75573,1.7373,3.0,85.0,0.01312,0.3,degraded
21.21,-41.32201,-43.25305,1.93105,7.46065,10.2467,-2.78604,3.0118,2.9815,85.0,0.00725,0.3,degraded
21.22,-41.14469,-43.07689,1.9322,7.23231,10.02739,-2.79509,3.011,2.9757,85.0,0.02415,0.3,degraded
21.23,-40.96771,-42.89147,1.92375,7.00235,9.82978,-2.82744,3.0265,2.997,85.0,0.00993,0.3,degraded
21.24,-40.79113,-42.73178,1.94065,6.77079,9.61625,-2.84546,2.9892,1.5997,85.0,0.00069,0.3,degraded
21.25,-40.61502,-42.54637,1.93135,6.53766,9.42069,-2.88303,2.9877,3.0,85.0,0.01194,0.3,degraded
21.26,-40.43944,-42.37546,1.93602,6.30299,9.20197,-2.89898,3.0106,0.8657,85.0,0.01819,0.3,degraded
21.27,-40.26445,-42.19614,1.93169,6.06678,8.98993,-2.92315,0.2311,3.0,85.0,0.01302,0.3,degraded
21.28,-40.09012,-42.02044,1.93032,5.82907,8.77022,-2.94115,1.0273,1.0542,85.0,0.01656,0.3,degraded
21.29,-39.91652,-41.84448,1.92797,5.58987,8.55054,-2.96066,2.556,2.6317,85.0,0.00988,0.3,degraded
21.3,-39.74369,-41.6677,1.92401,5.34922,8.3439,-2.99468,2.9864,2.9997,85.0,0.02156,0.3,degraded
21.31,-39.57171,-41.50452,1.93281,5.10713,8.12632,-3.01919,3.0241,3.0,85.0,0.02256,0.3,degraded
21.32,-39.40064,-41.33717,1.93653,4.86363,7.89506,-3.03143,0.7863,3.0,85.0,0.01012,0.3,degraded
21.33,-39.23053,-41.16459,1.93406,4.61875,7.68147,-3.06272,2.9928,1.5515,85.0,0.02049,0.3,degraded
21.34,-39.06144,-40.99035,1.92891,4.3725,7.46942,-3.09692,3.0338,2.9945,85.0,0.00738,0.3,degraded
21.35,-38.89343,-40.8134,1.91997,4.12493,7.24573,-3.1208,2.9975,0.6831,85.0,0.0165,0.3,degraded
21.36,-38.72655,-40.63774,1.91119,3.87604,7.01691,-3.14087,2.9933,1.9929,85.0,0.01173,0.3,degraded
21.37,-38.56086,-40.46411,1.90325,3.62588,6.7966,-3.17072,0.4073,2.9998,85.0,0.01539,0.3,degraded
21.38,-38.39642,-40.29163,1.8952,3.37446,6.56328,-3.18882,3.001,2.6806,85.0,0.01711,0.3,degraded
21.39,-38.23328,-40.12513,1.89185,3.12181,6.34134,-3.21953,2.994,2.9818,85.0,0.01098,0.3,degraded
21.4,-38.07148,-39.95591,1.88443,2.86797,6.10073,-3.23276,0.6906,0.5176,85.0,0.01768,0.3,degraded
21.41,-37.91109,-39.78172,1.87063,2.61295,5.86207,-3.24911,3.0031,3.0,85.0,0.01119,0.3,degraded
21.42,-37.75215,-39.61545,1.8633,2.3568,5.62675,-3.26995,2.9899,3.0,85.0,0.01272,0.3,degraded
21.43,-37.59471,-39.44316,1.84845,2.09953,5.39761,-3.29808,3.0178,1.2093,85.0,0.0117,0.3,degraded
21.44,-37.43881,-39.28973,1.85091,1.84119,5.1567,-3.31552,3.0027,2.5979,85.0,0.02468,0.3,degraded
21.45,-37.28451,-39.12941,1.8449,1.58179,4.91743,-3.33564,1.9381,3.0,85.0,0.01506,0.3,degraded
21.46,-37.13185,-38.96539,1.83354,1.32136,4.66391,-3.34255,0.3906,3.0,85.0,0.00078,0.3,degraded
21.47,-36.98087,-38.78676,1.80589,1.05995,4.42944,-3.3695,3.0081,0.8203,85.0,0.00919,0.3,degraded
21.48,-36.83162,-38.63119,1.79957,0.79757,4.18372,-3.38614,3.0,3.0,85.0,0.0143,0.3,degraded
21.49,-36.68413,-38.46453,1.78039,0.53427,3.93541,-3.40114,2.9947,2.9913,85.0,0.00559,0.3,degraded
21.5,-36.53846,-38.31445,1.77599,0.27007,3.68346,-3.41339,3.0067,1.955,85.0,0.00598,0.3,degraded
21.51,-36.39463,-38.14439,1.74976,0.005,3.44513,-3.44013,2.9922,2.3168,85.0,0.00516,0.3,degraded
21.52,-36.25269,-37.98947,1.73678,-0.2609,3.18253,-3.44344,2.9985,2.9897,85.0,0.01023,0.3,degraded
21.53,-36.11266,-37.82813,1.71546,-0.52761,2.93846,-3.46606,2.9822,3.0,85.0,0.00807,0.3,degraded
21.54,-35.9746,-37.67698,1.70238,-0.79508,2.68277,-3.47784,0.8593,2.3106,85.0,0.01447,0.3,degraded
21.55,-35.83852,-37.53408,1.69556,-1.06328,2.43872,-3.502,3.0087,3.0,85.0,0.00096,0.3,degraded
21.56,-35.70447,-37.38467,1.6802,-1.33219,2.16744,-3.49963,3.0089,3.0,85.0,0.01523,0.3,degraded
21.57,-35.57247,-37.23571,1.66323,-1.60177,1.91746,-3.51923,1.1038,0.6447,85.0,0.02205,0.3,degraded
21.58,-35.44256,-37.0979,1.65534,-1.87197,1.65206,-3.52403,3.0299,2.9839,85.0,0.01146,0.3,degraded
21.59,-35.31476,-36.95088,1.63613,-2.14278,1.40185,-3.54463,2.9855,2.9688,85.0,0.00906,0.3,degraded
21.6,-35.18909,-36.80782,1.61873,-2.41416,1.13767,-3.55183,2.9748,3.0,85.0,0.02064,0.3,degraded
21.61,-35.06559,-36.66111,1.59552,-2.68606,0.8744,-3.56046,0.2893,2.3058,85.0,0.00911,0.3,degraded
21.62,-34.94428,-36.51671,1.57243,-2.95846,0.61142,-3.56988,1.6693,2.989,85.0,0.01124,0.3,degraded
21.63,-34.82518,-36.37937,1.55419,-3.23132,0.35626,-3.58758,2.9795,1.1537,85.0,0.0111,0.3,degraded
21.64,-34.70831,-36.24731,1.53901,-3.50461,0.08785,-3.59246,2.9839,1.4496,85.0,0.01859,0.3,degraded
21.65,-34.59369,-36.092,1.49831,-3.77828,-0.16458,-3.6137,2.9864,1.6468,85.0,0.00663,0.3,degraded
21.66,-34.48134,-35.96174,1.4804,-4.05231,-0.43494,-3.61737,2.9993,1.71,85.0,0.0083,0.3,degraded
21.67,-34.37127,-35.82396,1.45268,-4.32666,-0.68804,-3.63861,2.9943,1.7778,85.0,0.02086,0.3,degraded
21.68,-34.26351,-35.70407,1.44056,-4.60128,-0.95067,-3.65061,3.0144,2.9877,85.0,0.00808,0.3,degraded
21.69,-34.15806,-35.57591,1.41785,-4.87615,-1.21187,-3.66429,0.7305,2.9907,85.0,0.0164,0.3,degraded
21.7,-34.05494,-35.4537,1.39876,-5.15123,-1.48166,-3.66957,3.0048,2.993,85.0,0.01869,0.3,degraded
21.71,-33.95416,-35.33313,1.37896,-5.42648,-1.75776,-3.66872,1.2703,3.0,85.0,0.00587,0.3,degraded
21.72,-33.85573,-35.2138,1.35807,-5.70187,-2.02239,-3.67948,3.0239,0.5282,85.0,0.01377,0.3,degraded
21.73,-33.75965,-35.09503,1.33538,-5.97735,-2.28946,-3.6879,3.0044,2.9901,85.0,0.01541,0.3,degraded
21.74,-33.66593,-34.97736,1.31143,-6.25289,-2.56794,-3.68495,2.4461,3.0,85.0,0.02063,0.3,degraded
21.75,-33.57458,-34.8674,1.29282,-6.52846,-2.83816,-3.69031,3.0039,3.0,85.0,0.01185,0.3,degraded
21.76,-33.4856,-34.75654,1.27095,-6.80402,-3.1139,-3.69012,2.9966,3.0,85.0,0.02089,0.3,degraded
21.77,-33.39898,-34.63808,1.2391,-7.07952,-3.38034,-3.69918,1.3003,2.9983,85.0,0.00673,0.3,degraded
21.78,-33.31474,-34.52939,1.21465,-7.35493,-3.64368,-3.71126,3.0174,3.0,85.0,0.01037,0.3,degraded
21.79,-33.23287,-34.41628,1.1834,-7.63022,-3.92652,-3.7037,2.1545,2.9912,85.0,0.01641,0.3,degraded
21.8,-33.15337,-34.32137,1.168,-7.90534,-4.19476,-3.71058,3.0272,3.0,85.0,0.01503,0.3,degraded
21.81,-33.07623,-34.21205,1.13582,-8.18026,-4.46733,-3.71293,3.0015,1.4659,85.0,0.01392,0.3,degraded
21.82,-33.00145,-34.10312,1.10168,-8.45494,-4.73666,-3.71829,2.9985,0.1909,85.0,0.01206,0.3,degraded
21.83,-32.92901,-33.99939,1.07038,-8.72935,-5.00483,-3.72452,2.9973,3.0,85.0,0.00342,0.3,degraded
21.84,-32.85892,-33.92086,1.06194,-9.00344,-5.26938,-3.73406,2.9822,3.0,85.0,0.00894,0.3,degraded
21.85,-32.79116,-33.82632,1.03516,-9.27718,-5.53587,-3.74131,3.0048,2.9873,85.0,0.00856,0.3,degraded
21.86,-32.72571,-33.74412,1.01841,-9.55052,-5.80449,-3.74603,3.0008,3.0,85.0,0.00436,0.3,degraded
21.87,-32.66258,-33.64729,0.98471,-9.82344,-6.07841,-3.74503,2.9856,2.9751,85.0,0.00766,0.3,degraded
21.88,-32.60173,-33.57375,0.97202,-10.09589,-6.34618,-3.74971,3.0128,3.0,85.0,0.01656,0.3,degraded
21.89,-32.54316,-33.47968,0.93652,-10.36784,-6.60837,-3.75947,2.9867,1.9398,85.0,0.00777,0.3,degraded
21.9,-32.48684,-33.39981,0.91297,-10.63924,-6.88244,-3.7568,3.0018,2.9851,85.0,0.02064,0.3,degraded
21.91,-32.43276,-33.32137,0.88861,-10.91006,-7.15354,-3.75653,2.9982,2.9967,85.0,0.01073,0.3,degraded
21.92,-32.38091,-33.24591,0.86501,-11.18027,-7.42976,-3.75051,0.1626,2.092,85.0,0.01592,0.3,degraded
21.93,-32.33124,-33.17675,0.84551,-11.44982,-7.70588,-3.74394,2.9589,2.693,85.0,0.01563,0.3,degraded
21.94,-32.28375,-33.11714,0.83339,-11.71868,-7.97751,-3.74117,3.0059,3.0,85.0,0.01045,0.3,degraded
21.95,-32.23841,-33.04932,0.81091,-11.98681,-8.25415,-3.73266,2.9956,3.0,85.0,0.01797,0.3,degraded
21.96,-32.19518,-32.99733,0.80215,-12.25417,-8.52821,-3.72596,3.0062,0.8929,85.0,0.00837,0.3,degraded
21.97,-32.15406,-32.93953,0.78548,-12.52072,-8.79076,-3.72997,2.9991,2.9961,85.0,0.00976,0.3,degraded
21.98,-32.11499,-32.8884,0.77341,-12.78644,-9.0601,-3.72633,2.9939,3.0,85.0,0.00204,0.3,degraded
21.99,-32.07796,-32.83025,0.75228,-13.05127,-9.33884,-3.71243,2.994,2.9975,85.0,0.01324,0.3,degraded
22.0,-32.04294,-32.77101,0.72807,-13.31519,-9.60769,-3.70749,2.9977,1.4666,85.0,0.01821,0.3,degraded
22.01,-32.00989,-32.72221,0.71233,-13.57815,-9.87195,-3.7062,2.9958,3.0,85.0,0.00762,0.3,degraded
22.02,-31.97877,-32.67875,0.69999,-13.84012,-10.1499,-3.69023,3.0122,2.9932,85.0,0.01197,0.3,degraded
22.03,-31.94955,-32.62764,0.67809,-14.10107,-10.41978,-3.68129,3.0002,2.9997,85.0,0.01311,0.3,degraded
22.04,-31.9222,-32.58261,0.66041,-14.36096,-10.68332,-3.67764,3.0292,1.623,85.0,0.00885,0.3,degraded
22.05,-31.89667,-32.5318,0.63513,-14.61974,-10.94037,-3.67937,3.0113,2.9793,85.0,0.00176,0.3,degraded
22.06,-31.87293,-32.48742,0.61449,-14.87739,-11.20956,-3.66783,2.9893,3.0,85.0,0.01297,0.3,degraded
22.07,-31.85094,-32.43775,0.58681,-15.13387,-11.47211,-3.66176,2.989,0.9722,85.0,0.00583,0.3,degraded
22.08,-31.83065,-32.39218,0.56153,-15.38914,-11.74007,-3.64907,2.9997,2.5687,85.0,0.00832,0.3,degraded
22.09,-31.81202,-32.34152,0.52949,-15.64317,-11.99015,-3.65302,3.0085,2.1708,85.0,0.02064,0.3,degraded
22.1,-31.79502,-32.2959,0.50088,-15.89592,-12.26316,-3.63277,3.0047,2.9978,85.0,0.00303,0.3,degraded
22.11,-31.77958,-32.24363,0.46404,-16.14736,-12.52767,-3.61969,3.0006,3.0,85.0,0.0034,0.3,degraded
22.12,-31.76567,-32.19643,0.43075,-16.39746,-12.79341,-3.60405,2.9894,0.9343,85.0,0.00839,0.3,degraded
22.13,-31.75325,-32.14181,0.38856,-16.64617,-13.05833,-3.58784,3.012,2.9912,85.0,0.00616,0.3,degraded
22.14,-31.74225,-32.09322,0.35097,-16.89347,-13.32117,-3.5723,3.0017,2.993,85.0,0.00313,0.3,degraded
22.15,-31.73263,-32.03762,0.30499,-17.13931,-13.58009,-3.55923,2.9822,3.0,85.0,0.00959,0.3,degraded
22.16,-31.72435,-31.98825,0.2639,-17.38368,-13.83849,-3.54519,2.9842,1.2131,85.0,0.00966,0.3,degraded
22.17,-31.71735,-31.93393,0.21658,-17.62652,-14.10018,-3.52634,3.0071,2.5799,85.0,0.00158,0.3,degraded
22.18,-31.71157,-31.88707,0.1755,-17.86782,-14.3482,-3.51962,3.0181,3.0,85.0,0.01961,0.3,degraded
22.19,-31.70697,-31.83395,0.12698,-18.10753,-14.60369,-3.50384,3.0105,2.9731,85.0,0.00672,0.3,degraded
22.2,-31.70348,-31.78519,0.08171,-18.34563,-14.85665,-3.48898,3.0288,1.2073,85.0,0.01407,0.3,degraded
22.21,-31.70106,-31.73059,0.02952,-18.58208,-15.11409,-3.46799,3.007,2.6224,85.0,0.00475,0.3,degraded
22.22,-31.69965,-31.68411,-0.01554,-18.81685,-15.3647,-3.45215,3.0081,3.0,85.0,0.01236,0.3,degraded
22.23,-31.6992,-31.63871,-0.06049,-19.04991,-15.60603,-3.44389,2.9945,3.0,85.0,0.0126,0.3,degraded
22.24,-31.69963,-31.60894,-0.09069,-19.28123,-15.86299,-3.41824,2.9989,3.0,85.0,0.00337,0.3,degraded
22.25,-31.7009,-31.57356,-0.12734,-19.51078,-16.10038,-3.4104,3.0123,3.0,85.0,0.02143,0.3,degraded
22.26,-31.70295,-31.54726,-0.15568,-19.73852,-16.34717,-3.39135,2.9855,3.0,85.0,0.00031,0.3,degraded
22.27,-31.70571,-31.5208,-0.1849,-19.96443,-16.58446,-3.37996,2.9987,3.0,85.0,0.0045,0.3,degraded
22.28,-31.70912,-31.50386,-0.20527,-20.18847,-16.82906,-3.35941,2.9924,2.9963,85.0,0.00753,0.3,degraded
22.29,-31.71313,-31.48413,-0.229,-20.41062,-17.067,-3.34362,2.979,3.0,85.0,0.00591,0.3,degraded
22.3,-31.71768,-31.47501,-0.24267,-20.63085,-17.30399,-3.32686,2.9981,3.0,85.0,0.00591,0.3,degraded
22.31,-31.72268,-31.46081,-0.26188,-20.84913,-17.5342,-3.31492,2.9907,3.0,85.0,0.01128,0.3,degraded
22.32,-31.7281,-31.45832,-0.26978,-21.06543,-17.77972,-3.28571,3.0168,2.9936,85.0,0.00821,0.3,degraded
22.33,-31.73386,-31.45106,-0.2828,-21.27972,-18.00844,-3.27128,2.9902,2.9957,85.0,0.00573,0.3,degraded
22.34,-31.73989,-31.45074,-0.28914,-21.49198,-18.25216,-3.23981,2.9834,3.0,85.0,0.01888,0.3,degraded
22.35,-31.74613,-31.44591,-0.30022,-21.70218,-18.494,-3.20818,3.0046,3.0,85.0,0.00212,0.3,degraded
22.36,-31.75252,-31.44936,-0.30317,-21.91029,-18.73169,-3.17859,3.0048,3.0,85.0,0.01481,0.3,degraded
22.37,-31.75899,-31.44807,-0.31093,-22.11628,-18.9541,-3.16218,2.9795,2.9909,85.0,0.0085,0.3,degraded
22.38,-31.76548,-31.45632,-0.30916,-22.32014,-19.18943,-3.13071,3.0009,2.2503,85.0,0.00877,0.3,degraded
22.39,-31.77191,-31.4588,-0.31312,-22.52183,-19.39626,-3.12557,2.9938,2.9874,85.0,0.00505,0.3,degraded
22.4,-31.77822,-31.46821,-0.31001,-22.72133,-19.62346,-3.09787,3.0091,3.0,85.0,0.01197,0.3,degraded
22.41,-31.78435,-31.47189,-0.31246,-22.91862,-19.84789,-3.07073,3.018,2.5652,85.0,0.00146,0.3,degraded
22.42,-31.79022,-31.48189,-0.30832,-23.11367,-20.06588,-3.04779,2.9834,0.0186,85.0,0.01204,0.3,degraded
22.43,-31.79577,-31.48659,-0.30918,-23.30646,-20.28215,-3.02431,2.9941,1.5921,85.0,0.00733,0.3,degraded
22.44,-31.80092,-31.49864,-0.30228,-23.49697,-20.50663,-2.99034,3.006,2.9901,85.0,0.00871,0.3,degraded
22.45,-31.80562,-31.50608,-0.29954,-23.68517,-20.71681,-2.96836,2.9787,3.0,85.0,0.0,0.3,degraded
22.46,-31.80979,-31.5203,-0.28949,-23.87104,-20.93467,-2.93637,2.9972,3.0,85.0,0.01034,0.3,degraded
22.47,-31.81336,-31.52842,-0.28494,-24.05456,-21.13959,-2.91497,2.9906,1.1569,85.0,0.00432,0.3,degraded
22.48,-31.81627,-31.54187,-0.27439,-24.23571,-21.36068,-2.87503,3.004,1.8479,85.0,0.00207,0.3,degraded
22.49,-31.81844,-31.54865,-0.26979,-24.41447,-21.56765,-2.84682,2.9902,0.0944,85.0,0.01941,0.3,degraded
22.5,-31.81981,-31.56083,-0.25898,-24.59081,-21.77417,-2.81665,3.0067,3.0,85.0,0.00926,0.3,degraded
22.51,-31.8203,-31.56822,-0.25208,-24.76473,-21.97908,-2.78565,3.0005,3.0,85.0,0.0115,0.3,degraded
22.52,-31.81986,-31.57997,-0.23988,-24.9362,-22.18732,-2.74888,2.9795,1.4809,85.0,0.01232,0.3,degraded
22.53,-31.8184,-31.5867,-0.2317,-25.1052,-22.37353,-2.73167,2.9852,3.0,85.0,0.00455,0.3,degraded
22.54,-31.81587,-31.59814,-0.21772,-25.27171,-22.57877,-2.69295,3.0002,2.9905,85.0,0.01055,0.3,degraded
22.55,-31.81218,-31.60263,-0.20955,-25.43572,-22.76516,-2.67056,2.9965,3.0,85.0,0.00848,0.3,degraded
22.56,-31.80729,-31.61399,-0.19329,-25.59721,-22.96318,-2.63403,3.0145,0.3818,85.0,0.01167,0.3,degraded
22.57,-31.8011,-31.62038,-0.18072,-25.75616,-23.13937,-2.61679,3.0023,3.0,85.0,0.00205,0.3,degraded
22.58,-31.79357,-31.63352,-0.16005,-25.91257,-23.33605,-2.57652,2.9972,3.0,85.0,0.00695,0.3,degraded
22.59,-31.78461,-31.6388,-0.14581,-26.0664,-23.51562,-2.55078,3.0071,1.4226,85.0,0.01316,0.3,degraded
22.6,-31.77417,-31.65063,-0.12354,-26.21765,-23.69682,-2.52083,2.9793,0.733,85.0,0.0,0.3,degraded
22.61,-31.76217,-31.65466,-0.10751,-26.36631,-23.87502,-2.49128,2.9925,1.2011,85.0,0.007,0.3,degraded
22.62,-31.74855,-31.66386,-0.0847,-26.51235,-24.06445,-2.4479,2.9947,1.1527,85.0,0.0161,0.3,degraded
22.63,-31.73324,-31.6675,-0.06575,-26.65578,-24.23908,-2.4167,2.9831,2.8299,85.0,0.00132,0.3,degraded
22.64,-31.71618,-31.67567,-0.04051,-26.79656,-24.41167,-2.38489,3.0143,2.0413,85.0,0.00877,0.3,degraded
22.65,-31.6973,-31.67748,-0.01982,-26.9347,-24.57033,-2.36437,3.0087,3.0,85.0,0.01878,0.3,degraded
22.66,-31.67653,-31.68633,0.0098,-27.07019,-24.74733,-2.32286,2.9914,3.0,85.0,0.00156,0.3,degraded
22.67,-31.65381,-31.68766,0.03385,-27.203,-24.9207,-2.2823,2.9643,2.9933,85.0,0.00084,0.3,degraded
22.68,-31.62908,-31.69455,0.06547,-27.33313,-25.07616,-2.25697,3.0011,3.0,85.0,0.00644,0.3,degraded
22.69,-31.60226,-31.69599,0.09373,-27.46058,-25.23568,-2.2249,3.0252,0.9281,85.0,0.00627,0.3,degraded
22.7,-31.57331,-31.70554,0.13223,-27.58533,-25.38622,-2.19911,2.995,2.9962,85.0,0.00237,0.3,degraded
22.71,-31.54215,-31.70846,0.16631,-27.70737,-25.53474,-2.17263,2.9853,3.0,85.0,0.01087,0.3,degraded
22.72,-31.50873,-31.71757,0.20884,-27.82669,-25.69246,-2.13423,3.0141,3.0,85.0,0.00426,0.3,degraded
22.73,-31.47298,-31.72093,0.24795,-27.9433,-25.85153,-2.09177,2.9855,3.0,85.0,0.00737,0.3,degraded
22.74,-31.43485,-31.73034,0.2955,-28.05717,-26.01071,-2.04646,3.0106,2.9868,85.0,0.01225,0.3,degraded
22.75,-31.39426,-31.73518,0.34091,-28.16831,-26.14853,-2.01978,2.9895,0.3968,85.0,0.00863,0.3,degraded
22.76,-31.35118,-31.74719,0.39602,-28.27671,-26.29465,-1.98206,2.9853,1.3492,85.0,0.0006,0.3,degraded
22.77,-31.30552,-31.75252,0.447,-28.38237,-26.43913,-1.94324,3.0027,3.0,85.0,0.00743,0.3,degraded
22.78,-31.25725,-31.76461,0.50736,-28.48527,-26.57962,-1.90565,2.9932,2.9737,85.0,0.00851,0.3,degraded
22.79,-31.2063,-31.76952,0.56322,-28.58542,-26.71307,-1.87235,3.0149,3.0,85.0,0.00692,0.3,degraded
22.8,-31.15262,-31.77503,0.62241,-28.68281,-26.84417,-1.83865,3.0181,2.9823,85.0,0.008,0.3,degraded
22.81,-31.09615,-31.76818,0.67203,-28.77745,-26.97851,-1.79894,2.9803,3.0,85.0,0.00475,0.3,degraded
22.82,-31.03683,-31.76083,0.724,-28.86932,-27.10353,-1.76579,3.0144,1.5526,85.0,0.00111,0.3,degraded
22.83,-30.97463,-31.74294,0.76831,-28.95842,-27.22559,-1.73283,3.0135,3.0,85.0,0.00891,0.3,degraded
22.84,-30.90948,-31.72482,0.81534,-29.04476,-27.35214,-1.69262,3.0023,2.9994,85.0,0.0051,0.3,degraded
22.85,-30.84133,-31.69525,0.85392,-29.12834,-27.4705,-1.65784,2.9964,3.0,85.0,0.0,0.3,degraded
22.86,-30.77013,-31.66555,0.89542,-29.20915,-27.59359,-1.61556,2.9285,3.0,85.0,0.0125,0.3,degraded
22.87,-30.69584,-31.62583,0.92999,-29.2872,-27.70658,-1.58062,2.8488,2.9885,85.0,0.00654,0.3,degraded
22.88,-30.6184,-31.58597,0.96757,-29.36248,-27.82685,-1.53563,2.8711,0.1649,85.0,0.0,0.3,degraded
22.89,-30.53778,-31.53534,0.99756,-29.435,-27.9399,-1.4951,2.8048,3.0,85.0,0.01073,0.3,degraded
22.9,-30.45392,-31.48514,1.03123,-29.50476,-28.04015,-1.46462,2.991,2.9864,85.0,0.0161,0.3,degraded
22.91,-30.36677,-31.41327,1.04649,-29.57177,-28.13949,-1.43228,3.0022,2.9929,85.0,0.01238,0.3,degraded
22.92,-30.27631,-31.33093,1.05462,-29.63602,-28.23653,-1.39949,2.9798,3.0,85.0,0.01246,0.3,degraded
22.93,-30.18248,-31.25877,1.07629,-29.69753,-28.33432,-1.36321,2.9917,2.9951,85.0,0.01993,0.3,degraded
22.94,-30.08525,-31.18329,1.09804,-29.75629,-28.43231,-1.32397,2.9749,1.2389,85.0,0.01454,0.3,degraded
22.95,-29.98457,-31.09777,1.11319,-29.81231,-28.52987,-1.28244,2.9862,0.0541,85.0,0.01881,0.3,degraded
22.96,-29.88041,-31.00196,1.12155,-29.86559,-28.62549,-1.24011,3.0204,2.9703,85.0,0.02352,0.3,degraded
22.97,-29.77273,-30.91555,1.14283,-29.91615,-28.6902,-1.22596,3.0005,3.0,85.0,0.0203,0.3,degraded
22.98,-29.66149,-30.83099,1.1695,-29.96399,-28.75564,-1.20835,2.1076,2.9992,85.0,0.00927,0.3,degraded
22.99,-29.54666,-30.74197,1.19531,-30.00912,-28.81478,-1.19433,2.7133,3.0,85.0,0.01406,0.3,degraded
23.0,-29.4282,-30.6448,1.2166,-30.05154,-28.88169,-1.16985,0.8581,3.0,85.0,0.00471,0.3,degraded
23.01,-29.30609,-30.54134,1.23525,-30.09126,-28.94225,-1.14901,2.9985,3.0,85.0,0.00866,0.3,degraded
23.02,-29.1803,-30.44705,1.26675,-30.1283,-29.00788,-1.12042,2.3692,2.9782,85.0,0.01232,0.3,degraded
23.03,-29.05079,-30.33207,1.28128,-30.16266,-29.06598,-1.09668,3.0086,2.9992,85.0,0.00064,0.3,degraded
23.04,-28.91753,-30.23197,1.31444,-30.19435,-29.13159,-1.06276,3.0206,3.0,85.0,0.0,0.3,degraded
23.05,-28.78051,-30.1214,1.34089,-30.22338,-29.19191,-1.03146,2.9837,2.9884,85.0,0.02328,0.3,degraded
23.06,-28.63969,-30.0162,1.37651,-30.24976,-29.26792,-0.98184,3.0216,3.0,85.0,0.01564,0.3,degraded
23.07,-28.49505,-29.87995,1.38489,-30.27351,-29.34255,-0.93096,3.008,2.9967,85.0,0.00325,0.3,degraded
23.08,-28.34658,-29.76902,1.42245,-30.29463,-29.40579,-0.88885,2.9998,2.9991,85.0,0.01568,0.3,degraded
23.09,-28.19424,-29.64699,1.45275,-30.31315,-29.46153,-0.85161,2.9973,2.958,85.0,0.00071,0.3,degraded
23.1,-28.03802,-29.52414,1.48612,-30.32906,-29.52076,-0.8083,3.0146,3.0,85.0,0.0051,0.3,degraded
23.11,-27.87791,-29.39709,1.51918,-30.3424,-29.57413,-0.76826,0.0015,3.0,85.0,0.0154,0.3,degraded
23.12,-27.71388,-29.26672,1.55284,-30.35316,-29.63293,-0.72022,2.9963,3.0,85.0,0.00406,0.3,degraded
23.13,-27.54593,-29.12592,1.57999,-30.36136,-29.68337,-0.67799,0.727,2.9925,85.0,0.01032,0.3,degraded
23.14,-27.37403,-28.99094,1.61691,-30.36702,-29.73997,-0.62705,3.0186,2.9883,85.0,0.01125,0.3,degraded
23.15,-27.19818,-28.84711,1.64893,-30.37016,-29.79131,-0.57885,3.0103,3.0,85.0,0.01239,0.3,degraded
23.16,-27.01837,-28.71321,1.69485,-30.37079,-29.84752,-0.52326,2.728,2.9892,85.0,0.00074,0.3,degraded
23.17,-26.83458,-28.56194,1.72736,-30.36892,-29.89785,-0.47107,1.5136,2.9999,85.0,0.01631,0.3,degraded
23.18,-26.64681,-28.40849,1.76167,-30.36457,-29.95436,-0.41021,1.3812,2.9961,85.0,0.00863,0.3,degraded
23.19,-26.45506,-28.25696,1.8019,-30.35777,-30.00369,-0.35408,3.023,2.9796,85.0,0.0001,0.3,degraded
23.2,-26.25932,-28.10593,1.8466,-30.34852,-30.05891,-0.28962,3.0048,2.9849,85.0,0.00279,0.3,degraded
23.21,-26.05959,-27.93336,1.87376,-30.33685,-30.10898,-0.22788,0.2337,3.0,85.0,0.01065,0.3,degraded
23.22,-25.85587,-27.76489,1.90902,-30.32278,-30.16604,-0.15673,2.3426,2.9828,85.0,0.0,0.3,degraded
23.23,-25.64815,-27.59327,1.94512,-30.30631,-30.2162,-0.09011,2.998,3.0,85.0,0.01122,0.3,degraded
23.24,-25.43645,-27.4182,1.98176,-30.28748,-30.27196,-0.01552,3.0146,3.0,85.0,0.01228,0.3,degraded
23.25,-25.22075,-27.2338,2.01304,-30.2663,-30.31919,0.05289,3.0013,3.0,85.0,0.00719,0.3,degraded
23.26,-25.00108,-27.0599,2.05882,-30.2428,-30.3699,0.1271,2.9897,3.0,85.0,0.01357,0.3,degraded
23.27,-24.77743,-26.87423,2.0968,-30.21698,-30.40802,0.19103,1.3207,2.8742,85.0,0.01933,0.3,degraded
23.28,-24.54982,-26.6837,2.13388,-30.18888,-30.44516,0.25627,1.6973,2.8983,85.0,0.01177,0.3,degraded
23.29,-24.31825,-26.48065,2.1624,-30.15852,-30.46819,0.30967,3.0091,3.0,85.0,0.00534,0.3,degraded
23.3,-24.08273,-26.29223,2.2095,-30.12591,-30.49262,0.36671,3.0015,2.9258,85.0,0.00593,0.3,degraded
23.31,-23.84329,-26.08454,2.24126,-30.09108,-30.5047,0.41363,3.0152,3.0,85.0,0.00099,0.3,degraded
23.32,-23.59992,-25.88652,2.2866,-30.05404,-30.51785,0.46381,3.0067,3.0,85.0,0.00587,0.3,degraded
23.33,-23.35265,-25.68299,2.33033,-30.01484,-30.51924,0.5044,2.9937,3.0,85.0,0.0098,0.3,degraded
23.34,-23.1015,-25.46254,2.36104,-29.97348,-30.52316,0.54969,2.9807,2.8062,85.0,0.00146,0.3,degraded
23.35,-22.84649,-25.24638,2.39989,-29.92998,-30.51396,0.58397,3.0165,2.9771,85.0,0.01141,0.3,degraded
23.36,-22.58763,-25.04063,2.453,-29.88439,-30.50772,0.62334,3.0051,2.9891,85.0,0.01464,0.3,degraded
23.37,-22.32495,-24.82051,2.49556,-29.8367,-30.49077,0.65407,2.9801,2.9969,85.0,0.0156,0.3,degraded
23.38,-22.05847,-24.58806,2.5296,-29.78696,-30.47772,0.69076,3.0115,2.9828,85.0,0.00432,0.3,degraded
23.39,-21.78822,-24.36238,2.57416,-29.73519,-30.45187,0.71668,1.3993,3.0,85.0,0.0131,0.3,degraded
23.4,-21.51422,-24.12737,2.61315,-29.68141,-30.43108,0.74967,0.5397,2.9944,85.0,0.00637,0.3,degraded
23.41,-21.2365,-23.8849,2.64841,-29.62564,-30.39892,0.77328,3.0098,2.9909,85.0,0.0037,0.3,degraded
23.42,-20.95509,-23.65048,2.69539,-29.56791,-30.37046,0.80255,3.0132,3.0,85.0,0.00926,0.3,degraded
23.43,-20.67003,-23.40675,2.73673,-29.50825,-30.33484,0.82658,1.8678,2.9954,85.0,0.00878,0.3,degraded
23.44,-20.38134,-23.16447,2.78313,-29.44669,-30.30038,0.85369,3.0032,3.0,85.0,0.00578,0.3,degraded
23.45,-20.08905,-22.91249,2.82344,-29.38324,-30.25744,0.8742,3.0145,2.9805,85.0,0.01289,0.3,degraded
23.46,-19.79322,-22.66502,2.8718,-29.31794,-30.21991,0.90197,2.9997,2.9833,85.0,0.00882,0.3,degraded
23.47,-19.49386,-22.39728,2.90342,-29.25081,-30.17404,0.92324,2.4585,2.9818,85.0,0.0,0.3,degraded
23.48,-19.19102,-22.14046,2.94944,-29.18187,-30.12697,0.94509,0.7084,2.9714,85.0,0.01801,0.3,degraded
23.49,-18.88474,-21.87441,2.98967,-29.11117,-30.07115,0.95998,2.9923,3.0,85.0,0.00783,0.3,degraded
23.5,-18.57506,-21.59486,3.0198,-29.03872,-30.02363,0.98492,3.0259,2.9303,85.0,0.0,0.3,degraded
23.51,-18.26202,-21.31206,3.05004,-28.96454,-29.96704,1.0025,1.8913,3.0,85.0,0.00577,0.3,degraded
23.52,-17.94567,-21.04213,3.09646,-28.88868,-29.91452,1.02584,3.005,3.0,85.0,0.00887,0.3,degraded
23.53,-17.62605,-20.75947,3.13342,-28.81115,-29.85114,1.04,2.9847,3.0,85.0,0.0,0.3,degraded
23.54,-17.3032,-20.47497,3.17178,-28.73198,-29.79355,1.06157,3.0131,3.0,85.0,0.01069,0.3,degraded
23.55,-16.97718,-20.18494,3.20776,-28.65121,-29.72597,1.07476,2.9943,2.9976,85.0,0.00745,0.3,degraded
23.56,-16.64803,-19.89776,3.24973,-28.56886,-29.66371,1.09486,2.1032,2.9952,85.0,0.00752,0.3,degraded
23.57,-16.3158,-19.60553,3.28973,-28.48495,-29.59459,1.10964,3.0265,2.9894,85.0,0.00332,0.3,degraded
23.58,-15.98055,-19.30339,3.32284,-28.39952,-29.53003,1.1305,3.0141,2.8614,85.0,0.02491,0.3,degraded
23.59,-15.64233,-18.98874,3.34641,-28.3126,-29.43227,1.11967,2.9959,2.9817,85.0,0.02292,0.3,degraded
23.6,-15.30118,-18.68886,3.38767,-28.22421,-29.34003,1.11582,2.9878,1.4144,85.0,0.01467,0.3,degraded
23.61,-14.95718,-18.38063,3.42345,-28.13438,-29.25426,1.11988,3.0157,2.0687,85.0,0.00938,0.3,degraded
23.62,-14.61036,-18.07414,3.46378,-28.04315,-29.16206,1.11891,2.9621,3.0,85.0,0.00946,0.3,degraded
23.63,-14.2608,-17.75182,3.49103,-27.95054,-29.07186,1.12132,1.3231,2.9933,85.0,0.00636,0.3,degraded
23.64,-13.90854,-17.43866,3.53013,-27.85658,-28.98987,1.13329,0.8635,2.9918,85.0,0.0126,0.3,degraded
23.65,-13.55364,-17.11628,3.56264,-27.76129,-28.90057,1.13927,3.0109,1.4652,85.0,0.01379,0.3,degraded
23.66,-13.19618,-16.78874,3.59256,-27.66472,-28.81325,1.14853,3.0003,3.0,85.0,0.01836,0.3,degraded
23.67,-12.8362,-16.46377,3.62756,-27.56688,-28.71419,1.14731,2.9848,3.0,85.0,0.01731,0.3,degraded
23.68,-12.47378,-16.14296,3.66919,-27.46781,-28.61495,1.14714,2.1001,2.9703,85.0,0.00669,0.3,degraded
23.69,-12.10896,-15.81374,3.70477,-27.36753,-28.52718,1.15964,2.9933,2.9916,85.0,0.0026,0.3,degraded
23.7,-11.74183,-15.47652,3.73469,-27.26608,-28.4359,1.16982,2.1913,2.9953,85.0,0.0166,0.3,degraded
23.71,-11.37245,-15.13442,3.76197,-27.16349,-28.33643,1.17294,2.9858,0.3299,85.0,0.00305,0.3,degraded
23.72,-11.00087,-14.7819,3.78103,-27.05978,-28.24119,1.18141,3.0037,0.1476,85.0,0.01593,0.3,degraded
23.73,-10.62717,-14.42885,3.80168,-26.95498,-28.14189,1.18691,2.5378,3.0,85.0,0.01714,0.3,degraded
23.74,-10.25142,-14.0876,3.83618,-26.84912,-28.05871,1.20959,0.4826,3.0,85.0,0.00908,0.3,degraded
23.75,-9.87368,-13.73095,3.85727,-26.74224,-27.95886,1.21662,0.1215,1.4219,85.0,0.01182,0.3,degraded
23.76,-9.49402,-13.37676,3.88273,-26.63436,-27.87225,1.23789,0.2374,2.9852,85.0,0.00888,0.3,degraded
23.77,-9.11253,-13.02293,3.91041,-26.52551,-27.77217,1.24666,2.9958,0.6947,85.0,0.01115,0.3,degraded
23.78,-8.72925,-12.66955,3.9403,-26.41571,-27.67852,1.26281,2.9833,2.6578,85.0,0.0064,0.3,degraded
23.79,-8.34428,-12.30352,3.95924,-26.30501,-27.57131,1.2663,3.0154,1.733,85.0,0.01854,0.3,degraded
23.8,-7.95767,-11.94555,3.98788,-26.19342,-27.46995,1.27653,3.0011,1.4121,85.0,0.02295,0.3,degraded
23.81,-7.56951,-11.57949,4.00997,-26.08098,-27.37553,1.29455,2.9942,2.9903,85.0,0.0062,0.3,degraded
23.82,-7.17987,-11.22218,4.04231,-25.96771,-27.26937,1.30166,0.6522,2.5202,85.0,0.03358,0.3,degraded
23.83,-6.78882,-10.8498,4.06098,-25.85365,-27.16562,1.31197,3.0154,2.6969,85.0,0.01173,0.3,degraded
23.84,-6.39644,-10.48593,4.0895,-25.73882,-27.06893,1.33011,0.6557,0.2621,85.0,0.0243,0.3,degraded
23.85,-6.0028,-10.10358,4.10078,-25.62324,-26.9634,1.34015,1.4433,2.9787,85.0,0.01578,0.3,degraded
23.86,-5.60797,-9.73854,4.13056,-25.50696,-26.85314,1.34618,3.0111,2.9951,85.0,0.00356,0.3,degraded
23.87,-5.21205,-9.35361,4.14156,-25.39,-26.75682,1.36683,3.0005,3.0,85.0,0.01309,0.3,degraded
23.88,-4.81509,-8.98005,4.16496,-25.27237,-26.64624,1.37386,2.9934,1.5147,85.0,0.01244,0.3,degraded
23.89,-4.41719,-8.59955,4.18236,-25.15413,-26.54745,1.39332,3.0129,3.0,85.0,0.02064,0.3,degraded
23.9,-4.01841,-8.21859,4.20018,-25.03528,-26.44078,1.4055,0.8914,2.9703,85.0,0.00991,0.3,degraded
23.91,-3.61884,-7.82986,4.21101,-24.91586,-26.32656,1.4107,2.9993,3.0,85.0,0.00317,0.3,degraded
23.92,-3.21855,-7.45339,4.23483,-24.79589,-26.23243,1.43654,3.0068,2.9884,85.0,0.00862,0.3,degraded
23.93,-2.81763,-7.06966,4.25203,-24.67541,-26.11117,1.43576,0.9716,3.0,85.0,0.003,0.3,degraded
23.94,-2.41615,-6.67939,4.26324,-24.55444,-26.01037,1.45594,2.992,2.9986,85.0,0.01474,0.3,degraded
23.95,-2.01419,-6.28938,4.27519,-24.433,-25.88915,1.45615,1.4457,2.7834,85.0,0.02523,0.3,degraded
23.96,-1.61183,-5.90077,4.28893,-24.31113,-25.78496,1.47383,1.7794,3.0,85.0,0.01837,0.3,degraded
23.97,-1.20915,-5.51314,4.30399,-24.18884,-25.67077,1.48193,2.9946,0.0107,85.0,0.00892,0.3,degraded
23.98,-0.80624,-5.12535,4.31912,-24.06617,-25.5535,1.48733,3.005,2.979,85.0,0.00879,0.3,degraded
23.99,-0.40316,-4.73586,4.3327,-23.94314,-25.43952,1.49638,2.9186,2.9796,85.0,0.01067,0.3,degraded
24.0,-0.0,-4.34527,4.34527,-23.81978,-25.33105,1.51127,2.9596,2.5473,85.0,0.02073,0.3,degraded
24.01,0.40316,-3.93667,4.33983,-23.6961,-25.21244,1.51633,2.7047,2.7006,85.0,0.02048,0.3,degraded
24.02,0.80624,-3.54673,4.35297,-23.57215,-25.10968,1.53753,2.9898,2.9998,85.0,0.02941,0.3,degraded
24.03,1.20915,-3.14208,4.35123,-23.44794,-24.99274,1.5448,1.8053,3.0,85.0,0.00413,0.3,degraded
24.04,1.61183,-2.74251,4.35434,-23.32349,-24.87416,1.55067,2.9799,2.9885,85.0,0.01623,0.3,degraded
24.05,2.01419,-2.34499,4.35918,-23.19883,-24.74635,1.54752,2.9729,0.6217,85.0,0.01235,0.3,degraded
24.06,2.41615,-1.9517,4.36785,-23.07399,-24.62721,1.55322,3.0238,3.0,85.0,0.00887,0.3,degraded
24.07,2.81763,-1.54523,4.36286,-22.94899,-24.49901,1.55002,1.6162,2.9863,85.0,0.00759,0.3,degraded
24.08,3.21855,-1.14704,4.36559,-22.82384,-24.39373,1.56988,3.0038,3.0,85.0,0.00723,0.3,degraded
24.09,3.61884,-0.74643,4.36528,-22.69859,-24.26056,1.56197,3.004,2.9903,85.0,0.0,0.3,degraded
24.1,4.01841,-0.34946,4.36787,-22.57324,-24.14844,1.5752,3.0017,3.0,85.0,0.02338,0.3,degraded
24.11,4.41719,0.04372,4.37347,-22.44782,-24.02148,1.57367,2.9668,3.0,85.0,0.01186,0.3,degraded
24.12,4.81509,0.44338,4.37171,-22.32235,-23.90221,1.57986,2.9749,3.0,85.0,0.00016,0.3,degraded
24.13,5.21205,0.84274,4.3693,-22.19685,-23.78672,1.58987,3.0086,2.4616,85.0,0.02435,0.3,degraded
24.14,5.60797,1.24332,4.36465,-22.07135,-23.67223,1.60088,3.018,3.0,85.0,0.01936,0.3,degraded
24.15,6.0028,1.64757,4.35523,-21.94587,-23.54263,1.59677,3.0061,3.0,85.0,0.02277,0.3,degraded
24.16,6.39644,2.04151,4.35493,-21.82042,-23.41992,1.5995,2.9914,1.9437,85.0,0.02476,0.3,degraded
24.17,6.78882,2.4291,4.35972,-21.69503,-23.29718,1.60215,2.1559,3.0,85.0,0.02571,0.3,degraded
24.18,7.17987,2.81567,4.3642,-21.56972,-23.18409,1.61437,2.7643,1.8648,85.0,0.00787,0.3,degraded
24.19,7.56951,3.21867,4.35084,-21.4445,-23.06412,1.61962,1.05,2.9858,85.0,0.02008,0.3,degraded
24.2,7.95767,3.61141,4.34626,-21.3194,-22.94792,1.62852,3.0185,0.4401,85.0,0.01395,0.3,degraded
24.21,8.34428,4.0037,4.34058,-21.19443,-22.81643,1.622,3.0063,3.0,85.0,0.0091,0.3,degraded
24.22,8.72925,4.38674,4.34251,-21.06962,-22.70046,1.63084,2.9771,2.9913,85.0,0.02124,0.3,degraded
24.23,9.11253,4.78389,4.32864,-20.94498,-22.56882,1.62384,0.8583,3.0,85.0,0.02228,0.3,degraded
24.24,9.49402,5.17708,4.31694,-20.82053,-22.44316,1.62263,2.9839,2.1504,85.0,0.00658,0.3,degraded
24.25,9.87368,5.57725,4.29643,-20.69629,-22.32824,1.63195,3.0113,2.0165,85.0,0.00527,0.3,degraded
24.26,10.25142,5.96874,4.28268,-20.57227,-22.20948,1.63722,2.9882,3.0,85.0,0.01904,0.3,degraded
24.27,10.62717,6.35316,4.27401,-20.44848,-22.07778,1.6293,1.2239,0.1682,85.0,0.01898,0.3,degraded
24.28,11.00087,6.7448,4.25607,-20.32496,-21.96023,1.63527,3.0076,3.0,85.0,0.01689,0.3,degraded
24.29,11.37245,7.13323,4.23922,-20.20171,-21.8342,1.63249,3.0186,2.989,85.0,0.00851,0.3,degraded
24.3,11.74183,7.50504,4.2368,-20.07874,-21.7146,1.63586,3.0204,2.7163,85.0,0.00709,0.3,degraded
24.31,12.10896,7.89217,4.2168,-19.95608,-21.59064,1.63457,2.9996,0.9436,85.0,0.00529,0.3,degraded
24.32,12.47378,8.27636,4.19742,-19.83373,-21.46347,1.62974,3.0196,2.9725,85.0,0.00967,0.3,degraded
24.33,12.8362,8.67531,4.1609,-19.71171,-21.33974,1.62803,3.0234,0.2313,85.0,0.01195,0.3,degraded
24.34,13.19618,9.05572,4.14045,-19.59004,-21.21313,1.6231,1.7429,3.0,85.0,0.00598,0.3,degraded
24.35,13.55364,9.4323,4.12134,-19.46872,-21.08687,1.61815,2.9886,3.0,85.0,0.0122,0.3,degraded
24.36,13.90854,9.79183,4.11671,-19.34777,-20.96226,1.61449,3.0147,2.7355,85.0,0.0118,0.3,degraded
24.37,14.2608,10.1614,4.09939,-19.2272,-20.84395,1.61674,2.9806,2.9951,85.0,0.00786,0.3,degraded
24.38,14.61036,10.5319,4.07846,-19.10703,-20.728,1.62097,0.3358,3.0,85.0,0.01513,0.3,degraded
24.39,14.95718,10.90107,4.05611,-18.98726,-20.59721,1.60995,3.0039,3.0,85.0,0.01304,0.3,degraded
24.4,15.30118,11.26294,4.03825,-18.86791,-20.48604,1.61813,2.9972,1.7979,85.0,0.01797,0.3,degraded
24.41,15.64233,11.63627,4.00606,-18.74898,-20.36843,1.61945,2.9994,2.908,85.0,0.01853,0.3,degraded
24.42,15.98055,12.00096,3.97959,-18.63049,-20.24975,1.61926,3.0045,3.0,85.0,0.01883,0.3,degraded
24.43,16.3158,12.35743,3.95837,-18.51245,-20.11744,1.60499,2.9885,2.9968,85.0,0.00685,0.3,degraded
24.44,16.64803,12.70962,3.9384,-18.39486,-19.99589,1.60103,3.0167,2.9843,85.0,0.00824,0.3,degraded
24.45,16.97718,13.06577,3.9114,-18.27773,-19.86782,1.59009,0.7007,3.0,85.0,0.01013,0.3,degraded
24.46,17.3032,13.41483,3.88837,-18.16108,-19.74317,1.58209,2.9984,2.9926,85.0,0.01075,0.3,degraded
24.47,17.62605,13.77267,3.85338,-18.0449,-19.61049,1.56559,3.0033,3.0,85.0,0.01327,0.3,degraded
24.48,17.94567,14.12196,3.82371,-17.92921,-19.50359,1.57438,3.006,3.0,85.0,0.02079,0.3,degraded
24.49,18.26202,14.46569,3.79633,-17.81401,-19.3906,1.57659,2.9803,2.9991,85.0,0.01395,0.3,degraded
24.5,18.57506,14.8076,3.76746,-17.69931,-19.27413,1.57482,2.9879,2.9917,85.0,0.00868,0.3,degraded
24.51,18.88474,15.15444,3.7303,-17.58512,-19.14924,1.56412,2.9876,3.0,85.0,0.01779,0.3,degraded
24.52,19.19102,15.50422,3.6868,-17.47144,-19.03863,1.56719,3.005,2.9945,85.0,0.02145,0.3,degraded
24.53,19.49386,15.83726,3.6566,-17.35827,-18.91354,1.55528,2.9859,2.4781,85.0,0.0061,0.3,degraded
24.54,19.79322,16.16,3.63322,-17.24562,-18.80137,1.55575,1.3139,0.6463,85.0,0.00485,0.3,degraded
24.55,20.08905,16.48703,3.60202,-17.13349,-18.67483,1.54133,2.9922,2.2035,85.0,0.01652,0.3,degraded
24.56,20.38134,16.81044,3.5709,-17.0219,-18.57365,1.55175,2.9734,2.0478,85.0,0.011,0.3,degraded
24.57,20.67003,17.13375,3.53627,-16.91083,-18.458,1.54717,2.9964,3.0,85.0,0.01553,0.3,degraded
24.58,20.95509,17.44919,3.5059,-16.80029,-18.34481,1.54451,0.2418,2.9867,85.0,0.00273,0.3,degraded
24.59,21.2365,17.77495,3.46154,-16.69029,-18.21815,1.52786,1.7893,2.989,85.0,0.00725,0.3,degraded
24.6,21.51422,18.07894,3.43528,-16.58083,-18.10716,1.52633,3.0055,1.825,85.0,0.00732,0.3,degraded
24.61,21.78822,18.40474,3.38347,-16.4719,-17.9927,1.52079,2.9946,3.0,85.0,0.0,0.3,degraded
24.62,22.05847,18.70521,3.35326,-16.36352,-17.87126,1.50775,3.0031,3.0,85.0,0.00482,0.3,degraded
24.63,22.32495,19.02168,3.30327,-16.25567,-17.75228,1.49662,2.9841,3.0,85.0,0.01471,0.3,degraded
24.64,22.58763,19.31429,3.27334,-16.14835,-17.65091,1.50256,0.8319,3.0,85.0,0.01554,0.3,degraded
24.65,22.84649,19.61158,3.23491,-16.04158,-17.53503,1.49345,3.0097,3.0,85.0,0.00592,0.3,degraded
24.66,23.1015,19.89465,3.20686,-15.93534,-17.42529,1.48994,1.1286,1.1822,85.0,0.00574,0.3,degraded
24.67,23.35265,20.17693,3.17572,-15.82964,-17.3006,1.47096,2.0824,0.2706,85.0,0.01107,0.3,degraded
24.68,23.59992,20.46402,3.1359,-15.72447,-17.18906,1.46459,0.8226,2.997,85.0,0.00861,0.3,degraded
24.69,23.84329,20.74927,3.09401,-15.61983,-17.07786,1.45803,3.0138,3.0,85.0,0.0228,0.3,degraded
24.7,24.08273,21.0211,3.06164,-15.51572,-16.9745,1.45878,1.2548,2.983,85.0,0.00632,0.3,degraded
24.71,24.31825,21.29475,3.0235,-15.41213,-16.86353,1.45139,2.9948,0.7985,85.0,0.01262,0.3,degraded
24.72,24.54982,21.5636,2.98622,-15.30907,-16.76188,1.45282,0.4674,3.0,85.0,0.00872,0.3,degraded
24.73,24.77743,21.84399,2.93345,-15.20652,-16.65192,1.44541,3.0006,2.996,85.0,0.01091,0.3,degraded
24.74,25.00108,22.10397,2.89711,-15.10448,-16.54713,1.44266,3.0014,3.0,85.0,0.0059,0.3,degraded
24.75,25.22075,22.37101,2.84974,-15.00294,-16.41956,1.41661,2.9965,3.0,85.0,0.01601,0.3,degraded
24.76,25.43645,22.62629,2.81016,-14.90191,-16.31519,1.41328,2.9964,2.9958,85.0,0.01139,0.3,degraded
24.77,25.64815,22.88248,2.76567,-14.80138,-16.21232,1.41094,1.0449,3.0,85.0,0.00925,0.3,degraded
24.78,25.85587,23.12732,2.72855,-14.70133,-16.11092,1.40959,3.0024,1.8759,85.0,0.00783,0.3,degraded
24.79,26.05959,23.37247,2.68712,-14.60176,-15.99883,1.39707,2.2041,0.5883,85.0,0.02707,0.3,degraded
24.8,26.25932,23.60474,2.65458,-14.50267,-15.88905,1.38638,3.0315,2.1371,85.0,0.02143,0.3,degraded
24.81,26.45506,23.84287,2.6122,-14.40405,-15.79339,1.38935,2.9982,2.7407,85.0,0.0236,0.3,degraded
24.82,26.64681,24.07111,2.5757,-14.30588,-15.69644,1.39056,0.045,3.0,85.0,0.02116,0.3,degraded
24.83,26.83458,24.31022,2.52436,-14.20817,-15.58358,1.37541,0.6431,3.0,85.0,0.01126,0.3,degraded
24.84,27.01837,24.53213,2.48624,-14.1109,-15.48352,1.37263,0.2022,3.0,85.0,0.00403,0.3,degraded
24.85,27.19818,24.76282,2.43536,-14.01406,-15.37955,1.36549,1.017,3.0,85.0,0.01227,0.3,degraded
24.86,27.37403,24.96812,2.40591,-13.91764,-15.27695,1.35931,3.0241,0.2665,85.0,0.00971,0.3,degraded
24.87,27.54593,25.18874,2.35719,-13.82164,-15.17657,1.35493,0.7674,2.3452,85.0,0.01817,0.3,degraded
24.88,27.71388,25.3991,2.31478,-13.72604,-15.06642,1.34038,3.0043,3.0,85.0,0.02083,0.3,degraded
24.89,27.87791,25.59972,2.27819,-13.63083,-14.97281,1.34198,2.9792,3.0,85.0,0.02198,0.3,degraded
24.9,28.03802,25.80789,2.23014,-13.53601,-14.87325,1.33724,2.9892,3.0,85.0,0.02239,0.3,degraded
24.91,28.19424,26.01022,2.18402,-13.44155,-14.75513,1.31358,2.3391,3.0,85.0,0.00829,0.3,degraded
24.92,28.34658,26.1927,2.15388,-13.34746,-14.66767,1.32022,0.6845,2.9902,85.0,0.00681,0.3,degraded
24.93,28.49505,26.40509,2.08996,-13.25371,-14.56448,1.31078,3.015,0.3348,85.0,0.00666,0.3,degraded
24.94,28.63969,26.58661,2.05308,-13.16029,-14.47196,1.31167,3.0063,2.576,85.0,0.00686,0.3,degraded
24.95,28.78051,26.77929,2.00122,-13.0672,-14.36342,1.29622,3.0096,2.9829,85.0,0.01205,0.3,degraded
24.96,28.91753,26.95429,1.96324,-12.97441,-14.26493,1.29052,3.0009,2.9866,85.0,0.0223,0.3,degraded
24.97,29.05079,27.12498,1.9258,-12.88192,-14.16309,1.28117,3.0245,0.6928,85.0,0.01656,0.3,degraded
24.98,29.1803,27.30459,1.87571,-12.78971,-14.07374,1.28403,3.0073,3.0,85.0,0.02182,0.3,degraded
24.99,29.30609,27.47828,1.82781,-12.69777,-13.96777,1.27,2.9999,2.5508,85.0,0.02814,0.3,degraded
25.0,29.4282,27.62399,1.80421,-12.60608,-13.87477,1.26869,2.5298,2.3376,85.0,0.01218,0.3,degraded
25.01,29.54666,27.80021,1.74645,-12.51463,-13.77932,1.2647,2.3205,3.0,85.0,0.01497,0.3,degraded
25.02,29.66149,27.94219,1.7193,-12.4234,-13.68924,1.26584,3.0072,0.3433,85.0,0.00503,0.3,degraded
25.03,29.77273,28.09639,1.67633,-12.33238,-13.58127,1.24889,3.0162,1.4515,85.0,0.01287,0.3,degraded
25.04,29.88041,28.23208,1.64833,-12.24155,-13.4923,1.25074,2.9904,3.0,85.0,0.00655,0.3,degraded
25.05,29.98457,28.38608,1.59849,-12.1509,-13.39109,1.24019,0.3857,2.9947,85.0,0.01235,0.3,degraded
25.06,30.08525,28.52451,1.56074,-12.06041,-13.30804,1.24763,3.0075,3.0,85.0,0.01254,0.3,degraded
25.07,30.18248,28.66615,1.51634,-11.97007,-13.20992,1.23985,2.9773,2.9857,85.0,0.01027,0.3,degraded
25.08,30.27631,28.80353,1.47278,-11.87986,-13.11468,1.23482,2.9973,2.9788,85.0,0.01279,0.3,degraded
25.09,30.36677,28.94333,1.42345,-11.78975,-13.02818,1.23843,2.1984,3.0,85.0,0.00722,0.3,degraded
25.1,30.45392,29.06358,1.39034,-11.69974,-12.94109,1.24135,2.9872,2.9961,85.0,0.00524,0.3,degraded
25.11,30.53778,29.19242,1.34536,-11.60981,-12.83957,1.22976,2.2735,1.4496,85.0,0.00935,0.3,degraded
25.12,30.6184,29.30211,1.31629,-11.51994,-12.75448,1.23454,2.988,2.9762,85.0,0.00862,0.3,degraded
25.13,30.69584,29.42095,1.27489,-11.43012,-12.64811,1.21799,1.4336,1.8752,85.0,0.01198,0.3,degraded
25.14,30.77013,29.53114,1.23899,-11.34031,-12.56148,1.22117,2.9844,2.0326,85.0,0.02469,0.3,degraded
25.15,30.84133,29.64231,1.19902,-11.25052,-12.48531,1.23479,2.9849,2.9873,85.0,0.02087,0.3,degraded
25.16,30.90948,29.7439,1.16557,-11.16071,-12.39916,1.23845,3.0048,0.4553,85.0,0.02285,0.3,degraded
25.17,30.97463,29.8563,1.11833,-11.07088,-12.29482,1.22394,3.0102,2.9831,85.0,0.00359,0.3,degraded
25.18,31.03683,29.94561,1.09122,-10.981,-12.20712,1.22612,2.9934,3.0,85.0,0.01315,0.3,degraded
25.19,31.09615,30.04549,1.05066,-10.89105,-12.11703,1.22598,1.617,3.0,85.0,0.01572,0.3,degraded
25.2,31.15262,30.14271,1.00991,-10.80102,-12.01733,1.21631,3.0156,2.9972,85.0,0.0,0.3,degraded
25.21,31.2063,30.22598,0.98032,-10.71088,-11.91934,1.20846,1.3206,3.0,85.0,0.01871,0.3,degraded
25.22,31.25725,30.30213,0.95512,-10.62062,-11.83357,1.21295,3.0201,2.998,85.0,0.01821,0.3,degraded
25.23,31.30552,30.39372,0.91181,-10.53022,-11.75348,1.22326,0.5802,2.998,85.0,0.00892,0.3,degraded
25.24,31.35118,30.48035,0.87082,-10.43966,-11.65239,1.21274,3.0099,2.9947,85.0,0.0162,0.3,degraded
25.25,31.39426,30.56305,0.83122,-10.34891,-11.56228,1.21336,2.9896,3.0,85.0,0.01544,0.3,degraded
25.26,31.43485,30.62308,0.81177,-10.25797,-11.4779,1.21993,2.9978,2.1886,85.0,0.01167,0.3,degraded
25.27,31.47298,30.6799,0.79308,-10.16681,-11.38201,1.2152,3.0254,2.945,85.0,0.00233,0.3,degraded
25.28,31.50873,30.73054,0.77819,-10.0754,-11.29259,1.21719,2.9879,3.0,85.0,0.00741,0.3,degraded
25.29,31.54215,30.78714,0.75502,-9.98374,-11.19708,1.21334,2.9937,3.0,85.0,0.0065,0.3,degraded
25.3,31.57331,30.83821,0.7351,-9.8918,-11.1098,1.218,3.0076,3.0,85.0,0.01023,0.3,degraded
25.31,31.60226,30.89517,0.70709,-9.79956,-11.01001,1.21045,3.0121,2.9912,85.0,0.00804,0.3,degraded
25.32,31.62908,30.94611,0.68296,-9.70701,-10.92155,1.21455,2.9946,0.3684,85.0,0.00253,0.3,degraded
25.33,31.65381,31.00084,0.65297,-9.61411,-10.8206,1.20649,3.0148,0.1349,85.0,0.00509,0.3,degraded
25.34,31.67653,31.04811,0.62842,-9.52086,-10.7143,1.19344,2.9919,3.0,85.0,0.00608,0.3,degraded
25.35,31.6973,31.10081,0.59648,-9.42723,-10.62931,1.20209,3.0017,0.5903,85.0,0.00197,0.3,degraded
25.36,31.71618,31.14658,0.5696,-9.3332,-10.54001,1.20681,2.9857,3.0,85.0,0.00158,0.3,degraded
25.37,31.73324,31.19613,0.53712,-9.23875,-10.44967,1.21092,3.0047,2.9672,85.0,0.00667,0.3,degraded
25.38,31.74855,31.23947,0.50908,-9.14386,-10.35104,1.20718,2.9997,3.0,85.0,0.00017,0.3,degraded
25.39,31.76217,31.28917,0.473,-9.04852,-10.26534,1.21682,3.014,3.0,85.0,0.00068,0.3,degraded
25.4,31.77417,31.33209,0.44208,-8.9527,-10.17527,1.22257,2.9875,2.9997,85.0,0.01069,0.3,degraded
25.41,31.78461,31.38147,0.40314,-8.85638,-10.06351,1.20713,3.0204,3.0,85.0,0.0051,0.3,degraded
25.42,31.79357,31.42471,0.36886,-8.75954,-9.98333,1.22378,2.963,1.0512,85.0,0.0,0.3,degraded
25.43,31.8011,31.47263,0.32848,-8.66217,-9.87758,1.21541,2.9923,2.3013,85.0,0.00676,0.3,degraded
25.44,31.80729,31.51372,0.29357,-8.56424,-9.79858,1.23435,2.9987,1.7206,85.0,0.01466,0.3,degraded
25.45,31.81218,31.56223,0.24996,-8.46573,-9.70276,1.23704,2.9729,3.0,85.0,0.00404,0.3,degraded
25.46,31.81587,31.60475,0.21111,-8.36662,-9.61465,1.24803,3.0006,3.0,85.0,0.01495,0.3,degraded
25.47,31.8184,31.65305,0.16535,-8.26691,-9.50651,1.23961,2.9893,1.4888,85.0,0.0018,0.3,degraded
25.48,31.81986,31.69435,0.1255,-8.16655,-9.4201,1.25354,2.9825,0.1444,85.0,0.0002,0.3,degraded
25.49,31.8203,31.74148,0.07882,-8.06554,-9.32208,1.25653,3.007,3.0,85.0,0.01244,0.3,degraded
25.5,31.81981,31.78152,0.03828,-7.96386,-9.22905,1.26519,3.0299,2.5723,85.0,0.00197,0.3,degraded
25.51,31.81844,31.82742,-0.00898,-7.86148,-9.12117,1.25968,3.014,0.6493,85.0,0.01339,0.3,degraded
25.52,31.81627,31.86757,-0.0513,-7.7584,-9.02031,1.26191,2.9881,2.5145,85.0,0.00908,0.3,degraded
25.53,31.81336,31.90921,-0.09585,-7.65458,-8.92245,1.26787,3.006,2.3696,85.0,0.00462,0.3,degraded
25.54,31.80979,31.93758,-0.12779,-7.55002,-8.82788,1.27787,3.0255,2.2554,85.0,0.01352,0.3,degraded
25.55,31.80562,31.96874,-0.16312,-7.44468,-8.74244,1.29776,3.0359,2.3185,85.0,0.0069,0.3,degraded
25.56,31.80092,31.98863,-0.18771,-7.33857,-8.64033,1.30177,3.0131,2.9843,85.0,0.01502,0.3,degraded
25.57,31.79577,32.01002,-0.21426,-7.23165,-8.5342,1.30255,2.9975,1.049,85.0,0.0,0.3,degraded
25.58,31.79022,32.02257,-0.23235,-7.1239,-8.44428,1.32038,3.0007,0.7116,85.0,0.01442,0.3,degraded
25.59,31.78435,32.03686,-0.25251,-7.01532,-8.34268,1.32736,3.0052,2.9842,85.0,0.01464,0.3,degraded
25.6,31.77822,32.04272,-0.26449,-6.90588,-8.24385,1.33797,2.9895,2.9812,85.0,0.01439,0.3,degraded
25.61,31.77191,32.05441,-0.2825,-6.79557,-8.13404,1.33848,3.0081,2.1788,85.0,0.01432,0.3,degraded
25.62,31.76548,32.05587,-0.29039,-6.68437,-8.04002,1.35566,3.0294,1.3991,85.0,0.01341,0.3,degraded
25.63,31.75899,32.06069,-0.3017,-6.57225,-7.93682,1.36457,2.9893,0.4563,85.0,0.00118,0.3,degraded
25.64,31.75252,32.05352,-0.301,-6.45922,-7.83479,1.37558,3.0086,2.978,85.0,0.00702,0.3,degraded
25.65,31.74613,32.05173,-0.3056,-6.34524,-7.73034,1.3851,2.9809,2.9941,85.0,0.00697,0.3,degraded
25.66,31.73989,32.04377,-0.30388,-6.2303,-7.62265,1.39235,2.9997,2.9907,85.0,0.01042,0.3,degraded
25.67,31.73386,32.04211,-0.30825,-6.11439,-7.51802,1.40363,3.0164,1.0133,85.0,0.01299,0.3,degraded
25.68,31.7281,32.03303,-0.30493,-5.9975,-7.42162,1.42413,2.9829,2.7391,85.0,0.00472,0.3,degraded
25.69,31.72268,32.03044,-0.30776,-5.87959,-7.30288,1.42329,2.9809,2.9902,85.0,0.00974,0.3,degraded
25.7,31.71768,32.02114,-0.30347,-5.76067,-7.19274,1.43206,3.0022,3.0,85.0,0.00255,0.3,degraded
25.71,31.71313,32.01773,-0.3046,-5.64072,-7.07629,1.43557,3.0112,3.0,85.0,0.01083,0.3,degraded
25.72,31.70912,32.00757,-0.29845,-5.51971,-6.97484,1.45512,2.9892,2.9828,85.0,0.00242,0.3,degraded
25.73,31.70571,32.00342,-0.29772,-5.39765,-6.85984,1.46219,3.0279,2.3513,85.0,0.00477,0.3,degraded
25.74,31.70295,31.99051,-0.28757,-5.2745,-6.75712,1.48262,2.9815,2.9834,85.0,0.01073,0.3,degraded
25.75,31.7009,31.98146,-0.28056,-5.15027,-6.64124,1.49097,2.9966,2.9853,85.0,0.00088,0.3,degraded
25.76,31.69963,31.96534,-0.26571,-5.02493,-6.52752,1.50259,2.9885,2.9981,85.0,0.00116,0.3,degraded
25.77,31.6992,31.9566,-0.2574,-4.89848,-6.413,1.51452,3.0158,0.4448,85.0,0.00652,0.3,degraded
25.78,31.69965,31.9418,-0.24215,-4.77089,-6.29728,1.52639,2.999,2.9983,85.0,0.00536,0.3,degraded
25.79,31.70106,31.93466,-0.2336,-4.64217,-6.18805,1.54588,3.0244,2.9894,85.0,0.00997,0.3,degraded
25.8,31.70348,31.92104,-0.21756,-4.51229,-6.07709,1.5648,2.9954,3.0,85.0,0.01518,0.3,degraded
25.81,31.70697,31.91223,-0.20526,-4.38124,-5.94896,1.56771,2.9991,1.5666,85.0,0.0034,0.3,degraded
25.82,31.71157,31.89631,-0.18474,-4.24902,-5.84431,1.59528,2.9872,2.9942,85.0,0.00757,0.3,degraded
25.83,31.71735,31.88629,-0.16895,-4.11562,-5.72128,1.60566,3.0356,1.6966,85.0,0.00502,0.3,degraded
25.84,31.72435,31.87059,-0.14624,-3.98101,-5.6031,1.62208,3.0058,3.0,85.0,0.0113,0.3,degraded
25.85,31.73263,31.86097,-0.12833,-3.8452,-5.47356,1.62836,3.0115,3.0,85.0,0.00938,0.3,degraded
25.86,31.74225,31.84577,-0.10352,-3.70817,-5.35216,1.64399,2.9851,3.0,85.0,0.00887,0.3,degraded
25.87,31.75325,31.83775,-0.0845,-3.56991,-5.21349,1.64358,2.9771,2.9885,85.0,0.00663,0.3,degraded
25.88,31.76567,31.82199,-0.05631,-3.43042,-5.09281,1.66239,3.0131,3.0,85.0,0.0055,0.3,degraded
25.89,31.77958,31.81175,-0.03216,-3.28968,-4.95657,1.66689,3.0031,2.9883,85.0,0.00238,0.3,degraded
25.9,31.79502,31.79557,-0.00055,-3.1477,-4.82533,1.67764,2.9736,3.0,85.0,0.0041,0.3,degraded
25.91,31.81202,31.78643,0.02559,-3.00445,-4.69005,1.6856,2.9982,2.9929,85.0,0.00763,0.3,degraded
25.92,31.83065,31.77021,0.06044,-2.85993,-4.568,1.70807,3.0153,2.6931,85.0,0.01262,0.3,degraded
25.93,31.85094,31.76073,0.09021,-2.71414,-4.44219,1.72805,3.0217,3.0,85.0,0.00534,0.3,degraded
25.94,31.87293,31.74412,0.12881,-2.56707,-4.31529,1.74822,2.9964,2.4391,85.0,0.01205,0.3,degraded
25.95,31.89667,31.73394,0.16273,-2.41872,-4.17257,1.75385,3.0141,1.379,85.0,0.00186,0.3,degraded
25.96,31.9222,31.71709,0.20511,-2.26907,-4.05581,1.78674,3.021,2.1755,85.0,0.01686,0.3,degraded
25.97,31.94955,31.7068,0.24275,-2.11812,-3.91589,1.79777,2.9714,2.9767,85.0,0.0,0.3,degraded
25.98,31.97877,31.68992,0.28884,-1.96588,-3.78306,1.81718,3.0017,3.0,85.0,0.01297,0.3,degraded
25.99,32.00989,31.67989,0.32999,-1.81232,-3.63946,1.82713,2.9871,1.0503,85.0,0.01523,0.3,degraded
26.0,32.04294,31.66229,0.38065,-1.65746,-3.50581,1.84835,3.0059,3.0,85.0,0.00394,0.3,degraded
26.01,32.07796,31.65035,0.42761,-1.50129,-3.36899,1.86771,2.9955,0.5054,85.0,0.00237,0.3,degraded
26.02,32.11499,31.63495,0.48004,-1.3438,-3.22796,1.88416,2.9773,3.0,85.0,0.0125,0.3,degraded
26.03,32.15406,31.63199,0.52207,-1.18499,-3.09036,1.90537,3.0113,2.7726,85.0,0.00119,0.3,degraded
26.04,32.19518,31.63075,0.56443,-1.02486,-2.94254,1.91769,2.9964,2.9998,85.0,0.00461,0.3,degraded
26.05,32.23841,31.63968,0.59873,-0.86341,-2.80019,1.93678,3.006,1.3731,85.0,0.008,0.3,degraded
26.06,32.28375,31.64485,0.6389,-0.70063,-2.65139,1.95076,2.995,1.3232,85.0,0.01007,0.3,degraded
26.07,32.33124,31.66363,0.66761,-0.53654,-2.50025,1.96371,2.9928,2.9974,85.0,0.01231,0.3,degraded
26.08,32.38091,31.68308,0.69782,-0.37112,-2.36245,1.99133,3.0066,2.7018,85.0,0.00986,0.3,degraded
26.09,32.43276,31.7097,0.72306,-0.20438,-2.20354,1.99917,3.0012,2.7228,85.0,0.01061,0.3,degraded
26.1,32.48684,31.73376,0.75308,-0.03631,-2.06544,2.02913,2.9855,3.0,85.0,0.01282,0.3,degraded
26.11,32.54316,31.76741,0.77574,0.13307,-1.90335,2.03642,3.0325,3.0,85.0,0.00958,0.3,degraded
26.12,32.60173,31.79899,0.80274,0.30377,-1.74088,2.04466,3.0035,3.0,85.0,0.0051,0.3,degraded
26.13,32.66258,31.84004,0.82254,0.47579,-1.57944,2.05523,2.9949,3.0,85.0,0.00276,0.3,degraded
26.14,32.72571,31.87974,0.84597,0.64912,-1.42715,2.07627,3.0146,3.0,85.0,0.01276,0.3,degraded
26.15,32.79116,31.92695,0.86421,0.82376,-1.27522,2.09898,2.9875,3.0,85.0,0.00815,0.3,degraded
26.16,32.85892,31.97035,0.88856,0.9997,-1.11143,2.11114,2.9973,3.0,85.0,0.00257,0.3,degraded
26.17,32.92901,32.02654,0.90247,1.17695,-0.94413,2.12108,2.9925,3.0,85.0,0.00597,0.3,degraded
26.18,33.00145,32.084,0.91745,1.35549,-0.78976,2.14525,0.7159,1.259,85.0,0.01229,0.3,degraded
26.19,33.07623,32.1625,0.91373,1.53533,-0.61695,2.15227,0.8596,3.0,85.0,0.00299,0.3,degraded
26.2,33.15337,32.23095,0.92242,1.71645,-0.4647,2.18115,1.9965,3.0,85.0,0.01184,0.3,degraded
26.21,33.23287,32.30189,0.93098,1.89884,-0.29246,2.1913,2.9873,1.2735,85.0,0.00856,0.3,degraded
26.22,33.31474,32.38342,0.93132,2.08251,-0.12488,2.20739,2.9924,1.55,85.0,0.00612,0.3,degraded
26.23,33.39898,32.45751,0.94148,2.26744,0.03469,2.23275,2.9815,1.168,85.0,0.01095,0.3,degraded
26.24,33.4856,32.52795,0.95765,2.45363,0.20846,2.24517,3.0045,1.1296,85.0,0.01233,0.3,degraded
26.25,33.57458,32.60967,0.96491,2.64107,0.37256,2.26851,2.9957,1.8996,85.0,0.00139,0.3,degraded
26.26,33.66593,32.69267,0.97326,2.82974,0.54385,2.28589,3.0173,3.0,85.0,0.01281,0.3,degraded
26.27,33.75965,32.78292,0.97673,3.01965,0.71735,2.30229,1.3542,3.0,85.0,0.01986,0.3,degraded
26.28,33.85573,32.86798,0.98775,3.21077,0.87871,2.33206,1.8406,3.0,85.0,6e-05,0.3,degraded
26.29,33.95416,32.94438,1.00979,3.4031,1.05685,2.34626,1.079,2.991,85.0,0.02107,0.3,degraded
26.3,34.05494,33.02458,1.03036,3.59664,1.22781,2.36883,3.0096,2.9863,85.0,0.01248,0.3,degraded
26.31,34.15806,33.11455,1.04351,3.79135,1.41167,2.37969,2.9892,0.1596,85.0,0.0128,0.3,degraded
26.32,34.26351,33.19921,1.0643,3.98725,1.58596,2.40128,1.6375,2.9967,85.0,0.01796,0.3,degraded
26.33,34.37127,33.29399,1.07728,4.1843,1.77145,2.41286,3.0141,3.0,85.0,0.02445,0.3,degraded
26.34,34.48134,33.38333,1.098,4.38251,1.95498,2.42753,2.9838,1.367,85.0,0.00142,0.3,degraded
26.35,34.59369,33.48459,1.10909,4.58185,2.1259,2.45595,3.0063,2.9796,85.0,0.01101,0.3,degraded
26.36,34.70831,33.5911,1.1172,4.78232,2.307,2.47532,3.013,2.9905,85.0,0.02487,0.3,degraded
26.37,34.82518,33.69332,1.13186,4.98389,2.50017,2.48372,1.941,2.994,85.0,0.01738,0.3,degraded
26.38,34.94428,33.77567,1.16861,5.18655,2.681,2.50555,2.9971,3.0,85.0,0.00015,0.3,degraded
26.39,35.06559,33.89803,1.16756,5.3903,2.87427,2.51603,3.0007,3.0,85.0,0.00994,0.3,degraded
26.4,35.18909,33.98772,1.20137,5.5951,3.06298,2.53212,1.3464,0.2019,85.0,0.01328,0.3,degraded
26.41,35.31476,34.10236,1.21239,5.80095,3.25766,2.54329,2.1596,2.998,85.0,0.00356,0.3,degraded
26.42,35.44256,34.20284,1.23972,6.00783,3.44214,2.56569,0.0242,0.1239,85.0,0.01474,0.3,degraded
26.43,35.57247,34.31944,1.25303,6.21572,3.62895,2.58678,1.5194,2.1486,85.0,0.01323,0.3,degraded
26.44,35.70447,34.43301,1.27146,6.42461,3.82498,2.59963,3.0209,2.9991,85.0,0.00593,0.3,degraded
26.45,35.83852,34.54881,1.28971,6.63447,4.02663,2.60783,2.9879,2.9675,85.0,0.01359,0.3,degraded
26.46,35.9746,34.66567,1.30893,6.84528,4.21654,2.62875,0.4861,2.9817,85.0,0.01279,0.3,degraded
26.47,36.11266,34.79179,1.32087,7.05704,4.41627,2.64077,2.9811,2.9927,85.0,0.00856,0.3,degraded
26.48,36.25269,34.90056,1.35213,7.26971,4.62144,2.64828,2.9958,3.0,85.0,0.02124,0.3,degraded
26.49,36.39463,35.02701,1.36762,7.48329,4.81402,2.66927,1.6618,2.1395,85.0,0.02496,0.3,degraded
26.5,36.53846,35.13959,1.39887,7.69774,5.01415,2.68359,2.9908,3.0,85.0,0.01918,0.3,degraded
26.51,36.68413,35.27584,1.4083,7.91304,5.22464,2.6884,3.0086,2.1963,85.0,0.02003,0.3,degraded
26.52,36.83162,35.39249,1.43913,8.12919,5.41366,2.71553,2.9824,0.469,85.0,0.01555,0.3,degraded
26.53,36.98087,35.52668,1.45419,8.34614,5.61754,2.7286,2.7235,3.0,85.0,0.00399,0.3,degraded
26.54,37.13185,35.64922,1.48263,8.56389,5.81756,2.74633,2.9938,3.0,85.0,0.02095,0.3,degraded
26.55,37.28451,35.77558,1.50893,8.78241,6.03932,2.74309,2.2503,1.5317,85.0,0.0082,0.3,degraded
26.56,37.43881,35.90854,1.53027,9.00167,6.22731,2.77437,1.3415,3.0,85.0,0.01059,0.3,degraded
26.57,37.59471,36.04438,1.55032,9.22166,6.44941,2.77225,3.0005,2.9777,85.0,0.0229,0.3,degraded
26.58,37.75215,36.18134,1.57081,9.44235,6.65036,2.79198,0.4108,2.2702,85.0,0.01959,0.3,degraded
26.59,37.91109,36.33051,1.58058,9.66371,6.85157,2.81214,2.9918,3.0,85.0,0.00621,0.3,degraded
26.6,38.07148,36.47524,1.59624,9.88571,7.06346,2.82225,2.9842,2.9967,85.0,0.01686,0.3,degraded
26.61,38.23328,36.63436,1.59892,10.10835,7.27205,2.8363,2.9923,0.1405,85.0,0.00634,0.3,degraded
26.62,38.39642,36.77104,1.62538,10.33158,7.48415,2.84744,2.9895,3.0,85.0,0.0088,0.3,degraded
26.63,38.56086,36.91333,1.64753,10.55539,7.70026,2.85512,3.0307,2.988,85.0,0.02174,0.3,degraded
26.64,38.72655,37.06368,1.66287,10.77974,7.90313,2.87661,0.8531,3.0,85.0,0.02313,0.3,degraded
26.65,38.89343,37.2051,1.68832,11.00461,8.12118,2.88344,1.8046,3.0,85.0,0.00317,0.3,degraded
26.66,39.06144,37.35876,1.70268,11.22998,8.33412,2.89586,2.9967,2.9914,85.0,0.01505,0.3,degraded
26.67,39.23053,37.51283,1.7177,11.45581,8.55108,2.90473,2.9875,1.5315,85.0,0.02026,0.3,degraded
26.68,39.40064,37.65821,1.74243,11.68209,8.77596,2.90613,0.0312,2.9839,85.0,0.01294,0.3,degraded
26.69,39.57171,37.82378,1.74794,11.90877,8.98813,2.92064,3.0087,1.9676,85.0,0.0031,0.3,degraded
26.7,39.74369,37.98673,1.75696,12.13583,9.20158,2.93425,0.4067,2.4808,85.0,0.01354,0.3,degraded
26.71,39.91652,38.15382,1.76269,12.36325,9.42265,2.9406,3.0012,0.9227,85.0,0.01166,0.3,degraded
26.72,40.09012,38.31416,1.77596,12.591,9.6321,2.9589,1.3924,3.0,85.0,0.01054,0.3,degraded
26.73,40.26445,38.46608,1.79838,12.81903,9.85382,2.96521,2.9969,3.0,85.0,0.00957,0.3,degraded
26.74,40.43944,38.62466,1.81477,13.04734,10.07167,2.97567,1.4347,1.084,85.0,0.01837,0.3,degraded
26.75,40.61502,38.78952,1.8255,13.27588,10.3063,2.96958,2.9914,2.2862,85.0,0.01317,0.3,degraded
26.76,40.79113,38.95182,1.83931,13.50462,10.51257,2.99206,2.9932,3.0,85.0,0.01293,0.3,degraded
26.77,40.96771,39.12295,1.84476,13.73355,10.74377,2.98978,2.9847,1.5383,85.0,0.02005,0.3,degraded
26.78,41.14469,39.2878,1.85689,13.96261,10.95678,3.00584,2.9838,3.0,85.0,0.01497,0.3,degraded
26.79,41.32201,39.47224,1.84977,14.19179,11.17719,3.0146,2.9826,2.7256,85.0,0.01525,0.3,degraded
26.8,41.49959,39.6282,1.87139,14.42105,11.39475,3.0263,0.541,2.9888,85.0,0.01035,0.3,degraded
26.81,41.67738,39.8086,1.86878,14.65036,11.63032,3.02004,2.9764,0.0994,85.0,0.01898,0.3,degraded
26.82,41.85529,39.96662,1.88867,14.87969,11.86098,3.01872,2.9743,1.7999,85.0,0.01343,0.3,degraded
26.83,42.03327,40.13194,1.90134,15.10901,12.09111,3.0179,2.9834,2.9845,85.0,0.01258,0.3,degraded
26.84,42.21125,40.29824,1.91301,15.33828,12.31285,3.02543,1.1485,1.5797,85.0,0.01499,0.3,degraded
26.85,42.38914,40.47215,1.917,15.56748,12.54089,3.02659,3.007,2.9886,85.0,0.00885,0.3,degraded
26.86,42.5669,40.63386,1.93303,15.79656,12.76485,3.0317,3.0162,2.7915,85.0,0.0181,0.3,degraded
26.87,42.74443,40.81374,1.93069,16.0255,12.98957,3.03593,2.0582,3.0,85.0,0.00635,0.3,degraded
26.88,42.92168,40.9852,1.93649,16.25426,13.21649,3.03777,3.0086,3.0,85.0,0.01686,0.3,degraded
26.89,43.09857,41.16315,1.93543,16.48281,13.44665,3.03616,3.0097,3.0,85.0,0.0058,0.3,degraded
26.9,43.27504,41.32954,1.94549,16.71112,13.67672,3.0344,3.0066,3.0,85.0,0.01062,0.3,degraded
26.91,43.45099,41.50547,1.94552,16.93916,13.89528,3.04387,0.1286,2.9952,85.0,0.01657,0.3,degraded
26.92,43.62638,41.68513,1.94125,17.16688,14.11125,3.05562,1.9233,2.5662,85.0,0.01794,0.3,degraded
26.93,43.80111,41.85408,1.94703,17.39425,14.34775,3.0465,2.9792,3.0,85.0,0.00166,0.3,degraded
26.94,43.97513,42.03058,1.94455,17.62125,14.57179,3.04946,3.0229,2.7053,85.0,0.00482,0.3,degraded
26.95,44.14835,42.19925,1.9491,17.84784,14.80895,3.03889,2.8994,3.0,85.0,0.00879,0.3,degraded
26.96,44.32071,42.37783,1.94288,18.07398,15.04019,3.03378,2.289,2.9973,85.0,0.00229,0.3,degraded
26.97,44.49212,42.55174,1.94038,18.29963,15.27617,3.02347,2.9958,2.9976,85.0,0.00276,0.3,degraded
26.98,44.66253,42.73299,1.92954,18.52477,15.49559,3.02919,3.0166,2.9883,85.0,0.00987,0.3,degraded
26.99,44.83184,42.90245,1.92939,18.74936,15.71849,3.03088,2.9766,3.0,85.0,0.01417,0.3,degraded
27.0,45.0,43.06789,1.93211,18.97337,15.94629,3.02707,2.9892,2.998,85.0,0.00972,0.3,degraded
27.01,45.16692,43.2488,1.91812,19.19675,16.17343,3.02332,2.9972,2.4583,85.0,0.00703,0.3,degraded
27.02,45.33254,43.42343,1.90911,19.41948,16.39717,3.02231,0.5596,2.9769,85.0,0.01743,0.3,degraded
27.03,45.49677,43.60243,1.89434,19.64152,16.63263,3.00888,0.7397,2.7093,85.0,0.00388,0.3,degraded
27.04,45.65955,43.76913,1.89042,19.86283,16.84545,3.01738,3.0164,2.983,85.0,0.0168,0.3,degraded
27.05,45.82081,43.93627,1.88453,20.08338,17.07777,3.00561,2.9797,3.0,85.0,0.017,0.3,degraded
27.06,45.98046,44.10905,1.87141,20.30314,17.30621,2.99693,2.982,2.2495,85.0,0.00915,0.3,degraded
27.07,46.13844,44.27128,1.86717,20.52206,17.52026,3.00181,2.9901,3.0,85.0,0.0192,0.3,degraded
27.08,46.29468,44.44058,1.8541,20.74013,17.7518,2.98832,3.0022,2.9815,85.0,0.01113,0.3,degraded
27.09,46.44909,44.61825,1.83085,20.95729,17.96518,2.99211,2.9975,3.0,85.0,0.02217,0.3,degraded
27.1,46.60162,44.7781,1.82352,21.17351,18.17924,2.99427,3.0123,3.0,85.0,0.00843,0.3,degraded
27.11,46.75219,44.94167,1.81052,21.38877,18.40933,2.97944,3.0004,0.1088,85.0,0.00985,0.3,degraded
27.12,46.90072,45.1093,1.79142,21.60302,18.62688,2.97614,3.0087,2.8754,85.0,0.01305,0.3,degraded
27.13,47.04715,45.2677,1.77945,21.81623,18.85625,2.95997,3.0146,3.0,85.0,0.01022,0.3,degraded
27.14,47.19141,45.42605,1.76535,22.02836,19.07496,2.95339,2.9895,3.0,85.0,0.02335,0.3,degraded
27.15,47.33342,45.59951,1.73391,22.23938,19.30831,2.93108,3.0101,3.0,85.0,0.00187,0.3,degraded
27.16,47.47311,45.75447,1.71864,22.44926,19.52192,2.92734,3.0059,3.0,85.0,0.01798,0.3,degraded
27.17,47.61042,45.90289,1.70753,22.65796,19.74557,2.91239,2.9819,2.9955,85.0,0.01432,0.3,degraded
27.18,47.74528,46.06025,1.68503,22.86544,19.94766,2.91778,2.9734,3.0,85.0,0.01218,0.3,degraded
27.19,47.87763,46.22374,1.65389,23.07167,20.16658,2.90509,3.0032,0.7534,85.0,0.00936,0.3,degraded
27.2,48.00738,46.35835,1.64903,23.27662,20.38254,2.89408,0.0198,2.9831,85.0,0.01574,0.3,degraded
27.21,48.13448,46.51047,1.62401,23.48025,20.59978,2.88048,2.9915,1.5772,85.0,0.01104,0.3,degraded
27.22,48.25886,46.65168,1.60717,23.68253,20.80288,2.87965,2.9899,3.0,85.0,0.01723,0.3,degraded
27.23,48.38045,46.79885,1.5816,23.88342,21.01562,2.8678,2.9946,3.0,85.0,0.01786,0.3,degraded
27.24,48.49919,46.94451,1.55469,24.0829,21.23188,2.85102,3.0102,0.6889,85.0,0.01828,0.3,degraded
27.25,48.61502,47.0862,1.52882,24.28092,21.4509,2.83002,2.9894,0.7006,85.0,0.02301,0.3,degraded
27.26,48.72787,47.21213,1.51574,24.47745,21.65742,2.82002,2.9809,1.6582,85.0,0.01337,0.3,degraded
27.27,48.83768,47.35359,1.48409,24.67246,21.87805,2.7944,1.6924,2.9987,85.0,0.01675,0.3,degraded
27.28,48.94439,47.48262,1.46176,24.86591,22.08119,2.78472,2.9875,2.3626,85.0,0.00975,0.3,degraded
27.29,49.04793,47.61001,1.43792,25.05778,22.30201,2.75577,2.9844,3.0,85.0,0.02802,0.3,degraded
27.3,49.14826,47.72764,1.42062,25.24803,22.50535,2.74268,2.4876,3.0,85.0,0.00815,0.3,degraded
27.31,49.2453,47.86371,1.38159,25.43662,22.72025,2.71637,3.0178,2.846,85.0,0.00656,0.3,degraded
27.32,49.339,47.9724,1.3666,25.62353,22.91679,2.70674,2.982,1.8667,85.0,0.02762,0.3,degraded
27.33,49.42931,48.0983,1.33101,25.80872,23.11955,2.68917,1.1177,1.8574,85.0,0.0236,0.3,degraded
27.34,49.51617,48.21099,1.30518,25.99216,23.31129,2.68087,2.9892,2.9768,85.0,0.01468,0.3,degraded
27.35,49.59952,48.32574,1.27377,26.17382,23.52065,2.65317,2.9746,2.8203,85.0,0.01099,0.3,degraded
27.36,49.6793,48.43534,1.24397,26.35366,23.71152,2.64215,2.331,0.3758,85.0,0.01747,0.3,degraded
27.37,49.75548,48.54113,1.21434,26.53166,23.90995,2.62171,3.0148,1.8688,85.0,0.0017,0.3,degraded
27.38,49.82798,48.64886,1.17912,26.70779,24.10872,2.59907,3.0312,0.4264,85.0,0.01183,0.3,degraded
27.39,49.89678,48.76044,1.13634,26.88201,24.30603,2.57598,2.9911,2.9833,85.0,0.01611,0.3,degraded
27.4,49.9618,48.84453,1.11727,27.05429,24.49157,2.56273,3.0119,3.0,85.0,0.01559,0.3,degraded
27.41,50.02301,48.93998,1.08304,27.22461,24.68289,2.54172,1.4734,2.9641,85.0,0.02047,0.3,degraded
27.42,50.08036,49.03535,1.04501,27.39293,24.87053,2.5224,0.1755,2.9831,85.0,0.0141,0.3,degraded
27.43,50.1338,49.12949,1.00431,27.55922,25.06252,2.4967,2.9937,0.8078,85.0,0.00891,0.3,degraded
27.44,50.18329,49.20885,0.97444,27.72346,25.24779,2.47567,2.983,1.0626,85.0,0.01951,0.3,degraded
27.45,50.22878,49.2871,0.94168,27.88562,25.4225,2.46311,3.0004,2.9078,85.0,0.0088,0.3,degraded
27.46,50.27024,49.37172,0.89852,28.04566,25.60725,2.43841,2.9952,2.0763,85.0,0.02051,0.3,degraded
27.47,50.30761,49.45067,0.85694,28.20356,25.79627,2.40729,2.9773,3.0,85.0,0.01533,0.3,degraded
27.48,50.34087,49.51943,0.82144,28.35929,25.97405,2.38524,0.5302,2.8498,85.0,0.02431,0.3,degraded
27.49,50.36996,49.6012,0.76877,28.51283,26.15275,2.36008,3.003,2.9996,85.0,0.02386,0.3,degraded
27.5,50.39487,49.65998,0.73488,28.66414,26.32009,2.34406,3.0082,2.9848,85.0,0.01699,0.3,degraded
27.51,50.41554,49.70655,0.70899,28.81321,26.49587,2.31733,3.0173,3.0,85.0,0.01555,0.3,degraded
27.52,50.43194,49.74591,0.68603,28.96,26.6638,2.2962,2.9954,3.0,85.0,0.0,0.3,degraded
27.53,50.44405,49.79162,0.65243,29.10448,26.83078,2.2737,2.9869,3.0,85.0,0.00641,0.3,degraded
27.54,50.45183,49.82976,0.62207,29.24664,27.002,2.24464,3.0051,3.0,85.0,0.00679,0.3,degraded
27.55,50.45525,49.87471,0.58054,29.38645,27.17297,2.21348,2.9984,2.9844,85.0,0.0,0.3,degraded
27.56,50.45428,49.9138,0.54048,29.52388,27.32695,2.19693,3.0061,3.0,85.0,0.01628,0.3,degraded
27.57,50.4489,49.95909,0.48981,29.6589,27.48716,2.17174,2.9851,2.4003,85.0,0.0109,0.3,degraded
27.58,50.43907,49.99926,0.43981,29.7915,27.66528,2.12622,2.9667,2.77,85.0,0.0,0.3,degraded
27.59,50.42478,50.04546,0.37932,29.92166,27.82135,2.1003,3.0154,2.9911,85.0,0.0133,0.3,degraded
27.6,50.406,50.08438,0.32162,30.04934,27.97382,2.07552,3.0242,0.8181,85.0,0.00591,0.3,degraded
27.61,50.3827,50.12908,0.25362,30.17452,28.12661,2.04791,3.0086,3.0,85.0,0.0,0.3,degraded
27.62,50.35488,50.16764,0.18724,30.29719,28.28765,2.00954,2.999,0.2939,85.0,0.00211,0.3,degraded
27.63,50.32251,50.2135,0.109,30.41732,28.43891,1.97842,3.0045,3.0,85.0,0.00428,0.3,degraded
27.64,50.28557,50.25397,0.03159,30.5349,28.59439,1.94051,3.0126,0.0419,85.0,0.00184,0.3,degraded
27.65,50.24405,50.29743,-0.05338,30.64989,28.74826,1.90162,3.0082,1.5003,85.0,0.0088,0.3,degraded
27.66,50.19793,50.33374,-0.13581,30.76228,28.88585,1.87642,2.9825,2.9847,85.0,0.01174,0.3,degraded
27.67,50.14721,50.36935,-0.22214,30.87205,29.03255,1.8395,3.0266,0.686,85.0,0.0032,0.3,degraded
27.68,50.09187,50.39123,-0.29936,30.97918,29.16433,1.81486,3.0202,1.5855,85.0,0.00206,0.3,degraded
27.69,50.0319,50.40339,-0.37149,31.08366,29.3048,1.77886,2.9904,2.9874,85.0,0.01223,0.3,degraded
27.7,49.96729,50.40555,-0.43825,31.18545,29.42512,1.76033,3.013,3.0,85.0,0.00116,0.3,degraded
27.71,49.89805,50.40875,-0.5107,31.28456,29.56059,1.72397,2.9936,0.7446,85.0,0.00862,0.3,degraded
27.72,49.82416,50.39563,-0.57147,31.38095,29.68811,1.69284,3.0149,2.9906,85.0,0.0086,0.3,degraded
27.73,49.74561,50.38346,-0.63784,31.47462,29.81081,1.66381,3.0049,2.9986,85.0,0.01009,0.3,degraded
27.74,49.66242,50.35797,-0.69555,31.56554,29.93277,1.63277,3.0086,3.0,85.0,0.00872,0.3,degraded
27.75,49.57458,50.33106,-0.75648,31.6537,30.05016,1.60354,3.0078,2.9792,85.0,0.00815,0.3,degraded
27.76,49.48209,50.28709,-0.805,31.73909,30.16539,1.57369,2.9997,3.0,85.0,0.01662,0.3,degraded
27.77,49.38495,50.24438,-0.85943,31.82168,30.29437,1.52731,3.0063,1.8512,85.0,0.01007,0.3,degraded
27.78,49.28317,50.1878,-0.90463,31.90147,30.3984,1.50307,2.9892,2.9465,85.0,0.01271,0.3,degraded
27.79,49.17676,50.13553,-0.95877,31.97845,30.51366,1.46479,3.0144,0.6056,85.0,0.01229,0.3,degraded
27.8,49.06572,50.07192,-1.0062,32.0526,30.61951,1.43308,2.9711,2.9726,85.0,0.01109,0.3,degraded
27.81,48.95007,49.98819,-1.03813,32.1239,30.7249,1.399,3.008,2.9947,85.0,0.01959,0.3,degraded
27.82,48.8298,49.89602,-1.06622,32.19235,30.82732,1.36503,3.0159,1.744,85.0,0.00591,0.3,degraded
27.83,48.70495,49.81241,-1.10746,32.25793,30.92913,1.3288,2.0628,3.0,85.0,0.024,0.3,degraded
27.84,48.57552,49.70915,-1.13363,32.32064,31.03089,1.28974,2.3493,2.2474,85.0,0.01536,0.3,degraded
27.85,48.44152,49.61066,-1.16915,32.38046,31.11716,1.2633,1.5348,2.9939,85.0,0.01998,0.3,degraded
27.86,48.30298,49.50907,-1.20609,32.43738,31.21489,1.22249,3.0055,3.0,85.0,0.01767,0.3,degraded
27.87,48.15991,49.40826,-1.24835,32.49139,31.31089,1.1805,3.009,3.0,85.0,0.01078,0.3,degraded
27.88,48.01233,49.29396,-1.28163,32.5425,31.40215,1.14035,0.0878,1.3905,85.0,0.02228,0.3,degraded
27.89,47.86027,49.17509,-1.31483,32.59068,31.47279,1.11789,2.9898,3.0,85.0,0.00481,0.3,degraded
27.9,47.70375,49.06144,-1.35769,32.63593,31.53541,1.10052,3.0138,2.9865,85.0,0.00321,0.3,degraded
27.91,47.54279,48.9292,-1.38641,32.67824,31.60415,1.0741,2.983,3.0,85.0,0.0134,0.3,degraded
27.92,47.37742,48.80731,-1.42989,32.71762,31.66658,1.05104,2.9839,3.0,85.0,0.0019,0.3,degraded
27.93,47.20767,48.68031,-1.47264,32.75404,31.7374,1.01664,3.0027,3.0,85.0,0.01002,0.3,degraded
27.94,47.03356,48.53946,-1.5059,32.78751,31.80074,0.98677,3.0076,3.0,85.0,0.00702,0.3,degraded
27.95,46.85513,48.40603,-1.5509,32.81803,31.86885,0.94917,2.9936,2.9818,85.0,0.00494,0.3,degraded
27.96,46.67242,48.26631,-1.59389,32.84558,31.93036,0.91521,0.785,3.0,85.0,0.00149,0.3,degraded
27.97,46.48544,48.1226,-1.63716,32.87016,31.9955,0.87467,3.0016,3.0,85.0,0.0124,0.3,degraded
27.98,46.29425,47.96314,-1.66889,32.89178,32.05356,0.83823,3.0162,2.9937,85.0,0.00325,0.3,degraded
27.99,46.09887,47.81188,-1.713,32.91043,32.11684,0.79359,1.4728,2.9911,85.0,0.02504,0.3,degraded
28.0,32.27381,47.65065,-15.37683,11.05261,32.15004,-21.09743,2.9969,3.0,85.0,0.20946,0.3,degraded
28.01,32.27381,46.99273,-14.71892,11.05261,31.51774,-20.46513,2.9983,3.0,85.0,0.23334,0.3,degraded
28.02,32.27381,45.69458,-13.42077,11.05261,30.14556,-19.09295,2.9942,2.8119,85.0,0.03284,0.3,degraded
28.03,32.27381,44.50731,-12.23349,11.05261,28.81266,-17.76005,2.9856,1.0197,85.0,0.04683,0.3,degraded
28.04,32.27381,43.41517,-11.14136,11.05261,27.57316,-16.52055,2.9923,2.9958,85.0,0.03706,0.3,degraded
28.05,32.27381,42.42033,-10.14652,11.05261,26.41745,-15.36484,2.9913,2.9971,85.0,0.02632,0.3,degraded
28.06,32.27381,41.50524,-9.23143,11.05261,25.34482,-14.29221,3.0046,2.6229,85.0,0.03764,0.3,degraded
28.07,32.27381,40.67673,-8.40292,11.05261,24.344,-13.29139,2.9823,3.0,85.0,0.03605,0.3,degraded
28.08,32.27381,39.90681,-7.633,11.05261,23.41322,-12.36061,2.9921,3.0,85.0,0.02547,0.3,degraded
28.09,32.27381,39.21224,-6.93843,11.05261,22.55966,-11.50705,3.0165,2.9287,85.0,0.0272,0.3,degraded
28.1,32.27381,38.57976,-6.30594,11.05261,21.75954,-10.70693,2.9884,2.9963,85.0,0.02089,0.3,degraded
28.11,32.27381,38.02536,-5.75154,11.05261,21.01131,-9.9587,3.0208,2.9937,85.0,0.0163,0.3,degraded
28.12,32.27381,37.4995,-5.22569,11.05261,20.31535,-9.26274,0.1067,1.5451,85.0,0.02553,0.3,degraded
28.13,32.27381,37.02354,-4.74973,11.05261,19.66784,-8.61523,3.0141,3.0,85.0,0.0236,0.3,degraded
28.14,32.27381,36.59072,-4.3169,11.05261,19.07238,-8.01977,0.1168,3.0,85.0,0.01562,0.3,degraded
28.15,32.27381,36.18545,-3.91163,11.05261,18.50999,-7.45738,2.3146,2.9846,85.0,0.01075,0.3,degraded
28.16,32.27381,35.82354,-3.54973,11.05261,17.99952,-6.94691,2.988,3.0,85.0,0.04615,0.3,degraded
28.17,32.27381,35.51293,-3.23911,11.05261,17.5207,-6.46809,2.8808,2.893,85.0,0.03086,0.3,degraded
28.18,32.27381,35.21042,-2.93661,11.05261,17.06796,-6.01535,2.9991,2.9948,85.0,0.00837,0.3,degraded
28.19,32.27381,34.93956,-2.66575,11.05261,16.65163,-5.59902,3.0222,3.0,85.0,0.01285,0.3,degraded
28.2,32.27381,34.6743,-2.40049,11.05261,16.26136,-5.20875,2.9722,2.9908,85.0,0.00416,0.3,degraded
28.21,32.27381,34.46522,-2.1914,11.05261,15.90834,-4.85573,3.0225,3.0,85.0,0.02049,0.3,degraded
28.22,32.27381,34.24881,-1.975,11.05261,15.57167,-4.51906,3.0138,2.9975,85.0,0.0094,0.3,degraded
28.23,32.27381,34.06582,-1.792,11.05261,15.26109,-4.20848,1.7942,3.0,85.0,0.0077,0.3,degraded
28.24,32.27381,33.89418,-1.62037,11.05261,14.97571,-3.9231,2.996,2.9792,85.0,0.02801,0.3,degraded
28.25,32.27381,33.75341,-1.4796,11.05261,14.70624,-3.65363,2.9863,3.0,85.0,0.02095,0.3,degraded
28.26,32.27381,33.60523,-1.33141,11.05261,14.443,-3.39039,2.996,2.9779,85.0,0.00744,0.3,degraded
28.27,32.27381,33.48435,-1.21054,11.05261,14.21934,-3.16673,3.0,2.6971,85.0,0.01625,0.3,degraded
28.28,32.27381,33.3584,-1.08458,11.05261,14.00849,-2.95588,0.4009,2.9905,85.0,0.02493,0.3,degraded
28.29,32.27381,33.24973,-0.97592,11.05261,13.80641,-2.7538,1.1973,2.9863,85.0,0.01487,0.3,degraded
28.3,32.27381,33.14445,-0.87064,11.05261,13.60867,-2.55606,2.9789,2.9818,85.0,0.00506,0.3,degraded
28.31,32.27381,33.05938,-0.78557,11.05261,13.43013,-2.37752,2.9973,1.6095,85.0,0.0338,0.3,degraded
28.32,32.27381,32.9772,-0.70339,11.05261,13.26737,-2.21476,2.5622,2.9686,85.0,0.01747,0.3,degraded
28.33,32.27381,32.90757,-0.63376,11.05261,13.12275,-2.07014,3.0082,3.0,85.0,0.00635,0.3,degraded
28.34,32.27381,32.85616,-0.58235,11.05261,12.98673,-1.93412,3.0201,2.8922,85.0,0.00999,0.3,degraded
28.35,32.27381,32.81147,-0.53766,11.05261,12.85982,-1.80721,2.9986,2.999,85.0,0.00018,0.3,degraded
28.36,32.27381,32.76072,-0.48691,11.05261,12.73741,-1.6848,2.9933,2.1371,85.0,0.00379,0.3,degraded
28.37,32.27381,32.71668,-0.44286,11.05261,12.62601,-1.5734,2.9745,3.0,85.0,0.01261,0.3,degraded
28.38,32.27381,32.66587,-0.39206,11.05261,12.51934,-1.46673,2.9662,2.9972,85.0,0.00793,0.3,degraded
28.39,32.27381,32.62079,-0.34698,11.05261,12.42524,-1.37263,2.9998,0.0413,85.0,0.0,0.3,degraded
28.4,32.27381,32.56978,-0.29597,11.05261,12.32618,-1.27357,2.9986,3.0,85.0,0.01496,0.3,degraded
28.41,32.27381,32.52513,-0.25132,11.05261,12.25096,-1.19835,3.0133,3.0,85.0,0.0164,0.3,degraded
28.42,32.27381,32.47662,-0.20281,11.05261,12.18774,-1.13513,3.0015,3.0,85.0,0.0,0.3,degraded
28.43,32.27381,32.43462,-0.16081,11.05261,12.1305,-1.07789,3.0115,3.0,85.0,0.00391,0.3,degraded
28.44,32.27381,32.38702,-0.11321,11.05261,12.06541,-1.0128,3.0156,2.9831,85.0,0.00142,0.3,degraded
28.45,32.27381,32.34773,-0.07392,11.05261,12.00584,-0.95323,2.9963,2.9984,85.0,0.0,0.3,degraded
28.46,32.27381,32.30167,-0.02786,11.05261,11.9392,-0.8866,3.0017,3.0,85.0,0.00352,0.3,degraded
28.47,32.27381,32.26146,0.01236,11.05261,11.8784,-0.82579,3.0278,2.9871,85.0,0.00201,0.3,degraded
28.48,32.27381,32.21585,0.05797,11.05261,11.82528,-0.77267,2.9943,2.9734,85.0,0.0,0.3,degraded
28.49,32.27381,32.17578,0.09803,11.05261,11.77373,-0.72112,2.9974,2.9948,85.0,0.00332,0.3,degraded
28.5,32.27381,32.12916,0.14465,11.05261,11.71618,-0.66358,3.0138,2.9847,85.0,0.00371,0.3,degraded
28.51,32.27381,32.09177,0.18204,11.05261,11.66414,-0.61153,2.9991,2.9965,85.0,0.0,0.3,degraded
28.52,32.27381,32.05702,0.2168,11.05261,11.60421,-0.5516,2.9859,3.0,85.0,0.0031,0.3,degraded
28.53,32.27381,32.02813,0.24569,11.05261,11.55018,-0.49757,3.0077,3.0,85.0,0.00361,0.3,degraded
28.54,32.27381,32.00089,0.27292,11.05261,11.49007,-0.43746,2.9921,2.9972,85.0,0.0,0.3,degraded
28.55,32.27381,31.98129,0.29253,11.05261,11.43612,-0.38352,3.0152,2.9847,85.0,0.00311,0.3,degraded
28.56,32.27381,31.95944,0.31437,11.05261,11.37566,-0.32305,2.9893,3.0,85.0,0.00371,0.3,degraded
28.57,32.27381,31.94689,0.32692,11.05261,11.32162,-0.26901,2.9845,3.0,85.0,0.0,0.3,degraded
28.58,32.27381,31.9331,0.34071,11.05261,11.26015,-0.20754,3.0144,3.0,85.0,0.00222,0.3,degraded
28.59,32.27381,31.92533,0.34848,11.05261,11.20409,-0.15148,3.0213,3.0,85.0,0.00473,0.3,degraded
28.6,32.27381,31.9132,0.36061,11.05261,11.14416,-0.09155,3.0026,2.9909,85.0,0.0,0.3,degraded
28.61,32.27381,31.91075,0.36306,11.05261,11.09187,-0.03926,2.9886,3.0,85.0,0.00268,0.3,degraded
28.62,32.27381,31.90447,0.36934,11.05261,11.03767,0.01494,2.9815,2.9984,85.0,0.0064,0.3,degraded
28.63,32.27381,31.90808,0.36573,11.05261,10.99957,0.05304,2.9915,3.0,85.0,0.0,0.3,degraded
28.64,32.27381,31.90615,0.36766,11.05261,10.95596,0.09664,2.9897,2.9806,85.0,0.00174,0.3,degraded
28.65,32.27381,31.9121,0.36172,11.05261,10.92392,0.12869,2.9789,2.9976,85.0,0.00534,0.3,degraded
28.66,32.27381,31.91219,0.36162,11.05261,10.89122,0.16139,3.0268,2.9885,85.0,0.0,0.3,degraded
28.67,32.27381,31.92032,0.35349,11.05261,10.86672,0.18589,2.9647,2.9792,85.0,0.00111,0.3,degraded
28.68,32.27381,31.92234,0.35147,11.05261,10.84269,0.20992,3.002,2.9982,85.0,0.00506,0.3,degraded
28.69,32.27381,31.93201,0.3418,11.05261,10.82505,0.22756,3.0124,2.9936,85.0,0.0,0.3,degraded
28.7,32.27381,31.93668,0.33713,11.05261,10.80351,0.2491,2.9913,3.0,85.0,0.0,0.3,degraded
28.71,32.27381,31.94713,0.32668,11.05261,10.79114,0.26147,2.9959,3.0,85.0,0.00533,0.3,degraded
28.72,32.27381,31.9513,0.32251,11.05261,10.77671,0.2759,2.9788,2.999,85.0,0.00114,0.3,degraded
28.73,32.27381,31.96096,0.31285,11.05261,10.77263,0.27998,3.0027,2.987,85.0,0.0,0.3,degraded
28.74,32.27381,31.96284,0.31098,11.05261,10.76199,0.29062,3.0091,2.9801,85.0,0.00436,0.3,degraded
28.75,32.27381,31.97161,0.3022,11.05261,10.75772,0.29489,3.0091,3.0,85.0,0.00146,0.3,degraded
28.76,32.27381,31.97462,0.2992,11.05261,10.74918,0.30343,3.0088,3.0,85.0,0.0,0.3,degraded
28.77,32.27381,31.98432,0.2895,11.05261,10.74882,0.30379,3.0087,3.0,85.0,0.00412,0.3,degraded
28.78,32.27381,31.98741,0.28641,11.05261,10.74358,0.30903,3.0013,2.9985,85.0,0.00144,0.3,degraded
28.79,32.27381,31.99812,0.27569,11.05261,10.74542,0.30719,3.0046,2.9857,85.0,0.0,0.3,degraded
28.8,32.27381,32.00247,0.27134,11.05261,10.74161,0.311,2.99,3.0,85.0,0.00434,0.3,degraded
28.81,32.27381,32.01186,0.26195,11.05261,10.74762,0.30499,2.99,3.0,85.0,0.00232,0.3,degraded
28.82,32.27381,32.01479,0.25903,11.05261,10.74822,0.30439,2.9863,3.0,85.0,0.0,0.3,degraded
28.83,32.27381,32.02407,0.24974,11.05261,10.75435,0.29826,3.0093,3.0,85.0,0.00322,0.3,degraded
28.84,32.27381,32.0268,0.24701,11.05261,10.75377,0.29884,2.9992,2.996,85.0,0.00253,0.3,degraded
28.85,32.27381,32.03584,0.23797,11.05261,10.76076,0.29185,2.98,2.9847,85.0,0.0,0.3,degraded
28.86,32.27381,32.03862,0.23519,11.05261,10.76133,0.29128,2.9815,3.0,85.0,0.00308,0.3,degraded
28.87,32.27381,32.04809,0.22572,11.05261,10.77006,0.28255,3.0038,3.0,85.0,0.00316,0.3,degraded
28.88,32.27381,32.05008,0.22373,11.05261,10.77492,0.27769,3.0167,3.0,85.0,0.0,0.3,degraded
28.89,32.27381,32.05762,0.21619,11.05261,10.78516,0.26745,3.0107,3.0,85.0,0.0019,0.3,degraded
28.9,32.27381,32.05906,0.21475,11.05261,10.78856,0.26404,2.9926,2.9887,85.0,0.00384,0.3,degraded
28.91,32.27381,32.06753,0.20628,11.05261,10.7974,0.25521,3.0027,2.989,85.0,0.0,0.3,degraded
28.92,32.27381,32.06969,0.20412,11.05261,10.79925,0.25336,3.0087,3.0,85.0,0.00145,0.3,degraded
28.93,32.27381,32.0788,0.19502,11.05261,10.81077,0.24184,2.9902,2.9767,85.0,0.00437,0.3,degraded
28.94,32.27381,32.08083,0.19298,11.05261,10.81494,0.23767,3.0059,2.9774,85.0,0.0,0.3,degraded
28.95,32.27381,32.08746,0.18635,11.05261,10.82416,0.22845,2.9939,3.0,85.0,0.00128,0.3,degraded
28.96,32.27381,32.08781,0.18601,11.05261,10.82613,0.22648,3.0039,3.0,85.0,0.00416,0.3,degraded
28.97,32.27381,32.09458,0.17923,11.05261,10.83452,0.21809,2.9873,3.0,85.0,0.0,0.3,degraded
28.98,32.27381,32.09551,0.1783,11.05261,10.83861,0.21399,3.0027,3.0,85.0,0.0,0.3,degraded
28.99,32.27381,32.10134,0.17248,11.05261,10.8484,0.20421,2.9835,2.9718,85.0,0.005,0.3,degraded
29.0,32.27381,32.10068,0.17314,11.05261,10.85461,0.198,3.0019,2.9996,85.0,0.0,0.3,degraded
29.01,32.27381,32.10721,0.1666,11.05261,10.86736,0.18525,3.0073,2.9687,85.0,0.0,0.3,degraded
29.02,32.27381,32.10839,0.16543,11.05261,10.87377,0.17884,3.0079,3.0,85.0,0.00496,0.3,degraded
29.03,32.27381,32.11473,0.15908,11.05261,10.8858,0.16681,3.022,2.9808,85.0,0.0,0.3,degraded
29.04,32.27381,32.11595,0.15786,11.05261,10.89187,0.16074,2.9927,2.9717,85.0,0.0,0.3,degraded
29.05,32.27381,32.12454,0.14928,11.05261,10.90423,0.14838,2.9899,3.0,85.0,0.00502,0.3,degraded
29.06,32.27381,32.12757,0.14624,11.05261,10.91073,0.14188,3.0075,3.0,85.0,0.00016,0.3,degraded
29.07,32.27381,32.13771,0.13611,11.05261,10.92392,0.12869,3.0456,2.9999,85.0,0.0,0.3,degraded
29.08,32.27381,32.14421,0.1296,11.05261,10.93036,0.12225,3.0151,3.0,85.0,0.00428,0.3,degraded
29.09,32.27381,32.15771,0.1161,11.05261,10.9446,0.10801,3.0232,3.0,85.0,0.00134,0.3,degraded
29.1,32.27381,32.16499,0.10883,11.05261,10.95357,0.09904,2.9902,2.9943,85.0,0.0,0.3,degraded
29.11,32.27381,32.17825,0.09556,11.05261,10.96686,0.08575,3.0146,3.0,85.0,0.00347,0.3,degraded
29.12,32.27381,32.18416,0.08965,11.05261,10.97621,0.0764,2.9984,3.0,85.0,0.00131,0.3,degraded
29.13,32.27381,32.19642,0.07739,11.05261,10.99209,0.06052,3.0079,3.0,85.0,0.0,0.3,degraded
29.14,32.27381,32.20396,0.06985,11.05261,11.00331,0.0493,2.9924,3.0,85.0,0.00381,0.3,degraded
29.15,32.27381,32.21792,0.0559,11.05261,11.02243,0.03018,2.9986,3.0,85.0,0.002,0.3,degraded
29.16,32.27381,32.22632,0.04749,11.05261,11.03373,0.01888,2.982,2.9961,85.0,0.0,0.3,degraded
29.17,32.27381,32.24077,0.03304,11.05261,11.05155,0.00106,3.014,3.0,85.0,0.00298,0.3,degraded
29.18,32.27381,32.24865,0.02516,11.05261,11.06301,-0.0104,3.0195,2.9904,85.0,0.00277,0.3,degraded
29.19,32.27381,32.26321,0.0106,11.05261,11.08103,-0.02842,3.0081,2.9862,85.0,0.0,0.3,degraded
29.2,32.27381,32.27111,0.0027,11.05261,11.09314,-0.04053,2.9846,2.9964,85.0,0.00229,0.3,degraded
29.21,32.27381,32.28469,-0.01088,11.05261,11.11181,-0.0592,2.9947,2.9713,85.0,0.00349,0.3,degraded
29.22,32.27381,32.29189,-0.01808,11.05261,11.12297,-0.07036,2.9879,3.0,85.0,0.0,0.3,degraded
29.23,32.27381,32.30446,-0.03064,11.05261,11.13915,-0.08654,3.0069,2.9881,85.0,0.00197,0.3,degraded
29.24,32.27381,32.31119,-0.03737,11.05261,11.1474,-0.09479,3.0309,2.9923,85.0,0.00428,0.3,degraded
29.25,32.27381,32.32215,-0.04834,11.05261,11.16194,-0.10933,3.0008,2.9881,85.0,0.0,0.3,degraded
29.26,32.27381,32.32643,-0.05262,11.05261,11.17155,-0.11894,2.973,3.0,85.0,0.00113,0.3,degraded
29.27,32.27381,32.33729,-0.06348,11.05261,11.18687,-0.13426,2.9709,3.0,85.0,0.00382,0.3,degraded
29.28,32.27381,32.34094,-0.06712,11.05261,11.19505,-0.14244,2.9945,2.9851,85.0,0.0,0.3,degraded
29.29,32.27381,32.35216,-0.07835,11.05261,11.20804,-0.15543,3.0147,3.0,85.0,0.00093,0.3,degraded
29.3,32.27381,32.35826,-0.08444,11.05261,11.21491,-0.1623,3.0016,3.0,85.0,0.00469,0.3,degraded
29.31,32.27381,32.3715,-0.09768,11.05261,11.22898,-0.17637,3.0048,2.9972,85.0,0.0,0.3,degraded
29.32,32.27381,32.37936,-0.10555,11.05261,11.23707,-0.18446,3.0227,2.9843,85.0,0.00067,0.3,degraded
29.33,32.27381,32.39316,-0.11934,11.05261,11.25125,-0.19864,3.0202,2.9818,85.0,0.00395,0.3,degraded
29.34,32.27381,32.40062,-0.12681,11.05261,11.25995,-0.20734,3.0031,3.0,85.0,0.0,0.3,degraded
29.35,32.27381,32.41426,-0.14044,11.05261,11.27623,-0.22363,3.0053,3.0,85.0,0.0,0.3,degraded
29.36,32.27381,32.4214,-0.14759,11.05261,11.28673,-0.23412,3.0006,2.9981,85.0,0.00443,0.3,degraded
29.37,32.27381,32.43559,-0.16178,11.05261,11.3029,-0.25029,3.0063,3.0,85.0,7e-05,0.3,degraded
29.38,32.27381,32.44315,-0.16933,11.05261,11.31322,-0.26061,3.0112,2.9847,85.0,0.0,0.3,degraded
29.39,32.27381,32.45577,-0.18196,11.05261,11.33152,-0.27891,3.0218,3.0,85.0,0.00495,0.3,degraded
29.4,32.27381,32.46221,-0.18839,11.05261,11.34361,-0.291,3.0019,2.9761,85.0,0.00101,0.3,degraded
29.41,32.27381,32.47464,-0.20082,11.05261,11.36168,-0.30907,3.0235,3.0,85.0,0.0,0.3,degraded
29.42,32.27381,32.48384,-0.21003,11.05261,11.37296,-0.32035,2.9941,3.0,85.0,0.00422,0.3,degraded
29.43,32.27381,32.50026,-0.22644,11.05261,11.38889,-0.33628,3.0296,3.0,85.0,0.00113,0.3,degraded
29.44,32.27381,32.51006,-0.23625,11.05261,11.40045,-0.34784,3.0077,3.0,85.0,0.0,0.3,degraded
29.45,32.27381,32.52609,-0.25228,11.05261,11.42147,-0.36886,2.958,3.0,85.0,0.00342,0.3,degraded
29.46,32.27381,32.53544,-0.26163,11.05261,11.43562,-0.38301,2.9749,2.9901,85.0,0.00204,0.3,degraded
29.47,32.27381,32.55145,-0.27764,11.05261,11.45383,-0.40122,2.9981,2.9903,85.0,0.0,0.3,degraded
29.48,32.27381,32.55984,-0.28603,11.05261,11.46588,-0.41327,3.0112,2.9843,85.0,0.00352,0.3,degraded
29.49,32.27381,32.57317,-0.29935,11.05261,11.48186,-0.42925,3.0129,2.9909,85.0,0.00312,0.3,degraded
29.5,32.27381,32.57893,-0.30512,11.05261,11.49145,-0.43884,3.0062,2.9878,85.0,0.0,0.3,degraded
29.51,32.27381,32.58899,-0.31518,11.05261,11.50726,-0.45466,3.0201,2.9884,85.0,0.00321,0.3,degraded
29.52,32.27381,32.59142,-0.31761,11.05261,11.51726,-0.46465,2.9921,3.0,85.0,0.00377,0.3,degraded
29.53,32.27381,32.5957,-0.32189,11.05261,11.5305,-0.47789,3.0044,3.0,85.0,0.0,0.3,degraded
29.54,32.27381,32.59107,-0.31726,11.05261,11.53508,-0.48247,3.007,3.0,85.0,0.00306,0.3,degraded
29.55,32.27381,32.59383,-0.32001,11.05261,11.54151,-0.48891,2.9848,2.9972,85.0,0.00364,0.3,degraded
29.56,32.27381,32.58753,-0.31372,11.05261,11.54126,-0.48865,2.9823,3.0,85.0,0.0,0.3,degraded
29.57,32.27381,32.58629,-0.31248,11.05261,11.54776,-0.49516,3.0009,2.9002,85.0,0.00203,0.3,degraded
29.58,32.27381,32.57872,-0.30491,11.05261,11.54502,-0.49241,3.0166,2.9887,85.0,0.00412,0.3,degraded
29.59,32.27381,32.57697,-0.30315,11.05261,11.54928,-0.49667,2.9929,3.0,85.0,0.0,0.3,degraded
29.6,32.27381,32.57065,-0.29684,11.05261,11.5449,-0.49229,3.0399,3.0,85.0,0.00156,0.3,degraded
29.61,32.27381,32.56785,-0.29403,11.05261,11.54751,-0.4949,2.9953,2.9953,85.0,0.00453,0.3,degraded
29.62,32.27381,32.55925,-0.28544,11.05261,11.54223,-0.48962,3.0007,3.0,85.0,0.0,0.3,degraded
29.63,32.27381,32.55746,-0.28365,11.05261,11.54199,-0.48938,3.0171,2.9999,85.0,0.00072,0.3,degraded
29.64,32.27381,32.54796,-0.27414,11.05261,11.5347,-0.48209,3.0086,3.0,85.0,0.00471,0.3,degraded
29.65,32.27381,32.54551,-0.27169,11.05261,11.5321,-0.47949,3.0074,2.9712,85.0,0.0,0.3,degraded
29.66,32.27381,32.53669,-0.26287,11.05261,11.52323,-0.47062,2.9528,2.8627,85.0,0.00054,0.3,degraded
29.67,32.27381,32.53426,-0.26045,11.05261,11.51719,-0.46458,2.9979,3.0,85.0,0.00447,0.3,degraded
29.68,32.27381,32.52363,-0.24982,11.05261,11.50564,-0.45303,2.9934,3.0,85.0,0.0,0.3,degraded
29.69,32.27381,32.51942,-0.24561,11.05261,11.50159,-0.44898,3.0016,3.0,85.0,0.0,0.3,degraded
29.7,32.27381,32.50955,-0.23573,11.05261,11.49177,-0.43916,2.9867,2.9691,85.0,0.00428,0.3,degraded
29.71,32.27381,32.50557,-0.23175,11.05261,11.48802,-0.43541,3.0208,2.9988,85.0,0.0,0.3,degraded
29.72,32.27381,32.49551,-0.2217,11.05261,11.47752,-0.42491,2.9851,2.9915,85.0,0.0,0.3,degraded
29.73,32.27381,32.49108,-0.21727,11.05261,11.47211,-0.4195,3.0299,3.0,85.0,0.00504,0.3,degraded
29.74,32.27381,32.48094,-0.20713,11.05261,11.45862,-0.40601,2.9884,2.9779,85.0,0.00034,0.3,degraded
29.75,32.27381,32.47489,-0.20108,11.05261,11.45158,-0.39897,3.0129,3.0,85.0,0.0,0.3,degraded
29.76,32.27381,32.46395,-0.19013,11.05261,11.43791,-0.3853,2.9874,3.0,85.0,0.00468,0.3,degraded
29.77,32.27381,32.45994,-0.18612,11.05261,11.43261,-0.38,2.9804,3.0,85.0,0.00141,0.3,degraded
29.78,32.27381,32.45033,-0.17652,11.05261,11.42075,-0.36814,2.9909,3.0,85.0,0.0,0.3,degraded
29.79,32.27381,32.44748,-0.17367,11.05261,11.41609,-0.36348,3.0008,2.9747,85.0,0.00409,0.3,degraded
29.8,32.27381,32.43748,-0.16367,11.05261,11.40236,-0.34975,3.0087,3.0,85.0,0.00177,0.3,degraded
29.81,32.27381,32.4346,-0.16079,11.05261,11.39597,-0.34336,3.0089,2.9933,85.0,0.0,0.3,degraded
29.82,32.27381,32.42516,-0.15134,11.05261,11.38463,-0.33202,3.016,3.0,85.0,0.00307,0.3,degraded
29.83,32.27381,32.42219,-0.14838,11.05261,11.37666,-0.32405,3.0233,2.971,85.0,0.00198,0.3,degraded
29.84,32.27381,32.41297,-0.13915,11.05261,11.36327,-0.31066,3.0034,3.0,85.0,0.0,0.3,degraded
29.85,32.27381,32.40999,-0.13617,11.05261,11.35892,-0.30631,3.0308,3.0,85.0,0.00312,0.3,degraded
29.86,32.27381,32.40173,-0.12792,11.05261,11.34928,-0.29667,2.9926,3.0,85.0,0.00364,0.3,degraded
29.87,32.27381,32.39898,-0.12517,11.05261,11.34579,-0.29318,2.9861,2.8282,85.0,0.0,0.3,degraded
29.88,32.27381,32.3895,-0.11569,11.05261,11.33071,-0.2781,2.9702,2.9832,85.0,0.002,0.3,degraded
29.89,32.27381,32.38721,-0.1134,11.05261,11.32214,-0.26953,3.0076,3.0,85.0,0.00369,0.3,degraded
29.9,32.27381,32.37571,-0.1019,11.05261,11.30787,-0.25526,3.0071,2.9988,85.0,0.0,0.3,degraded
29.91,32.27381,32.37138,-0.09757,11.05261,11.29974,-0.24714,2.998,2.9963,85.0,0.00156,0.3,degraded
29.92,32.27381,32.35885,-0.08503,11.05261,11.28529,-0.23268,3.0009,3.0,85.0,0.00392,0.3,degraded
29.93,32.27381,32.35144,-0.07762,11.05261,11.27716,-0.22455,3.0151,2.9845,85.0,0.0,0.3,degraded
29.94,32.27381,32.33811,-0.0643,11.05261,11.26361,-0.211,3.0227,3.0,85.0,0.00106,0.3,degraded
29.95,32.27381,32.33202,-0.05821,11.05261,11.25749,-0.20488,2.9698,2.9897,85.0,0.00447,0.3,degraded
29.96,32.27381,32.31955,-0.04574,11.05261,11.24369,-0.19108,2.9795,3.0,85.0,0.0,0.3,degraded
29.97,32.27381,32.31261,-0.0388,11.05261,11.23763,-0.18502,2.9881,3.0,85.0,0.00028,0.3,degraded
29.98,32.27381,32.29805,-0.02424,11.05261,11.22492,-0.17231,2.9795,2.9938,85.0,0.00459,0.3,degraded
29.99,32.27381,32.28932,-0.01551,11.05261,11.21763,-0.16502,3.0007,3.0,85.0,0.04312,0.3,degraded
30.0,0.0,32.25337,-32.25337,2.34641,11.18131,-8.8349,2.994,2.9896,85.0,0.17855,0.3,degraded
30.01,-0.06808,31.61283,-31.68091,2.19638,10.63137,-8.43499,2.9939,2.9842,85.0,0.21365,0.3,degraded
30.02,-0.13623,30.08845,-30.22468,2.04746,10.01679,-7.96933,3.0033,3.0,85.0,0.18821,0.3,degraded
30.03,-0.20451,27.69394,-27.89845,1.89966,9.43785,-7.53819,3.0161,1.6855,85.0,0.06443,0.3,degraded
30.04,-0.27299,25.05718,-25.33017,1.75296,8.88955,-7.13659,2.9906,0.8038,85.0,0.05551,0.3,degraded
30.05,-0.34173,22.65502,-22.99676,1.60736,8.36288,-6.75552,3.0094,2.6826,85.0,0.04291,0.3,degraded
30.06,-0.41082,20.4496,-20.86041,1.46285,7.86792,-6.40507,3.0185,3.0,85.0,0.04561,0.3,degraded
30.07,-0.4803,18.44071,-18.92101,1.31944,7.3957,-6.07626,2.9954,3.0,85.0,0.05414,0.3,degraded
30.08,-0.55025,16.59916,-17.14941,1.17711,6.95644,-5.77934,2.713,3.0,85.0,0.04759,0.3,degraded
30.09,-0.62074,14.9287,-15.54944,1.03585,6.53844,-5.50258,3.0069,1.672,85.0,0.02862,0.3,degraded
30.1,-0.69182,13.40332,-14.09515,0.89567,6.13928,-5.24361,2.9927,1.7135,85.0,0.04336,0.3,degraded
30.11,-0.76357,12.03619,-12.79976,0.75655,5.75914,-5.00259,2.9874,2.3107,85.0,0.03453,0.3,degraded
30.12,-0.83605,10.80323,-11.63928,0.61849,5.39286,-4.77438,2.9828,2.1353,85.0,0.02777,0.3,degraded
30.13,-0.90933,9.6804,-10.58973,0.48147,5.05157,-4.5701,2.9959,2.9961,85.0,0.04244,0.3,degraded
30.14,-0.98346,8.63949,-9.62296,0.34549,4.71747,-4.37198,2.9857,3.0,85.0,0.03567,0.3,degraded
30.15,-1.05852,7.70907,-8.7676,0.21054,4.39716,-4.18662,2.9982,3.0,85.0,0.02418,0.3,degraded
30.16,-1.13457,6.82168,-7.95625,0.07661,4.08393,-4.00732,2.9897,3.0,85.0,0.01762,0.3,degraded
30.17,-1.21167,6.02123,-7.2329,-0.05632,3.79791,-3.85423,2.9838,2.0597,85.0,0.01488,0.3,degraded
30.18,-1.28988,5.29293,-6.58281,-0.18824,3.51226,-3.7005,3.0001,0.5403,85.0,0.01423,0.3,degraded
30.19,-1.36926,4.62548,-5.99474,-0.31917,3.24132,-3.56049,2.9791,2.9884,85.0,0.02049,0.3,degraded
30.2,-1.44989,4.01095,-5.46084,-0.44912,2.97287,-3.422,2.9894,3.0,85.0,0.01898,0.3,degraded
30.21,-1.53181,3.44403,-4.97584,-0.57811,2.72318,-3.30129,3.0059,3.0,85.0,0.00772,0.3,degraded
30.22,-1.61509,2.92589,-4.54098,-0.70614,2.46939,-3.17554,2.9883,0.0885,85.0,0.01352,0.3,degraded
30.23,-1.69979,2.46303,-4.16282,-0.83323,2.22618,-3.05941,3.0068,3.0,85.0,0.02886,0.3,degraded
30.24,-1.78597,2.01582,-3.80179,-0.95939,2.00978,-2.96917,1.0338,2.9835,85.0,0.01868,0.3,degraded
30.25,-1.87368,1.60872,-3.4824,-1.08463,1.78779,-2.87242,3.0011,3.0,85.0,0.01458,0.3,degraded
30.26,-1.96298,1.241,-3.20398,-1.20896,1.57974,-2.7887,2.8509,1.8538,85.0,0.01399,0.3,degraded
30.27,-2.05394,0.88277,-2.93671,-1.3324,1.37489,-2.7073,2.8875,3.0,85.0,0.01228,0.3,degraded
30.28,-2.1466,0.55675,-2.70335,-1.45497,1.17792,-2.63288,2.9914,2.1118,85.0,0.02204,0.3,degraded
30.29,-2.24103,0.24702,-2.48805,-1.57666,1.00065,-2.57732,2.9893,2.4894,85.0,0.00739,0.3,degraded
30.3,-2.33727,-0.02543,-2.31184,-1.69751,0.80224,-2.49975,2.9841,2.1759,85.0,0.01562,0.3,degraded
30.31,-2.43538,-0.29601,-2.13937,-1.81752,0.6212,-2.43872,1.3273,2.987,85.0,0.01882,0.3,degraded
30.32,-2.53541,-0.54106,-1.99435,-1.93671,0.45018,-2.3869,3.0087,2.9863,85.0,0.01726,0.3,degraded
30.33,-2.63742,-0.75995,-1.87747,-2.05509,0.27303,-2.32813,0.0915,3.0,85.0,0.01536,0.3,degraded
30.34,-2.74145,-0.97995,-1.7615,-2.17269,0.09616,-2.26885,2.9905,1.6097,85.0,0.0171,0.3,degraded
30.35,-2.84755,-1.1782,-1.66935,-2.2895,-0.06004,-2.22946,1.7802,2.9749,85.0,0.00957,0.3,degraded
30.36,-2.95578,-1.37583,-1.57995,-2.40556,-0.237,-2.16856,3.0025,2.9924,85.0,0.01421,0.3,degraded
30.37,-3.06618,-1.55936,-1.50683,-2.52087,-0.39542,-2.12545,2.9891,2.9994,85.0,0.00929,0.3,degraded
30.38,-3.1788,-1.74009,-1.43871,-2.63546,-0.55043,-2.08503,3.0056,2.3867,85.0,0.01023,0.3,degraded
30.39,-3.29368,-1.91365,-1.38003,-2.74933,-0.68852,-2.06082,2.339,3.0,85.0,0.02071,0.3,degraded
30.4,-3.41087,-2.08283,-1.32804,-2.86252,-0.83869,-2.02382,0.2137,3.0,85.0,0.00887,0.3,degraded
30.41,-3.53041,-2.23965,-1.29076,-2.97502,-0.99553,-1.97949,3.0167,2.9965,85.0,0.01538,0.3,degraded
30.42,-3.65234,-2.40443,-1.24791,-3.08686,-1.14697,-1.93989,0.6794,2.9923,85.0,0.00967,0.3,degraded
30.43,-3.77671,-2.54773,-1.22898,-3.19807,-1.28882,-1.90925,2.0503,0.7268,85.0,0.01976,0.3,degraded
30.44,-3.90355,-2.69667,-1.20688,-3.30864,-1.4264,-1.88224,2.5546,2.9894,85.0,0.02207,0.3,degraded
30.45,-4.03291,-2.84428,-1.18863,-3.41861,-1.56097,-1.85764,2.1674,1.1956,85.0,0.01076,0.3,degraded
30.46,-4.16481,-2.97835,-1.18647,-3.52799,-1.70772,-1.82027,2.5294,0.0421,85.0,0.0197,0.3,degraded
30.47,-4.29931,-3.12083,-1.17847,-3.6368,-1.83924,-1.79757,2.8348,2.9954,85.0,0.01637,0.3,degraded
30.48,-4.43642,-3.27187,-1.16455,-3.74506,-1.96569,-1.77937,2.9982,1.2879,85.0,0.0062,0.3,degraded
30.49,-4.57619,-3.40396,-1.17223,-3.85278,-2.0941,-1.75868,1.5595,2.9924,85.0,0.00024,0.3,degraded
30.5,-4.71865,-3.54711,-1.17154,-3.95999,-2.22293,-1.73706,2.9796,3.0,85.0,0.01895,0.3,degraded
30.51,-4.86383,-3.69016,-1.17368,-4.0667,-2.35089,-1.71581,2.9793,2.0089,85.0,0.02205,0.3,degraded
30.52,-5.01176,-3.82025,-1.19151,-4.17293,-2.47653,-1.69639,2.9864,2.9954,85.0,0.03009,0.3,degraded
30.53,-5.16247,-3.95284,-1.20963,-4.2787,-2.58757,-1.69113,3.0025,2.8896,85.0,0.02571,0.3,degraded
30.54,-5.31598,-4.10147,-1.21452,-4.38403,-2.71197,-1.67206,1.8402,3.0,85.0,0.01535,0.3,degraded
30.55,-5.47233,-4.2331,-1.23923,-4.48893,-2.83252,-1.65642,3.0088,3.0,85.0,0.00389,0.3,degraded
30.56,-5.63153,-4.37718,-1.25434,-4.59344,-2.95155,-1.64189,1.4559,0.1209,85.0,0.00737,0.3,degraded
30.57,-5.7936,-4.508,-1.2856,-4.69756,-3.0876,-1.60996,1.9523,3.0,85.0,0.0093,0.3,degraded
30.58,-5.95858,-4.65582,-1.30276,-4.80132,-3.20991,-1.59141,0.1955,0.1884,85.0,0.00879,0.3,degraded
30.59,-6.12648,-4.80255,-1.32392,-4.90474,-3.3317,-1.57304,0.8577,3.0,85.0,0.00655,0.3,degraded
30.6,-6.29731,-4.94031,-1.357,-5.00783,-3.44108,-1.56675,1.6215,2.9749,85.0,0.00743,0.3,degraded
30.61,-6.4711,-5.09506,-1.37604,-5.11061,-3.55248,-1.55813,2.9881,2.9963,85.0,0.0055,0.3,degraded
30.62,-6.64787,-5.24061,-1.40726,-5.21311,-3.6718,-1.54131,2.0385,1.536,85.0,0.01045,0.3,degraded
30.63,-6.82762,-5.39209,-1.43553,-5.31534,-3.78018,-1.53516,0.4373,2.2927,85.0,0.0103,0.3,degraded
30.64,-7.01037,-5.55668,-1.45369,-5.41733,-3.89134,-1.52599,2.9841,3.0,85.0,0.02163,0.3,degraded
30.65,-7.19613,-5.69961,-1.49652,-5.51908,-3.98987,-1.52921,3.0159,3.0,85.0,0.00124,0.3,degraded
30.66,-7.38491,-5.86421,-1.5207,-5.62063,-4.10524,-1.5154,2.9999,0.6377,85.0,0.00901,0.3,degraded
30.67,-7.57672,-6.01832,-1.5584,-5.722,-4.2079,-1.5141,1.7603,2.9704,85.0,0.01778,0.3,degraded
30.68,-7.77156,-6.19254,-1.57902,-5.82319,-4.32659,-1.4966,3.0023,2.3567,85.0,0.00427,0.3,degraded
30.69,-7.96945,-6.34341,-1.62604,-5.92423,-4.42341,-1.50082,2.9784,2.1294,85.0,0.00733,0.3,degraded
30.7,-8.17038,-6.51564,-1.65475,-6.02515,-4.54532,-1.47983,0.6448,2.9892,85.0,0.00102,0.3,degraded
30.71,-8.37436,-6.67672,-1.69764,-6.12596,-4.63856,-1.4874,3.0265,2.9991,85.0,0.00338,0.3,degraded
30.72,-8.58139,-6.86326,-1.71814,-6.22667,-4.74838,-1.47829,3.0176,2.9866,85.0,0.0234,0.3,degraded
30.73,-8.79147,-7.03045,-1.76102,-6.32731,-4.84768,-1.47963,2.9918,0.6488,85.0,0.00645,0.3,degraded
30.74,-9.00459,-7.20895,-1.79564,-6.4279,-4.96027,-1.46763,3.0032,0.2245,85.0,0.00049,0.3,degraded
30.75,-9.22075,-7.39508,-1.82567,-6.52846,-5.06752,-1.46094,2.9917,3.0,85.0,0.01609,0.3,degraded
30.76,-9.43996,-7.57833,-1.86163,-6.62901,-5.1749,-1.45411,3.0077,2.9871,85.0,0.01738,0.3,degraded
30.77,-9.66219,-7.75825,-1.90394,-6.72956,-5.27268,-1.45688,0.7934,3.0,85.0,0.01034,0.3,degraded
30.78,-9.88744,-7.94822,-1.93922,-6.83013,-5.37603,-1.4541,2.9973,2.9827,85.0,0.02273,0.3,degraded
30.79,-10.11571,-8.14309,-1.97262,-6.93075,-5.48984,-1.44091,1.6322,2.606,85.0,0.01914,0.3,degraded
30.8,-10.34697,-8.34156,-2.00541,-7.03142,-5.58354,-1.44788,2.4538,2.9773,85.0,0.00979,0.3,degraded
30.81,-10.58123,-8.53179,-2.04944,-7.13218,-5.68599,-1.44619,0.4971,0.1176,85.0,0.02601,0.3,degraded
30.82,-10.81846,-8.74002,-2.07844,-7.23304,-5.79038,-1.44266,1.4218,2.9967,85.0,0.00401,0.3,degraded
30.83,-11.05864,-8.94646,-2.11219,-7.33401,-5.8936,-1.44041,1.049,2.9982,85.0,0.01257,0.3,degraded
30.84,-11.30177,-9.15404,-2.14773,-7.43511,-6.00226,-1.43286,0.5736,3.0,85.0,0.01299,0.3,degraded
30.85,-11.54782,-9.36833,-2.17948,-7.53637,-6.10309,-1.43329,3.0018,2.9989,85.0,0.02407,0.3,degraded
30.86,-11.79677,-9.57883,-2.21794,-7.6378,-6.20561,-1.43219,3.0036,2.3804,85.0,0.00732,0.3,degraded
30.87,-12.0486,-9.78897,-2.25963,-7.73942,-6.30221,-1.43721,3.0029,2.9792,85.0,0.02014,0.3,degraded
30.88,-12.30328,-10.02247,-2.28081,-7.84124,-6.40092,-1.44033,3.0229,1.674,85.0,0.00647,0.3,degraded
30.89,-12.5608,-10.23917,-2.32163,-7.94329,-6.50403,-1.43926,2.993,3.0,85.0,0.01346,0.3,degraded
30.9,-12.82112,-10.46239,-2.35873,-8.04557,-6.61281,-1.43276,3.016,3.0,85.0,0.01217,0.3,degraded
30.91,-13.08422,-10.6796,-2.40461,-8.14811,-6.70997,-1.43814,3.0051,2.9961,85.0,0.00808,0.3,degraded
30.92,-13.35007,-10.91884,-2.43123,-8.25092,-6.80939,-1.44153,3.0006,3.0,85.0,0.0,0.3,degraded
30.93,-13.61863,-11.14136,-2.47727,-8.35402,-6.90832,-1.44571,2.996,3.0,85.0,0.01404,0.3,degraded
30.94,-13.88988,-11.38106,-2.50882,-8.45743,-7.01448,-1.44295,1.6882,2.0252,85.0,0.00654,0.3,degraded
30.95,-14.16378,-11.61619,-2.54759,-8.56116,-7.11058,-1.45057,0.3741,3.0,85.0,0.01369,0.3,degraded
30.96,-14.4403,-11.87004,-2.57026,-8.66522,-7.21927,-1.44594,3.0046,2.9898,85.0,0.00163,0.3,degraded
30.97,-14.7194,-12.10473,-2.61467,-8.76963,-7.3213,-1.44833,2.9941,0.9564,85.0,0.00718,0.3,degraded
30.98,-15.00104,-12.36232,-2.63872,-8.87441,-7.42085,-1.45356,1.337,2.9972,85.0,0.01673,0.3,degraded
30.99,-15.28519,-12.61592,-2.66927,-8.97958,-7.51802,-1.46156,2.7317,2.34,85.0,0.01358,0.3,degraded
31.0,-15.5718,-12.87108,-2.70072,-9.08513,-7.62865,-1.45649,2.9717,2.9883,85.0,0.02491,0.3,degraded
31.01,-15.86083,-13.12191,-2.73892,-9.1911,-7.73891,-1.45219,2.9904,2.7223,85.0,0.00446,0.3,degraded
31.02,-16.15224,-13.38833,-2.76391,-9.29749,-7.83913,-1.45836,3.0004,2.9796,85.0,0.00527,0.3,degraded
31.03,-16.44599,-13.64607,-2.79992,-9.40432,-7.94477,-1.45955,3.0221,0.8922,85.0,0.01941,0.3,degraded
31.04,-16.74202,-13.91148,-2.83054,-9.5116,-8.04803,-1.46357,0.7407,2.2228,85.0,0.01059,0.3,degraded
31.05,-17.0403,-14.16965,-2.87065,-9.61934,-8.15361,-1.46573,3.0211,1.4526,85.0,0.00231,0.3,degraded
31.06,-17.34077,-14.45232,-2.88845,-9.72756,-8.26071,-1.46685,3.0029,2.9988,85.0,0.01671,0.3,degraded
31.07,-17.64339,-14.72808,-2.9153,-9.83627,-8.36419,-1.47208,3.0131,1.2378,85.0,0.02999,0.3,degraded
31.08,-17.9481,-14.99952,-2.94858,-9.94548,-8.48076,-1.46471,2.9902,3.0,85.0,0.00915,0.3,degraded
31.09,-18.25485,-15.2726,-2.98226,-10.0552,-8.578,-1.47719,2.1727,2.9642,85.0,0.01732,0.3,degraded
31.1,-18.5636,-15.55358,-3.01001,-10.16544,-8.68504,-1.4804,2.9848,3.0,85.0,0.01774,0.3,degraded
31.11,-18.87428,-15.83205,-3.04223,-10.27622,-8.79066,-1.48556,2.9786,2.9981,85.0,0.00201,0.3,degraded
31.12,-19.18684,-16.12316,-3.06368,-10.38754,-8.90259,-1.48495,3.0074,2.7473,85.0,0.01273,0.3,degraded
31.13,-19.50122,-16.40583,-3.09539,-10.49942,-9.00186,-1.49756,3.0024,2.977,85.0,0.00963,0.3,degraded
31.14,-19.81738,-16.7045,-3.11287,-10.61187,-9.10858,-1.50329,3.0015,2.9845,85.0,0.01016,0.3,degraded
31.15,-20.13524,-16.99138,-3.14385,-10.72489,-9.21319,-1.5117,3.007,1.1182,85.0,0.01496,0.3,degraded
31.16,-20.45475,-17.29513,-3.15961,-10.83849,-9.33139,-1.5071,2.2584,1.85,85.0,0.00883,0.3,degraded
31.17,-20.77584,-17.58536,-3.19048,-10.95268,-9.43378,-1.5189,2.7998,2.0906,85.0,0.01387,0.3,degraded
31.18,-21.09847,-17.88432,-3.21415,-11.06748,-9.53813,-1.52935,2.9898,2.9832,85.0,0.0143,0.3,degraded
31.19,-21.42256,-18.19442,-3.22814,-11.18288,-9.64609,-1.53679,3.0123,2.0665,85.0,0.02182,0.3,degraded
31.2,-21.74805,-18.49304,-3.25501,-11.2989,-9.7534,-1.5455,2.9966,3.0,85.0,0.01034,0.3,degraded
31.21,-22.07488,-18.78743,-3.28745,-11.41555,-9.86527,-1.55028,2.7202,2.9879,85.0,0.01106,0.3,degraded
31.22,-22.40299,-19.10068,-3.3023,-11.53282,-9.98894,-1.54388,1.4847,2.9867,85.0,0.01329,0.3,degraded
31.23,-22.7323,-19.40862,-3.32367,-11.65073,-10.08595,-1.56478,0.1981,1.8695,85.0,0.00427,0.3,degraded
31.24,-23.06274,-19.72861,-3.33414,-11.76928,-10.20948,-1.5598,0.2958,2.9957,85.0,0.00819,0.3,degraded
31.25,-23.39426,-20.03996,-3.35431,-11.88848,-10.32363,-1.56486,0.031,3.0,85.0,0.01908,0.3,degraded
31.26,-23.72679,-20.36391,-3.36287,-12.00834,-10.43511,-1.57323,1.9445,2.9759,85.0,0.00158,0.3,degraded
31.27,-24.06025,-20.66407,-3.39618,-12.12885,-10.54576,-1.58309,2.994,3.0,85.0,0.01365,0.3,degraded
31.28,-24.39457,-20.9957,-3.39887,-12.25002,-10.66313,-1.58689,3.0145,2.9886,85.0,0.01987,0.3,degraded
31.29,-24.72969,-21.2997,-3.42999,-12.37186,-10.77527,-1.59658,3.0226,2.9986,85.0,0.01047,0.3,degraded
31.3,-25.06552,-21.62741,-3.43811,-12.49436,-10.88731,-1.60705,2.0764,2.9852,85.0,0.00201,0.3,degraded
31.31,-25.40201,-21.93266,-3.46936,-12.61754,-11.00527,-1.61226,3.025,2.9941,85.0,0.02878,0.3,degraded
31.32,-25.73908,-22.26059,-3.4785,-12.74139,-11.13239,-1.609,0.7228,3.0,85.0,0.00651,0.3,degraded
31.33,-26.07666,-22.58384,-3.49282,-12.86592,-11.23848,-1.62744,0.7667,3.0,85.0,0.01089,0.3,degraded
31.34,-26.41466,-22.90893,-3.50573,-12.99112,-11.36175,-1.62937,2.6686,0.6067,85.0,0.01799,0.3,degraded
31.35,-26.75303,-23.23191,-3.52112,-13.117,-11.49349,-1.62351,0.4241,1.9299,85.0,0.00753,0.3,degraded
31.36,-27.09167,-23.57004,-3.52163,-13.24357,-11.61006,-1.63351,3.0044,3.0,85.0,0.01751,0.3,degraded
31.37,-27.43053,-23.90556,-3.52497,-13.37081,-11.71587,-1.65494,3.004,2.9963,85.0,0.00616,0.3,degraded
31.38,-27.76951,-24.23367,-3.53585,-13.49873,-11.84179,-1.65694,3.0108,3.0,85.0,0.02306,0.3,degraded
31.39,-28.10856,-24.5607,-3.54786,-13.62732,-11.96487,-1.66245,2.9934,2.9793,85.0,0.0106,0.3,degraded
31.4,-28.44758,-24.90133,-3.54625,-13.7566,-12.07693,-1.67967,3.031,3.0,85.0,0.01416,0.3,degraded
31.41,-28.78651,-25.22745,-3.55907,-13.88655,-12.19259,-1.69396,2.9983,2.999,85.0,0.00856,0.3,degraded
31.42,-29.12527,-25.56972,-3.55555,-14.01717,-12.31603,-1.70114,3.0058,3.0,85.0,0.00179,0.3,degraded
31.43,-29.46377,-25.89663,-3.56715,-14.14847,-12.43304,-1.71542,2.984,2.9934,85.0,0.00782,0.3,degraded
31.44,-29.80195,-26.22704,-3.57492,-14.28043,-12.55369,-1.72673,2.7606,2.9773,85.0,0.01441,0.3,degraded
31.45,-30.13973,-26.55928,-3.58045,-14.41305,-12.67698,-1.73607,0.4443,3.0,85.0,0.0206,0.3,degraded
31.46,-30.47702,-26.89779,-3.57923,-14.54634,-12.802,-1.74434,1.761,3.0,85.0,0.00693,0.3,degraded
31.47,-30.81375,-27.22022,-3.59353,-14.68027,-12.93552,-1.74475,2.9724,2.9961,85.0,0.01402,0.3,degraded
31.48,-31.14985,-27.5627,-3.58714,-14.81486,-13.05708,-1.75779,3.0301,3.0,85.0,0.00897,0.3,degraded
31.49,-31.48522,-27.89773,-3.58749,-14.9501,-13.18348,-1.76662,2.9922,1.8535,85.0,0.02981,0.3,degraded
31.5,-31.81981,-28.22912,-3.59069,-15.08597,-13.31189,-1.77408,2.987,1.701,85.0,0.01376,0.3,degraded
31.51,-32.15352,-28.5639,-3.58962,-15.22248,-13.4415,-1.78097,1.7466,0.6287,85.0,0.01496,0.3,degraded
31.52,-32.48628,-28.8898,-3.59648,-15.35961,-13.58114,-1.77846,2.9952,2.995,85.0,0.01727,0.3,degraded
31.53,-32.81801,-29.2244,-3.59361,-15.49736,-13.70045,-1.79691,0.0294,2.9997,85.0,0.02254,0.3,degraded
31.54,-33.14863,-29.56519,-3.58345,-15.63571,-13.83964,-1.79608,3.0008,1.4066,85.0,0.01288,0.3,degraded
31.55,-33.47807,-29.90106,-3.57701,-15.77468,-13.95569,-1.81899,3.0161,0.3695,85.0,0.00877,0.3,degraded
31.56,-33.80625,-30.24106,-3.56519,-15.91423,-14.1025,-1.81173,2.9936,3.0,85.0,0.01175,0.3,degraded
31.57,-34.13309,-30.57287,-3.56022,-16.05437,-14.24028,-1.81409,3.0183,3.0,85.0,0.0122,0.3,degraded
31.58,-34.45852,-30.90709,-3.55143,-16.19508,-14.36788,-1.8272,2.984,2.9929,85.0,0.01166,0.3,degraded
31.59,-34.78245,-31.23688,-3.54557,-16.33636,-14.50416,-1.8322,2.9737,3.0,85.0,0.01689,0.3,degraded
31.6,-35.10481,-31.56369,-3.54112,-16.47819,-14.63534,-1.84285,2.9919,0.513,85.0,0.01549,0.3,degraded
31.61,-35.42553,-31.89221,-3.53332,-16.62056,-14.76437,-1.85619,2.9836,3.0,85.0,0.01864,0.3,degraded
31.62,-35.74452,-32.22855,-3.51597,-16.76347,-14.90222,-1.86125,3.0033,2.9895,85.0,0.01732,0.3,degraded
31.63,-36.06171,-32.54567,-3.51605,-16.90689,-15.02826,-1.87863,3.0002,1.2517,85.0,0.00345,0.3,degraded
31.64,-36.37703,-32.88054,-3.49649,-17.05082,-15.16283,-1.88799,1.361,2.9764,85.0,0.01452,0.3,degraded
31.65,-36.6904,-33.18981,-3.50059,-17.19524,-15.29974,-1.8955,2.9947,0.5366,85.0,0.00914,0.3,degraded
31.66,-37.00175,-33.51986,-3.48189,-17.34015,-15.44271,-1.89744,2.996,3.0,85.0,0.01279,0.3,degraded
31.67,-37.31101,-33.83483,-3.47618,-17.48552,-15.58539,-1.90012,0.9244,3.0,85.0,0.01184,0.3,degraded
31.68,-37.61809,-34.15156,-3.46654,-17.63134,-15.71518,-1.91616,3.0096,2.023,85.0,0.01514,0.3,degraded
31.69,-37.92293,-34.4747,-3.44823,-17.7776,-15.84513,-1.93246,1.676,3.0,85.0,0.01494,0.3,degraded
31.7,-38.22546,-34.79186,-3.43361,-17.92428,-15.98486,-1.93942,3.0089,3.0,85.0,0.01052,0.3,degraded
31.71,-38.5256,-35.11307,-3.41253,-18.07137,-16.11825,-1.95312,0.8664,3.0,85.0,0.00883,0.3,degraded
31.72,-38.82329,-35.43131,-3.39197,-18.21885,-16.26994,-1.94891,3.0091,1.1263,85.0,0.01186,0.3,degraded
31.73,-39.11844,-35.74348,-3.37497,-18.3667,-16.39994,-1.96676,2.9893,3.0,85.0,0.0097,0.3,degraded
31.74,-39.411,-36.05002,-3.36098,-18.51492,-16.54279,-1.97212,2.9787,3.0,85.0,0.01926,0.3,degraded
31.75,-39.7009,-36.36093,-3.33997,-18.66347,-16.67301,-1.99045,2.9961,0.9711,85.0,0.02366,0.3,degraded
31.76,-39.98806,-36.67416,-3.3139,-18.81234,-16.80946,-2.00288,0.9509,2.9728,85.0,0.0094,0.3,degraded
31.77,-40.27242,-36.97256,-3.29986,-18.96152,-16.95686,-2.00466,2.1171,1.7702,85.0,0.02177,0.3,degraded
31.78,-40.55392,-37.2788,-3.27512,-19.11099,-17.10249,-2.0085,2.295,1.7479,85.0,0.01388,0.3,degraded
31.79,-40.83248,-37.57001,-3.26247,-19.26072,-17.241,-2.01972,2.9878,2.9946,85.0,0.004,0.3,degraded
31.8,-41.10805,-37.87699,-3.23106,-19.4107,-17.40324,-2.00746,2.9779,3.0,85.0,0.00645,0.3,degraded
31.81,-41.38055,-38.1669,-3.21365,-19.5609,-17.54181,-2.01909,2.9894,3.0,85.0,0.0022,0.3,degraded
31.82,-41.64993,-38.46885,-3.18109,-19.71132,-17.68453,-2.02679,1.1843,3.0,85.0,0.01795,0.3,degraded
31.83,-41.91613,-38.76185,-3.15428,-19.86192,-17.82742,-2.0345,2.9769,2.9865,85.0,0.01478,0.3,degraded
31.84,-42.17908,-39.05288,-3.1262,-20.01269,-17.97887,-2.03382,3.0015,2.9923,85.0,0.01958,0.3,degraded
31.85,-42.43872,-39.33696,-3.10177,-20.16361,-18.12487,-2.03874,2.9806,0.1414,85.0,0.00373,0.3,degraded
31.86,-42.695,-39.62822,-3.06678,-20.31465,-18.27206,-2.04259,2.9967,2.9761,85.0,0.01653,0.3,degraded
31.87,-42.94786,-39.90485,-3.04301,-20.46579,-18.42207,-2.04372,3.0049,3.0,85.0,0.01218,0.3,degraded
31.88,-43.19724,-40.19075,-3.00649,-20.61701,-18.56869,-2.04831,0.4769,2.9797,85.0,0.0112,0.3,degraded
31.89,-43.44308,-40.47454,-2.96854,-20.76828,-18.70861,-2.05968,2.994,3.0,85.0,0.01049,0.3,degraded
31.9,-43.68533,-40.75373,-2.9316,-20.91959,-18.86283,-2.05676,3.0101,2.9925,85.0,0.02615,0.3,degraded
31.91,-43.92395,-41.02825,-2.89569,-21.07091,-19.01342,-2.0575,2.9856,2.9975,85.0,0.00985,0.3,degraded
31.92,-44.15886,-41.29542,-2.86345,-21.22222,-19.15924,-2.06298,0.2012,2.9921,85.0,0.00439,0.3,degraded
31.93,-44.39003,-41.5643,-2.82573,-21.37349,-19.31047,-2.06302,1.7789,1.4312,85.0,0.00811,0.3,degraded
31.94,-44.61741,-41.8285,-2.78891,-21.5247,-19.45476,-2.06994,3.005,2.9861,85.0,0.01985,0.3,degraded
31.95,-44.84094,-42.07578,-2.76516,-21.67582,-19.60163,-2.07419,1.7462,2.037,85.0,0.02356,0.3,degraded
31.96,-45.06059,-42.32868,-2.73191,-21.82683,-19.75175,-2.07508,2.3261,2.9912,85.0,0.02206,0.3,degraded
31.97,-45.27629,-42.57864,-2.69766,-21.9777,-19.90205,-2.07565,0.5798,3.0,85.0,0.02097,0.3,degraded
31.98,-45.48801,-42.84473,-2.64329,-22.12841,-20.04214,-2.08627,2.9937,2.9939,85.0,0.00585,0.3,degraded
31.99,-45.69571,-43.09473,-2.60099,-22.27894,-20.1935,-2.08544,3.0103,1.9303,85.0,0.01006,0.3,degraded
32.0,-45.89935,-43.33388,-2.56546,-22.42925,-20.34214,-2.0871,3.0153,2.9781,85.0,0.01123,0.3,degraded
32.01,-46.09887,-43.56418,-2.53469,-22.57931,-20.50352,-2.0758,3.0092,0.3665,85.0,0.0189,0.3,degraded
32.02,-46.29425,-43.81052,-2.48373,-22.72912,-20.65986,-2.06925,3.0042,1.7757,85.0,0.02021,0.3,degraded
32.03,-46.48544,-44.04731,-2.43814,-22.87862,-20.79906,-2.07956,3.0224,2.9782,85.0,0.00796,0.3,degraded
32.04,-46.67242,-44.26913,-2.40329,-23.02781,-20.9483,-2.07951,2.9932,3.0,85.0,0.02096,0.3,degraded
32.05,-46.85513,-44.4913,-2.36383,-23.17665,-21.09442,-2.08223,1.8696,0.0996,85.0,0.01271,0.3,degraded
32.06,-47.03356,-44.7054,-2.32816,-23.32511,-21.25729,-2.06782,3.002,3.0,85.0,0.00128,0.3,degraded
32.07,-47.20767,-44.91765,-2.29002,-23.47317,-21.39788,-2.07529,3.0042,3.0,85.0,0.00791,0.3,degraded
32.08,-47.37742,-45.13749,-2.23992,-23.62079,-21.55012,-2.07067,2.9918,0.044,85.0,0.00571,0.3,degraded
32.09,-47.54279,-45.3337,-2.20909,-23.76796,-21.70339,-2.06457,2.9884,0.1348,85.0,0.02044,0.3,degraded
32.1,-47.70375,-45.53424,-2.1695,-23.91464,-21.85312,-2.06151,2.4303,2.3964,85.0,0.00993,0.3,degraded
32.11,-47.86027,-45.732,-2.12827,-24.0608,-22.01265,-2.04815,2.996,2.99,85.0,0.02018,0.3,degraded
32.12,-48.01233,-45.94181,-2.07052,-24.20641,-22.15952,-2.04689,3.0143,0.9886,85.0,0.02627,0.3,degraded
32.13,-48.15991,-46.11889,-2.04101,-24.35145,-22.30208,-2.04937,3.0091,2.9952,85.0,0.00649,0.3,degraded
32.14,-48.30298,-46.31451,-1.98846,-24.49588,-22.45063,-2.04525,2.9787,3.0,85.0,0.00999,0.3,degraded
32.15,-48.44152,-46.50218,-1.93934,-24.63968,-22.59337,-2.04631,0.6778,2.9787,85.0,0.0031,0.3,degraded
32.16,-48.57552,-46.6879,-1.88762,-24.78281,-22.74166,-2.04115,3.0115,2.4786,85.0,0.01123,0.3,degraded
32.17,-48.70495,-46.8644,-1.84055,-24.92525,-22.88351,-2.04174,2.997,0.2187,85.0,0.01775,0.3,degraded
32.18,-48.8298,-47.02813,-1.80168,-25.06697,-23.04103,-2.02594,2.9953,2.9923,85.0,0.02446,0.3,degraded
32.19,-48.95007,-47.18819,-1.76187,-25.20794,-23.17645,-2.03149,3.0069,2.9862,85.0,0.00745,0.3,degraded
32.2,-49.06572,-47.35589,-1.70983,-25.34813,-23.32742,-2.02071,0.1336,0.6343,85.0,0.03482,0.3,degraded
32.21,-49.17676,-47.52585,-1.65091,-25.4875,-23.47728,-2.01021,2.9998,3.0,85.0,0.00854,0.3,degraded
32.22,-49.28317,-47.67795,-1.60522,-25.62603,-23.62036,-2.00567,2.9998,2.9979,85.0,0.02053,0.3,degraded
32.23,-49.38495,-47.81911,-1.56584,-25.76368,-23.75738,-2.0063,2.995,2.9893,85.0,0.00515,0.3,degraded
32.24,-49.48209,-47.97093,-1.51116,-25.90043,-23.89964,-2.00079,1.7966,3.0,85.0,0.01926,0.3,degraded
32.25,-49.57458,-48.10105,-1.47353,-26.03625,-24.04411,-1.99214,1.0619,2.9736,85.0,0.01446,0.3,degraded
32.26,-49.66242,-48.23368,-1.42874,-26.1711,-24.19334,-1.97776,3.0094,2.9951,85.0,0.01162,0.3,degraded
32.27,-49.74561,-48.36591,-1.37971,-26.30496,-24.3238,-1.98116,3.0062,3.0,85.0,0.00977,0.3,degraded
32.28,-49.82416,-48.49314,-1.33102,-26.43779,-24.4715,-1.96629,3.006,3.0,85.0,0.00815,0.3,degraded
32.29,-49.89805,-48.61713,-1.28092,-26.56957,-24.60773,-1.96184,3.0093,3.0,85.0,0.00129,0.3,degraded
32.3,-49.96729,-48.74493,-1.22236,-26.70026,-24.74609,-1.95416,3.0085,2.9948,85.0,0.01722,0.3,degraded
32.31,-50.0319,-48.85336,-1.17854,-26.82983,-24.88721,-1.94262,2.3307,3.0,85.0,0.01163,0.3,degraded
32.32,-50.09187,-48.96073,-1.13113,-26.95825,-25.03031,-1.92794,0.2507,2.9903,85.0,0.00644,0.3,degraded
32.33,-50.14721,-49.06901,-1.0782,-27.08549,-25.15827,-1.92722,0.7937,2.6203,85.0,0.01294,0.3,degraded
32.34,-50.19793,-49.17736,-1.02057,-27.21152,-25.29637,-1.91515,3.0191,1.1894,85.0,0.01712,0.3,degraded
32.35,-50.24405,-49.27336,-0.97068,-27.33632,-25.44454,-1.89177,3.0056,3.0,85.0,0.00402,0.3,degraded
32.36,-50.28557,-49.36295,-0.92262,-27.45984,-25.5765,-1.88334,2.9967,2.383,85.0,0.00713,0.3,degraded
32.37,-50.32251,-49.45073,-0.87177,-27.58206,-25.72732,-1.85474,2.203,2.7446,85.0,0.00834,0.3,degraded
32.38,-50.35488,-49.53539,-0.81949,-27.70295,-25.85225,-1.8507,2.9824,2.9715,85.0,0.02171,0.3,degraded
32.39,-50.3827,-49.60996,-0.77275,-27.82247,-25.98403,-1.83844,2.988,2.9907,85.0,0.00992,0.3,degraded
32.4,-50.406,-49.6893,-0.7167,-27.94061,-26.12695,-1.81365,2.9939,0.6218,85.0,0.00809,0.3,degraded
32.41,-50.42478,-49.74418,-0.68059,-28.05732,-26.26575,-1.79157,3.0153,3.0,85.0,0.00546,0.3,degraded
32.42,-50.43907,-49.79378,-0.64529,-28.17257,-26.39081,-1.78176,3.0041,1.0627,85.0,0.01737,0.3,degraded
32.43,-50.4489,-49.83668,-0.61222,-28.28634,-26.52249,-1.76385,2.9948,2.5227,85.0,0.01045,0.3,degraded
32.44,-50.45428,-49.88625,-0.56804,-28.3986,-26.64762,-1.75098,3.0035,1.9767,85.0,0.01505,0.3,degraded
32.45,-50.45525,-49.92961,-0.52564,-28.50932,-26.75851,-1.75081,3.0142,2.9943,85.0,0.00637,0.3,degraded
32.46,-50.45183,-49.97892,-0.47291,-28.61846,-26.89268,-1.72578,2.9967,3.0,85.0,0.00227,0.3,degraded
32.47,-50.44405,-50.02154,-0.42251,-28.726,-27.00241,-1.7236,3.0096,2.9661,85.0,0.00084,0.3,degraded
32.48,-50.43194,-50.07129,-0.36066,-28.83191,-27.12146,-1.71045,2.9935,2.9965,85.0,0.0168,0.3,degraded
32.49,-50.41554,-50.11474,-0.3008,-28.93616,-27.24793,-1.68823,3.0156,1.6956,85.0,0.00456,0.3,degraded
32.5,-50.39487,-50.16451,-0.23036,-29.03872,-27.37475,-1.66396,2.9841,0.8371,85.0,0.0028,0.3,degraded
32.51,-50.36996,-50.20939,-0.16057,-29.13955,-27.48896,-1.65059,2.9937,2.9927,85.0,0.00632,0.3,degraded
32.52,-50.34087,-50.26064,-0.08022,-29.23864,-27.60764,-1.631,2.9842,0.0626,85.0,0.00374,0.3,degraded
32.53,-50.30761,-50.30486,-0.00275,-29.33595,-27.72935,-1.6066,2.9878,0.6113,85.0,0.0,0.3,degraded
32.54,-50.27024,-50.35614,0.0859,-29.43146,-27.85376,-1.57769,2.9952,3.0,85.0,0.01352,0.3,degraded
32.55,-50.22878,-50.40002,0.17124,-29.52513,-27.96103,-1.5641,3.0279,2.9969,85.0,0.00691,0.3,degraded
32.56,-50.18329,-50.44014,0.25685,-29.61694,-28.06793,-1.54901,2.9795,3.0,85.0,0.0,0.3,degraded
32.57,-50.1338,-50.46434,0.33054,-29.70686,-28.1761,-1.53076,3.0238,2.9879,85.0,0.00963,0.3,degraded
32.58,-50.08036,-50.48118,0.40082,-29.79486,-28.29148,-1.50338,2.9641,2.0452,85.0,0.01623,0.3,degraded
32.59,-50.02301,-50.488,0.46499,-29.88092,-28.39092,-1.49,3.0024,3.0,85.0,0.01497,0.3,degraded
32.6,-49.9618,-50.49328,0.53148,-29.96501,-28.49525,-1.46976,3.0033,2.9891,85.0,0.00249,0.3,degraded
32.61,-49.89678,-50.48736,0.59059,-30.0471,-28.59707,-1.45003,2.9987,0.876,85.0,0.00715,0.3,degraded
32.62,-49.82798,-50.4721,0.64411,-30.12717,-28.70441,-1.42276,3.0028,3.0,85.0,0.00124,0.3,degraded
32.63,-49.75548,-50.44842,0.69294,-30.20518,-28.81496,-1.39023,2.9913,3.0,85.0,0.00204,0.3,degraded
32.64,-49.6793,-50.42617,0.74687,-30.28112,-28.90184,-1.37929,3.0242,3.0,85.0,0.01904,0.3,degraded
32.65,-49.59952,-50.38866,0.78915,-30.35496,-28.99778,-1.35718,2.9735,2.6491,85.0,0.00979,0.3,degraded
32.66,-49.51617,-50.35631,0.84015,-30.42667,-29.09652,-1.33015,2.9815,2.993,85.0,0.00322,0.3,degraded
32.67,-49.42931,-50.31156,0.88225,-30.49622,-29.1834,-1.31282,2.9821,3.0,85.0,0.00673,0.3,degraded
32.68,-49.339,-50.26908,0.93008,-30.5636,-29.27575,-1.28785,3.0026,3.0,85.0,0.00737,0.3,degraded
32.69,-49.2453,-50.21374,0.96844,-30.62878,-29.37068,-1.2581,2.9791,2.9856,85.0,0.01294,0.3,degraded
32.7,-49.14826,-50.15489,1.00664,-30.69173,-29.45209,-1.23965,0.2886,2.9911,85.0,0.0259,0.3,degraded
32.71,-49.04793,-50.07813,1.0302,-30.75244,-29.51218,-1.24026,2.9972,2.9694,85.0,0.00057,0.3,degraded
32.72,-48.94439,-49.99632,1.05193,-30.81087,-29.5789,-1.23197,3.0206,3.0,85.0,0.00867,0.3,degraded
32.73,-48.83768,-49.91117,1.07349,-30.867,-29.66003,-1.20697,0.6606,2.9707,85.0,0.02118,0.3,degraded
32.74,-48.72787,-49.81834,1.09047,-30.92082,-29.75495,-1.16587,2.994,0.314,85.0,0.00813,0.3,degraded
32.75,-48.61502,-49.72527,1.11026,-30.97229,-29.81335,-1.15894,3.003,2.9762,85.0,0.01325,0.3,degraded
32.76,-48.49919,-49.6284,1.12921,-31.02141,-29.87786,-1.14355,2.9876,3.0,85.0,0.01108,0.3,degraded
32.77,-48.38045,-49.53121,1.15076,-31.06814,-29.93525,-1.13289,3.0072,2.9969,85.0,0.00843,0.3,degraded
32.78,-48.25886,-49.43918,1.18033,-31.11246,-30.00093,-1.11154,2.9961,2.9976,85.0,0.0,0.3,degraded
32.79,-48.13448,-49.34685,1.21237,-31.15436,-30.05897,-1.0954,3.0085,3.0,85.0,0.00409,0.3,degraded
32.8,-48.00738,-49.24331,1.23593,-31.19382,-30.12171,-1.07211,2.9882,3.0,85.0,0.01491,0.3,degraded
32.81,-47.87763,-49.14023,1.2626,-31.23081,-30.17718,-1.05363,2.9913,2.9986,85.0,0.0,0.3,degraded
32.82,-47.74528,-49.03664,1.29136,-31.26531,-30.23898,-1.02633,2.9982,2.9988,85.0,0.00628,0.3,degraded
32.83,-47.61042,-48.9249,1.31448,-31.29731,-30.29341,-1.0039,1.9753,3.0,85.0,0.00294,0.3,degraded
32.84,-47.47311,-48.826,1.35289,-31.32679,-30.35497,-0.97182,2.9778,2.9786,85.0,0.01073,0.3,degraded
32.85,-47.33342,-48.71128,1.37786,-31.35373,-30.41095,-0.94278,3.0013,2.9924,85.0,0.01364,0.3,degraded
32.86,-47.19141,-48.58258,1.39118,-31.37811,-30.4725,-0.90561,3.0056,2.9994,85.0,0.01381,0.3,degraded
32.87,-47.04715,-48.45688,1.40973,-31.39991,-30.52761,-0.8723,3.009,3.0,85.0,0.0,0.3,degraded
32.88,-46.90072,-48.34097,1.44024,-31.41912,-30.58786,-0.83126,2.2971,3.0,85.0,0.01037,0.3,degraded
32.89,-46.75219,-48.22102,1.46883,-31.43573,-30.64101,-0.79471,2.9961,3.0,85.0,0.00591,0.3,degraded
32.9,-46.60162,-48.098,1.49638,-31.44971,-30.69805,-0.75166,3.0008,3.0,85.0,0.00982,0.3,degraded
32.91,-46.44909,-47.96672,1.51762,-31.46105,-30.74701,-0.71403,1.5712,3.0,85.0,0.00191,0.3,degraded
32.92,-46.29468,-47.83398,1.5393,-31.46973,-30.80092,-0.66881,3.0062,2.995,85.0,0.00393,0.3,degraded
32.93,-46.13844,-47.69712,1.55868,-31.47575,-30.84869,-0.62706,3.0228,2.9919,85.0,0.0,0.3,degraded
32.94,-45.98046,-47.57185,1.59139,-31.47909,-30.90219,-0.5769,3.0223,3.0,85.0,0.00278,0.3,degraded
32.95,-45.82081,-47.42767,1.60686,-31.47973,-30.9501,-0.52963,2.9926,3.0,85.0,0.0051,0.3,degraded
32.96,-45.65955,-47.29758,1.63803,-31.47766,-31.00337,-0.47429,3.0343,2.9966,85.0,0.00971,0.3,degraded
32.97,-45.49677,-47.1505,1.65373,-31.47287,-31.051,-0.42187,3.028,3.0,85.0,0.00066,0.3,degraded
32.98,-45.33254,-47.01362,1.68108,-31.46535,-31.10364,-0.36172,3.0111,2.9985,85.0,0.01745,0.3,degraded
32.99,-45.16692,-46.8613,1.69438,-31.45509,-31.15084,-0.30424,2.3697,3.0,85.0,0.00299,0.3,degraded
33.0,-45.0,-46.71554,1.71554,-31.44207,-31.20451,-0.23756,2.9968,3.0,85.0,0.0116,0.3,degraded
33.01,-44.83184,-46.56465,1.7328,-31.42629,-31.25066,-0.17563,3.0106,2.9591,85.0,0.01308,0.3,degraded
33.02,-44.66253,-46.41573,1.75321,-31.40773,-31.30384,-0.10389,3.0027,3.0,85.0,0.01188,0.3,degraded
33.03,-44.49212,-46.25289,1.76077,-31.38639,-31.34891,-0.03747,3.0118,3.0,85.0,0.00662,0.3,degraded
33.04,-44.32071,-46.09841,1.7777,-31.36225,-31.39961,0.03736,2.9925,2.9847,85.0,0.00916,0.3,degraded
33.05,-44.14835,-45.94074,1.79239,-31.33532,-31.44414,0.10882,3.0114,3.0,85.0,0.00736,0.3,degraded
33.06,-43.97513,-45.77944,1.80431,-31.30558,-31.49117,0.18559,1.5427,3.0,85.0,0.00544,0.3,degraded
33.07,-43.80111,-45.6097,1.80858,-31.27302,-31.52526,0.25224,3.0054,2.9914,85.0,0.00794,0.3,degraded
33.08,-43.62638,-45.45511,1.82873,-31.23765,-31.55914,0.32149,3.0033,2.9931,85.0,0.01471,0.3,degraded
33.09,-43.45099,-45.28632,1.83533,-31.19944,-31.57956,0.38011,2.9998,2.9961,85.0,0.01271,0.3,degraded
33.1,-43.27504,-45.1222,1.84716,-31.15841,-31.5984,0.43999,1.9389,3.0,85.0,0.00622,0.3,degraded
33.11,-43.09857,-44.96612,1.86754,-31.11454,-31.60686,0.49232,3.0159,2.9785,85.0,0.00579,0.3,degraded
33.12,-42.92168,-44.79961,1.87793,-31.06782,-31.61491,0.54709,2.9805,3.0,85.0,0.0,0.3,degraded
33.13,-42.74443,-44.62919,1.88476,-31.01826,-31.61008,0.59182,2.9681,2.9643,85.0,0.0131,0.3,degraded
33.14,-42.5669,-44.46967,1.90278,-30.96586,-31.60814,0.64228,3.0142,2.9843,85.0,0.0103,0.3,degraded
33.15,-42.38914,-44.29365,1.9045,-30.9106,-31.59349,0.68289,0.0387,3.0,85.0,0.0047,0.3,degraded
33.16,-42.21125,-44.1222,1.91095,-30.85249,-31.58183,0.72934,0.0259,3.0,85.0,0.01054,0.3,degraded
33.17,-42.03327,-43.94742,1.91415,-30.79153,-31.55921,0.76769,2.4277,3.0,85.0,0.00971,0.3,degraded
33.18,-41.85529,-43.77483,1.91954,-30.72771,-31.53534,0.80763,2.9986,3.0,85.0,0.00118,0.3,degraded
33.19,-41.67738,-43.60409,1.92672,-30.66104,-31.50253,0.84149,3.0115,3.0,85.0,0.01287,0.3,degraded
33.2,-41.49959,-43.43229,1.9327,-30.59151,-31.47305,0.88153,2.9984,2.9834,85.0,0.01264,0.3,degraded
33.21,-41.32201,-43.25859,1.93658,-30.51914,-31.43454,0.9154,3.0051,3.0,85.0,0.00722,0.3,degraded
33.22,-41.14469,-43.08743,1.94274,-30.44391,-31.39722,0.95331,2.9985,2.9857,85.0,0.00503,0.3,degraded
33.23,-40.96771,-42.90811,1.9404,-30.36583,-31.3505,0.98467,2.2691,3.0,85.0,0.00669,0.3,degraded
33.24,-40.79113,-42.73939,1.94826,-30.2849,-31.3049,1.02,2.9961,2.9735,85.0,0.00162,0.3,degraded
33.25,-40.61502,-42.55808,1.94306,-30.20113,-31.25091,1.04978,1.2005,2.9813,85.0,0.00712,0.3,degraded
33.26,-40.43944,-42.39595,1.95652,-30.11452,-31.19978,1.08526,0.4397,2.9962,85.0,0.00482,0.3,degraded
33.27,-40.26445,-42.21762,1.95317,-30.02508,-31.13895,1.11387,3.0041,2.9784,85.0,0.00129,0.3,degraded
33.28,-40.09012,-42.04947,1.95935,-29.9328,-31.08181,1.149,3.0009,3.0,85.0,0.0043,0.3,degraded
33.29,-39.91652,-41.88069,1.96418,-29.8377,-31.01464,1.17693,3.0197,3.0,85.0,0.01062,0.3,degraded
33.3,-39.74369,-41.71195,1.96826,-29.73979,-30.94385,1.20406,2.9871,0.4085,85.0,0.00923,0.3,degraded
33.31,-39.57171,-41.52093,1.94921,-29.63906,-30.83878,1.19972,2.9707,3.0,85.0,0.00537,0.3,degraded
33.32,-39.40064,-41.35867,1.95803,-29.53552,-30.76332,1.22779,2.9929,2.0245,85.0,0.01478,0.3,degraded
33.33,-39.23053,-41.1722,1.94167,-29.42919,-30.66451,1.23531,0.4845,2.9944,85.0,0.01688,0.3,degraded
33.34,-39.06144,-40.99228,1.93085,-29.32008,-30.56672,1.24664,3.0211,0.9376,85.0,0.01936,0.3,degraded
33.35,-38.89343,-40.81227,1.91884,-29.20818,-30.46831,1.26013,3.0058,2.9923,85.0,0.01983,0.3,degraded
33.36,-38.72655,-40.6401,1.91356,-29.09352,-30.37031,1.27679,2.9895,2.986,85.0,0.0165,0.3,degraded
33.37,-38.56086,-40.46655,1.90568,-28.97609,-30.26638,1.29029,2.9983,1.9854,85.0,0.00847,0.3,degraded
33.38,-38.39642,-40.30047,1.90405,-28.85592,-30.166,1.31008,2.9895,2.912,85.0,0.01693,0.3,degraded
33.39,-38.23328,-40.13438,1.9011,-28.73301,-30.05908,1.32607,3.0103,2.4105,85.0,0.00892,0.3,degraded
33.4,-38.07148,-39.95821,1.88673,-28.60737,-29.96904,1.36167,2.9908,2.9837,85.0,0.01154,0.3,degraded
33.41,-37.91109,-39.79362,1.88253,-28.47903,-29.86036,1.38133,2.9888,2.9864,85.0,0.02725,0.3,degraded
33.42,-37.75215,-39.6359,1.88375,-28.34798,-29.76649,1.41852,2.6452,3.0,85.0,0.0061,0.3,degraded
33.43,-37.59471,-39.45822,1.86352,-28.21425,-29.65721,1.44297,0.4182,3.0,85.0,0.01605,0.3,degraded
33.44,-37.43881,-39.2962,1.85739,-28.07784,-29.53943,1.46159,3.0148,2.9952,85.0,0.01033,0.3,degraded
33.45,-37.28451,-39.12027,1.83576,-27.93878,-29.43023,1.49145,2.9956,1.1207,85.0,0.0299,0.3,degraded
33.46,-37.13185,-38.95668,1.82483,-27.79707,-29.32508,1.52801,2.9858,2.9894,85.0,0.00793,0.3,degraded
33.47,-36.98087,-38.80022,1.81934,-27.65274,-29.19454,1.5418,2.9727,2.9997,85.0,0.00674,0.3,degraded
33.48,-36.83162,-38.64878,1.81716,-27.5058,-29.0799,1.5741,2.9927,2.9893,85.0,0.00369,0.3,degraded
33.49,-36.68413,-38.48153,1.79739,-27.35627,-28.95208,1.59581,2.9817,2.4691,85.0,0.0112,0.3,degraded
33.5,-36.53846,-38.32409,1.78563,-27.20416,-28.83577,1.63161,2.9906,2.9974,85.0,0.01846,0.3,degraded
33.51,-36.39463,-38.16732,1.77269,-27.04949,-28.70804,1.65855,3.0164,2.9904,85.0,0.02289,0.3,degraded
33.52,-36.25269,-37.99847,1.74578,-26.89228,-28.59575,1.70346,3.0216,3.0,85.0,0.01443,0.3,degraded
33.53,-36.11266,-37.83385,1.72119,-26.73255,-28.46328,1.73073,2.9733,1.595,85.0,0.0146,0.3,degraded
33.54,-35.9746,-37.68566,1.71106,-26.57032,-28.34326,1.77293,3.0098,3.0,85.0,0.01424,0.3,degraded
33.55,-35.83852,-37.53214,1.69362,-26.40561,-28.20278,1.79717,3.0019,3.0,85.0,0.00438,0.3,degraded
33.56,-35.70447,-37.38887,1.6844,-26.23844,-28.07219,1.83376,0.3344,2.9831,85.0,0.02463,0.3,degraded
33.57,-35.57247,-37.24201,1.66954,-26.06882,-27.92223,1.8534,2.9777,2.9831,85.0,0.00387,0.3,degraded
33.58,-35.44256,-37.10374,1.66118,-25.89679,-27.79279,1.896,3.0117,0.0318,85.0,0.01321,0.3,degraded
33.59,-35.31476,-36.9472,1.63244,-25.72237,-27.6496,1.92724,2.9969,2.9934,85.0,0.01159,0.3,degraded
33.6,-35.18909,-36.7989,1.60981,-25.54556,-27.50464,1.95907,2.7797,1.1916,85.0,0.01653,0.3,degraded
33.61,-35.06559,-36.65452,1.58893,-25.36641,-27.35216,1.98575,3.0087,3.0,85.0,0.01301,0.3,degraded
33.62,-34.94428,-36.52364,1.57936,-25.18493,-27.2119,2.02698,2.9947,2.9996,85.0,0.01267,0.3,degraded
33.63,-34.82518,-36.37647,1.5513,-25.00114,-27.06375,2.06261,1.6792,2.9903,85.0,0.01011,0.3,degraded
33.64,-34.70831,-36.24775,1.53944,-24.81507,-26.90201,2.08694,2.9775,3.0,85.0,0.00129,0.3,degraded
33.65,-34.59369,-36.10462,1.51093,-24.62675,-26.75284,2.12609,2.3677,3.0,85.0,0.00209,0.3,degraded
33.66,-34.48134,-35.98289,1.50155,-24.4362,-26.5849,2.1487,1.7852,1.8559,85.0,0.02062,0.3,degraded
33.67,-34.37127,-35.84959,1.47831,-24.24344,-26.41284,2.1694,1.726,2.9882,85.0,0.00798,0.3,degraded
33.68,-34.26351,-35.73084,1.46733,-24.04851,-26.25408,2.20557,3.01,3.0,85.0,0.00498,0.3,degraded
33.69,-34.15806,-35.60836,1.45029,-23.85142,-26.08908,2.23766,2.9995,2.9945,85.0,0.01269,0.3,degraded
33.7,-34.05494,-35.4797,1.42476,-23.65221,-25.9302,2.278,2.9792,3.0,85.0,0.00561,0.3,degraded
33.71,-33.95416,-35.36138,1.40721,-23.4509,-25.74796,2.29706,2.9803,2.9969,85.0,0.0142,0.3,degraded
33.72,-33.85573,-35.24713,1.39141,-23.24752,-25.57877,2.33125,1.9783,1.5774,85.0,0.01449,0.3,degraded
33.73,-33.75965,-35.12432,1.36467,-23.04209,-25.40864,2.36655,1.2327,2.9952,85.0,0.00263,0.3,degraded
33.74,-33.66593,-35.0088,1.34287,-22.83466,-25.22357,2.38891,1.3131,2.9892,85.0,0.00274,0.3,degraded
33.75,-33.57458,-34.88713,1.31255,-22.62524,-25.04382,2.41858,2.978,2.9926,85.0,0.01647,0.3,degraded
33.76,-33.4856,-34.77631,1.29071,-22.41386,-24.87395,2.46009,1.7794,3.0,85.0,0.01124,0.3,degraded
33.77,-33.39898,-34.65749,1.25851,-22.20056,-24.67675,2.47619,3.0054,1.8105,85.0,0.00134,0.3,degraded
33.78,-33.31474,-34.54755,1.23281,-21.98536,-24.49829,2.51293,1.132,0.3638,85.0,0.00854,0.3,degraded
33.79,-33.23287,-34.4418,1.20892,-21.7683,-24.30723,2.53894,2.9899,2.2342,85.0,0.01747,0.3,degraded
33.8,-33.15337,-34.34968,1.19631,-21.5494,-24.13043,2.58103,0.9446,2.9937,85.0,0.00116,0.3,degraded
33.81,-33.07623,-34.24332,1.16709,-21.3287,-23.93062,2.60192,3.0092,2.7613,85.0,0.00709,0.3,degraded
33.82,-33.00145,-34.14409,1.14264,-21.10622,-23.74672,2.6405,3.0061,2.9939,85.0,0.00808,0.3,degraded
33.83,-32.92901,-34.03318,1.10416,-20.88201,-23.54163,2.65962,2.9957,3.0,85.0,0.0,0.3,degraded
33.84,-32.85892,-33.93958,1.08066,-20.65608,-23.35498,2.6989,2.9926,2.9935,85.0,0.01756,0.3,degraded
33.85,-32.79116,-33.83565,1.04449,-20.42848,-23.14899,2.7205,2.9941,3.0,85.0,0.00847,0.3,degraded
33.86,-32.72571,-33.76336,1.03764,-20.19924,-22.94803,2.74879,3.0263,2.9846,85.0,0.01096,0.3,degraded
33.87,-32.66258,-33.66918,1.0066,-19.96839,-22.73768,2.76929,3.0019,3.0,85.0,0.01343,0.3,degraded
33.88,-32.60173,-33.58609,0.98436,-19.73595,-22.53215,2.79619,0.0147,3.0,85.0,0.01045,0.3,degraded
33.89,-32.54316,-33.49586,0.9527,-19.50198,-22.31712,2.81515,1.4743,2.9774,85.0,0.00345,0.3,degraded
33.9,-32.48684,-33.41324,0.9264,-19.26649,-22.10254,2.83605,0.5973,2.9922,85.0,0.0128,0.3,degraded
33.91,-32.43276,-33.32714,0.89438,-19.02953,-21.8841,2.85457,0.2368,2.177,85.0,0.02293,0.3,degraded
33.92,-32.38091,-33.25342,0.87252,-18.79112,-21.68643,2.89531,3.003,2.9771,85.0,0.01111,0.3,degraded
33.93,-32.33124,-33.19447,0.86323,-18.55131,-21.4638,2.91249,3.0027,0.0427,85.0,0.02601,0.3,degraded
33.94,-32.28375,-33.12093,0.83718,-18.31012,-21.24219,2.93207,2.1321,2.9703,85.0,0.0209,0.3,degraded
33.95,-32.23841,-33.04584,0.80743,-18.0676,-21.02809,2.96049,3.0087,1.9125,85.0,0.01158,0.3,degraded
33.96,-32.19518,-32.99203,0.79684,-17.82377,-20.80283,2.97906,2.9889,0.5279,85.0,0.01743,0.3,degraded
33.97,-32.15406,-32.93469,0.78064,-17.57867,-20.57707,2.9984,1.3137,0.5206,85.0,0.01861,0.3,degraded
33.98,-32.11499,-32.8738,0.7588,-17.33234,-20.35127,3.01893,0.923,2.7655,85.0,0.00509,0.3,degraded
33.99,-32.07796,-32.81942,0.74145,-17.08482,-20.12822,3.0434,3.0129,2.984,85.0,0.01237,0.3,degraded
34.0,-32.04294,-32.77661,0.73367,-16.83613,-19.90161,3.06548,2.994,3.0,85.0,0.00546,0.3,degraded
34.01,-32.00989,-32.72675,0.71687,-16.58632,-19.67152,3.0852,3.0091,2.9673,85.0,0.00478,0.3,degraded
34.02,-31.97877,-32.68286,0.70409,-16.33542,-19.44326,3.10784,2.9832,1.9758,85.0,0.00886,0.3,degraded
34.03,-31.94955,-32.6336,0.68405,-16.08347,-19.21253,3.12906,2.9908,2.9906,85.0,0.00571,0.3,degraded
34.04,-31.9222,-32.59216,0.66996,-15.8305,-18.97572,3.14522,3.006,1.5748,85.0,0.01082,0.3,degraded
34.05,-31.89667,-32.54653,0.64986,-15.57655,-18.73631,3.15975,2.9891,2.9848,85.0,0.00882,0.3,degraded
34.06,-31.87293,-32.50609,0.63316,-15.32166,-18.50797,3.18631,2.9801,3.0,85.0,0.0136,0.3,degraded
34.07,-31.85094,-32.45932,0.60838,-15.06587,-18.26754,3.20167,3.0063,2.986,85.0,0.00178,0.3,degraded
34.08,-31.83065,-32.41927,0.58862,-14.8092,-18.02697,3.21777,3.0027,2.9995,85.0,0.00436,0.3,degraded
34.09,-31.81202,-32.37265,0.56063,-14.5517,-17.7905,3.2388,3.005,2.9791,85.0,0.01446,0.3,degraded
34.1,-31.79502,-32.33266,0.53764,-14.29341,-17.54329,3.24988,3.0039,3.0,85.0,0.00194,0.3,degraded
34.11,-31.77958,-32.28792,0.50834,-14.03436,-17.30942,3.27506,2.9937,3.0,85.0,0.00814,0.3,degraded
34.12,-31.76567,-32.24871,0.48303,-13.77459,-17.06859,3.294,2.9877,1.6169,85.0,0.00416,0.3,degraded
34.13,-31.75325,-32.20174,0.4485,-13.51413,-16.82683,3.3127,2.9881,2.9972,85.0,0.0132,0.3,degraded
34.14,-31.74225,-32.15997,0.41772,-13.25303,-16.5772,3.32417,3.0201,2.9798,85.0,0.00707,0.3,degraded
34.15,-31.73263,-32.11234,0.37971,-12.99132,-16.33245,3.34113,2.9836,2.9965,85.0,0.00857,0.3,degraded
34.16,-31.72435,-32.07036,0.34601,-12.72904,-16.08351,3.35447,3.0282,2.9915,85.0,0.00585,0.3,degraded
34.17,-31.71735,-32.02185,0.3045,-12.46622,-15.82721,3.36099,3.0026,3.0,85.0,0.00653,0.3,degraded
34.18,-31.71157,-31.98093,0.26936,-12.20291,-15.58434,3.38144,3.0,2.9841,85.0,0.00296,0.3,degraded
34.19,-31.70697,-31.93528,0.22832,-11.93913,-15.32519,3.38605,2.9898,2.9816,85.0,0.00367,0.3,degraded
34.2,-31.70348,-31.89675,0.19327,-11.67494,-15.08377,3.40884,3.0251,2.9835,85.0,0.0,0.3,degraded
34.21,-31.70106,-31.85054,0.14947,-11.41035,-14.82694,3.41659,3.0146,2.9893,85.0,0.00154,0.3,degraded
34.22,-31.69965,-31.81117,0.11151,-11.14542,-14.57614,3.43072,3.01,3.0,85.0,0.00567,0.3,degraded
34.23,-31.6992,-31.76671,0.06752,-10.88018,-14.31299,3.43281,3.0089,2.9845,85.0,0.00246,0.3,degraded
34.24,-31.69963,-31.72903,0.0294,-10.61467,-14.06074,3.44608,2.9953,1.5485,85.0,0.01368,0.3,degraded
34.25,-31.7009,-31.68537,-0.01554,-10.34891,-13.79352,3.44461,3.0171,3.0,85.0,0.0069,0.3,degraded
34.26,-31.70295,-31.64864,-0.0543,-10.08296,-13.55257,3.4696,2.9745,2.9996,85.0,0.00243,0.3,degraded
34.27,-31.70571,-31.60655,-0.09916,-9.81684,-13.28157,3.46472,3.0149,3.0,85.0,0.0109,0.3,degraded
34.28,-31.70912,-31.57614,-0.13299,-9.5506,-13.03684,3.48624,2.9955,2.985,85.0,0.02097,0.3,degraded
34.29,-31.71313,-31.54701,-0.16613,-9.28427,-12.7781,3.49383,2.9864,3.0,85.0,0.00033,0.3,degraded
34.3,-31.71768,-31.52662,-0.19106,-9.01788,-12.52019,3.5023,2.9995,0.0651,85.0,0.00945,0.3,degraded
34.31,-31.72268,-31.50527,-0.21742,-8.75148,-12.25627,3.50478,3.0375,3.0,85.0,0.0095,0.3,degraded
34.32,-31.7281,-31.49172,-0.23638,-8.4851,-11.98554,3.50044,3.029,2.9927,85.0,0.00146,0.3,degraded
34.33,-31.73386,-31.47723,-0.25663,-8.21877,-11.71192,3.49315,2.9943,2.9797,85.0,0.0,0.3,degraded
34.34,-31.73989,-31.46914,-0.27075,-7.95253,-11.45492,3.50238,3.004,2.9931,85.0,0.01441,0.3,degraded
34.35,-31.74613,-31.45873,-0.2874,-7.68643,-11.1977,3.51127,2.9844,1.4383,85.0,0.01003,0.3,degraded
34.36,-31.75252,-31.45583,-0.29669,-7.42048,-10.94145,3.52097,3.008,1.2967,85.0,0.00826,0.3,degraded
34.37,-31.75899,-31.45018,-0.30881,-7.15473,-10.68045,3.52572,3.0175,3.0,85.0,0.01285,0.3,degraded
34.38,-31.76548,-31.4569,-0.30858,-6.88922,-10.42122,3.532,2.9766,2.9937,85.0,0.00349,0.3,degraded
34.39,-31.77191,-31.45712,-0.31479,-6.62397,-10.15423,3.53026,3.0178,2.9846,85.0,0.00228,0.3,degraded
34.4,-31.77822,-31.46517,-0.31305,-6.35903,-9.90068,3.54165,3.0154,2.9713,85.0,0.00496,0.3,degraded
34.41,-31.78435,-31.46752,-0.31683,-6.09443,-9.63272,3.5383,3.0072,2.9995,85.0,0.01154,0.3,degraded
34.42,-31.79022,-31.47786,-0.31236,-5.8302,-9.37172,3.54152,2.9763,2.9968,85.0,0.0,0.3,degraded
34.43,-31.79577,-31.48086,-0.31491,-5.56637,-9.10814,3.54177,2.9977,0.8271,85.0,0.00743,0.3,degraded
34.44,-31.80092,-31.49024,-0.31068,-5.30299,-8.84427,3.54129,3.0415,3.0,85.0,0.00227,0.3,degraded
34.45,-31.80562,-31.49531,-0.31031,-5.04008,-8.57946,3.53938,3.0048,3.0,85.0,0.00205,0.3,degraded
34.46,-31.80979,-31.50654,-0.30324,-4.77768,-8.32748,3.54981,3.0084,3.0,85.0,0.01288,0.3,degraded
34.47,-31.81336,-31.51261,-0.30075,-4.51581,-8.05383,3.53801,2.9896,2.9979,85.0,0.00514,0.3,degraded
34.48,-31.81627,-31.52857,-0.2877,-4.25453,-7.78712,3.5326,2.9911,2.9862,85.0,0.00425,0.3,degraded
34.49,-31.81844,-31.53965,-0.27879,-3.99385,-7.5303,3.53646,2.9999,3.0,85.0,0.01733,0.3,degraded
34.5,-31.81981,-31.55779,-0.26202,-3.73381,-7.27778,3.54397,2.9978,2.9414,85.0,0.01037,0.3,degraded
34.51,-31.8203,-31.56884,-0.25146,-3.47443,-7.01323,3.5388,3.0242,2.0352,85.0,0.01201,0.3,degraded
34.52,-31.81986,-31.58659,-0.23327,-3.21577,-6.75523,3.53947,2.9883,3.0,85.0,0.01345,0.3,degraded
34.53,-31.8184,-31.59632,-0.22208,-2.95783,-6.49468,3.53685,2.9909,3.0,85.0,0.00756,0.3,degraded
34.54,-31.81587,-31.61044,-0.20542,-2.70066,-6.24544,3.54478,2.9735,3.0,85.0,0.00734,0.3,degraded
34.55,-31.81218,-31.61893,-0.19325,-2.44429,-5.97544,3.53116,2.9921,3.0,85.0,0.00537,0.3,degraded
34.56,-31.80729,-31.63286,-0.17443,-2.18874,-5.72158,3.53285,3.0183,0.8299,85.0,0.01206,0.3,degraded
34.57,-31.8011,-31.64072,-0.16039,-1.93405,-5.45408,3.52003,3.0275,3.0,85.0,0.00111,0.3,degraded
34.58,-31.79357,-31.65636,-0.13721,-1.68024,-5.2077,3.52746,3.006,2.9961,85.0,0.00156,0.3,degraded
34.59,-31.78461,-31.66622,-0.11839,-1.42735,-4.93447,3.50712,2.9962,1.2319,85.0,0.00873,0.3,degraded
34.6,-31.77417,-31.68359,-0.09058,-1.1754,-4.67572,3.50032,3.0318,2.9813,85.0,0.00111,0.3,degraded
34.61,-31.76217,-31.69521,-0.06696,-0.92442,-4.40613,3.48171,3.0134,2.9754,85.0,0.00136,0.3,degraded
34.62,-31.74855,-31.71247,-0.03608,-0.67445,-4.15039,3.47594,2.9843,3.0,85.0,0.00595,0.3,degraded
34.63,-31.73324,-31.7239,-0.00935,-0.42551,-3.88835,3.46285,2.9865,3.0,85.0,0.01322,0.3,degraded
34.64,-31.71618,-31.74008,0.0239,-0.17762,-3.64023,3.46262,3.0106,2.8067,85.0,0.00904,0.3,degraded
34.65,-31.6973,-31.74984,0.05255,0.06919,-3.37912,3.44831,2.9894,3.0,85.0,0.0073,0.3,degraded
34.66,-31.67653,-31.76513,0.0886,0.31489,-3.1236,3.43848,2.9896,3.0,85.0,0.0,0.3,degraded
34.67,-31.65381,-31.77511,0.1213,0.55945,-2.87271,3.43216,3.0018,2.9868,85.0,0.01058,0.3,degraded
34.68,-31.62908,-31.79395,0.16487,0.80285,-2.61583,3.41868,2.9859,1.5505,85.0,0.0114,0.3,degraded
34.69,-31.60226,-31.80847,0.20621,1.04506,-2.36119,3.40624,2.9905,2.9799,85.0,0.01488,0.3,degraded
34.7,-31.57331,-31.83075,0.25744,1.28606,-2.11852,3.40457,3.0172,3.0,85.0,0.01362,0.3,degraded
34.71,-31.54215,-31.84754,0.30539,1.52582,-1.86537,3.39119,3.0027,3.0,85.0,0.01395,0.3,degraded
34.72,-31.50873,-31.87107,0.36234,1.76432,-1.61934,3.38366,2.987,2.993,85.0,0.00855,0.3,degraded
34.73,-31.47298,-31.88742,0.41444,2.00154,-1.36823,3.36976,3.0163,2.9955,85.0,0.00157,0.3,degraded
34.74,-31.43485,-31.90323,0.46838,2.23745,-1.11977,3.35722,2.9991,3.0,85.0,0.00672,0.3,degraded
34.75,-31.39426,-31.90716,0.51289,2.47202,-0.86857,3.3406,3.0107,3.0,85.0,0.0104,0.3,degraded
34.76,-31.35118,-31.91457,0.5634,2.70525,-0.62321,3.32847,2.8427,2.9982,85.0,0.01236,0.3,degraded
34.77,-31.30552,-31.90655,0.60103,2.9371,-0.37957,3.31668,3.0105,3.0,85.0,0.01316,0.3,degraded
34.78,-31.25725,-31.90088,0.64363,3.16756,-0.14094,3.3085,2.9956,2.985,85.0,0.00487,0.3,degraded
34.79,-31.2063,-31.88512,0.67882,3.3966,0.09547,3.30113,2.8931,2.0014,85.0,0.01079,0.3,degraded
34.8,-31.15262,-31.87053,0.71791,3.6242,0.33115,3.29305,3.0113,2.8896,85.0,0.0161,0.3,degraded
34.81,-31.09615,-31.8429,0.74675,3.85035,0.58383,3.26652,2.9841,1.6406,85.0,0.00808,0.3,degraded
34.82,-31.03683,-31.81535,0.77852,4.07501,0.82317,3.25185,2.9792,3.0,85.0,0.00765,0.3,degraded
34.83,-30.97463,-31.78048,0.80585,4.29819,1.06222,3.23597,3.0002,1.3943,85.0,0.00691,0.3,degraded
34.84,-30.90948,-31.74852,0.83904,4.51985,1.29111,3.22874,3.0129,2.9851,85.0,0.00428,0.3,degraded
34.85,-30.84133,-31.70354,0.86221,4.73997,1.54028,3.19969,3.0029,3.0,85.0,0.0,0.3,degraded
34.86,-30.77013,-31.66234,0.89221,4.95855,1.76758,3.19097,3.0109,2.9967,85.0,0.00583,0.3,degraded
34.87,-30.69584,-31.60881,0.91297,5.17556,2.00596,3.16961,2.9989,3.0,85.0,0.00441,0.3,degraded
34.88,-30.6184,-31.56126,0.94286,5.39099,2.23654,3.15445,2.9992,2.9009,85.0,0.01033,0.3,degraded
34.89,-30.53778,-31.50522,0.96744,5.60482,2.48693,3.11789,2.9986,3.0,85.0,0.01607,0.3,degraded
34.9,-30.45392,-31.42004,0.96613,5.81704,2.71131,3.10573,2.9959,2.9914,85.0,0.02326,0.3,degraded
34.91,-30.36677,-31.3344,0.96763,6.02762,2.95156,3.07606,2.4241,2.9888,85.0,0.01148,0.3,degraded
34.92,-30.27631,-31.262,0.98569,6.23657,3.18052,3.05605,2.994,2.9711,85.0,0.01462,0.3,degraded
34.93,-30.18248,-31.18663,1.00415,6.44385,3.4069,3.03696,3.0164,2.9769,85.0,0.01131,0.3,degraded
34.94,-30.08525,-31.1069,1.02165,6.64947,3.62665,3.02282,3.0179,0.6025,85.0,0.00501,0.3,degraded
34.95,-29.98457,-31.0133,1.02873,6.8534,3.85694,2.99646,2.9875,3.0,85.0,0.01939,0.3,degraded
34.96,-29.88041,-30.9378,1.05739,7.05563,4.07414,2.9815,3.0035,3.0,85.0,0.01821,0.3,degraded
34.97,-29.77273,-30.84879,1.07607,7.25616,4.29681,2.95935,2.0228,1.5211,85.0,0.02559,0.3,degraded
34.98,-29.66149,-30.75942,1.09793,7.45497,4.51179,2.94318,3.0041,0.9828,85.0,0.00163,0.3,degraded
34.99,-29.54666,-30.67168,1.12503,7.65204,4.72638,2.92566,2.9837,2.9911,85.0,0.02043,0.3,degraded
35.0,-29.4282,-30.5811,1.1529,7.84738,4.94042,2.90696,3.0108,0.6998,85.0,0.00813,0.3,degraded
35.01,-29.30609,-30.47774,1.17164,8.04097,5.15775,2.88322,2.9978,1.6394,85.0,0.00039,0.3,degraded
35.02,-29.1803,-30.387,1.20671,8.2328,5.37135,2.86145,3.0085,3.0,85.0,0.01785,0.3,degraded
35.03,-29.05079,-30.28162,1.23083,8.42286,5.57567,2.84718,2.9986,2.9902,85.0,0.01336,0.3,degraded
35.04,-28.91753,-30.17025,1.25272,8.61114,5.78207,2.82907,2.9974,3.0,85.0,0.0074,0.3,degraded
35.05,-28.78051,-30.06181,1.2813,8.79764,5.99778,2.79986,1.1,1.2791,85.0,0.01387,0.3,degraded
35.06,-28.63969,-29.96225,1.32256,8.98235,6.19475,2.7876,3.0199,2.9992,85.0,0.01908,0.3,degraded
35.07,-28.49505,-29.84395,1.34889,9.16526,6.39976,2.7655,3.0044,2.9685,85.0,0.01218,0.3,degraded
35.08,-28.34658,-29.72519,1.37861,9.34637,6.61286,2.7335,0.7546,2.9995,85.0,0.01237,0.3,degraded
35.09,-28.19424,-29.59178,1.39754,9.52566,6.81759,2.70808,2.988,3.0,85.0,0.01369,0.3,degraded
35.1,-28.03802,-29.46952,1.4315,9.70315,7.01639,2.68676,2.993,1.988,85.0,0.01514,0.3,degraded
35.11,-27.87791,-29.34407,1.46616,9.87882,7.21049,2.66832,0.3654,3.0,85.0,0.01796,0.3,degraded
35.12,-27.71388,-29.20588,1.49199,10.05266,7.4096,2.64306,2.9868,3.0,85.0,0.01708,0.3,degraded
35.13,-27.54593,-29.06598,1.52006,10.22468,7.6077,2.61698,2.9978,1.654,85.0,0.00952,0.3,degraded
35.14,-27.37403,-28.92938,1.55535,10.39486,7.79446,2.6004,2.9821,2.9958,85.0,0.01633,0.3,degraded
35.15,-27.19818,-28.78919,1.59101,10.56322,7.99468,2.56854,1.4426,3.0,85.0,0.01744,0.3,degraded
35.16,-27.01837,-28.65479,1.63643,10.72975,8.18199,2.54776,2.99,2.9859,85.0,0.00159,0.3,degraded
35.17,-26.83458,-28.51179,1.67721,10.89444,8.3711,2.52334,3.015,2.9982,85.0,0.012,0.3,degraded
35.18,-26.64681,-28.37153,1.72472,11.05729,8.55271,2.50458,3.02,2.413,85.0,0.01842,0.3,degraded
35.19,-26.45506,-28.20225,1.74719,11.21831,8.7354,2.48291,3.0121,3.0,85.0,0.00662,0.3,degraded
35.2,-26.25932,-28.05978,1.80045,11.37749,8.92193,2.45557,2.9758,2.1409,85.0,0.02012,0.3,degraded
35.21,-26.05959,-27.89456,1.83497,11.53484,9.10265,2.43219,2.9995,2.6392,85.0,0.02859,0.3,degraded
35.22,-25.85587,-27.73002,1.87415,11.69035,9.27468,2.41567,1.2079,2.9982,85.0,0.01824,0.3,degraded
35.23,-25.64815,-27.56021,1.91205,11.84403,9.461,2.38304,2.9658,2.9937,85.0,0.01074,0.3,degraded
35.24,-25.43645,-27.39749,1.96104,11.99589,9.64687,2.34902,0.1235,0.3036,85.0,0.02017,0.3,degraded
35.25,-25.22075,-27.21568,1.99492,12.14591,9.82764,2.31827,3.012,2.9813,85.0,0.00082,0.3,degraded
35.26,-25.00108,-27.03803,2.03695,12.29411,9.98818,2.30593,2.9966,3.0,85.0,0.00728,0.3,degraded
35.27,-24.77743,-26.84789,2.07046,12.44049,10.15948,2.28101,0.0714,3.0,85.0,0.00658,0.3,degraded
35.28,-24.54982,-26.66078,2.11096,12.58506,10.32965,2.2554,0.5984,1.2449,85.0,0.00814,0.3,degraded
35.29,-24.31825,-26.45273,2.13449,12.72781,10.50082,2.22699,2.9886,3.0,85.0,0.00832,0.3,degraded
35.3,-24.08273,-26.26238,2.17964,12.86875,10.6702,2.19855,3.0286,3.0,85.0,0.01588,0.3,degraded
35.31,-23.84329,-26.06288,2.21959,13.0079,10.83397,2.17392,2.9874,3.0,85.0,0.00874,0.3,degraded
35.32,-23.59992,-25.87305,2.27313,13.14524,10.99726,2.14798,0.3996,3.0,85.0,0.00566,0.3,degraded
35.33,-23.35265,-25.66184,2.30919,13.2808,11.1523,2.1285,3.0077,0.5362,85.0,0.01639,0.3,degraded
35.34,-23.1015,-25.46816,2.36666,13.41458,11.30328,2.1113,2.8605,3.0,85.0,0.0005,0.3,degraded
35.35,-22.84649,-25.25454,2.40805,13.54658,11.46903,2.07755,2.9881,2.9984,85.0,0.01026,0.3,degraded
35.36,-22.58763,-25.04135,2.45372,13.67682,11.62596,2.05086,2.9932,3.0,85.0,0.01003,0.3,degraded
35.37,-22.32495,-24.81406,2.48911,13.8053,11.77769,2.02761,2.9951,1.4918,85.0,0.01456,0.3,degraded
35.38,-22.05847,-24.59011,2.53164,13.93203,11.93068,2.00135,3.0102,3.0,85.0,0.00321,0.3,degraded
35.39,-21.78822,-24.35431,2.5661,14.05702,12.08407,1.97295,0.5734,1.2626,85.0,0.01559,0.3,degraded
35.4,-21.51422,-24.11907,2.60485,14.18027,12.22045,1.95983,2.9825,2.9983,85.0,0.01339,0.3,degraded
35.41,-21.2365,-23.88956,2.65306,14.30181,12.38009,1.92172,3.0267,2.9992,85.0,0.00254,0.3,degraded
35.42,-20.95509,-23.63893,2.68384,14.42163,12.52316,1.89848,3.012,3.0,85.0,0.01583,0.3,degraded
35.43,-20.67003,-23.40041,2.73039,14.53976,12.65635,1.88341,2.993,3.0,85.0,0.02506,0.3,degraded
35.44,-20.38134,-23.15081,2.76947,14.6562,12.78717,1.86902,3.0026,3.0,85.0,0.01961,0.3,degraded
35.45,-20.08905,-22.89261,2.80355,14.77095,12.93161,1.83934,2.9827,0.8545,85.0,0.01423,0.3,degraded
35.46,-19.79322,-22.65253,2.85931,14.88405,13.0662,1.81785,2.7286,2.992,85.0,0.00411,0.3,degraded
35.47,-19.49386,-22.39528,2.90142,14.99549,13.20922,1.78627,2.9839,3.0,85.0,0.02005,0.3,degraded
35.48,-19.19102,-22.13222,2.9412,15.10529,13.32439,1.78091,2.9882,3.0,85.0,0.02187,0.3,degraded
35.49,-18.88474,-21.85579,2.97105,15.21347,13.45574,1.75772,2.262,2.9502,85.0,0.02025,0.3,degraded
35.5,-18.57506,-21.6023,3.02724,15.32003,13.58478,1.73525,2.4013,0.0561,85.0,0.0,0.3,degraded
35.51,-18.26202,-21.3128,3.05078,15.42499,13.72314,1.70185,1.9072,2.9631,85.0,0.00865,0.3,degraded
35.52,-17.94567,-21.05048,3.10482,15.52837,13.84924,1.67913,0.8346,0.4249,85.0,0.00695,0.3,degraded
35.53,-17.62605,-20.76711,3.14107,15.63018,13.97936,1.65082,3.0042,2.9974,85.0,0.00347,0.3,degraded
35.54,-17.3032,-20.48393,3.18073,15.73043,14.1103,1.62013,2.9994,0.5784,85.0,0.02188,0.3,degraded
35.55,-16.97718,-20.19812,3.22094,15.82914,14.24015,1.58899,2.9986,2.985,85.0,0.00643,0.3,degraded
35.56,-16.64803,-19.91024,3.26221,15.92633,14.34613,1.58019,1.7103,2.9957,85.0,0.01365,0.3,degraded
35.57,-16.3158,-19.61808,3.30228,16.022,14.46697,1.55503,2.5384,3.0,85.0,0.01477,0.3,degraded
35.58,-15.98055,-19.32178,3.34123,16.11619,14.57791,1.53828,3.0074,2.9934,85.0,0.00561,0.3,degraded
35.59,-15.64233,-19.01443,3.3721,16.20889,14.68985,1.51905,2.9994,2.9937,85.0,0.00455,0.3,degraded
35.6,-15.30118,-18.70887,3.40768,16.30014,14.80674,1.4934,2.213,2.9955,85.0,0.01168,0.3,degraded
35.61,-14.95718,-18.40514,3.44797,16.38995,14.91334,1.47661,3.0219,3.0,85.0,0.0095,0.3,degraded
35.62,-14.61036,-18.0968,3.48644,16.47833,15.01998,1.45834,1.9041,0.6752,85.0,0.01276,0.3,degraded
35.63,-14.2608,-17.78342,3.52263,16.5653,15.13511,1.43019,2.9865,2.1748,85.0,0.01338,0.3,degraded
35.64,-13.90854,-17.46752,3.55898,16.65088,15.2229,1.42798,1.5057,2.9956,85.0,0.03003,0.3,degraded
35.65,-13.55364,-17.14315,3.58951,16.7351,15.32732,1.40777,2.9983,2.4264,85.0,0.01792,0.3,degraded
35.66,-13.19618,-16.82186,3.62568,16.81795,15.43281,1.38515,2.9959,3.0,85.0,0.00806,0.3,degraded
35.67,-12.8362,-16.49746,3.66126,16.89948,15.52845,1.37103,2.986,3.0,85.0,0.01181,0.3,degraded
35.68,-12.47378,-16.15947,3.6857,16.97969,15.63001,1.34968,3.0059,2.3302,85.0,0.01304,0.3,degraded
35.69,-12.10896,-15.82288,3.71392,17.0586,15.73081,1.32779,3.0005,1.303,85.0,0.01241,0.3,degraded
35.7,-11.74183,-15.48503,3.7432,17.13623,15.82451,1.31173,2.9941,2.9806,85.0,0.03358,0.3,degraded
35.71,-11.37245,-15.12646,3.75402,17.21261,15.9151,1.29751,2.8315,3.0,85.0,0.02693,0.3,degraded
35.72,-11.00087,-14.78657,3.7857,17.28775,16.00378,1.28397,3.0164,2.889,85.0,0.02261,0.3,degraded
35.73,-10.62717,-14.4531,3.82593,17.36167,16.09434,1.26732,2.3741,3.0,85.0,0.02152,0.3,degraded
35.74,-10.25142,-14.10807,3.85665,17.43439,16.18851,1.24588,2.9989,3.0,85.0,0.00813,0.3,degraded
35.75,-9.87368,-13.75633,3.88265,17.50593,16.27022,1.23571,3.0012,2.1465,85.0,0.00507,0.3,degraded
35.76,-9.49402,-13.39798,3.90396,17.57632,16.36328,1.21304,2.9992,1.2092,85.0,0.02137,0.3,degraded
35.77,-9.11253,-13.0402,3.92767,17.64557,16.44736,1.19821,2.5456,2.9449,85.0,0.02063,0.3,degraded
35.78,-8.72925,-12.69528,3.96603,17.7137,16.51102,1.20268,2.9884,3.0,85.0,0.01275,0.3,degraded
35.79,-8.34428,-12.32766,3.98338,17.78074,16.5816,1.19914,3.0092,3.0,85.0,0.01825,0.3,degraded
35.8,-7.95767,-11.96752,4.00985,17.8467,16.66431,1.1824,0.4204,3.0,85.0,0.01706,0.3,degraded
35.81,-7.56951,-11.59882,4.0293,17.91161,16.73652,1.1751,2.3449,2.9975,85.0,0.01336,0.3,degraded
35.82,-7.17987,-11.23127,4.0514,17.97549,16.80394,1.17155,2.9821,2.9979,85.0,0.01655,0.3,degraded
35.83,-6.78882,-10.86185,4.07303,18.03836,16.8994,1.13895,2.9874,2.9925,85.0,0.01519,0.3,degraded
35.84,-6.39644,-10.49866,4.10222,18.10023,16.97965,1.12059,3.0122,3.0,85.0,0.00718,0.3,degraded
35.85,-6.0028,-10.12238,4.11958,18.16114,17.05149,1.10965,1.4688,3.0,85.0,0.01217,0.3,degraded
35.86,-5.60797,-9.74755,4.13958,18.22111,17.11745,1.10366,2.0392,2.9987,85.0,0.0096,0.3,degraded
35.87,-5.21205,-9.36613,4.15409,18.28014,17.20662,1.07352,0.4899,2.9983,85.0,0.0,0.3,degraded
35.88,-4.81509,-8.98142,4.16633,18.33828,17.27084,1.06744,3.0088,3.0,85.0,0.01263,0.3,degraded
35.89,-4.41719,-8.60488,4.18769,18.39553,17.33816,1.05737,1.7475,3.0,85.0,0.01551,0.3,degraded
35.9,-4.01841,-8.22848,4.21007,18.45192,17.40072,1.05121,1.5894,3.0,85.0,0.0,0.3,degraded
35.91,-3.61884,-7.84023,4.22139,18.50748,17.47099,1.03649,3.0014,2.9992,85.0,0.00596,0.3,degraded
35.92,-3.21855,-7.46979,4.25124,18.56222,17.53624,1.02598,2.9987,3.0,85.0,0.02915,0.3,degraded
35.93,-2.81763,-7.07799,4.26036,18.61616,17.59853,1.01763,3.0185,3.0,85.0,0.01426,0.3,degraded
35.94,-2.41615,-6.69602,4.27987,18.66933,17.65823,1.0111,0.4743,3.0,85.0,0.01266,0.3,degraded
35.95,-2.01419,-6.30185,4.28766,18.72176,17.7223,0.99946,3.0261,3.0,85.0,0.00441,0.3,degraded
35.96,-1.61183,-5.92568,4.31385,18.77345,17.77955,0.9939,3.0022,3.0,85.0,0.00087,0.3,degraded
35.97,-1.20915,-5.53129,4.32213,18.82443,17.84298,0.98146,3.008,2.9929,85.0,0.00026,0.3,degraded
35.98,-0.80624,-5.1405,4.33427,18.87473,17.90181,0.97292,2.9714,3.0,85.0,0.00744,0.3,degraded
35.99,-0.40316,-4.74208,4.33892,18.92437,17.96948,0.95489,0.578,2.9899,85.0,0.00258,0.3,degraded
36.0,-0.0,-4.34188,4.34188,18.97337,18.03266,0.94071,3.0133,3.0,85.0,0.00711,0.3,degraded
36.01,0.40316,-3.95395,4.35711,19.02174,18.10456,0.91718,2.9733,2.9916,85.0,0.01864,0.3,degraded
36.02,0.80624,-3.54845,4.35469,19.06952,18.1816,0.88792,3.0159,2.9832,85.0,0.02441,0.3,degraded
36.03,1.20915,-3.14838,4.35753,19.11671,18.2502,0.86651,3.006,3.0,85.0,0.01095,0.3,degraded
36.04,1.61183,-2.7699,4.38173,19.16335,18.31299,0.85037,2.9907,3.0,85.0,0.00681,0.3,degraded
36.05,2.01419,-2.36844,4.38263,19.20946,18.38095,0.82852,0.1338,3.0,85.0,0.00335,0.3,degraded
36.06,2.41615,-1.97917,4.39532,19.25506,18.44092,0.81414,1.7202,3.0,85.0,0.0025,0.3,degraded
36.07,2.81763,-1.57241,4.39004,19.30016,18.50736,0.7928,3.0191,3.0,85.0,0.00839,0.3,degraded
36.08,3.21855,-1.18333,4.40188,19.34478,18.56613,0.77865,0.4415,3.0,85.0,0.00371,0.3,degraded
36.09,3.61884,-0.77223,4.39107,19.38896,18.63226,0.75671,2.988,2.9974,85.0,0.00374,0.3,degraded
36.1,4.01841,-0.38428,4.40269,19.43271,18.69175,0.74097,3.0288,2.9711,85.0,0.01245,0.3,degraded
36.11,4.41719,0.01877,4.39842,19.47605,18.75774,0.71831,3.0024,3.0,85.0,0.00255,0.3,degraded
36.12,4.81509,0.40965,4.40544,19.519,18.8188,0.7002,3.0025,2.9968,85.0,0.00634,0.3,degraded
36.13,5.21205,0.80803,4.40401,19.56158,18.88706,0.67452,2.2064,2.9912,85.0,0.01711,0.3,degraded
36.14,5.60797,1.20397,4.40401,19.60381,18.94913,0.65468,2.9938,2.9982,85.0,0.01145,0.3,degraded
36.15,6.0028,1.60101,4.40178,19.64571,19.01897,0.62674,3.0113,2.9963,85.0,0.00191,0.3,degraded
36.16,6.39644,1.99814,4.39829,19.68731,19.08086,0.60644,3.0057,3.0,85.0,0.00511,0.3,degraded
36.17,6.78882,2.39968,4.38914,19.72861,19.14831,0.5803,3.0164,2.9965,85.0,0.00348,0.3,degraded
36.18,7.17987,2.79033,4.38954,19.76964,19.20913,0.56051,3.0073,2.9725,85.0,0.0009,0.3,degraded
36.19,7.56951,3.19046,4.37905,19.81042,19.27795,0.53247,1.2298,3.0,85.0,0.01042,0.3,degraded
36.2,7.95767,3.58133,4.37634,19.85097,19.33983,0.51114,3.0112,2.9963,85.0,0.00621,0.3,degraded
36.21,8.34428,3.97945,4.36483,19.8913,19.40792,0.48338,3.0043,3.0,85.0,0.01128,0.3,degraded
36.22,8.72925,4.3738,4.35545,19.93144,19.47046,0.46098,3.007,3.0,85.0,0.01056,0.3,degraded
36.23,9.11253,4.76047,4.35205,19.9714,19.53957,0.43183,2.9901,3.0,85.0,0.00649,0.3,degraded
36.24,9.49402,5.15971,4.33431,20.0112,19.60078,0.41042,3.0045,2.9982,85.0,0.01205,0.3,degraded
36.25,9.87368,5.55731,4.31637,20.05086,19.66873,0.38213,2.4611,3.0,85.0,0.00465,0.3,degraded
36.26,10.25142,5.93719,4.31423,20.0904,19.72952,0.36087,2.9932,2.9828,85.0,0.00488,0.3,degraded
36.27,10.62717,6.33013,4.29704,20.12982,19.79514,0.33468,2.3188,3.0,85.0,0.0,0.3,degraded
36.28,11.00087,6.70485,4.29602,20.16916,19.85413,0.31503,2.9924,3.0,85.0,0.01239,0.3,degraded
36.29,11.37245,7.09687,4.27557,20.20842,19.91773,0.2907,3.0267,2.9982,85.0,0.0067,0.3,degraded
36.3,11.74183,7.48026,4.26157,20.24763,19.97368,0.27395,3.0102,2.9742,85.0,0.00224,0.3,degraded
36.31,12.10896,7.8586,4.25036,20.28679,20.032,0.2548,2.9883,3.0,85.0,0.00162,0.3,degraded
36.32,12.47378,8.24178,4.232,20.32593,20.08357,0.24236,2.9881,2.9974,85.0,0.01656,0.3,degraded
36.33,12.8362,8.64238,4.19382,20.36505,20.14338,0.22167,3.0295,3.0,85.0,0.00302,0.3,degraded
36.34,13.19618,9.0089,4.18728,20.40419,20.19843,0.20576,0.5693,2.9815,85.0,0.0132,0.3,degraded
36.35,13.55364,9.39155,4.1621,20.44334,20.25877,0.18456,2.8071,3.0,85.0,0.01138,0.3,degraded
36.36,13.90854,9.76681,4.14172,20.48252,20.3112,0.17132,3.0026,2.9982,85.0,0.01214,0.3,degraded
36.37,14.2608,10.15585,4.10494,20.52175,20.36876,0.15299,2.9849,3.0,85.0,0.0,0.3,degraded
36.38,14.61036,10.52118,4.08918,20.56104,20.41958,0.14147,3.0171,2.9608,85.0,0.00445,0.3,degraded
36.39,14.95718,10.89403,4.06315,20.60041,20.47689,0.12352,3.0055,3.0,85.0,0.01193,0.3,degraded
36.4,15.30118,11.2581,4.04309,20.63986,20.5266,0.11326,3.0097,2.9828,85.0,0.0,0.3,degraded
36.41,15.64233,11.62224,4.02008,20.67942,20.582,0.09742,1.9469,2.9913,85.0,0.01107,0.3,degraded
36.42,15.98055,11.97256,4.00799,20.71909,20.62776,0.09133,3.0006,3.0,85.0,0.00341,0.3,degraded
36.43,16.3158,12.34554,3.97026,20.75888,20.6776,0.08128,2.9852,3.0,85.0,0.0,0.3,degraded
36.44,16.64803,12.69951,3.94852,20.79881,20.71903,0.07978,0.888,3.0,85.0,0.01006,0.3,degraded
36.45,16.97718,13.06078,3.9164,20.83889,20.76636,0.07253,3.0127,3.0,85.0,0.00572,0.3,degraded
36.46,17.3032,13.40913,3.89407,20.87912,20.80399,0.07513,2.3757,3.0,85.0,0.0,0.3,degraded
36.47,17.62605,13.75806,3.86798,20.91953,20.84784,0.07169,1.2859,2.9665,85.0,0.01769,0.3,degraded
36.48,17.94567,14.09092,3.85475,20.96011,20.88325,0.07686,2.4271,2.9919,85.0,0.00667,0.3,degraded
36.49,18.26202,14.45513,3.80689,21.00088,20.92118,0.0797,2.8747,3.0,85.0,0.0,0.3,degraded
36.5,18.57506,14.78869,3.78637,21.04185,20.95265,0.0892,2.9792,2.9852,85.0,0.00585,0.3,degraded
36.51,18.88474,15.14329,3.74145,21.08303,20.98929,0.09374,3.0108,2.9991,85.0,0.01071,0.3,degraded
36.52,19.19102,15.47877,3.71225,21.12442,21.01887,0.10555,2.9877,3.0,85.0,0.0,0.3,degraded
36.53,19.49386,15.81201,3.68184,21.16603,21.05616,0.10988,1.9351,2.9864,85.0,0.002,0.3,degraded
36.54,19.79322,16.13255,3.66066,21.20788,21.08718,0.1207,2.988,3.0,85.0,0.00397,0.3,degraded
36.55,20.08905,16.46776,3.62129,21.24996,21.12437,0.12559,2.9832,2.995,85.0,0.00489,0.3,degraded
36.56,20.38134,16.78537,3.59597,21.29229,21.15467,0.13762,1.0914,2.9873,85.0,0.01576,0.3,degraded
36.57,20.67003,17.11561,3.55441,21.33487,21.1916,0.14327,2.9935,3.0,85.0,0.01164,0.3,degraded
36.58,20.95509,17.44172,3.51337,21.3777,21.22307,0.15463,2.9879,2.9725,85.0,0.00085,0.3,degraded
36.59,21.2365,17.74832,3.48818,21.4208,21.25977,0.16102,2.9901,3.0,85.0,0.00154,0.3,degraded
36.6,21.51422,18.06561,3.44861,21.46416,21.29047,0.1737,2.9804,2.9978,85.0,0.00547,0.3,degraded
36.61,21.78822,18.37263,3.41559,21.5078,21.32738,0.18042,3.0051,2.9983,85.0,0.00938,0.3,degraded
36.62,22.05847,18.66753,3.39093,21.55172,21.35547,0.19625,2.0689,2.9766,85.0,0.00703,0.3,degraded
36.63,22.32495,18.97544,3.34951,21.59591,21.38974,0.20618,3.0115,2.9631,85.0,0.00573,0.3,degraded
36.64,22.58763,19.26725,3.32038,21.64039,21.41576,0.22463,3.0237,2.9954,85.0,0.0048,0.3,degraded
36.65,22.84649,19.57027,3.27622,21.68515,21.44883,0.23632,2.9906,3.0,85.0,0.0,0.3,degraded
36.66,23.1015,19.86416,3.23735,21.73021,21.47643,0.25377,2.0027,3.0,85.0,0.01294,0.3,degraded
36.67,23.35265,20.16226,3.1904,21.77555,21.50907,0.26649,3.017,3.0,85.0,0.0,0.3,degraded
36.68,23.59992,20.43853,3.16139,21.82119,21.53602,0.28517,2.9884,3.0,85.0,0.00086,0.3,degraded
36.69,23.84329,20.72371,3.11958,21.86712,21.57052,0.2966,2.3129,3.0,85.0,0.00784,0.3,degraded
36.7,24.08273,20.99256,3.09018,21.91334,21.59894,0.3144,0.3834,2.9725,85.0,0.01516,0.3,degraded
36.71,24.31825,21.27208,3.04617,21.95986,21.63356,0.3263,2.7247,3.0,85.0,0.00625,0.3,degraded
36.72,24.54982,21.53801,3.0118,22.00667,21.66187,0.3448,2.9966,3.0,85.0,0.00435,0.3,degraded
36.73,24.77743,21.81562,2.96181,22.05377,21.69706,0.35671,2.9931,2.9915,85.0,0.00931,0.3,degraded
36.74,25.00108,22.07721,2.92387,22.10117,21.72587,0.3753,3.0011,3.0,85.0,0.00774,0.3,degraded
36.75,25.22075,22.34931,2.87145,22.14885,21.76162,0.38724,2.9791,2.9892,85.0,0.01258,0.3,degraded
36.76,25.43645,22.60278,2.83367,22.19683,21.79024,0.40659,2.9802,2.9906,85.0,0.00301,0.3,degraded
36.77,25.64815,22.85574,2.79241,22.24509,21.82382,0.42127,0.8584,2.9835,85.0,0.01018,0.3,degraded
36.78,25.85587,23.09749,2.75838,22.29363,21.85037,0.44327,2.2478,3.0,85.0,0.00425,0.3,degraded
36.79,26.05959,23.34074,2.71886,22.34245,21.88194,0.46051,3.0093,2.9871,85.0,0.00564,0.3,degraded
36.8,26.25932,23.58102,2.6783,22.39155,21.90828,0.48327,3.0398,2.9864,85.0,0.00911,0.3,degraded
36.81,26.45506,23.81422,2.64085,22.44092,21.94051,0.50041,3.0121,3.0,85.0,0.00473,0.3,degraded
36.82,26.64681,24.0477,2.59912,22.49055,21.96618,0.52437,1.9306,3.0,85.0,0.01033,0.3,degraded
36.83,26.83458,24.26704,2.56754,22.54045,21.99674,0.54371,2.9976,3.0,85.0,0.00443,0.3,degraded
36.84,27.01837,24.49567,2.5227,22.59059,22.02109,0.56951,0.2809,3.0,85.0,0.00289,0.3,degraded
36.85,27.19818,24.72712,2.47106,22.64099,22.05158,0.58942,0.4547,3.0,85.0,0.00853,0.3,degraded
36.86,27.37403,24.94037,2.43366,22.69163,22.07635,0.61529,3.0228,2.9876,85.0,0.0,0.3,degraded
36.87,27.54593,25.16168,2.38425,22.74251,22.10802,0.63449,2.9896,3.0,85.0,0.00585,0.3,degraded
36.88,27.71388,25.36254,2.35134,22.79361,22.1328,0.66081,0.3415,2.9999,85.0,0.01113,0.3,degraded
36.89,27.87791,25.5762,2.30172,22.84493,22.1635,0.68143,1.1144,3.0,85.0,0.00541,0.3,degraded
36.9,28.03802,25.77146,2.26657,22.89647,22.18806,0.7084,2.6886,3.0,85.0,0.00529,0.3,degraded
36.91,28.19424,25.97483,2.21941,22.9482,22.21824,0.72996,2.9878,3.0,85.0,0.01157,0.3,degraded
36.92,28.34658,26.168,2.17858,23.00013,22.23968,0.76045,3.003,2.9808,85.0,0.0,0.3,degraded
36.93,28.49505,26.36444,2.13061,23.05225,22.26609,0.78616,1.0315,3.0,85.0,0.00169,0.3,degraded
36.94,28.63969,26.54371,2.09598,23.10453,22.28724,0.81729,2.9895,3.0,85.0,0.00726,0.3,degraded
36.95,28.78051,26.73471,2.0458,23.15698,22.31603,0.84095,2.9937,3.0,85.0,0.00714,0.3,degraded
36.96,28.91753,26.90539,2.01214,23.20958,22.33664,0.87294,1.9709,3.0,85.0,0.01335,0.3,degraded
36.97,29.05079,27.08295,1.96783,23.26232,22.3624,0.89992,2.9742,3.0,85.0,0.00615,0.3,degraded
36.98,29.1803,27.24867,1.93163,23.31519,22.38263,0.93256,2.9985,2.9893,85.0,0.0018,0.3,degraded
36.99,29.30609,27.41732,1.88878,23.36818,22.40849,0.95968,2.3978,2.9996,85.0,0.00831,0.3,degraded
37.0,29.4282,27.58341,1.8448,23.42127,22.42888,0.99238,2.9984,2.9909,85.0,0.01407,0.3,degraded
37.01,29.54666,27.74563,1.80102,23.47445,22.45573,1.01871,2.9962,2.9848,85.0,0.00836,0.3,degraded
37.02,29.66149,27.89506,1.76642,23.5277,22.48033,1.04737,3.0102,2.9853,85.0,0.01206,0.3,degraded
37.03,29.77273,28.04555,1.72717,23.58102,22.51287,1.06815,2.8456,2.9872,85.0,0.01769,0.3,degraded
37.04,29.88041,28.20574,1.67466,23.63439,22.54339,1.09101,2.8333,2.9909,85.0,0.00011,0.3,degraded
37.05,29.98457,28.34622,1.63835,23.6878,22.58283,1.10497,2.9931,2.991,85.0,0.00646,0.3,degraded
37.06,30.08525,28.48884,1.59641,23.74122,22.61944,1.12179,2.9744,3.0,85.0,0.00609,0.3,degraded
37.07,30.18248,28.62971,1.55277,23.79465,22.66651,1.12814,2.9894,3.0,85.0,0.00512,0.3,degraded
37.08,30.27631,28.7653,1.51101,23.84807,22.70749,1.14058,2.0311,2.9962,85.0,0.00156,0.3,degraded
37.09,30.36677,28.89757,1.4692,23.90146,22.75717,1.14429,3.0192,3.0,85.0,0.00447,0.3,degraded
37.1,30.45392,29.02704,1.42687,23.9548,22.80307,1.15173,2.3553,2.9922,85.0,0.00652,0.3,degraded
37.11,30.53778,29.15023,1.38755,24.00808,22.85666,1.15142,3.01,3.0,85.0,0.00241,0.3,degraded
37.12,30.6184,29.27341,1.34499,24.06129,22.90576,1.15553,2.9976,3.0,85.0,0.00552,0.3,degraded
37.13,30.69584,29.39088,1.30496,24.1144,22.96278,1.15162,3.0037,2.9998,85.0,0.00503,0.3,degraded
37.14,30.77013,29.49955,1.27057,24.16739,23.01437,1.15303,3.0141,2.9809,85.0,0.0,0.3,degraded
37.15,30.84133,29.61018,1.23115,24.22026,23.07259,1.14767,1.7344,3.0,85.0,0.00825,0.3,degraded
37.16,30.90948,29.70531,1.20417,24.27297,23.12571,1.14726,3.005,2.9919,85.0,0.00653,0.3,degraded
37.17,30.97463,29.81852,1.1561,24.32552,23.18619,1.13933,3.0044,2.984,85.0,0.00401,0.3,degraded
37.18,31.03683,29.92421,1.11262,24.37787,23.24256,1.13531,3.0103,2.9804,85.0,0.00889,0.3,degraded
37.19,31.09615,30.0153,1.08085,24.43002,23.30364,1.12637,1.3466,3.0,85.0,0.01885,0.3,degraded
37.2,31.15262,30.10056,1.05206,24.48194,23.35943,1.12251,2.9892,2.9935,85.0,0.0,0.3,degraded
37.21,31.2063,30.20035,1.00595,24.53361,23.42181,1.1118,2.9832,3.0,85.0,0.00418,0.3,degraded
37.22,31.25725,30.2755,0.98176,24.58501,23.47837,1.10664,3.0023,2.9778,85.0,0.00764,0.3,degraded
37.23,31.30552,30.35979,0.94573,24.63612,23.5432,1.09292,3.0199,2.9933,85.0,0.0,0.3,degraded
37.24,31.35118,30.43014,0.92104,24.68693,23.60046,1.08647,3.0321,3.0,85.0,0.01178,0.3,degraded
37.25,31.39426,30.51511,0.87915,24.7374,23.66382,1.07358,2.9817,2.9949,85.0,0.0082,0.3,degraded
37.26,31.43485,30.58763,0.84721,24.78751,23.7222,1.06532,2.9956,2.9788,85.0,0.0,0.3,degraded
37.27,31.47298,30.66828,0.8047,24.83726,23.78847,1.04879,3.017,2.9949,85.0,0.00646,0.3,degraded
37.28,31.50873,30.71662,0.79211,24.88661,23.84808,1.03853,2.9754,3.0,85.0,0.00397,0.3,degraded
37.29,31.54215,30.77104,0.77111,24.93553,23.9145,1.02103,3.0237,2.9934,85.0,0.0,0.3,degraded
37.3,31.57331,30.81903,0.75429,24.98402,23.97462,1.0094,2.9857,3.0,85.0,0.00016,0.3,degraded
37.31,31.60226,30.87319,0.72907,25.03204,24.04077,0.99127,2.997,3.0,85.0,0.00515,0.3,degraded
37.32,31.62908,30.92103,0.70804,25.07958,24.09994,0.97963,2.982,3.0,85.0,0.0,0.3,degraded
37.33,31.65381,30.97615,0.67766,25.1266,24.16484,0.96176,2.9983,3.0,85.0,0.0,0.3,degraded
37.34,31.67653,31.02409,0.65244,25.17309,24.22362,0.94947,2.9897,2.999,85.0,0.0046,0.3,degraded
37.35,31.6973,31.07755,0.61975,25.21903,24.2895,0.92952,3.0118,3.0,85.0,0.0,0.3,degraded
37.36,31.71618,31.12504,0.59114,25.26438,24.34847,0.91591,3.0301,2.9743,85.0,0.0,0.3,degraded
37.37,31.73324,31.17833,0.55492,25.30913,24.41516,0.89396,2.9859,3.0,85.0,0.00472,0.3,degraded
37.38,31.74855,31.2243,0.52425,25.35324,24.47607,0.87717,2.9881,2.976,85.0,0.00014,0.3,degraded
37.39,31.76217,31.27798,0.48419,25.39671,24.54343,0.85328,3.0263,2.9861,85.0,0.0,0.3,degraded
37.4,31.77417,31.32535,0.44882,25.4395,24.60498,0.83452,2.9915,2.9883,85.0,0.00449,0.3,degraded
37.41,31.78461,31.3783,0.40631,25.48158,24.67317,0.80841,3.003,2.9983,85.0,0.00147,0.3,degraded
37.42,31.79357,31.4253,0.36827,25.52294,24.73583,0.78711,3.0048,2.9967,85.0,0.0,0.3,degraded
37.43,31.8011,31.47751,0.3236,25.56354,24.80488,0.75867,2.9969,3.0,85.0,0.0044,0.3,degraded
37.44,31.80729,31.523,0.28429,25.60337,24.86948,0.73389,3.002,2.9887,85.0,0.00165,0.3,degraded
37.45,31.81218,31.57429,0.2379,25.6424,24.93899,0.70341,3.0185,2.9939,85.0,0.0,0.3,degraded
37.46,31.81587,31.61961,0.19626,25.6806,25.00023,0.68037,2.9895,2.9808,85.0,0.00381,0.3,degraded
37.47,31.8184,31.67071,0.14769,25.71795,25.06822,0.64972,2.9967,3.0,85.0,0.00191,0.3,degraded
37.48,31.81986,31.71629,0.10356,25.75442,25.12972,0.6247,3.0012,2.9973,85.0,0.0,0.3,degraded
37.49,31.8203,31.76766,0.05264,25.78998,25.19957,0.59041,2.99,3.0,85.0,0.00354,0.3,degraded
37.5,31.81981,31.81015,0.00966,25.82462,25.26169,0.56293,3.0071,3.0,85.0,0.00373,0.3,degraded
37.51,31.81844,31.85684,-0.03841,25.8583,25.33026,0.52804,2.9702,2.9999,85.0,0.0,0.3,degraded
37.52,31.81627,31.89174,-0.07548,25.89101,25.39165,0.49935,2.9214,3.0,85.0,0.00308,0.3,degraded
37.53,31.81336,31.92812,-0.11476,25.9227,25.45871,0.464,3.0036,2.947,85.0,0.00431,0.3,degraded
37.54,31.80979,31.9533,-0.14351,25.95337,25.52031,0.43306,2.9929,2.9919,85.0,0.0,0.3,degraded
37.55,31.80562,31.98048,-0.17487,25.98298,25.58857,0.39441,3.0132,3.0,85.0,0.00259,0.3,degraded
37.56,31.80092,31.99782,-0.1969,26.01151,25.65056,0.36094,3.0063,3.0,85.0,0.00498,0.3,degraded
37.57,31.79577,32.01649,-0.22073,26.03892,25.71877,0.32015,3.009,2.9758,85.0,0.0,0.3,degraded
37.58,31.79022,32.02472,-0.2345,26.06521,25.7806,0.28461,2.9962,2.9853,85.0,0.00175,0.3,degraded
37.59,31.78435,32.03692,-0.25257,26.09033,25.84941,0.24093,3.0088,2.9761,85.0,0.0049,0.3,degraded
37.6,31.77822,32.03825,-0.26002,26.11427,25.91164,0.20263,3.0067,3.0,85.0,0.0,0.3,degraded
37.61,31.77191,32.04613,-0.27422,26.137,25.97957,0.15743,2.8233,3.0,85.0,0.00146,0.3,degraded
37.62,31.76548,32.04347,-0.278,26.15849,26.04044,0.11805,2.9932,3.0,85.0,0.00517,0.3,degraded
37.63,31.75899,32.04646,-0.28746,26.17871,26.10632,0.07239,2.9997,2.877,85.0,0.0,0.3,degraded
37.64,31.75252,32.04215,-0.28963,26.19765,26.16053,0.03712,3.0269,2.9987,85.0,0.0012,0.3,degraded
37.65,31.74613,32.04266,-0.29653,26.21528,26.21539,-0.00012,3.0087,3.0,85.0,0.0055,0.3,degraded
37.66,31.73989,32.03672,-0.29683,26.23156,26.26143,-0.02987,3.006,3.0,85.0,0.00028,0.3,degraded
37.67,31.73386,32.03521,-0.30135,26.24648,26.30972,-0.06324,2.9874,3.0,85.0,0.00039,0.3,degraded
37.68,31.7281,32.02609,-0.29799,26.26001,26.34809,-0.08807,2.985,2.8921,85.0,0.00549,0.3,degraded
37.69,31.72268,32.02179,-0.2991,26.27213,26.38929,-0.11716,3.0089,2.991,85.0,0.00088,0.3,degraded
37.7,31.71768,32.00952,-0.29185,26.28281,26.41647,-0.13366,3.0025,2.9842,85.0,0.0,0.3,degraded
37.71,31.71313,32.00266,-0.28953,26.29202,26.44669,-0.15467,2.9939,2.9995,85.0,0.0043,0.3,degraded
37.72,31.70912,31.98821,-0.27909,26.29975,26.47106,-0.17132,3.0017,3.0,85.0,0.00112,0.3,degraded
37.73,31.70571,31.98019,-0.27448,26.30596,26.49871,-0.19275,2.9811,3.0,85.0,0.0,0.3,degraded
37.74,31.70295,31.9652,-0.26225,26.31063,26.51768,-0.20706,3.0037,2.9942,85.0,0.00465,0.3,degraded
37.75,31.7009,31.95745,-0.25655,26.31374,26.5416,-0.22786,3.0194,3.0,85.0,0.00186,0.3,degraded
37.76,31.69963,31.94342,-0.24379,26.31526,26.55572,-0.24046,3.0202,3.0,85.0,0.0,0.3,degraded
37.77,31.6992,31.93611,-0.23691,26.31517,26.57452,-0.25935,2.9887,2.9885,85.0,0.00478,0.3,degraded
37.78,31.69965,31.92149,-0.22183,26.31344,26.58152,-0.26807,3.0127,2.975,85.0,0.0024,0.3,degraded
37.79,31.70106,31.91254,-0.21148,26.31006,26.59249,-0.28243,2.9803,2.9974,85.0,0.0,0.3,degraded
37.8,31.70348,31.89782,-0.19433,26.305,26.59879,-0.29379,3.0233,3.0,85.0,0.00435,0.3,degraded
37.81,31.70697,31.88756,-0.1806,26.29823,26.60715,-0.30892,3.0156,3.0,85.0,0.00316,0.3,degraded
37.82,31.71157,31.87155,-0.15998,26.28974,26.60807,-0.31834,2.9992,3.0,85.0,0.0,0.3,degraded
37.83,31.71735,31.86228,-0.14494,26.27949,26.61398,-0.33449,3.0238,2.9982,85.0,0.00338,0.3,degraded
37.84,31.72435,31.84771,-0.12336,26.26747,26.61215,-0.34468,3.0,2.9875,85.0,0.0031,0.3,degraded
37.85,31.73263,31.84003,-0.10739,26.25366,26.61413,-0.36047,2.9938,2.9803,85.0,0.0,0.3,degraded
37.86,31.74225,31.82592,-0.08367,26.23803,26.60872,-0.3707,2.9826,2.9837,85.0,0.00226,0.3,degraded
37.87,31.75325,31.81733,-0.06408,26.22056,26.60682,-0.38627,2.9861,2.9899,85.0,0.00406,0.3,degraded
37.88,31.76567,31.80183,-0.03616,26.20123,26.59728,-0.39605,2.9821,3.0,85.0,0.0,0.3,degraded
37.89,31.77958,31.7915,-0.01192,26.18002,26.5906,-0.41058,3.0029,2.9982,85.0,0.00181,0.3,degraded
37.9,31.79502,31.77576,0.01926,26.1569,26.57637,-0.41946,3.0097,3.0,85.0,0.00322,0.3,degraded
37.91,31.81202,31.76616,0.04587,26.13187,26.56792,-0.43606,3.0115,3.0,85.0,0.0,0.3,degraded
37.92,31.83065,31.75157,0.07908,26.10489,26.55145,-0.44656,2.9906,3.0,85.0,0.00096,0.3,degraded
37.93,31.85094,31.74363,0.10731,26.07594,26.5398,-0.46385,2.995,2.973,85.0,0.00413,0.3,degraded
37.94,31.87293,31.72948,0.14345,26.04502,26.52075,-0.47574,3.0319,3.0,85.0,0.0,0.3,degraded
37.95,31.89667,31.72334,0.17333,26.01209,26.50483,-0.49274,3.0206,2.9851,85.0,0.00046,0.3,degraded
37.96,31.9222,31.71053,0.21167,25.97714,26.4804,-0.50326,3.0181,3.0,85.0,0.00437,0.3,degraded
37.97,31.94955,31.7045,0.24505,25.94015,26.46045,-0.5203,2.9769,2.9964,85.0,0.0,0.3,degraded
37.98,31.97877,31.69247,0.2863,25.9011,26.43526,-0.53416,2.9821,3.0,85.0,0.00045,0.3,degraded
37.99,32.00989,31.6868,0.32309,25.85998,26.4103,-0.55032,2.9924,3.0,85.0,0.00492,0.3,degraded
38.0,32.04294,31.67371,0.36923,25.81676,26.3788,-0.56204,3.0108,3.0,85.0,0.0005,0.3,degraded
38.01,32.07796,31.66724,0.41072,25.77143,26.35373,-0.5823,3.0085,2.9815,85.0,0.0,0.3,degraded
38.02,32.11499,31.65348,0.46152,25.72398,26.31707,-0.59309,2.9904,2.9834,85.0,0.00421,0.3,degraded
38.03,32.15406,31.64611,0.50795,25.67438,26.28699,-0.61261,2.9966,2.9919,85.0,0.00026,0.3,degraded
38.04,32.19518,31.63615,0.55903,25.62262,26.25126,-0.62864,2.997,2.9613,85.0,0.0,0.3,degraded
38.05,32.23841,31.63747,0.60093,25.56868,26.22052,-0.65184,2.9935,2.9919,85.0,0.00569,0.3,degraded
38.06,32.28375,31.6382,0.64555,25.51255,26.1809,-0.66834,3.0076,3.0,85.0,0.00253,0.3,degraded
38.07,32.33124,31.65572,0.67552,25.45422,26.14637,-0.69215,2.9925,2.8669,85.0,0.0,0.3,degraded
38.08,32.38091,31.66715,0.71376,25.39366,26.10105,-0.70739,3.0138,3.0,85.0,0.00557,0.3,degraded
38.09,32.43276,31.69042,0.74234,25.33087,26.06161,-0.73074,3.0122,2.9911,85.0,0.00301,0.3,degraded
38.1,32.48684,31.71362,0.77322,25.26584,26.01227,-0.74644,3.004,2.9891,85.0,0.0,0.3,degraded
38.11,32.54316,31.74418,0.79898,25.19854,25.96677,-0.76824,2.9908,2.9966,85.0,0.00521,0.3,degraded
38.12,32.60173,31.77573,0.826,25.12896,25.91488,-0.78591,3.0224,2.9992,85.0,0.0026,0.3,degraded
38.13,32.66258,31.8178,0.84478,25.0571,25.86899,-0.81189,3.0027,2.9493,85.0,0.0,0.3,degraded
38.14,32.72571,31.85316,0.87255,24.98295,25.81503,-0.83209,3.0074,2.9795,85.0,0.00405,0.3,degraded
38.15,32.79116,31.89923,0.89193,24.90648,25.76531,-0.85883,3.0026,3.0,85.0,0.00339,0.3,degraded
38.16,32.85892,31.94203,0.91688,24.82769,25.7081,-0.88041,2.9943,3.0,85.0,0.0,0.3,degraded
38.17,32.92901,31.99417,0.93485,24.74657,25.65112,-0.90455,2.9887,3.0,85.0,0.00356,0.3,degraded
38.18,33.00145,32.04243,0.95902,24.66312,25.58695,-0.92383,3.0239,3.0,85.0,0.00372,0.3,degraded
38.19,33.07623,32.11429,0.96194,24.57731,25.52965,-0.95235,1.1733,3.0,85.0,0.01537,0.3,degraded
38.2,33.15337,32.18637,0.967,24.48914,25.43943,-0.95029,3.0188,2.9812,85.0,0.01494,0.3,degraded
38.21,33.23287,32.25841,0.97446,24.3986,25.36493,-0.96632,2.9856,3.0,85.0,0.02435,0.3,degraded
38.22,33.31474,32.32755,0.98719,24.30569,25.27243,-0.96674,2.5557,0.6398,85.0,0.00655,0.3,degraded
38.23,33.39898,32.41179,0.9872,24.2104,25.18658,-0.97618,1.9253,0.9044,85.0,0.0031,0.3,degraded
38.24,33.4856,32.48288,1.00272,24.11271,25.10161,-0.9889,2.9976,0.3553,85.0,0.00751,0.3,degraded
38.25,33.57458,32.56656,1.00801,24.01263,25.01144,-0.99881,2.9963,1.4291,85.0,0.00505,0.3,degraded
38.26,33.66593,32.6449,1.02103,23.91015,24.93082,-1.02067,3.0157,2.6837,85.0,0.01121,0.3,degraded
38.27,33.75965,32.73383,1.02582,23.80526,24.85447,-1.04921,3.0074,2.9771,85.0,0.02936,0.3,degraded
38.28,33.85573,32.82068,1.03505,23.69795,24.76853,-1.07058,2.3613,2.9796,85.0,0.01944,0.3,degraded
38.29,33.95416,32.90439,1.04977,23.58823,24.67565,-1.08741,2.9942,3.0,85.0,0.00447,0.3,degraded
38.3,34.05494,32.98668,1.06827,23.47609,24.59435,-1.11826,2.9902,2.994,85.0,0.01127,0.3,degraded
38.31,34.15806,33.08699,1.07108,23.36152,24.50701,-1.14549,2.9985,3.0,85.0,0.00167,0.3,degraded
38.32,34.26351,33.17034,1.09317,23.24453,24.40647,-1.16194,3.0026,2.9759,85.0,0.01108,0.3,degraded
38.33,34.37127,33.26695,1.10432,23.1251,24.31815,-1.19305,2.9873,0.4014,85.0,0.01441,0.3,degraded
38.34,34.48134,33.36157,1.11977,23.00324,24.22243,-1.21919,1.5448,2.9744,85.0,0.00282,0.3,degraded
38.35,34.59369,33.46677,1.12691,22.87896,24.12524,-1.24629,3.0059,0.6485,85.0,0.00633,0.3,degraded
38.36,34.70831,33.55838,1.14992,22.75223,24.02094,-1.26871,2.9963,1.4026,85.0,0.00582,0.3,degraded
38.37,34.82518,33.66581,1.15937,22.62308,23.92368,-1.3006,2.9726,0.7967,85.0,0.01687,0.3,degraded
38.38,34.94428,33.76641,1.17787,22.49149,23.82004,-1.32855,2.7393,3.0,85.0,0.01951,0.3,degraded
38.39,35.06559,33.86694,1.19865,22.35747,23.72555,-1.36808,3.0311,3.0,85.0,0.00972,0.3,degraded
38.4,35.18909,33.97193,1.21716,22.22101,23.61578,-1.39477,3.0041,2.9868,85.0,0.01161,0.3,degraded
38.41,35.31476,34.06902,1.24573,22.08213,23.50579,-1.42366,0.2318,0.5375,85.0,0.01638,0.3,degraded
38.42,35.44256,34.17675,1.26581,21.94083,23.39108,-1.45025,0.8328,3.0,85.0,0.01612,0.3,degraded
38.43,35.57247,34.29186,1.28062,21.7971,23.28301,-1.48592,2.9875,3.0,85.0,0.00414,0.3,degraded
38.44,35.70447,34.39452,1.30995,21.65095,23.16823,-1.51728,2.9753,2.9779,85.0,0.01513,0.3,degraded
38.45,35.83852,34.50546,1.33307,21.50238,23.04333,-1.54095,3.009,3.0,85.0,0.01199,0.3,degraded
38.46,35.9746,34.61817,1.35643,21.35141,22.91937,-1.56796,2.9968,2.9992,85.0,0.02527,0.3,degraded
38.47,36.11266,34.74616,1.3665,21.19803,22.78839,-1.59036,2.9615,2.9838,85.0,0.0,0.3,degraded
38.48,36.25269,34.85851,1.39418,21.04225,22.6716,-1.62935,0.8339,2.9786,85.0,0.02189,0.3,degraded
38.49,36.39463,34.97141,1.42322,20.88408,22.54041,-1.65633,3.001,2.9519,85.0,0.01199,0.3,degraded
38.5,36.53846,35.09904,1.43942,20.72353,22.41135,-1.68782,2.995,2.9955,85.0,0.0178,0.3,degraded
38.51,36.68413,35.23928,1.44486,20.5606,22.27775,-1.71715,2.9974,2.9974,85.0,0.01436,0.3,degraded
38.52,36.83162,35.35612,1.4755,20.39529,22.14159,-1.74629,2.9807,0.4739,85.0,0.00523,0.3,degraded
38.53,36.98087,35.48263,1.49824,20.22763,22.00974,-1.78211,3.005,2.9679,85.0,0.00794,0.3,degraded
38.54,37.13185,35.61451,1.51734,20.05762,21.86677,-1.80915,1.734,3.0,85.0,0.01344,0.3,degraded
38.55,37.28451,35.76105,1.52347,19.88526,21.7441,-1.85884,3.0154,2.9923,85.0,0.00549,0.3,degraded
38.56,37.43881,35.89041,1.5484,19.71057,21.59252,-1.88195,2.9692,2.996,85.0,0.01414,0.3,degraded
38.57,37.59471,36.03427,1.56044,19.53356,21.45619,-1.92263,0.0156,3.0,85.0,0.01487,0.3,degraded
38.58,37.75215,36.17204,1.5801,19.35425,21.32058,-1.96633,1.1333,2.9731,85.0,0.00846,0.3,degraded
38.59,37.91109,36.31636,1.59473,19.17263,21.17253,-1.9999,3.0214,3.0,85.0,0.01108,0.3,degraded
38.6,38.07148,36.45592,1.61556,18.98874,21.02314,-2.0344,2.0982,2.9979,85.0,0.02326,0.3,degraded
38.61,38.23328,36.5872,1.64608,18.80257,20.87886,-2.07629,3.0309,2.9754,85.0,0.01929,0.3,degraded
38.62,38.39642,36.7281,1.66832,18.61414,20.71896,-2.10482,3.0058,2.9841,85.0,0.0185,0.3,degraded
38.63,38.56086,36.87634,1.68453,18.42347,20.56442,-2.14095,0.9068,3.0,85.0,0.00241,0.3,degraded
38.64,38.72655,37.02285,1.7037,18.23057,20.40504,-2.17447,2.9921,1.2488,85.0,0.00668,0.3,degraded
38.65,38.89343,37.17982,1.71361,18.03546,20.24674,-2.21128,2.9706,2.9886,85.0,0.01254,0.3,degraded
38.66,39.06144,37.33753,1.7239,17.83815,20.08672,-2.24856,2.9991,0.7621,85.0,0.00052,0.3,degraded
38.67,39.23053,37.48948,1.74104,17.63866,19.91842,-2.27976,3.0022,2.9884,85.0,0.0192,0.3,degraded
38.68,39.40064,37.63959,1.76105,17.43701,19.74665,-2.30964,2.9786,2.9802,85.0,0.00841,0.3,degraded
38.69,39.57171,37.80717,1.76454,17.23321,19.57925,-2.34604,3.0004,2.9656,85.0,0.00183,0.3,degraded
38.7,39.74369,37.96411,1.77959,17.02728,19.39617,-2.36889,2.9875,1.3704,85.0,0.01226,0.3,degraded
38.71,39.91652,38.1263,1.79021,16.81924,19.22689,-2.40766,3.0101,1.1194,85.0,0.01184,0.3,degraded
38.72,40.09012,38.28619,1.80393,16.60911,19.04742,-2.43832,0.5289,3.0,85.0,0.00435,0.3,degraded
38.73,40.26445,38.44959,1.81486,16.3969,18.86134,-2.46444,3.0065,0.528,85.0,0.01965,0.3,degraded
38.74,40.43944,38.61206,1.82737,16.18265,18.66248,-2.47983,1.883,2.9912,85.0,0.00479,0.3,degraded
38.75,40.61502,38.7694,1.84562,15.96636,18.48115,-2.51479,0.8775,2.9941,85.0,0.00494,0.3,degraded
38.76,40.79113,38.92605,1.86509,15.74807,18.28758,-2.53951,0.707,2.4486,85.0,0.01841,0.3,degraded
38.77,40.96771,39.09535,1.87236,15.52778,18.1144,-2.58662,2.9866,2.1327,85.0,0.01883,0.3,degraded
38.78,41.14469,39.25457,1.89012,15.30553,17.9179,-2.61237,2.9835,2.9929,85.0,0.01282,0.3,degraded
38.79,41.32201,39.4325,1.88951,15.08133,17.71679,-2.63546,3.007,3.0,85.0,0.02227,0.3,degraded
38.8,41.49959,39.60023,1.89936,14.85521,17.51723,-2.66202,2.9928,2.4584,85.0,0.02287,0.3,degraded
38.81,41.67738,39.76623,1.91114,14.6272,17.3293,-2.7021,2.9914,0.5267,85.0,0.00657,0.3,degraded
38.82,41.85529,39.93021,1.92508,14.39731,17.12634,-2.72903,2.9738,2.9978,85.0,0.01283,0.3,degraded
38.83,42.03327,40.10877,1.9245,14.16557,16.93337,-2.7678,2.9806,3.0,85.0,0.01826,0.3,degraded
38.84,42.21125,40.27776,1.93348,13.932,16.72152,-2.78952,2.9769,2.28,85.0,0.01635,0.3,degraded
38.85,42.38914,40.4498,1.93935,13.69664,16.51321,-2.81658,2.9953,3.0,85.0,0.01847,0.3,degraded
38.86,42.5669,40.61541,1.95149,13.4595,16.29621,-2.83671,2.9918,3.0,85.0,0.01126,0.3,degraded
38.87,42.74443,40.80173,1.9427,13.22061,16.09961,-2.879,2.9941,3.0,85.0,0.0138,0.3,degraded
38.88,42.92168,40.96984,1.95184,12.98,15.8859,-2.9059,2.9943,2.99,85.0,0.00847,0.3,degraded
38.89,43.09857,41.14102,1.95756,12.7377,15.66791,-2.93021,3.0203,3.0,85.0,0.0172,0.3,degraded
38.9,43.27504,41.31308,1.96196,12.49373,15.45486,-2.96113,2.9901,1.9735,85.0,0.01107,0.3,degraded
38.91,43.45099,41.48852,1.96248,12.24812,15.24004,-2.99192,0.2682,2.9958,85.0,0.00607,0.3,degraded
38.92,43.62638,41.66293,1.96344,12.0009,15.02433,-3.02342,0.419,2.9842,85.0,0.02019,0.3,degraded
38.93,43.80111,41.84242,1.95869,11.7521,14.80142,-3.04932,2.9998,2.9988,85.0,0.01613,0.3,degraded
38.94,43.97513,42.01241,1.96272,11.50175,14.57594,-3.07419,2.9918,1.4783,85.0,0.01364,0.3,degraded
38.95,44.14835,42.18196,1.96639,11.24988,14.34629,-3.09642,0.3614,3.0,85.0,0.01654,0.3,degraded
38.96,44.32071,42.34967,1.97104,10.99651,14.10721,-3.11071,2.994,3.0,85.0,0.00655,0.3,degraded
38.97,44.49212,42.53241,1.95971,10.74167,13.87711,-3.13543,1.9871,2.9949,85.0,0.01355,0.3,degraded
38.98,44.66253,42.69331,1.96922,10.48541,13.6408,-3.15539,2.9973,3.0,85.0,0.01542,0.3,degraded
38.99,44.83184,42.87181,1.96003,10.22774,13.41201,-3.18427,0.3316,1.7177,85.0,0.01384,0.3,degraded
39.0,45.0,43.04542,1.95458,9.9687,13.17753,-3.20882,2.9842,2.9863,85.0,0.01905,0.3,degraded
39.01,45.16692,43.21854,1.94838,9.70833,12.95332,-3.24499,2.9759,2.9986,85.0,0.02142,0.3,degraded
39.02,45.33254,43.38598,1.94656,9.44665,12.70748,-3.26083,0.6182,0.3175,85.0,0.01522,0.3,degraded
39.03,45.49677,43.57543,1.92134,9.18369,12.47125,-3.28757,3.0136,3.0,85.0,0.00814,0.3,degraded
39.04,45.65955,43.73445,1.9251,8.91949,12.23027,-3.31078,2.9911,2.9939,85.0,0.02119,0.3,degraded
39.05,45.82081,43.90786,1.91294,8.65408,11.98122,-3.32714,2.9827,3.0,85.0,0.01829,0.3,degraded
39.06,45.98046,44.07284,1.90762,8.3875,11.72737,-3.33987,2.9681,2.9999,85.0,0.02115,0.3,degraded
39.07,46.13844,44.23462,1.90382,8.11978,11.4921,-3.37232,2.6253,2.9987,85.0,0.01846,0.3,degraded
39.08,46.29468,44.41014,1.88454,7.85095,11.23677,-3.38582,3.005,2.98,85.0,0.02694,0.3,degraded
39.09,46.44909,44.57845,1.87065,7.58104,10.98426,-3.40322,2.9649,1.7496,85.0,0.00744,0.3,degraded
39.1,46.60162,44.74176,1.85986,7.3101,10.73325,-3.42315,3.0142,2.9801,85.0,0.00838,0.3,degraded
39.11,46.75219,44.91225,1.83994,7.03815,10.48165,-3.4435,3.0096,0.8406,85.0,0.00412,0.3,degraded
39.12,46.90072,45.06558,1.83515,6.76523,10.22682,-3.46159,3.0134,3.0,85.0,0.00621,0.3,degraded
39.13,47.04715,45.23097,1.81618,6.49138,9.97133,-3.47995,2.9946,1.362,85.0,0.00987,0.3,degraded
39.14,47.19141,45.39775,1.79366,6.21663,9.71477,-3.49813,3.0289,2.9938,85.0,0.01809,0.3,degraded
39.15,47.33342,45.55689,1.77653,5.94102,9.46733,-3.52631,3.022,2.7082,85.0,0.00045,0.3,degraded
39.16,47.47311,45.71593,1.75718,5.66458,9.20178,-3.5372,3.0048,2.5123,85.0,0.01804,0.3,degraded
39.17,47.61042,45.87399,1.73644,5.38735,8.947,-3.55965,3.0086,0.8887,85.0,0.02084,0.3,degraded
39.18,47.74528,46.0217,1.72359,5.10936,8.68334,-3.57398,2.9926,2.9916,85.0,0.00781,0.3,degraded
39.19,47.87763,46.17045,1.70717,4.83066,8.42626,-3.5956,1.9406,1.5558,85.0,0.02488,0.3,degraded
39.2,48.00738,46.32654,1.68083,4.55127,8.14962,-3.59834,2.9745,3.0,85.0,0.01322,0.3,degraded
39.21,48.13448,46.46925,1.66523,4.27124,7.89297,-3.62173,2.9774,3.0,85.0,0.02506,0.3,degraded
39.22,48.25886,46.62083,1.63803,3.99061,7.62801,-3.63741,2.9814,2.9871,85.0,0.01189,0.3,degraded
39.23,48.38045,46.77192,1.60853,3.7094,7.36019,-3.65079,0.35,3.0,85.0,0.01763,0.3,degraded
39.24,48.49919,46.91101,1.58818,3.42766,7.09156,-3.6639,2.1068,1.9277,85.0,0.02032,0.3,degraded
39.25,48.61502,47.05674,1.55828,3.14542,6.8294,-3.68397,3.0127,3.0,85.0,0.00864,0.3,degraded
39.26,48.72787,47.18652,1.54135,2.86273,6.54923,-3.6865,3.0003,3.0,85.0,0.00934,0.3,degraded
39.27,48.83768,47.32305,1.51463,2.57962,6.29238,-3.71276,1.804,1.114,85.0,0.00165,0.3,degraded
39.28,48.94439,47.45211,1.49228,2.29612,6.00939,-3.71327,3.0382,1.6802,85.0,0.01847,0.3,degraded
39.29,49.04793,47.57511,1.47282,2.01229,5.74882,-3.73654,3.0173,3.0,85.0,0.01876,0.3,degraded
39.3,49.14826,47.70375,1.4445,1.72814,5.47004,-3.7419,3.0121,0.3903,85.0,0.01348,0.3,degraded
39.31,49.2453,47.83321,1.41209,1.44373,5.19316,-3.74943,2.0849,3.0,85.0,0.01491,0.3,degraded
39.32,49.339,47.94944,1.38957,1.15909,4.92077,-3.76168,2.1515,0.5463,85.0,0.00779,0.3,degraded
39.33,49.42931,48.07009,1.35922,0.87425,4.64625,-3.772,2.1904,3.0,85.0,0.01829,0.3,degraded
39.34,49.51617,48.17667,1.3395,0.58927,4.36534,-3.77608,2.9878,1.226,85.0,0.00886,0.3,degraded
39.35,49.59952,48.29256,1.30695,0.30416,4.09548,-3.79132,0.3113,2.975,85.0,0.00989,0.3,degraded
39.36,49.6793,48.40647,1.27283,0.01899,3.81737,-3.79838,0.1341,1.0958,85.0,0.01027,0.3,degraded
39.37,49.75548,48.52658,1.2289,-0.26623,3.53931,-3.80554,3.0094,2.9813,85.0,0.01037,0.3,degraded
39.38,49.82798,48.63415,1.19383,-0.55144,3.26253,-3.81397,3.0037,2.9706,85.0,0.01246,0.3,degraded
39.39,49.89678,48.7483,1.14848,-0.83662,2.98217,-3.81879,2.9796,2.9824,85.0,0.01475,0.3,degraded
39.4,49.9618,48.83368,1.12812,-1.12171,2.71139,-3.8331,2.997,2.9727,85.0,0.01844,0.3,degraded
39.41,50.02301,48.93919,1.08382,-1.4067,2.43413,-3.84083,2.9837,1.5434,85.0,0.02724,0.3,degraded
39.42,50.08036,49.02283,1.05753,-1.69152,2.14269,-3.83421,2.9924,2.9954,85.0,0.01219,0.3,degraded
39.43,50.1338,49.12299,1.01081,-1.97616,1.86221,-3.83837,0.0876,0.9459,85.0,0.01401,0.3,degraded
39.44,50.18329,49.20408,0.97921,-2.26056,1.57886,-3.83941,3.0126,3.0,85.0,0.0136,0.3,degraded
39.45,50.22878,49.28681,0.94197,-2.54469,1.30087,-3.84557,2.995,3.0,85.0,0.01069,0.3,degraded
39.46,50.27024,49.36799,0.90225,-2.82852,1.01745,-3.84597,3.0017,2.95,85.0,0.0,0.3,degraded
39.47,50.30761,49.43703,0.87058,-3.112,0.73752,-3.84952,2.5367,3.0,85.0,0.01257,0.3,degraded
39.48,50.34087,49.51345,0.82741,-3.3951,0.45929,-3.85438,2.9895,2.0508,85.0,0.00764,0.3,degraded
39.49,50.36996,49.56507,0.80489,-3.67777,0.1813,-3.85907,3.0113,2.9988,85.0,0.00186,0.3,degraded
39.5,50.39487,49.60999,0.78488,-3.95999,-0.10177,-3.85821,3.0075,2.9786,85.0,0.00665,0.3,degraded
39.51,50.41554,49.66058,0.75496,-4.2417,-0.38161,-3.8601,2.9871,2.9981,85.0,0.00605,0.3,degraded
39.52,50.43194,49.70497,0.72697,-4.52289,-0.66524,-3.85765,3.0116,2.9798,85.0,0.00585,0.3,degraded
39.53,50.44405,49.75669,0.68736,-4.8035,-0.94148,-3.86201,2.9993,3.0,85.0,0.00488,0.3,degraded
39.54,50.45183,49.80226,0.64957,-5.0835,-1.23013,-3.85337,3.0082,3.0,85.0,0.01857,0.3,degraded
39.55,50.45525,49.85399,0.60126,-5.36285,-1.51867,-3.84418,2.9926,3.0,85.0,0.0,0.3,degraded
39.56,50.45428,49.89991,0.55437,-5.64152,-1.78886,-3.85267,3.0078,2.9931,85.0,0.00244,0.3,degraded
39.57,50.4489,49.9514,0.4975,-5.91947,-2.07162,-3.84785,2.9905,2.9846,85.0,0.00523,0.3,degraded
39.58,50.43907,49.99548,0.44359,-6.19666,-2.35226,-3.8444,2.997,3.0,85.0,0.01363,0.3,degraded
39.59,50.42478,50.04465,0.38013,-6.47306,-2.6274,-3.84566,2.9873,3.0,85.0,0.01514,0.3,degraded
39.6,50.406,50.08732,0.31868,-6.74863,-2.91311,-3.83552,2.9861,2.0137,85.0,0.01494,0.3,degraded
39.61,50.3827,50.13597,0.24673,-7.02333,-3.18839,-3.83494,2.9883,0.727,85.0,0.01311,0.3,degraded
39.62,50.35488,50.1786,0.17628,-7.29713,-3.47053,-3.82659,2.9884,3.0,85.0,0.00576,0.3,degraded
39.63,50.32251,50.22803,0.09448,-7.56999,-3.74974,-3.82024,3.0022,2.4442,85.0,0.00449,0.3,degraded
39.64,50.28557,50.27369,0.01188,-7.84187,-4.02039,-3.82148,2.9898,2.9914,85.0,0.0049,0.3,degraded
39.65,50.24405,50.32313,-0.07908,-8.11275,-4.29647,-3.81628,3.0291,2.9762,85.0,0.01204,0.3,degraded
39.66,50.19793,50.35489,-0.15696,-8.38259,-4.58093,-3.80166,2.9803,0.922,85.0,0.00717,0.3,degraded
39.67,50.14721,50.38022,-0.23301,-8.65134,-4.84749,-3.80385,2.9943,2.9883,85.0,0.01177,0.3,degraded
39.68,50.09187,50.39473,-0.30286,-8.91899,-5.13071,-3.78828,3.0169,2.9996,85.0,0.00062,0.3,degraded
39.69,50.0319,50.40787,-0.37598,-9.18548,-5.40581,-3.77968,2.9957,2.994,85.0,0.01521,0.3,degraded
39.7,49.96729,50.4053,-0.438,-9.4508,-5.6789,-3.7719,3.0207,3.0,85.0,0.0056,0.3,degraded
39.71,49.89805,50.40155,-0.5035,-9.7149,-5.95088,-3.76402,3.0172,0.8246,85.0,0.00255,0.3,degraded
39.72,49.82416,50.38443,-0.56027,-9.97776,-6.23165,-3.74611,3.0159,3.0,85.0,0.00946,0.3,degraded
39.73,49.74561,50.36633,-0.62072,-10.23934,-6.49265,-3.74668,3.0036,3.0,85.0,0.01402,0.3,degraded
39.74,49.66242,50.33632,-0.6739,-10.4996,-6.76319,-3.73641,3.0004,1.9982,85.0,0.00615,0.3,degraded
39.75,49.57458,50.30577,-0.73119,-10.75852,-7.03413,-3.72438,3.0018,2.991,85.0,0.01457,0.3,degraded
39.76,49.48209,50.26049,-0.7784,-11.01606,-7.30305,-3.713,3.0057,0.7782,85.0,0.0201,0.3,degraded
39.77,49.38495,50.21786,-0.83291,-11.27219,-7.56087,-3.71131,2.9932,3.0,85.0,0.00904,0.3,degraded
39.78,49.28317,50.16162,-0.87845,-11.52688,-7.83517,-3.69171,2.9934,3.0,85.0,0.00511,0.3,degraded
39.79,49.17676,50.10776,-0.931,-11.7801,-8.09736,-3.68274,2.9994,2.9952,85.0,0.01714,0.3,degraded
39.8,49.06572,50.0305,-0.96478,-12.03182,-8.36795,-3.66387,1.9768,3.0,85.0,0.01578,0.3,degraded
39.81,48.95007,49.95853,-1.00847,-12.28201,-8.62267,-3.65933,3.0016,2.9972,85.0,0.00994,0.3,degraded
39.82,48.8298,49.86277,-1.03297,-12.53064,-8.88809,-3.64255,3.0165,1.1042,85.0,0.01678,0.3,degraded
39.83,48.70495,49.76798,-1.06303,-12.77767,-9.15914,-3.61853,3.01,1.6669,85.0,0.0,0.3,degraded
39.84,48.57552,49.66799,-1.09247,-13.02309,-9.41851,-3.60458,3.0064,1.2384,85.0,0.00725,0.3,degraded
39.85,48.44152,49.5642,-1.12269,-13.26686,-9.68298,-3.58388,2.9973,3.0,85.0,0.01595,0.3,degraded
39.86,48.30298,49.46948,-1.1665,-13.50895,-9.93798,-3.57097,1.5614,2.9949,85.0,0.00226,0.3,degraded
39.87,48.15991,49.36428,-1.20437,-13.74934,-10.19751,-3.55183,2.9921,3.0,85.0,0.01182,0.3,degraded
39.88,48.01233,49.25992,-1.24759,-13.98799,-10.46951,-3.51849,3.0185,3.0,85.0,0.01259,0.3,degraded
39.89,47.86027,49.15072,-1.29046,-14.22489,-10.7168,-3.50808,2.9949,3.0,85.0,0.00884,0.3,degraded
39.9,47.70375,49.02568,-1.32194,-14.46,-10.97122,-3.48878,1.8933,0.0829,85.0,0.00432,0.3,degraded
39.91,47.54279,48.91813,-1.37534,-14.6933,-11.22221,-3.47109,2.4034,3.0,85.0,0.01992,0.3,degraded
39.92,47.37742,48.77538,-1.39796,-14.92476,-11.47805,-3.44671,3.0154,2.9775,85.0,0.01036,0.3,degraded
39.93,47.20767,48.64202,-1.43436,-15.15437,-11.72663,-3.42774,0.1631,3.0,85.0,0.00388,0.3,degraded
39.94,47.03356,48.5122,-1.47864,-15.38208,-11.96917,-3.41292,3.0052,2.9894,85.0,0.01624,0.3,degraded
39.95,46.85513,48.37549,-1.52036,-15.60789,-12.21589,-3.392,2.0024,0.4203,85.0,0.02641,0.3,degraded
39.96,46.67242,48.22983,-1.55741,-15.83176,-12.47629,-3.35547,1.8794,2.4146,85.0,0.01521,0.3,degraded
39.97,46.48544,48.08094,-1.59549,-16.05367,-12.71451,-3.33916,3.006,3.0,85.0,0.02473,0.3,degraded
39.98,46.29425,47.93252,-1.63827,-16.2736,-12.9563,-3.3173,2.9914,0.6732,85.0,0.00797,0.3,degraded
39.99,46.09887,47.77075,-1.67188,-16.49152,-13.18795,-3.30358,3.0085,2.9982,85.0,0.01003,0.3,degraded
40.0,45.89935,47.61984,-1.72049,-16.70743,-13.44361,-3.26382,2.9836,2.981,85.0,0.01949,0.3,degraded
40.01,45.69571,47.45336,-1.75764,-16.92128,-13.67603,-3.24525,2.0483,1.3851,85.0,0.01796,0.3,degraded
40.02,45.48801,47.27936,-1.79135,-17.13307,-13.90932,-3.22375,3.0047,0.937,85.0,0.01088,0.3,degraded
40.03,45.27629,47.11252,-1.83623,-17.34277,-14.1319,-3.21087,1.4023,2.9905,85.0,0.02161,0.3,degraded
40.04,45.06059,46.93184,-1.87126,-17.55036,-14.36057,-3.1898,0.6303,3.0,85.0,0.0038,0.3,degraded
40.05,44.84094,46.7568,-1.91585,-17.75583,-14.59307,-3.16275,3.0226,3.0,85.0,0.00524,0.3,degraded
40.06,44.61741,46.56825,-1.95084,-17.95915,-14.81969,-3.13946,0.545,0.8743,85.0,0.01691,0.3,degraded
40.07,44.39003,46.37787,-1.98783,-18.16031,-15.03836,-3.12195,3.0111,2.984,85.0,0.00697,0.3,degraded
40.08,44.15886,46.19355,-2.03469,-18.35928,-15.27124,-3.08804,0.2739,3.0,85.0,0.01128,0.3,degraded
40.09,43.92395,46.00979,-2.08584,-18.55605,-15.49254,-3.06352,2.9987,3.0,85.0,0.01309,0.3,degraded
40.1,43.68533,45.80741,-2.12208,-18.75061,-15.72263,-3.02798,0.982,2.9887,85.0,0.02683,0.3,degraded
40.11,43.44308,45.6049,-2.16182,-18.94294,-15.93479,-3.00815,2.9952,3.0,85.0,0.00397,0.3,degraded
40.12,43.19724,45.39085,-2.19361,-19.13302,-16.15528,-2.97774,2.9918,3.0,85.0,0.01935,0.3,degraded
40.13,42.94786,45.18555,-2.23769,-19.32083,-16.36476,-2.95608,3.0105,3.0,85.0,0.00945,0.3,degraded
40.14,42.695,44.97443,-2.27942,-19.50637,-16.57681,-2.92956,2.9834,0.3807,85.0,0.01876,0.3,degraded
40.15,42.43872,44.7708,-2.33208,-19.68962,-16.78943,-2.90019,2.9808,0.5876,85.0,0.00918,0.3,degraded
40.16,42.17908,44.54244,-2.36336,-19.87056,-17.0075,-2.86306,3.0102,3.0,85.0,0.01308,0.3,degraded
40.17,41.91613,44.33299,-2.41686,-20.04918,-17.21691,-2.83227,3.0071,3.0,85.0,0.01676,0.3,degraded
40.18,41.64993,44.09885,-2.44892,-20.22547,-17.42283,-2.80265,2.9994,3.0,85.0,0.02162,0.3,degraded
40.19,41.38055,43.87624,-2.49569,-20.39942,-17.61049,-2.78893,2.9989,2.9681,85.0,0.00742,0.3,degraded
40.2,41.10805,43.64168,-2.53364,-20.57102,-17.82005,-2.75097,2.9993,2.981,85.0,0.02302,0.3,degraded
40.21,40.83248,43.4014,-2.56892,-20.74025,-18.01487,-2.72538,3.0223,3.0,85.0,0.01807,0.3,degraded
40.22,40.55392,43.1633,-2.60938,-20.9071,-18.20986,-2.69724,3.0011,3.0,85.0,0.01184,0.3,degraded
40.23,40.27242,42.91089,-2.63846,-21.07158,-18.41216,-2.65942,3.0061,3.0,85.0,0.0198,0.3,degraded
40.24,39.98806,42.65977,-2.67171,-21.23365,-18.60116,-2.63249,2.999,0.0715,85.0,0.01467,0.3,degraded
40.25,39.7009,42.41412,-2.71322,-21.39333,-18.79066,-2.60267,1.382,3.0,85.0,0.00819,0.3,degraded
40.26,39.411,42.15123,-2.74022,-21.55059,-18.97847,-2.57212,0.3173,3.0,85.0,0.02124,0.3,degraded
40.27,39.11844,41.89313,-2.77469,-21.70544,-19.15728,-2.54816,2.743,2.985,85.0,0.01263,0.3,degraded
40.28,38.82329,41.63312,-2.80984,-21.85786,-19.34057,-2.51729,3.0085,2.9901,85.0,0.01059,0.3,degraded
40.29,38.5256,41.37413,-2.84852,-22.00785,-19.52247,-2.48538,0.4462,2.7447,85.0,0.01231,0.3,degraded
40.3,38.22546,41.10261,-2.87715,-22.15541,-19.70582,-2.44959,2.9933,0.79,85.0,0.00503,0.3,degraded
40.31,37.92293,40.83176,-2.90882,-22.30052,-19.87447,-2.42605,1.6554,2.9983,85.0,0.0154,0.3,degraded
40.32,37.61809,40.55681,-2.93871,-22.44319,-20.05537,-2.38781,0.5574,3.0,85.0,0.0191,0.3,degraded
40.33,37.31101,40.28628,-2.97527,-22.5834,-20.23285,-2.35055,3.0128,3.0,85.0,0.01113,0.3,degraded
40.34,37.00175,39.99953,-2.99778,-22.72116,-20.40293,-2.31823,0.5994,3.0,85.0,0.01131,0.3,degraded
40.35,36.6904,39.7166,-3.02619,-22.85647,-20.57577,-2.2807,2.9803,3.0,85.0,0.01166,0.3,degraded
40.36,36.37703,39.43223,-3.0552,-22.98931,-20.73628,-2.25303,2.2725,3.0,85.0,0.00707,0.3,degraded
40.37,36.06171,39.15029,-3.08858,-23.11969,-20.89274,-2.22695,3.0006,2.9673,85.0,0.00737,0.3,degraded
40.38,35.74452,38.85332,-3.1088,-23.24761,-21.04859,-2.19902,2.058,0.3316,85.0,0.01617,0.3,degraded
40.39,35.42553,38.57527,-3.14974,-23.37307,-21.20161,-2.17146,2.9853,2.9843,85.0,0.00769,0.3,degraded
40.4,35.10481,38.26838,-3.16357,-23.49606,-21.36577,-2.13029,2.9966,1.944,85.0,0.01663,0.3,degraded
40.41,34.78245,37.97327,-3.19082,-23.61659,-21.50853,-2.10806,1.3916,3.0,85.0,0.01913,0.3,degraded
40.42,34.45852,37.67971,-3.22119,-23.73466,-21.67849,-2.05616,3.0251,2.7728,85.0,0.01404,0.3,degraded
40.43,34.13309,37.3862,-3.25311,-23.85026,-21.822,-2.02826,3.0029,2.9875,85.0,0.01494,0.3,degraded
40.44,33.80625,37.07855,-3.27229,-23.96341,-21.98209,-1.98132,3.0148,2.5509,85.0,0.00928,0.3,degraded
40.45,33.47807,36.77859,-3.30051,-24.0741,-22.11394,-1.96016,0.4165,0.073,85.0,0.01395,0.3,degraded
40.46,33.14863,36.46512,-3.31648,-24.18233,-22.26727,-1.91506,2.9984,3.0,85.0,0.01101,0.3,degraded
40.47,32.81801,36.1506,-3.33259,-24.28812,-22.40117,-1.88694,3.0133,2.991,85.0,0.01315,0.3,degraded
40.48,32.48628,35.84184,-3.35557,-24.39146,-22.53838,-1.85308,1.3851,2.9847,85.0,0.0072,0.3,degraded
40.49,32.15352,35.53635,-3.38283,-24.49235,-22.67154,-1.82081,3.0075,1.1215,85.0,0.01415,0.3,degraded
40.5,31.81981,35.20528,-3.38547,-24.59081,-22.79497,-1.79584,0.9705,2.9999,85.0,0.01455,0.3,degraded
40.51,31.48522,34.88484,-3.39962,-24.68685,-22.92346,-1.76338,2.2891,0.5711,85.0,0.0119,0.3,degraded
40.52,31.14985,34.56472,-3.41487,-24.78045,-23.04962,-1.73083,3.0111,2.9993,85.0,0.00933,0.3,degraded
40.53,30.81375,34.25421,-3.44046,-24.87164,-23.16414,-1.7075,3.0026,3.0,85.0,0.0163,0.3,degraded
40.54,30.47702,33.92319,-3.44617,-24.96042,-23.2881,-1.67232,3.0023,1.2612,85.0,0.01182,0.3,degraded
40.55,30.13973,33.60999,-3.47026,-25.04679,-23.40531,-1.64148,2.9793,3.0,85.0,0.00789,0.3,degraded
40.56,29.80195,33.28709,-3.48513,-25.13077,-23.52575,-1.60502,1.1199,0.6839,85.0,0.01705,0.3,degraded
40.57,29.46377,32.97114,-3.50737,-25.21236,-23.63797,-1.5744,3.0076,0.0828,85.0,0.00028,0.3,degraded
40.58,29.12527,32.64456,-3.51929,-25.29158,-23.76336,-1.52822,2.9935,1.1633,85.0,0.0114,0.3,degraded
40.59,28.78651,32.31868,-3.53216,-25.36843,-23.86638,-1.50205,3.0059,1.4111,85.0,0.01865,0.3,degraded
40.6,28.44758,31.98411,-3.53653,-25.44292,-23.97324,-1.46969,2.9894,3.0,85.0,0.00426,0.3,degraded
40.61,28.10856,31.66305,-3.55449,-25.51507,-24.07771,-1.43736,2.9771,3.0,85.0,0.01568,0.3,degraded
40.62,27.76951,31.33571,-3.5662,-25.58488,-24.18273,-1.40215,2.922,1.1446,85.0,0.00637,0.3,degraded
40.63,27.43053,31.00861,-3.57808,-25.65236,-24.28676,-1.3656,3.0003,1.34,85.0,0.01086,0.3,degraded
40.64,27.09167,30.66485,-3.57317,-25.71754,-24.38348,-1.33405,3.0027,2.9747,85.0,0.01019,0.3,degraded
40.65,26.75303,30.33641,-3.58339,-25.78041,-24.47139,-1.30902,0.7971,0.0129,85.0,0.02012,0.3,degraded
40.66,26.41466,29.99129,-3.57662,-25.841,-24.57643,-1.26457,2.9695,1.654,85.0,0.01102,0.3,degraded
40.67,26.07666,29.65765,-3.58099,-25.89932,-24.65679,-1.24253,2.9925,3.0,85.0,0.00117,0.3,degraded
40.68,25.73908,29.31748,-3.57839,-25.95538,-24.74914,-1.20624,2.5174,3.0,85.0,0.01225,0.3,degraded
40.69,25.40201,28.99142,-3.5894,-26.00919,-24.80596,-1.20322,2.9895,3.0,85.0,0.01678,0.3,degraded
40.7,25.06552,28.65796,-3.59244,-26.06077,-24.88919,-1.17157,2.9959,3.0,85.0,0.00992,0.3,degraded
40.71,24.72969,28.32263,-3.59295,-26.11013,-24.95636,-1.15377,3.0151,3.0,85.0,0.02457,0.3,degraded
40.72,24.39457,27.9887,-3.59413,-26.1573,-25.02099,-1.13631,1.3338,2.9856,85.0,0.0018,0.3,degraded
40.73,24.06025,27.66403,-3.60379,-26.20228,-25.07848,-1.1238,3.0055,3.0,85.0,0.0,0.3,degraded
40.74,23.72679,27.33342,-3.60663,-26.2451,-25.14246,-1.10264,2.9971,3.0,85.0,0.00537,0.3,degraded
40.75,23.39426,27.00409,-3.60983,-26.28576,-25.19964,-1.08612,2.9889,3.0,85.0,0.00599,0.3,degraded
40.76,23.06274,26.65301,-3.59026,-26.32429,-25.26322,-1.06107,3.024,2.9793,85.0,0.0,0.3,degraded
40.77,22.7323,26.33033,-3.59804,-26.3607,-25.3204,-1.0403,2.9935,2.9898,85.0,0.00788,0.3,degraded
40.78,22.40299,25.99041,-3.58742,-26.39502,-25.38241,-1.01261,3.0004,3.0,85.0,0.00336,0.3,degraded
40.79,22.07488,25.66361,-3.58873,-26.42725,-25.43847,-0.98878,2.9745,3.0,85.0,0.00025,0.3,degraded
40.8,21.74805,25.32909,-3.58103,-26.45743,-25.50086,-0.95657,0.1532,2.9824,85.0,0.00333,0.3,degraded
40.81,21.42256,25.00116,-3.5786,-26.48556,-25.55706,-0.9285,3.0157,2.9931,85.0,0.00729,0.3,degraded
40.82,21.09847,24.66786,-3.56939,-26.51166,-25.62061,-0.89105,1.3966,3.0,85.0,0.0,0.3,degraded
40.83,20.77584,24.33365,-3.55781,-26.53576,-25.67743,-0.85834,0.7852,3.0,85.0,0.00921,0.3,degraded
40.84,20.45475,23.9914,-3.53665,-26.55788,-25.74088,-0.817,2.9886,2.9981,85.0,0.00453,0.3,degraded
40.85,20.13524,23.66328,-3.52804,-26.57804,-25.80113,-0.7769,2.9911,2.9957,85.0,0.00263,0.3,degraded
40.86,19.81738,23.31811,-3.50073,-26.59625,-25.86747,-0.72878,3.0164,3.0,85.0,0.00329,0.3,degraded
40.87,19.50122,22.99985,-3.49863,-26.61253,-25.9263,-0.68623,2.998,2.9971,85.0,0.01785,0.3,degraded
40.88,19.18684,22.67163,-3.48479,-26.62692,-25.99185,-0.63507,2.2346,3.0,85.0,0.00255,0.3,degraded
40.89,18.87428,22.34961,-3.47533,-26.63943,-26.0503,-0.58912,3.0066,2.9983,85.0,0.00968,0.3,degraded
40.9,18.5636,22.02269,-3.45909,-26.65007,-26.11474,-0.53533,3.0033,3.0,85.0,0.0101,0.3,degraded
40.91,18.25485,21.71378,-3.45892,-26.65889,-26.17335,-0.48553,3.0024,2.9685,85.0,0.00278,0.3,degraded
40.92,17.9481,21.38208,-3.43398,-26.66588,-26.24059,-0.4253,3.0078,3.0,85.0,0.00287,0.3,degraded
40.93,17.64339,21.07088,-3.42749,-26.67109,-26.30037,-0.37072,3.0049,2.9971,85.0,0.01313,0.3,degraded
40.94,17.34077,20.75709,-3.41632,-26.67453,-26.36515,-0.30937,0.6127,3.0,85.0,0.00494,0.3,degraded
40.95,17.0403,20.43217,-3.39187,-26.67622,-26.4236,-0.25261,3.0159,2.9754,85.0,0.00832,0.3,degraded
40.96,16.74202,20.10846,-3.36644,-26.67618,-26.48675,-0.18944,2.1183,3.0,85.0,0.01139,0.3,degraded
40.97,16.44599,19.80145,-3.35546,-26.67445,-26.54224,-0.13222,1.1398,2.989,85.0,0.00385,0.3,degraded
40.98,16.15224,19.49454,-3.3423,-26.67105,-26.60363,-0.06741,0.5242,2.9847,85.0,0.00285,0.3,degraded
40.99,15.86083,19.18543,-3.3246,-26.66599,-26.65745,-0.00854,3.0076,2.9946,85.0,0.01527,0.3,degraded
41.0,15.5718,18.88011,-3.30832,-26.6593,-26.71064,0.05134,3.0137,2.9858,85.0,0.00241,0.3,degraded
41.01,15.28519,18.57602,-3.29084,-26.65101,-26.75195,0.10095,0.4617,2.9942,85.0,0.00083,0.3,degraded
41.02,15.00104,18.25987,-3.25883,-26.64114,-26.79415,0.15301,3.0011,3.0,85.0,0.00904,0.3,degraded
41.03,14.7194,17.95116,-3.23176,-26.62971,-26.82584,0.19612,3.0152,2.9954,85.0,0.01013,0.3,degraded
41.04,14.4403,17.63721,-3.19691,-26.61676,-26.85851,0.24175,2.9804,3.0,85.0,0.00294,0.3,degraded
41.05,14.16378,17.34728,-3.1835,-26.6023,-26.87997,0.27767,0.0657,2.9754,85.0,0.01179,0.3,degraded
41.06,13.88988,17.03747,-3.14759,-26.58636,-26.90196,0.3156,3.0017,2.9881,85.0,0.00742,0.3,degraded
41.07,13.61863,16.74882,-3.13019,-26.56897,-26.91297,0.34401,2.0878,2.9899,85.0,0.00144,0.3,degraded
41.08,13.35007,16.4591,-3.10904,-26.55014,-26.92816,0.37802,0.2304,3.0,85.0,0.01614,0.3,degraded
41.09,13.08422,16.17048,-3.08626,-26.52991,-26.93359,0.40368,3.0067,3.0,85.0,0.00812,0.3,degraded
41.1,12.82112,15.87951,-3.05839,-26.5083,-26.94146,0.43316,2.9935,3.0,85.0,0.00142,0.3,degraded
41.11,12.5608,15.60089,-3.04009,-26.48534,-26.93908,0.45374,2.9849,3.0,85.0,0.00856,0.3,degraded
41.12,12.30328,15.31765,-3.01437,-26.46105,-26.94129,0.48023,2.9847,2.9914,85.0,0.01068,0.3,degraded
41.13,12.0486,15.0416,-2.99301,-26.43546,-26.93356,0.4981,3.001,3.0,85.0,0.0,0.3,degraded
41.14,11.79677,14.76399,-2.96722,-26.4086,-26.92861,0.52002,2.9856,3.0,85.0,0.00679,0.3,degraded
41.15,11.54782,14.47834,-2.93052,-26.38048,-26.91585,0.53537,2.9962,2.996,85.0,0.0058,0.3,degraded
41.16,11.30177,14.19958,-2.89781,-26.35114,-26.90358,0.55244,1.5236,2.9817,85.0,0.0,0.3,degraded
41.17,11.05864,13.92594,-2.86729,-26.3206,-26.8849,0.56431,3.0006,2.9788,85.0,0.00642,0.3,degraded
41.18,10.81846,13.66624,-2.84779,-26.28888,-26.87058,0.5817,3.0059,2.9933,85.0,0.00633,0.3,degraded
41.19,10.58123,13.40246,-2.82123,-26.25602,-26.8488,0.59277,1.6872,3.0,85.0,0.0037,0.3,degraded
41.2,10.34697,13.14232,-2.79534,-26.22204,-26.83088,0.60884,3.0193,3.0,85.0,0.01177,0.3,degraded
41.21,10.11571,12.88045,-2.76474,-26.18697,-26.80581,0.61884,2.9926,2.9984,85.0,0.01105,0.3,degraded
41.22,9.88744,12.61653,-2.72909,-26.15083,-26.78397,0.63314,1.0858,3.0,85.0,0.00872,0.3,degraded
41.23,9.66219,12.36347,-2.70128,-26.11364,-26.75237,0.63873,2.9957,2.9996,85.0,0.00201,0.3,degraded
41.24,9.43996,12.11437,-2.67441,-26.07544,-26.72787,0.65243,2.9945,3.0,85.0,0.00779,0.3,degraded
41.25,9.22075,11.87752,-2.65676,-26.03625,-26.69501,0.65876,3.0057,2.9777,85.0,0.00018,0.3,degraded
41.26,9.00459,11.63442,-2.62983,-25.99609,-26.66734,0.67125,2.9787,2.9845,85.0,0.00244,0.3,degraded
41.27,8.79147,11.38491,-2.59344,-25.955,-26.63224,0.67724,2.9754,3.0,85.0,0.00944,0.3,degraded
41.28,8.58139,11.14393,-2.56254,-25.91299,-26.60147,0.68848,0.9661,3.0,85.0,0.0032,0.3,degraded
41.29,8.37436,10.91147,-2.53711,-25.87009,-26.56443,0.69434,3.0079,2.987,85.0,0.00115,0.3,degraded
41.3,8.17038,10.67485,-2.50446,-25.82634,-26.53017,0.70383,0.3897,2.9978,85.0,0.01424,0.3,degraded
41.31,7.96945,10.4423,-2.47285,-25.78174,-26.48943,0.70769,3.0016,3.0,85.0,0.00666,0.3,degraded
41.32,7.77156,10.20766,-2.4361,-25.73634,-26.45355,0.71722,2.9932,3.0,85.0,0.009,0.3,degraded
41.33,7.57672,9.98193,-2.40522,-25.69015,-26.40692,0.71677,3.0523,3.0,85.0,0.01184,0.3,degraded
41.34,7.38491,9.75285,-2.36795,-25.6432,-26.36629,0.72309,0.0732,2.9969,85.0,0.00613,0.3,degraded
41.35,7.19613,9.52682,-2.33069,-25.59552,-26.31885,0.72333,2.9986,3.0,85.0,0.00341,0.3,degraded
41.36,7.01037,9.29989,-2.28953,-25.54712,-26.2776,0.73048,3.0142,2.9925,85.0,0.00994,0.3,degraded
41.37,6.82762,9.0906,-2.26298,-25.49804,-26.23061,0.73257,2.9696,3.0,85.0,0.01223,0.3,degraded
41.38,6.64787,8.88466,-2.23679,-25.4483,-26.18981,0.74151,3.0006,2.9892,85.0,0.00879,0.3,degraded
41.39,6.4711,8.68354,-2.21244,-25.39793,-26.14346,0.74553,3.0188,3.0,85.0,0.00805,0.3,degraded
41.4,6.29731,8.47215,-2.17484,-25.34694,-26.10176,0.75482,0.6305,3.0,85.0,0.01321,0.3,degraded
41.41,6.12648,8.26558,-2.1391,-25.29536,-26.05376,0.7584,2.3168,2.993,85.0,0.00427,0.3,degraded
41.42,5.95858,8.06541,-2.10683,-25.24323,-26.00888,0.76565,3.0146,3.0,85.0,0.01915,0.3,degraded
41.43,5.7936,7.88053,-2.08693,-25.19055,-25.95648,0.76593,3.011,3.0,85.0,0.01235,0.3,degraded
41.44,5.63153,7.68244,-2.05091,-25.13735,-25.91104,0.77369,2.053,3.0,85.0,0.0,0.3,degraded
41.45,5.47233,7.5021,-2.02977,-25.08367,-25.85558,0.77191,2.1463,3.0,85.0,0.01105,0.3,degraded
41.46,5.31598,7.3142,-1.99821,-25.02951,-25.80786,0.77835,0.7947,2.9922,85.0,0.00368,0.3,degraded
41.47,5.16247,7.13818,-1.97571,-24.97491,-25.75282,0.77791,2.3641,3.0,85.0,0.00472,0.3,degraded
41.48,5.01176,6.9471,-1.93534,-24.91989,-25.7034,0.78351,2.9927,3.0,85.0,0.01313,0.3,degraded
41.49,4.86383,6.76522,-1.90138,-24.86446,-25.64759,0.78313,1.3173,3.0,85.0,0.00798,0.3,degraded
41.5,4.71865,6.59418,-1.87552,-24.80866,-25.59821,0.78955,3.0074,2.9988,85.0,0.002,0.3,degraded
41.51,4.57619,6.42513,-1.84894,-24.7525,-25.54259,0.79009,2.9934,3.0,85.0,0.00303,0.3,degraded
41.52,4.43642,6.25096,-1.81454,-24.69601,-25.49312,0.79711,2.992,2.9835,85.0,0.00437,0.3,degraded
41.53,4.29931,6.08208,-1.78277,-24.6392,-25.43795,0.79875,0.6375,3.0,85.0,0.00255,0.3,degraded
41.54,4.16481,5.91531,-1.7505,-24.5821,-25.38722,0.80512,1.3743,2.9949,85.0,0.00164,0.3,degraded
41.55,4.03291,5.75327,-1.72036,-24.52473,-25.33114,0.80641,0.82,2.9721,85.0,0.00488,0.3,degraded
41.56,3.90355,5.5877,-1.68415,-24.46711,-25.27887,0.81177,2.9928,3.0,85.0,0.00089,0.3,degraded
41.57,3.77671,5.43589,-1.65918,-24.40926,-25.21694,0.80768,2.9964,2.9944,85.0,0.00114,0.3,degraded
41.58,3.65234,5.27981,-1.62747,-24.3512,-25.1639,0.8127,0.7631,2.9915,85.0,0.00936,0.3,degraded
41.59,3.53041,5.12856,-1.59816,-24.29295,-25.10321,0.81026,3.0053,3.0,85.0,0.00028,0.3,degraded
41.6,3.41087,4.97184,-1.56097,-24.23453,-25.04815,0.81362,1.0751,2.9992,85.0,0.00366,0.3,degraded
41.61,3.29368,4.83053,-1.53685,-24.17596,-24.98719,0.81123,2.4023,2.9931,85.0,0.0079,0.3,degraded
41.62,3.1788,4.68454,-1.50574,-24.11725,-24.93301,0.81575,3.0054,3.0,85.0,0.001,0.3,degraded
41.63,3.06618,4.54427,-1.47809,-24.05844,-24.87138,0.81295,3.0068,2.988,85.0,0.00241,0.3,degraded
41.64,2.95578,4.39722,-1.44144,-23.99952,-24.81819,0.81867,1.1838,2.9844,85.0,0.00911,0.3,degraded
41.65,2.84755,4.27063,-1.42308,-23.94053,-24.75822,0.81769,0.3954,2.9863,85.0,0.01012,0.3,degraded
41.66,2.74145,4.1262,-1.38475,-23.88148,-24.70463,0.82315,2.9977,2.987,85.0,0.00904,0.3,degraded
41.67,2.63742,3.99623,-1.35881,-23.82238,-24.63647,0.81409,2.445,2.9807,85.0,0.00784,0.3,degraded
41.68,2.53541,3.85447,-1.31906,-23.76326,-24.57606,0.8128,2.9953,2.9954,85.0,0.00852,0.3,degraded
41.69,2.43538,3.73718,-1.3018,-23.70413,-24.5098,0.80567,3.0004,2.9784,85.0,0.00782,0.3,degraded
41.7,2.33727,3.5961,-1.25883,-23.64501,-24.45168,0.80667,2.9846,3.0,85.0,0.01239,0.3,degraded
41.71,2.24103,3.48874,-1.24771,-23.5859,-24.38748,0.80158,3.0035,2.9871,85.0,0.00303,0.3,degraded
41.72,2.1466,3.36312,-1.21652,-23.52683,-24.33024,0.8034,1.2827,3.0,85.0,0.00593,0.3,degraded
41.73,2.05394,3.25528,-1.20134,-23.46782,-24.2677,0.79988,3.0046,3.0,85.0,0.00619,0.3,degraded
41.74,1.96298,3.14258,-1.1796,-23.40887,-24.21185,0.80298,0.6837,3.0,85.0,0.00406,0.3,degraded
41.75,1.87368,3.03438,-1.16071,-23.35,-24.14929,0.79929,2.0886,3.0,85.0,0.00239,0.3,degraded
41.76,1.78597,2.92452,-1.13855,-23.29123,-24.09129,0.80007,2.2114,2.9889,85.0,0.01819,0.3,degraded
41.77,1.69979,2.83261,-1.13282,-23.23256,-24.02689,0.79433,2.9993,2.9967,85.0,0.01603,0.3,degraded
41.78,1.61509,2.72455,-1.10946,-23.17401,-23.96791,0.7939,2.5907,3.0,85.0,0.00889,0.3,degraded
41.79,1.53181,2.62019,-1.08838,-23.1156,-23.90344,0.78784,2.9771,2.9841,85.0,0.0112,0.3,degraded
41.8,1.44989,2.52427,-1.07438,-23.05733,-23.84752,0.79019,3.0024,2.9933,85.0,0.00561,0.3,degraded
41.81,1.36926,2.41899,-1.04973,-22.99922,-23.78736,0.78814,3.0182,2.9967,85.0,0.00253,0.3,degraded
41.82,1.28988,2.31841,-1.02854,-22.94127,-23.7335,0.79223,2.0381,2.9907,85.0,0.0073,0.3,degraded
41.83,1.21167,2.2306,-1.01893,-22.88351,-23.67268,0.78918,3.0127,3.0,85.0,0.01798,0.3,degraded
41.84,1.13457,2.13905,-1.00448,-22.82593,-23.61647,0.79054,3.0004,2.9936,85.0,0.0,0.3,degraded
41.85,1.05852,2.03832,-0.97979,-22.76855,-23.55529,0.78674,2.9998,3.0,85.0,0.00315,0.3,degraded
41.86,0.98346,1.9442,-0.96074,-22.71139,-23.50091,0.78952,3.0064,3.0,85.0,0.00973,0.3,degraded
41.87,0.90933,1.84431,-0.93498,-22.65444,-23.43989,0.78545,2.9871,2.9824,85.0,0.00512,0.3,degraded
41.88,0.83605,1.75985,-0.92379,-22.59771,-23.38791,0.7902,3.0185,3.0,85.0,0.01826,0.3,degraded
41.89,0.76357,1.68421,-0.92064,-22.54122,-23.32968,0.78846,2.8946,2.9939,85.0,0.01017,0.3,degraded
41.9,0.69182,1.59471,-0.90288,-22.48497,-23.27773,0.79276,1.8834,2.9974,85.0,0.00674,0.3,degraded
41.91,0.62074,1.51749,-0.89675,-22.42898,-23.2173,0.78833,2.9964,2.9909,85.0,0.00188,0.3,degraded
41.92,0.55025,1.42732,-0.87706,-22.37323,-23.16302,0.78979,2.981,2.9881,85.0,0.01206,0.3,degraded
41.93,0.4803,1.34834,-0.86803,-22.31776,-23.10425,0.78649,2.9753,3.0,85.0,0.00177,0.3,degraded
41.94,0.41082,1.25793,-0.84711,-22.26255,-23.05217,0.78962,3.0109,2.9945,85.0,0.01087,0.3,degraded
41.95,0.34173,1.18901,-0.84727,-22.20761,-22.99352,0.78591,3.003,2.9659,85.0,0.01587,0.3,degraded
41.96,0.27299,1.12277,-0.84978,-22.15296,-22.9402,0.78724,3.0175,3.0,85.0,0.00036,0.3,degraded
41.97,0.20451,1.0415,-0.83699,-22.09859,-22.87919,0.7806,3.0111,3.0,85.0,0.01051,0.3,degraded
41.98,0.13623,0.96222,-0.82599,-22.04451,-22.82403,0.77952,3.0028,3.0,85.0,0.01788,0.3,degraded
41.99,0.06808,0.89681,-0.82873,-21.99072,-22.76367,0.77295,2.9997,3.0,85.0,0.01927,0.3,degraded
42.0,-36.52404,0.81056,-37.3346,26.63485,-22.71014,49.34499,3.0173,3.0,85.0,0.20415,0.3,degraded
42.01,-36.52404,0.11968,-36.64372,26.63485,-22.05355,48.6884,3.0039,3.0,85.0,0.3,0.3,degraded
42.02,-36.52404,-1.45726,-35.06678,26.63485,-20.44067,47.07552,3.0165,2.999,85.0,0.3,0.3,degraded
42.03,-36.52404,-3.90627,-32.61777,26.63485,-17.86052,44.49538,3.0073,2.9828,85.0,0.22088,0.3,degraded
42.04,-36.52404,-6.93805,-29.58599,26.63485,-14.53765,41.1725,3.0083,3.0,85.0,0.01511,0.3,degraded
42.05,-36.52404,-9.73479,-26.78925,26.63485,-11.37695,38.0118,2.9872,3.0,85.0,0.09675,0.3,degraded
42.06,-36.52404,-12.28879,-24.23525,26.63485,-8.43472,35.06957,3.0105,3.0,85.0,0.0873,0.3,degraded
42.07,-36.52404,-14.60843,-21.91561,26.63485,-5.71179,32.34664,3.0249,2.9934,85.0,0.08725,0.3,degraded
42.08,-36.52404,-16.73704,-19.78699,26.63485,-3.19666,29.83152,2.3039,2.9987,85.0,0.08119,0.3,degraded
42.09,-36.52404,-18.66892,-17.85512,26.63485,-0.87682,27.51167,2.1585,2.9964,85.0,0.0707,0.3,degraded
42.1,-36.52404,-20.42338,-16.10066,26.63485,1.23662,25.39823,3.0133,2.6601,85.0,0.06778,0.3,degraded
42.11,-36.52404,-22.01968,-14.50436,26.63485,3.20043,23.43442,2.9955,2.9838,85.0,0.06121,0.3,degraded
42.12,-36.52404,-23.47194,-13.0521,26.63485,5.01117,21.62368,3.0284,3.0,85.0,0.05443,0.3,degraded
42.13,-36.52404,-24.76625,-11.75778,26.63485,6.70329,19.93156,3.0081,3.0,85.0,0.05749,0.3,degraded
42.14,-36.52404,-25.91899,-10.60505,26.63485,8.26406,18.37079,3.0407,2.9968,85.0,0.04674,0.3,degraded
42.15,-36.52404,-26.96762,-9.55642,26.63485,9.71914,16.91571,2.9951,2.9997,85.0,0.03703,0.3,degraded
42.16,-36.52404,-27.91814,-8.6059,26.63485,11.06475,15.5701,2.9971,2.9956,85.0,0.0406,0.3,degraded
42.17,-36.52404,-28.78543,-7.73861,26.63485,12.31389,14.32096,2.9975,2.997,85.0,0.04,0.3,degraded
42.18,-36.52404,-29.58319,-6.94085,26.63485,13.44192,13.19294,3.0036,2.9982,85.0,0.0324,0.3,degraded
42.19,-36.52404,-30.29851,-6.22553,26.63485,14.52037,12.11448,3.0199,2.9901,85.0,0.03052,0.3,degraded
42.2,-36.52404,-30.94683,-5.57721,26.63485,15.50075,11.1341,2.9866,2.9775,85.0,0.02396,0.3,degraded
42.21,-36.52404,-31.5379,-4.98614,26.63485,16.40991,10.22494,3.021,0.2714,85.0,0.01763,0.3,degraded
42.22,-36.52404,-32.07739,-4.44664,26.63485,17.2568,9.37806,3.013,3.0,85.0,0.0191,0.3,degraded
42.23,-36.52404,-32.55278,-3.97126,26.63485,18.03106,8.60379,3.0118,3.0,85.0,0.02835,0.3,degraded
42.24,-36.52404,-32.99271,-3.53133,26.63485,18.74069,7.89416,1.5469,3.0,85.0,0.04018,0.3,degraded
42.25,-36.52404,-33.37798,-3.14605,26.63485,19.40359,7.23126,2.3677,3.0,85.0,0.01865,0.3,degraded
42.26,-36.52404,-33.74663,-2.77741,26.63485,20.00581,6.62904,3.0023,1.3097,85.0,0.01639,0.3,degraded
42.27,-36.52404,-34.06622,-2.45782,26.63485,20.56198,6.07287,3.0138,1.7884,85.0,0.01847,0.3,degraded
42.28,-36.52404,-34.36744,-2.1566,26.63485,21.08031,5.55454,2.9853,3.0,85.0,0.01415,0.3,degraded
42.29,-36.52404,-34.63803,-1.886,26.63485,21.55276,5.08209,0.8297,2.6171,85.0,0.02751,0.3,degraded
42.3,-36.52404,-34.87902,-1.64502,26.63485,21.99648,4.63837,3.0084,2.5605,85.0,0.00995,0.3,degraded
42.31,-36.52404,-35.08942,-1.43462,26.63485,22.41575,4.2191,3.0032,2.9961,85.0,0.00887,0.3,degraded
42.32,-36.52404,-35.28494,-1.2391,26.63485,22.79219,3.84266,2.301,3.0,85.0,0.01469,0.3,degraded
42.33,-36.52404,-35.44906,-1.07498,26.63485,23.1442,3.49065,3.0029,2.9934,85.0,0.01056,0.3,degraded
42.34,-36.52404,-35.61714,-0.9069,26.63485,23.46071,3.17414,2.9878,3.0,85.0,0.01258,0.3,degraded
42.35,-36.52404,-35.74655,-0.77749,26.63485,23.76241,2.87244,2.9878,2.986,85.0,0.02692,0.3,degraded
42.36,-36.52404,-35.87301,-0.65102,26.63485,24.02864,2.60621,2.1656,3.0,85.0,0.01382,0.3,degraded
42.37,-36.52404,-35.9771,-0.54694,26.63485,24.28657,2.34829,2.9899,1.7917,85.0,0.0121,0.3,degraded
42.38,-36.52404,-36.0895,-0.43454,26.63485,24.50529,2.12956,3.0055,2.9971,85.0,0.03405,0.3,degraded
42.39,-36.52404,-36.16954,-0.3545,26.63485,24.71957,1.91528,2.5625,3.0,85.0,0.02047,0.3,degraded
42.4,-36.52404,-36.25538,-0.26865,26.63485,24.90175,1.7331,2.9904,2.9823,85.0,0.00951,0.3,degraded
42.41,-36.52404,-36.3101,-0.21394,26.63485,25.08897,1.54588,3.0082,3.0,85.0,0.00566,0.3,degraded
42.42,-36.52404,-36.37132,-0.15272,26.63485,25.24258,1.39227,3.0103,3.0,85.0,0.00633,0.3,degraded
42.43,-36.52404,-36.42682,-0.09722,26.63485,25.3912,1.24365,3.0156,2.9761,85.0,0.0,0.3,degraded
42.44,-36.52404,-36.48855,-0.03548,26.63485,25.52686,1.10799,3.0251,3.0,85.0,0.00451,0.3,degraded
42.45,-36.52404,-36.54421,0.02017,26.63485,25.65425,0.9806,2.9834,1.3961,85.0,0.01081,0.3,degraded
42.46,-36.52404,-36.60478,0.08075,26.63485,25.76492,0.86993,2.9858,1.546,85.0,0.00147,0.3,degraded
42.47,-36.52404,-36.66037,0.13633,26.63485,25.87039,0.76446,3.0035,0.9009,85.0,0.01952,0.3,degraded
42.48,-36.52404,-36.72085,0.19681,26.63485,25.96004,0.67481,2.9941,2.9902,85.0,0.00336,0.3,degraded
42.49,-36.52404,-36.77476,0.25072,26.63485,26.06524,0.56961,3.0017,3.0,85.0,0.01442,0.3,degraded
42.5,-36.52404,-36.83579,0.31175,26.63485,26.14804,0.48681,3.0099,3.0,85.0,0.00386,0.3,degraded
42.51,-36.52404,-36.89063,0.3666,26.63485,26.21469,0.42017,2.9797,2.9735,85.0,0.00857,0.3,degraded
42.52,-36.52404,-36.9437,0.41967,26.63485,26.26903,0.36583,3.021,2.976,85.0,0.0,0.3,degraded
42.53,-36.52404,-36.98347,0.45943,26.63485,26.32925,0.3056,3.0056,2.9986,85.0,0.00371,0.3,degraded
42.54,-36.52404,-37.02388,0.49984,26.63485,26.38289,0.25196,3.0006,3.0,85.0,0.0054,0.3,degraded
42.55,-36.52404,-37.04725,0.52322,26.63485,26.44314,0.19171,3.0146,2.9859,85.0,0.0,0.3,degraded
42.56,-36.52404,-37.07612,0.55208,26.63485,26.49727,0.13758,2.9976,2.9941,85.0,0.00226,0.3,degraded
42.57,-36.52404,-37.09069,0.56665,26.63485,26.55826,0.07659,2.9837,2.9973,85.0,0.00558,0.3,degraded
42.58,-36.52404,-37.10798,0.58395,26.63485,26.61381,0.02104,3.0026,2.9924,85.0,0.0,0.3,degraded
42.59,-36.52404,-37.11929,0.59525,26.63485,26.67514,-0.04029,2.9969,2.9956,85.0,0.00106,0.3,degraded
42.6,-36.52404,-37.13019,0.60616,26.63485,26.72999,-0.09513,3.0143,2.9971,85.0,0.005,0.3,degraded
42.61,-36.52404,-37.13499,0.61095,26.63485,26.79007,-0.15522,3.0111,3.0,85.0,0.0,0.3,degraded
42.62,-36.52404,-37.14182,0.61779,26.63485,26.84312,-0.20827,2.9793,2.9971,85.0,0.00066,0.3,degraded
42.63,-36.52404,-37.13977,0.61573,26.63485,26.90112,-0.26626,2.9892,2.9838,85.0,0.00554,0.3,degraded
42.64,-36.52404,-37.14262,0.61858,26.63485,26.94966,-0.31481,2.997,2.9839,85.0,0.0,0.3,degraded
42.65,-36.52404,-37.13753,0.61349,26.63485,27.00161,-0.36676,3.0152,3.0,85.0,0.0,0.3,degraded
42.66,-36.52404,-37.13817,0.61413,26.63485,27.04598,-0.41113,3.0244,2.9913,85.0,0.00546,0.3,degraded
42.67,-36.52404,-37.13109,0.60705,26.63485,27.09268,-0.45782,2.9839,3.0,85.0,0.00128,0.3,degraded
42.68,-36.52404,-37.12893,0.6049,26.63485,27.12411,-0.48926,3.0063,3.0,85.0,8e-05,0.3,degraded
42.69,-36.52404,-37.11813,0.59409,26.63485,27.16038,-0.52553,2.9984,2.9973,85.0,0.00512,0.3,degraded
42.7,-36.52404,-37.11304,0.589,26.63485,27.1844,-0.54955,3.0076,2.9713,85.0,0.00111,0.3,degraded
42.71,-36.52404,-37.10111,0.57707,26.63485,27.21075,-0.5759,2.9897,3.0,85.0,0.0,0.3,degraded
42.72,-36.52404,-37.09522,0.57118,26.63485,27.22764,-0.59279,3.004,2.9982,85.0,0.00549,0.3,degraded
42.73,-36.52404,-37.082,0.55796,26.63485,27.24617,-0.61132,2.9738,2.9975,85.0,0.00215,0.3,degraded
42.74,-36.52404,-37.07468,0.55064,26.63485,27.25585,-0.621,3.0117,2.9538,85.0,0.0,0.3,degraded
42.75,-36.52404,-37.061,0.53696,26.63485,27.26518,-0.63033,2.9924,2.9971,85.0,0.00426,0.3,degraded
42.76,-36.52404,-37.05345,0.52941,26.63485,27.26649,-0.63164,2.9902,3.0,85.0,0.00191,0.3,degraded
42.77,-36.52404,-37.03951,0.51547,26.63485,27.27501,-0.64016,3.0065,3.0,85.0,0.0,0.3,degraded
42.78,-36.52404,-37.03178,0.50774,26.63485,27.26979,-0.63494,2.9861,2.9998,85.0,0.00415,0.3,degraded
42.79,-36.52404,-37.01473,0.49069,26.63485,27.27014,-0.63528,3.018,3.0,85.0,0.00294,0.3,degraded
42.8,-36.52404,-36.99919,0.47515,26.63485,27.26451,-0.62966,2.9811,2.9952,85.0,0.0,0.3,degraded
42.81,-36.52404,-36.97739,0.45335,26.63485,27.26627,-0.63142,3.005,2.9956,85.0,0.00295,0.3,degraded
42.82,-36.52404,-36.96069,0.43665,26.63485,27.2606,-0.62574,2.9947,3.0,85.0,0.0034,0.3,degraded
42.83,-36.52404,-36.93758,0.41354,26.63485,27.25937,-0.62452,2.9942,3.0,85.0,0.0,0.3,degraded
42.84,-36.52404,-36.91967,0.39563,26.63485,27.2509,-0.61605,2.9909,3.0,85.0,0.00261,0.3,degraded
42.85,-36.52404,-36.89672,0.37268,26.63485,27.24649,-0.61163,3.0008,2.9954,85.0,0.00367,0.3,degraded
42.86,-36.52404,-36.88052,0.35648,26.63485,27.23397,-0.59912,2.9932,3.0,85.0,0.0,0.3,degraded
42.87,-36.52404,-36.85693,0.3329,26.63485,27.22772,-0.59287,3.0148,3.0,85.0,0.00225,0.3,degraded
42.88,-36.52404,-36.84031,0.31627,26.63485,27.21268,-0.57783,2.9953,2.9947,85.0,0.00437,0.3,degraded
42.89,-36.52404,-36.81673,0.2927,26.63485,27.20234,-0.56749,2.9806,3.0,85.0,0.0,0.3,degraded
42.9,-36.52404,-36.80065,0.27661,26.63485,27.18582,-0.55097,3.0278,2.9856,85.0,0.00115,0.3,degraded
42.91,-36.52404,-36.7773,0.25326,26.63485,27.17358,-0.53873,2.9917,3.0,85.0,0.00427,0.3,degraded
42.92,-36.52404,-36.7606,0.23656,26.63485,27.15729,-0.52244,2.9954,3.0,85.0,0.0,0.3,degraded
42.93,-36.52404,-36.73788,0.21384,26.63485,27.14791,-0.51305,3.0103,3.0,85.0,0.00051,0.3,degraded
42.94,-36.52404,-36.71984,0.1958,26.63485,27.1314,-0.49655,2.979,2.9756,85.0,0.00426,0.3,degraded
42.95,-36.52404,-36.69652,0.17248,26.63485,27.12259,-0.48774,3.0028,2.9878,85.0,0.0,0.3,degraded
42.96,-36.52404,-36.67971,0.15567,26.63485,27.10816,-0.47331,2.9946,3.0,85.0,0.00063,0.3,degraded
42.97,-36.52404,-36.65849,0.13445,26.63485,27.10113,-0.46628,2.9826,3.0,85.0,0.00496,0.3,degraded
42.98,-36.52404,-36.64542,0.12139,26.63485,27.08843,-0.45358,3.0057,2.9927,85.0,1e-05,0.3,degraded
42.99,-36.52404,-36.62693,0.10289,26.63485,27.0817,-0.44685,3.0126,2.9947,85.0,0.0,0.3,degraded
43.0,-36.52404,-36.61622,0.09218,26.63485,27.06764,-0.43279,3.0016,2.9828,85.0,0.0043,0.3,degraded
43.01,-36.52404,-36.59843,0.07439,26.63485,27.05979,-0.42494,2.9693,3.0,85.0,0.00011,0.3,degraded
43.02,-36.52404,-36.58629,0.06225,26.63485,27.0466,-0.41175,3.006,2.9965,85.0,0.0,0.3,degraded
43.03,-36.52404,-36.5656,0.04156,26.63485,27.04035,-0.4055,3.0031,2.9948,85.0,0.00426,0.3,degraded
43.04,-36.52404,-36.54998,0.02594,26.63485,27.02615,-0.3913,2.9971,2.9905,85.0,0.00107,0.3,degraded
43.05,-36.52404,-36.52664,0.0026,26.63485,27.0187,-0.38385,2.9952,3.0,85.0,0.0,0.3,degraded
43.06,-36.52404,-36.50918,-0.01486,26.63485,27.00568,-0.37083,3.0021,2.9966,85.0,0.0041,0.3,degraded
43.07,-36.52404,-36.48634,-0.03769,26.63485,27.00046,-0.36561,2.9993,2.9857,85.0,0.00114,0.3,degraded
43.08,-36.52404,-36.46995,-0.05409,26.63485,26.98952,-0.35467,3.0039,3.0,85.0,0.0,0.3,degraded
43.09,-36.52404,-36.44875,-0.07529,26.63485,26.98522,-0.35037,2.9876,3.0,85.0,0.00421,0.3,degraded
43.1,-36.52404,-36.43431,-0.08973,26.63485,26.97445,-0.3396,2.9962,2.9905,85.0,0.00184,0.3,degraded
43.11,-36.52404,-36.41347,-0.11057,26.63485,26.96974,-0.33489,3.0299,3.0,85.0,0.0,0.3,degraded
43.12,-36.52404,-36.3995,-0.12454,26.63485,26.95865,-0.32379,3.011,3.0,85.0,0.00386,0.3,degraded
43.13,-36.52404,-36.37882,-0.14522,26.63485,26.95333,-0.31848,3.0025,3.0,85.0,0.003,0.3,degraded
43.14,-36.52404,-36.3648,-0.15924,26.63485,26.93912,-0.30427,2.9996,3.0,85.0,0.0,0.3,degraded
43.15,-36.52404,-36.34519,-0.17885,26.63485,26.93292,-0.29807,3.0004,3.0,85.0,0.00319,0.3,degraded
43.16,-36.52404,-36.33319,-0.19085,26.63485,26.91999,-0.28513,2.9961,3.0,85.0,0.00334,0.3,degraded
43.17,-36.52404,-36.31672,-0.20732,26.63485,26.91375,-0.2789,3.0126,3.0,85.0,0.0,0.3,degraded
43.18,-36.52404,-36.31087,-0.21317,26.63485,26.90242,-0.26757,3.0163,3.0,85.0,0.00277,0.3,degraded
43.19,-36.52404,-36.2975,-0.22654,26.63485,26.89738,-0.26253,2.9907,3.0,85.0,0.00397,0.3,degraded
43.2,-36.52404,-36.29297,-0.23107,26.63485,26.88527,-0.25041,2.8917,2.9932,85.0,0.0,0.3,degraded
43.21,-36.52404,-36.28464,-0.2394,26.63485,26.8811,-0.24625,2.9855,3.0,85.0,0.00187,0.3,degraded
43.22,-36.52404,-36.28375,-0.24029,26.63485,26.87246,-0.23761,3.0257,2.9981,85.0,0.00444,0.3,degraded
43.23,-36.52404,-36.27775,-0.24629,26.63485,26.87053,-0.23568,2.9829,3.0,85.0,0.0,0.3,degraded
43.24,-36.52404,-36.27979,-0.24424,26.63485,26.86142,-0.22656,3.0223,3.0,85.0,0.00102,0.3,degraded
43.25,-36.52404,-36.27654,-0.2475,26.63485,26.85925,-0.22439,3.0218,3.0,85.0,0.005,0.3,degraded
43.26,-36.52404,-36.28071,-0.24333,26.63485,26.84779,-0.21293,2.991,2.9972,85.0,0.0,0.3,degraded
43.27,-36.52404,-36.28057,-0.24347,26.63485,26.84127,-0.20642,2.9925,2.9894,85.0,0.00066,0.3,degraded
43.28,-36.52404,-36.2855,-0.23854,26.63485,26.82864,-0.19379,3.0088,2.9852,85.0,0.0042,0.3,degraded
43.29,-36.52404,-36.28609,-0.23794,26.63485,26.82202,-0.18717,2.9883,2.9976,85.0,0.0,0.3,degraded
43.3,-36.52404,-36.29574,-0.2283,26.63485,26.81013,-0.17528,2.9945,2.99,85.0,0.0,0.3,degraded
43.31,-36.52404,-36.29912,-0.22491,26.63485,26.80352,-0.16867,2.9948,3.0,85.0,0.0045,0.3,degraded
43.32,-36.52404,-36.30988,-0.21416,26.63485,26.79356,-0.15871,2.9856,3.0,85.0,0.00026,0.3,degraded
43.33,-36.52404,-36.31409,-0.20995,26.63485,26.79207,-0.15722,3.0143,3.0,85.0,0.0,0.3,degraded
43.34,-36.52404,-36.32494,-0.1991,26.63485,26.78487,-0.15002,2.9784,3.0,85.0,0.00503,0.3,degraded
43.35,-36.52404,-36.33007,-0.19397,26.63485,26.78441,-0.14956,2.9949,2.9828,85.0,0.0,0.3,degraded
43.36,-36.52404,-36.34116,-0.18287,26.63485,26.77585,-0.14099,2.9898,2.9894,85.0,0.0,0.3,degraded
43.37,-36.52404,-36.34608,-0.17795,26.63485,26.77377,-0.13892,2.9966,2.9885,85.0,0.00446,0.3,degraded
43.38,-36.52404,-36.35661,-0.16743,26.63485,26.76349,-0.12864,2.9778,2.995,85.0,0.00113,0.3,degraded
43.39,-36.52404,-36.36076,-0.16328,26.63485,26.75958,-0.12473,2.9967,3.0,85.0,0.0,0.3,degraded
43.4,-36.52404,-36.37024,-0.1538,26.63485,26.74911,-0.11426,3.0033,3.0,85.0,0.00395,0.3,degraded
43.41,-36.52404,-36.3733,-0.15073,26.63485,26.74554,-0.11068,3.0188,3.0,85.0,0.00117,0.3,degraded
43.42,-36.52404,-36.3822,-0.14184,26.63485,26.73563,-0.10077,3.0042,2.9836,85.0,0.0,0.3,degraded
43.43,-36.52404,-36.38527,-0.13876,26.63485,26.73298,-0.09813,2.9811,2.9738,85.0,0.00393,0.3,degraded
43.44,-36.52404,-36.39757,-0.12646,26.63485,26.72492,-0.09006,3.0051,2.9895,85.0,0.00238,0.3,degraded
43.45,-36.52404,-36.40426,-0.11978,26.63485,26.72228,-0.08742,2.9711,3.0,85.0,0.0,0.3,degraded
43.46,-36.52404,-36.41792,-0.10611,26.63485,26.71178,-0.07693,2.994,2.9883,85.0,0.00355,0.3,degraded
43.47,-36.52404,-36.42565,-0.09839,26.63485,26.7084,-0.07355,2.9821,3.0,85.0,0.00232,0.3,degraded
43.48,-36.52404,-36.43974,-0.0843,26.63485,26.6992,-0.06435,2.9981,2.9791,85.0,0.0,0.3,degraded
43.49,-36.52404,-36.44787,-0.07617,26.63485,26.69519,-0.06034,2.9964,2.9838,85.0,0.00243,0.3,degraded
43.5,-36.52404,-36.46257,-0.06146,26.63485,26.68459,-0.04974,2.9874,2.9983,85.0,0.00358,0.3,degraded
43.51,-36.52404,-36.47119,-0.05285,26.63485,26.68067,-0.04582,3.0178,3.0,85.0,0.0,0.3,degraded
43.52,-36.52404,-36.48548,-0.03856,26.63485,26.67229,-0.03744,3.0063,2.9727,85.0,0.00223,0.3,degraded
43.53,-36.52404,-36.49293,-0.03111,26.63485,26.67199,-0.03714,2.9943,3.0,85.0,0.00434,0.3,degraded
43.54,-36.52404,-36.50631,-0.01773,26.63485,26.666,-0.03115,2.9765,3.0,85.0,0.0,0.3,degraded
43.55,-36.52404,-36.51457,-0.00947,26.63485,26.66478,-0.02993,2.9918,3.0,85.0,0.00156,0.3,degraded
43.56,-36.52404,-36.53007,0.00603,26.63485,26.65897,-0.02412,2.9784,2.9924,85.0,0.00377,0.3,degraded
43.57,-36.52404,-36.53925,0.01522,26.63485,26.65914,-0.02429,3.0261,3.0,85.0,0.0,0.3,degraded
43.58,-36.52404,-36.55548,0.03144,26.63485,26.65452,-0.01967,3.0153,2.9918,85.0,0.00175,0.3,degraded
43.59,-36.52404,-36.56335,0.03931,26.63485,26.65318,-0.01833,3.013,3.0,85.0,0.00471,0.3,degraded
43.6,-36.52404,-36.57571,0.05167,26.63485,26.64555,-0.0107,2.9874,3.0,85.0,0.0,0.3,degraded
43.61,-36.52404,-36.58154,0.05751,26.63485,26.64527,-0.01042,3.0068,2.9947,85.0,0.00045,0.3,degraded
43.62,-36.52404,-36.59308,0.06904,26.63485,26.63828,-0.00343,2.9925,3.0,85.0,0.00459,0.3,degraded
43.63,-36.52404,-36.59642,0.07238,26.63485,26.63833,-0.00348,2.997,3.0,85.0,0.0,0.3,degraded
43.64,-36.52404,-36.60713,0.08309,26.63485,26.63295,0.0019,2.9955,2.9695,85.0,0.0,0.3,degraded
43.65,-36.52404,-36.61135,0.08731,26.63485,26.63215,0.0027,3.0194,2.9904,85.0,0.00449,0.3,degraded
43.66,-36.52404,-36.62258,0.09855,26.63485,26.62415,0.0107,3.027,3.0,85.0,0.0,0.3,degraded
43.67,-36.52404,-36.62769,0.10365,26.63485,26.62199,0.01286,2.9828,2.9997,85.0,0.0,0.3,degraded
43.68,-36.52404,-36.63848,0.11444,26.63485,26.61277,0.02208,2.9827,3.0,85.0,0.00465,0.3,degraded
43.69,-36.52404,-36.64237,0.11833,26.63485,26.60945,0.0254,3.0048,2.9813,85.0,2e-05,0.3,degraded
43.7,-36.52404,-36.65312,0.12908,26.63485,26.59899,0.03586,2.9986,3.0,85.0,0.0,0.3,degraded
43.71,-36.52404,-36.65749,0.13345,26.63485,26.59671,0.03814,2.9921,2.979,85.0,0.00437,0.3,degraded
43.72,-36.52404,-36.66894,0.1449,26.63485,26.588,0.04686,3.0302,2.9735,85.0,0.00107,0.3,degraded
43.73,-36.52404,-36.67341,0.14937,26.63485,26.58565,0.0492,3.0168,3.0,85.0,0.0,0.3,degraded
43.74,-36.52404,-36.68578,0.16174,26.63485,26.57955,0.0553,3.0139,3.0,85.0,0.00438,0.3,degraded
43.75,-36.52404,-36.69023,0.16619,26.63485,26.58145,0.0534,2.9832,3.0,85.0,0.00153,0.3,degraded
43.76,-36.52404,-36.70217,0.17813,26.63485,26.57691,0.05794,3.0073,2.9949,85.0,0.0,0.3,degraded
43.77,-36.52404,-36.70865,0.18461,26.63485,26.57844,0.05641,3.0043,3.0,85.0,0.00439,0.3,degraded
43.78,-36.52404,-36.72301,0.19897,26.63485,26.57279,0.06206,2.9916,2.9807,85.0,0.00212,0.3,degraded
43.79,-36.52404,-36.7303,0.20626,26.63485,26.57273,0.06212,2.9954,2.9989,85.0,0.0,0.3,degraded
43.8,-36.52404,-36.74507,0.22103,26.63485,26.56696,0.06789,2.9917,3.0,85.0,0.00338,0.3,degraded
43.81,-36.52404,-36.75121,0.22718,26.63485,26.56767,0.06719,2.9948,3.0,85.0,0.00298,0.3,degraded
43.82,-36.52404,-36.76393,0.23989,26.63485,26.56281,0.07204,3.0094,3.0,85.0,0.0,0.3,degraded
43.83,-36.52404,-36.77131,0.24727,26.63485,26.56506,0.0698,2.996,3.0,85.0,0.00257,0.3,degraded
43.84,-36.52404,-36.78539,0.26136,26.63485,26.5621,0.07275,2.9905,2.9934,85.0,0.0034,0.3,degraded
43.85,-36.52404,-36.79285,0.26882,26.63485,26.56461,0.07024,2.9868,2.989,85.0,0.0,0.3,degraded
43.86,-36.52404,-36.80672,0.28269,26.63485,26.55977,0.07508,2.999,3.0,85.0,0.00185,0.3,degraded
43.87,-36.52404,-36.81415,0.29011,26.63485,26.56023,0.07462,3.0173,2.9986,85.0,0.00404,0.3,degraded
43.88,-36.52404,-36.82723,0.30319,26.63485,26.55439,0.08046,3.0058,3.0,85.0,0.0,0.3,degraded
43.89,-36.52404,-36.83347,0.30943,26.63485,26.55617,0.07868,2.9989,3.0,85.0,0.00145,0.3,degraded
43.9,-36.52404,-36.84583,0.32179,26.63485,26.55473,0.08012,2.9882,3.0,85.0,0.00444,0.3,degraded
43.91,-36.52404,-36.85275,0.32871,26.63485,26.55956,0.07529,2.9876,2.9994,85.0,0.0,0.3,degraded
43.92,-36.52404,-36.86592,0.34188,26.63485,26.55835,0.0765,3.0135,2.9861,85.0,0.00072,0.3,degraded
43.93,-36.52404,-36.87166,0.34762,26.63485,26.56193,0.07292,2.994,2.9847,85.0,0.00419,0.3,degraded
43.94,-36.52404,-36.88299,0.35896,26.63485,26.55962,0.07523,2.9872,2.9801,85.0,0.0,0.3,degraded
43.95,-36.52404,-36.88855,0.36451,26.63485,26.56331,0.07154,3.0011,2.9921,85.0,0.00045,0.3,degraded
43.96,-36.52404,-36.89855,0.37451,26.63485,26.55942,0.07544,3.0089,3.0,85.0,0.00552,0.3,degraded
43.97,-36.52404,-36.89828,0.37424,26.63485,26.56085,0.074,2.9895,2.9863,85.0,0.0,0.3,degraded
43.98,-36.52404,-36.90544,0.3814,26.63485,26.55581,0.07904,2.9779,3.0,85.0,0.0,0.3,degraded
43.99,-36.52404,-36.90502,0.38098,26.63485,26.55713,0.07772,3.0105,3.0,85.0,0.04857,0.3,degraded
44.0,-45.89935,-36.93051,-8.96884,-1.65746,26.52793,-28.18539,3.0041,3.0,85.0,0.20711,0.3,degraded
44.01,-46.09887,-37.51953,-8.57935,-1.4234,25.83458,-27.25798,2.9804,3.0,85.0,0.22072,0.3,degraded
44.02,-46.29425,-38.2519,-8.04235,-1.18805,24.19698,-25.38503,1.7598,2.9948,85.0,0.07888,0.3,degraded
44.03,-46.48544,-38.94768,-7.53776,-0.95143,22.36757,-23.319,3.0248,3.0,85.0,0.03277,0.3,degraded
44.04,-46.67242,-39.60591,-7.0665,-0.71356,20.68104,-21.3946,0.2223,3.0,85.0,0.03137,0.3,degraded
44.05,-46.85513,-40.21555,-6.63958,-0.47448,19.13932,-19.6138,2.9835,1.3096,85.0,0.03607,0.3,degraded
44.06,-47.03356,-40.79434,-6.23922,-0.23419,17.71133,-17.94552,0.1491,2.2552,85.0,0.03565,0.3,degraded
44.07,-47.20767,-41.34055,-5.86711,0.00726,16.41167,-16.4044,2.9948,1.9938,85.0,0.0241,0.3,degraded
44.08,-47.37742,-41.863,-5.51442,0.24987,15.21419,-14.96432,0.6833,2.992,85.0,0.02718,0.3,degraded
44.09,-47.54279,-42.33967,-5.20311,0.49359,14.12315,-13.62956,3.0119,2.9924,85.0,0.03469,0.3,degraded
44.1,-47.70375,-42.79323,-4.91052,0.73842,13.12512,-12.3867,1.0366,2.9908,85.0,0.02325,0.3,degraded
44.11,-47.86027,-43.22087,-4.63939,0.98431,12.20902,-11.22471,0.1648,3.0,85.0,0.01972,0.3,degraded
44.12,-48.01233,-43.63011,-4.38222,1.23125,11.3727,-10.14145,0.0356,3.0,85.0,0.01817,0.3,degraded
44.13,-48.15991,-44.00788,-4.15202,1.4792,10.61951,-9.14031,2.8405,3.0,85.0,0.02035,0.3,degraded
44.14,-48.30298,-44.36617,-3.9368,1.72815,9.93454,-8.20639,2.9913,2.9956,85.0,0.03845,0.3,degraded
44.15,-48.44152,-44.71685,-3.72467,1.97805,9.32717,-7.34912,2.9888,2.9949,85.0,0.02587,0.3,degraded
44.16,-48.57552,-45.04365,-3.53187,2.22889,8.77814,-6.54925,3.0086,2.9864,85.0,0.00149,0.3,degraded
44.17,-48.70495,-45.35872,-3.34622,2.48063,8.28716,-5.80653,3.0022,2.9782,85.0,0.01461,0.3,degraded
44.18,-48.8298,-45.64934,-3.18047,2.73325,7.85056,-5.11731,2.9863,2.9775,85.0,0.0199,0.3,degraded
44.19,-48.95007,-45.93759,-3.01248,2.98672,7.47521,-4.4885,1.303,3.0,85.0,0.01035,0.3,degraded
44.2,-49.06572,-46.20338,-2.86234,3.241,7.12451,-3.88351,0.2025,2.9938,85.0,0.0284,0.3,degraded
44.21,-49.17676,-46.45141,-2.72535,3.49607,6.8344,-3.33832,2.9924,0.4179,85.0,0.02606,0.3,degraded
44.22,-49.28317,-46.69439,-2.58878,3.7519,6.57333,-2.82143,2.9837,0.6621,85.0,0.00826,0.3,degraded
44.23,-49.38495,-46.92562,-2.45933,4.00846,6.3531,-2.34465,2.99,1.1892,85.0,0.02286,0.3,degraded
44.24,-49.48209,-47.14522,-2.33687,4.2657,6.17563,-1.90992,2.9886,2.9931,85.0,0.01956,0.3,degraded
44.25,-49.57458,-47.33524,-2.23934,4.52362,6.02686,-1.50324,1.0328,3.0,85.0,0.01011,0.3,degraded
44.26,-49.66242,-47.53149,-2.13094,4.78216,5.89705,-1.11489,2.9898,2.9745,85.0,0.00542,0.3,degraded
44.27,-49.74561,-47.72065,-2.02496,5.04131,5.79266,-0.75135,3.0067,2.9969,85.0,0.01253,0.3,degraded
44.28,-49.82416,-47.89766,-1.92649,5.30102,5.72535,-0.42433,1.1665,2.9927,85.0,0.01582,0.3,degraded
44.29,-49.89805,-48.07235,-1.8257,5.56127,5.69219,-0.13092,3.0145,2.9986,85.0,0.00512,0.3,degraded
44.3,-49.96729,-48.23123,-1.73607,5.82202,5.65183,0.17019,2.9837,2.9916,85.0,0.00551,0.3,degraded
44.31,-50.0319,-48.38778,-1.64412,6.08324,5.61603,0.46722,2.9797,2.9984,85.0,0.01041,0.3,degraded
44.32,-50.09187,-48.538,-1.55387,6.3449,5.57843,0.76647,3.0233,3.0,85.0,0.01232,0.3,degraded
44.33,-50.14721,-48.68018,-1.46703,6.60696,5.57178,1.03518,2.9789,3.0,85.0,0.02281,0.3,degraded
44.34,-50.19793,-48.80343,-1.39451,6.86939,5.57674,1.29265,2.9947,2.6899,85.0,0.02095,0.3,degraded
44.35,-50.24405,-48.9273,-1.31674,7.13216,5.61089,1.52127,2.9986,2.9592,85.0,0.00418,0.3,degraded
44.36,-50.28557,-49.05176,-1.2338,7.39522,5.6561,1.73912,2.0881,2.4099,85.0,0.0194,0.3,degraded
44.37,-50.32251,-49.16051,-1.162,7.65855,5.75166,1.9069,2.3772,3.0,85.0,0.00887,0.3,degraded
44.38,-50.35488,-49.26886,-1.08602,7.92211,5.84403,2.07808,2.9953,2.9596,85.0,0.01919,0.3,degraded
44.39,-50.3827,-49.35893,-1.02377,8.18587,5.97047,2.21541,2.9938,2.977,85.0,0.0178,0.3,degraded
44.4,-50.406,-49.44523,-0.96076,8.44979,6.0826,2.36719,0.8594,3.0,85.0,0.01813,0.3,degraded
44.41,-50.42478,-49.51577,-0.90901,8.71383,6.22852,2.48531,2.2934,0.8514,85.0,0.0104,0.3,degraded
44.42,-50.43907,-49.60135,-0.83773,8.97797,6.37143,2.60654,2.9825,3.0,85.0,0.01393,0.3,degraded
44.43,-50.4489,-49.67965,-0.76925,9.24216,6.5332,2.70896,2.981,2.9817,85.0,0.00602,0.3,degraded
44.44,-50.45428,-49.73249,-0.7218,9.50637,6.69856,2.80781,3.0012,0.2129,85.0,0.01609,0.3,degraded
44.45,-50.45525,-49.77766,-0.67759,9.77056,6.88602,2.88454,3.0072,1.5476,85.0,0.00837,0.3,degraded
44.46,-50.45183,-49.82891,-0.62293,10.03469,7.06753,2.96716,2.994,2.9915,85.0,0.0023,0.3,degraded
44.47,-50.44405,-49.87533,-0.56872,10.29874,7.2559,3.04284,3.056,3.0,85.0,0.0,0.3,degraded
44.48,-50.43194,-49.92754,-0.5044,10.56266,7.44147,3.12119,2.9942,3.0,85.0,0.00317,0.3,degraded
44.49,-50.41554,-49.97375,-0.44179,10.82642,7.64723,3.17919,2.9944,3.0,85.0,0.00847,0.3,degraded
44.5,-50.39487,-50.02577,-0.36909,11.08998,7.85052,3.23946,2.9809,1.8212,85.0,0.00164,0.3,degraded
44.51,-50.36996,-50.0718,-0.29816,11.3533,8.06441,3.28889,3.0057,1.4431,85.0,0.01164,0.3,degraded
44.52,-50.34087,-50.12486,-0.216,11.61635,8.27408,3.34226,2.9924,0.8003,85.0,0.01569,0.3,degraded
44.53,-50.30761,-50.17268,-0.13494,11.87909,8.49202,3.38707,3.0062,2.5885,85.0,0.00416,0.3,degraded
44.54,-50.27024,-50.22705,-0.04318,12.14148,8.71322,3.42826,3.0122,3.0,85.0,0.01599,0.3,degraded
44.55,-50.22878,-50.27494,0.04616,12.40349,8.94667,3.45682,3.0033,1.8439,85.0,0.0118,0.3,degraded
44.56,-50.18329,-50.32584,0.14255,12.66508,9.17485,3.49023,3.0142,3.0,85.0,0.01193,0.3,degraded
44.57,-50.1338,-50.36126,0.22746,12.92621,9.41324,3.51297,3.0146,2.2229,85.0,0.01043,0.3,degraded
44.58,-50.08036,-50.39326,0.31289,13.18684,9.6544,3.53244,2.9915,2.8694,85.0,0.00576,0.3,degraded
44.59,-50.02301,-50.40983,0.38682,13.44694,9.88956,3.55738,2.9877,3.0,85.0,0.00273,0.3,degraded
44.6,-49.9618,-50.42401,0.46221,13.70647,10.14308,3.5634,3.0262,2.9996,85.0,0.01483,0.3,degraded
44.61,-49.89678,-50.42156,0.52479,13.9654,10.38944,3.57596,2.985,2.9943,85.0,0.01633,0.3,degraded
44.62,-49.82798,-50.42037,0.59239,14.22368,10.62483,3.59885,2.9869,2.9966,85.0,0.00274,0.3,degraded
44.63,-49.75548,-50.40296,0.64749,14.48128,10.87543,3.60585,2.9972,3.0,85.0,0.01421,0.3,degraded
44.64,-49.6793,-50.3867,0.7074,14.73817,11.12925,3.60891,3.0127,2.4536,85.0,0.00602,0.3,degraded
44.65,-49.59952,-50.35871,0.75919,14.99429,11.38122,3.61308,2.9955,0.9721,85.0,0.00102,0.3,degraded
44.66,-49.51617,-50.32451,0.80834,15.24963,11.62816,3.62147,2.9974,2.3411,85.0,0.00135,0.3,degraded
44.67,-49.42931,-50.28429,0.85498,15.50414,11.87825,3.62588,3.0238,3.0,85.0,0.00939,0.3,degraded
44.68,-49.339,-50.24471,0.9057,15.75778,12.1243,3.63348,3.0091,2.9795,85.0,0.00111,0.3,degraded
44.69,-49.2453,-50.19176,0.94646,16.01051,12.37406,3.63645,2.9928,3.0,85.0,0.008,0.3,degraded
44.7,-49.14826,-50.14137,0.99312,16.26231,12.62463,3.63768,3.0188,1.8533,85.0,0.00934,0.3,degraded
44.71,-49.04793,-50.06678,1.01884,16.51314,12.88359,3.62955,0.1992,3.0,85.0,0.00631,0.3,degraded
44.72,-48.94439,-49.98358,1.0392,16.76294,13.13664,3.62631,0.3787,0.5024,85.0,0.00482,0.3,degraded
44.73,-48.83768,-49.90072,1.06304,17.0117,13.39469,3.61701,2.9987,3.0,85.0,0.0122,0.3,degraded
44.74,-48.72787,-49.81753,1.08966,17.25938,13.64361,3.61577,1.8992,3.0,85.0,0.00802,0.3,degraded
44.75,-48.61502,-49.73531,1.12029,17.50593,13.90354,3.60239,2.9924,1.719,85.0,0.00765,0.3,degraded
44.76,-48.49919,-49.64107,1.14188,17.75133,14.15159,3.59974,3.0104,2.9905,85.0,0.02036,0.3,degraded
44.77,-48.38045,-49.54375,1.1633,17.99553,14.41295,3.58259,0.6006,3.0,85.0,0.00493,0.3,degraded
44.78,-48.25886,-49.43922,1.18037,18.2385,14.6707,3.5678,3.0174,3.0,85.0,0.00654,0.3,degraded
44.79,-48.13448,-49.34447,1.20999,18.48021,14.92663,3.55359,3.0,0.0347,85.0,0.02363,0.3,degraded
44.8,-48.00738,-49.25141,1.24403,18.72062,15.19098,3.52964,2.9901,0.1022,85.0,0.00865,0.3,degraded
44.81,-47.87763,-49.14148,1.26386,18.95969,15.44907,3.51063,2.4802,2.9812,85.0,0.00538,0.3,degraded
44.82,-47.74528,-49.03421,1.28893,19.1974,15.69971,3.49769,3.0119,2.5533,85.0,0.00868,0.3,degraded
44.83,-47.61042,-48.91488,1.30446,19.4337,15.95166,3.48204,2.9924,2.8044,85.0,0.01826,0.3,degraded
44.84,-47.47311,-48.80245,1.32934,19.66856,16.19696,3.4716,2.9874,2.996,85.0,0.03014,0.3,degraded
44.85,-47.33342,-48.68344,1.35002,19.90194,16.44022,3.46173,2.9763,3.0,85.0,0.00912,0.3,degraded
44.86,-47.19141,-48.57229,1.38088,20.13382,16.68719,3.44663,3.0231,0.4929,85.0,0.01788,0.3,degraded
44.87,-47.04715,-48.45043,1.40328,20.36416,16.94095,3.42321,2.3192,2.9976,85.0,0.00559,0.3,degraded
44.88,-46.90072,-48.34422,1.44349,20.59292,17.17596,3.41697,2.9895,1.7733,85.0,0.02501,0.3,degraded
44.89,-46.75219,-48.21467,1.46248,20.82008,17.4201,3.39998,2.9758,3.0,85.0,0.01232,0.3,degraded
44.9,-46.60162,-48.08627,1.48465,21.04559,17.65964,3.38595,0.8905,3.0,85.0,0.01603,0.3,degraded
44.91,-46.44909,-47.96466,1.51557,21.26943,17.91941,3.35002,3.0034,2.9783,85.0,0.01753,0.3,degraded
44.92,-46.29468,-47.84239,1.54771,21.49156,18.15607,3.33549,2.9887,2.0172,85.0,0.00993,0.3,degraded
44.93,-46.13844,-47.69887,1.56043,21.71196,18.39625,3.31571,3.0081,2.9801,85.0,0.02386,0.3,degraded
44.94,-45.98046,-47.57754,1.59708,21.93058,18.62383,3.30675,2.9832,2.976,85.0,0.01306,0.3,degraded
44.95,-45.82081,-47.42647,1.60566,22.14741,18.86913,3.27828,3.002,3.0,85.0,0.02665,0.3,degraded
44.96,-45.65955,-47.29242,1.63287,22.3624,19.10067,3.26173,3.0004,1.8758,85.0,0.01918,0.3,degraded
44.97,-45.49677,-47.13246,1.63569,22.57552,19.34015,3.23537,3.0096,0.7051,85.0,0.02054,0.3,degraded
44.98,-45.33254,-46.9936,1.66106,22.78676,19.57741,3.20935,3.01,3.0,85.0,0.0171,0.3,degraded
44.99,-45.16692,-46.84836,1.68144,22.99607,19.8089,3.18717,2.9944,2.2529,85.0,0.01906,0.3,degraded
45.0,-45.0,-46.69646,1.69646,23.20342,20.04457,3.15884,2.9993,3.0,85.0,0.01266,0.3,degraded
45.01,-44.83184,-46.54159,1.70975,23.40879,20.27441,3.13438,3.013,3.0,85.0,0.01621,0.3,degraded
45.02,-44.66253,-46.40398,1.74145,23.61215,20.49244,3.11971,2.991,2.9886,85.0,0.00834,0.3,degraded
45.03,-44.49212,-46.24922,1.7571,23.81346,20.72396,3.0895,2.4259,2.6421,85.0,0.01432,0.3,degraded
45.04,-44.32071,-46.10139,1.78068,24.01271,20.94091,3.0718,2.0984,3.0,85.0,0.01515,0.3,degraded
45.05,-44.14835,-45.95013,1.80178,24.20986,21.16487,3.04499,0.3388,2.9925,85.0,0.01195,0.3,degraded
45.06,-43.97513,-45.79172,1.81659,24.40488,21.38135,3.02353,3.0089,2.9855,85.0,0.01534,0.3,degraded
45.07,-43.80111,-45.63582,1.8347,24.59776,21.59607,3.00169,1.8237,2.4105,85.0,0.00611,0.3,degraded
45.08,-43.62638,-45.47796,1.85158,24.78845,21.82088,2.96757,3.0101,2.9994,85.0,0.01524,0.3,degraded
45.09,-43.45099,-45.31982,1.86882,24.97694,22.0373,2.93963,2.8024,3.0,85.0,0.00332,0.3,degraded
45.1,-43.27504,-45.15056,1.87552,25.16319,22.2422,2.92099,2.9862,2.9797,85.0,0.01624,0.3,degraded
45.11,-43.09857,-44.98236,1.88378,25.34719,22.45798,2.88921,2.9871,1.5548,85.0,0.01306,0.3,degraded
45.12,-42.92168,-44.82556,1.90388,25.52891,22.66839,2.86053,2.9865,2.9957,85.0,0.01944,0.3,degraded
45.13,-42.74443,-44.65134,1.90691,25.70833,22.87596,2.83236,3.0013,2.6659,85.0,0.01252,0.3,degraded
45.14,-42.5669,-44.49466,1.92777,25.88541,23.08028,2.80513,2.9923,2.9766,85.0,0.03109,0.3,degraded
45.15,-42.38914,-44.32794,1.93879,26.06014,23.27653,2.78361,3.0127,3.0,85.0,0.00753,0.3,degraded
45.16,-42.21125,-44.14618,1.93493,26.2325,23.47865,2.75385,3.0076,3.0,85.0,0.02826,0.3,degraded
45.17,-42.03327,-43.96651,1.93324,26.40245,23.68452,2.71793,3.0082,1.179,85.0,0.01712,0.3,degraded
45.18,-41.85529,-43.79993,1.94464,26.56998,23.87809,2.6919,3.0049,2.2885,85.0,0.00773,0.3,degraded
45.19,-41.67738,-43.62099,1.94361,26.73507,24.07629,2.65878,0.7771,2.9784,85.0,0.01601,0.3,degraded
45.2,-41.49959,-43.44488,1.94529,26.8977,24.27433,2.62337,2.9872,3.0,85.0,0.00851,0.3,degraded
45.21,-41.32201,-43.26491,1.9429,27.05784,24.46815,2.58969,3.0212,3.0,85.0,0.01353,0.3,degraded
45.22,-41.14469,-43.09938,1.95468,27.21547,24.64161,2.57387,1.9597,2.5927,85.0,0.00903,0.3,degraded
45.23,-40.96771,-42.92831,1.9606,27.37059,24.83357,2.53702,2.9943,3.0,85.0,0.0235,0.3,degraded
45.24,-40.79113,-42.76236,1.97123,27.52315,25.02085,2.5023,3.021,3.0,85.0,0.01658,0.3,degraded
45.25,-40.61502,-42.58631,1.97129,27.67316,25.2019,2.47126,2.3926,2.9831,85.0,0.01844,0.3,degraded
45.26,-40.43944,-42.40613,1.9667,27.82058,25.38242,2.43816,2.9983,2.9984,85.0,0.02525,0.3,degraded
45.27,-40.26445,-42.22657,1.96212,27.9654,25.569,2.3964,2.9912,3.0,85.0,0.0002,0.3,degraded
45.28,-40.09012,-42.05988,1.96976,28.10761,25.7384,2.36921,1.4365,2.9896,85.0,0.0046,0.3,degraded
45.29,-39.91652,-41.88105,1.96453,28.24719,25.91423,2.33296,0.5824,1.4224,85.0,0.00813,0.3,degraded
45.3,-39.74369,-41.70146,1.95777,28.38412,26.07559,2.30853,3.0022,0.6014,85.0,0.00549,0.3,degraded
45.31,-39.57171,-41.53268,1.96097,28.51838,26.24836,2.27002,2.108,2.9902,85.0,0.02177,0.3,degraded
45.32,-39.40064,-41.37016,1.96952,28.64996,26.42055,2.22941,3.0145,3.0,85.0,0.00811,0.3,degraded
45.33,-39.23053,-41.19441,1.96389,28.77886,26.58577,2.19309,2.5186,2.9731,85.0,0.00959,0.3,degraded
45.34,-39.06144,-41.01995,1.95851,28.90504,26.74544,2.1596,2.9937,0.2674,85.0,0.0177,0.3,degraded
45.35,-38.89343,-40.83563,1.9422,29.02851,26.90131,2.12719,0.6368,2.9956,85.0,0.02163,0.3,degraded
45.36,-38.72655,-40.66712,1.94057,29.14924,27.05459,2.09464,0.9627,1.857,85.0,0.01541,0.3,degraded
45.37,-38.56086,-40.49811,1.93725,29.26722,27.21236,2.05487,1.4065,3.0,85.0,0.00925,0.3,degraded
45.38,-38.39642,-40.32604,1.92962,29.38245,27.36448,2.01798,1.0618,3.0,85.0,0.01529,0.3,degraded
45.39,-38.23328,-40.1557,1.92242,29.49491,27.50586,1.98906,3.0239,2.4346,85.0,0.00572,0.3,degraded
45.4,-38.07148,-39.98985,1.91837,29.6046,27.65326,1.95134,2.9945,2.9937,85.0,0.0173,0.3,degraded
45.41,-37.91109,-39.81489,1.9038,29.71149,27.80793,1.90356,2.9842,2.9903,85.0,0.016,0.3,degraded
45.42,-37.75215,-39.64065,1.88851,29.81559,27.93383,1.88175,3.023,1.0617,85.0,0.02002,0.3,degraded
45.43,-37.59471,-39.46941,1.87471,29.91688,28.06957,1.84731,1.7527,3.0,85.0,0.01393,0.3,degraded
45.44,-37.43881,-39.31563,1.87682,30.01535,28.20889,1.80646,2.9954,2.5196,85.0,0.02197,0.3,degraded
45.45,-37.28451,-39.14609,1.86158,30.111,28.33603,1.77497,1.9363,0.5267,85.0,0.01835,0.3,degraded
45.46,-37.13185,-38.99193,1.86008,30.20382,28.46289,1.74093,3.0135,3.0,85.0,0.00482,0.3,degraded
45.47,-36.98087,-38.81743,1.83656,30.29381,28.59583,1.69798,1.4063,1.5139,85.0,0.01077,0.3,degraded
45.48,-36.83162,-38.65586,1.82424,30.38095,28.70656,1.67439,0.2125,2.9936,85.0,0.01891,0.3,degraded
45.49,-36.68413,-38.48696,1.80283,30.46525,28.83056,1.63469,2.4898,2.9919,85.0,0.0,0.3,degraded
45.5,-36.53846,-38.34067,1.80221,30.54669,28.94774,1.59895,3.0189,3.0,85.0,0.01663,0.3,degraded
45.51,-36.39463,-38.18224,1.78761,30.62528,29.08108,1.5442,3.0025,0.4796,85.0,0.01527,0.3,degraded
45.52,-36.25269,-38.03168,1.77899,30.70101,29.19886,1.50215,3.0198,2.996,85.0,0.01397,0.3,degraded
45.53,-36.11266,-37.87473,1.76207,30.77387,29.31661,1.45726,2.988,3.0,85.0,0.00652,0.3,degraded
45.54,-35.9746,-37.73434,1.75974,30.84387,29.41221,1.43167,3.0153,2.9779,85.0,0.01106,0.3,degraded
45.55,-35.83852,-37.57138,1.73286,30.91101,29.52364,1.38737,1.5209,2.9895,85.0,0.01367,0.3,degraded
45.56,-35.70447,-37.41953,1.71506,30.97527,29.62666,1.3486,3.0126,1.8719,85.0,0.02404,0.3,degraded
45.57,-35.57247,-37.27015,1.69768,31.03666,29.72199,1.31467,2.9942,2.9976,85.0,0.0153,0.3,degraded
45.58,-35.44256,-37.12188,1.67932,31.09519,29.82511,1.27007,2.0609,2.9929,85.0,0.0007,0.3,degraded
45.59,-35.31476,-36.97,1.65524,31.15084,29.91281,1.23803,1.6035,3.0,85.0,0.02441,0.3,degraded
45.6,-35.18909,-36.82275,1.63366,31.20363,30.00131,1.20232,2.9809,2.5505,85.0,0.03069,0.3,degraded
45.61,-35.06559,-36.67902,1.61343,31.25355,30.11323,1.14031,2.9945,2.877,85.0,0.00593,0.3,degraded
45.62,-34.94428,-36.54152,1.59725,31.3006,30.19234,1.10826,3.0088,3.0,85.0,0.02807,0.3,degraded
45.63,-34.82518,-36.39657,1.57139,31.3448,30.26287,1.08193,3.0207,2.987,85.0,0.00656,0.3,degraded
45.64,-34.70831,-36.25822,1.54992,31.38613,30.32606,1.06008,1.7385,3.0,85.0,0.00745,0.3,degraded
45.65,-34.59369,-36.11575,1.52206,31.42462,30.39503,1.02959,2.9876,3.0,85.0,0.00037,0.3,degraded
45.66,-34.48134,-35.99512,1.51378,31.46025,30.45801,1.00223,3.0095,2.9968,85.0,0.0172,0.3,degraded
45.67,-34.37127,-35.86261,1.49134,31.49304,30.52756,0.96547,2.998,2.9845,85.0,0.01114,0.3,degraded
45.68,-34.26351,-35.73357,1.47006,31.52298,30.59279,0.93019,1.4818,3.0,85.0,0.01031,0.3,degraded
45.69,-34.15806,-35.60241,1.44435,31.5501,30.66383,0.88626,2.9798,2.9981,85.0,0.00694,0.3,degraded
45.7,-34.05494,-35.48607,1.43113,31.57439,30.72294,0.85144,2.9966,2.9931,85.0,0.01298,0.3,degraded
45.71,-33.95416,-35.36547,1.41131,31.59585,30.78967,0.80619,3.0035,2.9986,85.0,0.0004,0.3,degraded
45.72,-33.85573,-35.24852,1.39279,31.61451,30.85129,0.76322,2.9908,3.0,85.0,0.00508,0.3,degraded
45.73,-33.75965,-35.11649,1.35684,31.63036,30.91956,0.7108,3.0049,3.0,85.0,0.00841,0.3,degraded
45.74,-33.66593,-35.00573,1.3398,31.64342,30.98049,0.66293,2.1775,2.9868,85.0,0.00877,0.3,degraded
45.75,-33.57458,-34.88877,1.31419,31.6537,31.04798,0.60571,3.0391,3.0,85.0,0.01392,0.3,degraded
45.76,-33.4856,-34.78093,1.29533,31.6612,31.10822,0.55298,3.0003,2.9985,85.0,0.00622,0.3,degraded
45.77,-33.39898,-34.67201,1.27303,31.66593,31.17518,0.49075,3.01,3.0,85.0,0.00934,0.3,degraded
45.78,-33.31474,-34.56158,1.24683,31.66792,31.23652,0.4314,3.0059,2.9984,85.0,0.00623,0.3,degraded
45.79,-33.23287,-34.44673,1.21386,31.66716,31.30331,0.36384,3.0084,2.9803,85.0,0.00417,0.3,degraded
45.8,-33.15337,-34.35331,1.19994,31.66367,31.36414,0.29952,2.9752,2.9837,85.0,0.00013,0.3,degraded
45.81,-33.07623,-34.24663,1.1704,31.65746,31.4324,0.22506,2.9934,2.9951,85.0,0.01236,0.3,degraded
45.82,-33.00145,-34.14911,1.14766,31.64855,31.49215,0.1564,0.4991,2.9825,85.0,0.00459,0.3,degraded
45.83,-32.92901,-34.04334,1.11433,31.63694,31.5581,0.07885,3.0048,2.9966,85.0,0.00504,0.3,degraded
45.84,-32.85892,-33.94698,1.08806,31.62267,31.61498,0.00769,1.5483,3.0,85.0,0.00396,0.3,degraded
45.85,-32.79116,-33.84606,1.0549,31.60573,31.67206,-0.06633,0.5901,3.0,85.0,0.01065,0.3,degraded
45.86,-32.72571,-33.75228,1.02657,31.58614,31.71451,-0.12837,2.9964,2.9824,85.0,0.0,0.3,degraded
45.87,-32.66258,-33.66722,1.00465,31.56392,31.75598,-0.19206,0.5683,3.0,85.0,0.00402,0.3,degraded
45.88,-32.60173,-33.58012,0.97839,31.53909,31.78609,-0.24701,3.0038,3.0,85.0,0.00655,0.3,degraded
45.89,-32.54316,-33.49755,0.95439,31.51165,31.81527,-0.30362,2.9979,3.0,85.0,0.0006,0.3,degraded
45.9,-32.48684,-33.41452,0.92768,31.48164,31.8327,-0.35106,3.014,3.0,85.0,0.00885,0.3,degraded
45.91,-32.43276,-33.34125,0.90848,31.44906,31.84971,-0.40065,2.9979,3.0,85.0,0.0067,0.3,degraded
45.92,-32.38091,-33.26883,0.88793,31.41394,31.85746,-0.44353,1.0355,3.0,85.0,0.0,0.3,degraded
45.93,-32.33124,-33.19165,0.86041,31.37628,31.86663,-0.49035,3.0079,2.9827,85.0,0.0122,0.3,degraded
45.94,-32.28375,-33.12234,0.83859,31.33612,31.8657,-0.52958,2.9968,2.9944,85.0,0.01027,0.3,degraded
45.95,-32.23841,-33.04291,0.8045,31.29347,31.86621,-0.57274,0.1606,2.9884,85.0,0.00393,0.3,degraded
45.96,-32.19518,-32.96767,0.77249,31.24834,31.85683,-0.60849,2.9958,2.9846,85.0,0.0083,0.3,degraded
45.97,-32.15406,-32.91248,0.75843,31.20077,31.84909,-0.64832,2.9997,3.0,85.0,0.01001,0.3,degraded
45.98,-32.11499,-32.86633,0.75134,31.15077,31.83188,-0.68111,2.99,3.0,85.0,0.00025,0.3,degraded
45.99,-32.07796,-32.81203,0.73407,31.09836,31.81595,-0.7176,3.0104,3.0,85.0,0.00033,0.3,degraded
46.0,-32.04294,-32.76436,0.72142,31.04356,31.78959,-0.74603,2.9808,3.0,85.0,0.00556,0.3,degraded
46.01,-32.00989,-32.71102,0.70113,30.98639,31.7669,-0.78051,2.9913,3.0,85.0,0.00056,0.3,degraded
46.02,-31.97877,-32.66375,0.68498,30.92689,31.73501,-0.80812,3.0019,2.985,85.0,0.0,0.3,degraded
46.03,-31.94955,-32.61092,0.66137,30.86506,31.70441,-0.83935,3.0245,2.9893,85.0,0.00477,0.3,degraded
46.04,-31.9222,-32.56426,0.64206,30.80093,31.66621,-0.86528,3.0,3.0,85.0,0.00087,0.3,degraded
46.05,-31.89667,-32.51166,0.61499,30.73453,31.62963,-0.8951,3.0056,2.9957,85.0,0.0,0.3,degraded
46.06,-31.87293,-32.46662,0.59368,30.66587,31.58376,-0.91788,3.0105,3.0,85.0,0.00474,0.3,degraded
46.07,-31.85094,-32.41659,0.56565,30.59499,31.54253,-0.94754,3.0193,2.9962,85.0,0.00218,0.3,degraded
46.08,-31.83065,-32.37335,0.5427,30.52191,31.49242,-0.97051,2.9624,2.9746,85.0,0.0,0.3,degraded
46.09,-31.81202,-32.32597,0.51395,30.44665,31.44541,-0.99877,2.9898,3.0,85.0,0.00374,0.3,degraded
46.1,-31.79502,-32.28384,0.48882,30.36923,31.39031,-1.02108,3.0314,3.0,85.0,0.00279,0.3,degraded
46.11,-31.77958,-32.23371,0.45412,30.28968,31.33818,-1.04849,2.9948,3.0,85.0,0.0,0.3,degraded
46.12,-31.76567,-32.18716,0.42148,30.20804,31.27758,-1.06954,2.9913,3.0,85.0,0.00353,0.3,degraded
46.13,-31.75325,-32.13585,0.3826,30.12431,31.22042,-1.09611,3.0003,2.9903,85.0,0.00339,0.3,degraded
46.14,-31.74225,-32.09097,0.34872,30.03854,31.15495,-1.11641,3.0196,3.0,85.0,0.00153,0.3,degraded
46.15,-31.73263,-32.0403,0.30766,29.95074,31.09726,-1.14652,3.0084,3.0,85.0,0.0032,0.3,degraded
46.16,-31.72435,-31.99657,0.27222,29.86095,31.00338,-1.14243,3.0094,2.9945,85.0,0.0123,0.3,degraded
46.17,-31.71735,-31.94742,0.23008,29.76918,30.93591,-1.16673,3.0041,3.0,85.0,0.01036,0.3,degraded
46.18,-31.71157,-31.90348,0.19191,29.67547,30.84355,-1.16808,2.9784,2.7274,85.0,0.01762,0.3,degraded
46.19,-31.70697,-31.85267,0.14571,29.57985,30.74665,-1.1668,2.9974,1.888,85.0,0.00482,0.3,degraded
46.2,-31.70348,-31.80743,0.10394,29.48233,30.65734,-1.17501,2.9839,2.9762,85.0,0.0,0.3,degraded
46.21,-31.70106,-31.75661,0.05554,29.38296,30.56069,-1.17773,2.9776,2.9976,85.0,0.0102,0.3,degraded
46.22,-31.69965,-31.71214,0.01249,29.28176,30.47159,-1.18983,2.9759,0.3849,85.0,0.00539,0.3,degraded
46.23,-31.6992,-31.66653,-0.03267,29.17875,30.38223,-1.20348,2.9875,2.9775,85.0,0.00286,0.3,degraded
46.24,-31.69963,-31.63389,-0.06574,29.07398,30.29695,-1.22297,2.9845,0.7826,85.0,0.0025,0.3,degraded
46.25,-31.7009,-31.59878,-0.10212,28.96745,30.20072,-1.23327,2.9755,2.999,85.0,0.00801,0.3,degraded
46.26,-31.70295,-31.57732,-0.12563,28.85921,30.10925,-1.25004,3.0059,2.9985,85.0,0.00207,0.3,degraded
46.27,-31.70571,-31.55145,-0.15426,28.74928,30.01951,-1.27022,2.9831,0.7613,85.0,0.00119,0.3,degraded
46.28,-31.70912,-31.53395,-0.17517,28.6377,29.92601,-1.28832,2.9662,2.9848,85.0,0.01229,0.3,degraded
46.29,-31.71313,-31.51458,-0.19855,28.52448,29.83485,-1.31037,3.0009,1.6637,85.0,0.0,0.3,degraded
46.3,-31.71768,-31.50426,-0.21341,28.40967,29.74011,-1.33044,2.9942,3.0,85.0,0.01416,0.3,degraded
46.31,-31.72268,-31.4908,-0.23188,28.29329,29.62985,-1.33656,2.9801,3.0,85.0,0.00751,0.3,degraded
46.32,-31.7281,-31.4902,-0.2379,28.17537,29.53152,-1.35615,3.0008,2.9991,85.0,0.01701,0.3,degraded
46.33,-31.73386,-31.48392,-0.24994,28.05595,29.43373,-1.37779,3.003,2.5184,85.0,0.0,0.3,degraded
46.34,-31.73989,-31.48473,-0.25515,27.93504,29.31859,-1.38355,3.0044,3.0,85.0,0.0197,0.3,degraded
46.35,-31.74613,-31.47961,-0.26652,27.81269,29.21072,-1.39803,3.0083,2.0382,85.0,0.00234,0.3,degraded
46.36,-31.75252,-31.48312,-0.2694,27.68893,29.10654,-1.41762,3.015,3.0,85.0,0.00903,0.3,degraded
46.37,-31.75899,-31.48321,-0.27578,27.56377,29.01375,-1.44998,2.9832,0.8525,85.0,0.00715,0.3,degraded
46.38,-31.76548,-31.49544,-0.27004,27.43726,28.90366,-1.4664,2.9997,3.0,85.0,0.00824,0.3,degraded
46.39,-31.77191,-31.50158,-0.27033,27.30943,28.79102,-1.4816,2.9911,1.3387,85.0,0.00507,0.3,degraded
46.4,-31.77822,-31.51341,-0.26482,27.1803,28.68213,-1.50183,3.0043,3.0,85.0,0.01654,0.3,degraded
46.41,-31.78435,-31.51925,-0.2651,27.0499,28.57946,-1.52956,2.991,2.9732,85.0,0.002,0.3,degraded
46.42,-31.79022,-31.52944,-0.26078,26.91828,28.46529,-1.54701,2.9799,1.959,85.0,0.0095,0.3,degraded
46.43,-31.79577,-31.53311,-0.26266,26.78545,28.35354,-1.56809,3.0072,3.0,85.0,0.01027,0.3,degraded
46.44,-31.80092,-31.54375,-0.25718,26.65146,28.24276,-1.5913,3.0104,2.9874,85.0,0.01073,0.3,degraded
46.45,-31.80562,-31.54898,-0.25664,26.51632,28.12495,-1.60863,2.9744,2.9946,85.0,0.0,0.3,degraded
46.46,-31.80979,-31.56085,-0.24894,26.38007,28.00767,-1.6276,2.9956,3.0,85.0,0.01462,0.3,degraded
46.47,-31.81336,-31.56494,-0.24842,26.24275,27.87988,-1.63713,3.0098,1.9718,85.0,0.00797,0.3,degraded
46.48,-31.81627,-31.57533,-0.24094,26.10438,27.7559,-1.65152,2.977,2.9924,85.0,0.01146,0.3,degraded
46.49,-31.81844,-31.58164,-0.2368,25.96499,27.64156,-1.67657,3.0017,3.0,85.0,0.00954,0.3,degraded
46.5,-31.81981,-31.59397,-0.22584,25.82462,27.51381,-1.68919,2.9893,2.9943,85.0,0.00429,0.3,degraded
46.51,-31.8203,-31.60037,-0.21993,25.68329,27.39449,-1.7112,3.0143,2.9962,85.0,0.0077,0.3,degraded
46.52,-31.81986,-31.6138,-0.20606,25.54104,27.26535,-1.7243,2.9828,2.384,85.0,0.00719,0.3,degraded
46.53,-31.8184,-31.6223,-0.1961,25.3979,27.12474,-1.72684,2.9958,2.9746,85.0,0.00699,0.3,degraded
46.54,-31.81587,-31.63784,-0.17803,25.2539,26.98559,-1.73169,2.9938,3.0,85.0,0.0027,0.3,degraded
46.55,-31.81218,-31.64615,-0.16604,25.10906,26.86048,-1.75142,3.0003,2.9849,85.0,0.00446,0.3,degraded
46.56,-31.80729,-31.66029,-0.14699,24.96342,26.73209,-1.76866,3.029,2.4252,85.0,0.0116,0.3,degraded
46.57,-31.8011,-31.66771,-0.13339,24.81702,26.59773,-1.78071,3.0156,2.6319,85.0,0.0,0.3,degraded
46.58,-31.79357,-31.68317,-0.1104,24.66987,26.47071,-1.80084,2.9994,3.0,85.0,0.00869,0.3,degraded
46.59,-31.78461,-31.69254,-0.09208,24.52201,26.33924,-1.81723,3.023,0.0099,85.0,0.0166,0.3,degraded
46.6,-31.77417,-31.70812,-0.06605,24.37347,26.18581,-1.81234,3.0268,3.0,85.0,0.00126,0.3,degraded
46.61,-31.76217,-31.71732,-0.04485,24.22428,26.06451,-1.84023,2.9873,3.0,85.0,0.01184,0.3,degraded
46.62,-31.74855,-31.73311,-0.01544,24.07447,25.93113,-1.85666,2.9902,2.9867,85.0,0.01083,0.3,degraded
46.63,-31.73324,-31.74154,0.0083,23.92407,25.79234,-1.86827,2.9957,2.9961,85.0,0.00771,0.3,degraded
46.64,-31.71618,-31.75554,0.03936,23.7731,25.66072,-1.88762,3.0015,2.9922,85.0,0.00488,0.3,degraded
46.65,-31.6973,-31.76141,0.06412,23.62161,25.52129,-1.89968,2.9916,1.0851,85.0,0.00709,0.3,degraded
46.66,-31.67653,-31.7721,0.09557,23.46961,25.37544,-1.90584,3.0037,2.9961,85.0,0.01221,0.3,degraded
46.67,-31.65381,-31.77513,0.12132,23.31714,25.2448,-1.92766,3.009,2.9712,85.0,0.0,0.3,degraded
46.68,-31.62908,-31.78429,0.15521,23.16422,25.0942,-1.92998,3.0163,3.0,85.0,0.00681,0.3,degraded
46.69,-31.60226,-31.78759,0.18532,23.01088,24.95615,-1.94527,3.0017,3.0,85.0,0.0024,0.3,degraded
46.7,-31.57331,-31.79641,0.2231,22.85716,24.81313,-1.95597,3.0016,3.0,85.0,0.00121,0.3,degraded
46.71,-31.54215,-31.79818,0.25603,22.70307,24.68471,-1.98163,2.992,3.0,85.0,0.0134,0.3,degraded
46.72,-31.50873,-31.80736,0.29863,22.54866,24.53803,-1.98937,3.0242,2.989,85.0,0.01775,0.3,degraded
46.73,-31.47298,-31.81118,0.3382,22.39393,24.38603,-1.9921,2.9913,3.0,85.0,0.00466,0.3,degraded
46.74,-31.43485,-31.82117,0.38633,22.23893,24.24388,-2.00495,2.9963,2.9971,85.0,0.01986,0.3,degraded
46.75,-31.39426,-31.82537,0.43111,22.08368,24.10677,-2.02309,2.9879,3.0,85.0,0.00417,0.3,degraded
46.76,-31.35118,-31.83671,0.48553,21.92821,23.95351,-2.0253,3.0065,3.0,85.0,0.00764,0.3,degraded
46.77,-31.30552,-31.84234,0.53682,21.77254,23.80899,-2.03645,2.988,2.9907,85.0,0.01603,0.3,degraded
46.78,-31.25725,-31.85163,0.59438,21.61669,23.65468,-2.03798,2.9722,2.9908,85.0,0.00802,0.3,degraded
46.79,-31.2063,-31.84835,0.64205,21.46071,23.4962,-2.03549,2.8827,2.9792,85.0,0.01255,0.3,degraded
46.8,-31.15262,-31.84374,0.69113,21.3046,23.34157,-2.03697,2.9818,1.1803,85.0,0.00621,0.3,degraded
46.81,-31.09615,-31.82683,0.73068,21.1484,23.20417,-2.05576,2.8954,3.0,85.0,0.0042,0.3,degraded
46.82,-31.03683,-31.80907,0.77224,20.99214,23.0542,-2.06206,3.0051,3.0,85.0,0.0,0.3,degraded
46.83,-30.97463,-31.77942,0.80479,20.83583,22.90888,-2.07306,3.0067,2.9902,85.0,0.00366,0.3,degraded
46.84,-30.90948,-31.75331,0.84383,20.6795,22.75868,-2.07918,2.9974,3.0,85.0,0.00582,0.3,degraded
46.85,-30.84133,-31.71629,0.87497,20.52318,22.61406,-2.09088,2.9958,1.7455,85.0,0.0075,0.3,degraded
46.86,-30.77013,-31.6811,0.91097,20.36688,22.46598,-2.0991,3.0279,3.0,85.0,0.00381,0.3,degraded
46.87,-30.69584,-31.63587,0.94003,20.21064,22.31224,-2.10159,2.8116,1.5631,85.0,0.01276,0.3,degraded
46.88,-30.6184,-31.59022,0.97182,20.05448,22.16621,-2.11173,3.0324,3.0,85.0,0.00197,0.3,degraded
46.89,-30.53778,-31.53533,0.99756,19.89842,22.01763,-2.11922,3.0002,0.4633,85.0,0.01505,0.3,degraded
46.9,-30.45392,-31.46728,1.01336,19.74247,21.85563,-2.11315,3.0083,3.0,85.0,0.02192,0.3,degraded
46.91,-30.36677,-31.38572,1.01894,19.58668,21.69282,-2.10614,2.9941,0.034,85.0,0.00051,0.3,degraded
46.92,-30.27631,-31.31145,1.03513,19.43105,21.53152,-2.10047,3.0047,2.9885,85.0,0.02083,0.3,degraded
46.93,-30.18248,-31.23232,1.04984,19.2756,21.38703,-2.11143,3.0012,2.7813,85.0,0.00877,0.3,degraded
46.94,-30.08525,-31.14781,1.06256,19.12037,21.22731,-2.10695,0.7726,2.9896,85.0,0.02507,0.3,degraded
46.95,-29.98457,-31.05342,1.06885,18.96536,21.07219,-2.10683,2.9914,3.0,85.0,0.008,0.3,degraded
46.96,-29.88041,-30.97661,1.0962,18.8106,20.91583,-2.10522,3.0014,0.9752,85.0,0.0244,0.3,degraded
46.97,-29.77273,-30.88793,1.1152,18.65612,20.77704,-2.12092,3.0141,3.0,85.0,0.00094,0.3,degraded
46.98,-29.66149,-30.80544,1.14395,18.50192,20.62144,-2.11952,2.6027,2.9915,85.0,0.02154,0.3,degraded
46.99,-29.54666,-30.70979,1.16313,18.34803,20.46472,-2.11669,3.0131,1.8585,85.0,0.00708,0.3,degraded
47.0,-29.4282,-30.61465,1.18645,18.19447,20.30096,-2.1065,2.4152,1.3812,85.0,0.01569,0.3,degraded
47.01,-29.30609,-30.50267,1.19657,18.04125,20.15449,-2.11323,2.9952,2.9986,85.0,0.01286,0.3,degraded
47.02,-29.1803,-30.40604,1.22574,17.8884,20.0014,-2.11301,2.9947,0.4432,85.0,0.01887,0.3,degraded
47.03,-29.05079,-30.29898,1.24819,17.73593,19.84684,-2.11091,2.9882,2.6758,85.0,0.01069,0.3,degraded
47.04,-28.91753,-30.19088,1.27334,17.58385,19.69035,-2.1065,2.5352,3.0,85.0,0.01294,0.3,degraded
47.05,-28.78051,-30.07768,1.29718,17.43219,19.54285,-2.11066,2.9971,3.0,85.0,0.01378,0.3,degraded
47.06,-28.63969,-29.97602,1.33633,17.28096,19.38751,-2.10655,2.9772,3.0,85.0,0.00494,0.3,degraded
47.07,-28.49505,-29.87019,1.37514,17.13018,19.23496,-2.10478,3.0077,3.0,85.0,0.01777,0.3,degraded
47.08,-28.34658,-29.75126,1.40468,16.97986,19.07278,-2.09292,3.0136,2.281,85.0,0.01509,0.3,degraded
47.09,-28.19424,-29.63229,1.43805,16.83002,18.92365,-2.09363,2.9847,3.0,85.0,0.00231,0.3,degraded
47.1,-28.03802,-29.50928,1.47126,16.68066,18.77074,-2.09007,3.0042,2.0863,85.0,0.00808,0.3,degraded
47.11,-27.87791,-29.38775,1.50984,16.53182,18.63108,-2.09926,3.0061,2.9946,85.0,0.02211,0.3,degraded
47.12,-27.71388,-29.25999,1.5461,16.38349,18.47315,-2.08966,0.0844,3.0,85.0,0.01295,0.3,degraded
47.13,-27.54593,-29.12173,1.57581,16.23569,18.32582,-2.09013,2.9874,3.0,85.0,0.01425,0.3,degraded
47.14,-27.37403,-28.98297,1.60894,16.08844,18.16732,-2.07888,2.9982,2.9981,85.0,0.01115,0.3,degraded
47.15,-27.19818,-28.84777,1.64959,15.94175,18.02378,-2.08204,2.9969,2.9634,85.0,0.01435,0.3,degraded
47.16,-27.01837,-28.69812,1.67975,15.79562,17.87407,-2.07845,2.992,0.9924,85.0,0.02182,0.3,degraded
47.17,-26.83458,-28.54856,1.71398,15.65007,17.73178,-2.08171,3.0065,2.979,85.0,0.01907,0.3,degraded
47.18,-26.64681,-28.41245,1.76563,15.50512,17.57784,-2.07272,1.829,3.0,85.0,0.01261,0.3,degraded
47.19,-26.45506,-28.25559,1.80053,15.36077,17.43405,-2.07329,2.9855,0.8928,85.0,0.01858,0.3,degraded
47.2,-26.25932,-28.08382,1.8245,15.21702,17.28548,-2.06846,3.0076,2.9841,85.0,0.00429,0.3,degraded
47.21,-26.05959,-27.93017,1.87058,15.0739,17.13333,-2.05943,3.0036,2.9954,85.0,0.00815,0.3,degraded
47.22,-25.85587,-27.76498,1.90911,14.93141,16.97707,-2.04567,0.1837,2.9614,85.0,0.00129,0.3,degraded
47.23,-25.64815,-27.58701,1.93886,14.78955,16.83283,-2.04328,0.663,2.9745,85.0,0.0083,0.3,degraded
47.24,-25.43645,-27.42187,1.98542,14.64834,16.67973,-2.03139,2.2562,3.0,85.0,0.01559,0.3,degraded
47.25,-25.22075,-27.23923,2.01847,14.50779,16.54069,-2.03291,2.9693,3.0,85.0,0.0,0.3,degraded
47.26,-25.00108,-27.06042,2.05934,14.36789,16.38586,-2.01796,2.9919,3.0,85.0,0.01248,0.3,degraded
47.27,-24.77743,-26.87082,2.09339,14.22866,16.24541,-2.01675,0.5485,2.991,85.0,0.02453,0.3,degraded
47.28,-24.54982,-26.68176,2.13195,14.09011,16.10069,-2.01058,2.9954,2.9978,85.0,0.0073,0.3,degraded
47.29,-24.31825,-26.48443,2.16618,13.95223,15.96023,-2.00799,3.0017,2.9688,85.0,0.01154,0.3,degraded
47.3,-24.08273,-26.29234,2.20961,13.81504,15.80989,-1.99485,0.7056,2.983,85.0,0.023,0.3,degraded
47.31,-23.84329,-26.09403,2.25075,13.67854,15.68031,-2.00177,2.9911,2.1644,85.0,0.01304,0.3,degraded
47.32,-23.59992,-25.88669,2.28677,13.54273,15.53392,-1.99119,3.0039,2.4702,85.0,0.02218,0.3,degraded
47.33,-23.35265,-25.68006,2.32741,13.40762,15.3867,-1.97909,2.9899,2.9994,85.0,0.0231,0.3,degraded
47.34,-23.1015,-25.47648,2.37497,13.2732,15.24482,-1.97162,3.0051,2.994,85.0,0.00188,0.3,degraded
47.35,-22.84649,-25.25789,2.4114,13.13949,15.10521,-1.96571,2.9826,3.0,85.0,0.00784,0.3,degraded
47.36,-22.58763,-25.04937,2.46174,13.00649,14.96747,-1.96098,3.0131,2.9921,85.0,0.01745,0.3,degraded
47.37,-22.32495,-24.82081,2.49587,12.87419,14.82798,-1.95379,3.0082,3.0,85.0,0.01218,0.3,degraded
47.38,-22.05847,-24.60042,2.54196,12.7426,14.67812,-1.93552,3.0136,2.9912,85.0,0.01257,0.3,degraded
47.39,-21.78822,-24.35926,2.57104,12.61172,14.53996,-1.92824,2.4693,2.1837,85.0,0.02018,0.3,degraded
47.4,-21.51422,-24.13343,2.61921,12.48155,14.41138,-1.92982,2.0058,2.7364,85.0,0.01047,0.3,degraded
47.41,-21.2365,-23.90071,2.66421,12.35209,14.27478,-1.92269,2.9687,1.0617,85.0,0.02814,0.3,degraded
47.42,-20.95509,-23.66576,2.71067,12.22334,14.13607,-1.91272,3.0097,2.7543,85.0,0.0133,0.3,degraded
47.43,-20.67003,-23.41432,2.74429,12.0953,13.99921,-1.90391,2.7848,2.988,85.0,0.01988,0.3,degraded
47.44,-20.38134,-23.15869,2.77735,11.96797,13.85933,-1.89137,3.0286,0.5704,85.0,0.00556,0.3,degraded
47.45,-20.08905,-22.91642,2.82736,11.84134,13.73148,-1.89014,2.1469,2.9824,85.0,0.01492,0.3,degraded
47.46,-19.79322,-22.66502,2.87181,11.71541,13.59684,-1.88143,3.0235,3.0,85.0,0.0186,0.3,degraded
47.47,-19.49386,-22.3965,2.90264,11.59019,13.45788,-1.86769,2.9913,1.4985,85.0,0.01093,0.3,degraded
47.48,-19.19102,-22.1314,2.94038,11.46566,13.33207,-1.86641,2.9991,2.9924,85.0,0.00489,0.3,degraded
47.49,-18.88474,-21.86681,2.98207,11.34183,13.19321,-1.85138,3.0185,3.0,85.0,0.01542,0.3,degraded
47.5,-18.57506,-21.60404,3.02898,11.21868,13.05057,-1.83189,3.0086,2.9832,85.0,0.00919,0.3,degraded
47.51,-18.26202,-21.33215,3.07013,11.09623,12.92144,-1.82522,3.0056,2.9962,85.0,0.00314,0.3,degraded
47.52,-17.94567,-21.05473,3.10906,10.97445,12.7871,-1.81265,3.0039,3.0,85.0,0.01064,0.3,degraded
47.53,-17.62605,-20.77542,3.14937,10.85335,12.65466,-1.80131,3.0412,0.0237,85.0,0.02287,0.3,degraded
47.54,-17.3032,-20.48867,3.18547,10.73291,12.52431,-1.79139,3.0035,2.9987,85.0,0.02522,0.3,degraded
47.55,-16.97718,-20.19485,3.21767,10.61314,12.39836,-1.78522,2.131,2.5732,85.0,0.01541,0.3,degraded
47.56,-16.64803,-19.91794,3.26991,10.49403,12.26526,-1.77123,2.2577,2.996,85.0,0.02435,0.3,degraded
47.57,-16.3158,-19.61443,3.29863,10.37557,12.12669,-1.75112,2.9969,2.9956,85.0,0.01269,0.3,degraded
47.58,-15.98055,-19.30635,3.3258,10.25775,12.00694,-1.74919,1.251,2.5577,85.0,0.01621,0.3,degraded
47.59,-15.64233,-19.00087,3.35854,10.14056,11.87848,-1.73792,3.0143,2.9885,85.0,0.01441,0.3,degraded
47.6,-15.30118,-18.69784,3.39665,10.024,11.75112,-1.72712,0.3013,1.8858,85.0,0.0048,0.3,degraded
47.61,-14.95718,-18.38966,3.43248,9.90806,11.63607,-1.72801,3.0191,3.0,85.0,0.02246,0.3,degraded
47.62,-14.61036,-18.08345,3.47309,9.79273,11.51457,-1.72184,2.9985,2.9999,85.0,0.02674,0.3,degraded
47.63,-14.2608,-17.76868,3.50788,9.67799,11.38722,-1.70923,2.3513,1.6306,85.0,0.01343,0.3,degraded
47.64,-13.90854,-17.45054,3.54201,9.56385,11.2702,-1.70635,1.7254,3.0,85.0,0.02283,0.3,degraded
47.65,-13.55364,-17.13052,3.57688,9.45029,11.13828,-1.68799,3.0114,0.175,85.0,0.00209,0.3,degraded
47.66,-13.19618,-16.81174,3.61556,9.33729,11.00401,-1.66672,1.8685,3.0,85.0,0.00476,0.3,degraded
47.67,-12.8362,-16.48625,3.65005,9.22486,10.89245,-1.66759,3.008,3.0,85.0,0.01092,0.3,degraded
47.68,-12.47378,-16.15406,3.68028,9.11297,10.77469,-1.66172,2.9852,2.9843,85.0,0.01793,0.3,degraded
47.69,-12.10896,-15.80469,3.69573,9.00162,10.65815,-1.65654,2.9844,2.9932,85.0,0.00511,0.3,degraded
47.7,-11.74183,-15.47346,3.73162,8.89079,10.53359,-1.6428,3.0085,3.0,85.0,0.01764,0.3,degraded
47.71,-11.37245,-15.12555,3.75311,8.78047,10.42674,-1.64627,2.9993,2.433,85.0,0.01823,0.3,degraded
47.72,-11.00087,-14.78439,3.78352,8.67066,10.30212,-1.63146,3.0073,1.3775,85.0,0.01477,0.3,degraded
47.73,-10.62717,-14.44521,3.81804,8.56132,10.19435,-1.63302,3.0097,1.5194,85.0,0.01758,0.3,degraded
47.74,-10.25142,-14.10474,3.85333,8.45247,10.07318,-1.62071,1.0258,2.167,85.0,0.02144,0.3,degraded
47.75,-9.87368,-13.75118,3.8775,8.34407,9.96672,-1.62265,2.9973,0.521,85.0,0.01274,0.3,degraded
47.76,-9.49402,-13.41109,3.91706,8.23612,9.84666,-1.61054,3.0114,3.0,85.0,0.00473,0.3,degraded
47.77,-9.11253,-13.04718,3.93466,8.1286,9.73591,-1.60732,2.1349,2.9841,85.0,0.01799,0.3,degraded
47.78,-8.72925,-12.69447,3.96521,8.02149,9.61765,-1.59616,1.4015,1.7603,85.0,0.01329,0.3,degraded
47.79,-8.34428,-12.33396,3.98968,7.9148,9.50813,-1.59334,2.9997,0.3415,85.0,0.02296,0.3,degraded
47.8,-7.95767,-11.98179,4.02412,7.80848,9.3893,-1.58082,3.0281,0.9412,85.0,0.01269,0.3,degraded
47.81,-7.56951,-11.61369,4.04417,7.70255,9.2725,-1.56996,2.9995,3.0,85.0,0.01714,0.3,degraded
47.82,-7.17987,-11.23437,4.0545,7.59696,9.16275,-1.56579,2.9789,3.0,85.0,0.01556,0.3,degraded
47.83,-6.78882,-10.86541,4.07659,7.49173,9.04707,-1.55535,1.2685,2.9877,85.0,0.0078,0.3,degraded
47.84,-6.39644,-10.49746,4.10102,7.38681,8.93448,-1.54767,0.3546,2.9991,85.0,0.00702,0.3,degraded
47.85,-6.0028,-10.12485,4.12206,7.28221,8.82619,-1.54398,2.9943,2.9912,85.0,0.02356,0.3,degraded
47.86,-5.60797,-9.75448,4.1465,7.1779,8.70344,-1.52554,3.0194,3.0,85.0,0.01126,0.3,degraded
47.87,-5.21205,-9.36801,4.15597,7.07386,8.6003,-1.52644,0.1947,2.9897,85.0,0.01539,0.3,degraded
47.88,-4.81509,-8.98789,4.1728,6.97009,8.49014,-1.52006,0.4119,0.9658,85.0,0.00842,0.3,degraded
47.89,-4.41719,-8.60029,4.1831,6.86656,8.3785,-1.51195,3.0035,2.975,85.0,0.00961,0.3,degraded
47.9,-4.01841,-8.22046,4.20205,6.76325,8.26377,-1.50052,3.0047,2.9814,85.0,0.01337,0.3,degraded
47.91,-3.61884,-7.83885,4.22,6.66015,8.15713,-1.49698,2.9862,3.0,85.0,0.00735,0.3,degraded
47.92,-3.21855,-7.45801,4.23945,6.55724,8.05959,-1.50235,2.1854,2.9891,85.0,0.0179,0.3,degraded
47.93,-2.81763,-7.07126,4.25363,6.4545,7.95307,-1.49857,2.6522,0.7902,85.0,0.00701,0.3,degraded
47.94,-2.41615,-6.68209,4.26594,6.35192,7.83873,-1.4868,2.9995,3.0,85.0,0.01046,0.3,degraded
47.95,-2.01419,-6.29156,4.27737,6.24948,7.74345,-1.49398,1.0507,2.9809,85.0,0.02068,0.3,degraded
47.96,-1.61183,-5.90415,4.29232,6.14715,7.63213,-1.48498,2.9887,2.9926,85.0,0.00049,0.3,degraded
47.97,-1.20915,-5.51665,4.3075,6.04492,7.54064,-1.49571,2.9955,2.9898,85.0,0.00464,0.3,degraded
47.98,-0.80624,-5.13515,4.32892,5.94278,7.42193,-1.47915,0.8394,3.0,85.0,0.01216,0.3,degraded
47.99,-0.40316,-4.73752,4.33436,5.84069,7.327,-1.48631,2.9802,3.0,85.0,0.01998,0.3,degraded
48.0,-0.0,-4.34601,4.34601,5.73865,7.21831,-1.47966,2.345,2.1583,85.0,0.0094,0.3,degraded
48.01,0.40316,-3.94977,4.35293,5.63663,7.11518,-1.47855,3.0057,2.9956,85.0,0.01864,0.3,degraded
48.02,0.80624,-3.56548,4.37171,5.53462,7.00607,-1.47145,3.0094,2.9902,85.0,0.01584,0.3,degraded
48.03,1.20915,-3.15674,4.3659,5.4326,6.89349,-1.46089,2.9955,2.9888,85.0,0.01417,0.3,degraded
48.04,1.61183,-2.76741,4.37924,5.33054,6.78089,-1.45034,0.1683,2.9843,85.0,0.01151,0.3,degraded
48.05,2.01419,-2.35976,4.37395,5.22843,6.67455,-1.44611,1.3286,2.2757,85.0,0.0046,0.3,degraded
48.06,2.41615,-1.97325,4.3894,5.12625,6.5762,-1.44994,1.3291,3.0,85.0,0.02113,0.3,degraded
48.07,2.81763,-1.57352,4.39115,5.02398,6.47788,-1.4539,2.9704,1.7102,85.0,0.01271,0.3,degraded
48.08,3.21855,-1.18,4.39856,4.9216,6.37187,-1.45027,1.5212,2.9949,85.0,0.01086,0.3,degraded
48.09,3.61884,-0.77298,4.39182,4.81909,6.27648,-1.45739,1.5124,2.9787,85.0,0.00938,0.3,degraded
48.1,4.01841,-0.37385,4.39227,4.71643,6.16957,-1.45314,3.0015,3.0,85.0,0.015,0.3,degraded
48.11,4.41719,0.02314,4.39405,4.61361,6.0625,-1.4489,1.7303,1.0399,85.0,0.01116,0.3,degraded
48.12,4.81509,0.41565,4.39944,4.51059,5.96524,-1.45465,2.9906,0.6428,85.0,0.01185,0.3,degraded
48.13,5.21205,0.81824,4.39381,4.40737,5.85249,-1.44512,2.9853,3.0,85.0,0.01283,0.3,degraded
48.14,5.60797,1.23022,4.37776,4.30392,5.74856,-1.44464,3.001,3.0,85.0,0.02206,0.3,degraded
48.15,6.0028,1.63296,4.36984,4.20022,5.64136,-1.44114,2.9811,2.9856,85.0,0.00905,0.3,degraded
48.16,6.39644,2.02895,4.36749,4.09626,5.53823,-1.44197,1.5735,2.9956,85.0,0.01348,0.3,degraded
48.17,6.78882,2.43036,4.35846,3.99201,5.43234,-1.44033,3.0015,2.9922,85.0,0.01103,0.3,degraded
48.18,7.17987,2.83077,4.3491,3.88745,5.32692,-1.43946,2.9944,2.3976,85.0,0.00602,0.3,degraded
48.19,7.56951,3.22789,4.34163,3.78258,5.234,-1.45143,2.9954,2.9813,85.0,0.02631,0.3,degraded
48.2,7.95767,3.61608,4.34159,3.67735,5.12042,-1.44306,3.0245,3.0,85.0,0.02181,0.3,degraded
48.21,8.34428,4.00578,4.3385,3.57177,5.01979,-1.44802,2.9802,1.831,85.0,0.01514,0.3,degraded
48.22,8.72925,4.39975,4.3295,3.4658,4.91616,-1.45035,2.5589,3.0,85.0,0.02507,0.3,degraded
48.23,9.11253,4.79988,4.31265,3.35944,4.81889,-1.45945,3.0018,2.9985,85.0,0.02253,0.3,degraded
48.24,9.49402,5.17642,4.31761,3.25265,4.70832,-1.45567,2.9891,2.9869,85.0,0.02609,0.3,degraded
48.25,9.87368,5.56607,4.3076,3.14542,4.60966,-1.46423,2.5757,2.849,85.0,0.01119,0.3,degraded
48.26,10.25142,5.95989,4.29153,3.03774,4.50897,-1.47123,2.9875,0.0,85.0,0.00969,0.3,degraded
48.27,10.62717,6.35118,4.27599,2.92958,4.38724,-1.45766,3.0013,2.9976,85.0,0.00312,0.3,degraded
48.28,11.00087,6.72962,4.27125,2.82093,4.28034,-1.45941,2.648,1.1439,85.0,0.00548,0.3,degraded
48.29,11.37245,7.11978,4.25267,2.71176,4.17578,-1.46402,2.9881,2.9986,85.0,0.01401,0.3,degraded
48.3,11.74183,7.49691,4.24493,2.60206,4.06994,-1.46788,3.0241,0.6024,85.0,0.00758,0.3,degraded
48.31,12.10896,7.8874,4.22156,2.49181,3.96439,-1.47258,0.4627,0.0994,85.0,0.01009,0.3,degraded
48.32,12.47378,8.27408,4.19969,2.38099,3.85428,-1.47328,3.0035,1.2608,85.0,0.00805,0.3,degraded
48.33,12.8362,8.64987,4.18633,2.26959,3.74214,-1.47254,2.9779,2.9886,85.0,0.01636,0.3,degraded
48.34,13.19618,9.02446,4.17172,2.15759,3.64333,-1.48574,2.9881,3.0,85.0,0.01273,0.3,degraded
48.35,13.55364,9.39808,4.15556,2.04497,3.53029,-1.48532,2.8712,2.9986,85.0,0.01361,0.3,degraded
48.36,13.90854,9.76449,4.14404,1.9317,3.42303,-1.49133,2.9865,1.0107,85.0,0.00794,0.3,degraded
48.37,14.2608,10.1398,4.121,1.81779,3.32168,-1.50389,2.9988,2.9852,85.0,0.00966,0.3,degraded
48.38,14.61036,10.51192,4.09844,1.7032,3.21591,-1.51271,3.0004,2.9882,85.0,0.02288,0.3,degraded
48.39,14.95718,10.88625,4.07093,1.58793,3.11426,-1.52633,0.6812,3.0,85.0,0.00178,0.3,degraded
48.4,15.30118,11.2466,4.05459,1.47195,3.00131,-1.52936,2.9935,3.0,85.0,0.01078,0.3,degraded
48.41,15.64233,11.62109,4.02124,1.35526,2.89604,-1.54078,3.0097,0.9146,85.0,0.01864,0.3,degraded
48.42,15.98055,11.9948,3.98575,1.23782,2.78766,-1.54984,2.9919,3.0,85.0,0.00419,0.3,degraded
48.43,16.3158,12.36044,3.95537,1.11964,2.67924,-1.5596,2.9893,1.5226,85.0,0.01237,0.3,degraded
48.44,16.64803,12.70665,3.94137,1.00069,2.57583,-1.57514,3.0315,3.0,85.0,0.01137,0.3,degraded
48.45,16.97718,13.06905,3.90813,0.88096,2.46479,-1.58383,2.292,2.9922,85.0,0.0057,0.3,degraded
48.46,17.3032,13.41301,3.89019,0.76043,2.35048,-1.59005,0.0939,2.6184,85.0,0.01844,0.3,degraded
48.47,17.62605,13.77488,3.85116,0.63909,2.24086,-1.60177,3.0194,2.9947,85.0,0.01652,0.3,degraded
48.48,17.94567,14.11874,3.82693,0.51693,2.11604,-1.59911,0.6815,3.0,85.0,0.02393,0.3,degraded
48.49,18.26202,14.47493,3.78709,0.39392,2.01128,-1.61735,2.9773,3.0,85.0,0.00204,0.3,degraded
48.5,18.57506,14.80933,3.76573,0.27007,1.88934,-1.61928,3.0111,0.1145,85.0,0.02378,0.3,degraded
48.51,18.88474,15.15633,3.72841,0.14535,1.78417,-1.63882,3.0071,3.0,85.0,0.01629,0.3,degraded
48.52,19.19102,15.48204,3.70898,0.01975,1.65966,-1.63991,2.9902,3.0,85.0,0.0138,0.3,degraded
48.53,19.49386,15.82038,3.67348,-0.10675,1.54371,-1.65046,0.1863,2.9886,85.0,0.0208,0.3,degraded
48.54,19.79322,16.15235,3.64086,-0.23414,1.42486,-1.659,0.8176,2.9873,85.0,0.01789,0.3,degraded
48.55,20.08905,16.47521,3.61384,-0.36245,1.29823,-1.66069,2.0319,2.9925,85.0,0.00285,0.3,degraded
48.56,20.38134,16.7964,3.58493,-0.49169,1.17722,-1.66891,1.7249,3.0,85.0,0.02684,0.3,degraded
48.57,20.67003,17.12359,3.54644,-0.62187,1.0583,-1.68017,3.0177,2.6418,85.0,0.0091,0.3,degraded
48.58,20.95509,17.43747,3.51763,-0.753,0.93524,-1.68824,2.9828,3.0,85.0,0.01918,0.3,degraded
48.59,21.2365,17.74964,3.48686,-0.88509,0.81611,-1.70119,2.245,2.969,85.0,0.01702,0.3,degraded
48.6,21.51422,18.05814,3.45608,-1.01814,0.68125,-1.6994,2.1363,1.2914,85.0,0.0049,0.3,degraded
48.61,21.78822,18.36927,3.41895,-1.15218,0.56508,-1.71726,2.9988,2.9994,85.0,0.00821,0.3,degraded
48.62,22.05847,18.67113,3.38734,-1.28721,0.43436,-1.72157,2.9835,1.0127,85.0,0.00617,0.3,degraded
48.63,22.32495,18.97009,3.35486,-1.42324,0.31353,-1.73677,2.5809,2.9982,85.0,0.01782,0.3,degraded
48.64,22.58763,19.27113,3.3165,-1.56027,0.18062,-1.74089,2.9599,2.9992,85.0,0.008,0.3,degraded
48.65,22.84649,19.57713,3.26936,-1.69832,0.06034,-1.75866,2.9852,3.0,85.0,0.0204,0.3,degraded
48.66,23.1015,19.87402,3.22749,-1.8374,-0.06624,-1.77116,2.9738,2.972,85.0,0.01437,0.3,degraded
48.67,23.35265,20.16533,3.18733,-1.9775,-0.19629,-1.78121,2.9644,2.1048,85.0,0.01458,0.3,degraded
48.68,23.59992,20.45256,3.14736,-2.11865,-0.3332,-1.78545,3.0043,2.9854,85.0,0.0,0.3,degraded
48.69,23.84329,20.73398,3.1093,-2.26083,-0.45767,-1.80316,3.016,2.0954,85.0,0.00928,0.3,degraded
48.7,24.08273,21.01485,3.06788,-2.40407,-0.591,-1.81307,3.0109,3.0,85.0,0.02314,0.3,degraded
48.71,24.31825,21.28753,3.03072,-2.54837,-0.71338,-1.83499,0.8998,2.9864,85.0,0.01285,0.3,degraded
48.72,24.54982,21.54457,3.00525,-2.69373,-0.8582,-1.83553,2.9862,2.0096,85.0,0.0149,0.3,degraded
48.73,24.77743,21.82606,2.95137,-2.84015,-0.97737,-1.86278,3.0012,2.9995,85.0,0.0112,0.3,degraded
48.74,25.00108,22.08877,2.91231,-2.98765,-1.12318,-1.86447,2.995,3.0,85.0,0.00565,0.3,degraded
48.75,25.22075,22.35341,2.86735,-3.13622,-1.25076,-1.88546,3.0079,2.9739,85.0,0.02094,0.3,degraded
48.76,25.43645,22.61468,2.82177,-3.28587,-1.38398,-1.90189,2.2092,3.0,85.0,0.02211,0.3,degraded
48.77,25.64815,22.86184,2.78631,-3.43661,-1.51925,-1.91736,2.9935,2.9903,85.0,0.02076,0.3,degraded
48.78,25.85587,23.10691,2.74895,-3.58843,-1.65898,-1.92945,0.2538,1.9573,85.0,0.01278,0.3,degraded
48.79,26.05959,23.36072,2.69887,-3.74134,-1.79215,-1.94919,0.9231,2.968,85.0,0.00633,0.3,degraded
48.8,26.25932,23.59396,2.66536,-3.89533,-1.93533,-1.96,3.0003,2.9851,85.0,0.00664,0.3,degraded
48.81,26.45506,23.83423,2.62084,-4.05042,-2.07001,-1.98041,3.0113,3.0,85.0,0.01032,0.3,degraded
48.82,26.64681,24.06389,2.58293,-4.2066,-2.21164,-1.99496,3.0126,1.0963,85.0,0.01605,0.3,degraded
48.83,26.83458,24.29921,2.53537,-4.36387,-2.36212,-2.00175,2.9719,1.9454,85.0,0.0,0.3,degraded
48.84,27.01837,24.52405,2.49432,-4.52223,-2.50855,-2.01369,2.9847,3.0,85.0,0.0088,0.3,degraded
48.85,27.19818,24.74524,2.45294,-4.68169,-2.65339,-2.0283,0.1109,3.0,85.0,0.01999,0.3,degraded
48.86,27.37403,24.97072,2.40331,-4.84223,-2.80697,-2.03526,2.9835,1.0802,85.0,0.0,0.3,degraded
48.87,27.54593,25.1916,2.35433,-5.00386,-2.94488,-2.05898,0.1189,3.0,85.0,0.00278,0.3,degraded
48.88,27.71388,25.40875,2.30514,-5.16658,-3.09359,-2.07299,3.0129,2.9883,85.0,0.01912,0.3,degraded
48.89,27.87791,25.61749,2.26042,-5.33038,-3.24422,-2.08616,3.0144,2.9835,85.0,0.00412,0.3,degraded
48.9,28.03802,25.81027,2.22776,-5.49527,-3.40219,-2.09307,2.9883,3.0,85.0,0.0191,0.3,degraded
48.91,28.19424,26.01196,2.18228,-5.66123,-3.54659,-2.11463,2.9997,2.9919,85.0,0.01561,0.3,degraded
48.92,28.34658,26.19414,2.15244,-5.82827,-3.70165,-2.12661,2.9798,2.8447,85.0,0.00883,0.3,degraded
48.93,28.49505,26.39627,2.09879,-5.99637,-3.84856,-2.14781,2.985,3.0,85.0,0.01796,0.3,degraded
48.94,28.63969,26.57177,2.06792,-6.16554,-4.01264,-2.1529,2.9895,2.1829,85.0,0.02387,0.3,degraded
48.95,28.78051,26.75443,2.02608,-6.33577,-4.15794,-2.17783,2.989,0.1702,85.0,0.01105,0.3,degraded
48.96,28.91753,26.93034,1.98719,-6.50705,-4.31848,-2.18858,0.0293,1.1546,85.0,0.0027,0.3,degraded
48.97,29.05079,27.11633,1.93445,-6.67938,-4.48364,-2.19574,3.0044,0.8639,85.0,0.02374,0.3,degraded
48.98,29.1803,27.28776,1.89254,-6.85275,-4.65236,-2.2004,3.019,3.0,85.0,0.02084,0.3,degraded
48.99,29.30609,27.47394,1.83216,-7.02715,-4.79746,-2.22969,2.9951,1.6014,85.0,0.01438,0.3,degraded
49.0,29.4282,27.63326,1.79495,-7.20258,-4.9591,-2.24348,1.2266,2.992,85.0,0.02024,0.3,degraded
49.01,29.54666,27.78324,1.76342,-7.37903,-5.12639,-2.25264,3.0009,2.9782,85.0,0.00867,0.3,degraded
49.02,29.66149,27.94834,1.71315,-7.55648,-5.29518,-2.2613,2.9806,3.0,85.0,0.01078,0.3,degraded
49.03,29.77273,28.10533,1.6674,-7.73493,-5.44316,-2.29177,3.0256,2.8829,85.0,0.01115,0.3,degraded
49.04,29.88041,28.2491,1.63131,-7.91437,-5.618,-2.29637,3.007,3.0,85.0,0.02386,0.3,degraded
49.05,29.98457,28.38859,1.59598,-8.09478,-5.77801,-2.31677,2.9809,3.0,85.0,0.00164,0.3,degraded
49.06,30.08525,28.52638,1.55887,-8.27617,-5.95372,-2.32245,3.0018,0.7428,85.0,0.02521,0.3,degraded
49.07,30.18248,28.6675,1.51498,-8.45851,-6.1188,-2.33971,1.1206,3.0,85.0,0.01297,0.3,degraded
49.08,30.27631,28.79515,1.48116,-8.6418,-6.28817,-2.35362,0.586,3.0,85.0,0.01137,0.3,degraded
49.09,30.36677,28.93956,1.42721,-8.82601,-6.45859,-2.36742,3.0039,3.0,85.0,0.02102,0.3,degraded
49.1,30.45392,29.06769,1.38622,-9.01115,-6.63037,-2.38078,3.0042,2.9988,85.0,0.01067,0.3,degraded
49.11,30.53778,29.19205,1.34572,-9.1972,-6.79764,-2.39955,3.0165,3.0,85.0,0.01414,0.3,degraded
49.12,30.6184,29.30772,1.31068,-9.38413,-6.96962,-2.41451,2.9956,3.0,85.0,0.01845,0.3,degraded
49.13,30.69584,29.42716,1.26868,-9.57195,-7.13868,-2.43326,3.0262,2.9975,85.0,0.01646,0.3,degraded
49.14,30.77013,29.54204,1.22809,-9.76063,-7.32705,-2.43357,3.0032,2.9799,85.0,0.01667,0.3,degraded
49.15,30.84133,29.65193,1.18939,-9.95016,-7.49923,-2.45093,2.99,2.9922,85.0,0.02038,0.3,degraded
49.16,30.90948,29.74787,1.1616,-10.14052,-7.689,-2.45152,0.5754,3.0,85.0,0.0257,0.3,degraded
49.17,30.97463,29.85706,1.11757,-10.3317,-7.86992,-2.46177,2.9953,1.4245,85.0,0.00609,0.3,degraded
49.18,31.03683,29.95454,1.08229,-10.52368,-8.04413,-2.47955,3.032,2.9991,85.0,0.01604,0.3,degraded
49.19,31.09615,30.04702,1.04912,-10.71644,-8.22651,-2.48994,1.5642,2.9986,85.0,0.01455,0.3,degraded
49.2,31.15262,30.13774,1.01488,-10.90997,-8.40759,-2.50238,3.0027,3.0,85.0,0.00047,0.3,degraded
49.21,31.2063,30.22718,0.97912,-11.10425,-8.59177,-2.51249,3.0245,2.6232,85.0,0.01514,0.3,degraded
49.22,31.25725,30.29986,0.95739,-11.29926,-8.76938,-2.52988,0.3845,3.0,85.0,0.02655,0.3,degraded
49.23,31.30552,30.38458,0.92095,-11.49498,-8.94694,-2.54805,2.9989,0.7068,85.0,0.00585,0.3,degraded
49.24,31.35118,30.4632,0.88798,-11.6914,-9.13682,-2.55458,2.0313,3.0,85.0,0.017,0.3,degraded
49.25,31.39426,30.5345,0.85977,-11.88848,-9.32046,-2.56803,3.0081,3.0,85.0,0.01705,0.3,degraded
49.26,31.43485,30.59989,0.83496,-12.08622,-9.50548,-2.58075,0.6879,0.1498,85.0,0.00705,0.3,degraded
49.27,31.47298,30.66555,0.80743,-12.28459,-9.69126,-2.59334,2.9827,2.9883,85.0,0.00853,0.3,degraded
49.28,31.50873,30.7166,0.79213,-12.48358,-9.8759,-2.60767,2.9875,2.9998,85.0,0.01016,0.3,degraded
49.29,31.54215,30.77269,0.76946,-12.68315,-10.06673,-2.61642,2.9696,2.9947,85.0,0.00879,0.3,degraded
49.3,31.57331,30.82285,0.75046,-12.88329,-10.25555,-2.62774,2.9963,3.0,85.0,0.00326,0.3,degraded
49.31,31.60226,30.87928,0.72298,-13.08398,-10.44173,-2.64225,2.9965,0.2381,85.0,0.01454,0.3,degraded
49.32,31.62908,30.92782,0.70126,-13.28519,-10.63417,-2.65102,2.978,2.981,85.0,0.00437,0.3,degraded
49.33,31.65381,30.98212,0.67169,-13.4869,-10.8291,-2.6578,2.9835,3.0,85.0,0.0086,0.3,degraded
49.34,31.67653,31.02983,0.64669,-13.68909,-11.02141,-2.66768,2.9798,2.9866,85.0,0.01112,0.3,degraded
49.35,31.6973,31.0834,0.6139,-13.89173,-11.20764,-2.68409,2.996,2.9903,85.0,0.00697,0.3,degraded
49.36,31.71618,31.13105,0.58514,-14.09481,-11.40364,-2.69116,2.9967,1.5366,85.0,0.00234,0.3,degraded
49.37,31.73324,31.18545,0.5478,-14.29828,-11.60492,-2.69336,3.0048,2.9946,85.0,0.01752,0.3,degraded
49.38,31.74855,31.23434,0.51422,-14.50214,-11.80741,-2.69473,3.0187,3.0,85.0,0.01456,0.3,degraded
49.39,31.76217,31.28952,0.47265,-14.70635,-11.99212,-2.71423,3.0164,2.9975,85.0,0.01359,0.3,degraded
49.4,31.77417,31.33914,0.43504,-14.91089,-12.19488,-2.71601,2.9913,2.9678,85.0,0.01281,0.3,degraded
49.41,31.78461,31.39607,0.38854,-15.11573,-12.38966,-2.72607,3.0232,3.0,85.0,0.0017,0.3,degraded
49.42,31.79357,31.44624,0.34733,-15.32085,-12.58349,-2.73736,3.0089,3.0,85.0,0.0,0.3,degraded
49.43,31.8011,31.50132,0.29979,-15.52623,-12.79005,-2.73618,2.9858,2.9921,85.0,0.01358,0.3,degraded
49.44,31.80729,31.5484,0.25889,-15.73182,-12.99109,-2.74073,2.9986,0.5964,85.0,0.00372,0.3,degraded
49.45,31.81218,31.60142,0.21076,-15.93761,-13.1879,-2.74971,2.9837,0.7127,85.0,0.00382,0.3,degraded
49.46,31.81587,31.64825,0.16762,-16.14357,-13.3884,-2.75517,3.016,1.3263,85.0,0.00468,0.3,degraded
49.47,31.8184,31.70095,0.11745,-16.34967,-13.5842,-2.76546,3.0388,2.994,85.0,0.01598,0.3,degraded
49.48,31.81986,31.74725,0.07261,-16.55588,-13.79787,-2.75801,2.9933,3.0,85.0,0.00374,0.3,degraded
49.49,31.8203,31.80007,0.02023,-16.76217,-13.99227,-2.7699,2.9623,3.0,85.0,0.01128,0.3,degraded
49.5,31.81981,31.84403,-0.02423,-16.96852,-14.1929,-2.77562,2.9852,2.994,85.0,0.00536,0.3,degraded
49.51,31.81844,31.88579,-0.06735,-17.1749,-14.39455,-2.78035,3.0111,3.0,85.0,0.00202,0.3,degraded
49.52,31.81627,31.91745,-0.10118,-17.38127,-14.60042,-2.78085,2.9916,2.9749,85.0,0.00654,0.3,degraded
49.53,31.81336,31.95065,-0.13729,-17.58761,-14.80484,-2.78276,2.9612,3.0,85.0,0.0058,0.3,degraded
49.54,31.80979,31.97242,-0.16264,-17.79388,-15.00296,-2.79092,3.0085,2.9835,85.0,0.0,0.3,degraded
49.55,31.80562,31.99388,-0.18826,-18.00006,-15.20943,-2.79063,3.0011,3.0,85.0,0.00414,0.3,degraded
49.56,31.80092,32.00756,-0.20663,-18.20612,-15.41,-2.79611,3.0031,0.0627,85.0,0.00707,0.3,degraded
49.57,31.79577,32.02506,-0.2293,-18.41202,-15.61684,-2.79518,2.9781,3.0,85.0,0.00815,0.3,degraded
49.58,31.79022,32.03276,-0.24254,-18.61774,-15.81763,-2.80011,3.0111,2.9042,85.0,0.01672,0.3,degraded
49.59,31.78435,32.04288,-0.25853,-18.82324,-16.01287,-2.81037,3.0097,2.9936,85.0,0.01587,0.3,degraded
49.6,31.77822,32.04597,-0.26775,-19.02849,-16.22048,-2.80802,2.9995,0.2797,85.0,0.00146,0.3,degraded
49.61,31.77191,32.05203,-0.28012,-19.23347,-16.41862,-2.81485,3.0067,3.0,85.0,0.00485,0.3,degraded
49.62,31.76548,32.05059,-0.28511,-19.43813,-16.63171,-2.80642,3.0026,2.9956,85.0,0.0163,0.3,degraded
49.63,31.75899,32.0535,-0.29451,-19.64245,-16.82688,-2.81557,2.9843,1.0948,85.0,0.00584,0.3,degraded
49.64,31.75252,32.04783,-0.29531,-19.84639,-17.03366,-2.81273,3.0065,0.8003,85.0,0.00078,0.3,degraded
49.65,31.74613,32.04704,-0.30091,-20.04993,-17.23756,-2.81237,2.9815,3.0,85.0,0.01032,0.3,degraded
49.66,31.73989,32.03865,-0.29876,-20.25303,-17.43964,-2.81339,2.9726,3.0,85.0,0.01315,0.3,degraded
49.67,31.73386,32.03724,-0.30338,-20.45565,-17.63443,-2.82122,3.0027,2.9996,85.0,0.01061,0.3,degraded
49.68,31.7281,32.02717,-0.29907,-20.65778,-17.84364,-2.81413,2.9981,3.0,85.0,0.01408,0.3,degraded
49.69,31.72268,32.02255,-0.29986,-20.85936,-18.044,-2.81535,3.0087,3.0,85.0,0.00254,0.3,degraded
49.7,31.71768,32.01175,-0.29407,-21.06037,-18.24881,-2.81156,3.0106,1.4176,85.0,0.0077,0.3,degraded
49.71,31.71313,32.00718,-0.29405,-21.26078,-18.44504,-2.81574,2.982,3.0,85.0,0.01449,0.3,degraded
49.72,31.70912,31.99445,-0.28533,-21.46055,-18.64695,-2.81359,3.0066,1.736,85.0,0.0013,0.3,degraded
49.73,31.70571,31.98726,-0.28155,-21.65965,-18.84158,-2.81807,3.0129,2.9968,85.0,0.006,0.3,degraded
49.74,31.70295,31.97244,-0.2695,-21.85805,-19.05235,-2.8057,2.9627,0.7153,85.0,0.00399,0.3,degraded
49.75,31.7009,31.96333,-0.26243,-22.05571,-19.2508,-2.8049,3.0279,2.9887,85.0,0.00328,0.3,degraded
49.76,31.69963,31.94754,-0.24791,-22.2526,-19.44977,-2.80283,2.9861,2.9925,85.0,0.00896,0.3,degraded
49.77,31.6992,31.93621,-0.23701,-22.44868,-19.64731,-2.80137,2.9946,0.7529,85.0,0.0093,0.3,degraded
49.78,31.69965,31.91868,-0.21902,-22.64393,-19.84897,-2.79495,3.0271,1.6,85.0,0.00424,0.3,degraded
49.79,31.70106,31.90705,-0.20598,-22.8383,-20.05506,-2.78324,3.0012,3.0,85.0,0.00474,0.3,degraded
49.8,31.70348,31.88915,-0.18567,-23.03177,-20.25049,-2.78129,3.0024,2.9956,85.0,0.00412,0.3,degraded
49.81,31.70697,31.8776,-0.17064,-23.22431,-20.4552,-2.76911,3.01,3.0,85.0,0.01417,0.3,degraded
49.82,31.71157,31.8615,-0.14993,-23.41587,-20.64663,-2.76923,2.992,3.0,85.0,0.0,0.3,degraded
49.83,31.71735,31.85027,-0.13292,-23.60642,-20.84918,-2.75723,3.002,1.3299,85.0,0.01477,0.3,degraded
49.84,31.72435,31.83265,-0.1083,-23.79593,-21.04788,-2.74805,2.979,2.9763,85.0,0.01241,0.3,degraded
49.85,31.73263,31.82062,-0.08799,-23.98437,-21.23252,-2.75185,3.0003,1.43,85.0,0.0,0.3,degraded
49.86,31.74225,31.80353,-0.06128,-24.1717,-21.43515,-2.73655,3.0036,3.0,85.0,0.0098,0.3,degraded
49.87,31.75325,31.79159,-0.03835,-24.35789,-21.62541,-2.73248,3.0068,1.0926,85.0,0.0133,0.3,degraded
49.88,31.76567,31.77074,-0.00506,-24.5429,-21.82023,-2.72267,2.99,3.0,85.0,0.01014,0.3,degraded
49.89,31.77958,31.75606,0.02352,-24.72671,-22.00739,-2.71932,3.0091,3.0,85.0,0.01075,0.3,degraded
49.9,31.79502,31.73572,0.0593,-24.90927,-22.20629,-2.70298,3.0113,2.9952,85.0,0.00421,0.3,degraded
49.91,31.81202,31.72177,0.09025,-25.09056,-22.38938,-2.70118,2.9928,3.0,85.0,0.00087,0.3,degraded
49.92,31.83065,31.70285,0.1278,-25.27054,-22.6049,-2.66564,2.9962,2.9967,85.0,0.00227,0.3,degraded
49.93,31.85094,31.69053,0.16041,-25.44918,-22.78571,-2.66347,2.9875,2.9928,85.0,0.00722,0.3,degraded
49.94,31.87293,31.67183,0.2011,-25.62644,-22.9865,-2.63994,3.0045,0.8032,85.0,0.01606,0.3,degraded
49.95,31.89667,31.65948,0.23719,-25.8023,-23.18006,-2.62223,2.9979,2.9995,85.0,0.00302,0.3,degraded
49.96,31.9222,31.64026,0.28193,-25.97671,-23.37031,-2.6064,3.0018,1.8671,85.0,0.01809,0.3,degraded
49.97,31.94955,31.62748,0.32207,-26.14965,-23.55268,-2.59697,2.9885,1.787,85.0,0.01209,0.3,degraded
49.98,31.97877,31.6096,0.36917,-26.32108,-23.73951,-2.58157,3.0009,3.0,85.0,0.01194,0.3,degraded
49.99,32.00989,31.59981,0.41008,-26.49098,-23.92716,-2.56382,3.0269,2.0594,85.0,0.01536,0.3,degraded
50.0,32.04294,31.58362,0.45932,-26.6593,-24.11735,-2.54195,2.9955,2.9853,85.0,0.00507,0.3,degraded
50.01,32.07796,31.57927,0.49869,-26.82602,-24.2918,-2.53422,3.0008,0.8142,85.0,0.00056,0.3,degraded
50.02,32.11499,31.57229,0.54271,-26.9911,-24.48006,-2.51104,3.0034,3.0,85.0,0.00535,0.3,degraded
50.03,32.15406,31.57628,0.57777,-27.15452,-24.6617,-2.49281,2.9941,0.6773,85.0,0.00329,0.3,degraded
50.04,32.19518,31.57873,0.61645,-27.31623,-24.84968,-2.46655,2.9831,2.3204,85.0,0.00159,0.3,degraded
50.05,32.23841,31.59364,0.64477,-27.47622,-25.01543,-2.46079,3.0069,2.9848,85.0,0.00648,0.3,degraded
50.06,32.28375,31.60693,0.67682,-27.63444,-25.20617,-2.42827,3.0103,3.0,85.0,0.01097,0.3,degraded
50.07,32.33124,31.63012,0.70112,-27.79087,-25.36781,-2.42307,2.9992,2.9997,85.0,0.0077,0.3,degraded
50.08,32.38091,31.65336,0.72755,-27.94548,-25.54572,-2.39976,2.9803,3.0,85.0,0.01709,0.3,degraded
50.09,32.43276,31.68316,0.74961,-28.09824,-25.71406,-2.38418,2.9995,1.8016,85.0,0.00538,0.3,degraded
50.1,32.48684,31.71184,0.775,-28.2491,-25.88688,-2.36222,2.9977,3.0,85.0,0.00026,0.3,degraded
50.11,32.54316,31.7498,0.79336,-28.39806,-26.05927,-2.33879,3.0123,3.0,85.0,0.00717,0.3,degraded
50.12,32.60173,31.78498,0.81675,-28.54507,-26.22826,-2.31681,2.9631,2.0112,85.0,0.00941,0.3,degraded
50.13,32.66258,31.82848,0.8341,-28.69011,-26.38624,-2.30386,3.0194,2.996,85.0,0.0,0.3,degraded
50.14,32.72571,31.86982,0.8559,-28.83314,-26.56733,-2.26581,3.0165,2.9727,85.0,0.00455,0.3,degraded
50.15,32.79116,31.92067,0.87049,-28.97415,-26.71556,-2.25858,2.9937,3.0,85.0,0.01386,0.3,degraded
50.16,32.85892,31.96755,0.89136,-29.11309,-26.87848,-2.23461,2.9969,1.0928,85.0,0.01541,0.3,degraded
50.17,32.92901,32.02012,0.90889,-29.24994,-27.04279,-2.20715,2.8716,2.3192,85.0,0.01802,0.3,degraded
50.18,33.00145,32.08378,0.91766,-29.38468,-27.20334,-2.18134,2.9988,3.0,85.0,0.00559,0.3,degraded
50.19,33.07623,32.15974,0.91649,-29.51727,-27.36022,-2.15705,2.9927,2.3353,85.0,0.00291,0.3,degraded
50.2,33.15337,32.23781,0.91556,-29.6477,-27.51601,-2.13168,2.9987,2.9978,85.0,0.02786,0.3,degraded
50.21,33.23287,32.31599,0.91689,-29.77592,-27.66663,-2.10929,2.9819,2.9123,85.0,0.00704,0.3,degraded
50.22,33.31474,32.38863,0.92611,-29.90192,-27.83018,-2.07174,2.9996,2.981,85.0,0.01569,0.3,degraded
50.23,33.39898,32.47727,0.92172,-30.02567,-27.96509,-2.06058,3.0179,2.9999,85.0,0.00871,0.3,degraded
50.24,33.4856,32.55352,0.93207,-30.14714,-28.10727,-2.03987,3.0102,3.0,85.0,0.01434,0.3,degraded
50.25,33.57458,32.6367,0.93788,-30.2663,-28.25053,-2.01577,2.9974,0.1334,85.0,0.00394,0.3,degraded
50.26,33.66593,32.71947,0.94646,-30.38314,-28.40062,-1.98252,3.0132,2.9729,85.0,0.00873,0.3,degraded
50.27,33.75965,32.80304,0.95661,-30.49763,-28.5459,-1.95174,0.9582,3.0,85.0,0.00834,0.3,degraded
50.28,33.85573,32.88624,0.96949,-30.60974,-28.68034,-1.9294,3.0141,1.2998,85.0,0.00948,0.3,degraded
50.29,33.95416,32.98013,0.97403,-30.71945,-28.8088,-1.91065,3.0012,2.9833,85.0,0.01193,0.3,degraded
50.3,34.05494,33.055,0.99995,-30.82673,-28.9455,-1.88123,1.0595,0.003,85.0,0.02801,0.3,degraded
50.31,34.15806,33.14802,1.01004,-30.93157,-29.07624,-1.85533,2.9854,3.0,85.0,0.00718,0.3,degraded
50.32,34.26351,33.23385,1.02966,-31.03394,-29.20734,-1.8266,3.0158,0.4875,85.0,0.01976,0.3,degraded
50.33,34.37127,33.31716,1.05411,-31.13381,-29.35184,-1.78197,2.9947,2.2908,85.0,0.00545,0.3,degraded
50.34,34.48134,33.4074,1.07394,-31.23117,-29.47622,-1.75496,3.0094,0.6795,85.0,0.00304,0.3,degraded
50.35,34.59369,33.49989,1.0938,-31.326,-29.603,-1.723,2.9831,2.2363,85.0,0.00565,0.3,degraded
50.36,34.70831,33.58925,1.11905,-31.41827,-29.71922,-1.69905,2.9733,2.9893,85.0,0.01513,0.3,degraded
50.37,34.82518,33.69338,1.1318,-31.50796,-29.84018,-1.66777,1.8954,2.9937,85.0,0.00451,0.3,degraded
50.38,34.94428,33.78646,1.15781,-31.59505,-29.95369,-1.64136,3.0093,0.1466,85.0,0.00939,0.3,degraded
50.39,35.06559,33.88385,1.18174,-31.67953,-30.081,-1.59853,2.9878,2.9842,85.0,0.01217,0.3,degraded
50.4,35.18909,33.9822,1.20689,-31.76137,-30.2041,-1.55726,2.1449,2.683,85.0,0.00649,0.3,degraded
50.41,35.31476,34.08248,1.23227,-31.84055,-30.30566,-1.53489,2.9991,3.0,85.0,0.01399,0.3,degraded
50.42,35.44256,34.19606,1.2465,-31.91707,-30.40896,-1.50811,2.9979,2.9733,85.0,0.01397,0.3,degraded
50.43,35.57247,34.30727,1.26521,-31.99089,-30.51568,-1.47521,2.9958,0.5371,85.0,0.0114,0.3,degraded
50.44,35.70447,34.42286,1.28162,-32.06201,-30.61921,-1.4428,3.0069,3.0,85.0,0.01543,0.3,degraded
50.45,35.83852,34.54137,1.29715,-32.1304,-30.7043,-1.4261,2.9933,2.372,85.0,0.02272,0.3,degraded
50.46,35.9746,34.64146,1.33314,-32.19605,-30.81187,-1.38418,3.0066,2.6898,85.0,0.00435,0.3,degraded
50.47,36.11266,34.76715,1.34551,-32.25895,-30.90584,-1.35311,0.5448,3.0,85.0,0.0063,0.3,degraded
50.48,36.25269,34.88406,1.36863,-32.31907,-30.99897,-1.3201,2.9912,0.1402,85.0,0.01171,0.3,degraded
50.49,36.39463,35.01142,1.38321,-32.37641,-31.08109,-1.29533,3.0008,3.0,85.0,0.01067,0.3,degraded
50.5,36.53846,35.1393,1.39915,-32.43095,-31.17508,-1.25587,2.9956,2.9748,85.0,0.01179,0.3,degraded
50.51,36.68413,35.25527,1.42886,-32.48268,-31.25893,-1.22376,2.9996,3.0,85.0,0.01584,0.3,degraded
50.52,36.83162,35.38185,1.44977,-32.53159,-31.33146,-1.20013,2.3375,3.0,85.0,0.02793,0.3,degraded
50.53,36.98087,35.50799,1.47289,-32.57765,-31.3894,-1.18825,3.0122,2.9828,85.0,0.00163,0.3,degraded
50.54,37.13185,35.63178,1.50007,-32.62086,-31.45405,-1.16681,3.003,3.0,85.0,0.0018,0.3,degraded
50.55,37.28451,35.76304,1.52147,-32.66122,-31.51242,-1.14879,3.0016,3.0,85.0,0.00579,0.3,degraded
50.56,37.43881,35.89543,1.54338,-32.6987,-31.57686,-1.12184,3.0188,2.9907,85.0,0.00049,0.3,degraded
50.57,37.59471,36.03654,1.55816,-32.7333,-31.63392,-1.09937,1.4539,3.0,85.0,0.01054,0.3,degraded
50.58,37.75215,36.1739,1.57825,-32.765,-31.6964,-1.06861,2.1323,2.9944,85.0,0.00711,0.3,degraded
50.59,37.91109,36.31385,1.59724,-32.79381,-31.75246,-1.04135,3.0144,2.999,85.0,0.00663,0.3,degraded
50.6,38.07148,36.44852,1.62296,-32.8197,-31.81297,-1.00673,3.0071,3.0,85.0,0.00468,0.3,degraded
50.61,38.23328,36.59426,1.63902,-32.84268,-31.86684,-0.97584,3.0116,3.0,85.0,0.01178,0.3,degraded
50.62,38.39642,36.73759,1.65884,-32.86273,-31.92684,-0.93588,2.9807,3.0,85.0,0.00641,0.3,degraded
50.63,38.56086,36.88942,1.67144,-32.87985,-31.97874,-0.9011,0.6951,2.9948,85.0,0.01072,0.3,degraded
50.64,38.72655,37.03501,1.69154,-32.89403,-32.035,-0.85903,1.432,2.9946,85.0,0.00487,0.3,degraded
50.65,38.89343,37.18141,1.71202,-32.90526,-32.08333,-0.82193,3.0087,3.0,85.0,0.00013,0.3,degraded
50.66,39.06144,37.33974,1.7217,-32.91355,-32.13777,-0.77578,3.0224,3.0,85.0,0.00345,0.3,degraded
50.67,39.23053,37.49146,1.73907,-32.91888,-32.18818,-0.7307,1.8411,2.9863,85.0,0.01267,0.3,degraded
50.68,39.40064,37.64273,1.75791,-32.92126,-32.24388,-0.67738,2.9894,3.0,85.0,0.00142,0.3,degraded
50.69,39.57171,37.81054,1.76118,-32.92067,-32.29421,-0.62646,2.9944,3.0,85.0,0.0028,0.3,degraded
50.7,39.74369,37.96195,1.78174,-32.91712,-32.35212,-0.565,0.05,3.0,85.0,0.01671,0.3,degraded
50.71,39.91652,38.13172,1.7848,-32.9106,-32.40398,-0.50663,2.9799,3.0,85.0,0.0084,0.3,degraded
50.72,40.09012,38.29258,1.79754,-32.90112,-32.46195,-0.43917,2.4001,3.0,85.0,0.00481,0.3,degraded
50.73,40.26445,38.446,1.81845,-32.88866,-32.51276,-0.37591,3.0103,2.9948,85.0,0.01005,0.3,degraded
50.74,40.43944,38.60436,1.83508,-32.87324,-32.57043,-0.30281,2.9866,2.9947,85.0,0.0036,0.3,degraded
50.75,40.61502,38.77015,1.84487,-32.85485,-32.62153,-0.23332,3.0015,2.9979,85.0,0.00704,0.3,degraded
50.76,40.79113,38.92775,1.86338,-32.83348,-32.67764,-0.15584,2.9993,2.9998,85.0,0.00757,0.3,degraded
50.77,40.96771,39.11582,1.85189,-32.80915,-32.72754,-0.08162,3.0127,2.9932,85.0,0.01404,0.3,degraded
50.78,41.14469,39.28081,1.86388,-32.78186,-32.78622,0.00437,3.0065,2.9846,85.0,0.00192,0.3,degraded
50.79,41.32201,39.44702,1.87499,-32.7516,-32.83732,0.08573,0.6804,2.9947,85.0,0.01412,0.3,degraded
50.8,41.49959,39.6101,1.88949,-32.71838,-32.8872,0.16882,2.9776,3.0,85.0,0.00653,0.3,degraded
50.81,41.67738,39.79114,1.88624,-32.6822,-32.92088,0.23868,3.0207,2.9979,85.0,0.01353,0.3,degraded
50.82,41.85529,39.95213,1.90316,-32.64307,-32.95536,0.31229,2.3588,2.9995,85.0,0.00341,0.3,degraded
50.83,42.03327,40.12469,1.90858,-32.60099,-32.97656,0.37556,3.0254,3.0,85.0,0.00936,0.3,degraded
50.84,42.21125,40.2865,1.92475,-32.55597,-32.99593,0.43996,2.9795,2.9848,85.0,0.00424,0.3,degraded
50.85,42.38914,40.46866,1.92049,-32.50802,-33.00406,0.49604,2.9921,2.9869,85.0,0.00364,0.3,degraded
50.86,42.5669,40.63809,1.92881,-32.45713,-33.01183,0.55469,2.9912,2.9817,85.0,0.00851,0.3,degraded
50.87,42.74443,40.82043,1.924,-32.40332,-33.00802,0.6047,1.568,2.9912,85.0,0.00142,0.3,degraded
50.88,42.92168,40.99569,1.926,-32.3466,-32.9974,0.65081,3.0237,2.9902,85.0,0.00416,0.3,degraded
50.89,43.09857,41.16986,1.92872,-32.28697,-32.98022,0.69325,3.0166,3.0,85.0,0.00714,0.3,degraded
50.9,43.27504,41.33477,1.94026,-32.22444,-32.96774,0.7433,2.9905,3.0,85.0,0.00185,0.3,degraded
50.91,43.45099,41.50648,1.94452,-32.15902,-32.94261,0.78359,2.9909,3.0,85.0,0.00211,0.3,degraded
50.92,43.62638,41.68437,1.942,-32.09072,-32.92094,0.83022,0.975,3.0,85.0,0.00867,0.3,degraded
50.93,43.80111,41.86519,1.93592,-32.01955,-32.88797,0.86842,3.0248,3.0,85.0,0.00494,0.3,degraded
50.94,43.97513,42.02885,1.94628,-31.94553,-32.85652,0.91099,0.9355,2.9971,85.0,0.00471,0.3,degraded
50.95,44.14835,42.20401,1.94434,-31.86866,-32.81408,0.94542,3.0085,2.9801,85.0,0.0087,0.3,degraded
50.96,44.32071,42.36962,1.95108,-31.78896,-32.77236,0.9834,2.9873,3.0,85.0,0.00147,0.3,degraded
50.97,44.49212,42.55278,1.93934,-31.70643,-32.72081,1.01438,0.0941,3.0,85.0,0.0007,0.3,degraded
50.98,44.66253,42.72394,1.93858,-31.6211,-32.66984,1.04874,3.006,2.9962,85.0,0.01193,0.3,degraded
50.99,44.83184,42.90482,1.92702,-31.53297,-32.61303,1.08006,3.0032,3.0,85.0,0.001,0.3,degraded
51.0,45.0,43.07333,1.92667,-31.44207,-32.5578,1.11573,3.0073,3.0,85.0,0.00665,0.3,degraded
51.01,45.16692,43.24957,1.91736,-31.3484,-32.49215,1.14375,3.0091,3.0,85.0,0.00624,0.3,degraded
51.02,45.33254,43.41379,1.91874,-31.25198,-32.43291,1.18093,2.9964,3.0,85.0,0.0091,0.3,degraded
51.03,45.49677,43.59296,1.90381,-31.15283,-32.36145,1.20863,2.9838,2.9993,85.0,0.00712,0.3,degraded
51.04,45.65955,43.76024,1.89931,-31.05096,-32.29447,1.24351,2.9947,2.9952,85.0,0.01643,0.3,degraded
51.05,45.82081,43.93641,1.8844,-30.94639,-32.20149,1.2551,2.9989,3.0,85.0,0.00724,0.3,degraded
51.06,45.98046,44.09878,1.88168,-30.83914,-32.1188,1.27966,3.014,3.0,85.0,0.01513,0.3,degraded
51.07,46.13844,44.26408,1.87436,-30.72922,-32.01854,1.28932,2.0399,3.0,85.0,0.01984,0.3,degraded
51.08,46.29468,44.43356,1.86111,-30.61666,-31.93048,1.31382,3.0122,3.0,85.0,0.01606,0.3,degraded
51.09,46.44909,44.59785,1.85125,-30.50147,-31.81849,1.31701,3.0068,2.9882,85.0,0.0124,0.3,degraded
51.1,46.60162,44.7607,1.84092,-30.38368,-31.71856,1.33488,3.0017,3.0,85.0,0.01296,0.3,degraded
51.11,46.75219,44.93243,1.81976,-30.2633,-31.61957,1.35628,1.1204,2.9955,85.0,0.00515,0.3,degraded
51.12,46.90072,45.08904,1.81168,-30.14035,-31.51025,1.3699,1.0536,2.9997,85.0,0.0068,0.3,degraded
51.13,47.04715,45.24902,1.79813,-30.01485,-31.40132,1.38647,2.9861,2.9956,85.0,0.00329,0.3,degraded
51.14,47.19141,45.40458,1.78683,-29.88683,-31.30203,1.4152,2.9925,1.3356,85.0,0.0065,0.3,degraded
51.15,47.33342,45.5658,1.76762,-29.75631,-31.19329,1.43698,2.9924,2.9955,85.0,0.0,0.3,degraded
51.16,47.47311,45.72158,1.75154,-29.62331,-31.09048,1.46717,3.014,3.0,85.0,0.01319,0.3,degraded
51.17,47.61042,45.88119,1.72924,-29.48785,-30.97896,1.49111,1.0664,2.0888,85.0,0.01519,0.3,degraded
51.18,47.74528,46.02464,1.72065,-29.34995,-30.8738,1.52385,3.029,2.9618,85.0,0.0,0.3,degraded
51.19,47.87763,46.19121,1.68642,-29.20965,-30.74412,1.53447,3.0042,2.9934,85.0,0.0146,0.3,degraded
51.2,48.00738,46.33547,1.67191,-29.06696,-30.6227,1.55574,2.9981,3.0,85.0,0.01231,0.3,degraded
51.21,48.13448,46.4832,1.65128,-28.9219,-30.50946,1.58756,3.0207,2.9891,85.0,0.00288,0.3,degraded
51.22,48.25886,46.61676,1.64209,-28.77451,-30.38437,1.60986,2.985,2.9895,85.0,0.01073,0.3,degraded
51.23,48.38045,46.77563,1.60482,-28.62481,-30.25609,1.63128,3.0103,3.0,85.0,0.01632,0.3,degraded
51.24,48.49919,46.92418,1.57502,-28.47283,-30.13226,1.65943,2.9971,1.1527,85.0,0.00951,0.3,degraded
51.25,48.61502,47.06868,1.54633,-28.31858,-29.99905,1.68047,2.9782,0.5575,85.0,0.00569,0.3,degraded
51.26,48.72787,47.2126,1.51527,-28.1621,-29.86948,1.70738,3.008,2.9884,85.0,0.01534,0.3,degraded
51.27,48.83768,47.35239,1.48529,-28.00342,-29.74036,1.73694,3.0043,3.0,85.0,0.00403,0.3,degraded
51.28,48.94439,47.48511,1.45928,-27.84255,-29.60466,1.76211,3.0158,2.981,85.0,0.01063,0.3,degraded
51.29,49.04793,47.60934,1.43859,-27.67954,-29.48176,1.80222,2.4874,3.0,85.0,0.02226,0.3,degraded
51.3,49.14826,47.73568,1.41257,-27.5144,-29.34505,1.83065,3.0039,1.0044,85.0,0.02278,0.3,degraded
51.31,49.2453,47.86914,1.37616,-27.34717,-29.20381,1.85665,3.0144,1.168,85.0,0.0,0.3,degraded
51.32,49.339,47.97725,1.36175,-27.17787,-29.07311,1.89524,2.5113,3.0,85.0,0.01803,0.3,degraded
51.33,49.42931,48.10116,1.32815,-27.00654,-28.91823,1.9117,2.9732,3.0,85.0,0.02569,0.3,degraded
51.34,49.51617,48.22154,1.29463,-26.8332,-28.79034,1.95715,2.9944,2.4646,85.0,0.00929,0.3,degraded
51.35,49.59952,48.33445,1.26507,-26.65788,-28.63137,1.97349,3.0142,3.0,85.0,0.03348,0.3,degraded
51.36,49.6793,48.43482,1.24448,-26.48061,-28.48406,2.00345,2.9885,1.8281,85.0,0.01819,0.3,degraded
51.37,49.75548,48.54525,1.21023,-26.30143,-28.33363,2.0322,3.0157,2.9973,85.0,0.01187,0.3,degraded
51.38,49.82798,48.64172,1.18626,-26.12036,-28.1831,2.06275,1.8828,2.5294,85.0,0.02264,0.3,degraded
51.39,49.89678,48.74259,1.15419,-25.93743,-28.00986,2.07242,3.0062,2.996,85.0,0.00862,0.3,degraded
51.4,49.9618,48.83537,1.12643,-25.75268,-27.86399,2.11131,2.9917,0.9149,85.0,0.007,0.3,degraded
51.41,50.02301,48.93701,1.086,-25.56614,-27.70015,2.13401,2.9709,1.4677,85.0,0.02251,0.3,degraded
51.42,50.08036,49.03535,1.04501,-25.37784,-27.54084,2.163,2.9999,2.1642,85.0,0.02157,0.3,degraded
51.43,50.1338,49.12432,1.00949,-25.18781,-27.37796,2.19015,3.0078,2.2393,85.0,0.01446,0.3,degraded
51.44,50.18329,49.21586,0.96743,-24.99608,-27.22709,2.231,3.0013,2.9718,85.0,0.01017,0.3,degraded
51.45,50.22878,49.29523,0.93355,-24.80269,-27.0455,2.24281,3.0063,2.9885,85.0,0.01836,0.3,degraded
51.46,50.27024,49.37035,0.89989,-24.60767,-26.87941,2.27174,3.003,2.9841,85.0,0.02135,0.3,degraded
51.47,50.30761,49.45555,0.85206,-24.41104,-26.704,2.29295,2.9834,2.9876,85.0,0.01709,0.3,degraded
51.48,50.34087,49.50904,0.83183,-24.21286,-26.54213,2.32927,2.9926,2.9633,85.0,0.00653,0.3,degraded
51.49,50.36996,49.56334,0.80662,-24.01314,-26.36259,2.34945,3.0024,1.9308,85.0,0.0045,0.3,degraded
51.5,50.39487,49.60969,0.78518,-23.81192,-26.18862,2.3767,2.9932,0.907,85.0,0.00233,0.3,degraded
51.51,50.41554,49.66261,0.75293,-23.60923,-26.0029,2.39367,2.9675,3.0,85.0,0.00986,0.3,degraded
51.52,50.43194,49.70739,0.72456,-23.40512,-25.82862,2.4235,3.021,3.0,85.0,0.0,0.3,degraded
51.53,50.44405,49.75855,0.68551,-23.19961,-25.64294,2.44333,2.9949,3.0,85.0,0.00448,0.3,degraded
51.54,50.45183,49.805,0.64683,-22.99274,-25.45083,2.4581,3.0231,2.9774,85.0,0.01244,0.3,degraded
51.55,50.45525,49.85731,0.59794,-22.78453,-25.26054,2.47601,3.002,3.0,85.0,0.0,0.3,degraded
51.56,50.45428,49.90318,0.5511,-22.57504,-25.07759,2.50256,2.9831,1.6054,85.0,0.00917,0.3,degraded
51.57,50.4489,49.95365,0.49525,-22.36428,-24.8948,2.53052,2.9921,1.6777,85.0,0.00682,0.3,degraded
51.58,50.43907,49.99858,0.44049,-22.1523,-24.70102,2.54872,2.9819,2.3586,85.0,0.0,0.3,degraded
51.59,50.42478,50.05002,0.37476,-21.93913,-24.51316,2.57403,2.981,1.7783,85.0,0.00458,0.3,degraded
51.6,50.406,50.09469,0.31131,-21.7248,-24.32619,2.60139,3.0016,3.0,85.0,0.01332,0.3,degraded
51.61,50.3827,50.14591,0.23679,-21.50936,-24.1292,2.61984,3.0095,0.6643,85.0,0.0,0.3,degraded
51.62,50.35488,50.19023,0.16465,-21.29282,-23.93067,2.63784,3.0306,0.846,85.0,0.00093,0.3,degraded
51.63,50.32251,50.24158,0.08093,-21.07524,-23.73076,2.65552,2.9996,3.0,85.0,0.00558,0.3,degraded
51.64,50.28557,50.2855,7e-05,-20.85665,-23.53215,2.6755,2.9891,2.9921,85.0,0.00654,0.3,degraded
51.65,50.24405,50.33507,-0.09102,-20.63707,-23.33387,2.6968,2.9883,3.0,85.0,0.00267,0.3,degraded
51.66,50.19793,50.36987,-0.17193,-20.41655,-23.13005,2.7135,2.945,1.8601,85.0,0.01154,0.3,degraded
51.67,50.14721,50.39949,-0.25228,-20.19512,-22.9218,2.72668,2.9981,0.8302,85.0,0.00437,0.3,degraded
51.68,50.09187,50.41713,-0.32527,-19.97282,-22.71846,2.74565,3.0077,2.9926,85.0,0.00766,0.3,degraded
51.69,50.0319,50.43262,-0.40072,-19.74967,-22.51284,2.76316,2.8177,3.0,85.0,0.01568,0.3,degraded
51.7,49.96729,50.43272,-0.46543,-19.52573,-22.31591,2.79019,2.9771,2.9983,85.0,0.00577,0.3,degraded
51.71,49.89805,50.43106,-0.53301,-19.30101,-22.09974,2.79873,2.7456,0.1837,85.0,0.00916,0.3,degraded
51.72,49.82416,50.41544,-0.59129,-19.07557,-21.88847,2.8129,3.0066,0.8462,85.0,0.00498,0.3,degraded
51.73,49.74561,50.39911,-0.6535,-18.84942,-21.67414,2.82472,3.0094,2.9952,85.0,0.00632,0.3,degraded
51.74,49.66242,50.37097,-0.70855,-18.62262,-21.46832,2.8457,2.9707,0.4987,85.0,7e-05,0.3,degraded
51.75,49.57458,50.3406,-0.76602,-18.39518,-21.25396,2.85877,3.0405,2.9705,85.0,0.00903,0.3,degraded
51.76,49.48209,50.29445,-0.81236,-18.16716,-21.03851,2.87135,2.9923,2.9963,85.0,0.00807,0.3,degraded
51.77,49.38495,50.25179,-0.86684,-17.93857,-20.81702,2.87844,2.8727,1.6082,85.0,0.0,0.3,degraded
51.78,49.28317,50.19724,-0.91407,-17.70947,-20.6106,2.90113,3.0011,2.9911,85.0,0.01024,0.3,degraded
51.79,49.17676,50.14388,-0.96712,-17.47987,-20.39486,2.91499,3.001,2.9798,85.0,0.02364,0.3,degraded
51.8,49.06572,50.06748,-1.00176,-17.24983,-20.18111,2.93129,2.037,1.6634,85.0,0.0174,0.3,degraded
51.81,48.95007,49.97938,-1.02931,-17.01937,-19.96364,2.94428,3.0012,2.9946,85.0,0.00505,0.3,degraded
51.82,48.8298,49.88389,-1.05409,-16.78852,-19.73703,2.94851,2.9857,2.9749,85.0,0.00792,0.3,degraded
51.83,48.70495,49.79355,-1.0886,-16.55732,-19.51479,2.95747,1.3049,3.0,85.0,0.00358,0.3,degraded
51.84,48.57552,49.70473,-1.12921,-16.32581,-19.29827,2.97246,3.0005,0.2385,85.0,0.00494,0.3,degraded
51.85,48.44152,49.60385,-1.16234,-16.09402,-19.07132,2.97731,3.0132,3.0,85.0,0.00557,0.3,degraded
51.86,48.30298,49.50092,-1.19795,-15.86198,-18.8582,2.99622,3.0093,3.0,85.0,0.00486,0.3,degraded
51.87,48.15991,49.39051,-1.2306,-15.62972,-18.63538,3.00566,1.8133,2.9947,85.0,0.00888,0.3,degraded
51.88,48.01233,49.28104,-1.26871,-15.39729,-18.40827,3.01098,2.9947,2.0587,85.0,0.01747,0.3,degraded
51.89,47.86027,49.16434,-1.30407,-15.16471,-18.18446,3.01975,2.9901,2.9836,85.0,0.0165,0.3,degraded
51.9,47.70375,49.04956,-1.34581,-14.93202,-17.96092,3.02889,1.2918,2.2667,85.0,0.00217,0.3,degraded
51.91,47.54279,48.92428,-1.3815,-14.69925,-17.73435,3.0351,2.286,3.0,85.0,0.01804,0.3,degraded
51.92,47.37742,48.80523,-1.42781,-14.46644,-17.50582,3.03939,3.0104,2.9679,85.0,0.00767,0.3,degraded
51.93,47.20767,48.677,-1.46933,-14.2336,-17.28098,3.04737,2.9999,2.9938,85.0,0.00892,0.3,degraded
51.94,47.03356,48.53832,-1.50476,-14.00079,-17.05215,3.05136,3.0145,2.974,85.0,0.01207,0.3,degraded
51.95,46.85513,48.38955,-1.53441,-13.76803,-16.83046,3.06243,2.974,0.6395,85.0,0.00408,0.3,degraded
51.96,46.67242,48.25412,-1.5817,-13.53535,-16.60461,3.06926,0.1492,0.4607,85.0,0.00752,0.3,degraded
51.97,46.48544,48.10619,-1.62075,-13.30278,-16.36827,3.06548,0.7584,2.9905,85.0,0.01255,0.3,degraded
51.98,46.29425,47.955,-1.66075,-13.07036,-16.1508,3.08044,2.9808,2.3568,85.0,0.01001,0.3,degraded
51.99,46.09887,47.81054,-1.71167,-12.83812,-15.90222,3.06411,2.9936,1.054,85.0,0.01401,0.3,degraded
52.0,45.89935,47.63692,-1.73757,-12.60608,-15.68291,3.07683,3.0061,0.6,85.0,0.025,0.3,degraded
52.01,45.69571,47.48716,-1.79145,-12.37428,-15.44909,3.07481,0.0914,3.0,85.0,0.01043,0.3,degraded
52.02,45.48801,47.31252,-1.82451,-12.14275,-15.22335,3.0806,1.1379,2.9983,85.0,0.01087,0.3,degraded
52.03,45.27629,47.14599,-1.8697,-11.91152,-14.98914,3.07762,2.9949,0.6974,85.0,0.01392,0.3,degraded
52.04,45.06059,46.97342,-1.91283,-11.68062,-14.76143,3.08081,2.9932,3.0,85.0,0.01764,0.3,degraded
52.05,44.84094,46.80228,-1.96133,-11.45007,-14.53316,3.08308,2.9899,2.9976,85.0,0.01449,0.3,degraded
52.06,44.61741,46.61995,-2.00254,-11.21992,-14.28832,3.06841,3.0082,1.9984,85.0,0.02913,0.3,degraded
52.07,44.39003,46.42721,-2.03717,-10.99018,-14.06197,3.0718,2.9821,2.9799,85.0,0.02033,0.3,degraded
52.08,44.15886,46.24439,-2.08553,-10.76088,-13.82324,3.06237,2.9991,3.0,85.0,0.01312,0.3,degraded
52.09,43.92395,46.05196,-2.12801,-10.53205,-13.59439,3.06234,2.9966,3.0,85.0,0.01373,0.3,degraded
52.1,43.68533,45.84709,-2.16176,-10.30373,-13.36424,3.06051,3.0244,1.2994,85.0,0.01035,0.3,degraded
52.11,43.44308,45.64673,-2.20365,-10.07593,-13.1349,3.05896,0.3377,2.9943,85.0,0.00462,0.3,degraded
52.12,43.19724,45.43551,-2.23827,-9.84869,-12.90939,3.06069,3.0256,0.8241,85.0,0.00756,0.3,degraded
52.13,42.94786,45.22874,-2.28088,-9.62203,-12.67882,3.05679,2.9832,3.0,85.0,0.02471,0.3,degraded
52.14,42.695,45.01731,-2.3223,-9.39598,-12.45603,3.06005,3.0077,2.0504,85.0,0.00833,0.3,degraded
52.15,42.43872,44.81119,-2.37247,-9.17056,-12.2216,3.05104,3.0069,2.9698,85.0,0.01506,0.3,degraded
52.16,42.17908,44.5844,-2.40532,-8.9458,-11.99892,3.05312,2.9982,2.9953,85.0,0.0129,0.3,degraded
52.17,41.91613,44.35771,-2.44158,-8.72173,-11.76377,3.04205,3.0091,3.0,85.0,0.0053,0.3,degraded
52.18,41.64993,44.12456,-2.47463,-8.49836,-11.53984,3.04147,2.9983,3.0,85.0,0.01465,0.3,degraded
52.19,41.38055,43.90591,-2.52535,-8.27573,-11.31069,3.03496,2.9877,3.0,85.0,0.00548,0.3,degraded
52.2,41.10805,43.66772,-2.55967,-8.05386,-11.0916,3.03774,1.4697,3.0,85.0,0.0,0.3,degraded
52.21,40.83248,43.4362,-2.60372,-7.83277,-10.85975,3.02698,0.119,2.9801,85.0,0.01143,0.3,degraded
52.22,40.55392,43.18684,-2.63292,-7.61248,-10.63543,3.02295,1.2304,0.7434,85.0,0.01294,0.3,degraded
52.23,40.27242,42.95813,-2.6857,-7.39302,-10.40937,3.01635,2.9829,0.6956,85.0,0.00533,0.3,degraded
52.24,39.98806,42.70206,-2.714,-7.17441,-10.18801,3.0136,0.3614,0.8612,85.0,0.01614,0.3,degraded
52.25,39.7009,42.44153,-2.74063,-6.95667,-9.9675,3.01082,3.0034,2.9755,85.0,0.00979,0.3,degraded
52.26,39.411,42.17805,-2.76705,-6.73983,-9.74341,3.00358,1.3324,2.9879,85.0,0.00594,0.3,degraded
52.27,39.11844,41.92501,-2.80656,-6.5239,-9.51699,2.99309,1.2523,2.9998,85.0,0.0175,0.3,degraded
52.28,38.82329,41.66449,-2.84121,-6.3089,-9.30497,2.99607,3.0043,2.9958,85.0,0.0074,0.3,degraded
52.29,38.5256,41.39191,-2.86631,-6.09486,-9.08062,2.98576,2.9978,2.9903,85.0,0.01073,0.3,degraded
52.3,38.22546,41.12672,-2.90125,-5.88179,-8.86162,2.97983,2.99,2.9864,85.0,0.01701,0.3,degraded
52.31,37.92293,40.85469,-2.93176,-5.66972,-8.63274,2.96302,2.9923,2.9988,85.0,0.00604,0.3,degraded
52.32,37.61809,40.58183,-2.96374,-5.45866,-8.42193,2.96326,2.9992,2.9944,85.0,0.00615,0.3,degraded
52.33,37.31101,40.31194,-3.00093,-5.24863,-8.19067,2.94204,0.0083,2.9933,85.0,0.01865,0.3,degraded
52.34,37.00175,40.02505,-3.02329,-5.03965,-7.97118,2.93153,0.0797,3.0,85.0,0.01247,0.3,degraded
52.35,36.6904,39.74297,-3.05257,-4.83174,-7.73867,2.90693,0.5994,2.5557,85.0,0.00833,0.3,degraded
52.36,36.37703,39.44016,-3.06313,-4.6249,-7.52821,2.90331,3.0014,1.8818,85.0,0.01931,0.3,degraded
52.37,36.06171,39.17164,-3.10993,-4.41917,-7.3086,2.88943,3.0059,0.7303,85.0,0.0132,0.3,degraded
52.38,35.74452,38.86208,-3.11756,-4.21455,-7.0978,2.88325,3.0352,0.7928,85.0,0.02058,0.3,degraded
52.39,35.42553,38.5801,-3.15457,-4.01107,-6.88301,2.87194,1.8841,0.7175,85.0,0.00937,0.3,degraded
52.4,35.10481,38.29198,-3.18717,-3.80873,-6.67491,2.86618,0.0472,3.0,85.0,0.00557,0.3,degraded
52.41,34.78245,37.98639,-3.20394,-3.60754,-6.45112,2.84358,3.0205,2.9779,85.0,0.006,0.3,degraded
52.42,34.45852,37.6857,-3.22718,-3.40754,-6.24169,2.83415,2.984,2.5057,85.0,0.00443,0.3,degraded
52.43,34.13309,37.39002,-3.25692,-3.20872,-6.01564,2.80693,3.0069,2.5779,85.0,0.0214,0.3,degraded
52.44,33.80625,37.08972,-3.28347,-3.0111,-5.81477,2.80367,1.2669,1.3136,85.0,0.01566,0.3,degraded
52.45,33.47807,36.79292,-3.31485,-2.81469,-5.60504,2.79035,2.0931,3.0,85.0,0.0,0.3,degraded
52.46,33.14863,36.47924,-3.33061,-2.61951,-5.40121,2.7817,2.0237,3.0,85.0,0.01852,0.3,degraded
52.47,32.81801,36.17617,-3.35817,-2.42556,-5.19676,2.77119,2.9895,3.0,85.0,0.0199,0.3,degraded
52.48,32.48628,35.85607,-3.36979,-2.23287,-4.98833,2.75547,0.9514,2.9785,85.0,0.00662,0.3,degraded
52.49,32.15352,35.54923,-3.39571,-2.04143,-4.78397,2.74255,2.9981,1.3592,85.0,0.01326,0.3,degraded
52.5,31.81981,35.23212,-3.41232,-1.85125,-4.5825,2.73124,2.9988,3.0,85.0,0.01795,0.3,degraded
52.51,31.48522,34.92429,-3.43907,-1.66236,-4.37312,2.71076,2.0608,1.5746,85.0,0.00732,0.3,degraded
52.52,31.14985,34.59854,-3.44869,-1.47475,-4.18368,2.70893,1.2401,2.9915,85.0,0.00833,0.3,degraded
52.53,30.81375,34.28804,-3.47429,-1.28844,-3.97053,2.68209,0.4703,2.1312,85.0,0.02399,0.3,degraded
52.54,30.47702,33.96035,-3.48333,-1.10343,-3.7816,2.67817,3.0062,3.0,85.0,0.00235,0.3,degraded
52.55,30.13973,33.63299,-3.49326,-0.91973,-3.57579,2.65607,2.9935,2.1311,85.0,0.0204,0.3,degraded
52.56,29.80195,33.30968,-3.50773,-0.73735,-3.38835,2.65101,2.9853,0.2874,85.0,0.0163,0.3,degraded
52.57,29.46377,32.98764,-3.52386,-0.55629,-3.18308,2.62679,3.0054,2.9958,85.0,0.0137,0.3,degraded
52.58,29.12527,32.6657,-3.54043,-0.37656,-2.99537,2.61881,2.9858,1.2885,85.0,0.0069,0.3,degraded
52.59,28.78651,32.33695,-3.55044,-0.19816,-2.80105,2.60289,0.0,2.9886,85.0,0.01697,0.3,degraded
52.6,28.44758,31.99361,-3.54603,-0.02111,-2.60354,2.58243,3.0278,2.1657,85.0,0.00644,0.3,degraded
52.61,28.10856,31.67328,-3.56472,0.1546,-2.41857,2.57317,2.9843,0.8006,85.0,0.00634,0.3,degraded
52.62,27.76951,31.33414,-3.56463,0.32896,-2.22475,2.55371,0.8349,2.9941,85.0,0.01741,0.3,degraded
52.63,27.43053,31.00761,-3.57708,0.50197,-2.02954,2.53151,3.0105,3.0,85.0,0.01512,0.3,degraded
52.64,27.09167,30.65807,-3.5664,0.67362,-1.84791,2.52154,2.9881,1.0426,85.0,0.00942,0.3,degraded
52.65,26.75303,30.3282,-3.57517,0.84392,-1.65609,2.50001,0.623,0.231,85.0,0.0123,0.3,degraded
52.66,26.41466,29.98434,-3.56968,1.01286,-1.47001,2.48287,3.0069,3.0,85.0,0.00956,0.3,degraded
52.67,26.07666,29.65747,-3.58081,1.18043,-1.27931,2.45974,2.967,0.0182,85.0,0.00206,0.3,degraded
52.68,25.73908,29.31731,-3.57823,1.34665,-1.09079,2.43743,2.9753,1.6232,85.0,0.02005,0.3,degraded
52.69,25.40201,28.99481,-3.5928,1.5115,-0.90713,2.41863,2.9938,3.0,85.0,0.01571,0.3,degraded
52.7,25.06552,28.66972,-3.6042,1.67499,-0.73698,2.41196,3.0095,2.2777,85.0,0.01399,0.3,degraded
52.71,24.72969,28.34023,-3.61054,1.83711,-0.55478,2.39189,3.0197,2.9879,85.0,0.02551,0.3,degraded
52.72,24.39457,27.99724,-3.60267,1.99788,-0.3764,2.37428,2.8846,2.062,85.0,0.00516,0.3,degraded
52.73,24.06025,27.67338,-3.61313,2.15728,-0.18979,2.34707,2.9953,3.0,85.0,0.02206,0.3,degraded
52.74,23.72679,27.33016,-3.60337,2.31533,-0.02377,2.3391,2.9872,3.0,85.0,0.01908,0.3,degraded
52.75,23.39426,27.0012,-3.60694,2.47202,0.15748,2.31455,0.6602,2.9926,85.0,0.01276,0.3,degraded
52.76,23.06274,26.65624,-3.5935,2.62736,0.32363,2.30374,3.004,0.2122,85.0,0.01513,0.3,degraded
52.77,22.7323,26.32024,-3.58795,2.78136,0.50012,2.28123,3.0051,2.9916,85.0,0.02231,0.3,degraded
52.78,22.40299,25.99372,-3.59073,2.934,0.66543,2.26857,2.9977,2.4389,85.0,0.0232,0.3,degraded
52.79,22.07488,25.66025,-3.58536,3.0853,0.83491,2.2504,2.997,2.389,85.0,0.00567,0.3,degraded
52.8,21.74805,25.32261,-3.57455,3.23527,0.98853,2.24674,3.0043,2.9947,85.0,0.02296,0.3,degraded
52.81,21.42256,24.99838,-3.57582,3.3839,1.15437,2.22953,0.8575,3.0,85.0,0.01503,0.3,degraded
52.82,21.09847,24.66163,-3.56316,3.53121,1.32136,2.20986,2.9959,3.0,85.0,0.00973,0.3,degraded
52.83,20.77584,24.34498,-3.56914,3.6772,1.48698,2.19023,2.9996,2.9948,85.0,0.01731,0.3,degraded
52.84,20.45475,24.01462,-3.55987,3.82188,1.65712,2.16476,2.9982,2.9784,85.0,0.01052,0.3,degraded
52.85,20.13524,23.68745,-3.55222,3.96524,1.82233,2.14291,3.0202,2.9805,85.0,0.0059,0.3,degraded
52.86,19.81738,23.36474,-3.54737,4.10731,1.97885,2.12846,3.0046,3.0,85.0,0.00933,0.3,degraded
52.87,19.50122,23.03514,-3.53392,4.24809,2.14333,2.10476,3.0334,0.9785,85.0,0.00749,0.3,degraded
52.88,19.18684,22.71353,-3.52669,4.38758,2.29595,2.09163,2.9867,1.919,85.0,0.02047,0.3,degraded
52.89,18.87428,22.392,-3.51773,4.5258,2.44958,2.07622,2.2255,2.9894,85.0,0.02567,0.3,degraded
52.9,18.5636,22.05188,-3.48828,4.66275,2.60674,2.05601,2.9975,2.9785,85.0,0.01881,0.3,degraded
52.91,18.25485,21.73048,-3.47563,4.79844,2.758,2.04044,3.0096,3.0,85.0,0.01952,0.3,degraded
52.92,17.9481,21.40926,-3.46116,4.93289,2.90564,2.02725,2.9926,2.9862,85.0,0.02797,0.3,degraded
52.93,17.64339,21.09488,-3.45149,5.06609,3.07807,1.98803,2.4693,3.0,85.0,0.01599,0.3,degraded
52.94,17.34077,20.76779,-3.42702,5.19808,3.21634,1.98173,3.0266,3.0,85.0,0.00995,0.3,degraded
52.95,17.0403,20.44756,-3.40726,5.32884,3.37473,1.95411,3.0118,2.9714,85.0,0.02109,0.3,degraded
52.96,16.74202,20.13107,-3.38905,5.4584,3.52796,1.93044,3.0192,2.9868,85.0,0.02056,0.3,degraded
52.97,16.44599,19.8151,-3.36911,5.58677,3.67523,1.91154,3.0147,3.0,85.0,0.00136,0.3,degraded
52.98,16.15224,19.49409,-3.34185,5.71395,3.81664,1.89731,2.9944,2.9921,85.0,0.01017,0.3,degraded
52.99,15.86083,19.18358,-3.32276,5.83997,3.95521,1.88476,2.9949,2.9966,85.0,0.01962,0.3,degraded
53.0,15.5718,18.86924,-3.29745,5.96483,4.0901,1.87473,3.0304,2.9887,85.0,0.00512,0.3,degraded
53.01,15.28519,18.56499,-3.27981,6.08855,4.22806,1.86048,0.3786,3.0,85.0,0.00659,0.3,degraded
53.02,15.00104,18.25873,-3.25769,6.21113,4.36144,1.84969,2.7057,3.0,85.0,0.00962,0.3,degraded
53.03,14.7194,17.95866,-3.23927,6.3326,4.50009,1.83251,1.2142,0.7582,85.0,0.01151,0.3,degraded
53.04,14.4403,17.66623,-3.22593,6.45297,4.64381,1.80917,3.002,2.9966,85.0,0.01592,0.3,degraded
53.05,14.16378,17.37517,-3.21138,6.57225,4.78491,1.78734,2.9953,2.5273,85.0,0.01159,0.3,degraded
53.06,13.88988,17.07228,-3.1824,6.69046,4.90878,1.78168,2.999,0.2053,85.0,0.0251,0.3,degraded
53.07,13.61863,16.77703,-3.1584,6.8076,5.04851,1.7591,1.3333,1.1359,85.0,0.00596,0.3,degraded
53.08,13.35007,16.49173,-3.14167,6.92371,5.18473,1.73898,3.0044,1.0055,85.0,0.01066,0.3,degraded
53.09,13.08422,16.20295,-3.11873,7.03878,5.31061,1.72818,3.0034,2.9842,85.0,0.01044,0.3,degraded
53.1,12.82112,15.91371,-3.09259,7.15284,5.43282,1.72003,1.5882,0.2783,85.0,0.01219,0.3,degraded
53.11,12.5608,15.62235,-3.06155,7.26591,5.56246,1.70345,3.0151,2.2365,85.0,0.01551,0.3,degraded
53.12,12.30328,15.34558,-3.0423,7.378,5.68803,1.68996,2.009,0.4897,85.0,0.02386,0.3,degraded
53.13,12.0486,15.07019,-3.02159,7.48912,5.81733,1.67178,2.9846,2.9713,85.0,0.00816,0.3,degraded
53.14,11.79677,14.78266,-2.98589,7.59929,5.94115,1.65814,2.9894,0.0432,85.0,0.01848,0.3,degraded
53.15,11.54782,14.50112,-2.9533,7.70853,6.07615,1.63238,2.9866,3.0,85.0,0.02047,0.3,degraded
53.16,11.30177,14.2248,-2.92303,7.81686,6.19704,1.61982,3.0102,2.9957,85.0,0.00529,0.3,degraded
53.17,11.05864,13.96097,-2.90232,7.9243,6.32239,1.60191,3.0113,3.0,85.0,0.02201,0.3,degraded
53.18,10.81846,13.68848,-2.87002,8.03085,6.43178,1.59908,3.0232,2.9993,85.0,0.01692,0.3,degraded
53.19,10.58123,13.42325,-2.84202,8.13655,6.54619,1.59036,2.9884,2.6398,85.0,0.00704,0.3,degraded
53.2,10.34697,13.15089,-2.80392,8.2414,6.65452,1.58688,3.0088,3.0,85.0,0.01289,0.3,degraded
53.21,10.11571,12.89753,-2.78182,8.34543,6.77475,1.57068,3.0087,2.9855,85.0,0.01773,0.3,degraded
53.22,9.88744,12.64469,-2.75725,8.44865,6.89205,1.5566,3.0203,0.7157,85.0,0.01031,0.3,degraded
53.23,9.66219,12.38864,-2.72645,8.55109,7.01469,1.53639,0.9902,2.9761,85.0,0.0064,0.3,degraded
53.24,9.43996,12.14474,-2.70479,8.65275,7.12672,1.52604,2.9936,0.798,85.0,0.00791,0.3,degraded
53.25,9.22075,11.88331,-2.66256,8.75367,7.24064,1.51303,3.0064,2.9931,85.0,0.01107,0.3,degraded
53.26,9.00459,11.636,-2.63141,8.85386,7.34746,1.50639,2.9806,2.9862,85.0,0.00759,0.3,degraded
53.27,8.79147,11.38953,-2.59807,8.95333,7.46565,1.48769,2.9842,2.9932,85.0,0.01735,0.3,degraded
53.28,8.58139,11.1505,-2.56911,9.05211,7.58174,1.47037,1.7759,3.0,85.0,0.00917,0.3,degraded
53.29,8.37436,10.91254,-2.53817,9.15022,7.69162,1.4586,3.0038,3.0,85.0,0.01276,0.3,degraded
53.3,8.17038,10.66645,-2.49606,9.24767,7.79732,1.45035,3.0231,3.0,85.0,0.00608,0.3,degraded
53.31,7.96945,10.43353,-2.46408,9.34449,7.90406,1.44043,3.012,2.9861,85.0,0.01841,0.3,degraded
53.32,7.77156,10.20106,-2.4295,9.4407,8.01319,1.42751,3.0092,1.7866,85.0,0.01199,0.3,degraded
53.33,7.57672,9.98432,-2.4076,9.53631,8.12933,1.40698,3.0065,3.0,85.0,0.01603,0.3,degraded
53.34,7.38491,9.77179,-2.38688,9.63134,8.22694,1.40441,1.9192,3.0,85.0,0.02163,0.3,degraded
53.35,7.19613,9.5579,-2.36177,9.72582,8.32932,1.39651,2.9807,2.981,85.0,0.02311,0.3,degraded
53.36,7.01037,9.33224,-2.32187,9.81977,8.43373,1.38604,2.592,2.9932,85.0,0.01108,0.3,degraded
53.37,6.82762,9.12004,-2.29242,9.9132,8.54,1.3732,2.9747,2.5576,85.0,0.00574,0.3,degraded
53.38,6.64787,8.88848,-2.24062,10.00613,8.64609,1.36004,2.9851,2.1417,85.0,0.00989,0.3,degraded
53.39,6.4711,8.69669,-2.22559,10.09859,8.75085,1.34774,3.0029,2.9931,85.0,0.01619,0.3,degraded
53.4,6.29731,8.48717,-2.18986,10.19059,8.85555,1.33504,1.7531,1.4553,85.0,0.01236,0.3,degraded
53.41,6.12648,8.2941,-2.16762,10.28216,8.95799,1.32417,3.0072,2.9959,85.0,0.0,0.3,degraded
53.42,5.95858,8.07555,-2.11697,10.37331,9.05755,1.31576,2.9797,0.9325,85.0,0.01793,0.3,degraded
53.43,5.7936,7.89827,-2.10466,10.46407,9.15592,1.30815,3.0054,3.0,85.0,0.01772,0.3,degraded
53.44,5.63153,7.70384,-2.07231,10.55445,9.25598,1.29847,2.9991,2.9984,85.0,0.00938,0.3,degraded
53.45,5.47233,7.51941,-2.04708,10.64448,9.35374,1.29074,2.998,2.5522,85.0,0.00687,0.3,degraded
53.46,5.31598,7.33058,-2.01459,10.73417,9.44364,1.29053,2.1718,0.6567,85.0,0.00689,0.3,degraded
53.47,5.16247,7.14697,-1.9845,10.82354,9.54983,1.27371,3.0194,1.4367,85.0,0.013,0.3,degraded
53.48,5.01176,6.96683,-1.95507,10.91262,9.63752,1.2751,2.9955,1.823,85.0,0.01757,0.3,degraded
53.49,4.86383,6.79166,-1.92783,11.00143,9.72788,1.27355,3.0024,2.5221,85.0,0.00513,0.3,degraded
53.5,4.71865,6.6029,-1.88424,11.08998,9.82834,1.26164,3.0082,2.9895,85.0,0.01428,0.3,degraded
53.51,4.57619,6.43877,-1.86257,11.17829,9.93428,1.24401,2.9954,0.2682,85.0,0.01198,0.3,degraded
53.52,4.43642,6.26662,-1.8302,11.26639,10.02696,1.23942,1.8402,3.0,85.0,0.01243,0.3,degraded
53.53,4.29931,6.09715,-1.79784,11.35429,10.12439,1.2299,2.9948,2.9986,85.0,0.00974,0.3,degraded
53.54,4.16481,5.941,-1.77619,11.44201,10.21581,1.2262,3.022,3.0,85.0,0.01525,0.3,degraded
53.55,4.03291,5.77565,-1.74274,11.52957,10.31086,1.21871,3.008,2.5618,85.0,0.01443,0.3,degraded
53.56,3.90355,5.61867,-1.71512,11.61699,10.3961,1.2209,3.0034,1.1052,85.0,0.00208,0.3,degraded
53.57,3.77671,5.44941,-1.6727,11.7043,10.48619,1.21811,3.0224,2.9872,85.0,0.01284,0.3,degraded
53.58,3.65234,5.29635,-1.64401,11.7915,10.55928,1.23222,2.9902,2.6619,85.0,0.01812,0.3,degraded
53.59,3.53041,5.14713,-1.61672,11.87862,10.65027,1.22835,3.0146,3.0,85.0,0.00075,0.3,degraded
53.6,3.41087,4.9917,-1.58083,11.96567,10.73903,1.22665,1.6183,2.9872,85.0,0.00304,0.3,degraded
53.61,3.29368,4.83898,-1.5453,12.05268,10.8265,1.22618,3.0032,2.9899,85.0,0.02382,0.3,degraded
53.62,3.1788,4.7013,-1.5225,12.13967,10.92025,1.21942,3.0077,0.5124,85.0,0.01326,0.3,degraded
53.63,3.06618,4.55581,-1.48962,12.22664,11.01834,1.2083,3.0097,2.991,85.0,0.00523,0.3,degraded
53.64,2.95578,4.41641,-1.46062,12.31362,11.11218,1.20144,3.0013,0.4848,85.0,0.00862,0.3,degraded
53.65,2.84755,4.2705,-1.42295,12.40063,11.20735,1.19327,3.0016,3.0,85.0,0.02208,0.3,degraded
53.66,2.74145,4.13399,-1.39254,12.48768,11.29021,1.19747,2.3884,2.9951,85.0,0.01319,0.3,degraded
53.67,2.63742,4.01383,-1.37641,12.57479,11.37624,1.19855,1.8866,2.3397,85.0,0.0152,0.3,degraded
53.68,2.53541,3.88026,-1.34485,12.66198,11.46114,1.20084,3.0013,2.9942,85.0,0.01013,0.3,degraded
53.69,2.43538,3.76473,-1.32935,12.74927,11.55654,1.19273,0.0656,3.0,85.0,0.00763,0.3,degraded
53.7,2.33727,3.62981,-1.29254,12.83666,11.64716,1.1895,2.9921,3.0,85.0,0.01695,0.3,degraded
53.71,2.24103,3.51598,-1.27495,12.92419,11.73831,1.18587,1.2668,2.2742,85.0,0.01941,0.3,degraded
53.72,2.1466,3.39424,-1.24764,13.01185,11.82581,1.18605,2.0007,2.9658,85.0,0.01787,0.3,degraded
53.73,2.05394,3.28667,-1.23273,13.09968,11.9229,1.17678,3.0021,1.0859,85.0,0.02246,0.3,degraded
53.74,1.96298,3.17241,-1.20943,13.18768,12.00278,1.1849,1.105,3.0,85.0,0.00457,0.3,degraded
53.75,1.87368,3.06469,-1.19101,13.27588,12.09783,1.17805,1.5261,2.9894,85.0,0.00334,0.3,degraded
53.76,1.78597,2.94473,-1.15876,13.36428,12.19179,1.17248,1.0735,1.2531,85.0,0.00622,0.3,degraded
53.77,1.69979,2.83526,-1.13547,13.4529,12.28344,1.16945,3.0164,2.9871,85.0,0.01682,0.3,degraded
53.78,1.61509,2.72108,-1.10599,13.54175,12.38059,1.16116,3.0005,1.3748,85.0,0.01649,0.3,degraded
53.79,1.53181,2.61584,-1.08403,13.63086,12.4537,1.17715,2.9952,2.9915,85.0,0.00566,0.3,degraded
53.8,1.44989,2.51643,-1.06654,13.72022,12.52113,1.19909,2.9996,3.0,85.0,0.01148,0.3,degraded
53.81,1.36926,2.42512,-1.05585,13.80987,12.6166,1.19327,3.0031,2.9996,85.0,0.01619,0.3,degraded
53.82,1.28988,2.31466,-1.02479,13.8998,12.7041,1.19569,3.0056,3.0,85.0,0.00733,0.3,degraded
53.83,1.21167,2.2192,-1.00754,13.99003,12.801,1.18903,2.9735,0.1595,85.0,0.0223,0.3,degraded
53.84,1.13457,2.11966,-0.98509,14.08058,12.89797,1.18262,2.9744,2.9908,85.0,0.00902,0.3,degraded
53.85,1.05852,2.02661,-0.96808,14.17146,12.98295,1.18852,3.0115,2.9907,85.0,0.00885,0.3,degraded
53.86,0.98346,1.93587,-0.95241,14.26268,13.07258,1.19009,2.9965,3.0,85.0,0.02761,0.3,degraded
53.87,0.90933,1.8547,-0.94537,14.35425,13.16932,1.18493,3.0047,0.552,85.0,0.00607,0.3,degraded
53.88,0.83605,1.76529,-0.92923,14.44617,13.25968,1.1865,3.0316,1.657,85.0,0.00553,0.3,degraded
53.89,0.76357,1.68476,-0.92119,14.53848,13.35289,1.18558,3.0297,3.0,85.0,0.02431,0.3,degraded
53.9,0.69182,1.5869,-0.89507,14.63116,13.41755,1.21361,2.9696,2.9971,85.0,0.0,0.3,degraded
53.91,0.62074,1.51084,-0.8901,14.72424,13.52001,1.20423,3.0354,3.0,85.0,0.01183,0.3,degraded
53.92,0.55025,1.42967,-0.87942,14.81772,13.60534,1.21238,2.9882,2.9913,85.0,0.02378,0.3,degraded
53.93,0.4803,1.34106,-0.86076,14.91162,13.70193,1.20969,3.0097,3.0,85.0,0.00316,0.3,degraded
53.94,0.41082,1.25746,-0.84664,15.00593,13.79766,1.20827,2.9703,2.9947,85.0,0.01083,0.3,degraded
53.95,0.34173,1.18567,-0.84393,15.10068,13.89395,1.20673,2.7775,3.0,85.0,0.01453,0.3,degraded
53.96,0.27299,1.09899,-0.82601,15.19586,13.98941,1.20645,2.9862,3.0,85.0,0.00773,0.3,degraded
53.97,0.20451,1.04055,-0.83604,15.29149,14.09073,1.20077,3.0052,3.0,85.0,0.00979,0.3,degraded
53.98,0.13623,0.97576,-0.83953,15.38757,14.17806,1.20951,2.96,2.9886,85.0,0.01954,0.3,degraded
53.99,0.06808,0.90496,-0.83688,15.48412,14.27978,1.20434,2.2858,1.0098,85.0,0.01131,0.3,degraded
54.0,0.0,0.82802,-0.82802,15.58113,14.36676,1.21436,2.991,3.0,85.0,0.01485,0.3,degraded
54.01,-0.06808,0.75493,-0.82301,15.67861,14.45083,1.22778,2.9954,3.0,85.0,0.02006,0.3,degraded
54.02,-0.13623,0.68764,-0.82386,15.77657,14.54642,1.23015,2.6466,0.7098,85.0,0.01798,0.3,degraded
54.03,-0.20451,0.59357,-0.79807,15.87501,14.64715,1.22786,3.0041,1.4,85.0,0.00634,0.3,degraded
54.04,-0.27299,0.51923,-0.79221,15.97395,14.73604,1.2379,2.0615,1.5402,85.0,0.01661,0.3,degraded
54.05,-0.34173,0.44174,-0.78348,16.07337,14.83054,1.24283,0.8486,0.2457,85.0,0.00867,0.3,degraded
54.06,-0.41082,0.37412,-0.78493,16.1733,14.92349,1.24981,3.0065,0.0281,85.0,0.01162,0.3,degraded
54.07,-0.4803,0.31836,-0.79866,16.27372,15.03665,1.23707,2.9767,2.8572,85.0,0.01133,0.3,degraded
54.08,-0.55025,0.25558,-0.80584,16.37465,15.12293,1.25172,3.0112,2.9944,85.0,0.01588,0.3,degraded
54.09,-0.62074,0.17925,-0.79999,16.47608,15.22815,1.24793,3.0172,2.8146,85.0,3e-05,0.3,degraded
54.1,-0.69182,0.10718,-0.799,16.57802,15.31125,1.26677,2.9994,3.0,85.0,0.02523,0.3,degraded
54.11,-0.76357,0.02743,-0.79101,16.68047,15.41885,1.26163,2.9754,3.0,85.0,0.02122,0.3,degraded
54.12,-0.83605,-0.03594,-0.80012,16.78344,15.52409,1.25935,3.009,3.0,85.0,0.01673,0.3,degraded
54.13,-0.90933,-0.0939,-0.81543,16.88692,15.62353,1.26339,2.9966,2.9858,85.0,0.02129,0.3,degraded
54.14,-0.98346,-0.17373,-0.80973,16.99091,15.73269,1.25822,2.9872,0.7352,85.0,0.02246,0.3,degraded
54.15,-1.05852,-0.25048,-0.80804,17.09541,15.83325,1.26216,2.997,2.9825,85.0,0.0,0.3,degraded
54.16,-1.13457,-0.3413,-0.79327,17.20042,15.93331,1.26712,1.2992,3.0,85.0,0.02123,0.3,degraded
54.17,-1.21167,-0.41756,-0.79411,17.30595,16.03859,1.26736,2.9848,3.0,85.0,0.00639,0.3,degraded
54.18,-1.28988,-0.4953,-0.79458,17.41199,16.1369,1.27509,2.9921,0.0433,85.0,0.01286,0.3,degraded
54.19,-1.36926,-0.55615,-0.81311,17.51853,16.24294,1.27559,2.9417,3.0,85.0,0.01775,0.3,degraded
54.2,-1.44989,-0.64073,-0.80915,17.62558,16.33012,1.29546,2.1,2.2963,85.0,0.00573,0.3,degraded
54.21,-1.53181,-0.71171,-0.8201,17.73314,16.4399,1.29323,3.0163,3.0,85.0,0.00707,0.3,degraded
54.22,-1.61509,-0.795,-0.82009,17.84119,16.52527,1.31592,2.9699,2.9766,85.0,0.0179,0.3,degraded
54.23,-1.69979,-0.87954,-0.82025,17.94974,16.62792,1.32182,0.1722,2.9904,85.0,0.00965,0.3,degraded
54.24,-1.78597,-0.97165,-0.81431,18.05878,16.7257,1.33309,0.9397,2.9962,85.0,0.00762,0.3,degraded
54.25,-1.87368,-1.04424,-0.82943,18.16831,16.83664,1.33168,3.0195,3.0,85.0,0.01291,0.3,degraded
54.26,-1.96298,-1.1306,-0.83239,18.27832,16.93614,1.34218,1.6896,2.9941,85.0,0.02677,0.3,degraded
54.27,-2.05394,-1.22223,-0.83171,18.38881,17.04544,1.34337,2.9806,2.9968,85.0,0.01203,0.3,degraded
54.28,-2.1466,-1.31606,-0.83054,18.49977,17.1515,1.34827,2.9954,0.9225,85.0,0.00097,0.3,degraded
54.29,-2.24103,-1.40458,-0.83645,18.61119,17.252,1.3592,3.0068,3.0,85.0,0.0083,0.3,degraded
54.3,-2.33727,-1.49442,-0.84285,18.72307,17.35462,1.36845,2.9861,3.0,85.0,0.00537,0.3,degraded
54.31,-2.43538,-1.58313,-0.85225,18.8354,17.45654,1.37886,3.006,0.0804,85.0,0.00659,0.3,degraded
54.32,-2.53541,-1.6708,-0.86461,18.94817,17.5689,1.37926,2.9933,2.9963,85.0,0.01679,0.3,degraded
54.33,-2.63742,-1.74786,-0.88956,19.06137,17.67722,1.38416,2.639,0.8377,85.0,0.00509,0.3,degraded
54.34,-2.74145,-1.83583,-0.90562,19.175,17.77941,1.39559,3.0159,2.9818,85.0,0.01377,0.3,degraded
54.35,-2.84755,-1.93437,-0.91319,19.28904,17.8856,1.40345,3.006,3.0,85.0,0.01361,0.3,degraded
54.36,-2.95578,-2.02339,-0.9324,19.40349,18.0017,1.40179,1.1169,2.985,85.0,0.00941,0.3,degraded
54.37,-3.06618,-2.10427,-0.96191,19.51834,18.1086,1.40973,2.9986,3.0,85.0,0.00776,0.3,degraded
54.38,-3.1788,-2.20214,-0.97666,19.63357,18.20803,1.42554,2.9687,2.9963,85.0,0.01821,0.3,degraded
54.39,-3.29368,-2.29458,-0.9991,19.74917,18.32163,1.42754,0.779,2.9943,85.0,0.00439,0.3,degraded
54.4,-3.41087,-2.40127,-1.0096,19.86513,18.42371,1.44142,3.0144,2.971,85.0,0.01477,0.3,degraded
54.41,-3.53041,-2.49149,-1.03892,19.98145,18.53511,1.44634,3.01,3.0,85.0,0.00862,0.3,degraded
54.42,-3.65234,-2.59975,-1.05258,20.0981,18.64549,1.45261,3.0062,3.0,85.0,0.0145,0.3,degraded
54.43,-3.77671,-2.69557,-1.08114,20.21508,18.75923,1.45585,3.0019,3.0,85.0,0.00334,0.3,degraded
54.44,-3.90355,-2.8086,-1.09495,20.33237,18.85945,1.47292,3.0318,2.9865,85.0,0.01954,0.3,degraded
54.45,-4.03291,-2.92859,-1.10432,20.44996,18.97177,1.47819,3.0085,2.9916,85.0,0.01368,0.3,degraded
54.46,-4.16481,-3.04088,-1.12393,20.56783,19.0774,1.49043,2.9957,2.9944,85.0,0.0025,0.3,degraded
54.47,-4.29931,-3.16113,-1.13817,20.68597,19.18673,1.49924,2.9898,3.0,85.0,0.01133,0.3,degraded
54.48,-4.43642,-3.27073,-1.16569,20.80436,19.29739,1.50697,2.9712,2.2929,85.0,0.01668,0.3,degraded
54.49,-4.57619,-3.37841,-1.19779,20.92299,19.41896,1.50404,3.0029,3.0,85.0,0.01439,0.3,degraded
54.5,-4.71865,-3.49386,-1.2248,21.04185,19.53805,1.5038,3.0113,2.4841,85.0,0.01298,0.3,degraded
54.51,-4.86383,-3.60277,-1.26107,21.16091,19.65471,1.5062,3.0022,1.087,85.0,0.0283,0.3,degraded
54.52,-5.01176,-3.73104,-1.28072,21.28017,19.76374,1.51642,1.0677,2.9931,85.0,0.01477,0.3,degraded
54.53,-5.16247,-3.84853,-1.31394,21.39959,19.88376,1.51583,2.9871,2.6688,85.0,0.01181,0.3,degraded
54.54,-5.31598,-3.97102,-1.34496,21.51917,19.99184,1.52733,2.9873,2.9898,85.0,0.02288,0.3,degraded
54.55,-5.47233,-4.10103,-1.37129,21.63889,20.10874,1.53014,2.1121,0.4063,85.0,0.01403,0.3,degraded
54.56,-5.63153,-4.23123,-1.4003,21.75873,20.22082,1.53791,0.4713,2.991,85.0,0.0185,0.3,degraded
54.57,-5.7936,-4.36435,-1.42926,21.87867,20.33343,1.54524,0.9901,2.9721,85.0,0.01668,0.3,degraded
54.58,-5.95858,-4.51304,-1.44554,21.99869,20.44861,1.55008,3.005,1.6491,85.0,0.01987,0.3,degraded
54.59,-6.12648,-4.64558,-1.4809,22.11877,20.57461,1.54416,0.4757,2.98,85.0,0.02091,0.3,degraded
54.6,-6.29731,-4.79941,-1.4979,22.23889,20.67896,1.55993,3.0045,3.0,85.0,0.02591,0.3,degraded
54.61,-6.4711,-4.94071,-1.5304,22.35904,20.80416,1.55488,3.0036,3.0,85.0,0.01143,0.3,degraded
54.62,-6.64787,-5.08321,-1.56465,22.47919,20.91999,1.55921,0.0598,1.0883,85.0,0.01268,0.3,degraded
54.63,-6.82762,-5.23341,-1.59421,22.59932,21.05156,1.54776,0.5341,1.1074,85.0,0.00833,0.3,degraded
54.64,-7.01037,-5.39152,-1.61885,22.71941,21.1588,1.56061,2.9871,1.8025,85.0,0.00795,0.3,degraded
54.65,-7.19613,-5.54338,-1.65275,22.83944,21.28237,1.55708,2.9843,3.0,85.0,0.01138,0.3,degraded
54.66,-7.38491,-5.7031,-1.68181,22.95939,21.3953,1.56409,0.6043,3.0,85.0,0.01507,0.3,degraded
54.67,-7.57672,-5.86704,-1.70968,23.07923,21.52213,1.5571,2.9857,1.4965,85.0,0.01053,0.3,degraded
54.68,-7.77156,-6.02837,-1.7432,23.19895,21.64127,1.55767,0.2557,2.9974,85.0,0.00551,0.3,degraded
54.69,-7.96945,-6.18844,-1.78101,23.31851,21.76558,1.55293,0.8932,0.4077,85.0,0.02043,0.3,degraded
54.7,-8.17038,-6.35986,-1.81052,23.4379,21.88605,1.55184,3.0024,2.9981,85.0,0.00926,0.3,degraded
54.71,-8.37436,-6.52813,-1.84623,23.55709,21.99699,1.56009,2.9905,3.0,85.0,0.01494,0.3,degraded
54.72,-8.58139,-6.70255,-1.87884,23.67606,22.10565,1.57041,1.0508,3.0,85.0,0.0066,0.3,degraded
54.73,-8.79147,-6.87373,-1.91774,23.79479,22.22776,1.56703,0.4446,2.2189,85.0,0.01573,0.3,degraded
54.74,-9.00459,-7.05425,-1.95034,23.91324,22.35036,1.56289,3.0005,3.0,85.0,0.0055,0.3,degraded
54.75,-9.22075,-7.23201,-1.98875,24.03141,22.47238,1.55902,2.9951,0.2185,85.0,0.01943,0.3,degraded
54.76,-9.43996,-7.42623,-2.01373,24.14925,22.58874,1.56051,3.024,3.0,85.0,0.01693,0.3,degraded
54.77,-9.66219,-7.61663,-2.04555,24.26675,22.70668,1.56007,2.9977,1.8863,85.0,0.00226,0.3,degraded
54.78,-9.88744,-7.82285,-2.06459,24.38388,22.82857,1.55531,3.0182,1.0348,85.0,0.0274,0.3,degraded
54.79,-10.11571,-8.01921,-2.09649,24.50062,22.94471,1.55591,2.993,1.7378,85.0,0.01757,0.3,degraded
54.8,-10.34697,-8.20954,-2.13744,24.61694,23.06064,1.5563,3.0018,3.0,85.0,0.00078,0.3,degraded
54.81,-10.58123,-8.41507,-2.16616,24.73281,23.18007,1.55274,2.9925,0.8046,85.0,0.01198,0.3,degraded
54.82,-10.81846,-8.61315,-2.2053,24.84821,23.29689,1.55131,2.9894,0.4411,85.0,0.01249,0.3,degraded
54.83,-11.05864,-8.82236,-2.23628,24.9631,23.41786,1.54525,0.8131,1.7004,85.0,0.01267,0.3,degraded
54.84,-11.30177,-9.03812,-2.26365,25.07748,23.52764,1.54983,3.0142,3.0,85.0,0.01762,0.3,degraded
54.85,-11.54782,-9.24987,-2.29795,25.1913,23.65004,1.54126,2.2009,2.9899,85.0,0.01455,0.3,degraded
54.86,-11.79677,-9.46601,-2.33076,25.30454,23.75601,1.54853,1.583,3.0,85.0,0.01184,0.3,degraded
54.87,-12.0486,-9.68274,-2.36586,25.41717,23.87752,1.53965,2.9914,1.0549,85.0,0.00705,0.3,degraded
54.88,-12.30328,-9.90513,-2.39815,25.52917,23.98312,1.54605,2.9931,0.2163,85.0,0.02014,0.3,degraded
54.89,-12.5608,-10.13023,-2.43057,25.64051,24.10589,1.53462,3.027,2.9941,85.0,0.00594,0.3,degraded
54.9,-12.82112,-10.35871,-2.46241,25.75116,24.21881,1.53235,1.1869,3.0,85.0,0.00153,0.3,degraded
54.91,-13.08422,-10.58377,-2.50045,25.86109,24.33885,1.52224,2.9992,2.986,85.0,0.01442,0.3,degraded
54.92,-13.35007,-10.82646,-2.52361,25.97027,24.45489,1.51538,3.0077,0.2916,85.0,0.00297,0.3,degraded
54.93,-13.61863,-11.06955,-2.54908,26.07868,24.57048,1.5082,2.9874,3.0,85.0,0.00452,0.3,degraded
54.94,-13.88988,-11.30589,-2.58399,26.18629,24.68755,1.49874,1.4453,0.2427,85.0,0.01907,0.3,degraded
54.95,-14.16378,-11.5456,-2.61818,26.29307,24.80319,1.48988,1.4758,2.9868,85.0,0.00884,0.3,degraded
54.96,-14.4403,-11.79715,-2.64315,26.39899,24.91892,1.48007,3.0021,0.7538,85.0,0.01854,0.3,degraded
54.97,-14.7194,-12.04197,-2.67743,26.50402,25.03559,1.46844,2.443,2.2239,85.0,0.01444,0.3,degraded
54.98,-15.00104,-12.29109,-2.70995,26.60814,25.13785,1.47028,1.3487,3.0,85.0,0.00253,0.3,degraded
54.99,-15.28519,-12.54087,-2.74431,26.71131,25.25216,1.45914,2.9798,3.0,85.0,0.02005,0.3,degraded
55.0,-15.5718,-12.79368,-2.77812,26.81351,25.3518,1.46171,1.8199,2.8636,85.0,0.01019,0.3,degraded
55.01,-15.86083,-13.04524,-2.81559,26.9147,25.47018,1.44452,3.0055,1.4068,85.0,0.01147,0.3,degraded
55.02,-16.15224,-13.30694,-2.8453,27.01486,25.56969,1.44517,3.0143,1.8924,85.0,0.01098,0.3,degraded
55.03,-16.44599,-13.56462,-2.88136,27.11397,25.68363,1.43034,3.0157,3.0,85.0,0.0144,0.3,degraded
55.04,-16.74202,-13.84649,-2.89553,27.21198,25.79828,1.4137,2.989,0.9314,85.0,0.00972,0.3,degraded
55.05,-17.0403,-14.10253,-2.93777,27.30888,25.90468,1.4042,2.9913,3.0,85.0,0.00771,0.3,degraded
55.06,-17.34077,-14.38934,-2.95143,27.40462,26.00067,1.40396,1.5908,3.0,85.0,0.01685,0.3,degraded
55.07,-17.64339,-14.67757,-2.96582,27.4992,26.11402,1.38517,2.9945,3.0,85.0,0.0182,0.3,degraded
55.08,-17.9481,-14.9558,-2.9923,27.59256,26.21509,1.37748,3.0032,3.0,85.0,0.01345,0.3,degraded
55.09,-18.25485,-15.22158,-3.03327,27.68469,26.32503,1.35966,3.0187,2.9938,85.0,0.02492,0.3,degraded
55.1,-18.5636,-15.5176,-3.046,27.77556,26.42896,1.3466,3.0123,3.0,85.0,0.0087,0.3,degraded
55.11,-18.87428,-15.79203,-3.08225,27.86514,26.52273,1.34241,2.9848,3.0,85.0,0.00418,0.3,degraded
55.12,-19.18684,-16.08659,-3.10025,27.95339,26.62324,1.33015,1.8802,0.1338,85.0,0.0125,0.3,degraded
55.13,-19.50122,-16.36905,-3.13218,28.0403,26.74055,1.29975,3.0131,3.0,85.0,0.01925,0.3,degraded
55.14,-19.81738,-16.67421,-3.14316,28.12582,26.83003,1.29579,3.0093,1.889,85.0,0.00066,0.3,degraded
55.15,-20.13524,-16.95731,-3.17793,28.20994,26.93871,1.27123,2.68,0.478,85.0,0.01597,0.3,degraded
55.16,-20.45475,-17.26077,-3.19398,28.29262,27.02972,1.2629,2.9839,3.0,85.0,0.0114,0.3,degraded
55.17,-20.77584,-17.55084,-3.225,28.37384,27.13008,1.24376,2.9871,3.0,85.0,0.00907,0.3,degraded
55.18,-21.09847,-17.85752,-3.24095,28.45356,27.21658,1.23699,1.3524,3.0,85.0,0.00747,0.3,degraded
55.19,-21.42256,-18.15154,-3.27102,28.53176,27.31697,1.2148,3.01,0.0508,85.0,0.01761,0.3,degraded
55.2,-21.74805,-18.46083,-3.28722,28.60842,27.41292,1.1955,2.9913,3.0,85.0,0.0053,0.3,degraded
55.21,-22.07488,-18.76463,-3.31026,28.68349,27.51019,1.17329,2.9995,2.9923,85.0,0.01207,0.3,degraded
55.22,-22.40299,-19.07839,-3.3246,28.75696,27.59494,1.16202,2.9924,3.0,85.0,0.03455,0.3,degraded
55.23,-22.7323,-19.3987,-3.3336,28.82879,27.6678,1.16099,3.0245,2.9268,85.0,0.01718,0.3,degraded
55.24,-23.06274,-19.7131,-3.34965,28.89897,27.73079,1.16818,3.0008,3.0,85.0,0.01249,0.3,degraded
55.25,-23.39426,-20.01304,-3.38123,28.96745,27.80047,1.16698,3.0047,2.9289,85.0,0.00779,0.3,degraded
55.26,-23.72679,-20.32793,-3.39885,29.03422,27.86719,1.16703,3.0057,3.0,85.0,0.01291,0.3,degraded
55.27,-24.06025,-20.64821,-3.41204,29.09924,27.938,1.16124,2.3134,3.0,85.0,0.00026,0.3,degraded
55.28,-24.39457,-20.95706,-3.43751,29.1625,28.00357,1.15892,3.0061,2.9974,85.0,0.0107,0.3,degraded
55.29,-24.72969,-21.26605,-3.46364,29.22396,28.07613,1.14783,2.98,2.9854,85.0,0.00745,0.3,degraded
55.3,-25.06552,-21.58668,-3.47884,29.28359,28.14304,1.14055,3.0052,2.9913,85.0,0.00663,0.3,degraded
55.31,-25.40201,-21.90377,-3.49825,29.34137,28.216,1.12538,2.9881,3.0,85.0,0.01924,0.3,degraded
55.32,-25.73908,-22.24067,-3.49841,29.39728,28.28199,1.1153,2.4092,3.0,85.0,0.00548,0.3,degraded
55.33,-26.07666,-22.55271,-3.52395,29.45129,28.35602,1.09527,0.8214,3.0,85.0,0.0,0.3,degraded
55.34,-26.41466,-22.88952,-3.52515,29.50337,28.42408,1.07929,3.0065,3.0,85.0,0.0216,0.3,degraded
55.35,-26.75303,-23.21515,-3.53788,29.55349,28.52145,1.03205,1.7399,3.0,85.0,0.00263,0.3,degraded
55.36,-27.09167,-23.54282,-3.54885,29.60164,28.58458,1.01706,3.017,2.9867,85.0,0.01131,0.3,degraded
55.37,-27.43053,-23.87693,-3.5536,29.64779,28.65431,0.99348,3.0188,3.0,85.0,0.00496,0.3,degraded
55.38,-27.76951,-24.21059,-3.55893,29.69191,28.71824,0.97367,3.0141,2.9971,85.0,0.00125,0.3,degraded
55.39,-28.10856,-24.54475,-3.5638,29.73397,28.7889,0.94507,3.0057,3.0,85.0,0.00221,0.3,degraded
55.4,-28.44758,-24.8734,-3.57419,29.77396,28.85195,0.92202,2.9823,2.9833,85.0,0.01444,0.3,degraded
55.41,-28.78651,-25.20073,-3.58578,29.81186,28.92003,0.89182,1.1292,2.9901,85.0,0.00583,0.3,degraded
55.42,-29.12527,-25.5381,-3.58717,29.84763,28.98018,0.86745,2.9825,3.0,85.0,0.0,0.3,degraded
55.43,-29.46377,-25.87037,-3.59341,29.88125,29.04497,0.83628,3.0116,3.0,85.0,0.00523,0.3,degraded
55.44,-29.80195,-26.21083,-3.59113,29.91271,29.10308,0.80963,0.7315,3.0,85.0,0.01128,0.3,degraded
55.45,-30.13973,-26.54601,-3.59372,29.94197,29.16739,0.77458,1.4449,3.0,85.0,0.00248,0.3,degraded
55.46,-30.47702,-26.88983,-3.58719,29.96902,29.22588,0.74314,2.9891,2.9811,85.0,0.01454,0.3,degraded
55.47,-30.81375,-27.20515,-3.6086,29.99384,29.29029,0.70355,2.5124,2.9946,85.0,0.01095,0.3,degraded
55.48,-31.14985,-27.55135,-3.59849,30.0164,29.34653,0.66987,3.0047,2.9992,85.0,0.0,0.3,degraded
55.49,-31.48522,-27.87886,-3.60637,30.03669,29.40819,0.6285,2.9918,3.0,85.0,0.00188,0.3,degraded
55.5,-31.81981,-28.21863,-3.60118,30.05467,29.46327,0.59141,1.7082,3.0,85.0,0.01542,0.3,degraded
55.51,-32.15352,-28.54699,-3.60652,30.07034,29.5256,0.54475,1.6497,3.0,85.0,0.00564,0.3,degraded
55.52,-32.48628,-28.88476,-3.60152,30.08368,29.58115,0.50253,0.8585,2.9989,85.0,0.01476,0.3,degraded
55.53,-32.81801,-29.20461,-3.6134,30.09465,29.6422,0.45245,2.8719,2.996,85.0,0.00512,0.3,degraded
55.54,-33.14863,-29.54336,-3.60527,30.10325,29.69808,0.40517,3.0049,2.9927,85.0,0.00959,0.3,degraded
55.55,-33.47807,-29.86757,-3.6105,30.10946,29.76074,0.34872,0.8573,2.973,85.0,0.00199,0.3,degraded
55.56,-33.80625,-30.20104,-3.60521,30.11325,29.81838,0.29487,0.7932,2.9948,85.0,0.01552,0.3,degraded
55.57,-34.13309,-30.52517,-3.60792,30.11462,29.882,0.23262,3.0133,3.0,85.0,0.00855,0.3,degraded
55.58,-34.45852,-30.86128,-3.59724,30.11353,29.9386,0.17493,3.0204,3.0,85.0,0.0033,0.3,degraded
55.59,-34.78245,-31.18981,-3.59264,30.10998,30.00204,0.10794,2.9938,2.9819,85.0,0.01952,0.3,degraded
55.6,-35.10481,-31.53233,-3.57248,30.10395,30.0598,0.04415,3.014,2.9894,85.0,0.00649,0.3,degraded
55.61,-35.42553,-31.86267,-3.56286,30.09542,30.12447,-0.02904,3.0015,3.0,85.0,0.00536,0.3,degraded
55.62,-35.74452,-32.19454,-3.54998,30.08438,30.18163,-0.09725,3.0064,2.9935,85.0,0.00586,0.3,degraded
55.63,-36.06171,-32.52516,-3.53655,30.07081,30.23709,-0.16627,3.0073,3.0,85.0,0.00574,0.3,degraded
55.64,-36.37703,-32.84417,-3.53287,30.0547,30.27775,-0.22305,0.816,2.9828,85.0,0.00548,0.3,degraded
55.65,-36.6904,-33.17689,-3.51351,30.03604,30.32058,-0.28455,2.9932,3.0,85.0,0.01047,0.3,degraded
55.66,-37.00175,-33.49473,-3.50703,30.0148,30.34999,-0.33519,2.9971,2.9941,85.0,0.01445,0.3,degraded
55.67,-37.31101,-33.82468,-3.48633,29.99098,30.37882,-0.38784,3.0062,2.9891,85.0,0.0,0.3,degraded
55.68,-37.61809,-34.14763,-3.47046,29.96456,30.39756,-0.433,2.9964,3.0,85.0,0.00748,0.3,degraded
55.69,-37.92293,-34.46935,-3.45359,29.93553,30.41784,-0.48231,2.9854,3.0,85.0,0.0121,0.3,degraded
55.7,-38.22546,-34.79406,-3.4314,29.90389,30.42375,-0.51987,3.0015,2.9793,85.0,0.00121,0.3,degraded
55.71,-38.5256,-35.10518,-3.42042,29.86961,30.43409,-0.56449,3.0107,3.0,85.0,0.01634,0.3,degraded
55.72,-38.82329,-35.41824,-3.40505,29.83269,30.43055,-0.59786,3.01,2.9923,85.0,0.00682,0.3,degraded
55.73,-39.11844,-35.72907,-3.38937,29.79312,30.43236,-0.63924,3.0045,2.9976,85.0,0.01312,0.3,degraded
55.74,-39.411,-36.04444,-3.36656,29.75088,30.42158,-0.67069,2.2375,2.9745,85.0,0.01112,0.3,degraded
55.75,-39.7009,-36.34482,-3.35608,29.70598,30.41488,-0.70891,2.9848,3.0,85.0,0.00811,0.3,degraded
55.76,-39.98806,-36.65645,-3.33161,29.65839,30.39803,-0.73964,2.9811,3.0,85.0,0.00515,0.3,degraded
55.77,-40.27242,-36.95945,-3.31297,29.60811,30.38247,-0.77435,2.981,3.0,85.0,0.01257,0.3,degraded
55.78,-40.55392,-37.26478,-3.28914,29.55514,30.35885,-0.80371,3.0022,2.9841,85.0,0.00571,0.3,degraded
55.79,-40.83248,-37.57201,-3.26048,29.49947,30.33674,-0.83727,0.0662,2.9873,85.0,0.00604,0.3,degraded
55.8,-41.10805,-37.87397,-3.23408,29.44109,30.30363,-0.86254,3.0079,3.0,85.0,0.00501,0.3,degraded
55.81,-41.38055,-38.17238,-3.20818,29.37999,30.27393,-0.89394,2.9913,3.0,85.0,0.0083,0.3,degraded
55.82,-41.64993,-38.47413,-3.1758,29.31617,30.23364,-0.91746,2.9882,3.0,85.0,0.00675,0.3,degraded
55.83,-41.91613,-38.7593,-3.15683,29.24963,30.19924,-0.94961,3.0017,3.0,85.0,0.00761,0.3,degraded
55.84,-42.17908,-39.04622,-3.13286,29.18036,30.15442,-0.97406,3.0114,2.9917,85.0,0.0129,0.3,degraded
55.85,-42.43872,-39.33389,-3.10484,29.10835,30.11258,-1.00424,1.3923,2.9762,85.0,0.0,0.3,degraded
55.86,-42.695,-39.61335,-3.08165,29.0336,30.0629,-1.0293,2.9934,3.0,85.0,0.00245,0.3,degraded
55.87,-42.94786,-39.89966,-3.0482,28.95612,30.01544,-1.05932,2.9942,2.976,85.0,0.00666,0.3,degraded
55.88,-43.19724,-40.17372,-3.02352,28.87589,29.95919,-1.0833,2.1421,2.9691,85.0,0.00869,0.3,degraded
55.89,-43.44308,-40.4383,-3.00479,28.79292,29.90682,-1.1139,1.4585,2.9873,85.0,0.00247,0.3,degraded
55.9,-43.68533,-40.72258,-2.96276,28.70721,29.84586,-1.13865,1.4718,3.0,85.0,0.00491,0.3,degraded
55.91,-43.92395,-40.99647,-2.92747,28.61875,29.78874,-1.16999,1.2826,3.0,85.0,0.00812,0.3,degraded
55.92,-44.15886,-41.27246,-2.8864,28.52754,29.71762,-1.19007,3.0254,3.0,85.0,0.00376,0.3,degraded
55.93,-44.39003,-41.53919,-2.85084,28.4336,29.63384,-1.20024,0.3451,2.9796,85.0,0.01732,0.3,degraded
55.94,-44.61741,-41.80634,-2.81107,28.33691,29.53637,-1.19946,1.5755,1.9389,85.0,0.00903,0.3,degraded
55.95,-44.84094,-42.06767,-2.77327,28.23748,29.45317,-1.21569,3.0129,2.9893,85.0,0.00584,0.3,degraded
55.96,-45.06059,-42.31665,-2.74394,28.13531,29.36211,-1.2268,3.0048,1.0548,85.0,0.00978,0.3,degraded
55.97,-45.27629,-42.5649,-2.71139,28.0304,29.27621,-1.24581,0.4611,2.966,85.0,0.00489,0.3,degraded
55.98,-45.48801,-42.81529,-2.67273,27.92276,29.18326,-1.2605,2.983,0.3514,85.0,0.01753,0.3,degraded
55.99,-45.69571,-43.06941,-2.6263,27.8124,29.08178,-1.26938,3.0154,2.9939,85.0,0.02656,0.3,degraded
56.0,23.50257,-43.29693,66.7995,16.0196,28.96482,-12.94522,2.9946,3.0,85.0,0.17628,0.3,degraded
56.01,23.50257,-42.89817,66.40075,16.0196,28.23503,-12.21543,3.0025,2.9983,85.0,0.22798,0.3,degraded
56.02,23.50257,-41.62334,65.12591,16.0196,27.36574,-11.34614,3.007,2.8664,85.0,0.18414,0.3,degraded
56.03,23.50257,-39.46295,62.96552,16.0196,26.55406,-10.53446,2.9972,3.0,85.0,0.17761,0.3,degraded
56.04,23.50257,-36.43486,59.93743,16.0196,25.79584,-9.77624,2.9919,0.4459,85.0,0.17538,0.3,degraded
56.05,23.50257,-32.52664,56.02921,16.0196,25.09743,-9.07783,3.0247,2.8301,85.0,0.18374,0.3,degraded
56.06,23.50257,-27.75426,51.25683,16.0196,24.44291,-8.42331,2.996,3.0,85.0,0.08757,0.3,degraded
56.07,23.50257,-22.60023,46.1028,16.0196,23.85272,-7.83312,3.0052,3.0,85.0,0.07812,0.3,degraded
56.08,23.50257,-17.9249,41.42747,16.0196,23.29752,-7.27792,2.9926,3.0,85.0,0.11006,0.3,degraded
56.09,23.50257,-13.6898,37.19237,16.0196,22.7778,-6.7582,2.9865,3.0,85.0,0.08979,0.3,degraded
56.1,23.50257,-9.83538,33.33795,16.0196,22.29398,-6.27438,2.991,0.6637,85.0,0.0813,0.3,degraded
56.11,23.50257,-6.34327,29.84584,16.0196,21.857,-5.8374,2.9969,1.4551,85.0,0.08065,0.3,degraded
56.12,23.50257,-3.17925,26.68183,16.0196,21.43511,-5.41551,0.8718,0.4087,85.0,0.07369,0.3,degraded
56.13,23.50257,-0.29999,23.80256,16.0196,21.04481,-5.02521,3.0043,3.0,85.0,0.05722,0.3,degraded
56.14,23.50257,2.29343,21.20915,16.0196,20.66983,-4.65023,3.012,3.0,85.0,0.06512,0.3,degraded
56.15,23.50257,4.64128,18.86129,16.0196,20.34322,-4.32362,2.9802,3.0,85.0,0.05427,0.3,degraded
56.16,23.50257,6.76399,16.73859,16.0196,20.02902,-4.00942,2.9996,3.0,85.0,0.04118,0.3,degraded
56.17,23.50257,8.69843,14.80415,16.0196,19.76082,-3.74122,3.011,2.9956,85.0,0.04932,0.3,degraded
56.18,23.50257,10.44871,13.05386,16.0196,19.4862,-3.4666,3.0072,2.9849,85.0,0.03929,0.3,degraded
56.19,23.50257,12.02501,11.47757,16.0196,19.22774,-3.20814,2.9714,2.994,85.0,0.04184,0.3,degraded
56.2,23.50257,13.44397,10.05861,16.0196,19.0027,-2.9831,3.0207,1.789,85.0,0.03622,0.3,degraded
56.21,23.50257,14.71833,8.78424,16.0196,18.79313,-2.77353,3.0199,2.9776,85.0,0.03671,0.3,degraded
56.22,23.50257,15.83546,7.66712,16.0196,18.60297,-2.58337,2.951,1.5891,85.0,0.03052,0.3,degraded
56.23,23.50257,16.83234,6.67023,16.0196,18.42926,-2.40965,3.0088,0.0568,85.0,0.02618,0.3,degraded
56.24,23.50257,17.74015,5.76242,16.0196,18.25594,-2.23634,2.9744,2.9938,85.0,0.02028,0.3,degraded
56.25,23.50257,18.54799,4.95459,16.0196,18.1051,-2.0855,1.2843,3.0,85.0,0.01783,0.3,degraded
56.26,23.50257,19.27617,4.2264,16.0196,17.95374,-1.93414,2.9996,2.6722,85.0,0.0226,0.3,degraded
56.27,23.50257,19.93184,3.57074,16.0196,17.82678,-1.80718,2.9656,1.3047,85.0,0.03464,0.3,degraded
56.28,23.50257,20.52045,2.98212,16.0196,17.69982,-1.68022,2.9339,2.9813,85.0,0.01132,0.3,degraded
56.29,23.50257,21.05388,2.4487,16.0196,17.57969,-1.56009,1.0997,2.9882,85.0,0.01863,0.3,degraded
56.3,23.50257,21.52362,1.97896,16.0196,17.44968,-1.43008,2.9923,3.0,85.0,0.02284,0.3,degraded
56.31,23.50257,21.94703,1.55554,16.0196,17.34689,-1.32729,3.0014,3.0,85.0,0.02163,0.3,degraded
56.32,23.50257,22.32617,1.1764,16.0196,17.26027,-1.24066,2.9872,2.9516,85.0,0.00204,0.3,degraded
56.33,23.50257,22.65476,0.84781,16.0196,17.17412,-1.15452,3.0046,2.0575,85.0,0.02402,0.3,degraded
56.34,23.50257,22.93874,0.56383,16.0196,17.09705,-1.07745,3.013,3.0,85.0,0.01949,0.3,degraded
56.35,23.50257,23.2122,0.29037,16.0196,17.01854,-0.99894,1.7435,2.9772,85.0,0.01593,0.3,degraded
56.36,23.50257,23.42434,0.07823,16.0196,16.95567,-0.93607,3.016,2.9915,85.0,0.01695,0.3,degraded
56.37,23.50257,23.61994,-0.11736,16.0196,16.89922,-0.87962,0.8063,3.0,85.0,0.0157,0.3,degraded
56.38,23.50257,23.7919,-0.28933,16.0196,16.83464,-0.81504,2.9844,2.9872,85.0,0.0,0.3,degraded
56.39,23.50257,23.95336,-0.45079,16.0196,16.77579,-0.75619,2.9964,2.9844,85.0,0.00646,0.3,degraded
56.4,23.50257,24.082,-0.57943,16.0196,16.70886,-0.68926,2.3418,2.9789,85.0,0.01827,0.3,degraded
56.41,23.50257,24.19638,-0.69381,16.0196,16.6868,-0.66719,2.9955,3.0,85.0,0.00202,0.3,degraded
56.42,23.50257,24.29809,-0.79552,16.0196,16.65995,-0.64035,3.0075,2.9877,85.0,0.0151,0.3,degraded
56.43,23.50257,24.3894,-0.88682,16.0196,16.63847,-0.61887,2.9795,3.0,85.0,0.00646,0.3,degraded
56.44,23.50257,24.44703,-0.94445,16.0196,16.61038,-0.59078,3.0176,2.989,85.0,0.00294,0.3,degraded
56.45,23.50257,24.49945,-0.99687,16.0196,16.58806,-0.56846,2.9961,2.9969,85.0,0.00308,0.3,degraded
56.46,23.50257,24.54543,-1.04285,16.0196,16.55893,-0.53933,2.9959,2.9736,85.0,0.00285,0.3,degraded
56.47,23.50257,24.5987,-1.09613,16.0196,16.53553,-0.51593,2.9936,3.0,85.0,0.0,0.3,degraded
56.48,23.50257,24.64524,-1.14267,16.0196,16.50511,-0.4855,2.9681,2.9934,85.0,0.00273,0.3,degraded
56.49,23.50257,24.69535,-1.19278,16.0196,16.47962,-0.46002,2.9892,3.0,85.0,0.00407,0.3,degraded
56.5,23.50257,24.73808,-1.23551,16.0196,16.44916,-0.42956,2.9944,2.9994,85.0,0.0,0.3,degraded
56.51,23.50257,24.78578,-1.28321,16.0196,16.42452,-0.40492,3.0112,3.0,85.0,0.0031,0.3,degraded
56.52,23.50257,24.82704,-1.32446,16.0196,16.39362,-0.37401,2.6603,2.9816,85.0,0.00481,0.3,degraded
56.53,23.50257,24.86293,-1.36036,16.0196,16.36834,-0.34874,2.999,2.9816,85.0,0.0,0.3,degraded
56.54,23.50257,24.88593,-1.38336,16.0196,16.33829,-0.31869,2.9957,2.9846,85.0,0.00305,0.3,degraded
56.55,23.50257,24.90805,-1.40548,16.0196,16.3148,-0.2952,3.0031,3.0,85.0,0.00511,0.3,degraded
56.56,23.50257,24.91603,-1.41345,16.0196,16.28457,-0.26497,3.0062,2.9915,85.0,0.0,0.3,degraded
56.57,23.50257,24.92381,-1.42123,16.0196,16.26081,-0.2412,2.9836,3.0,85.0,0.00111,0.3,degraded
56.58,23.50257,24.92068,-1.41811,16.0196,16.2291,-0.2095,3.0015,3.0,85.0,0.0058,0.3,degraded
56.59,23.50257,24.91443,-1.41185,16.0196,16.20365,-0.18405,3.0147,2.9865,85.0,0.0,0.3,degraded
56.6,23.50257,24.89987,-1.3973,16.0196,16.172,-0.1524,2.986,3.0,85.0,0.00021,0.3,degraded
56.61,23.50257,24.89007,-1.38749,16.0196,16.14773,-0.12812,3.0079,2.9913,85.0,0.00496,0.3,degraded
56.62,23.50257,24.87102,-1.36844,16.0196,16.11644,-0.09684,2.9818,2.9896,85.0,9e-05,0.3,degraded
56.63,23.50257,24.85573,-1.35316,16.0196,16.09199,-0.07239,3.0039,3.0,85.0,0.0,0.3,degraded
56.64,23.50257,24.83156,-1.32898,16.0196,16.06083,-0.04123,2.9795,3.0,85.0,0.00443,0.3,degraded
56.65,23.50257,24.81236,-1.30979,16.0196,16.03491,-0.01531,2.9452,3.0,85.0,6e-05,0.3,degraded
56.66,23.50257,24.78436,-1.28179,16.0196,16.00469,0.01492,2.9868,3.0,85.0,0.0,0.3,degraded
56.67,23.50257,24.76027,-1.25769,16.0196,15.98034,0.03926,3.0008,3.0,85.0,0.00461,0.3,degraded
56.68,23.50257,24.72953,-1.22696,16.0196,15.94922,0.07038,3.0006,2.9895,85.0,0.00111,0.3,degraded
56.69,23.50257,24.70556,-1.20298,16.0196,15.92371,0.0959,2.8131,3.0,85.0,0.0,0.3,degraded
56.7,23.50257,24.66916,-1.16659,16.0196,15.8918,0.1278,3.0054,3.0,85.0,0.00435,0.3,degraded
56.71,23.50257,24.63904,-1.13647,16.0196,15.86666,0.15294,3.0057,3.0,85.0,0.00149,0.3,degraded
56.72,23.50257,24.60357,-1.10099,16.0196,15.83605,0.18356,2.9853,3.0,85.0,0.0,0.3,degraded
56.73,23.50257,24.57333,-1.07075,16.0196,15.81412,0.20548,3.0097,3.0,85.0,0.00343,0.3,degraded
56.74,23.50257,24.53663,-1.03406,16.0196,15.78687,0.23273,2.9955,2.9716,85.0,0.00184,0.3,degraded
56.75,23.50257,24.50802,-1.00545,16.0196,15.76548,0.25412,2.9899,3.0,85.0,0.0,0.3,degraded
56.76,23.50257,24.47447,-0.97189,16.0196,15.73819,0.28142,2.9955,2.9982,85.0,0.0039,0.3,degraded
56.77,23.50257,24.44758,-0.94501,16.0196,15.71936,0.30024,2.9846,2.9958,85.0,0.00271,0.3,degraded
56.78,23.50257,24.41468,-0.9121,16.0196,15.69967,0.31993,3.0145,2.9934,85.0,0.0,0.3,degraded
56.79,23.50257,24.38883,-0.88625,16.0196,15.68714,0.33247,3.0245,3.0,85.0,0.00318,0.3,degraded
56.8,23.50257,24.35632,-0.85374,16.0196,15.67003,0.34957,2.9943,3.0,85.0,0.0041,0.3,degraded
56.81,23.50257,24.32931,-0.82674,16.0196,15.66287,0.35674,2.9898,3.0,85.0,0.0,0.3,degraded
56.82,23.50257,24.29836,-0.79578,16.0196,15.65106,0.36854,3.0268,3.0,85.0,0.00277,0.3,degraded
56.83,23.50257,24.27567,-0.7731,16.0196,15.65051,0.36909,2.9979,2.9903,85.0,0.00428,0.3,degraded
56.84,23.50257,24.24695,-0.74438,16.0196,15.64283,0.37677,3.0052,3.0,85.0,0.0,0.3,degraded
56.85,23.50257,24.22577,-0.7232,16.0196,15.64246,0.37714,3.0111,3.0,85.0,0.00158,0.3,degraded
56.86,23.50257,24.19897,-0.69639,16.0196,15.63656,0.38304,3.0135,2.9861,85.0,0.00379,0.3,degraded
56.87,23.50257,24.17848,-0.67591,16.0196,15.6402,0.3794,3.0275,3.0,85.0,0.0,0.3,degraded
56.88,23.50257,24.15273,-0.65015,16.0196,15.63944,0.38016,2.9927,3.0,85.0,0.00119,0.3,degraded
56.89,23.50257,24.13476,-0.63219,16.0196,15.64402,0.37559,2.995,3.0,85.0,0.00522,0.3,degraded
56.9,23.50257,24.11215,-0.60957,16.0196,15.64478,0.37483,2.9967,3.0,85.0,0.0,0.3,degraded
56.91,23.50257,24.09568,-0.59311,16.0196,15.65349,0.36611,2.9771,2.9995,85.0,0.00037,0.3,degraded
56.92,23.50257,24.07382,-0.57125,16.0196,15.65654,0.36306,3.0018,3.0,85.0,0.00479,0.3,degraded
56.93,23.50257,24.05847,-0.55589,16.0196,15.66889,0.35071,3.023,3.0,85.0,0.0,0.3,degraded
56.94,23.50257,24.03663,-0.53405,16.0196,15.67467,0.34493,2.9985,2.9774,85.0,0.00037,0.3,degraded
56.95,23.50257,24.0202,-0.51762,16.0196,15.68699,0.33261,3.0026,3.0,85.0,0.00478,0.3,degraded
56.96,23.50257,23.99666,-0.49409,16.0196,15.6928,0.3268,2.9743,3.0,85.0,0.0,0.3,degraded
56.97,23.50257,23.97967,-0.4771,16.0196,15.70357,0.31603,2.9834,2.9708,85.0,0.0,0.3,degraded
56.98,23.50257,23.95716,-0.45459,16.0196,15.70872,0.31088,2.9974,2.9797,85.0,0.0042,0.3,degraded
56.99,23.50257,23.94033,-0.43775,16.0196,15.72163,0.29797,3.02,2.9796,85.0,0.00045,0.3,degraded
57.0,23.50257,23.91774,-0.41516,16.0196,15.72852,0.29108,2.9926,3.0,85.0,0.0,0.3,degraded
57.01,23.50257,23.90144,-0.39887,16.0196,15.74136,0.27824,2.9939,3.0,85.0,0.00428,0.3,degraded
57.02,23.50257,23.87874,-0.37616,16.0196,15.74802,0.27159,3.0097,3.0,85.0,0.00141,0.3,degraded
57.03,23.50257,23.86172,-0.35914,16.0196,15.76237,0.25724,2.9814,3.0,85.0,0.0,0.3,degraded
57.04,23.50257,23.83836,-0.33578,16.0196,15.77342,0.24619,3.0065,3.0,85.0,0.00477,0.3,degraded
57.05,23.50257,23.82026,-0.31768,16.0196,15.79361,0.22599,3.0173,3.0,85.0,0.00212,0.3,degraded
57.06,23.50257,23.79616,-0.29359,16.0196,15.80862,0.21098,2.9948,3.0,85.0,0.0,0.3,degraded
57.07,23.50257,23.77922,-0.27665,16.0196,15.83067,0.18893,3.0054,2.9821,85.0,0.00309,0.3,degraded
57.08,23.50257,23.75711,-0.25454,16.0196,15.84598,0.17362,2.998,2.9969,85.0,0.00237,0.3,degraded
57.09,23.50257,23.74026,-0.23769,16.0196,15.86862,0.15098,3.0152,3.0,85.0,0.0,0.3,degraded
57.1,23.50257,23.71688,-0.21431,16.0196,15.88461,0.13499,3.0054,2.9775,85.0,0.00347,0.3,degraded
57.11,23.50257,23.70007,-0.1975,16.0196,15.90789,0.11172,2.9863,3.0,85.0,0.00297,0.3,degraded
57.12,23.50257,23.67655,-0.17398,16.0196,15.92738,0.09222,2.9941,2.9807,85.0,0.0,0.3,degraded
57.13,23.50257,23.65871,-0.15613,16.0196,15.95317,0.06643,3.0261,2.9955,85.0,0.00277,0.3,degraded
57.14,23.50257,23.63492,-0.13234,16.0196,15.9721,0.0475,2.9876,2.9936,85.0,0.0032,0.3,degraded
57.15,23.50257,23.61683,-0.11426,16.0196,15.99719,0.02241,3.0269,2.9984,85.0,0.0,0.3,degraded
57.16,23.50257,23.59156,-0.08899,16.0196,16.01418,0.00542,2.9882,3.0,85.0,0.00198,0.3,degraded
57.17,23.50257,23.57219,-0.06962,16.0196,16.03812,-0.01852,2.9999,2.9748,85.0,0.00402,0.3,degraded
57.18,23.50257,23.54612,-0.04354,16.0196,16.05446,-0.03486,2.9901,2.9861,85.0,0.0,0.3,degraded
57.19,23.50257,23.52508,-0.02251,16.0196,16.07665,-0.05705,2.9955,2.9981,85.0,0.00121,0.3,degraded
57.2,23.50257,23.49697,0.0056,16.0196,16.09239,-0.07279,3.0233,2.9774,85.0,0.00393,0.3,degraded
57.21,23.50257,23.47479,0.02778,16.0196,16.11532,-0.09572,2.9956,3.0,85.0,0.0,0.3,degraded
57.22,23.50257,23.44649,0.05608,16.0196,16.1339,-0.1143,2.9669,2.9968,85.0,0.00077,0.3,degraded
57.23,23.50257,23.42286,0.07971,16.0196,16.15989,-0.14029,2.9953,2.9891,85.0,0.0046,0.3,degraded
57.24,23.50257,23.39285,0.10972,16.0196,16.1806,-0.161,3.0184,3.0,85.0,0.0,0.3,degraded
57.25,23.50257,23.36893,0.13364,16.0196,16.20676,-0.18715,3.0136,3.0,85.0,6e-05,0.3,degraded
57.26,23.50257,23.33956,0.16301,16.0196,16.22905,-0.20945,2.9931,3.0,85.0,0.00464,0.3,degraded
57.27,23.50257,23.31558,0.187,16.0196,16.25663,-0.23703,2.9992,3.0,85.0,0.0,0.3,degraded
57.28,23.50257,23.28668,0.21589,16.0196,16.27781,-0.25821,3.0113,2.9993,85.0,0.0,0.3,degraded
57.29,23.50257,23.26502,0.23755,16.0196,16.30519,-0.28559,3.0124,3.0,85.0,0.00501,0.3,degraded
57.3,23.50257,23.23795,0.26463,16.0196,16.32613,-0.30653,2.981,3.0,85.0,0.0,0.3,degraded
57.31,23.50257,23.21934,0.28323,16.0196,16.35372,-0.33412,2.9997,2.9941,85.0,0.0,0.3,degraded
57.32,23.50257,23.19816,0.30441,16.0196,16.37494,-0.35534,3.0117,3.0,85.0,0.00547,0.3,degraded
57.33,23.50257,23.18944,0.31313,16.0196,16.40231,-0.38271,2.993,3.0,85.0,0.00067,0.3,degraded
57.34,23.50257,23.17638,0.3262,16.0196,16.42282,-0.40322,2.995,3.0,85.0,0.0,0.3,degraded
57.35,23.50257,23.1702,0.33237,16.0196,16.44594,-0.42634,3.0308,3.0,85.0,0.00531,0.3,degraded
57.36,23.50257,23.16228,0.34029,16.0196,16.46089,-0.44129,3.0005,2.9035,85.0,0.00147,0.3,degraded
57.37,23.50257,23.16216,0.34041,16.0196,16.47848,-0.45888,3.0083,3.0,85.0,0.0,0.3,degraded
57.38,23.50257,23.15469,0.34788,16.0196,16.4849,-0.4653,2.9724,2.9876,85.0,0.00464,0.3,degraded
57.39,23.50257,23.15838,0.34419,16.0196,16.49722,-0.47762,2.9976,2.9905,85.0,0.00226,0.3,degraded
57.4,23.50257,23.15606,0.34651,16.0196,16.50187,-0.48227,3.0039,2.9248,85.0,0.0,0.3,degraded
57.41,23.50257,23.15999,0.34258,16.0196,16.51064,-0.49103,3.004,2.9778,85.0,0.00363,0.3,degraded
57.42,23.50257,23.15765,0.34492,16.0196,16.51067,-0.49107,3.0073,3.0,85.0,0.00226,0.3,degraded
57.43,23.50257,23.16118,0.3414,16.0196,16.51598,-0.49638,2.9994,2.9767,85.0,0.0,0.3,degraded
57.44,23.50257,23.15948,0.34309,16.0196,16.51341,-0.49381,2.9962,2.9959,85.0,0.00361,0.3,degraded
57.45,23.50257,23.16758,0.33499,16.0196,16.51674,-0.49713,3.0022,2.9772,85.0,0.00331,0.3,degraded
57.46,23.50257,23.16987,0.3327,16.0196,16.51238,-0.49278,3.0064,3.0,85.0,0.0,0.3,degraded
57.47,23.50257,23.17992,0.32265,16.0196,16.51319,-0.49359,2.9948,2.992,85.0,0.00269,0.3,degraded
57.48,23.50257,23.18455,0.31803,16.0196,16.50566,-0.48606,2.985,2.9968,85.0,0.00366,0.3,degraded
57.49,23.50257,23.19421,0.30836,16.0196,16.50456,-0.48495,2.9955,2.9803,85.0,0.0,0.3,degraded
57.5,23.50257,23.19721,0.30537,16.0196,16.49519,-0.47559,2.9789,3.0,85.0,0.00182,0.3,degraded
57.51,23.50257,23.20458,0.298,16.0196,16.49114,-0.47154,2.9477,3.0,85.0,0.00368,0.3,degraded
57.52,23.50257,23.20554,0.29703,16.0196,16.47988,-0.46028,3.0343,3.0,85.0,0.0,0.3,degraded
57.53,23.50257,23.2144,0.28817,16.0196,16.47608,-0.45647,3.0146,2.9999,85.0,0.00095,0.3,degraded
57.54,23.50257,23.21665,0.28593,16.0196,16.46606,-0.44646,2.9914,2.9855,85.0,0.00441,0.3,degraded
57.55,23.50257,23.22513,0.27745,16.0196,16.46138,-0.44178,3.0187,2.9775,85.0,0.0,0.3,degraded
57.56,23.50257,23.22787,0.2747,16.0196,16.45022,-0.43062,2.9989,3.0,85.0,0.00107,0.3,degraded
57.57,23.50257,23.23666,0.26592,16.0196,16.44583,-0.42623,2.9902,2.8709,85.0,0.00523,0.3,degraded
57.58,23.50257,23.23858,0.264,16.0196,16.43258,-0.41298,2.9797,3.0,85.0,0.0,0.3,degraded
57.59,23.50257,23.25006,0.25251,16.0196,16.42696,-0.40736,3.0333,3.0,85.0,0.00076,0.3,degraded
57.6,23.50257,23.25518,0.24739,16.0196,16.41422,-0.39462,2.9896,3.0,85.0,0.00457,0.3,degraded
57.61,23.50257,23.26683,0.23574,16.0196,16.40749,-0.38789,2.9844,3.0,85.0,0.0,0.3,degraded
57.62,23.50257,23.27128,0.23129,16.0196,16.39487,-0.37526,3.0047,3.0,85.0,0.0,0.3,degraded
57.63,23.50257,23.2804,0.22217,16.0196,16.3888,-0.3692,3.0025,3.0,85.0,0.00439,0.3,degraded
57.64,23.50257,23.28315,0.21942,16.0196,16.37738,-0.35778,3.0017,2.982,85.0,0.00015,0.3,degraded
57.65,23.50257,23.29162,0.21095,16.0196,16.37001,-0.3504,3.0164,2.9806,85.0,0.0,0.3,degraded
57.66,23.50257,23.2948,0.20777,16.0196,16.3581,-0.33849,3.0191,2.9908,85.0,0.0041,0.3,degraded
57.67,23.50257,23.30547,0.1971,16.0196,16.35329,-0.33369,3.0031,2.9916,85.0,0.00048,0.3,degraded
57.68,23.50257,23.30955,0.19302,16.0196,16.34121,-0.32161,2.9999,2.9952,85.0,0.0,0.3,degraded
57.69,23.50257,23.31977,0.1828,16.0196,16.33524,-0.31564,2.997,3.0,85.0,0.00431,0.3,degraded
57.7,23.50257,23.32286,0.17971,16.0196,16.32357,-0.30396,3.0153,2.9963,85.0,0.0015,0.3,degraded
57.71,23.50257,23.33081,0.17176,16.0196,16.31847,-0.29887,2.9755,3.0,85.0,0.0,0.3,degraded
57.72,23.50257,23.33277,0.16981,16.0196,16.30684,-0.28723,2.9965,3.0,85.0,0.00444,0.3,degraded
57.73,23.50257,23.34538,0.1572,16.0196,16.301,-0.2814,2.9764,2.9875,85.0,0.00192,0.3,degraded
57.74,23.50257,23.35099,0.15158,16.0196,16.28795,-0.26835,2.9929,2.9957,85.0,0.0,0.3,degraded
57.75,23.50257,23.36237,0.14021,16.0196,16.27906,-0.25946,3.0151,3.0,85.0,0.00316,0.3,degraded
57.76,23.50257,23.36891,0.13366,16.0196,16.26358,-0.24398,3.0093,2.9931,85.0,0.00267,0.3,degraded
57.77,23.50257,23.38087,0.1217,16.0196,16.25364,-0.23404,3.0144,3.0,85.0,0.0,0.3,degraded
57.78,23.50257,23.38523,0.11734,16.0196,16.23637,-0.21677,3.0079,2.9807,85.0,0.00314,0.3,degraded
57.79,23.50257,23.39564,0.10694,16.0196,16.22484,-0.20524,2.9809,3.0,85.0,0.00367,0.3,degraded
57.8,23.50257,23.40075,0.10182,16.0196,16.20638,-0.18678,3.0066,3.0,85.0,0.0,0.3,degraded
57.81,23.50257,23.41382,0.08875,16.0196,16.1948,-0.1752,3.011,2.9926,85.0,0.00289,0.3,degraded
57.82,23.50257,23.42129,0.08128,16.0196,16.17584,-0.15624,3.02,2.9922,85.0,0.00369,0.3,degraded
57.83,23.50257,23.43679,0.06578,16.0196,16.16353,-0.14393,3.0119,2.9802,85.0,0.0,0.3,degraded
57.84,23.50257,23.44552,0.05705,16.0196,16.14652,-0.12692,2.9767,3.0,85.0,0.00176,0.3,degraded
57.85,23.50257,23.45962,0.04296,16.0196,16.13736,-0.11776,3.0157,2.9959,85.0,0.00411,0.3,degraded
57.86,23.50257,23.46731,0.03527,16.0196,16.12368,-0.10408,2.9898,2.985,85.0,0.0,0.3,degraded
57.87,23.50257,23.48336,0.01922,16.0196,16.11657,-0.09697,3.0001,3.0,85.0,0.00167,0.3,degraded
57.88,23.50257,23.49527,0.0073,16.0196,16.10471,-0.0851,3.0426,3.0,85.0,0.00455,0.3,degraded
57.89,23.50257,23.51286,-0.01029,16.0196,16.10042,-0.08082,2.9967,2.9973,85.0,0.0,0.3,degraded
57.9,23.50257,23.5248,-0.02222,16.0196,16.08944,-0.06984,3.0005,2.9943,85.0,0.00031,0.3,degraded
57.91,23.50257,23.5435,-0.04092,16.0196,16.08467,-0.06507,3.0149,3.0,85.0,0.00408,0.3,degraded
57.92,23.50257,23.55542,-0.05284,16.0196,16.07302,-0.05342,2.9895,3.0,85.0,0.0,0.3,degraded
57.93,23.50257,23.57386,-0.07129,16.0196,16.06692,-0.04732,2.9982,3.0,85.0,0.0,0.3,degraded
57.94,23.50257,23.58659,-0.08402,16.0196,16.05513,-0.03553,3.0268,2.9938,85.0,0.00417,0.3,degraded
57.95,23.50257,23.60556,-0.10298,16.0196,16.04852,-0.02892,3.0082,3.0,85.0,0.0,0.3,degraded
57.96,23.50257,23.61797,-0.1154,16.0196,16.03636,-0.01676,3.0015,3.0,85.0,0.0,0.3,degraded
57.97,23.50257,23.63757,-0.135,16.0196,16.0324,-0.0128,3.0052,3.0,85.0,0.00462,0.3,degraded
57.98,23.50257,23.65051,-0.14793,16.0196,16.02268,-0.00308,2.9885,3.0,85.0,0.0,0.3,degraded
57.99,23.50257,23.67018,-0.16761,16.0196,16.01925,0.00035,2.9894,2.9976,85.0,0.04233,0.3,degraded
58.0,-32.04294,23.66235,-55.70529,-16.70743,15.98802,-32.69545,2.9951,3.0,85.0,0.23267,0.3,degraded
58.01,-32.00989,23.04973,-55.05962,-16.8434,15.29323,-32.13663,2.9769,3.0,85.0,0.3,0.3,degraded
58.02,-31.97877,21.55152,-53.53029,-16.97732,13.62873,-30.60605,3.011,3.0,85.0,0.27278,0.3,degraded
58.03,-31.94955,19.18234,-51.13189,-17.10921,11.38351,-28.49272,2.999,2.9877,85.0,0.19102,0.3,degraded
58.04,-31.9222,15.93213,-47.85433,-17.23907,9.2832,-26.52227,3.0127,3.0,85.0,0.20521,0.3,degraded
58.05,-31.89667,11.81394,-43.71061,-17.3669,7.33443,-24.70133,3.0305,3.0,85.0,0.06571,0.3,degraded
58.06,-31.87293,7.55746,-39.43039,-17.49271,5.5014,-22.99411,3.0082,3.0,85.0,0.11355,0.3,degraded
58.07,-31.85094,3.70861,-35.55955,-17.61651,3.794,-21.41051,3.0037,3.0,85.0,0.09437,0.3,degraded
58.08,-31.83065,0.18695,-32.0176,-17.73829,2.19788,-19.93617,3.0109,2.9948,85.0,0.06876,0.3,degraded
58.09,-31.81202,-2.99561,-28.81642,-17.85808,0.7252,-18.58328,2.619,1.1396,85.0,0.08333,0.3,degraded
58.1,-31.79502,-5.88783,-25.90718,-17.97588,-0.66443,-17.31146,1.2032,2.9748,85.0,0.09161,0.3,degraded
58.11,-31.77958,-8.5009,-23.27869,-18.0917,-1.94393,-16.14777,2.9997,3.0,85.0,0.05792,0.3,degraded
58.12,-31.76567,-10.88805,-20.87762,-18.20554,-3.15778,-15.04777,2.9891,2.9878,85.0,0.05359,0.3,degraded
58.13,-31.75325,-13.04214,-18.7111,-18.31742,-4.28642,-14.03101,2.9795,2.9906,85.0,0.05557,0.3,degraded
58.14,-31.74225,-15.00726,-16.73499,-18.42735,-5.33749,-13.08985,2.999,2.9843,85.0,0.04486,0.3,degraded
58.15,-31.73263,-16.79136,-14.94127,-18.53533,-6.32393,-12.21139,2.9898,3.0,85.0,0.06112,0.3,degraded
58.16,-31.72435,-18.41238,-13.31197,-18.64137,-7.23643,-11.40495,2.9982,3.0,85.0,0.04818,0.3,degraded
58.17,-31.71735,-19.87364,-11.84371,-18.7455,-8.10484,-10.64066,3.0046,0.7748,85.0,0.03013,0.3,degraded
58.18,-31.71157,-21.19033,-10.52124,-18.84771,-8.90537,-9.94235,3.0004,3.0,85.0,0.04684,0.3,degraded
58.19,-31.70697,-22.35061,-9.35636,-18.94803,-9.65748,-9.29055,3.0349,0.8047,85.0,0.04901,0.3,degraded
58.2,-31.70348,-23.38608,-8.31741,-19.04646,-10.37455,-8.67191,3.0006,3.0,85.0,0.02015,0.3,degraded
58.21,-31.70106,-24.32105,-7.38002,-19.14302,-11.03918,-8.10383,3.007,3.0,85.0,0.02135,0.3,degraded
58.22,-31.69965,-25.16805,-6.5316,-19.23771,-11.65744,-7.58028,2.9877,0.3433,85.0,0.02549,0.3,degraded
58.23,-31.6992,-25.93852,-5.76068,-19.33056,-12.23769,-7.09287,0.1391,0.3222,85.0,0.01495,0.3,degraded
58.24,-31.69963,-26.64487,-5.05476,-19.42158,-12.78155,-6.64003,2.9997,2.9962,85.0,0.03275,0.3,degraded
58.25,-31.7009,-27.27403,-4.42687,-19.51078,-13.28509,-6.22569,2.9978,1.4221,85.0,0.02711,0.3,degraded
58.26,-31.70295,-27.85531,-3.84764,-19.59817,-13.77072,-5.82745,2.9972,0.0071,85.0,0.01422,0.3,degraded
58.27,-31.70571,-28.35774,-3.34797,-19.68378,-14.22103,-5.46275,2.9682,1.1084,85.0,0.00435,0.3,degraded
58.28,-31.70912,-28.82476,-2.88437,-19.76761,-14.63618,-5.13143,3.0103,3.0,85.0,0.01745,0.3,degraded
58.29,-31.71313,-29.23267,-2.48047,-19.84969,-15.02433,-4.82535,2.5211,1.0787,85.0,0.00715,0.3,degraded
58.3,-31.71768,-29.60908,-2.1086,-19.93002,-15.40795,-4.52207,2.9951,2.9768,85.0,0.0091,0.3,degraded
58.31,-31.72268,-29.93789,-1.7848,-20.00863,-15.75471,-4.25392,2.9877,0.2204,85.0,0.04247,0.3,degraded
58.32,-31.7281,-30.23989,-1.48821,-20.08553,-16.09217,-3.99336,2.9995,3.0,85.0,0.01551,0.3,degraded
58.33,-31.73386,-30.51421,-1.21965,-20.16074,-16.40655,-3.75419,2.972,3.0,85.0,0.01123,0.3,degraded
58.34,-31.73989,-30.76527,-0.97462,-20.23428,-16.70193,-3.53235,2.9845,0.1041,85.0,0.02097,0.3,degraded
58.35,-31.74613,-30.97076,-0.77537,-20.30616,-16.97825,-3.32791,2.9886,2.1176,85.0,0.00357,0.3,degraded
58.36,-31.75252,-31.17193,-0.58059,-20.37641,-17.23465,-3.14176,2.939,3.0,85.0,0.01912,0.3,degraded
58.37,-31.75899,-31.33402,-0.42497,-20.44503,-17.46956,-2.97547,3.0021,3.0,85.0,0.02448,0.3,degraded
58.38,-31.76548,-31.49332,-0.27216,-20.51205,-17.71454,-2.79752,3.0214,2.9781,85.0,0.01548,0.3,degraded
58.39,-31.77191,-31.62556,-0.14635,-20.57749,-17.94443,-2.63306,0.0834,2.9959,85.0,0.00914,0.3,degraded
58.4,-31.77822,-31.75511,-0.02312,-20.64137,-18.14078,-2.5006,3.0048,1.8106,85.0,0.0175,0.3,degraded
58.41,-31.78435,-31.85799,0.07364,-20.70371,-18.33159,-2.37212,1.5467,2.9844,85.0,0.01076,0.3,degraded
58.42,-31.79022,-31.9538,0.16358,-20.76452,-18.51808,-2.24644,0.6145,3.0,85.0,0.00818,0.3,degraded
58.43,-31.79577,-32.0449,0.24914,-20.82383,-18.69628,-2.12755,3.0238,1.4725,85.0,0.00312,0.3,degraded
58.44,-31.80092,-32.102,0.30108,-20.88165,-18.85935,-2.0223,3.0038,2.9832,85.0,0.01663,0.3,degraded
58.45,-31.80562,-32.14957,0.34395,-20.93801,-19.00622,-1.93179,2.9807,1.3318,85.0,0.0,0.3,degraded
58.46,-31.80979,-32.2035,0.39372,-20.99292,-19.17024,-1.82269,2.9899,1.002,85.0,0.00519,0.3,degraded
58.47,-31.81336,-32.25052,0.43716,-21.04642,-19.30154,-1.74488,2.9919,2.9827,85.0,0.00643,0.3,degraded
58.48,-31.81627,-32.3025,0.48623,-21.09851,-19.44263,-1.65588,2.9906,3.0,85.0,0.00743,0.3,degraded
58.49,-31.81844,-32.34814,0.5297,-21.14922,-19.57542,-1.5738,2.9858,1.8603,85.0,0.01405,0.3,degraded
58.5,-31.81981,-32.39924,0.57943,-21.19858,-19.69717,-1.50141,3.017,3.0,85.0,0.01613,0.3,degraded
58.51,-31.8203,-32.44388,0.62358,-21.24659,-19.81692,-1.42967,3.0076,2.9825,85.0,8e-05,0.3,degraded
58.52,-31.81986,-32.49487,0.67501,-21.29329,-19.93574,-1.35755,3.0223,2.9777,85.0,0.01053,0.3,degraded
58.53,-31.8184,-32.53945,0.72105,-21.3387,-20.04863,-1.29007,3.0084,3.0,85.0,0.01094,0.3,degraded
58.54,-31.81587,-32.58958,0.77372,-21.38283,-20.14637,-1.23646,2.9963,2.9928,85.0,0.00111,0.3,degraded
58.55,-31.81218,-32.62436,0.81217,-21.42571,-20.23964,-1.18608,3.0118,2.3342,85.0,0.0074,0.3,degraded
58.56,-31.80729,-32.66056,0.85327,-21.46737,-20.34117,-1.1262,2.869,3.0,85.0,0.01238,0.3,degraded
58.57,-31.8011,-32.68391,0.8828,-21.50782,-20.41921,-1.08861,2.9889,3.0,85.0,0.01851,0.3,degraded
58.58,-31.79357,-32.70736,0.91379,-21.54709,-20.49886,-1.04822,3.0074,3.0,85.0,0.01211,0.3,degraded
58.59,-31.78461,-32.71869,0.93408,-21.58519,-20.5577,-1.02749,3.0268,2.9937,85.0,0.00617,0.3,degraded
58.6,-31.77417,-32.72927,0.9551,-21.62216,-20.6219,-1.00026,3.0036,2.995,85.0,0.00103,0.3,degraded
58.61,-31.76217,-32.72707,0.9649,-21.65801,-20.67832,-0.97969,3.0125,2.9959,85.0,0.0002,0.3,degraded
58.62,-31.74855,-32.72964,0.98109,-21.69278,-20.73897,-0.9538,2.9347,3.0,85.0,0.00516,0.3,degraded
58.63,-31.73324,-32.72075,0.98751,-21.72647,-20.79229,-0.93417,3.0201,2.9845,85.0,9e-05,0.3,degraded
58.64,-31.71618,-32.71556,0.99938,-21.75911,-20.85224,-0.90687,3.0099,3.0,85.0,0.00027,0.3,degraded
58.65,-31.6973,-32.69672,0.99942,-21.79073,-20.90549,-0.88525,3.0051,3.0,85.0,0.0051,0.3,degraded
58.66,-31.67653,-32.68341,1.00688,-21.82135,-20.96465,-0.8567,2.9866,3.0,85.0,0.00089,0.3,degraded
58.67,-31.65381,-32.66201,1.0082,-21.851,-21.01704,-0.83396,2.9512,3.0,85.0,0.0,0.3,degraded
58.68,-31.62908,-32.6428,1.01372,-21.87968,-21.07727,-0.80242,3.0001,2.9691,85.0,0.00496,0.3,degraded
58.69,-31.60226,-32.61257,1.0103,-21.90744,-21.13146,-0.77598,2.9989,2.9864,85.0,0.00148,0.3,degraded
58.7,-31.57331,-32.58744,1.01413,-21.93429,-21.19236,-0.74193,2.9278,2.9865,85.0,0.0,0.3,degraded
58.71,-31.54215,-32.55451,1.01236,-21.96025,-21.24672,-0.71353,2.9948,3.0,85.0,0.00515,0.3,degraded
58.72,-31.50873,-32.52494,1.01621,-21.98535,-21.30597,-0.67938,3.0205,3.0,85.0,0.00169,0.3,degraded
58.73,-31.47298,-32.48541,1.01242,-22.00961,-21.35855,-0.65106,3.0126,2.9769,85.0,0.0,0.3,degraded
58.74,-31.43485,-32.45208,1.01723,-22.03306,-21.41781,-0.61525,2.9001,3.0,85.0,0.00403,0.3,degraded
58.75,-31.39426,-32.40791,1.01365,-22.05571,-21.47071,-0.585,2.9973,3.0,85.0,0.0026,0.3,degraded
58.76,-31.35118,-32.37003,1.01886,-22.07759,-21.52911,-0.54848,2.8866,3.0,85.0,0.0,0.3,degraded
58.77,-31.30552,-32.32327,1.01775,-22.09872,-21.58101,-0.51771,3.019,3.0,85.0,0.00281,0.3,degraded
58.78,-31.25725,-32.27925,1.02199,-22.11913,-21.63817,-0.48095,2.9965,3.0,85.0,0.00355,0.3,degraded
58.79,-31.2063,-32.22686,1.02056,-22.13883,-21.68829,-0.45054,3.0328,2.9925,85.0,0.0,0.3,degraded
58.8,-31.15262,-32.18113,1.02851,-22.15786,-21.74462,-0.41324,2.9951,2.9994,85.0,0.00306,0.3,degraded
58.81,-31.09615,-32.1245,1.02836,-22.17622,-21.79519,-0.38104,3.0063,3.0,85.0,0.00369,0.3,degraded
58.82,-31.03683,-32.07391,1.03707,-22.19396,-21.85344,-0.34052,3.0064,2.9985,85.0,0.0,0.3,degraded
58.83,-30.97463,-32.01621,1.04158,-22.21108,-21.9056,-0.30548,2.8468,2.9935,85.0,0.01289,0.3,degraded
58.84,-30.90948,-31.9324,1.02292,-22.22761,-21.96387,-0.26374,3.023,3.0,85.0,0.01193,0.3,degraded
58.85,-30.84133,-31.8568,1.01547,-22.24357,-22.01542,-0.22815,3.0038,3.0,85.0,0.0,0.3,degraded
58.86,-30.77013,-31.78205,1.01192,-22.25898,-22.07208,-0.1869,0.6569,3.0,85.0,0.00586,0.3,degraded
58.87,-30.69584,-31.70549,1.00965,-22.27387,-22.12072,-0.15315,1.3214,2.994,85.0,0.00776,0.3,degraded
58.88,-30.6184,-31.62635,1.00795,-22.28826,-22.17367,-0.11459,1.9165,2.9964,85.0,0.0,0.3,degraded
58.89,-30.53778,-31.55895,1.02118,-22.30216,-22.22111,-0.08105,2.9846,2.9883,85.0,0.01294,0.3,degraded
58.9,-30.45392,-31.48856,1.03465,-22.31561,-22.27469,-0.04092,3.0184,3.0,85.0,0.0092,0.3,degraded
58.91,-30.36677,-31.40172,1.03495,-22.32861,-22.32155,-0.00706,0.3303,2.9763,85.0,0.0,0.3,degraded
58.92,-30.27631,-31.32118,1.04487,-22.3412,-22.37602,0.03482,2.7966,3.0,85.0,0.00562,0.3,degraded
58.93,-30.18248,-31.22761,1.04512,-22.35338,-22.4215,0.06812,2.9936,3.0,85.0,0.01022,0.3,degraded
58.94,-30.08525,-31.1483,1.06305,-22.36519,-22.46874,0.10355,1.2202,3.0,85.0,0.0011,0.3,degraded
58.95,-29.98457,-31.06017,1.0756,-22.37665,-22.50506,0.12841,2.9782,3.0,85.0,0.00439,0.3,degraded
58.96,-29.88041,-30.97588,1.09547,-22.38776,-22.54168,0.15392,3.0097,3.0,85.0,0.00917,0.3,degraded
58.97,-29.77273,-30.88606,1.11333,-22.39856,-22.57085,0.17229,0.8893,3.0,85.0,0.01033,0.3,degraded
58.98,-29.66149,-30.79556,1.13408,-22.40906,-22.60312,0.19406,3.0089,3.0,85.0,0.00346,0.3,degraded
58.99,-29.54666,-30.70027,1.15361,-22.41928,-22.62623,0.20695,3.0019,2.9875,85.0,0.00578,0.3,degraded
59.0,-29.4282,-30.60036,1.17215,-22.42925,-22.6525,0.22325,0.07,2.9992,85.0,0.00584,0.3,degraded
59.01,-29.30609,-30.49678,1.19069,-22.43897,-22.66968,0.23071,3.0085,2.9914,85.0,0.00548,0.3,degraded
59.02,-29.1803,-30.40129,1.221,-22.44847,-22.69129,0.24282,3.0196,2.9891,85.0,0.00463,0.3,degraded
59.03,-29.05079,-30.29393,1.24314,-22.45777,-22.70315,0.24539,1.8745,2.9998,85.0,0.00281,0.3,degraded
59.04,-28.91753,-30.19428,1.27675,-22.46688,-22.71991,0.25304,3.0002,2.9887,85.0,0.00681,0.3,degraded
59.05,-28.78051,-30.07762,1.29712,-22.47582,-22.72902,0.2532,2.9961,2.9919,85.0,0.0157,0.3,degraded
59.06,-28.63969,-29.96912,1.32943,-22.48461,-22.74359,0.25898,3.0052,3.0,85.0,0.00192,0.3,degraded
59.07,-28.49505,-29.85525,1.3602,-22.49327,-22.75146,0.25819,2.9803,3.0,85.0,0.00986,0.3,degraded
59.08,-28.34658,-29.74491,1.39834,-22.50182,-22.76344,0.26163,3.0259,3.0,85.0,0.00576,0.3,degraded
59.09,-28.19424,-29.61328,1.41904,-22.51026,-22.76801,0.25775,0.985,2.9945,85.0,0.01534,0.3,degraded
59.1,-28.03802,-29.48568,1.44765,-22.51862,-22.77775,0.25913,2.9941,2.9983,85.0,0.00261,0.3,degraded
59.11,-27.87791,-29.34752,1.46961,-22.52691,-22.77989,0.25297,3.0028,3.0,85.0,0.00434,0.3,degraded
59.12,-27.71388,-29.21939,1.50551,-22.53516,-22.78543,0.25028,2.9901,2.994,85.0,0.01731,0.3,degraded
59.13,-27.54593,-29.09027,1.54434,-22.54336,-22.78491,0.24155,3.0072,2.9836,85.0,0.00082,0.3,degraded
59.14,-27.37403,-28.95739,1.58336,-22.55154,-22.79181,0.24027,3.0166,3.0,85.0,0.01373,0.3,degraded
59.15,-27.19818,-28.80584,1.60766,-22.55972,-22.79262,0.2329,2.9947,3.0,85.0,0.0065,0.3,degraded
59.16,-27.01837,-28.66429,1.64592,-22.5679,-22.79722,0.22932,0.9479,2.9838,85.0,0.0,0.3,degraded
59.17,-26.83458,-28.51791,1.68333,-22.5761,-22.79492,0.21882,0.1052,3.0,85.0,0.00518,0.3,degraded
59.18,-26.64681,-28.363,1.71618,-22.58434,-22.7976,0.21326,2.0185,3.0,85.0,0.00477,0.3,degraded
59.19,-26.45506,-28.21597,1.76091,-22.59262,-22.79336,0.20074,2.9955,2.9954,85.0,0.01097,0.3,degraded
59.2,-26.25932,-28.06463,1.80531,-22.60097,-22.7961,0.19513,3.0099,3.0,85.0,0.00194,0.3,degraded
59.21,-26.05959,-27.89688,1.83729,-22.60938,-22.79093,0.18155,0.4325,2.9863,85.0,0.01581,0.3,degraded
59.22,-25.85587,-27.72746,1.87159,-22.61789,-22.79155,0.17367,0.9507,2.9871,85.0,0.00248,0.3,degraded
59.23,-25.64815,-27.55847,1.91032,-22.62648,-22.78753,0.16104,3.0057,2.9873,85.0,0.00035,0.3,degraded
59.24,-25.43645,-27.3862,1.94976,-22.63519,-22.78951,0.15432,3.0092,2.997,85.0,0.01378,0.3,degraded
59.25,-25.22075,-27.21432,1.99357,-22.64401,-22.78463,0.14062,2.5856,3.0,85.0,0.00478,0.3,degraded
59.26,-25.00108,-27.02251,2.02143,-22.65296,-22.78662,0.13366,2.9689,2.9687,85.0,0.01639,0.3,degraded
59.27,-24.77743,-26.83298,2.05555,-22.66205,-22.78297,0.12092,2.9916,2.9808,85.0,0.00927,0.3,degraded
59.28,-24.54982,-26.65388,2.10406,-22.67129,-22.78611,0.11482,2.9755,2.9937,85.0,0.00519,0.3,degraded
59.29,-24.31825,-26.46015,2.14191,-22.68069,-22.78363,0.10295,2.9988,3.0,85.0,0.0061,0.3,degraded
59.3,-24.08273,-26.2602,2.17747,-22.69025,-22.78894,0.09869,2.9824,2.9812,85.0,0.00545,0.3,degraded
59.31,-23.84329,-26.05929,2.21601,-22.69998,-22.78933,0.08934,3.0028,3.0,85.0,0.00139,0.3,degraded
59.32,-23.59992,-25.85945,2.25953,-22.7099,-22.79695,0.08705,1.9298,2.991,85.0,0.0026,0.3,degraded
59.33,-23.35265,-25.65615,2.3035,-22.72001,-22.79372,0.07371,2.9722,3.0,85.0,0.01602,0.3,degraded
59.34,-23.1015,-25.45626,2.35475,-22.73032,-22.7979,0.06759,3.0101,3.0,85.0,0.00175,0.3,degraded
59.35,-22.84649,-25.23893,2.39244,-22.74083,-22.79546,0.05463,0.6685,2.9915,85.0,0.0,0.3,degraded
59.36,-22.58763,-25.02702,2.43939,-22.75155,-22.80138,0.04983,3.0171,3.0,85.0,0.01434,0.3,degraded
59.37,-22.32495,-24.8033,2.47835,-22.76248,-22.79939,0.03691,2.9847,2.9805,85.0,0.00141,0.3,degraded
59.38,-22.05847,-24.5839,2.52543,-22.77364,-22.80311,0.02947,3.0128,3.0,85.0,0.00668,0.3,degraded
59.39,-21.78822,-24.35042,2.56221,-22.78502,-22.79927,0.01425,0.3181,2.9969,85.0,0.00537,0.3,degraded
59.4,-21.51422,-24.11501,2.6008,-22.79663,-22.8002,0.00356,3.0111,3.0,85.0,0.00442,0.3,degraded
59.41,-21.2365,-23.87753,2.64103,-22.80848,-22.7938,-0.01468,3.035,3.0,85.0,0.01136,0.3,degraded
59.42,-20.95509,-23.63239,2.6773,-22.82057,-22.79534,-0.02523,2.9685,2.9799,85.0,0.00525,0.3,degraded
59.43,-20.67003,-23.39151,2.72149,-22.83289,-22.79107,-0.04182,2.9892,3.0,85.0,0.00488,0.3,degraded
59.44,-20.38134,-23.14044,2.7591,-22.84547,-22.79403,-0.05143,2.9862,3.0,85.0,0.00271,0.3,degraded
59.45,-20.08905,-22.88269,2.79364,-22.85828,-22.7888,-0.06948,2.0255,2.9946,85.0,0.00371,0.3,degraded
59.46,-19.79322,-22.63368,2.84046,-22.87135,-22.78893,-0.08242,3.0112,2.9996,85.0,0.00297,0.3,degraded
59.47,-19.49386,-22.36705,2.87319,-22.88466,-22.78385,-0.10081,2.994,2.9795,85.0,0.00422,0.3,degraded
59.48,-19.19102,-22.11196,2.92094,-22.89823,-22.78716,-0.11106,2.9948,2.9994,85.0,0.00264,0.3,degraded
59.49,-18.88474,-21.83995,2.95521,-22.91204,-22.78448,-0.12756,1.3911,3.0,85.0,0.01122,0.3,degraded
59.5,-18.57506,-21.57738,3.00232,-22.92611,-22.788,-0.13811,2.9841,3.0,85.0,0.00029,0.3,degraded
59.51,-18.26202,-21.28224,3.02022,-22.94043,-22.78596,-0.15447,3.0314,2.9874,85.0,0.0027,0.3,degraded
59.52,-17.94567,-21.01479,3.06912,-22.95499,-22.79103,-0.16396,0.5259,2.9906,85.0,0.00888,0.3,degraded
59.53,-17.62605,-20.73182,3.10577,-22.96981,-22.79084,-0.17897,2.9893,2.9806,85.0,0.00081,0.3,degraded
59.54,-17.3032,-20.44681,3.14361,-22.98487,-22.79559,-0.18928,0.5837,3.0,85.0,0.00388,0.3,degraded
59.55,-16.97718,-20.15162,3.17444,-23.00017,-22.79318,-0.20699,3.0056,3.0,85.0,0.00638,0.3,degraded
59.56,-16.64803,-19.86662,3.21859,-23.01572,-22.79762,-0.2181,3.0204,2.9732,85.0,0.0,0.3,degraded
59.57,-16.3158,-19.56972,3.25391,-23.0315,-22.79718,-0.23432,3.0182,2.9979,85.0,0.01275,0.3,degraded
59.58,-15.98055,-19.27031,3.28976,-23.04752,-22.80411,-0.24341,2.5898,3.0,85.0,0.00465,0.3,degraded
59.59,-15.64233,-18.96312,3.32079,-23.06376,-22.80479,-0.25897,2.9903,2.9965,85.0,0.01306,0.3,degraded
59.6,-15.30118,-18.6631,3.36191,-23.08024,-22.81358,-0.26665,3.0136,3.0,85.0,0.0,0.3,degraded
59.61,-14.95718,-18.35311,3.39593,-23.09693,-22.81402,-0.28291,3.0213,2.997,85.0,0.00666,0.3,degraded
59.62,-14.61036,-18.04865,3.43829,-23.11384,-22.82056,-0.29328,2.9967,3.0,85.0,0.00674,0.3,degraded
59.63,-14.2608,-17.72221,3.46142,-23.13096,-22.82084,-0.31012,2.9983,3.0,85.0,0.00805,0.3,degraded
59.64,-13.90854,-17.40288,3.49434,-23.14828,-22.82784,-0.32044,2.9866,3.0,85.0,0.01916,0.3,degraded
59.65,-13.55364,-17.0929,3.53926,-23.1658,-22.82732,-0.33848,3.0138,3.0,85.0,0.00216,0.3,degraded
59.66,-13.19618,-16.7684,3.57222,-23.18351,-22.83142,-0.35209,3.0244,3.0,85.0,0.0,0.3,degraded
59.67,-12.8362,-16.44651,3.61031,-23.2014,-22.82901,-0.37239,2.9922,2.9885,85.0,0.00476,0.3,degraded
59.68,-12.47378,-16.11124,3.63747,-23.21946,-22.83223,-0.38723,3.0045,2.9785,85.0,0.01127,0.3,degraded
59.69,-12.10896,-15.7788,3.66983,-23.23769,-22.83043,-0.40726,0.5112,2.9938,85.0,0.00622,0.3,degraded
59.7,-11.74183,-15.44139,3.69956,-23.25607,-22.83653,-0.41954,2.9896,2.9719,85.0,0.00685,0.3,degraded
59.71,-11.37245,-15.09576,3.72331,-23.27461,-22.83722,-0.43739,3.0044,2.9838,85.0,0.01339,0.3,degraded
59.72,-11.00087,-14.75844,3.75757,-23.29328,-22.84473,-0.44854,2.9863,2.9985,85.0,0.00019,0.3,degraded
59.73,-10.62717,-14.41677,3.7896,-23.31207,-22.84739,-0.46469,0.1691,3.0,85.0,0.00546,0.3,degraded
59.74,-10.25142,-14.07561,3.8242,-23.33098,-22.85623,-0.47475,3.0002,2.9947,85.0,0.00266,0.3,degraded
59.75,-9.87368,-13.7247,3.85102,-23.35,-22.85882,-0.49118,0.251,3.0,85.0,0.00743,0.3,degraded
59.76,-9.49402,-13.37496,3.88094,-23.36911,-22.86633,-0.50278,2.8714,2.9896,85.0,0.00772,0.3,degraded
59.77,-9.11253,-13.01656,3.90404,-23.38831,-22.86827,-0.52004,2.983,3.0,85.0,0.01314,0.3,degraded
59.78,-8.72925,-12.66834,3.93909,-23.40757,-22.87919,-0.52838,2.9858,3.0,85.0,0.00338,0.3,degraded
59.79,-8.34428,-12.30628,3.96201,-23.42689,-22.88314,-0.54376,0.1528,2.959,85.0,0.00512,0.3,degraded
59.8,-7.95767,-11.9416,3.98393,-23.44626,-22.89342,-0.55284,1.1041,2.9805,85.0,0.00869,0.3,degraded
59.81,-7.56951,-11.57341,4.00389,-23.46566,-22.89815,-0.56751,2.9852,2.9938,85.0,0.00651,0.3,degraded
59.82,-7.17987,-11.22248,4.04261,-23.48507,-22.90783,-0.57724,2.2237,2.9969,85.0,0.01569,0.3,degraded
59.83,-6.78882,-10.85382,4.065,-23.50449,-22.91059,-0.5939,3.0136,2.9747,85.0,0.00425,0.3,degraded
59.84,-6.39644,-10.48149,4.08506,-23.5239,-22.92076,-0.60314,3.0032,3.0,85.0,0.01463,0.3,degraded
59.85,-6.0028,-10.1009,4.09811,-23.54328,-22.92226,-0.62103,3.0027,2.9983,85.0,0.00973,0.3,degraded
59.86,-5.60797,-9.72729,4.11932,-23.56263,-22.92964,-0.63299,2.985,3.0,85.0,0.00777,0.3,degraded
59.87,-5.21205,-9.33771,4.12566,-23.58191,-22.92903,-0.65288,2.994,3.0,85.0,0.0,0.3,degraded
59.88,-4.81509,-8.97211,4.15702,-23.60112,-22.93444,-0.66668,2.9891,2.9988,85.0,0.0051,0.3,degraded
59.89,-4.41719,-8.58489,4.16771,-23.62025,-22.93411,-0.68614,3.0057,3.0,85.0,0.00706,0.3,degraded
59.9,-4.01841,-8.20532,4.1869,-23.63926,-22.93953,-0.69974,1.5205,2.9898,85.0,0.00518,0.3,degraded
59.91,-3.61884,-7.82572,4.20688,-23.65816,-22.94164,-0.71652,3.0018,2.9955,85.0,0.01301,0.3,degraded
59.92,-3.21855,-7.4556,4.23704,-23.67692,-22.95296,-0.72396,2.9968,2.9854,85.0,0.00504,0.3,degraded
59.93,-2.81763,-7.05893,4.2413,-23.69552,-22.95901,-0.7365,2.9931,2.9987,85.0,0.00037,0.3,degraded
59.94,-2.41615,-6.67679,4.26064,-23.71394,-22.97396,-0.73998,3.011,2.9964,85.0,0.00024,0.3,degraded
59.95,-2.01419,-6.28685,4.27266,-23.73217,-22.98452,-0.74765,3.0225,2.8633,85.0,0.01954,0.3,degraded
59.96,-1.61183,-5.89591,4.28408,-23.75019,-23.00512,-0.74507,2.9719,3.0,85.0,0.00946,0.3,degraded
59.97,-1.20915,-5.51475,4.3056,-23.76798,-23.01928,-0.7487,3.0051,2.9928,85.0,0.0,0.3,degraded
59.98,-0.80624,-5.10748,4.30125,-23.78552,-23.03958,-0.74594,3.0085,3.0,85.0,0.00519,0.3,degraded
59.99,-0.40316,-4.72339,4.32023,-23.80279,-23.05576,-0.74704,2.966,3.0,85.0,0.02692,0.3,degraded
