timestamp,azimuth_cmd,azimuth_actual,azimuth_error,pitch_cmd,pitch_actual,pitch_error,azimuth_current,pitch_current,temperature,vibration,mtf,label
0.0,0.0,0.0,0.0,25.08597,25.08597,0.0,0.0,0.0,24.91,0.02892,0.3,normal
0.01,0.40316,0.09929,0.30387,25.22086,25.05881,0.16205,2.9899,2.9962,25.18,0.01493,0.3,normal
0.02,0.80624,0.19383,0.61241,25.35316,25.03199,0.32117,3.0042,2.9806,25.01,0.04648,0.3,normal
0.03,1.20915,0.40773,0.80142,25.48286,25.06245,0.42041,3.0178,3.0,25.06,0.04619,0.3,normal
0.04,1.61183,0.68685,0.92498,25.60994,25.10998,0.49997,2.9878,3.0,24.99,0.00299,0.3,normal
0.05,2.01419,0.96679,1.0474,25.73442,25.16277,0.57165,3.0104,2.995,24.63,0.00189,0.3,normal
0.06,2.41615,1.23433,1.18182,25.85628,25.20804,0.64824,3.0106,2.9948,24.86,0.00311,0.3,normal
0.07,2.81763,1.50232,1.31531,25.97552,25.27111,0.7044,3.0049,2.978,25.02,0.01039,0.3,normal
0.08,3.21855,1.78764,1.43092,26.09213,25.33801,0.75412,2.9982,2.6706,25.1,0.00663,0.3,normal
0.09,3.61884,2.09438,1.52446,26.20612,25.4299,0.77622,2.9919,2.9973,24.79,0.01513,0.3,normal
0.1,4.01841,2.5358,1.48261,26.31748,25.51222,0.80527,3.022,3.0,25.06,0.01834,0.3,normal
0.11,4.41719,2.97754,1.43965,26.42622,25.63049,0.79573,2.9854,3.0,24.91,0.00489,0.3,normal
0.12,4.81509,3.40647,1.40862,26.53233,25.74054,0.79178,2.9957,3.0,25.12,0.00233,0.3,normal
0.13,5.21205,3.83637,1.37568,26.6358,25.85069,0.78511,3.0023,2.9788,25.09,0.00374,0.3,normal
0.14,5.60797,4.2557,1.35228,26.73665,25.95298,0.78367,3.0199,2.9884,25.21,0.00211,0.3,normal
0.15,6.0028,4.67592,1.32687,26.83487,26.06161,0.77326,3.0073,3.0,25.27,0.00074,0.3,normal
0.16,6.39644,5.08338,1.31306,26.93046,26.16251,0.76796,3.0048,2.9839,25.19,0.00385,0.3,normal
0.17,6.78882,5.48902,1.2998,27.02343,26.26833,0.75511,3.0097,3.0,25.26,0.00226,0.3,normal
0.18,7.17987,5.88574,1.29413,27.11378,26.36471,0.74907,3.0068,3.0,25.09,0.0012,0.3,normal
0.19,7.56951,6.28499,1.28452,27.20151,26.46294,0.73858,2.9889,2.9819,25.57,0.00364,0.3,normal
0.2,7.95767,6.67159,1.28609,27.28663,26.55407,0.73256,3.0041,3.0,24.97,0.00241,0.3,normal
0.21,8.34428,7.05863,1.28565,27.36913,26.64858,0.72055,3.032,2.9863,25.08,0.00154,0.3,normal
0.22,8.72925,7.43667,1.29258,27.44903,26.73773,0.7113,3.0317,2.9976,25.31,0.00257,0.3,normal
0.23,9.11253,7.81741,1.29512,27.52633,26.836,0.69034,2.9914,3.0,25.29,0.00269,0.3,normal
0.24,9.49402,8.18739,1.30664,27.60104,26.93145,0.66959,3.0105,3.0,25.26,0.0015,0.3,normal
0.25,9.87368,8.55714,1.31654,27.67316,27.03387,0.63929,2.9917,3.0,25.3,0.00245,0.3,normal
0.26,10.25142,8.91707,1.33435,27.74269,27.12813,0.61456,3.013,2.9953,24.89,0.00278,0.3,normal
0.27,10.62717,9.28022,1.34695,27.80965,27.22747,0.58218,3.0042,3.0,25.45,0.00095,0.3,normal
0.28,11.00087,9.63401,1.36686,27.87405,27.31854,0.55552,2.9994,2.9877,25.19,0.00202,0.3,normal
0.29,11.37245,9.98927,1.38318,27.93589,27.41776,0.51814,3.0039,3.0,25.42,0.00277,0.3,normal
0.3,11.74183,10.33521,1.40663,27.99519,27.50717,0.48801,2.9968,2.9937,24.93,0.00152,0.3,normal
0.31,12.10896,10.68171,1.42726,28.05194,27.60433,0.4476,2.9936,2.9888,25.28,0.00263,0.3,normal
0.32,12.47378,11.01502,1.45875,28.10616,27.69633,0.40983,3.0253,3.0,25.17,0.00319,0.3,normal
0.33,12.8362,11.35085,1.48535,28.15787,27.79348,0.3644,3.0027,3.0,25.35,0.00109,0.3,normal
0.34,13.19618,11.67535,1.52083,28.20707,27.88283,0.32424,2.9917,2.988,25.32,0.00198,0.3,normal
0.35,13.55364,12.00192,1.55172,28.25378,27.97836,0.27541,3.0,2.9864,25.33,0.003,0.3,normal
0.36,13.90854,12.31804,1.5905,28.298,28.06608,0.23192,2.9932,3.0,25.13,0.00152,0.3,normal
0.37,14.2608,12.63604,1.62475,28.33975,28.15951,0.18024,3.0236,2.9911,25.28,0.00545,0.3,normal
0.38,14.61036,12.97508,1.63528,28.37904,28.2461,0.13294,3.0022,3.0,25.27,0.00523,0.3,normal
0.39,14.95718,13.33329,1.62389,28.41589,28.34054,0.07535,2.9953,2.9871,25.38,0.00201,0.3,normal
0.4,15.30118,13.67704,1.62415,28.45031,28.43065,0.01966,3.0038,2.9913,25.46,0.00217,0.3,normal
0.41,15.64233,14.02193,1.6204,28.48231,28.52973,-0.04742,2.9986,2.9943,25.35,0.00301,0.3,normal
0.42,15.98055,14.35494,1.62561,28.51191,28.62327,-0.11136,3.0134,2.9951,25.14,0.0018,0.3,normal
0.43,16.3158,14.68815,1.62766,28.53912,28.72258,-0.18346,3.0225,2.9966,25.36,0.01038,0.3,normal
0.44,16.64803,15.01592,1.63211,28.56396,28.73738,-0.17342,2.9804,2.9817,25.74,0.01202,0.3,normal
0.45,16.97718,15.35761,1.61957,28.58644,28.74173,-0.15529,3.0073,3.0,25.6,0.00356,0.3,normal
0.46,17.3032,15.69317,1.61003,28.60659,28.74005,-0.13346,2.9774,2.9968,24.92,0.00203,0.3,normal
0.47,17.62605,16.0473,1.57875,28.62442,28.744,-0.11958,2.9967,3.0,25.38,0.00309,0.3,normal
0.48,17.94567,16.39045,1.55522,28.63994,28.74047,-0.10053,2.9992,2.9964,25.52,0.00227,0.3,normal
0.49,18.26202,16.73498,1.52704,28.65318,28.74271,-0.08953,3.0218,2.9853,25.37,0.00107,0.3,normal
0.5,18.57506,17.06634,1.50872,28.66414,28.73797,-0.07383,3.0102,2.9946,25.33,0.00296,0.3,normal
0.51,18.88474,17.40037,1.48437,28.67286,28.73852,-0.06566,3.0151,3.0,25.37,0.00205,0.3,normal
0.52,19.19102,17.72521,1.46581,28.67935,28.73368,-0.05433,2.9755,3.0,25.5,0.00135,0.3,normal
0.53,19.49386,18.0517,1.44216,28.68362,28.73253,-0.0489,2.9996,3.0,25.25,0.00239,0.3,normal
0.54,19.79322,18.36745,1.42576,28.68571,28.7282,-0.0425,3.0166,2.9941,25.61,0.00259,0.3,normal
0.55,20.08905,18.68647,1.40258,28.68562,28.73159,-0.04597,3.0221,2.9922,25.44,0.0011,0.3,normal
0.56,20.38134,18.99745,1.38388,28.68338,28.73174,-0.04836,3.0147,3.0,25.31,0.00234,0.3,normal
0.57,20.67003,19.31352,1.3565,28.67901,28.74006,-0.06106,3.0241,3.0,25.63,0.00275,0.3,normal
0.58,20.95509,19.61776,1.33733,28.67253,28.74059,-0.06806,3.0101,3.0,25.24,0.00166,0.3,normal
0.59,21.2365,19.92267,1.31383,28.66396,28.74687,-0.08291,2.9934,3.0,25.39,0.00255,0.3,normal
0.6,21.51422,20.21734,1.29688,28.65332,28.74711,-0.09378,3.0158,2.9953,25.4,0.00327,0.3,normal
0.61,21.78822,20.5112,1.27702,28.64064,28.75119,-0.11055,3.0007,2.9765,25.82,0.00202,0.3,normal
0.62,22.05847,20.79038,1.26809,28.62594,28.74735,-0.12141,2.9988,2.9997,25.4,0.00266,0.3,normal
0.63,22.32495,21.07052,1.25443,28.60924,28.74932,-0.14009,2.9886,2.9762,25.19,0.00299,0.3,normal
0.64,22.58763,21.34591,1.24172,28.59056,28.74775,-0.15719,2.995,3.0,25.43,0.00149,0.3,normal
0.65,22.84649,21.63219,1.2143,28.56993,28.75396,-0.18403,3.006,2.9877,25.59,0.00256,0.3,normal
0.66,23.1015,21.90849,1.19302,28.54737,28.75642,-0.20905,2.997,3.0,25.65,0.00372,0.3,normal
0.67,23.35265,22.18422,1.16844,28.5229,28.76321,-0.24031,3.0009,2.9789,25.88,0.00231,0.3,normal
0.68,23.59992,22.44768,1.15224,28.49655,28.76015,-0.2636,3.0103,3.0,25.76,0.0029,0.3,normal
0.69,23.84329,22.71059,1.13269,28.46834,28.76429,-0.29595,2.991,3.0,25.58,0.00398,0.3,normal
0.7,24.08273,22.96054,1.12219,28.4383,28.76076,-0.32246,3.0082,3.0,25.43,0.00104,0.3,normal
0.71,24.31825,23.21557,1.10268,28.40645,28.76448,-0.35804,2.9839,2.9863,25.81,0.00134,0.3,normal
0.72,24.54982,23.45999,1.08982,28.37281,28.76177,-0.38896,3.0105,3.0,25.52,0.00339,0.3,normal
0.73,24.77743,23.70481,1.07263,28.33742,28.76543,-0.42801,2.99,2.9833,25.49,0.00299,0.3,normal
0.74,25.00108,23.97159,1.02949,28.30029,28.7593,-0.45901,2.9836,3.0,25.53,0.01397,0.3,normal
0.75,25.22075,24.23681,0.98395,28.26146,28.67249,-0.41103,2.9843,3.0,25.41,0.0135,0.3,normal
0.76,25.43645,24.49214,0.9443,28.22094,28.55885,-0.33791,2.9952,2.9662,25.54,0.00194,0.3,normal
0.77,25.64815,24.74959,0.89856,28.17877,28.45693,-0.27816,2.9993,2.9699,25.58,0.00281,0.3,normal
0.78,25.85587,24.99233,0.86354,28.13497,28.35152,-0.21655,2.9913,3.0,25.74,0.00447,0.3,normal
0.79,26.05959,25.23369,0.82591,28.08957,28.25493,-0.16536,3.0132,3.0,25.58,0.00227,0.3,normal
0.8,26.25932,25.46398,0.79534,28.04259,28.15298,-0.11039,3.0166,3.0,25.45,0.00129,0.3,normal
0.81,26.45506,25.69645,0.75861,27.99406,28.05879,-0.06474,3.0141,2.9974,25.41,0.00286,0.3,normal
0.82,26.64681,25.91903,0.72779,27.944,27.95767,-0.01366,2.9902,2.9964,25.69,0.00362,0.3,normal
0.83,26.83458,26.14317,0.69141,27.89245,27.87418,0.01827,3.0065,2.9806,25.68,0.00327,0.3,normal
0.84,27.01837,26.3565,0.66187,27.83943,27.79026,0.04917,2.9877,2.9972,25.59,0.0036,0.3,normal
0.85,27.19818,26.57438,0.6238,27.78496,27.71701,0.06795,2.9915,2.9953,25.61,0.00369,0.3,normal
0.86,27.37403,26.78024,0.59379,27.72909,27.64508,0.08401,2.9916,2.9898,25.75,0.00219,0.3,normal
0.87,27.54593,26.98733,0.55859,27.67182,27.58371,0.08811,2.981,3.0,25.91,0.00326,0.3,normal
0.88,27.71388,27.18525,0.52863,27.61319,27.52039,0.0928,2.9898,3.0,25.59,0.00255,0.3,normal
0.89,27.87791,27.38533,0.49258,27.55323,27.46415,0.08908,2.968,3.0,25.73,0.00152,0.3,normal
0.9,28.03802,27.57378,0.46425,27.49196,27.40701,0.08495,3.0137,2.9926,25.86,0.00353,0.3,normal
0.91,28.19424,27.76237,0.43187,27.42941,27.35806,0.07135,2.993,3.0,25.61,0.00348,0.3,normal
0.92,28.34658,27.93975,0.40683,27.36561,27.30032,0.06529,2.9975,2.9918,25.73,0.00084,0.3,normal
0.93,28.49505,28.11828,0.37677,27.30059,27.24814,0.05245,3.0256,2.9932,25.74,0.00251,0.3,normal
0.94,28.63969,28.28946,0.35023,27.23437,27.19001,0.04436,3.0143,3.0,25.55,0.00234,0.3,normal
0.95,28.78051,28.46319,0.31732,27.16699,27.13993,0.02706,2.997,3.0,25.78,0.00098,0.3,normal
0.96,28.91753,28.6258,0.29173,27.09846,27.08194,0.01652,3.0076,2.9972,25.77,0.0021,0.3,normal
0.97,29.05079,28.79026,0.26052,27.02882,27.02894,-0.00012,3.0097,2.9999,25.85,0.00311,0.3,normal
0.98,29.1803,28.94572,0.23458,26.9581,26.96772,-0.00962,2.9953,2.9972,25.6,0.0018,0.3,normal
0.99,29.30609,29.10422,0.20188,26.88632,26.916,-0.02968,3.0049,3.0,25.78,0.00707,0.3,normal
1.0,29.4282,29.2091,0.2191,26.81351,26.86011,-0.04661,3.0104,3.0,25.99,0.00772,0.3,normal
1.01,29.54666,29.31201,0.23464,26.73969,26.81031,-0.07062,2.9835,2.9933,26.1,0.00149,0.3,normal
1.02,29.66149,29.40602,0.25546,26.6649,26.75474,-0.08984,3.0191,2.9954,25.99,0.00123,0.3,normal
1.03,29.77273,29.50532,0.26741,26.58917,26.70335,-0.11418,3.0085,3.0,25.63,0.0029,0.3,normal
1.04,29.88041,29.59468,0.28572,26.51251,26.64194,-0.12943,2.9813,2.9989,25.88,0.00127,0.3,normal
1.05,29.98457,29.68744,0.29713,26.43496,26.58847,-0.15351,2.9759,2.9889,25.74,0.001,0.3,normal
1.06,30.08525,29.77295,0.3123,26.35654,26.53129,-0.17474,3.0258,2.9831,25.86,0.00244,0.3,normal
1.07,30.18248,29.86643,0.31605,26.27729,26.48299,-0.2057,2.98,3.0,25.71,0.00147,0.3,normal
1.08,30.27631,29.95147,0.32484,26.19722,26.42822,-0.231,2.9929,3.0,25.58,0.00085,0.3,normal
1.09,30.36677,30.03993,0.32685,26.11637,26.37763,-0.26126,3.0042,2.9772,25.79,0.00265,0.3,normal
1.1,30.45392,30.1214,0.33251,26.03476,26.32137,-0.28661,3.0073,2.9767,25.95,0.00122,0.3,normal
1.11,30.53778,30.20754,0.33023,25.95242,26.27144,-0.31902,2.9975,2.9721,25.89,0.00069,0.3,normal
1.12,30.6184,30.28818,0.33022,25.86938,26.21712,-0.34775,2.9949,3.0,25.92,0.00273,0.3,normal
1.13,30.69584,30.37685,0.31899,25.78565,26.16902,-0.38337,3.0051,3.0,25.89,0.00201,0.3,normal
1.14,30.77013,30.45894,0.31118,25.70128,26.10972,-0.40845,3.0007,2.9933,25.93,0.00138,0.3,normal
1.15,30.84133,30.54479,0.29654,25.61627,26.05505,-0.43878,2.9996,3.0,25.95,0.00321,0.3,normal
1.16,30.90948,30.619,0.29048,25.53067,25.99402,-0.46335,3.0059,3.0,25.84,0.00258,0.3,normal
1.17,30.97463,30.69629,0.27834,25.44449,25.94086,-0.49636,3.0117,2.996,25.89,0.00089,0.3,normal
1.18,31.03683,30.76451,0.27233,25.35776,25.88282,-0.52506,3.0263,2.9975,26.15,0.00188,0.3,normal
1.19,31.09615,30.84086,0.25529,25.27051,25.83064,-0.56012,2.9978,3.0,25.91,0.0026,0.3,normal
1.2,31.15262,30.91361,0.23901,25.18276,25.76923,-0.58646,2.9986,3.0,25.9,0.0007,0.3,normal
1.21,31.2063,30.99407,0.21223,25.09454,25.71306,-0.61852,2.9947,3.0,25.92,0.00209,0.3,normal
1.22,31.25725,31.06828,0.18897,25.00587,25.65113,-0.64526,2.9793,3.0,25.88,0.00161,0.3,normal
1.23,31.30552,31.14965,0.15588,24.91677,25.59617,-0.6794,2.9916,2.9958,25.85,0.0005,0.3,normal
1.24,31.35118,31.2257,0.12548,24.82727,25.53629,-0.70902,2.9947,3.0,25.95,0.002,0.3,normal
1.25,31.39426,31.30406,0.09021,24.7374,25.48113,-0.74373,2.9752,2.99,25.85,0.00233,0.3,normal
1.26,31.43485,31.37361,0.06124,24.64717,25.41896,-0.77179,2.9907,3.0,25.91,0.0003,0.3,normal
1.27,31.47298,31.44987,0.02311,24.55661,25.36166,-0.80505,2.9919,3.0,25.82,0.00173,0.3,normal
1.28,31.50873,31.519,-0.01026,24.46575,25.29544,-0.82969,3.0018,3.0,25.96,0.00852,0.3,normal
1.29,31.54215,31.55867,-0.01652,24.3746,25.23492,-0.86032,3.0094,2.9983,26.03,0.00979,0.3,normal
1.3,31.57331,31.5602,0.01311,24.28319,25.1607,-0.87751,3.0115,2.9941,25.92,0.00492,0.3,normal
1.31,31.60226,31.56713,0.03514,24.19155,25.06156,-0.87001,3.0175,3.0,25.65,0.00239,0.3,normal
1.32,31.62908,31.56756,0.06152,24.09968,24.95759,-0.85791,3.0135,3.0,26.05,0.00082,0.3,normal
1.33,31.65381,31.57511,0.0787,24.00762,24.86208,-0.85445,2.9878,3.0,25.98,0.00116,0.3,normal
1.34,31.67653,31.57577,0.10076,23.91539,24.76096,-0.84556,2.975,3.0,25.82,0.00271,0.3,normal
1.35,31.6973,31.57933,0.11797,23.82301,24.66679,-0.84378,3.0186,2.9981,26.09,0.00042,0.3,normal
1.36,31.71618,31.57626,0.13993,23.7305,24.56897,-0.83847,2.9986,3.0,25.77,0.0013,0.3,normal
1.37,31.73324,31.57994,0.15331,23.63787,24.47865,-0.84078,2.9978,2.9948,26.14,0.00209,0.3,normal
1.38,31.74855,31.57902,0.16953,23.54516,24.38205,-0.83689,2.9844,2.9999,25.98,0.00065,0.3,normal
1.39,31.76217,31.58554,0.17663,23.45237,24.2919,-0.83953,3.0077,2.989,25.65,0.00154,0.3,normal
1.4,31.77417,31.58867,0.1855,23.35954,24.19228,-0.83274,3.0062,2.9881,26.03,0.00357,0.3,normal
1.41,31.78461,31.60057,0.18405,23.26667,24.09714,-0.83047,2.9876,3.0,25.94,0.00074,0.3,normal
1.42,31.79357,31.60446,0.1891,23.17379,23.99426,-0.82047,2.9947,2.9907,25.93,0.00109,0.3,normal
1.43,31.8011,31.61271,0.18839,23.08091,23.89873,-0.81782,2.9918,2.9771,25.9,0.00341,0.3,normal
1.44,31.80729,31.61738,0.18991,22.98805,23.80156,-0.81351,3.0114,2.9766,26.0,0.00411,0.3,normal
1.45,31.81218,31.62973,0.18246,22.89524,23.67377,-0.77853,3.0093,3.0,25.95,0.00361,0.3,normal
1.46,31.81587,31.63454,0.18132,22.80249,23.54129,-0.7388,3.0122,3.0,25.75,0.00231,0.3,normal
1.47,31.8184,31.64786,0.17054,22.70981,23.41542,-0.70561,3.0242,3.0,26.22,0.00198,0.3,normal
1.48,31.81986,31.65578,0.16408,22.61722,23.28846,-0.67124,2.9976,2.9907,26.0,0.00072,0.3,normal
1.49,31.8203,31.67109,0.14921,22.52474,23.17117,-0.64644,2.994,3.0,25.93,0.00284,0.3,normal
1.5,31.81981,31.67913,0.14067,22.43238,23.05245,-0.62007,2.9891,2.9773,25.88,0.00238,0.3,normal
1.51,31.81844,31.69351,0.12492,22.34016,22.94463,-0.60446,2.9923,3.0,26.17,0.00062,0.3,normal
1.52,31.81627,31.698,0.11826,22.2481,22.83314,-0.58504,2.995,3.0,25.86,0.00227,0.3,normal
1.53,31.81336,31.7087,0.10466,22.1562,22.72742,-0.57122,2.9863,2.9932,26.08,0.00101,0.3,normal
1.54,31.80979,31.71212,0.09766,22.06449,22.61751,-0.55302,3.0133,3.0,25.98,0.00028,0.3,normal
1.55,31.80562,31.72111,0.08451,21.97297,22.51574,-0.54277,2.9882,3.0,25.99,0.00195,0.3,normal
1.56,31.80092,31.72394,0.07698,21.88166,22.40574,-0.52407,2.9992,3.0,25.91,0.00191,0.3,normal
1.57,31.79577,31.73175,0.06402,21.79058,22.30214,-0.51156,2.99,2.9993,25.99,0.0,0.3,normal
1.58,31.79022,31.73126,0.05896,21.69973,22.1931,-0.49337,3.0182,3.0,26.09,0.00172,0.3,normal
1.59,31.78435,31.73727,0.04707,21.60912,22.09134,-0.48222,3.0158,2.989,26.13,0.00147,0.3,normal
1.6,31.77822,31.73796,0.04027,21.51878,21.98296,-0.46418,2.9994,3.0,25.98,0.00025,0.3,normal
1.61,31.77191,31.74324,0.02867,21.4287,21.87903,-0.45033,2.9937,3.0,26.09,0.0026,0.3,normal
1.62,31.76548,31.74672,0.01875,21.33891,21.76908,-0.43017,3.0037,2.9992,26.24,0.00269,0.3,normal
1.63,31.75899,31.76215,-0.00315,21.2494,21.66419,-0.41479,2.9815,2.9968,25.86,0.0,0.3,normal
1.64,31.75252,31.76991,-0.01739,21.1602,21.55403,-0.39384,2.9872,2.9889,26.12,0.0014,0.3,normal
1.65,31.74613,31.78412,-0.03799,21.0713,21.45165,-0.38035,2.9948,2.9758,25.98,0.00205,0.3,normal
1.66,31.73989,31.79454,-0.05465,20.98273,21.3463,-0.36357,2.9914,3.0,25.97,0.00026,0.3,normal
1.67,31.73386,31.81207,-0.07821,20.89448,21.24617,-0.35169,2.9969,2.9908,26.17,0.00171,0.3,normal
1.68,31.7281,31.8249,-0.0968,20.80656,21.14222,-0.33566,3.0106,2.9868,26.06,0.00204,0.3,normal
1.69,31.72268,31.84539,-0.12271,20.71899,21.04633,-0.32734,2.9946,2.9817,25.96,0.00043,0.3,normal
1.7,31.71768,31.85802,-0.14034,20.63177,20.9428,-0.31103,2.9898,2.9569,26.35,0.00125,0.3,normal
1.71,31.71313,31.87522,-0.16209,20.54491,20.84571,-0.3008,2.9966,2.9898,26.29,0.00201,0.3,normal
1.72,31.70912,31.88568,-0.17656,20.4584,20.74326,-0.28486,3.0162,3.0,25.87,0.00051,0.3,normal
1.73,31.70571,31.90249,-0.19678,20.37227,20.64611,-0.27384,2.9953,3.0,25.94,0.00124,0.3,normal
1.74,31.70295,31.90806,-0.20511,20.28651,20.54254,-0.25603,3.0028,2.9824,26.26,0.00344,0.3,normal
1.75,31.7009,31.91699,-0.21609,20.20113,20.44476,-0.24363,3.0126,2.9904,26.13,0.00093,0.3,normal
1.76,31.69963,31.91756,-0.21793,20.11613,20.33953,-0.2234,2.995,3.0,26.4,0.00049,0.3,normal
1.77,31.6992,31.9239,-0.22471,20.03152,20.23994,-0.20841,3.0321,2.9759,26.27,0.00193,0.3,normal
1.78,31.69965,31.92405,-0.22439,19.9473,20.13391,-0.18661,2.9984,3.0,26.23,0.00118,0.3,normal
1.79,31.70106,31.93042,-0.22936,19.86347,20.03438,-0.1709,2.996,3.0,26.04,0.0007,0.3,normal
1.8,31.70348,31.93372,-0.23024,19.78004,19.92975,-0.14971,2.9884,3.0,26.27,0.00123,0.3,normal
1.81,31.70697,31.9441,-0.23713,19.69701,19.8309,-0.13389,3.0114,2.9962,26.01,0.0016,0.3,normal
1.82,31.71157,31.94839,-0.23682,19.61438,19.72783,-0.11346,3.0316,2.9935,26.4,0.00074,0.3,normal
1.83,31.71735,31.95812,-0.24078,19.53214,19.63496,-0.10281,2.9915,2.9985,26.27,0.00281,0.3,normal
1.84,31.72435,31.95763,-0.23328,19.45031,19.53674,-0.08643,2.9832,2.9961,26.09,0.00207,0.3,normal
1.85,31.73263,31.96226,-0.22963,19.36889,19.44245,-0.07356,3.0063,3.0,26.34,0.00018,0.3,normal
1.86,31.74225,31.95985,-0.2176,19.28786,19.34107,-0.05321,2.9895,2.9847,26.56,0.0024,0.3,normal
1.87,31.75325,31.9637,-0.21045,19.20723,19.24826,-0.04102,2.9899,2.9882,26.2,0.00283,0.3,normal
1.88,31.76567,31.96032,-0.19465,19.127,19.15754,-0.03053,2.9928,3.0,26.32,0.00153,0.3,normal
1.89,31.77958,31.96247,-0.18289,19.04718,19.07883,-0.03166,2.9841,2.9948,26.17,0.00166,0.3,normal
1.9,31.79502,31.95699,-0.16198,18.96774,18.99203,-0.02428,3.006,3.0,26.26,0.00355,0.3,normal
1.91,31.81202,31.95601,-0.14398,18.88871,18.91867,-0.02996,2.9987,3.0,26.02,0.00171,0.3,normal
1.92,31.83065,31.95033,-0.11968,18.81006,18.85193,-0.04187,3.0124,3.0,26.25,0.00237,0.3,normal
1.93,31.85094,31.9561,-0.10516,18.7318,18.79102,-0.05921,2.9896,2.9927,26.26,0.0027,0.3,normal
1.94,31.87293,31.95829,-0.08536,18.65393,18.72421,-0.07029,2.9881,2.9997,26.53,2e-05,0.3,normal
1.95,31.89667,31.96723,-0.07056,18.57643,18.6616,-0.08517,3.0029,2.9863,26.0,0.00125,0.3,normal
1.96,31.9222,31.97027,-0.04807,18.49931,18.5941,-0.09479,2.9827,3.0,26.23,0.00213,0.3,normal
1.97,31.94955,31.97853,-0.02898,18.42256,18.5352,-0.11265,3.0001,2.999,26.47,0.00074,0.3,normal
1.98,31.97877,31.98058,-0.00181,18.34617,18.46925,-0.12308,3.0082,3.0,26.24,0.00107,0.3,normal
1.99,32.00989,31.98896,0.02092,18.27014,18.40889,-0.13874,2.9918,2.9944,26.26,0.00192,0.3,normal
2.0,32.04294,31.99019,0.05275,18.19447,18.34152,-0.14705,3.0002,3.0,26.16,0.00011,0.3,normal
2.01,32.07796,31.99698,0.08098,18.11914,18.279,-0.15986,2.9926,3.0,26.15,0.00123,0.3,normal
2.02,32.11499,31.99752,0.11747,18.04415,18.21268,-0.16854,2.9898,2.9918,26.02,0.00279,0.3,normal
2.03,32.15406,32.00375,0.15031,17.96949,18.15571,-0.18622,2.9694,3.0,26.21,0.00019,0.3,normal
2.04,32.19518,32.00219,0.193,17.89515,18.09065,-0.1955,2.9946,3.0,26.16,0.00125,0.3,normal
2.05,32.23841,32.00763,0.23077,17.82112,18.03076,-0.20964,3.0031,2.9903,26.33,0.00243,0.3,normal
2.06,32.28375,32.00743,0.27632,17.7474,17.96714,-0.21974,3.0065,3.0,26.2,0.00108,0.3,normal
2.07,32.33124,32.01261,0.31863,17.67398,17.91047,-0.23649,3.0237,2.9884,26.25,0.00106,0.3,normal
2.08,32.38091,32.00983,0.37107,17.60084,17.85001,-0.24917,2.994,3.0,26.25,0.0027,0.3,normal
2.09,32.43276,32.01183,0.42093,17.52799,17.79589,-0.2679,3.0133,2.9925,26.32,0.01306,0.3,normal
2.1,32.48684,32.05676,0.43009,17.45539,17.7361,-0.28071,2.996,3.0,26.25,0.01341,0.3,normal
2.11,32.54316,32.17996,0.3632,17.38306,17.68016,-0.2971,3.0016,2.9881,26.18,0.00265,0.3,normal
2.12,32.60173,32.29696,0.30477,17.31096,17.619,-0.30803,3.0073,3.0,26.36,0.00201,0.3,normal
2.13,32.66258,32.41573,0.24684,17.2391,17.56668,-0.32757,2.9947,3.0,26.51,0.00178,0.3,normal
2.14,32.72571,32.51931,0.20641,17.16747,17.50724,-0.33978,3.0068,2.988,26.38,0.00308,0.3,normal
2.15,32.79116,32.62458,0.16658,17.09604,17.45524,-0.3592,3.0,2.9944,26.27,0.00193,0.3,normal
2.16,32.85892,32.71933,0.13959,17.0248,17.39785,-0.37305,2.9995,2.9959,26.35,0.00712,0.3,normal
2.17,32.92901,32.76288,0.16613,16.95376,17.34927,-0.39552,3.0066,2.9996,26.07,0.00799,0.3,normal
2.18,33.00145,32.79315,0.20829,16.88288,17.2928,-0.40992,3.017,3.0,26.36,0.00159,0.3,normal
2.19,33.07623,32.83155,0.24468,16.81216,17.24065,-0.4285,3.015,3.0,26.32,0.0005,0.3,normal
2.2,33.15337,32.86428,0.2891,16.74158,17.18149,-0.43991,2.9928,3.0,26.25,0.00225,0.3,normal
2.21,33.23287,32.90532,0.32756,16.67113,17.12839,-0.45726,2.9958,3.0,26.28,0.00219,0.3,normal
2.22,33.31474,32.94443,0.37032,16.6008,17.06665,-0.46585,2.9961,3.0,26.34,0.00077,0.3,normal
2.23,33.39898,32.99366,0.40533,16.53057,17.01088,-0.48031,2.9875,3.0,26.55,0.00198,0.3,normal
2.24,33.4856,33.03698,0.44862,16.46042,16.95304,-0.49263,3.0005,2.9841,26.57,0.00207,0.3,normal
2.25,33.57458,33.08578,0.4888,16.39034,16.90108,-0.51074,3.0168,3.0,26.27,4e-05,0.3,normal
2.26,33.66593,33.12958,0.53635,16.32031,16.8438,-0.52349,2.9779,3.0,26.34,0.00157,0.3,normal
2.27,33.75965,33.1801,0.57955,16.25033,16.79344,-0.54311,3.0034,2.9925,26.35,0.00821,0.3,normal
2.28,33.85573,33.26384,0.59189,16.18036,16.74089,-0.56053,2.9684,3.0,26.55,0.00632,0.3,normal
2.29,33.95416,33.37516,0.579,16.1104,16.69757,-0.58717,3.0085,2.9796,26.46,0.00222,0.3,normal
2.3,34.05494,33.477,0.57794,16.04043,16.64844,-0.60801,2.9908,2.9801,26.45,0.00263,0.3,normal
2.31,34.15806,33.583,0.57506,15.97043,16.60659,-0.63616,2.991,3.0,26.53,0.00087,0.3,normal
2.32,34.26351,33.6789,0.58461,15.90038,16.55917,-0.65878,2.9942,2.9989,26.36,0.00196,0.3,normal
2.33,34.37127,33.78,0.59128,15.83028,16.51975,-0.68947,2.9951,2.9858,26.66,0.00226,0.3,normal
2.34,34.48134,33.87355,0.60779,15.76009,16.47753,-0.71744,3.0022,3.0,26.46,0.00182,0.3,normal
2.35,34.59369,33.97385,0.61984,15.6898,16.43152,-0.74172,2.9776,3.0,26.34,0.00331,0.3,normal
2.36,34.70831,34.06485,0.64346,15.61939,16.36627,-0.74688,3.0166,3.0,26.44,0.00221,0.3,normal
2.37,34.82518,34.16031,0.66487,15.54885,16.30619,-0.75733,2.9908,3.0,26.67,0.00617,0.3,normal
2.38,34.94428,34.27163,0.67265,15.47816,16.23838,-0.76022,2.9989,2.986,26.42,0.00642,0.3,normal
2.39,35.06559,34.42169,0.6439,15.4073,16.17658,-0.76928,3.0141,3.0,26.64,0.00624,0.3,normal
2.4,35.18909,34.56093,0.62816,15.33624,16.08837,-0.75212,3.0356,3.0,26.41,0.00496,0.3,normal
2.41,35.31476,34.70395,0.61081,15.26498,15.99082,-0.72584,2.9866,3.0,26.39,0.00129,0.3,normal
2.42,35.44256,34.83578,0.60678,15.19348,15.88641,-0.69293,2.9938,2.9907,26.61,0.00313,0.3,normal
2.43,35.57247,34.96779,0.60468,15.12174,15.78831,-0.66657,3.0067,3.0,26.39,0.00233,0.3,normal
2.44,35.70447,35.08802,0.61646,15.04973,15.68276,-0.63304,3.0038,2.9986,26.65,0.00144,0.3,normal
2.45,35.83852,35.2094,0.62913,14.97743,15.58434,-0.60691,2.9924,2.9965,26.59,0.00324,0.3,normal
2.46,35.9746,35.31881,0.65578,14.90482,15.48075,-0.57593,2.9977,2.9903,26.41,0.00247,0.3,normal
2.47,36.11266,35.4309,0.68176,14.83189,15.38479,-0.5529,2.9984,2.995,26.54,0.0032,0.3,normal
2.48,36.25269,35.5645,0.68818,14.75861,15.28282,-0.52421,3.005,2.9871,26.47,0.00478,0.3,normal
2.49,36.39463,35.70279,0.69184,14.68496,15.18863,-0.50367,3.0074,3.0,26.61,0.00143,0.3,normal
2.5,36.53846,35.83332,0.70513,14.61092,15.08706,-0.47613,2.9876,2.9907,26.85,0.00122,0.3,normal
2.51,36.68413,35.96734,0.71679,14.53648,14.99135,-0.45487,2.9761,3.0,26.52,0.00361,0.3,normal
2.52,36.83162,36.10356,0.72806,14.46161,14.88843,-0.42682,3.0027,2.9917,26.66,0.00273,0.3,normal
2.53,36.98087,36.2522,0.72868,14.38629,14.79095,-0.40466,2.9932,3.0,26.59,0.00111,0.3,normal
2.54,37.13185,36.39029,0.74156,14.3105,14.68686,-0.37636,3.0025,2.9987,26.6,0.00357,0.3,normal
2.55,37.28451,36.5447,0.73981,14.23422,14.58956,-0.35534,2.9926,2.9815,26.58,0.0036,0.3,normal
2.56,37.43881,36.69907,0.73974,14.15743,14.48871,-0.33128,2.9947,2.9932,26.48,0.00113,0.3,normal
2.57,37.59471,36.85412,0.74059,14.08011,14.39479,-0.31468,3.006,3.0,26.67,0.00227,0.3,normal
2.58,37.75215,37.00098,0.75117,14.00224,14.29432,-0.29208,3.0128,3.0,26.58,0.00215,0.3,normal
2.59,37.91109,37.15181,0.75928,13.9238,14.20089,-0.27709,2.9991,3.0,26.49,0.00259,0.3,normal
2.6,38.07148,37.31929,0.75219,13.84476,14.10223,-0.25746,3.0116,2.9981,26.79,0.00434,0.3,normal
2.61,38.23328,37.49522,0.73806,13.76511,14.01256,-0.24745,3.0157,3.0,26.66,0.00225,0.3,normal
2.62,38.39642,37.66068,0.73574,13.68483,13.91246,-0.22763,2.9962,3.0,26.62,0.00183,0.3,normal
2.63,38.56086,37.82412,0.73674,13.60389,13.8194,-0.21551,3.0115,2.9893,26.86,0.00231,0.3,normal
2.64,38.72655,37.9768,0.74975,13.52228,13.72226,-0.19998,2.9902,3.0,26.39,0.00474,0.3,normal
2.65,38.89343,38.14549,0.74794,13.43997,13.63289,-0.19293,3.005,3.0,26.86,0.00232,0.3,normal
2.66,39.06144,38.32057,0.74087,13.35694,13.53852,-0.18157,3.0059,2.9946,26.55,0.00215,0.3,normal
2.67,39.23053,38.49802,0.7325,13.27318,13.45078,-0.1776,3.0118,2.9898,26.72,0.00304,0.3,normal
2.68,39.40064,38.66433,0.73631,13.18866,13.35563,-0.16697,2.995,3.0,26.61,0.00064,0.3,normal
2.69,39.57171,38.8346,0.73711,13.10336,13.26515,-0.16178,2.9938,3.0,26.56,0.0022,0.3,normal
2.7,39.74369,38.99268,0.75101,13.01727,13.17012,-0.15285,3.0024,3.0,26.91,0.00862,0.3,normal
2.71,39.91652,39.21028,0.70624,12.93036,13.08073,-0.15037,2.9966,2.977,26.99,0.0066,0.3,normal
2.72,40.09012,39.43178,0.65834,12.8426,12.98511,-0.14251,3.0078,2.9913,26.69,0.0016,0.3,normal
2.73,40.26445,39.65478,0.60967,12.75399,12.89793,-0.14394,2.9698,3.0,26.78,0.00341,0.3,normal
2.74,40.43944,39.86649,0.57294,12.66451,12.80432,-0.13982,3.0253,3.0,26.75,0.00147,0.3,normal
2.75,40.61502,40.08199,0.53303,12.57412,12.71242,-0.13829,3.01,2.9779,27.01,0.00127,0.3,normal
2.76,40.79113,40.2882,0.50293,12.48282,12.61371,-0.13089,2.9872,2.9961,26.44,0.0031,0.3,normal
2.77,40.96771,40.49741,0.47031,12.39058,12.52232,-0.13174,2.9862,2.9938,26.82,0.00138,0.3,normal
2.78,41.14469,40.69644,0.44825,12.29739,12.42335,-0.12596,3.002,3.0,26.66,0.00136,0.3,normal
2.79,41.32201,40.89383,0.42818,12.20322,12.33092,-0.12771,2.999,2.9804,26.43,0.0028,0.3,normal
2.8,41.49959,41.07947,0.42012,12.10805,12.23324,-0.12519,2.9984,2.9986,26.73,0.00259,0.3,normal
2.81,41.67738,41.26639,0.41099,12.01188,12.14352,-0.13164,3.0002,2.9726,27.07,0.0026,0.3,normal
2.82,41.85529,41.44165,0.41364,11.91467,12.05157,-0.1369,2.9832,2.9888,26.7,0.00264,0.3,normal
2.83,42.03327,41.61788,0.41539,11.81641,11.96743,-0.15102,2.9874,3.0,26.93,0.00167,0.3,normal
2.84,42.21125,41.78382,0.42743,11.71709,11.87855,-0.16146,3.0208,3.0,26.99,0.00091,0.3,normal
2.85,42.38914,41.95027,0.43887,11.61668,11.79719,-0.18051,2.9683,3.0,26.82,0.00304,0.3,normal
2.86,42.5669,42.10568,0.46121,11.51516,11.70903,-0.19387,3.0066,2.9869,26.85,0.00206,0.3,normal
2.87,42.74443,42.26447,0.47997,11.41252,11.62538,-0.21285,2.9929,2.9885,26.58,0.00142,0.3,normal
2.88,42.92168,42.41274,0.50894,11.30875,11.53283,-0.22408,3.0097,2.9888,26.74,0.00236,0.3,normal
2.89,43.09857,42.56127,0.53731,11.20382,11.44524,-0.24142,2.9931,2.9983,26.99,0.00281,0.3,normal
2.9,43.27504,42.69557,0.57946,11.09772,11.35232,-0.2546,2.9822,3.0,26.87,0.00172,0.3,normal
2.91,43.45099,42.83045,0.62054,10.99043,11.26513,-0.2747,3.0012,2.9984,26.92,0.00298,0.3,normal
2.92,43.62638,42.95487,0.67151,10.88193,11.1695,-0.28757,3.0035,3.0,26.89,0.00283,0.3,normal
2.93,43.80111,43.0803,0.72081,10.77221,11.07849,-0.30628,2.982,3.0,27.2,0.01441,0.3,normal
2.94,43.97513,43.25734,0.71779,10.66125,10.98133,-0.32008,3.0221,2.9814,26.82,0.01649,0.3,normal
2.95,44.14835,43.53088,0.61747,10.54905,10.8904,-0.34136,3.0179,2.9893,27.13,0.02351,0.3,normal
2.96,44.32071,43.76201,0.55869,10.43557,10.7926,-0.35702,2.9893,3.0,26.92,0.03492,0.3,normal
2.97,44.49212,43.87829,0.61383,10.32081,10.70162,-0.38081,2.9885,3.0,27.16,0.01546,0.3,normal
2.98,44.66253,43.98591,0.67661,10.20476,10.60374,-0.39898,2.9846,2.9746,26.72,0.01108,0.3,normal
2.99,44.83184,44.10783,0.72402,10.08739,10.51149,-0.42409,1.5349,2.9822,26.94,0.00893,0.3,normal
3.0,45.0,44.30414,0.69586,9.9687,10.41031,-0.44161,3.0113,2.9905,26.86,0.00231,0.3,normal
3.01,45.16692,44.50182,0.6651,9.84867,10.31969,-0.47102,3.0282,2.9737,26.94,0.00287,0.3,normal
3.02,45.33254,44.689,0.64353,9.72729,10.22246,-0.49517,3.0056,3.0,27.11,0.00224,0.3,normal
3.03,45.49677,44.87597,0.6208,9.60455,10.12829,-0.52374,2.9889,3.0,26.99,0.00296,0.3,normal
3.04,45.65955,45.05238,0.60717,9.48042,10.02453,-0.54411,3.0276,3.0,27.12,0.00309,0.3,normal
3.05,45.82081,45.23166,0.58914,9.35491,9.92273,-0.56782,3.0128,2.9957,26.84,0.0015,0.3,normal
3.06,45.98046,45.40001,0.58045,9.228,9.81559,-0.58759,2.9979,3.0,26.82,0.00229,0.3,normal
3.07,46.13844,45.57011,0.56833,9.09967,9.71598,-0.61631,3.0016,3.0,26.95,0.00283,0.3,normal
3.08,46.29468,45.72847,0.56621,8.96993,9.60954,-0.63961,2.9953,2.9932,26.95,0.00153,0.3,normal
3.09,46.44909,45.89044,0.55865,8.83874,9.5128,-0.67406,2.9847,2.9791,26.93,0.00221,0.3,normal
3.1,46.60162,46.0392,0.56242,8.70611,9.4145,-0.70838,3.0229,2.9703,26.82,0.00389,0.3,normal
3.11,46.75219,46.18747,0.56472,8.57203,9.32477,-0.75274,2.9949,3.0,27.14,0.0017,0.3,normal
3.12,46.90072,46.32501,0.57572,8.43649,9.22948,-0.793,3.0078,2.9953,26.91,0.00138,0.3,normal
3.13,47.04715,46.46378,0.58337,8.29947,9.14222,-0.84275,2.9933,3.0,27.18,0.0038,0.3,normal
3.14,47.19141,46.58999,0.60142,8.16097,9.04972,-0.88875,3.0045,3.0,26.98,0.00178,0.3,normal
3.15,47.33342,46.71845,0.61497,8.02098,8.9667,-0.94572,3.0228,3.0,27.08,0.00085,0.3,normal
3.16,47.47311,46.83713,0.63598,7.87949,8.87677,-0.99728,3.0194,3.0,27.07,0.0034,0.3,normal
3.17,47.61042,46.95549,0.65494,7.7365,8.79237,-1.05587,3.0175,3.0,26.86,0.00954,0.3,normal
3.18,47.74528,47.06533,0.67995,7.592,8.67041,-1.07841,2.976,3.0,27.04,0.00735,0.3,normal
3.19,47.87763,47.17808,0.69954,7.44598,8.51117,-1.06519,3.0142,2.9899,27.28,0.01065,0.3,normal
3.2,48.00738,47.32525,0.68213,7.29843,8.35142,-1.05298,2.9885,3.0,27.04,0.01058,0.3,normal
3.21,48.13448,47.51786,0.61662,7.14936,8.20155,-1.05219,3.0146,3.0,27.14,0.00186,0.3,normal
3.22,48.25886,47.69753,0.56133,6.99875,8.04839,-1.04965,3.0088,3.0,27.11,0.00325,0.3,normal
3.23,48.38045,47.87676,0.50369,6.8466,7.90461,-1.05801,3.005,3.0,27.06,0.00374,0.3,normal
3.24,48.49919,48.04434,0.45485,6.6929,7.75753,-1.06463,3.022,2.9864,27.05,0.00202,0.3,normal
3.25,48.61502,48.21378,0.40124,6.53766,7.61963,-1.08197,2.9766,2.9744,27.11,0.0028,0.3,normal
3.26,48.72787,48.37278,0.35509,6.38087,7.48037,-1.0995,2.9958,2.9884,27.14,0.00348,0.3,normal
3.27,48.83768,48.5326,0.30508,6.22253,7.35199,-1.12946,2.989,2.9878,26.83,0.00473,0.3,normal
3.28,48.94439,48.68032,0.26406,6.06263,7.20314,-1.14052,2.9848,3.0,27.07,0.00541,0.3,normal
3.29,49.04793,48.82895,0.21898,5.90117,7.04361,-1.14245,3.0119,2.9906,27.01,0.00355,0.3,normal
3.3,49.14826,48.96382,0.18443,5.73815,6.88138,-1.14323,3.0113,3.0,26.99,0.01081,0.3,normal
3.31,49.2453,49.04953,0.19577,5.57357,6.73128,-1.15771,3.0089,2.9889,27.25,0.0105,0.3,normal
3.32,49.339,49.09229,0.24672,5.40743,6.57867,-1.17124,2.9794,3.0,26.95,0.00805,0.3,normal
3.33,49.42931,49.14381,0.28551,5.23973,6.39241,-1.15267,2.9982,2.9759,26.85,0.00535,0.3,normal
3.34,49.51617,49.18985,0.32632,5.07047,6.18223,-1.11176,2.9966,3.0,27.18,0.00254,0.3,normal
3.35,49.59952,49.24222,0.3573,4.89965,5.98404,-1.08439,3.0074,3.0,26.86,0.00263,0.3,normal
3.36,49.6793,49.28684,0.39247,4.72728,5.78034,-1.05306,3.0231,2.9729,26.79,0.00111,0.3,normal
3.37,49.75548,49.33682,0.41866,4.55335,5.58866,-1.03531,2.9758,3.0,27.22,0.00134,0.3,normal
3.38,49.82798,49.38218,0.44581,4.37787,5.39071,-1.01284,2.999,3.0,27.11,0.00236,0.3,normal
3.39,49.89678,49.43251,0.46427,4.20084,5.2002,-0.99937,2.9973,2.9961,27.16,0.00111,0.3,normal
3.4,49.9618,49.47439,0.48741,4.02226,5.00463,-0.98237,2.97,2.9836,27.03,0.00168,0.3,normal
3.41,50.02301,49.52523,0.49778,3.84214,4.82011,-0.97797,2.9983,3.0,26.89,0.005,0.3,normal
3.42,50.08036,49.58403,0.49633,3.66048,4.63364,-0.97316,3.0051,3.0,26.93,0.00284,0.3,normal
3.43,50.1338,49.65639,0.47741,3.47729,4.45411,-0.97681,3.0093,2.99,27.07,0.00082,0.3,normal
3.44,50.18329,49.72296,0.46033,3.29258,4.27185,-0.97927,2.9951,3.0,26.92,0.00351,0.3,normal
3.45,50.22878,49.79749,0.43129,3.10634,4.10339,-0.99705,2.9942,2.9775,27.16,0.00267,0.3,normal
3.46,50.27024,49.86879,0.40145,2.9186,3.93595,-1.01736,3.0089,3.0,27.05,0.00228,0.3,normal
3.47,50.30761,49.94826,0.35935,2.72934,3.78147,-1.05213,3.0142,3.0,27.15,0.00371,0.3,normal
3.48,50.34087,50.02142,0.31944,2.53859,3.62702,-1.08844,3.0004,2.9992,27.15,0.00824,0.3,normal
3.49,50.36996,50.10398,0.26598,2.34634,3.45901,-1.11266,3.0035,3.0,27.19,0.00705,0.3,normal
3.5,50.39487,50.18175,0.21312,2.15262,3.2362,-1.08359,3.0022,3.0,27.22,0.0026,0.3,normal
3.51,50.41554,50.26256,0.15298,1.95742,3.02613,-1.06871,3.0087,3.0,27.09,0.00216,0.3,normal
3.52,50.43194,50.33563,0.09631,1.76076,2.81383,-1.05308,3.004,3.0,27.18,0.00068,0.3,normal
3.53,50.44405,50.41423,0.02982,1.56265,2.61298,-1.05033,3.0022,3.0,27.19,0.00295,0.3,normal
3.54,50.45183,50.48888,-0.03705,1.36309,2.40903,-1.04594,2.9962,3.0,26.79,0.00414,0.3,normal
3.55,50.45525,50.56752,-0.11227,1.1621,2.21762,-1.05552,2.9863,2.9932,27.26,0.00283,0.3,normal
3.56,50.45428,50.62104,-0.16676,0.9597,2.02148,-1.06178,3.004,2.9934,27.19,0.01523,0.3,normal
3.57,50.4489,50.58256,-0.13366,0.75589,1.83578,-1.07989,3.0162,2.9877,27.26,0.01525,0.3,normal
3.58,50.43907,50.51228,-0.07321,0.55068,1.65046,-1.09977,3.002,3.0,26.99,0.00154,0.3,normal
3.59,50.42478,50.44622,-0.02144,0.3441,1.47476,-1.13066,2.9815,2.9983,27.14,0.00225,0.3,normal
3.6,50.406,50.37347,0.03253,0.13615,1.29283,-1.15668,3.0075,2.9782,27.03,0.00361,0.3,normal
3.61,50.3827,50.31945,0.06325,-0.07316,1.11291,-1.18606,3.0261,3.0,27.31,0.01559,0.3,normal
3.62,50.35488,50.26747,0.08741,-0.2838,0.89243,-1.17623,2.0445,3.0,27.0,0.01516,0.3,normal
3.63,50.32251,50.27896,0.04354,-0.49576,0.63418,-1.12994,3.0199,3.0,27.07,0.00278,0.3,normal
3.64,50.28557,50.28572,-0.00015,-0.70903,0.3728,-1.08184,3.0154,2.9757,27.3,0.00138,0.3,normal
3.65,50.24405,50.29762,-0.05358,-0.92359,0.127,-1.0506,3.0056,3.0,27.13,0.002,0.3,normal
3.66,50.19793,50.30054,-0.10261,-1.13943,-0.12207,-1.01735,3.0004,2.9942,27.09,0.00269,0.3,normal
3.67,50.14721,50.31248,-0.16527,-1.35652,-0.35959,-0.99692,3.0292,3.0,27.37,0.00171,0.3,normal
3.68,50.09187,50.32003,-0.22816,-1.57484,-0.59914,-0.97571,2.9991,2.9812,27.39,0.00121,0.3,normal
3.69,50.0319,50.33371,-0.30181,-1.79439,-0.83056,-0.96383,2.9861,3.0,27.36,0.0067,0.3,normal
3.7,49.96729,50.33116,-0.36386,-2.01514,-1.06479,-0.95035,3.014,2.9929,27.38,0.00541,0.3,normal
3.71,49.89805,50.29951,-0.40146,-2.23707,-1.28992,-0.94715,3.0107,2.9898,27.23,0.00144,0.3,normal
3.72,49.82416,50.26124,-0.43709,-2.46017,-1.51677,-0.9434,3.0165,2.9937,27.24,0.00241,0.3,normal
3.73,49.74561,50.22785,-0.48223,-2.6844,-1.73248,-0.95192,3.0082,3.0,27.18,0.00294,0.3,normal
3.74,49.66242,50.17353,-0.5111,-2.90976,-1.95219,-0.95757,2.9838,2.9937,27.31,0.00319,0.3,normal
3.75,49.57458,50.12137,-0.54679,-3.13622,-2.16345,-0.97278,2.9965,2.9989,27.21,0.00693,0.3,normal
3.76,49.48209,50.029,-0.54691,-3.36376,-2.37803,-0.98573,2.9844,2.9833,27.23,0.0056,0.3,normal
3.77,49.38495,49.93585,-0.5509,-3.59236,-2.57858,-1.01378,2.9947,3.0,27.39,0.00137,0.3,normal
3.78,49.28317,49.83814,-0.55496,-3.82199,-2.77977,-1.04222,3.0016,3.0,27.49,0.00304,0.3,normal
3.79,49.17676,49.74859,-0.57183,-4.05263,-2.9701,-1.08253,3.0118,2.9923,27.38,0.00231,0.3,normal
3.8,49.06572,49.65288,-0.58716,-4.28426,-3.16148,-1.12278,3.0035,2.9801,27.59,0.00167,0.3,normal
3.81,48.95007,49.56515,-0.61508,-4.51686,-3.3409,-1.17596,2.9919,3.0,27.23,0.00724,0.3,normal
3.82,48.8298,49.46007,-0.63027,-4.7504,-3.52752,-1.22288,2.9771,2.9902,27.06,0.00936,0.3,normal
3.83,48.70495,49.32623,-0.62129,-4.98485,-3.74458,-1.24028,3.0046,2.9823,27.46,0.00477,0.3,normal
3.84,48.57552,49.19069,-0.61517,-5.2202,-3.9623,-1.2579,2.9931,3.0,27.24,0.00358,0.3,normal
3.85,48.44152,49.06575,-0.62423,-5.45641,-4.16955,-1.28686,3.0063,3.0,27.32,0.00545,0.3,normal
3.86,48.30298,48.93806,-0.63508,-5.69347,-4.38693,-1.30654,3.007,3.0,27.11,0.00407,0.3,normal
3.87,48.15991,48.82218,-0.66228,-5.93134,-4.62495,-1.30638,3.0001,3.0,27.24,0.00348,0.3,normal
3.88,48.01233,48.70371,-0.69138,-6.16999,-4.86337,-1.30662,2.9951,3.0,27.16,0.00964,0.3,normal
3.89,47.86027,48.51851,-0.65824,-6.40941,-5.0924,-1.31701,3.0258,2.9741,27.33,0.00689,0.3,normal
3.9,47.70375,48.33226,-0.62851,-6.64956,-5.32308,-1.32648,2.9998,2.9744,27.35,0.00362,0.3,normal
3.91,47.54279,48.15918,-0.61639,-6.89041,-5.54271,-1.3477,2.9745,3.0,27.43,0.00711,0.3,normal
3.92,47.37742,47.98699,-0.60958,-7.13195,-5.81883,-1.31312,3.0036,2.9859,27.61,0.00467,0.3,normal
3.93,47.20767,47.82443,-0.61676,-7.37413,-6.08209,-1.29204,3.0024,2.9885,27.53,0.003,0.3,normal
3.94,47.03356,47.65784,-0.62428,-7.61693,-6.34756,-1.26937,3.0067,3.0,27.2,0.00435,0.3,normal
3.95,46.85513,47.502,-0.64686,-7.86033,-6.60139,-1.25893,3.0011,2.973,27.54,0.00199,0.3,normal
3.96,46.67242,47.34401,-0.67159,-8.10429,-6.85526,-1.24903,2.9965,3.0,27.47,0.00294,0.3,normal
3.97,46.48544,47.19506,-0.70962,-8.34877,-7.09818,-1.2506,2.9936,2.9998,27.45,0.00376,0.3,normal
3.98,46.29425,47.04239,-0.74814,-8.59377,-7.34284,-1.25093,2.9839,2.994,27.47,0.00174,0.3,normal
3.99,46.09887,46.89883,-0.79996,-8.83923,-7.5769,-1.26232,3.0097,2.9951,27.51,0.01005,0.3,normal
4.0,45.89935,46.66813,-0.76879,-9.08513,-7.81056,-1.27458,2.9859,2.9865,27.39,0.01033,0.3,normal
4.01,45.69571,46.44605,-0.75033,-9.33145,-8.03435,-1.2971,2.9769,2.9863,27.47,0.00168,0.3,normal
4.02,45.48801,46.22314,-0.73512,-9.57814,-8.26157,-1.31657,2.9863,3.0,27.69,0.00691,0.3,normal
4.03,45.27629,46.01087,-0.73458,-9.82518,-8.52268,-1.30249,2.9735,3.0,27.41,0.0078,0.3,normal
4.04,45.06059,45.79648,-0.73589,-10.07253,-8.79882,-1.27371,2.9756,2.9862,27.38,0.00234,0.3,normal
4.05,44.84094,45.59246,-0.75152,-10.32017,-9.06217,-1.258,2.9989,2.9925,27.53,0.00294,0.3,normal
4.06,44.61741,45.38811,-0.7707,-10.56806,-9.32683,-1.24123,2.9931,2.9788,27.38,0.00361,0.3,normal
4.07,44.39003,45.19732,-0.80729,-10.81616,-9.58051,-1.23565,3.0008,2.991,27.3,0.00311,0.3,normal
4.08,44.15886,45.00629,-0.84742,-11.06445,-9.83605,-1.2284,2.9926,3.0,27.52,0.00254,0.3,normal
4.09,43.92395,44.82841,-0.90447,-11.3129,-10.08025,-1.23265,3.0024,2.9917,27.79,0.01523,0.3,normal
4.1,43.68533,44.57151,-0.88618,-11.56146,-10.32614,-1.23531,2.9943,3.0,27.58,0.01338,0.3,normal
4.11,43.44308,44.27256,-0.82948,-11.8101,-10.56564,-1.24446,3.017,3.0,27.62,0.00105,0.3,normal
4.12,43.19724,43.97278,-0.77555,-12.0588,-10.80901,-1.24979,2.9998,2.9968,27.29,0.00333,0.3,normal
4.13,42.94786,43.68549,-0.73763,-12.30751,-11.04576,-1.26174,2.9924,3.0,27.68,0.00369,0.3,normal
4.14,42.695,43.39847,-0.70347,-12.5562,-11.28383,-1.27237,2.9972,2.9772,27.64,0.00171,0.3,normal
4.15,42.43872,43.12131,-0.68259,-12.80485,-11.51069,-1.29416,2.9788,3.0,27.54,0.00575,0.3,normal
4.16,42.17908,42.8483,-0.66922,-13.0534,-11.74189,-1.31151,2.9809,2.9831,27.68,0.0108,0.3,normal
4.17,41.91613,42.60523,-0.6891,-13.30184,-12.03387,-1.26797,3.0091,3.0,27.68,0.00707,0.3,normal
4.18,41.64993,42.36026,-0.71033,-13.55011,-12.32432,-1.22579,2.9771,3.0,27.51,0.0034,0.3,normal
4.19,41.38055,42.12827,-0.74772,-13.7982,-12.60274,-1.19546,3.0215,2.9995,27.73,0.00257,0.3,normal
4.2,41.10805,41.89134,-0.78329,-14.04606,-12.88365,-1.16241,2.9998,3.0,27.87,0.00173,0.3,normal
4.21,40.83248,41.66474,-0.83226,-14.29366,-13.1529,-1.14076,2.9989,3.0,27.66,0.00478,0.3,normal
4.22,40.55392,41.4401,-0.88618,-14.54096,-13.42204,-1.11892,2.9856,2.9869,27.58,0.00354,0.3,normal
4.23,40.27242,41.22728,-0.95485,-14.78793,-13.67678,-1.11115,3.0129,2.9938,27.69,0.00204,0.3,normal
4.24,39.98806,41.01162,-1.02356,-15.03453,-13.93483,-1.0997,2.9936,3.0,27.86,0.00303,0.3,normal
4.25,39.7009,40.80741,-1.10651,-15.28072,-14.18339,-1.09733,2.9973,3.0,27.55,0.00984,0.3,normal
4.26,39.411,40.54655,-1.13554,-15.52648,-14.43312,-1.09335,3.0089,2.994,27.83,0.00932,0.3,normal
4.27,39.11844,40.26039,-1.14194,-15.77176,-14.67344,-1.09832,3.0009,2.9935,27.66,0.00321,0.3,normal
4.28,38.82329,39.97214,-1.14885,-16.01652,-14.91264,-1.10388,3.0132,3.0,27.8,0.00441,0.3,normal
4.29,38.5256,39.69434,-1.16873,-16.26074,-15.14032,-1.12042,2.974,3.0,27.69,0.00232,0.3,normal
4.3,38.22546,39.41629,-1.19083,-16.50437,-15.36838,-1.13599,2.9947,3.0,27.7,0.00365,0.3,normal
4.31,37.92293,39.15065,-1.22772,-16.74738,-15.58564,-1.16174,3.0049,3.0,28.03,0.00357,0.3,normal
4.32,37.61809,38.88338,-1.26529,-16.98974,-15.80429,-1.18545,3.0031,3.0,27.6,0.00111,0.3,normal
4.33,37.31101,38.62434,-1.31333,-17.2314,-16.01122,-1.22018,3.0143,3.0,27.89,0.00358,0.3,normal
4.34,37.00175,38.34895,-1.3472,-17.47233,-16.22534,-1.24698,2.9925,3.0,28.09,0.01074,0.3,normal
4.35,36.6904,38.01853,-1.32813,-17.71249,-16.45353,-1.25896,3.0251,2.9887,27.94,0.00703,0.3,normal
4.36,36.37703,37.68746,-1.31043,-17.95186,-16.68241,-1.26944,2.9842,3.0,27.65,0.00278,0.3,normal
4.37,36.06171,37.36703,-1.30532,-18.19038,-16.89872,-1.29166,2.9749,3.0,27.67,0.00713,0.3,normal
4.38,35.74452,37.04618,-1.30166,-18.42804,-17.14977,-1.27827,3.0093,3.0,27.76,0.00548,0.3,normal
4.39,35.42553,36.73638,-1.31085,-18.66478,-17.41079,-1.25398,2.9922,2.9956,27.91,0.00266,0.3,normal
4.4,35.10481,36.42506,-1.32025,-18.90057,-17.67369,-1.22688,2.9976,3.0,27.93,0.00349,0.3,normal
4.41,34.78245,36.12086,-1.33841,-19.13538,-17.92571,-1.20967,2.995,3.0,27.71,0.00223,0.3,normal
4.42,34.45852,35.81476,-1.35624,-19.36918,-18.17784,-1.19134,3.0087,3.0,27.78,0.00197,0.3,normal
4.43,34.13309,35.51662,-1.38353,-19.60192,-18.41982,-1.18209,3.0095,3.0,27.8,0.00269,0.3,normal
4.44,33.80625,35.21422,-1.40796,-19.83357,-18.66557,-1.16799,3.0345,2.9984,27.91,0.00839,0.3,normal
4.45,33.47807,34.84206,-1.36398,-20.06409,-18.8992,-1.16488,3.0108,2.9813,28.25,0.00777,0.3,normal
4.46,33.14863,34.46904,-1.32041,-20.29345,-19.13447,-1.15899,2.9906,2.9839,27.82,0.00405,0.3,normal
4.47,32.81801,34.10822,-1.29022,-20.52162,-19.35801,-1.1636,3.0008,2.9899,27.82,0.00255,0.3,normal
4.48,32.48628,33.74759,-1.26132,-20.74855,-19.58452,-1.16402,3.0232,3.0,27.81,0.0019,0.3,normal
4.49,32.15352,33.3996,-1.24608,-20.97421,-19.80065,-1.17356,2.9811,2.9977,28.09,0.00493,0.3,normal
4.5,31.81981,33.05134,-1.23154,-21.19858,-20.01484,-1.18373,3.0041,2.9882,28.0,0.00353,0.3,normal
4.51,31.48522,32.71425,-1.22903,-21.4216,-20.21529,-1.20631,3.0052,3.0,27.88,0.00756,0.3,normal
4.52,31.14985,32.37792,-1.22808,-21.64325,-20.48768,-1.15557,3.0101,3.0,27.97,0.00989,0.3,normal
4.53,30.81375,32.05644,-1.24268,-21.8635,-20.74973,-1.11376,2.9817,2.9995,27.92,0.00336,0.3,normal
4.54,30.47702,31.73528,-1.25826,-22.0823,-21.0119,-1.07041,2.9909,3.0,28.09,0.00249,0.3,normal
4.55,30.13973,31.42356,-1.28383,-22.29963,-21.25996,-1.03968,2.9836,2.9951,28.46,0.00415,0.3,normal
4.56,29.80195,31.1118,-1.30985,-22.51545,-21.50768,-1.00777,2.9822,3.0,28.15,0.00332,0.3,normal
4.57,29.46377,30.81027,-1.3465,-22.72973,-21.74918,-0.98055,2.9909,2.9785,28.07,0.00201,0.3,normal
4.58,29.12527,30.50965,-1.38439,-22.94243,-21.9925,-0.94992,2.9954,3.0,27.99,0.01103,0.3,normal
4.59,28.78651,30.14385,-1.35734,-23.15352,-22.22448,-0.92904,3.0227,2.9999,27.9,0.01115,0.3,normal
4.6,28.44758,29.75658,-1.30899,-23.36296,-22.45976,-0.90321,3.0297,3.0,28.23,0.00192,0.3,normal
4.61,28.10856,29.37934,-1.27078,-23.57073,-22.68187,-0.88887,3.0013,3.0,28.23,0.00234,0.3,normal
4.62,27.76951,28.9977,-1.22819,-23.77679,-22.90722,-0.86957,3.0058,3.0,28.07,0.00379,0.3,normal
4.63,27.43053,28.62557,-1.19504,-23.98111,-23.12117,-0.85994,2.9977,2.9866,28.33,0.00233,0.3,normal
4.64,27.09167,28.25356,-1.16189,-24.18366,-23.33566,-0.84799,3.0143,3.0,28.16,0.00264,0.3,normal
4.65,26.75303,27.89175,-1.13873,-24.3844,-23.54028,-0.84412,3.0156,2.9978,28.29,0.0037,0.3,normal
4.66,26.41466,27.53039,-1.11573,-24.5833,-23.74839,-0.83491,3.0013,2.9896,28.23,0.00206,0.3,normal
4.67,26.07666,27.18,-1.10334,-24.78034,-23.94432,-0.83602,3.001,2.9893,28.17,0.00327,0.3,normal
4.68,25.73908,26.82907,-1.08999,-24.97548,-24.14169,-0.83379,3.0321,3.0,28.06,0.00296,0.3,normal
4.69,25.40201,26.48784,-1.08582,-25.16869,-24.32851,-0.84018,3.0172,2.9821,28.19,0.00079,0.3,normal
4.7,25.06552,26.14426,-1.07874,-25.35994,-24.52081,-0.83913,2.989,3.0,28.35,0.00261,0.3,normal
4.71,24.72969,25.81228,-1.08259,-25.5492,-24.70371,-0.84549,3.0125,2.996,28.16,0.00302,0.3,normal
4.72,24.39457,25.4797,-1.08514,-25.73644,-24.88878,-0.84767,3.0021,3.0,28.31,0.00161,0.3,normal
4.73,24.06025,25.15624,-1.09599,-25.92163,-25.06405,-0.85759,3.0244,2.989,28.1,0.00239,0.3,normal
4.74,23.72679,24.83025,-1.10346,-26.10475,-25.24154,-0.86321,3.0047,2.9979,28.39,0.00454,0.3,normal
4.75,23.39426,24.5158,-1.12154,-26.28576,-25.40769,-0.87807,3.0127,3.0,28.33,0.00236,0.3,normal
4.76,23.06274,24.19864,-1.1359,-26.46464,-25.57388,-0.89075,2.9901,3.0,28.11,0.002,0.3,normal
4.77,22.7323,23.89162,-1.15932,-26.64135,-25.72862,-0.91273,2.9802,3.0,28.27,0.00361,0.3,normal
4.78,22.40299,23.58292,-1.17993,-26.81588,-25.88723,-0.92865,2.9954,2.9982,28.45,0.00177,0.3,normal
4.79,22.07488,23.28465,-1.20977,-26.98819,-26.03837,-0.94982,2.9898,2.9791,28.13,0.0021,0.3,normal
4.8,21.74805,22.98507,-1.23701,-27.15825,-26.19092,-0.96733,2.9819,2.9948,28.17,0.00398,0.3,normal
4.81,21.42256,22.69491,-1.27234,-27.32605,-26.33141,-0.99465,2.9978,2.9869,28.33,0.00358,0.3,normal
4.82,21.09847,22.40172,-1.30325,-27.49156,-26.50741,-0.98415,3.0111,3.0,28.67,0.00356,0.3,normal
4.83,20.77584,22.11825,-1.34241,-27.65474,-26.67461,-0.98013,3.0277,2.9963,28.26,0.00344,0.3,normal
4.84,20.45475,21.8353,-1.38055,-27.81558,-26.84601,-0.96957,2.988,2.9968,28.44,0.00264,0.3,normal
4.85,20.13524,21.56277,-1.42753,-27.97405,-27.00987,-0.96418,3.0063,2.9974,28.42,0.00812,0.3,normal
4.86,19.81738,21.20276,-1.38539,-28.13013,-27.17748,-0.95264,2.9946,2.9845,28.3,0.00948,0.3,normal
4.87,19.50122,20.85567,-1.35445,-28.28379,-27.33584,-0.94794,2.9954,2.9892,28.42,0.00312,0.3,normal
4.88,19.18684,20.50872,-1.32188,-28.43501,-27.49752,-0.93748,2.9839,2.9988,28.34,0.00142,0.3,normal
4.89,18.87428,20.17406,-1.29979,-28.58376,-27.64963,-0.93413,2.9896,3.0,28.37,0.0034,0.3,normal
4.9,18.5636,19.8377,-1.27411,-28.73003,-27.80571,-0.92433,2.977,2.9923,28.18,0.00276,0.3,normal
4.91,18.25485,19.51176,-1.2569,-28.8738,-27.95283,-0.92097,2.976,3.0,28.44,0.00153,0.3,normal
4.92,17.9481,19.18355,-1.23545,-29.01504,-28.10182,-0.91322,3.0256,3.0,28.58,0.00446,0.3,normal
4.93,17.64339,18.868,-1.22462,-29.15372,-28.24997,-0.90376,2.9988,3.0,28.47,0.00421,0.3,normal
4.94,17.34077,18.55091,-1.21014,-29.28984,-28.41598,-0.87386,2.9903,3.0,28.63,0.00159,0.3,normal
4.95,17.0403,18.24402,-1.20372,-29.42338,-28.5709,-0.85248,2.9759,3.0,28.57,0.00256,0.3,normal
4.96,16.74202,17.93281,-1.19079,-29.5543,-28.72587,-0.82843,2.9655,3.0,28.48,0.00334,0.3,normal
4.97,16.44599,17.63225,-1.18627,-29.68259,-28.86694,-0.81566,2.9955,3.0,28.4,0.00195,0.3,normal
4.98,16.15224,17.33027,-1.17803,-29.80824,-29.01053,-0.79771,3.0049,3.0,28.44,0.00291,0.3,normal
4.99,15.86083,17.03984,-1.17901,-29.93123,-29.14306,-0.78817,3.0089,3.0,28.3,0.00345,0.3,normal
5.0,15.5718,16.74667,-1.17488,-30.05154,-29.27829,-0.77325,3.0044,2.9967,28.49,0.00137,0.3,normal
5.01,15.28519,16.46447,-1.17929,-30.16915,-29.40666,-0.76249,3.0242,3.0,28.56,0.00236,0.3,normal
5.02,15.00104,16.18029,-1.17925,-30.28405,-29.53753,-0.74652,3.0068,2.9875,28.8,0.00304,0.3,normal
5.03,14.7194,15.90259,-1.18319,-30.39622,-29.65641,-0.7398,2.9998,2.9958,28.63,0.00211,0.3,normal
5.04,14.4403,15.62228,-1.18198,-30.50564,-29.77523,-0.73041,2.9808,3.0,28.43,0.00471,0.3,normal
5.05,14.16378,15.35368,-1.1899,-30.61231,-29.90556,-0.70675,2.9895,2.9881,28.36,0.00565,0.3,normal
5.06,13.88988,15.08488,-1.195,-30.7162,-30.05337,-0.66283,3.0193,2.986,28.55,0.00193,0.3,normal
5.07,13.61863,14.82754,-1.20891,-30.81731,-30.19167,-0.62564,2.9982,2.9882,28.71,0.00228,0.3,normal
5.08,13.35007,14.56913,-1.21907,-30.91562,-30.33166,-0.58396,3.0002,2.9765,28.57,0.00394,0.3,normal
5.09,13.08422,14.3215,-1.23728,-31.01112,-30.46132,-0.5498,2.9742,2.9861,28.69,0.00344,0.3,normal
5.1,12.82112,14.05633,-1.23521,-31.10379,-30.59122,-0.51257,3.0085,3.0,28.59,0.00377,0.3,normal
5.11,12.5608,13.78905,-1.22825,-31.19363,-30.71026,-0.48337,3.0269,2.9911,28.73,0.00395,0.3,normal
5.12,12.30328,13.51758,-1.21429,-31.28063,-30.82802,-0.45261,2.9928,3.0,28.4,0.00253,0.3,normal
5.13,12.0486,13.25743,-1.20883,-31.36477,-30.93462,-0.43015,2.9949,3.0,28.89,0.00144,0.3,normal
5.14,11.79677,12.99577,-1.199,-31.44605,-31.04501,-0.40104,3.0178,3.0,28.49,0.0027,0.3,normal
5.15,11.54782,12.74359,-1.19577,-31.52445,-31.15031,-0.37414,2.9868,2.9904,28.78,0.00245,0.3,normal
5.16,11.30177,12.48937,-1.1876,-31.59997,-31.25664,-0.34333,3.0199,3.0,28.63,0.00223,0.3,normal
5.17,11.05864,12.24535,-1.18671,-31.6726,-31.35421,-0.31839,2.985,3.0,28.66,0.00635,0.3,normal
5.18,10.81846,11.96222,-1.14376,-31.74233,-31.45542,-0.28692,3.0159,2.9959,28.65,0.00438,0.3,normal
5.19,10.58123,11.6816,-1.10037,-31.80916,-31.54959,-0.25957,3.0012,3.0,28.74,0.00136,0.3,normal
5.2,10.34697,11.39927,-1.05229,-31.87308,-31.65169,-0.22139,3.0029,3.0,28.77,0.00278,0.3,normal
5.21,10.11571,11.1279,-1.01219,-31.93409,-31.75023,-0.18386,3.0282,2.9661,28.87,0.00202,0.3,normal
5.22,9.88744,10.85284,-0.9654,-31.99217,-31.85449,-0.13768,2.9894,3.0,28.93,0.00095,0.3,normal
5.23,9.66219,10.58865,-0.92647,-32.04733,-31.9517,-0.09563,2.9763,2.9967,28.78,0.00232,0.3,normal
5.24,9.43996,10.32133,-0.88137,-32.09956,-32.05412,-0.04543,2.9985,2.9946,29.0,0.00266,0.3,normal
5.25,9.22075,10.06714,-0.84639,-32.14885,-32.15022,0.00136,3.0193,3.0,28.76,0.00113,0.3,normal
5.26,9.00459,9.80945,-0.80486,-32.19522,-32.25475,0.05954,2.9961,2.9984,28.92,0.00178,0.3,normal
5.27,8.79147,9.5592,-0.76773,-32.23864,-32.3534,0.11475,3.0388,3.0,28.83,0.01417,0.3,normal
5.28,8.58139,9.30422,-0.72283,-32.27913,-32.40052,0.12139,3.009,2.9977,28.69,0.01215,0.3,normal
5.29,8.37436,9.05939,-0.68502,-32.31668,-32.38222,0.06554,3.0075,2.9903,28.81,0.00226,0.3,normal
5.3,8.17038,8.81254,-0.64215,-32.35129,-32.37162,0.02032,2.9758,3.0,28.86,0.00278,0.3,normal
5.31,7.96945,8.57505,-0.6056,-32.38296,-32.35408,-0.02889,2.9929,3.0,28.79,0.00123,0.3,normal
5.32,7.77156,8.3365,-0.56493,-32.4117,-32.34403,-0.06767,2.9687,2.995,28.86,0.0022,0.3,normal
5.33,7.57672,8.11128,-0.53457,-32.4375,-32.32987,-0.10763,2.9902,2.9956,28.94,0.00399,0.3,normal
5.34,7.38491,7.885,-0.50009,-32.46036,-32.32266,-0.1377,2.9974,3.0,28.81,0.00141,0.3,normal
5.35,7.19613,7.67131,-0.47519,-32.48029,-32.30848,-0.17181,2.9913,3.0,28.38,0.00195,0.3,normal
5.36,7.01037,7.45844,-0.44807,-32.49729,-32.3024,-0.19489,3.0186,2.9888,29.08,0.00934,0.3,normal
5.37,6.82762,7.31308,-0.48546,-32.51137,-32.29028,-0.22109,2.9946,3.0,28.79,0.00779,0.3,normal
5.38,6.64787,7.17418,-0.52631,-32.52252,-32.28326,-0.23926,3.0075,3.0,28.72,0.0022,0.3,normal
5.39,6.4711,7.04557,-0.57447,-32.53077,-32.27188,-0.25888,2.9733,3.0,28.68,0.00416,0.3,normal
5.4,6.29731,6.91684,-0.61953,-32.5361,-32.27283,-0.26327,3.0067,2.9786,28.8,0.00159,0.3,normal
5.41,6.12648,6.801,-0.67452,-32.53852,-32.26971,-0.26881,3.0076,2.9963,28.77,0.00197,0.3,normal
5.42,5.95858,6.68442,-0.72584,-32.53805,-32.27372,-0.26433,2.9972,2.9922,28.75,0.01593,0.3,normal
5.43,5.7936,6.54989,-0.75628,-32.53469,-32.27026,-0.26443,3.0178,3.0,28.77,0.01519,0.3,normal
5.44,5.63153,6.29837,-0.66684,-32.52845,-32.27979,-0.24866,3.004,2.98,28.96,0.00175,0.3,normal
5.45,5.47233,6.05948,-0.58716,-32.51933,-32.28181,-0.23752,3.0223,2.9966,29.19,0.01054,0.3,normal
5.46,5.31598,5.87315,-0.55717,-32.50735,-32.28986,-0.21749,2.9878,2.9891,29.02,0.00912,0.3,normal
5.47,5.16247,5.72142,-0.55895,-32.49251,-32.29228,-0.20022,3.0127,2.9998,29.07,0.00226,0.3,normal
5.48,5.01176,5.57002,-0.55825,-32.47482,-32.30018,-0.17464,2.9889,3.0,28.85,0.00381,0.3,normal
5.49,4.86383,5.42975,-0.56592,-32.4543,-32.29753,-0.15677,3.0123,2.9988,28.93,0.00193,0.3,normal
5.5,4.71865,5.28835,-0.56969,-32.43095,-32.30243,-0.12852,2.9865,3.0,28.98,0.00214,0.3,normal
5.51,4.57619,5.16173,-0.58554,-32.4048,-32.30325,-0.10154,3.0049,2.9921,28.82,0.00325,0.3,normal
5.52,4.43642,5.03228,-0.59586,-32.37584,-32.31003,-0.0658,2.9961,2.9791,28.86,0.00207,0.3,normal
5.53,4.29931,4.91341,-0.61411,-32.34409,-32.31217,-0.03192,3.0058,2.9877,29.06,0.00114,0.3,normal
5.54,4.16481,4.79306,-0.62825,-32.30957,-32.32164,0.01207,2.9884,2.9938,29.1,0.00262,0.3,normal
5.55,4.03291,4.68223,-0.64933,-32.27229,-32.32246,0.05017,2.9833,3.0,28.95,0.00197,0.3,normal
5.56,3.90355,4.57049,-0.66694,-32.23226,-32.33096,0.0987,3.0165,3.0,28.77,0.00156,0.3,normal
5.57,3.77671,4.47242,-0.69571,-32.1895,-32.33247,0.14297,2.9952,2.9927,28.91,0.00721,0.3,normal
5.58,3.65234,4.31942,-0.66708,-32.14402,-32.33975,0.19573,2.9803,3.0,28.74,0.00738,0.3,normal
5.59,3.53041,4.16443,-0.63402,-32.09584,-32.33962,0.24378,3.0111,2.9904,28.98,0.00083,0.3,normal
5.6,3.41087,4.00733,-0.59646,-32.04497,-32.34477,0.2998,3.0076,3.0,29.01,0.00288,0.3,normal
5.61,3.29368,3.86029,-0.56661,-31.99144,-32.34454,0.3531,3.0039,2.9812,28.94,0.00307,0.3,normal
5.62,3.1788,3.71284,-0.53404,-31.93525,-32.35277,0.41751,3.0044,2.9953,29.02,0.00147,0.3,normal
5.63,3.06618,3.57555,-0.50937,-31.87644,-32.35271,0.47628,3.0062,3.0,29.05,0.00215,0.3,normal
5.64,2.95578,3.43657,-0.48079,-31.815,-32.35539,0.54039,3.0115,3.0,29.04,0.00311,0.3,normal
5.65,2.84755,3.30683,-0.45928,-31.75097,-32.34985,0.59888,2.992,2.9915,28.82,0.00104,0.3,normal
5.66,2.74145,3.1755,-0.43405,-31.68437,-32.3496,0.66524,2.9973,3.0,28.97,0.00905,0.3,normal
5.67,2.63742,3.05438,-0.41697,-31.6152,-32.29375,0.67855,2.9862,3.0,29.07,0.01008,0.3,normal
5.68,2.53541,2.93187,-0.39646,-31.5435,-32.22259,0.6791,3.0192,2.9979,29.25,0.00189,0.3,normal
5.69,2.43538,2.82105,-0.38567,-31.46928,-32.1428,0.67352,3.0114,2.9786,28.98,0.00244,0.3,normal
5.7,2.33727,2.71073,-0.37346,-31.39256,-32.07274,0.68018,3.0001,2.9939,29.11,0.00335,0.3,normal
5.71,2.24103,2.61095,-0.36992,-31.31337,-32.00071,0.68734,3.0154,2.9923,29.16,0.00042,0.3,normal
5.72,2.1466,2.50595,-0.35935,-31.23173,-31.93583,0.70411,2.9886,2.9744,29.01,0.00116,0.3,normal
5.73,2.05394,2.41014,-0.3562,-31.14765,-31.86406,0.71641,3.0038,2.9988,29.21,0.00232,0.3,normal
5.74,1.96298,2.30984,-0.34685,-31.06116,-31.79676,0.73559,2.9967,3.0,29.23,0.00073,0.3,normal
5.75,1.87368,2.21884,-0.34517,-30.97229,-31.72447,0.75217,2.9865,3.0,29.26,0.0005,0.3,normal
5.76,1.78597,2.12052,-0.33455,-30.88106,-31.65604,0.77498,2.999,3.0,29.12,0.00239,0.3,normal
5.77,1.69979,2.02919,-0.3294,-30.78749,-31.58119,0.7937,3.0252,2.9837,29.41,0.00406,0.3,normal
5.78,1.61509,1.93226,-0.31717,-30.69161,-31.51126,0.81966,2.9879,2.4617,28.97,0.00326,0.3,normal
5.79,1.53181,1.84096,-0.30915,-30.59343,-31.3997,0.80627,3.0001,3.0,29.39,0.00276,0.3,normal
5.8,1.44989,1.74329,-0.2934,-30.49299,-31.30061,0.80762,2.9947,2.9871,29.19,0.00154,0.3,normal
5.81,1.36926,1.65375,-0.28449,-30.39031,-31.19447,0.80416,3.011,3.0,29.28,0.00097,0.3,normal
5.82,1.28988,1.55786,-0.26798,-30.28542,-31.09846,0.81304,2.9796,2.9953,29.03,0.00217,0.3,normal
5.83,1.21167,1.46784,-0.25617,-30.17833,-30.99405,0.81571,3.0014,2.9966,29.21,0.00205,0.3,normal
5.84,1.13457,1.37233,-0.23776,-30.06909,-30.89373,0.82464,3.011,3.0,29.3,0.00014,0.3,normal
5.85,1.05852,1.28367,-0.22514,-29.95771,-30.78577,0.82806,2.9737,3.0,28.93,0.00246,0.3,normal
5.86,0.98346,1.18952,-0.20605,-29.84423,-30.68441,0.84019,2.982,2.9948,29.07,0.00191,0.3,normal
5.87,0.90933,1.10309,-0.19376,-29.72866,-30.57799,0.84933,3.0002,2.9835,28.78,0.00196,0.3,normal
5.88,0.83605,1.01052,-0.17447,-29.61104,-30.47663,0.86559,2.989,2.7827,29.08,0.00293,0.3,normal
5.89,0.76357,0.9248,-0.16123,-29.49139,-30.35578,0.86439,3.0107,2.9923,28.99,0.00178,0.3,normal
5.9,0.69182,0.83325,-0.14143,-29.36975,-30.24429,0.87454,3.0101,2.9811,29.08,0.00213,0.3,normal
5.91,0.62074,0.74663,-0.12589,-29.24613,-30.12167,0.87553,2.9788,3.0,29.55,0.00391,0.3,normal
5.92,0.55025,0.6518,-0.10155,-29.12058,-29.99369,0.87311,3.0087,3.0,29.38,0.00319,0.3,normal
5.93,0.4803,0.56153,-0.08122,-28.99312,-29.86489,0.87177,3.0164,2.987,28.91,0.01423,0.3,normal
5.94,0.41082,0.47042,-0.0596,-28.86377,-29.73685,0.87308,2.2571,1.5376,29.21,0.01625,0.3,normal
5.95,0.34173,0.43038,-0.08865,-28.73257,-29.51341,0.78084,2.9932,3.0,29.25,0.00286,0.3,normal
5.96,0.27299,0.38395,-0.11097,-28.59955,-29.30019,0.70064,2.9828,3.0,29.09,0.00045,0.3,normal
5.97,0.20451,0.34471,-0.14021,-28.46473,-29.08135,0.61662,2.9999,2.9852,29.17,0.00182,0.3,normal
5.98,0.13623,0.29891,-0.16269,-28.32815,-28.87377,0.54561,3.0079,3.0,29.19,0.00286,0.3,normal
5.99,0.06808,0.25825,-0.19017,-28.18984,-28.66288,0.47304,3.0041,2.9975,28.95,0.00054,0.3,normal
6.0,0.0,0.2119,-0.2119,-28.04983,-28.46237,0.41254,2.984,2.9993,29.0,0.00572,0.3,normal
6.01,-0.06808,0.17266,-0.24074,-27.90815,-28.26722,0.35908,2.9993,2.993,29.18,0.00618,0.3,normal
6.02,-0.13623,0.12675,-0.26298,-27.76482,-28.11057,0.34575,2.9819,2.9581,29.18,0.00039,0.3,normal
6.03,-0.20451,0.08913,-0.29364,-27.61989,-27.9512,0.33131,3.0054,2.9925,29.06,0.00194,0.3,normal
6.04,-0.27299,0.04481,-0.31779,-27.47337,-27.80302,0.32964,2.9977,3.0,29.05,0.00339,0.3,normal
6.05,-0.34173,0.00546,-0.3472,-27.32531,-27.65427,0.32896,2.9939,3.0,29.16,0.00204,0.3,normal
6.06,-0.41082,-0.03989,-0.37092,-27.17574,-27.51849,0.34276,3.0147,3.0,29.31,0.00232,0.3,normal
6.07,-0.4803,-0.07716,-0.40314,-27.02468,-27.38104,0.35637,2.988,3.0,29.17,0.00379,0.3,normal
6.08,-0.55025,-0.11817,-0.43209,-26.87217,-27.2551,0.38293,2.9951,2.9904,29.43,0.00214,0.3,normal
6.09,-0.62074,-0.15075,-0.46999,-26.71824,-27.12582,0.40759,3.0165,3.0,29.08,0.00329,0.3,normal
6.1,-0.69182,-0.19304,-0.49879,-26.56292,-27.00777,0.44485,3.0195,3.0,29.22,0.00488,0.3,normal
6.11,-0.76357,-0.24999,-0.51358,-26.40624,-26.88601,0.47977,3.0234,3.0,29.14,0.00182,0.3,normal
6.12,-0.83605,-0.31409,-0.52196,-26.24824,-26.7761,0.52786,2.9953,3.0,29.29,0.00148,0.3,normal
6.13,-0.90933,-0.37302,-0.53631,-26.08895,-26.66034,0.57139,2.9962,2.9862,29.08,0.00308,0.3,normal
6.14,-0.98346,-0.43906,-0.54441,-25.9284,-26.55395,0.62555,3.0189,3.0,29.49,0.00131,0.3,normal
6.15,-1.05852,-0.50122,-0.5573,-25.76663,-26.44104,0.67442,3.0004,2.9974,28.95,0.00389,0.3,normal
6.16,-1.13457,-0.59541,-0.53916,-25.60366,-26.33569,0.73203,3.0211,2.9782,29.47,0.00594,0.3,normal
6.17,-1.21167,-0.69475,-0.51691,-25.43952,-26.22655,0.78703,2.9984,3.0,29.23,0.00281,0.3,normal
6.18,-1.28988,-0.79562,-0.49426,-25.27426,-26.12637,0.85211,2.9945,3.0,29.3,0.00118,0.3,normal
6.19,-1.36926,-0.88935,-0.47991,-25.1079,-26.02224,0.91434,2.9974,3.0,29.43,0.01406,0.3,normal
6.2,-1.44989,-0.98818,-0.4617,-24.94048,-25.9119,0.97142,3.0027,1.3451,29.36,0.01267,0.3,normal
6.21,-1.53181,-1.08198,-0.44983,-24.77202,-25.69335,0.92133,2.9848,2.9946,29.13,0.00111,0.3,normal
6.22,-1.61509,-1.18093,-0.43416,-24.60256,-25.48779,0.88523,3.0187,3.0,29.33,0.00224,0.3,normal
6.23,-1.69979,-1.27433,-0.42545,-24.43214,-25.27961,0.84747,3.025,3.0,29.53,0.00279,0.3,normal
6.24,-1.78597,-1.3741,-0.41187,-24.26079,-25.08393,0.82315,3.0013,2.9928,29.12,0.0006,0.3,normal
6.25,-1.87368,-1.46626,-0.40742,-24.08853,-24.88493,0.7964,2.9916,2.982,29.57,0.00297,0.3,normal
6.26,-1.96298,-1.56428,-0.3987,-23.9154,-24.6972,0.78181,2.9979,3.0,29.32,0.00159,0.3,normal
6.27,-2.05394,-1.656,-0.39794,-23.74143,-24.50563,0.7642,2.9928,2.9967,29.2,0.00084,0.3,normal
6.28,-2.1466,-1.75451,-0.3921,-23.56666,-24.32214,0.75548,3.0036,3.0,29.14,0.00229,0.3,normal
6.29,-2.24103,-1.84848,-0.39255,-23.39112,-24.13668,0.74557,2.9875,3.0,29.24,0.00265,0.3,normal
6.3,-2.33727,-1.94865,-0.38862,-23.21483,-23.96056,0.74573,3.0308,3.0,28.99,0.0013,0.3,normal
6.31,-2.43538,-2.04307,-0.39231,-23.03784,-23.78556,0.74773,3.0199,3.0,29.22,0.00139,0.3,normal
6.32,-2.53541,-2.14193,-0.39348,-22.86017,-23.61951,0.75935,2.9959,3.0,29.25,0.00179,0.3,normal
6.33,-2.63742,-2.23483,-0.40259,-22.68185,-23.44785,0.766,3.0153,3.0,29.13,0.00048,0.3,normal
6.34,-2.74145,-2.33578,-0.40567,-22.50292,-23.28463,0.78171,3.0203,2.9931,29.41,0.00212,0.3,normal
6.35,-2.84755,-2.42816,-0.41939,-22.32341,-23.11913,0.79573,3.0129,2.996,29.27,0.00254,0.3,normal
6.36,-2.95578,-2.52741,-0.42838,-22.14335,-22.96386,0.82051,2.9975,2.9857,29.21,0.00101,0.3,normal
6.37,-3.06618,-2.6186,-0.44758,-21.96276,-22.80242,0.83965,2.9861,2.9952,29.26,0.0012,0.3,normal
6.38,-3.1788,-2.71243,-0.46637,-21.7817,-22.64989,0.86819,3.0076,2.9997,29.37,0.00349,0.3,normal
6.39,-3.29368,-2.80007,-0.49361,-21.60017,-22.49645,0.89629,2.9834,3.0,29.33,0.00083,0.3,normal
6.4,-3.41087,-2.8919,-0.51897,-21.41822,-22.35306,0.93484,3.0032,2.9971,29.22,0.0019,0.3,normal
6.41,-3.53041,-2.97709,-0.55332,-21.23587,-22.20648,0.97061,2.9903,2.9969,29.35,0.00327,0.3,normal
6.42,-3.65234,-3.07904,-0.5733,-21.05315,-22.06822,1.01507,3.0221,3.0,29.33,0.00359,0.3,normal
6.43,-3.77671,-3.18439,-0.59232,-20.8701,-21.92555,1.05544,2.9874,2.994,29.17,0.00272,0.3,normal
6.44,-3.90355,-3.30794,-0.59561,-20.68675,-21.79126,1.10452,3.0126,3.0,29.3,0.01245,0.3,normal
6.45,-4.03291,-3.42097,-0.61194,-20.50312,-21.63681,1.13369,2.9965,1.6187,29.44,0.01115,0.3,normal
6.46,-4.16481,-3.53932,-0.62549,-20.31924,-21.40208,1.08284,3.0199,3.0,29.44,0.00196,0.3,normal
6.47,-4.29931,-3.66042,-0.63889,-20.13515,-21.16714,1.03199,3.0203,3.0,29.33,0.00367,0.3,normal
6.48,-4.43642,-3.78679,-0.64963,-19.95087,-20.9446,0.99373,2.9936,3.0,29.47,0.00345,0.3,normal
6.49,-4.57619,-3.92771,-0.64849,-19.76643,-20.72,0.95357,3.0085,3.0,29.22,0.00209,0.3,normal
6.5,-4.71865,-4.0706,-0.64806,-19.58186,-20.50477,0.92291,3.0197,3.0,29.24,0.00283,0.3,normal
6.51,-4.86383,-4.20558,-0.65825,-19.39719,-20.28337,0.88618,2.9947,2.9668,29.35,0.003,0.3,normal
6.52,-5.01176,-4.34444,-0.66732,-19.21245,-20.07502,0.86257,2.993,3.0,29.61,0.00216,0.3,normal
6.53,-5.16247,-4.48478,-0.67769,-19.02766,-19.8657,0.83804,3.0255,3.0,29.42,0.00314,0.3,normal
6.54,-5.31598,-4.6308,-0.68518,-18.84285,-19.66657,0.82372,2.9963,2.979,29.36,0.0034,0.3,normal
6.55,-5.47233,-4.78874,-0.68359,-18.65805,-19.46283,0.80478,2.9996,2.9995,29.64,0.00269,0.3,normal
6.56,-5.63153,-4.95492,-0.67661,-18.47329,-19.26773,0.79445,3.0117,2.9998,29.37,0.00264,0.3,normal
6.57,-5.7936,-5.11407,-0.67953,-18.28859,-19.07025,0.78166,2.9998,2.994,29.75,0.00292,0.3,normal
6.58,-5.95858,-5.27772,-0.68086,-18.10398,-18.88364,0.77967,2.9823,2.9979,29.35,0.00227,0.3,normal
6.59,-6.12648,-5.4284,-0.69808,-17.91948,-18.6961,0.77663,2.9969,2.9999,29.28,0.00486,0.3,normal
6.6,-6.29731,-5.59259,-0.70472,-17.73512,-18.52046,0.78534,2.9935,3.0,29.41,0.00517,0.3,normal
6.61,-6.4711,-5.76633,-0.70477,-17.55093,-18.34306,0.79213,2.9849,2.9997,29.4,0.00234,0.3,normal
6.62,-6.64787,-5.9432,-0.70467,-17.36693,-18.17892,0.81199,3.0141,3.0,29.33,0.0034,0.3,normal
6.63,-6.82762,-6.10682,-0.7208,-17.18314,-18.01162,0.82848,3.009,3.0,29.84,0.00405,0.3,normal
6.64,-7.01037,-6.2718,-0.73857,-16.99959,-17.85511,0.85552,2.998,2.9864,29.51,0.00341,0.3,normal
6.65,-7.19613,-6.44964,-0.74649,-16.81631,-17.69918,0.88287,2.9847,2.9791,29.53,0.00455,0.3,normal
6.66,-7.38491,-6.63215,-0.75275,-16.63331,-17.55565,0.92233,3.0062,3.0,29.4,0.00488,0.3,normal
6.67,-7.57672,-6.8043,-0.77242,-16.45063,-17.41416,0.96354,3.0047,3.0,29.39,0.00811,0.3,normal
6.68,-7.77156,-7.01927,-0.7523,-16.26827,-17.28674,1.01847,3.0225,3.0,29.64,0.00766,0.3,normal
6.69,-7.96945,-7.25215,-0.7173,-16.08627,-17.15696,1.07069,3.0044,2.9988,29.24,0.00778,0.3,normal
6.7,-8.17038,-7.48876,-0.68162,-15.90465,-16.9879,1.08325,3.0013,2.9956,29.32,0.00708,0.3,normal
6.71,-8.37436,-7.71086,-0.66351,-15.72343,-16.80641,1.08298,3.0069,3.0,29.46,0.00261,0.3,normal
6.72,-8.58139,-7.93576,-0.64563,-15.54262,-16.63543,1.09281,3.0046,3.0,29.71,0.00382,0.3,normal
6.73,-8.79147,-8.14856,-0.6429,-15.36226,-16.46229,1.10002,3.0234,3.0,29.46,0.00262,0.3,normal
6.74,-9.00459,-8.36147,-0.64312,-15.18236,-16.3006,1.11823,3.0155,2.9907,29.58,0.00276,0.3,normal
6.75,-9.22075,-8.56096,-0.6598,-15.00294,-16.1374,1.13445,2.996,2.9988,29.53,0.00368,0.3,normal
6.76,-9.43996,-8.76189,-0.67807,-14.82403,-15.98246,1.15844,2.9816,2.8538,29.73,0.00195,0.3,normal
6.77,-9.66219,-8.95339,-0.7088,-14.64563,-15.81386,1.16823,2.9723,2.9702,29.3,0.003,0.3,normal
6.78,-9.88744,-9.14845,-0.73899,-14.46777,-15.63765,1.16988,3.0135,3.0,29.66,0.00464,0.3,normal
6.79,-10.11571,-9.33105,-0.78466,-14.29047,-15.45048,1.16001,3.0107,2.9847,29.52,0.00295,0.3,normal
6.8,-10.34697,-9.51504,-0.83193,-14.11374,-15.271,1.15727,2.9961,3.0,29.7,0.01485,0.3,normal
6.81,-10.58123,-9.77601,-0.80522,-13.93761,-15.09035,1.15275,2.9928,3.0,29.44,0.01624,0.3,normal
6.82,-10.81846,-10.09771,-0.72075,-13.76208,-14.91829,1.15621,3.0198,3.0,29.58,0.01436,0.3,normal
6.83,-11.05864,-10.3568,-0.70185,-13.58718,-14.73604,1.14886,3.0085,2.9968,29.56,0.01412,0.3,normal
6.84,-11.30177,-10.56492,-0.73685,-13.41293,-14.5433,1.13037,3.0086,2.995,29.44,0.00368,0.3,normal
6.85,-11.54782,-10.76053,-0.78729,-13.23933,-14.3482,1.10887,2.9884,3.0,29.4,0.00336,0.3,normal
6.86,-11.79677,-10.95784,-0.83892,-13.0664,-14.16429,1.09789,2.989,2.9952,29.51,0.00191,0.3,normal
6.87,-12.0486,-11.1448,-0.90379,-12.89416,-13.98014,1.08597,2.9948,2.9988,29.62,0.00292,0.3,normal
6.88,-12.30328,-11.34133,-0.96195,-12.72263,-13.8076,1.08497,2.9877,3.0,29.5,0.00921,0.3,normal
6.89,-12.5608,-11.60144,-0.95936,-12.55181,-13.63622,1.08441,2.9824,2.9908,29.57,0.0123,0.3,normal
6.9,-12.82112,-11.85929,-0.96183,-12.38172,-13.42253,1.04081,2.9923,2.9963,29.34,0.00924,0.3,normal
6.91,-13.08422,-12.10609,-0.97813,-12.21237,-13.18626,0.97389,3.0018,3.0,29.58,0.00391,0.3,normal
6.92,-13.35007,-12.35342,-0.99665,-12.04378,-12.96218,0.9184,3.0329,3.0,29.8,0.00239,0.3,normal
6.93,-13.61863,-12.59183,-1.0268,-11.87595,-12.73967,0.86372,3.0005,3.0,29.75,0.00358,0.3,normal
6.94,-13.88988,-12.82958,-1.0603,-11.7089,-12.52693,0.81803,2.9937,2.9878,29.64,0.00549,0.3,normal
6.95,-14.16378,-13.08146,-1.08232,-11.54264,-12.31159,0.76895,2.9987,3.0,29.7,0.00501,0.3,normal
6.96,-14.4403,-13.3516,-1.0887,-11.37718,-12.11055,0.73337,3.0298,2.9891,29.55,0.00299,0.3,normal
6.97,-14.7194,-13.6133,-1.1061,-11.21253,-11.9087,0.69617,2.9996,2.9933,29.92,0.00354,0.3,normal
6.98,-15.00104,-13.87716,-1.12388,-11.0487,-11.71933,0.67063,2.9932,2.9972,30.0,0.00185,0.3,normal
6.99,-15.28519,-14.13081,-1.15437,-10.8857,-11.52555,0.63986,3.0125,2.9909,29.72,0.00858,0.3,normal
7.0,-15.5718,-14.44882,-1.12298,-10.72353,-11.34147,0.61794,2.9836,3.0,30.09,0.00914,0.3,normal
7.01,-15.86083,-14.77082,-1.09001,-10.56221,-11.15408,0.59188,3.0065,3.0,29.61,0.0023,0.3,normal
7.02,-16.15224,-15.09438,-1.05786,-10.40174,-10.97769,0.57595,2.9863,3.0,29.53,0.0036,0.3,normal
7.03,-16.44599,-15.40369,-1.0423,-10.24213,-10.80045,0.55833,3.0023,2.9899,29.62,0.00427,0.3,normal
7.04,-16.74202,-15.71478,-1.02724,-10.08339,-10.63473,0.55135,2.9988,2.991,29.7,0.00242,0.3,normal
7.05,-17.0403,-16.01369,-1.02661,-9.92552,-10.46641,0.5409,2.9962,3.0,30.09,0.00255,0.3,normal
7.06,-17.34077,-16.31353,-1.02724,-9.76852,-10.30884,0.54031,3.007,2.9808,29.71,0.00272,0.3,normal
7.07,-17.64339,-16.60358,-1.0398,-9.61242,-10.14708,0.53467,2.9877,2.9875,29.63,0.00227,0.3,normal
7.08,-17.9481,-16.89578,-1.05232,-9.4572,-9.99189,0.53469,2.9853,2.9963,29.63,0.00225,0.3,normal
7.09,-18.25485,-17.17828,-1.07657,-9.30287,-9.83566,0.53279,3.0,3.0,29.94,0.00412,0.3,normal
7.1,-18.5636,-17.46179,-1.10181,-9.14944,-9.69147,0.54203,2.9916,2.9803,29.93,0.00194,0.3,normal
7.11,-18.87428,-17.73436,-1.13992,-8.99691,-9.54609,0.54919,2.9962,2.9849,29.71,0.00176,0.3,normal
7.12,-19.18684,-18.01143,-1.17541,-8.84528,-9.40987,0.56459,2.9894,3.0,29.51,0.00332,0.3,normal
7.13,-19.50122,-18.27585,-1.22537,-8.69456,-9.27051,0.57596,3.0248,2.9891,29.63,0.00482,0.3,normal
7.14,-19.81738,-18.57577,-1.2416,-8.54474,-9.13972,0.59498,2.9636,3.0,30.06,0.00372,0.3,normal
7.15,-20.13524,-18.87258,-1.26266,-8.39583,-9.00556,0.60973,2.9827,2.9812,29.92,0.00303,0.3,normal
7.16,-20.45475,-19.17027,-1.28448,-8.24783,-8.87933,0.6315,2.9811,2.9989,29.83,0.00268,0.3,normal
7.17,-20.77584,-19.46344,-1.3124,-8.10074,-8.75008,0.64933,3.0202,2.9683,30.11,0.0012,0.3,normal
7.18,-21.09847,-19.76881,-1.32966,-7.95456,-8.62844,0.67388,3.018,3.0,30.13,0.00717,0.3,normal
7.19,-21.42256,-20.10113,-1.32144,-7.80929,-8.50212,0.69283,2.9924,3.0,29.84,0.00702,0.3,normal
7.2,-21.74805,-20.45701,-1.29104,-7.66493,-8.38757,0.72265,2.9926,3.0,29.85,0.00238,0.3,normal
7.21,-22.07488,-20.80114,-1.27374,-7.52147,-8.27034,0.74887,2.9917,2.9902,29.77,0.00317,0.3,normal
7.22,-22.40299,-21.15089,-1.25209,-7.37892,-8.16488,0.78596,2.988,3.0,29.82,0.00228,0.3,normal
7.23,-22.7323,-21.49093,-1.24136,-7.23727,-8.05158,0.8143,2.9967,2.9906,29.65,0.00118,0.3,normal
7.24,-23.06274,-21.83215,-1.23059,-7.09652,-7.94414,0.84762,2.9969,3.0,29.66,0.00326,0.3,normal
7.25,-23.39426,-22.16114,-1.23312,-6.95667,-7.83149,0.87482,2.9903,2.9814,29.63,0.00241,0.3,normal
7.26,-23.72679,-22.49062,-1.23617,-6.81772,-7.72594,0.90822,3.0006,3.0,30.06,0.00699,0.3,normal
7.27,-24.06025,-22.80777,-1.25247,-6.67965,-7.59792,0.91827,2.9912,2.9921,29.67,0.00766,0.3,normal
7.28,-24.39457,-23.12636,-1.26821,-6.54246,-7.44126,0.8988,3.0144,3.0,30.21,0.00403,0.3,normal
7.29,-24.72969,-23.43097,-1.29872,-6.40616,-7.2826,0.87644,3.0066,3.0,29.81,0.00242,0.3,normal
7.3,-25.06552,-23.73409,-1.33143,-6.27072,-7.13237,0.86164,2.987,2.9956,30.19,0.00307,0.3,normal
7.31,-25.40201,-24.04525,-1.35677,-6.13616,-6.97875,0.84259,2.974,3.0,29.88,0.0046,0.3,normal
7.32,-25.73908,-24.36447,-1.37462,-6.00246,-6.83941,0.83695,3.0107,2.9922,29.71,0.00848,0.3,normal
7.33,-26.07666,-24.70654,-1.37012,-5.86962,-6.69988,0.83026,3.0126,2.9975,30.15,0.00991,0.3,normal
7.34,-26.41466,-25.09936,-1.3153,-5.73762,-6.57162,0.834,3.0028,3.0,30.17,0.00449,0.3,normal
7.35,-26.75303,-25.48309,-1.26993,-5.60647,-6.44527,0.83881,2.9745,3.0,29.83,0.0023,0.3,normal
7.36,-27.09167,-25.8688,-1.22287,-5.47614,-6.33028,0.85413,2.996,2.9856,29.93,0.00247,0.3,normal
7.37,-27.43053,-26.24432,-1.18621,-5.34665,-6.21242,0.86577,3.0286,2.9943,29.85,0.00746,0.3,normal
7.38,-27.76951,-26.62405,-1.14546,-5.21797,-6.05587,0.8379,3.014,2.9933,29.98,0.00515,0.3,normal
7.39,-28.10856,-26.99192,-1.11664,-5.09009,-5.89273,0.80264,3.0167,2.9949,30.02,0.00327,0.3,normal
7.4,-28.44758,-27.3606,-1.08699,-4.96302,-5.74122,0.7782,2.9854,2.9981,29.96,0.00342,0.3,normal
7.41,-28.78651,-27.71587,-1.07064,-4.83673,-5.586,0.74927,2.983,3.0,29.75,0.00236,0.3,normal
7.42,-29.12527,-28.07086,-1.05441,-4.71122,-5.43903,0.72781,3.0025,3.0,29.94,0.00247,0.3,normal
7.43,-29.46377,-28.41482,-1.04895,-4.58648,-5.28986,0.70338,3.0171,3.0,30.14,0.00377,0.3,normal
7.44,-29.80195,-28.76212,-1.03984,-4.46249,-5.15419,0.6917,2.9803,2.9911,30.01,0.00222,0.3,normal
7.45,-30.13973,-29.09828,-1.04145,-4.33925,-5.01488,0.67563,3.0015,3.0,30.0,0.00192,0.3,normal
7.46,-30.47702,-29.4359,-1.04112,-4.21674,-4.8872,0.67046,3.0226,3.0,29.92,0.00303,0.3,normal
7.47,-30.81375,-29.76332,-1.05043,-4.09496,-4.75825,0.6633,3.0197,2.9902,29.98,0.00271,0.3,normal
7.48,-31.14985,-30.09459,-1.05525,-3.97388,-4.64008,0.6662,2.9825,3.0,30.29,0.00232,0.3,normal
7.49,-31.48522,-30.41667,-1.06856,-3.8535,-4.52055,0.66705,3.0133,3.0,29.91,0.00312,0.3,normal
7.5,-31.81981,-30.73844,-1.08136,-3.73381,-4.4105,0.67669,3.0105,2.9904,30.2,0.00269,0.3,normal
7.51,-32.15352,-31.05047,-1.10304,-3.61478,-4.29712,0.68234,3.0149,2.9868,30.11,0.00176,0.3,normal
7.52,-32.48628,-31.36095,-1.12533,-3.49641,-4.19094,0.69452,3.0086,3.0,30.14,0.00282,0.3,normal
7.53,-32.81801,-31.65985,-1.15816,-3.37869,-4.0776,0.69892,3.0186,3.0,30.0,0.00189,0.3,normal
7.54,-33.14863,-31.96149,-1.18714,-3.26159,-3.9723,0.7107,3.0133,3.0,30.07,0.00076,0.3,normal
7.55,-33.47807,-32.25123,-1.22685,-3.14511,-3.86199,0.71688,3.0067,3.0,30.13,0.00254,0.3,normal
7.56,-33.80625,-32.54406,-1.2622,-3.02923,-3.75645,0.72722,3.016,3.0,30.06,0.00339,0.3,normal
7.57,-34.13309,-32.82293,-1.31017,-2.91394,-3.64437,0.73043,2.9649,3.0,30.19,0.00154,0.3,normal
7.58,-34.45852,-33.10161,-1.35691,-2.79922,-3.53694,0.73772,2.9989,3.0,30.22,0.00527,0.3,normal
7.59,-34.78245,-33.39852,-1.38393,-2.68505,-3.42303,0.73799,2.9953,2.9878,30.48,0.00587,0.3,normal
7.6,-35.10481,-33.71704,-1.38777,-2.57141,-3.31629,0.74488,2.9766,3.0,30.2,0.00307,0.3,normal
7.61,-35.42553,-34.02628,-1.39924,-2.4583,-3.1833,0.72499,3.0129,2.9873,29.88,0.00476,0.3,normal
7.62,-35.74452,-34.338,-1.40652,-2.3457,-3.05019,0.70449,3.0114,3.0,30.35,0.00309,0.3,normal
7.63,-36.06171,-34.63932,-1.42239,-2.23359,-2.91301,0.67942,3.0149,3.0,30.15,0.00164,0.3,normal
7.64,-36.37703,-34.94325,-1.43378,-2.12195,-2.78843,0.66648,2.9939,3.0,30.49,0.00405,0.3,normal
7.65,-36.6904,-35.26306,-1.42734,-2.01077,-2.6585,0.64773,3.0132,2.9912,30.42,0.00523,0.3,normal
7.66,-37.00175,-35.59318,-1.40857,-1.90003,-2.53301,0.63299,2.9961,2.9811,30.13,0.00271,0.3,normal
7.67,-37.31101,-35.90909,-1.40192,-1.78971,-2.40513,0.61543,3.011,3.0,30.32,0.00307,0.3,normal
7.68,-37.61809,-36.22643,-1.39166,-1.67979,-2.29033,0.61054,2.9945,2.9909,30.13,0.00346,0.3,normal
7.69,-37.92293,-36.53156,-1.39137,-1.57026,-2.17308,0.60282,2.9983,3.0,30.23,0.00178,0.3,normal
7.7,-38.22546,-36.83759,-1.38787,-1.4611,-2.06514,0.60403,3.002,2.9787,30.34,0.00385,0.3,normal
7.71,-38.5256,-37.14666,-1.37895,-1.3523,-1.95199,0.59969,3.001,3.0,30.41,0.00374,0.3,normal
7.72,-38.82329,-37.47761,-1.34568,-1.24382,-1.84475,0.60093,3.0136,2.9974,30.39,0.00171,0.3,normal
7.73,-39.11844,-37.79619,-1.32226,-1.13566,-1.7315,0.59584,3.0035,2.9985,30.27,0.00165,0.3,normal
7.74,-39.411,-38.11446,-1.29655,-1.0278,-1.62427,0.59647,3.0212,2.9663,30.64,0.00247,0.3,normal
7.75,-39.7009,-38.42295,-1.27795,-0.92021,-1.51201,0.5918,3.0119,2.9977,30.22,0.00152,0.3,normal
7.76,-39.98806,-38.73306,-1.255,-0.81289,-1.40823,0.59534,3.002,2.9843,30.04,0.00151,0.3,normal
7.77,-40.27242,-39.03198,-1.24045,-0.70581,-1.29897,0.59316,3.0162,2.9846,30.08,0.00321,0.3,normal
7.78,-40.55392,-39.33433,-1.21959,-0.59894,-1.19827,0.59933,2.9781,2.9606,30.52,0.00243,0.3,normal
7.79,-40.83248,-39.62392,-1.20856,-0.49228,-1.08966,0.59738,2.9904,2.9757,30.29,0.00196,0.3,normal
7.8,-41.10805,-39.91266,-1.19539,-0.38581,-0.98628,0.60047,2.9893,2.9927,30.33,0.00346,0.3,normal
7.81,-41.38055,-40.18958,-1.19097,-0.2795,-0.87746,0.59796,3.0104,2.986,30.24,0.00193,0.3,normal
7.82,-41.64993,-40.46941,-1.18052,-0.17333,-0.77406,0.60073,3.0013,3.0,30.26,0.00071,0.3,normal
7.83,-41.91613,-40.74005,-1.17608,-0.06729,-0.66602,0.59872,3.0009,2.981,30.21,0.00264,0.3,normal
7.84,-42.17908,-41.01424,-1.16483,0.03864,-0.56195,0.60058,3.0088,3.0,30.41,0.00258,0.3,normal
7.85,-42.43872,-41.27672,-1.16201,0.14448,-0.45296,0.59745,3.0005,3.0,30.33,0.00139,0.3,normal
7.86,-42.695,-41.54027,-1.15473,0.25026,-0.35201,0.60227,2.965,2.9852,30.42,0.00513,0.3,normal
7.87,-42.94786,-41.80858,-1.13928,0.35599,-0.24541,0.60139,3.0071,3.0,30.41,0.00421,0.3,normal
7.88,-43.19724,-42.10335,-1.09389,0.46168,-0.14555,0.60724,3.0136,2.9903,30.3,0.00124,0.3,normal
7.89,-43.44308,-42.38599,-1.05709,0.56737,-0.03992,0.60729,2.9974,2.9809,30.15,0.00664,0.3,normal
7.9,-43.68533,-42.67061,-1.01472,0.67307,0.06098,0.61208,3.0056,2.3458,30.15,0.0063,0.3,normal
7.91,-43.92395,-42.94381,-0.98014,0.77879,0.20371,0.57508,3.0184,3.0,30.84,0.00163,0.3,normal
7.92,-44.15886,-43.22133,-0.93753,0.88456,0.33586,0.54871,2.9724,2.9933,30.61,0.00309,0.3,normal
7.93,-44.39003,-43.48655,-0.90349,0.9904,0.46961,0.52079,2.9939,3.0,30.6,0.00339,0.3,normal
7.94,-44.61741,-43.75497,-0.86244,1.09633,0.59381,0.50252,3.0076,2.9796,30.3,0.00143,0.3,normal
7.95,-44.84094,-44.01213,-0.82881,1.20236,0.72014,0.48222,3.0186,3.0,30.41,0.00276,0.3,normal
7.96,-45.06059,-44.2702,-0.79038,1.30852,0.83574,0.47277,3.0104,3.0,30.3,0.0037,0.3,normal
7.97,-45.27629,-44.51946,-0.75683,1.41482,0.95352,0.46129,3.0238,3.0,30.23,0.00167,0.3,normal
7.98,-45.48801,-44.77069,-0.71732,1.52128,1.06039,0.46089,2.9835,3.0,30.34,0.00304,0.3,normal
7.99,-45.69571,-45.00865,-0.68707,1.62793,1.17177,0.45616,3.0058,3.0,30.64,0.00258,0.3,normal
8.0,-45.89935,-45.24977,-0.64958,1.73478,1.27771,0.45707,2.9911,3.0,30.57,0.00189,0.3,normal
8.01,-46.09887,-45.47836,-0.62051,1.84184,1.38967,0.45217,2.9889,2.9911,30.3,0.00192,0.3,normal
8.02,-46.29425,-45.70842,-0.58583,1.94915,1.49487,0.45428,2.9894,2.9962,30.41,0.00326,0.3,normal
8.03,-46.48544,-45.92599,-0.55945,2.05671,1.60466,0.45205,2.9936,2.9987,30.57,0.00196,0.3,normal
8.04,-46.67242,-46.14412,-0.5283,2.16455,1.70545,0.4591,2.9934,2.9901,30.38,0.00204,0.3,normal
8.05,-46.85513,-46.35207,-0.50306,2.27268,1.81164,0.46104,2.9654,2.9789,30.49,0.00338,0.3,normal
8.06,-47.03356,-46.56015,-0.47341,2.38113,1.91141,0.46971,2.997,3.0,30.54,0.00198,0.3,normal
8.07,-47.20767,-46.7549,-0.45277,2.4899,2.01478,0.47512,2.997,3.0,30.54,0.00211,0.3,normal
8.08,-47.37742,-46.95106,-0.42636,2.59902,2.11167,0.48736,2.9962,2.9891,30.53,0.0034,0.3,normal
8.09,-47.54279,-47.13564,-0.40715,2.70851,2.21344,0.49507,3.01,3.0,30.4,0.00162,0.3,normal
8.1,-47.70375,-47.32076,-0.38298,2.81838,2.30819,0.51018,3.0058,2.9835,30.42,0.00112,0.3,normal
8.11,-47.86027,-47.49684,-0.36343,2.92865,2.41133,0.51732,2.9795,2.9805,30.34,0.00372,0.3,normal
8.12,-48.01233,-47.67395,-0.33838,3.03933,2.50591,0.53342,2.9962,2.9909,30.28,0.00197,0.3,normal
8.13,-48.15991,-47.84078,-0.31913,3.15045,2.60585,0.5446,3.0214,3.0,30.5,0.00837,0.3,normal
8.14,-48.30298,-47.96568,-0.3373,3.26203,2.69638,0.56564,2.9904,3.0,30.65,0.00955,0.3,normal
8.15,-48.44152,-48.05933,-0.38219,3.37406,2.79189,0.58218,2.9722,3.0,30.32,0.00438,0.3,normal
8.16,-48.57552,-48.15905,-0.41646,3.48659,2.88183,0.60476,2.9943,2.5317,30.57,0.00356,0.3,normal
8.17,-48.70495,-48.25253,-0.45241,3.59961,3.00932,0.59029,2.984,2.9882,30.65,0.00302,0.3,normal
8.18,-48.8298,-48.34998,-0.47982,3.71315,3.13002,0.58313,3.0008,2.9886,30.26,0.00178,0.3,normal
8.19,-48.95007,-48.44384,-0.50622,3.82722,3.25033,0.57689,2.9984,2.9827,30.5,0.00129,0.3,normal
8.2,-49.06572,-48.54409,-0.52163,3.94183,3.35941,0.58242,3.0181,3.0,30.79,0.00211,0.3,normal
8.21,-49.17676,-48.63718,-0.53958,4.05701,3.47228,0.58472,2.97,2.987,30.63,0.00182,0.3,normal
8.22,-49.28317,-48.73561,-0.54756,4.17276,3.57863,0.59413,3.011,3.0,30.28,0.0008,0.3,normal
8.23,-49.38495,-48.82501,-0.55994,4.2891,3.69056,0.59855,3.0097,3.0,30.66,0.00244,0.3,normal
8.24,-49.48209,-48.91616,-0.56593,4.40605,3.79435,0.6117,2.9922,3.0,30.45,0.00229,0.3,normal
8.25,-49.57458,-48.99943,-0.57515,4.52362,3.90131,0.62231,3.005,2.9774,30.67,0.00063,0.3,normal
8.26,-49.66242,-49.09214,-0.57028,4.64182,4.00511,0.6367,3.0039,3.0,30.47,0.00184,0.3,normal
8.27,-49.74561,-49.18247,-0.56315,4.76066,4.11381,0.64685,2.996,3.0,30.57,0.00567,0.3,normal
8.28,-49.82416,-49.28168,-0.54247,4.88016,4.25036,0.6298,2.9849,3.0,30.5,0.00362,0.3,normal
8.29,-49.89805,-49.37325,-0.5248,5.00034,4.39141,0.60893,3.0318,2.9855,30.59,0.00213,0.3,normal
8.3,-49.96729,-49.47189,-0.4954,5.12119,4.52245,0.59875,3.0113,3.0,30.5,0.0028,0.3,normal
8.31,-50.0319,-49.56492,-0.46698,5.24275,4.65908,0.58367,3.0013,2.9801,30.56,0.00075,0.3,normal
8.32,-50.09187,-49.66409,-0.42778,5.36501,4.78744,0.57756,3.0142,2.9986,30.42,0.00207,0.3,normal
8.33,-50.14721,-49.75597,-0.39124,5.48799,4.91857,0.56942,2.9989,2.9878,30.68,0.00336,0.3,normal
8.34,-50.19793,-49.85283,-0.3451,5.61169,5.03955,0.57214,3.0074,3.0,30.63,0.00171,0.3,normal
8.35,-50.24405,-49.94257,-0.30148,5.73614,5.15959,0.57655,3.0041,3.0,30.37,0.00242,0.3,normal
8.36,-50.28557,-50.04007,-0.2455,5.86134,5.26965,0.59169,2.9978,3.0,30.76,0.00269,0.3,normal
8.37,-50.32251,-50.12903,-0.19347,5.9873,5.38383,0.60347,3.0261,3.0,30.59,0.00076,0.3,normal
8.38,-50.35488,-50.2251,-0.12978,6.11403,5.49082,0.62321,3.035,2.9939,30.65,0.00064,0.3,normal
8.39,-50.3827,-50.31484,-0.06786,6.24154,5.60344,0.63809,3.0038,2.9713,30.74,0.00219,0.3,normal
8.4,-50.406,-50.41284,0.00685,6.36983,5.71029,0.65954,3.007,2.9684,30.68,0.01084,0.3,normal
8.41,-50.42478,-50.45549,0.03071,6.49892,5.83233,0.66659,3.004,3.0,30.81,0.0105,0.3,normal
8.42,-50.43907,-50.48187,0.0428,6.62882,5.9669,0.66192,2.987,3.0,30.59,0.00311,0.3,normal
8.43,-50.4489,-50.49896,0.05006,6.75952,6.10213,0.65739,2.9995,2.9988,30.8,0.00159,0.3,normal
8.44,-50.45428,-50.52054,0.06626,6.89105,6.22862,0.66242,3.0095,3.0,30.66,0.00241,0.3,normal
8.45,-50.45525,-50.5339,0.07865,7.0234,6.35544,0.66796,2.9922,2.9899,30.72,0.00278,0.3,normal
8.46,-50.45183,-50.55032,0.09849,7.15658,6.47198,0.6846,2.9966,2.9966,30.71,0.00505,0.3,normal
8.47,-50.44405,-50.5602,0.11615,7.2906,6.61682,0.67378,2.9914,3.0,30.84,0.004,0.3,normal
8.48,-50.43194,-50.57716,0.14522,7.42546,6.77667,0.6488,3.0061,3.0,30.76,0.00299,0.3,normal
8.49,-50.41554,-50.58726,0.17172,7.56117,6.93558,0.62559,2.9885,3.0,30.59,0.00255,0.3,normal
8.5,-50.39487,-50.6031,0.20823,7.69774,7.08507,0.61267,2.9805,3.0,30.57,0.00156,0.3,normal
8.51,-50.36996,-50.61378,0.24382,7.83516,7.23383,0.60133,3.0002,3.0,30.66,0.00845,0.3,normal
8.52,-50.34087,-50.60302,0.26215,7.97344,7.37017,0.60327,2.997,3.0,30.55,0.00762,0.3,normal
8.53,-50.30761,-50.56062,0.25301,8.11259,7.50661,0.60597,2.9942,2.9828,30.51,0.00099,0.3,normal
8.54,-50.27024,-50.52571,0.25547,8.2526,7.63339,0.61921,3.0041,3.0,30.35,0.00201,0.3,normal
8.55,-50.22878,-50.48446,0.25568,8.39348,7.76441,0.62907,2.996,3.0,30.44,0.0029,0.3,normal
8.56,-50.18329,-50.45387,0.27058,8.53523,7.88768,0.64755,2.9973,2.9832,30.97,0.0011,0.3,normal
8.57,-50.1338,-50.41767,0.28387,8.67786,8.01485,0.66301,3.009,2.9931,30.58,0.00236,0.3,normal
8.58,-50.08036,-50.38919,0.30883,8.82136,8.13222,0.68914,2.9853,2.9867,30.97,0.00213,0.3,normal
8.59,-50.02301,-50.35435,0.33134,8.96574,8.25329,0.71245,3.0069,2.997,30.74,0.01185,0.3,normal
8.6,-49.9618,-50.3262,0.3644,9.11098,8.45187,0.65911,3.0009,2.9883,30.68,0.01411,0.3,normal
8.61,-49.89678,-50.28431,0.38754,9.25711,8.68714,0.56997,2.9945,2.9996,30.47,0.00453,0.3,normal
8.62,-49.82798,-50.24015,0.41217,9.40411,8.91106,0.49305,3.0185,3.0,30.69,0.00501,0.3,normal
8.63,-49.75548,-50.17827,0.42279,9.55197,9.13796,0.41402,2.9944,2.9912,30.98,0.0059,0.3,normal
8.64,-49.6793,-50.092,0.4127,9.70071,9.35376,0.34695,3.0099,3.0,30.93,0.00482,0.3,normal
8.65,-49.59952,-50.00094,0.40142,9.85032,9.567,0.28332,3.0066,2.9842,30.74,0.00356,0.3,normal
8.66,-49.51617,-49.9178,0.40163,10.0008,9.75607,0.24472,2.9872,2.987,30.53,0.0054,0.3,normal
8.67,-49.42931,-49.83087,0.40156,10.15213,9.93502,0.21711,2.9789,3.0,30.56,0.0062,0.3,normal
8.68,-49.339,-49.7497,0.4107,10.30433,10.0844,0.21992,2.9933,2.9838,30.58,0.00085,0.3,normal
8.69,-49.2453,-49.66371,0.41841,10.45738,10.23778,0.21959,2.9894,2.9926,30.9,0.00104,0.3,normal
8.7,-49.14826,-49.58791,0.43965,10.61128,10.38468,0.2266,2.993,3.0,30.95,0.00243,0.3,normal
8.71,-49.04793,-49.50519,0.45726,10.76602,10.53526,0.23076,3.0059,2.9848,30.74,0.00095,0.3,normal
8.72,-48.94439,-49.42728,0.48289,10.9216,10.678,0.2436,3.0133,2.9808,30.67,0.00212,0.3,normal
8.73,-48.83768,-49.33933,0.50165,11.07802,10.82357,0.25445,3.0157,3.0,30.95,0.00387,0.3,normal
8.74,-48.72787,-49.25753,0.52966,11.23526,10.95563,0.27964,2.9748,2.9998,30.57,0.00243,0.3,normal
8.75,-48.61502,-49.16375,0.54873,11.39333,11.08963,0.3037,2.993,2.9937,30.73,0.0078,0.3,normal
8.76,-48.49919,-49.03435,0.53515,11.5522,11.21267,0.33953,2.9935,2.999,30.79,0.00853,0.3,normal
8.77,-48.38045,-48.8844,0.50395,11.71188,11.33884,0.37304,3.0036,2.9928,30.59,0.00247,0.3,normal
8.78,-48.25886,-48.74738,0.48853,11.87236,11.45695,0.41541,2.9877,3.0,30.63,0.00179,0.3,normal
8.79,-48.13448,-48.60621,0.47173,12.03362,11.57496,0.45867,2.9881,2.9781,30.62,0.00271,0.3,normal
8.8,-48.00738,-48.47329,0.46591,12.19566,11.68718,0.50848,2.9783,3.0,30.94,0.00148,0.3,normal
8.81,-47.87763,-48.33927,0.46165,12.35847,11.80499,0.55349,2.976,2.9997,31.02,0.00116,0.3,normal
8.82,-47.74528,-48.21779,0.47251,12.52204,11.91742,0.60462,2.9829,2.9908,30.75,0.00221,0.3,normal
8.83,-47.61042,-48.0914,0.48097,12.68635,12.0335,0.65285,2.9793,2.9828,30.69,0.00236,0.3,normal
8.84,-47.47311,-47.97276,0.49965,12.8514,12.13818,0.71322,2.9888,2.9783,30.64,0.00124,0.3,normal
8.85,-47.33342,-47.85218,0.51877,13.01717,12.24852,0.76865,3.0082,3.0,30.74,0.0034,0.3,normal
8.86,-47.19141,-47.74364,0.55223,13.18365,12.35019,0.83346,2.9948,3.0,30.65,0.00318,0.3,normal
8.87,-47.04715,-47.63532,0.58817,13.35083,12.45497,0.89586,2.9927,2.9737,30.72,0.00413,0.3,normal
8.88,-46.90072,-47.52072,0.62,13.5187,12.56263,0.95607,3.0019,2.9967,30.8,0.01656,0.3,normal
8.89,-46.75219,-47.36917,0.61698,13.68724,12.6959,0.99134,2.9922,2.9943,30.68,0.01137,0.3,normal
8.9,-46.60162,-47.15541,0.55378,13.85643,12.81951,1.03693,2.994,2.9919,30.72,0.01133,0.3,normal
8.91,-46.44909,-46.93987,0.49078,14.02627,13.04695,0.97932,2.9788,2.9815,30.72,0.01306,0.3,normal
8.92,-46.29468,-46.73269,0.43801,14.19674,13.27498,0.92176,2.9849,2.9897,30.71,0.00327,0.3,normal
8.93,-46.13844,-46.5221,0.38366,14.36782,13.50752,0.8603,3.0005,3.0,30.69,0.00152,0.3,normal
8.94,-45.98046,-46.3239,0.34344,14.53949,13.7298,0.8097,3.0022,2.9916,30.88,0.00293,0.3,normal
8.95,-45.82081,-46.12368,0.30287,14.71175,13.95565,0.7561,3.0074,3.0,30.5,0.01149,0.3,normal
8.96,-45.65955,-46.01571,0.35616,14.88457,14.16933,0.71524,2.9885,2.9886,31.01,0.00899,0.3,normal
8.97,-45.49677,-45.90553,0.40876,15.05793,14.38862,0.66931,3.0169,3.0,30.79,0.0021,0.3,normal
8.98,-45.33254,-45.80526,0.47273,15.23183,14.59876,0.63307,2.9969,2.965,30.87,0.00257,0.3,normal
8.99,-45.16692,-45.7011,0.53418,15.40623,14.81335,0.59288,2.9899,2.9916,30.89,0.00151,0.3,normal
9.0,-45.0,-45.60806,0.60806,15.58113,15.01702,0.5641,3.0033,2.995,30.67,0.00941,0.3,normal
9.01,-44.83184,-45.48445,0.6526,15.75649,15.22126,0.53524,2.9982,3.0,30.64,0.01151,0.3,normal
9.02,-44.66253,-45.31708,0.65456,15.93232,15.41297,0.51935,2.9739,3.0,30.63,0.00298,0.3,normal
9.03,-44.49212,-45.14948,0.65735,16.10857,15.60227,0.5063,2.9915,3.0,30.75,0.00342,0.3,normal
9.04,-44.32071,-44.99564,0.67493,16.28524,15.77985,0.5054,3.0,3.0,30.9,0.00385,0.3,normal
9.05,-44.14835,-44.84126,0.69291,16.4623,15.96113,0.50117,3.0049,3.0,30.71,0.00209,0.3,normal
9.06,-43.97513,-44.69814,0.72301,16.63974,16.13273,0.507,3.0109,2.9829,30.89,0.0015,0.3,normal
9.07,-43.80111,-44.55125,0.75013,16.81752,16.30959,0.50793,3.0112,2.9955,30.44,0.00354,0.3,normal
9.08,-43.62638,-44.41026,0.78388,16.99563,16.47637,0.51926,3.0273,2.987,30.74,0.00171,0.3,normal
9.09,-43.45099,-44.25539,0.8044,17.17405,16.65135,0.5227,2.9945,2.9797,30.98,0.00866,0.3,normal
9.1,-43.27504,-44.04883,0.77379,17.35275,16.8164,0.53635,3.0026,2.9895,30.78,0.01147,0.3,normal
9.11,-43.09857,-43.81209,0.71352,17.53171,16.98213,0.54959,2.9663,3.0,30.69,0.00218,0.3,normal
9.12,-42.92168,-43.58375,0.66206,17.71091,17.13687,0.57405,3.0061,3.0,30.72,0.0018,0.3,normal
9.13,-42.74443,-43.35499,0.61055,17.89033,17.29143,0.5989,2.9736,2.9717,30.36,0.00426,0.3,normal
9.14,-42.5669,-43.13504,0.56815,18.06993,17.43414,0.63579,2.999,2.9991,30.67,0.00336,0.3,normal
9.15,-42.38914,-42.91352,0.52437,18.2497,17.57531,0.67439,2.9925,3.0,30.98,0.00214,0.3,normal
9.16,-42.21125,-42.70212,0.49088,18.42961,17.70672,0.72289,3.0073,2.9975,30.74,0.00355,0.3,normal
9.17,-42.03327,-42.48868,0.45541,18.60963,17.8412,0.76843,3.0229,3.0,30.76,0.00304,0.3,normal
9.18,-41.85529,-42.28805,0.43276,18.78975,17.96623,0.82352,2.9844,2.9956,30.48,0.00158,0.3,normal
9.19,-41.67738,-42.08555,0.40817,18.96992,18.0897,0.88023,2.9988,2.9904,30.59,0.00431,0.3,normal
9.2,-41.49959,-41.89486,0.39527,19.15014,18.20105,0.94909,2.9837,2.9938,31.02,0.00371,0.3,normal
9.21,-41.32201,-41.7039,0.38189,19.33037,18.31485,1.01552,3.0196,3.0,30.93,0.0013,0.3,normal
9.22,-41.14469,-41.52728,0.38259,19.51058,18.42039,1.0902,3.007,2.9749,30.65,0.00811,0.3,normal
9.23,-40.96771,-41.35036,0.38265,19.69075,18.54689,1.14386,3.0116,2.9994,30.75,0.00722,0.3,normal
9.24,-40.79113,-41.18527,0.39413,19.87086,18.70147,1.16939,3.0048,3.0,30.85,0.00273,0.3,normal
9.25,-40.61502,-41.02044,0.40542,20.05086,18.85422,1.19664,3.0092,2.977,30.67,0.00374,0.3,normal
9.26,-40.43944,-40.86709,0.42765,20.23074,18.99515,1.23559,2.9941,3.0,30.55,0.00751,0.3,normal
9.27,-40.26445,-40.71259,0.44814,20.41047,19.15989,1.25058,3.0009,2.9953,30.83,0.00637,0.3,normal
9.28,-40.09012,-40.56918,0.47906,20.59002,19.35159,1.23843,2.9875,2.9927,30.95,0.00221,0.3,normal
9.29,-39.91652,-40.42077,0.50425,20.76936,19.54596,1.22339,3.0024,3.0,30.95,0.00324,0.3,normal
9.3,-39.74369,-40.28014,0.53644,20.94846,19.72943,1.21903,3.018,3.0,31.0,0.001,0.3,normal
9.31,-39.57171,-40.13387,0.56215,21.12729,19.91257,1.21472,2.9846,3.0,30.64,0.00301,0.3,normal
9.32,-39.40064,-39.99761,0.59697,21.30582,20.08402,1.22181,2.9972,3.0,30.88,0.00315,0.3,normal
9.33,-39.23053,-39.85891,0.62838,21.48403,20.25782,1.22621,3.0064,2.9756,30.83,0.00168,0.3,normal
9.34,-39.06144,-39.73059,0.66915,21.66188,20.42434,1.23754,3.0107,2.999,30.86,0.0043,0.3,normal
9.35,-38.89343,-39.60244,0.70901,21.83935,20.60296,1.23639,3.0119,2.9928,30.85,0.00529,0.3,normal
9.36,-38.72655,-39.48501,0.75846,22.0164,20.79227,1.22412,2.9973,3.0,30.78,0.00205,0.3,normal
9.37,-38.56086,-39.3667,0.80584,22.193,20.98334,1.20966,3.0103,3.0,30.43,0.00673,0.3,normal
9.38,-38.39642,-39.21487,0.81845,22.36913,21.16461,1.20452,2.9955,3.0,31.06,0.00829,0.3,normal
9.39,-38.23328,-39.04019,0.80691,22.54475,21.35002,1.19473,2.9762,3.0,30.94,0.00203,0.3,normal
9.4,-38.07148,-38.87601,0.80453,22.71982,21.52597,1.19385,3.0117,3.0,30.67,0.00512,0.3,normal
9.41,-37.91109,-38.71134,0.80024,22.89433,21.7079,1.18643,2.9524,2.27,30.97,0.00733,0.3,normal
9.42,-37.75215,-38.55654,0.8044,23.06824,21.9278,1.14044,2.9897,3.0,30.83,0.00131,0.3,normal
9.43,-37.59471,-38.39511,0.8004,23.24152,22.14925,1.09227,3.0025,3.0,30.84,0.00121,0.3,normal
9.44,-37.43881,-38.24453,0.80572,23.41413,22.35987,1.05426,3.0081,3.0,30.79,0.00303,0.3,normal
9.45,-37.28451,-38.09166,0.80715,23.58605,22.57342,1.01263,2.9785,3.0,30.99,0.00308,0.3,normal
9.46,-37.13185,-37.9515,0.81965,23.75724,22.77682,0.98042,2.9932,2.9811,30.79,0.00214,0.3,normal
9.47,-36.98087,-37.81027,0.8294,23.92767,22.9845,0.94316,3.018,2.9914,30.75,0.00505,0.3,normal
9.48,-36.83162,-37.67045,0.83883,24.09731,23.18218,0.91513,2.9795,3.0,31.09,0.00384,0.3,normal
9.49,-36.68413,-37.51097,0.82683,24.26613,23.38254,0.88359,3.0146,3.0,30.89,0.00221,0.3,normal
9.5,-36.53846,-37.36384,0.82538,24.43409,23.57142,0.86267,2.9887,3.0,30.9,0.00372,0.3,normal
9.51,-36.39463,-37.21294,0.81831,24.60117,23.76104,0.84012,3.029,3.0,31.03,0.00481,0.3,normal
9.52,-36.25269,-37.07079,0.81811,24.76733,23.93935,0.82798,2.4121,2.9766,30.83,0.00419,0.3,normal
9.53,-36.11266,-36.89217,0.7795,24.93253,24.11916,0.81337,2.9885,3.0,30.86,0.0041,0.3,normal
9.54,-35.9746,-36.72349,0.74889,25.09676,24.28494,0.81181,2.9904,2.9907,30.98,0.00369,0.3,normal
9.55,-35.83852,-36.55227,0.71375,25.25997,24.45108,0.80889,2.999,2.9826,30.7,0.00105,0.3,normal
9.56,-35.70447,-36.39093,0.68646,25.42213,24.60928,0.81285,2.9993,2.9923,30.97,0.00304,0.3,normal
9.57,-35.57247,-36.22762,0.65515,25.58321,24.77238,0.81083,2.9701,2.9954,30.83,0.00341,0.3,normal
9.58,-35.44256,-36.07623,0.63367,25.74318,24.92375,0.81944,2.9769,3.0,31.07,0.00167,0.3,normal
9.59,-35.31476,-35.91873,0.60397,25.90201,25.07598,0.82603,2.9927,2.985,31.03,0.00285,0.3,normal
9.6,-35.18909,-35.77192,0.58283,26.05966,25.2176,0.84206,3.0173,3.0,31.01,0.00385,0.3,normal
9.61,-35.06559,-35.62392,0.55833,26.2161,25.36025,0.85584,2.9884,3.0,30.71,0.00124,0.3,normal
9.62,-34.94428,-35.48742,0.54315,26.37129,25.48983,0.88146,2.994,3.0,30.94,0.00352,0.3,normal
9.63,-34.82518,-35.3481,0.52293,26.52522,25.62243,0.9028,2.9994,3.0,30.78,0.00589,0.3,normal
9.64,-34.70831,-35.21859,0.51028,26.67784,25.7658,0.91204,3.0008,2.9882,30.95,0.00436,0.3,normal
9.65,-34.59369,-35.08567,0.49198,26.82913,25.93532,0.8938,3.0023,3.0,30.61,0.0029,0.3,normal
9.66,-34.48134,-34.96263,0.48129,26.97904,26.0896,0.88944,2.9829,3.0,30.73,0.00372,0.3,normal
9.67,-34.37127,-34.83555,0.46427,27.12756,26.24291,0.88465,2.9899,2.9866,31.14,0.00249,0.3,normal
9.68,-34.26351,-34.72067,0.45716,27.27464,26.38356,0.89107,3.0084,3.0,31.02,0.00303,0.3,normal
9.69,-34.15806,-34.60585,0.44779,27.42026,26.52425,0.896,2.9712,3.0,30.91,0.00266,0.3,normal
9.7,-34.05494,-34.50066,0.44572,27.56438,26.65518,0.90919,2.9741,2.8907,30.83,0.00158,0.3,normal
9.71,-33.95416,-34.39369,0.43952,27.70697,26.79672,0.91026,3.0217,2.9897,30.81,0.00295,0.3,normal
9.72,-33.85573,-34.29994,0.44421,27.84801,26.94384,0.90417,3.0131,3.0,31.0,0.00433,0.3,normal
9.73,-33.75965,-34.20167,0.44203,27.98746,27.09885,0.8886,2.9907,2.9945,30.92,0.00098,0.3,normal
9.74,-33.66593,-34.1121,0.44617,28.12528,27.24354,0.88174,3.0037,2.9977,31.21,0.00161,0.3,normal
9.75,-33.57458,-34.01761,0.44303,28.26146,27.39002,0.87144,3.0086,3.0,30.95,0.00322,0.3,normal
9.76,-33.4856,-33.92866,0.44307,28.39595,27.52576,0.87019,3.0164,2.9945,30.99,0.001,0.3,normal
9.77,-33.39898,-33.83406,0.43508,28.52874,27.66489,0.86384,3.013,2.997,30.77,0.00613,0.3,normal
9.78,-33.31474,-33.74619,0.43144,28.65977,27.82633,0.83344,2.9845,2.9803,30.93,0.00777,0.3,normal
9.79,-33.23287,-33.6564,0.42353,28.78904,28.02281,0.76623,3.0066,3.0,31.01,0.00167,0.3,normal
9.8,-33.15337,-33.57431,0.42093,28.91651,28.20944,0.70707,2.9994,2.9759,30.93,0.00048,0.3,normal
9.81,-33.07623,-33.48552,0.40929,29.04214,28.40051,0.64163,2.9929,2.9881,30.91,0.0029,0.3,normal
9.82,-33.00145,-33.40179,0.40034,29.16591,28.58012,0.58579,3.0227,3.0,31.04,0.00166,0.3,normal
9.83,-32.92901,-33.31181,0.3828,29.28779,28.76425,0.52355,2.9952,2.9946,31.22,0.00091,0.3,normal
9.84,-32.85892,-33.2275,0.36858,29.40775,28.93968,0.46808,3.0139,3.0,31.02,0.00276,0.3,normal
9.85,-32.79116,-33.13683,0.34567,29.52577,29.1181,0.40767,3.0203,2.9972,31.17,0.00143,0.3,normal
9.86,-32.72571,-33.05219,0.32648,29.6418,29.28746,0.35434,2.9924,3.0,31.09,0.00081,0.3,normal
9.87,-32.66258,-32.95915,0.29657,29.75583,29.45733,0.29851,3.0141,3.0,31.16,0.00297,0.3,normal
9.88,-32.60173,-32.87297,0.27124,29.86783,29.61522,0.25262,3.0068,2.9731,30.91,0.00332,0.3,normal
9.89,-32.54316,-32.77884,0.23568,29.97777,29.77495,0.20283,2.9946,2.994,30.97,0.0009,0.3,normal
9.9,-32.48684,-32.68795,0.2011,30.08562,29.92294,0.16268,3.0045,3.0,30.97,0.00263,0.3,normal
9.91,-32.43276,-32.5892,0.15644,30.19136,30.07546,0.1159,3.0126,3.0,31.09,0.00543,0.3,normal
9.92,-32.38091,-32.49738,0.11648,30.29496,30.20192,0.09304,3.0036,2.9668,31.13,0.00254,0.3,normal
9.93,-32.33124,-32.40008,0.06883,30.39639,30.32367,0.07272,2.9935,2.9866,31.03,0.00247,0.3,normal
9.94,-32.28375,-32.30874,0.02499,30.49562,30.43669,0.05894,2.9916,3.0,31.14,0.00274,0.3,normal
9.95,-32.23841,-32.21255,-0.02586,30.59264,30.55061,0.04203,3.0177,3.0,30.93,0.00653,0.3,normal
9.96,-32.19518,-32.14825,-0.04693,30.68741,30.65791,0.0295,2.9918,2.9725,31.15,0.01278,0.3,normal
9.97,-32.15406,-32.11513,-0.03892,30.77991,30.71613,0.06379,3.019,3.0,31.17,0.00837,0.3,normal
9.98,-32.11499,-32.08896,-0.02603,30.87012,30.76478,0.10534,2.9985,2.9857,31.12,0.00076,0.3,normal
9.99,-32.07796,-32.05519,-0.02277,30.95801,30.8204,0.13761,2.9928,2.9865,31.04,0.00212,0.3,normal
10.0,-32.04294,-32.02582,-0.01712,31.04356,30.87096,0.1726,2.9978,3.0,31.13,0.00265,0.3,normal
10.01,-32.00989,-31.98972,-0.02016,31.12674,30.9268,0.19994,3.0057,3.0,30.89,0.00068,0.3,normal
10.02,-31.97877,-31.95799,-0.02078,31.20753,30.97699,0.23054,2.9713,2.9801,31.06,0.0024,0.3,normal
10.03,-31.94955,-31.91787,-0.03168,31.28592,31.03627,0.24964,3.0238,3.0,31.08,0.00279,0.3,normal
10.04,-31.9222,-31.88667,-0.03553,31.36186,31.08766,0.2742,3.0049,3.0,30.84,0.00084,0.3,normal
10.05,-31.89667,-31.84781,-0.04886,31.43536,31.1426,0.29276,2.9786,2.9812,31.11,0.00063,0.3,normal
10.06,-31.87293,-31.81406,-0.05887,31.50637,31.18978,0.31659,2.9839,3.0,30.85,0.00237,0.3,normal
10.07,-31.85094,-31.77439,-0.07655,31.57489,31.24065,0.33424,2.99,3.0,30.98,0.00059,0.3,normal
10.08,-31.83065,-31.74183,-0.08882,31.64089,31.28291,0.35798,2.9942,3.0,31.05,0.00046,0.3,normal
10.09,-31.81202,-31.70326,-0.10877,31.70434,31.32993,0.37441,2.9994,3.0,30.94,0.00285,0.3,normal
10.1,-31.79502,-31.67461,-0.1204,31.76524,31.37255,0.39269,2.9942,2.9996,31.06,0.00175,0.3,normal
10.11,-31.77958,-31.63916,-0.14042,31.82357,31.41821,0.40536,3.0116,3.0,31.06,0.00067,0.3,normal
10.12,-31.76567,-31.61077,-0.1549,31.87929,31.45634,0.42295,3.0048,3.0,30.93,0.00298,0.3,normal
10.13,-31.75325,-31.58076,-0.17249,31.9324,31.50175,0.43065,3.01,3.0,31.15,0.00794,0.3,normal
10.14,-31.74225,-31.61096,-0.13129,31.98288,31.54229,0.44059,3.0054,2.9929,30.95,0.00712,0.3,normal
10.15,-31.73263,-31.64765,-0.08499,32.0307,31.58813,0.44257,3.0194,3.0,31.41,0.00193,0.3,normal
10.16,-31.72435,-31.6906,-0.03375,32.07586,31.62694,0.44892,2.992,3.0,31.06,0.00198,0.3,normal
10.17,-31.71735,-31.72747,0.01012,32.11833,31.66755,0.45078,2.9998,3.0,30.9,0.00117,0.3,normal
10.18,-31.71157,-31.77245,0.06088,32.15811,31.69828,0.45983,2.9886,3.0,30.93,0.00177,0.3,normal
10.19,-31.70697,-31.81251,0.10554,32.19517,31.73384,0.46133,3.0028,2.992,31.26,0.00232,0.3,normal
10.2,-31.70348,-31.85897,0.15549,32.22949,31.76642,0.46307,2.9887,3.0,31.03,0.00106,0.3,normal
10.21,-31.70106,-31.89775,0.19669,32.26108,31.81061,0.45047,3.0046,3.0,30.89,0.00197,0.3,normal
10.22,-31.69965,-31.94191,0.24226,32.2899,31.85073,0.43917,3.0021,3.0,31.22,0.00841,0.3,normal
10.23,-31.6992,-31.9205,0.2213,32.31595,31.89603,0.41992,2.9903,3.0,31.04,0.00647,0.3,normal
10.24,-31.69963,-31.89878,0.19915,32.33922,31.9358,0.40342,2.9969,3.0,31.2,0.00194,0.3,normal
10.25,-31.7009,-31.87263,0.17173,32.35969,31.98211,0.37758,3.0156,2.9968,31.24,0.00171,0.3,normal
10.26,-31.70295,-31.8526,0.14966,32.37735,32.0233,0.35405,2.9811,2.9935,31.15,0.00081,0.3,normal
10.27,-31.70571,-31.8267,0.121,32.39219,32.07462,0.31757,3.0012,2.9785,31.47,0.00224,0.3,normal
10.28,-31.70912,-31.80792,0.09879,32.4042,32.11834,0.28586,3.0051,3.0,30.85,0.00205,0.3,normal
10.29,-31.71313,-31.78489,0.07175,32.41336,32.16467,0.24869,3.0048,2.9844,30.99,0.00065,0.3,normal
10.3,-31.71768,-31.76897,0.0513,32.41968,32.20562,0.21406,3.013,3.0,31.08,0.00122,0.3,normal
10.31,-31.72268,-31.74778,0.02509,32.42313,32.2515,0.17163,3.0145,2.9988,31.46,0.00287,0.3,normal
10.32,-31.7281,-31.73367,0.00557,32.42372,32.29145,0.13227,2.9681,2.9864,31.4,0.00072,0.3,normal
10.33,-31.73386,-31.71237,-0.02148,32.42143,32.33674,0.08469,3.0218,3.0,31.32,0.00123,0.3,normal
10.34,-31.73989,-31.69794,-0.04195,32.41625,32.37691,0.03934,2.9981,2.9744,31.01,0.00236,0.3,normal
10.35,-31.74613,-31.67896,-0.06717,32.40818,32.42518,-0.01699,3.0121,3.0,31.03,0.00079,0.3,normal
10.36,-31.75252,-31.66848,-0.08404,32.39722,32.46733,-0.07011,3.0011,3.0,31.01,0.00124,0.3,normal
10.37,-31.75899,-31.65103,-0.10797,32.38335,32.51619,-0.13285,2.9912,3.0,31.02,0.00204,0.3,normal
10.38,-31.76548,-31.63721,-0.12827,32.36657,32.55783,-0.19126,3.0131,3.0,31.37,0.00028,0.3,normal
10.39,-31.77191,-31.61817,-0.15374,32.34688,32.60661,-0.25974,3.0091,2.9971,31.11,0.00115,0.3,normal
10.4,-31.77822,-31.60553,-0.17269,32.32427,32.65142,-0.32715,2.9908,2.9891,31.13,0.00325,0.3,normal
10.41,-31.78435,-31.58772,-0.19663,32.29874,32.68785,-0.38911,2.9889,3.0,31.27,0.01485,0.3,normal
10.42,-31.79022,-31.59147,-0.19874,32.27028,32.6778,-0.40752,2.9804,2.9871,30.91,0.01244,0.3,normal
10.43,-31.79577,-31.65649,-0.13928,32.2389,32.67451,-0.43561,3.013,3.0,31.17,0.00292,0.3,normal
10.44,-31.80092,-31.72605,-0.07487,32.20459,32.66797,-0.46338,3.002,2.9888,31.0,0.00074,0.3,normal
10.45,-31.80562,-31.79002,-0.0156,32.16736,32.66816,-0.50081,3.0085,3.0,31.13,0.00189,0.3,normal
10.46,-31.80979,-31.85816,0.04838,32.12719,32.65142,-0.52423,2.9818,3.0,31.09,0.004,0.3,normal
10.47,-31.81336,-31.91836,0.105,32.08409,32.63664,-0.55255,3.0124,2.9821,31.09,0.00357,0.3,normal
10.48,-31.81627,-31.98304,0.16677,32.03806,32.59767,-0.55961,3.0025,3.0,31.22,0.00732,0.3,normal
10.49,-31.81844,-31.99418,0.17574,31.98911,32.56492,-0.57581,2.9888,2.9918,31.22,0.00654,0.3,normal
10.5,-31.81981,-32.00782,0.18802,31.93723,32.52603,-0.58881,3.0038,3.0,31.16,0.0047,0.3,normal
10.51,-31.8203,-32.01904,0.19874,31.88242,32.46435,-0.58193,3.0071,3.0,31.26,0.003,0.3,normal
10.52,-31.81986,-32.03791,0.21805,31.82469,32.39489,-0.5702,2.9962,2.9997,31.07,0.00148,0.3,normal
10.53,-31.8184,-32.0507,0.2323,31.76405,32.33026,-0.56622,3.0386,2.9842,31.31,0.00147,0.3,normal
10.54,-31.81587,-32.07048,0.25461,31.70049,32.26066,-0.56017,2.9984,3.0,31.18,0.00076,0.3,normal
10.55,-31.81218,-32.08307,0.27088,31.63402,32.19854,-0.56452,3.003,2.9837,31.15,0.00282,0.3,normal
10.56,-31.80729,-32.09221,0.28492,31.56465,32.13271,-0.56806,2.9975,3.0,31.1,0.00509,0.3,normal
10.57,-31.8011,-32.0908,0.2897,31.49237,32.07285,-0.58047,2.565,2.9949,31.19,0.00351,0.3,normal
10.58,-31.79357,-32.07118,0.27761,31.41721,32.00755,-0.59034,2.9868,3.0,31.51,0.00216,0.3,normal
10.59,-31.78461,-32.04425,0.25963,31.33917,31.94563,-0.60647,3.0122,2.9686,31.23,0.00224,0.3,normal
10.6,-31.77417,-32.02477,0.2506,31.25824,31.87469,-0.61645,3.0332,2.9987,31.07,5e-05,0.3,normal
10.61,-31.76217,-32.00024,0.23806,31.17445,31.80794,-0.63349,2.9976,2.991,31.38,0.00358,0.3,normal
10.62,-31.74855,-31.9822,0.23365,31.08779,31.71435,-0.62656,2.9944,3.0,31.18,0.00445,0.3,normal
10.63,-31.73324,-31.95851,0.22526,30.99829,31.62432,-0.62603,2.9806,3.0,31.3,0.00027,0.3,normal
10.64,-31.71618,-31.93806,0.22188,30.90594,31.52783,-0.62189,2.9956,3.0,31.17,0.00139,0.3,normal
10.65,-31.6973,-31.91163,0.21433,30.81077,31.43454,-0.62377,2.9826,2.996,31.45,0.00242,0.3,normal
10.66,-31.67653,-31.89051,0.21398,30.71277,31.33441,-0.62164,3.0017,3.0,31.18,0.00098,0.3,normal
10.67,-31.65381,-31.86538,0.21157,30.61196,31.24061,-0.62864,3.0091,2.9847,31.48,0.00061,0.3,normal
10.68,-31.62908,-31.84674,0.21767,30.50836,31.13995,-0.63159,3.0113,3.0,31.12,0.00291,0.3,normal
10.69,-31.60226,-31.82361,0.22135,30.40197,31.04992,-0.64794,3.0256,3.0,31.23,0.00099,0.3,normal
10.7,-31.57331,-31.8057,0.23239,30.29282,30.95476,-0.66194,2.9854,2.9924,31.49,0.00218,0.3,normal
10.71,-31.54215,-31.7782,0.23605,30.1809,30.8647,-0.68379,3.0098,3.0,31.31,0.00307,0.3,normal
10.72,-31.50873,-31.75857,0.24984,30.06625,30.75921,-0.69296,2.998,3.0,31.63,0.00074,0.3,normal
10.73,-31.47298,-31.73332,0.26034,29.94886,30.66112,-0.71226,2.9937,3.0,31.26,0.00238,0.3,normal
10.74,-31.43485,-31.71185,0.277,29.82877,30.54205,-0.71328,3.0161,3.0,31.34,0.00365,0.3,normal
10.75,-31.39426,-31.68296,0.28869,29.70598,30.43349,-0.72751,3.0043,3.0,31.59,0.00479,0.3,normal
10.76,-31.35118,-31.65605,0.30488,29.5805,30.30224,-0.72174,2.9973,3.0,31.08,0.00386,0.3,normal
10.77,-31.30552,-31.61393,0.30841,29.45237,30.16882,-0.71646,3.0055,2.9967,31.07,0.0031,0.3,normal
10.78,-31.25725,-31.57879,0.32154,29.32159,30.03134,-0.70975,2.9856,3.0,31.2,0.00257,0.3,normal
10.79,-31.2063,-31.53543,0.32913,29.18818,29.90516,-0.71698,2.9647,2.9884,31.45,0.00165,0.3,normal
10.8,-31.15262,-31.49509,0.34248,29.05216,29.77925,-0.72709,3.0161,3.0,31.09,0.00768,0.3,normal
10.81,-31.09615,-31.40822,0.31207,28.91355,29.6654,-0.75185,3.0097,2.9802,31.42,0.00611,0.3,normal
10.82,-31.03683,-31.32205,0.28522,28.77237,29.53488,-0.76251,2.9976,2.9846,31.41,0.0024,0.3,normal
10.83,-30.97463,-31.23033,0.2557,28.62864,29.41078,-0.78213,2.9955,2.9765,31.64,0.00276,0.3,normal
10.84,-30.90948,-31.1435,0.23403,28.48239,29.27184,-0.78945,3.0072,2.9944,31.5,0.00734,0.3,normal
10.85,-30.84133,-31.04767,0.20634,28.33362,29.13123,-0.79761,2.9946,3.0,31.4,0.00623,0.3,normal
10.86,-30.77013,-30.95636,0.18623,28.18236,28.93355,-0.75119,2.9852,3.0,31.55,0.00263,0.3,normal
10.87,-30.69584,-30.85981,0.16398,28.02864,28.74536,-0.71672,3.0341,3.0,31.44,0.00177,0.3,normal
10.88,-30.6184,-30.76926,0.15086,27.87248,28.5553,-0.68282,3.0195,2.9963,31.29,0.00097,0.3,normal
10.89,-30.53778,-30.67178,0.134,27.7139,28.37918,-0.66529,3.008,3.0,31.19,0.00313,0.3,normal
10.9,-30.45392,-30.57962,0.12571,27.55292,28.20229,-0.64938,3.0102,2.9986,31.28,0.00216,0.3,normal
10.91,-30.36677,-30.48119,0.11442,27.38956,28.03571,-0.64614,3.0097,2.9996,31.37,0.00179,0.3,normal
10.92,-30.27631,-30.39011,0.1138,27.22386,27.86975,-0.64589,3.0184,3.0,31.4,0.00349,0.3,normal
10.93,-30.18248,-30.29545,0.11296,27.05584,27.71567,-0.65983,3.0031,2.9902,31.06,0.00234,0.3,normal
10.94,-30.08525,-30.20772,0.12247,26.88551,27.55641,-0.67089,3.0068,2.9917,31.35,0.00143,0.3,normal
10.95,-29.98457,-30.11515,0.13058,26.71292,27.40805,-0.69514,2.9995,3.0,31.39,0.00201,0.3,normal
10.96,-29.88041,-30.02763,0.14722,26.53807,27.25426,-0.71618,2.9788,2.9957,31.47,0.00238,0.3,normal
10.97,-29.77273,-29.93561,0.16288,26.36101,27.11196,-0.75096,3.0084,3.0,31.64,0.00044,0.3,normal
10.98,-29.66149,-29.85217,0.19068,26.18175,26.96705,-0.7853,2.984,3.0,31.43,0.00225,0.3,normal
10.99,-29.54666,-29.76532,0.21866,26.00033,26.82985,-0.82952,2.9741,2.9989,31.27,0.00302,0.3,normal
11.0,-29.4282,-29.68513,0.25692,25.81676,26.69329,-0.87653,3.004,3.0,31.13,0.00606,0.3,normal
11.01,-29.30609,-29.5988,0.2927,25.63109,26.51348,-0.88239,3.017,3.0,31.51,0.00651,0.3,normal
11.02,-29.1803,-29.51826,0.33796,25.44333,26.31828,-0.87495,3.0194,2.9754,31.29,0.00223,0.3,normal
11.03,-29.05079,-29.43254,0.38175,25.25352,26.13157,-0.87806,2.991,2.9985,31.55,0.00067,0.3,normal
11.04,-28.91753,-29.35194,0.43441,25.06168,25.94029,-0.87861,2.9997,3.0,31.63,0.00152,0.3,normal
11.05,-28.78051,-29.26441,0.4839,24.86785,25.75775,-0.8899,3.0024,2.9892,31.2,0.00269,0.3,normal
11.06,-28.63969,-29.18304,0.54335,24.67205,25.57468,-0.90263,3.005,2.991,31.52,0.00088,0.3,normal
11.07,-28.49505,-29.0948,0.59974,24.47432,25.39974,-0.92542,3.0117,3.0,31.63,0.01608,0.3,normal
11.08,-28.34658,-28.93784,0.59126,24.27469,25.22478,-0.95009,3.0065,3.0,31.6,0.01776,0.3,normal
11.09,-28.19424,-28.70168,0.50744,24.07317,25.06037,-0.9872,2.9857,2.9952,31.13,0.00951,0.3,normal
11.1,-28.03802,-28.48566,0.44763,23.86982,24.87893,-1.00911,3.0153,2.9832,31.33,0.0162,0.3,normal
11.11,-27.87791,-28.31338,0.43547,23.66466,24.64882,-0.98417,2.9941,2.9895,31.27,0.01046,0.3,normal
11.12,-27.71388,-28.17924,0.46536,23.45771,24.41618,-0.95847,3.0189,3.0,31.54,0.00245,0.3,normal
11.13,-27.54593,-28.04587,0.49994,23.24902,24.19354,-0.94453,2.9969,3.0,31.53,0.00276,0.3,normal
11.14,-27.37403,-27.92263,0.5486,23.03861,23.97091,-0.9323,2.9804,2.9888,31.07,0.0036,0.3,normal
11.15,-27.19818,-27.79598,0.5978,22.82652,23.75685,-0.93033,2.9889,2.9948,31.44,0.00268,0.3,normal
11.16,-27.01837,-27.68072,0.66235,22.61278,23.54221,-0.92943,3.0029,2.9996,31.61,0.00172,0.3,normal
11.17,-26.83458,-27.56197,0.72739,22.39742,23.33774,-0.94032,2.9935,3.0,31.51,0.00464,0.3,normal
11.18,-26.64681,-27.43841,0.79159,22.18048,23.13202,-0.95154,3.0122,2.9862,31.52,0.01204,0.3,normal
11.19,-26.45506,-27.29092,0.83586,21.96199,22.9371,-0.97511,1.8223,2.9811,31.45,0.00831,0.3,normal
11.2,-26.25932,-27.08402,0.82469,21.74198,22.7404,-0.99842,2.9924,2.9976,31.35,0.0039,0.3,normal
11.21,-26.05959,-26.87487,0.81528,21.52049,22.5561,-1.03561,2.9657,2.9986,31.51,0.00282,0.3,normal
11.22,-25.85587,-26.67821,0.82234,21.29755,22.37184,-1.07429,2.9824,3.0,31.53,0.00824,0.3,normal
11.23,-25.64815,-26.47902,0.83086,21.0732,22.16663,-1.09343,2.9909,3.0,31.62,0.00942,0.3,normal
11.24,-25.43645,-26.29255,0.85611,20.84747,21.90886,-1.06139,2.9929,2.9874,31.64,0.0041,0.3,normal
11.25,-25.22075,-26.10352,0.88276,20.62039,21.66406,-1.04367,3.0168,3.0,31.55,0.00197,0.3,normal
11.26,-25.00108,-25.92448,0.9234,20.39201,21.41835,-1.02634,3.0072,3.0,31.71,0.00315,0.3,normal
11.27,-24.77743,-25.74321,0.96578,20.16235,21.18275,-1.0204,3.006,3.0,31.49,0.00848,0.3,normal
11.28,-24.54982,-25.51273,0.96291,19.93145,20.94561,-1.01416,3.0056,2.9951,31.34,0.00685,0.3,normal
11.29,-24.31825,-25.27333,0.95509,19.69935,20.71968,-1.02033,3.0051,2.985,31.63,0.00343,0.3,normal
11.3,-24.08273,-25.04832,0.96559,19.46608,20.493,-1.02692,3.0055,3.0,31.59,0.00448,0.3,normal
11.31,-23.84329,-24.82395,0.98066,19.23168,20.27531,-1.04363,2.9928,3.0,31.65,0.00167,0.3,normal
11.32,-23.59992,-24.60721,1.00729,18.99618,20.05522,-1.05904,3.0279,2.9905,31.39,0.00297,0.3,normal
11.33,-23.35265,-24.38956,1.0369,18.75962,19.84742,-1.0878,2.9623,3.0,31.86,0.00589,0.3,normal
11.34,-23.1015,-24.17101,1.0695,18.52204,19.64088,-1.11885,2.9845,2.9897,31.7,0.00439,0.3,normal
11.35,-22.84649,-23.92732,1.08083,18.28347,19.44673,-1.16326,3.0081,3.0,31.56,0.00229,0.3,normal
11.36,-22.58763,-23.69702,1.10939,18.04394,19.25117,-1.20723,3.0012,2.9921,31.47,0.01703,0.3,normal
11.37,-22.32495,-23.44694,1.12199,17.8035,19.01942,-1.21592,3.009,3.0,31.78,0.01396,0.3,normal
11.38,-22.05847,-23.16706,1.10859,17.56218,18.72922,-1.16704,2.9915,3.0,31.46,0.00281,0.3,normal
11.39,-21.78822,-22.88611,1.09789,17.32001,18.45115,-1.13114,2.9958,3.0,31.97,0.00468,0.3,normal
11.4,-21.51422,-22.61739,1.10318,17.07704,18.17397,-1.09692,3.0092,3.0,31.55,0.00338,0.3,normal
11.41,-21.2365,-22.34968,1.11318,16.8333,17.90698,-1.07369,3.0092,2.9883,31.9,0.00349,0.3,normal
11.42,-20.95509,-22.09723,1.14214,16.58882,17.6393,-1.05047,3.0027,3.0,31.63,0.00407,0.3,normal
11.43,-20.67003,-21.84506,1.17503,16.34365,17.38065,-1.037,3.0019,3.0,31.9,0.00368,0.3,normal
11.44,-20.38134,-21.56735,1.18601,16.09781,17.1178,-1.01999,3.0068,3.0,31.56,0.00408,0.3,normal
11.45,-20.08905,-21.28549,1.19643,15.85135,16.86719,-1.01584,2.9861,3.0,31.68,0.00392,0.3,normal
11.46,-19.79322,-21.01697,1.22375,15.60429,16.61465,-1.01036,3.0367,3.0,31.8,0.0028,0.3,normal
11.47,-19.49386,-20.73772,1.24386,15.35669,16.37189,-1.0152,3.0113,3.0,31.79,0.00234,0.3,normal
11.48,-19.19102,-20.45936,1.26834,15.10857,16.12853,-1.01996,2.9907,3.0,31.86,0.00389,0.3,normal
11.49,-18.88474,-20.16088,1.27614,14.85997,15.89619,-1.03622,2.9998,3.0,31.63,0.00308,0.3,normal
11.5,-18.57506,-19.86584,1.29078,14.61092,15.65711,-1.04618,2.9843,3.0,31.73,0.00248,0.3,normal
11.51,-18.26202,-19.5687,1.30668,14.36147,15.42723,-1.06576,2.9947,2.9925,31.91,0.0054,0.3,normal
11.52,-17.94567,-19.24979,1.30412,14.11165,15.19676,-1.08511,2.999,2.9898,31.62,0.00543,0.3,normal
11.53,-17.62605,-18.92362,1.29758,13.86149,14.97833,-1.11684,2.9897,3.0,31.82,0.00249,0.3,normal
11.54,-17.3032,-18.60942,1.30622,13.61103,14.75755,-1.14652,2.996,2.9998,31.71,0.00343,0.3,normal
11.55,-16.97718,-18.29439,1.31721,13.3603,14.54481,-1.18451,2.9625,2.9937,31.78,0.00249,0.3,normal
11.56,-16.64803,-17.99032,1.34229,13.10935,14.32705,-1.2177,2.9919,3.0,31.77,0.00848,0.3,normal
11.57,-16.3158,-17.62263,1.30683,12.8582,14.11898,-1.26078,2.985,3.0,31.65,0.01043,0.3,normal
11.58,-15.98055,-17.23843,1.25788,12.6069,13.91137,-1.30447,3.033,3.0,31.74,0.00549,0.3,normal
11.59,-15.64233,-16.8531,1.21078,12.35548,13.69876,-1.34329,3.0162,2.9989,31.81,0.00354,0.3,normal
11.6,-15.30118,-16.47934,1.17816,12.10396,13.4652,-1.36124,2.9933,2.9957,31.78,0.00293,0.3,normal
11.61,-14.95718,-16.10442,1.14724,11.8524,13.24568,-1.39328,2.9937,3.0,32.04,0.00378,0.3,normal
11.62,-14.61036,-15.74184,1.13148,11.60081,13.00541,-1.40459,2.9855,2.9974,31.96,0.00259,0.3,normal
11.63,-14.2608,-15.37923,1.11844,11.34925,12.77081,-1.42156,2.9769,2.9901,31.87,0.00584,0.3,normal
11.64,-13.90854,-15.02854,1.12,11.09773,12.51732,-1.41959,3.0001,3.0,31.72,0.00591,0.3,normal
11.65,-13.55364,-14.67644,1.1228,10.8463,12.2425,-1.3962,2.986,3.0,31.72,0.00116,0.3,normal
11.66,-13.19618,-14.33492,1.13875,10.59499,11.96543,-1.37043,2.9917,3.0,32.14,0.00225,0.3,normal
11.67,-12.8362,-13.9906,1.1544,10.34384,11.69745,-1.35362,2.986,3.0,31.71,0.00287,0.3,normal
11.68,-12.47378,-13.65578,1.182,10.09286,11.42398,-1.33111,2.9987,3.0,31.88,0.0013,0.3,normal
11.69,-12.10896,-13.31946,1.21049,9.84211,11.15947,-1.31735,3.0068,3.0,31.93,0.00264,0.3,normal
11.7,-11.74183,-12.99665,1.25482,9.59162,10.89203,-1.30042,3.0026,3.0,31.84,0.00411,0.3,normal
11.71,-11.37245,-12.67235,1.29991,9.34141,10.63623,-1.29483,3.009,3.0,31.74,0.00187,0.3,normal
11.72,-11.00087,-12.35685,1.35598,9.09151,10.3765,-1.28499,2.9896,2.9871,31.78,0.00207,0.3,normal
11.73,-10.62717,-12.03831,1.41114,8.84197,10.12827,-1.2863,3.0143,3.0,31.83,0.00829,0.3,normal
11.74,-10.25142,-11.72365,1.47224,8.59281,9.87692,-1.28411,1.979,2.9969,31.81,0.00684,0.3,normal
11.75,-9.87368,-11.34975,1.47607,8.34407,9.63664,-1.29257,2.9955,2.9964,32.12,0.0016,0.3,normal
11.76,-9.49402,-10.98648,1.49246,8.09577,9.39282,-1.29705,3.0083,3.0,31.93,0.00281,0.3,normal
11.77,-9.11253,-10.61861,1.50608,7.84795,9.15766,-1.30971,2.9935,3.0,31.86,0.00189,0.3,normal
11.78,-8.72925,-10.25986,1.53061,7.60064,8.91741,-1.31678,2.981,2.9877,31.97,0.00126,0.3,normal
11.79,-8.34428,-9.89834,1.55406,7.35386,8.68573,-1.33187,3.0037,2.9986,32.06,0.00365,0.3,normal
11.8,-7.95767,-9.54714,1.58947,7.10766,8.45247,-1.34482,2.9971,2.9743,31.92,0.01205,0.3,normal
11.81,-7.56951,-9.17246,1.60295,6.86205,8.18015,-1.3181,3.0023,2.996,32.11,0.01119,0.3,normal
11.82,-7.17987,-8.78923,1.60936,6.61707,7.87077,-1.2537,3.0175,2.9873,31.8,0.00398,0.3,normal
11.83,-6.78882,-8.40424,1.61542,6.37275,7.57385,-1.2011,3.0018,2.9819,32.17,0.00241,0.3,normal
11.84,-6.39644,-8.02901,1.63257,6.12911,7.27459,-1.14547,3.0076,3.0,32.01,0.00173,0.3,normal
11.85,-6.0028,-7.65058,1.64778,5.88619,6.98565,-1.09945,3.0181,2.9869,32.01,0.00677,0.3,normal
11.86,-5.60797,-7.2673,1.65933,5.64402,6.69324,-1.04923,3.0229,2.9941,31.92,0.00553,0.3,normal
11.87,-5.21205,-6.84874,1.6367,5.40261,6.4102,-1.00759,3.0148,3.0,31.85,0.00116,0.3,normal
11.88,-4.81509,-6.44185,1.62676,5.162,6.12504,-0.96304,2.959,2.9875,31.8,0.00424,0.3,normal
11.89,-4.41719,-6.03429,1.6171,4.92222,5.85402,-0.9318,2.9944,2.9978,31.94,0.00384,0.3,normal
11.9,-4.01841,-5.63853,1.62011,4.68329,5.58107,-0.89778,3.0207,2.9929,32.15,0.00106,0.3,normal
11.91,-3.61884,-5.2412,1.62236,4.44524,5.31675,-0.87152,2.9832,3.0,31.93,0.00332,0.3,normal
11.92,-3.21855,-4.85685,1.63829,4.20809,5.04823,-0.84014,3.0124,3.0,31.85,0.00367,0.3,normal
11.93,-2.81763,-4.47261,1.65498,3.97187,4.79199,-0.82012,2.9754,3.0,31.96,0.00197,0.3,normal
11.94,-2.41615,-4.08445,1.6683,3.7366,4.53502,-0.79841,2.9994,3.0,32.04,0.00305,0.3,normal
11.95,-2.01419,-3.68723,1.67304,3.50232,4.28763,-0.78531,2.9979,2.999,32.06,0.0038,0.3,normal
11.96,-1.61183,-3.3004,1.68857,3.26904,4.03692,-0.76789,2.9877,2.9991,32.1,0.00178,0.3,normal
11.97,-1.20915,-2.90561,1.69645,3.03678,3.80011,-0.76332,2.9948,2.9857,32.28,0.00544,0.3,normal
11.98,-0.80624,-2.4916,1.68536,2.80558,3.56137,-0.75579,2.9853,3.0,32.33,0.00552,0.3,normal
11.99,-0.40316,-2.07193,1.66877,2.57545,3.33607,-0.76062,2.9754,3.0,32.45,0.0025,0.3,normal
12.0,-0.0,-1.66496,1.66496,2.34641,3.10733,-0.76092,3.0405,2.9997,31.91,0.00335,0.3,normal
12.01,0.40316,-1.25812,1.66128,2.11849,2.89201,-0.77352,3.0004,2.99,32.04,0.00393,0.3,normal
12.02,0.80624,-0.86126,1.66749,1.89171,2.67741,-0.7857,3.013,3.0,32.28,0.00156,0.3,normal
12.03,1.20915,-0.46282,1.67197,1.6661,2.47149,-0.80539,3.0107,2.9805,32.12,0.0024,0.3,normal
12.04,1.61183,-0.06177,1.6736,1.44166,2.26387,-0.82221,2.9956,2.9937,32.32,0.00447,0.3,normal
12.05,2.01419,0.35021,1.66398,1.21843,2.06604,-0.84761,2.9961,2.9919,32.23,0.00306,0.3,normal
12.06,2.41615,0.74952,1.66663,0.99641,1.86821,-0.8718,2.9793,2.9852,32.45,0.00171,0.3,normal
12.07,2.81763,1.15066,1.66697,0.77564,1.6794,-0.90377,2.9877,3.0,32.38,0.00478,0.3,normal
12.08,3.21855,1.55119,1.66737,0.55612,1.48553,-0.9294,2.9776,3.0,32.39,0.00389,0.3,normal
12.09,3.61884,1.97794,1.6409,0.33788,1.30153,-0.96364,2.9887,2.9921,32.18,0.00248,0.3,normal
12.1,4.01841,2.3903,1.62811,0.12094,1.11657,-0.99563,2.9755,2.9831,32.23,0.00358,0.3,normal
12.11,4.41719,2.80529,1.6119,-0.09469,0.94136,-1.03604,3.018,2.9931,32.21,0.00235,0.3,normal
12.12,4.81509,3.20879,1.6063,-0.30899,0.76002,-1.06901,2.9938,3.0,32.04,0.00082,0.3,normal
12.13,5.21205,3.61655,1.5955,-0.52194,0.5869,-1.10884,3.0138,2.992,32.49,0.00334,0.3,normal
12.14,5.60797,4.01519,1.59279,-0.73354,0.411,-1.14454,3.0234,3.0,32.39,0.00286,0.3,normal
12.15,6.0028,4.41278,1.59001,-0.94375,0.24333,-1.18709,3.0031,2.9943,32.24,0.00198,0.3,normal
12.16,6.39644,4.79704,1.5994,-1.15258,0.07533,-1.22791,2.9732,2.9924,32.49,0.00567,0.3,normal
12.17,6.78882,5.18503,1.60379,-1.36,-0.08094,-1.27906,2.359,3.0,32.21,0.00548,0.3,normal
12.18,7.17987,5.60018,1.57969,-1.566,-0.25429,-1.31171,3.006,2.978,32.04,0.00802,0.3,normal
12.19,7.56951,6.01848,1.55103,-1.77056,-0.45582,-1.31475,2.9954,3.0,32.48,0.00717,0.3,normal
12.2,7.95767,6.42575,1.53193,-1.97368,-0.68583,-1.28786,2.9824,2.9925,32.14,0.0025,0.3,normal
12.21,8.34428,6.83771,1.50657,-2.17534,-0.90141,-1.27393,2.9935,3.0,32.32,0.00137,0.3,normal
12.22,8.72925,7.24074,1.48851,-2.37554,-1.12048,-1.25505,2.9893,3.0,32.38,0.00348,0.3,normal
12.23,9.11253,7.64609,1.46644,-2.57425,-1.32921,-1.24503,2.9904,2.9985,32.42,0.00358,0.3,normal
12.24,9.49402,8.0419,1.45213,-2.77146,-1.53832,-1.23314,2.9674,2.9974,32.5,0.00185,0.3,normal
12.25,9.87368,8.43848,1.4352,-2.96718,-1.73726,-1.22992,2.9965,3.0,32.47,0.00263,0.3,normal
12.26,10.25142,8.82364,1.42778,-3.16138,-1.93975,-1.22163,3.0035,2.9979,32.47,0.00299,0.3,normal
12.27,10.62717,9.21016,1.41701,-3.35407,-2.13389,-1.22018,3.0009,3.0,32.28,0.00069,0.3,normal
12.28,11.00087,9.58716,1.41371,-3.54522,-2.33264,-1.21257,3.0078,3.0,32.45,0.00233,0.3,normal
12.29,11.37245,9.96656,1.40589,-3.73483,-2.52207,-1.21276,3.0081,2.9971,32.19,0.00282,0.3,normal
12.3,11.74183,10.3346,1.40723,-3.9229,-2.71331,-1.20959,3.0174,3.0,32.66,0.00269,0.3,normal
12.31,12.10896,10.70321,1.40575,-4.10941,-2.89338,-1.21603,3.0166,3.0,32.22,0.00354,0.3,normal
12.32,12.47378,11.05905,1.41473,-4.29436,-3.07527,-1.2191,3.0198,3.0,32.39,0.00534,0.3,normal
12.33,12.8362,11.41394,1.42226,-4.47775,-3.2698,-1.20796,2.9942,2.985,32.25,0.00302,0.3,normal
12.34,13.19618,11.75856,1.43762,-4.65957,-3.47278,-1.18679,3.0099,3.0,32.35,0.00254,0.3,normal
12.35,13.55364,12.10578,1.44787,-4.83981,-3.66555,-1.17426,3.0174,2.9658,32.47,0.00418,0.3,normal
12.36,13.90854,12.44008,1.46845,-5.01846,-3.86179,-1.15667,3.0011,3.0,32.39,0.0033,0.3,normal
12.37,14.2608,12.79378,1.46702,-5.19554,-4.04761,-1.14793,2.9954,3.0,32.65,0.00371,0.3,normal
12.38,14.61036,13.1503,1.46006,-5.37102,-4.23732,-1.1337,3.0025,2.9927,32.52,0.00334,0.3,normal
12.39,14.95718,13.50847,1.44871,-5.54491,-4.41851,-1.1264,2.97,2.9933,32.43,0.00263,0.3,normal
12.4,15.30118,13.85499,1.44619,-5.7172,-4.5965,-1.12071,2.9774,3.0,32.48,0.0035,0.3,normal
12.41,15.64233,14.20187,1.44045,-5.8879,-4.78237,-1.10553,2.9811,2.9975,32.69,0.00473,0.3,normal
12.42,15.98055,14.53697,1.44358,-6.057,-4.98223,-1.07477,2.6137,2.9918,32.66,0.00327,0.3,normal
12.43,16.3158,14.89566,1.42015,-6.2245,-5.17161,-1.05289,3.0104,3.0,32.36,0.00211,0.3,normal
12.44,16.64803,15.24418,1.40385,-6.3904,-5.36447,-1.02593,3.0058,3.0,32.43,0.00415,0.3,normal
12.45,16.97718,15.59287,1.38431,-6.5547,-5.54697,-1.00773,3.0131,3.0,32.61,0.00204,0.3,normal
12.46,17.3032,15.93016,1.37304,-6.7174,-5.73633,-0.98107,2.9897,2.9921,32.6,0.00114,0.3,normal
12.47,17.62605,16.27069,1.35536,-6.8785,-5.91301,-0.96549,2.9785,2.9879,32.4,0.00414,0.3,normal
12.48,17.94567,16.60265,1.34302,-7.038,-6.08964,-0.94836,3.0081,3.0,32.68,0.00238,0.3,normal
12.49,18.26202,16.93662,1.3254,-7.19591,-6.25413,-0.94178,3.0069,3.0,32.44,0.00179,0.3,normal
12.5,18.57506,17.26118,1.31388,-7.35223,-6.42281,-0.92942,3.0221,2.9952,32.78,0.00328,0.3,normal
12.51,18.88474,17.58814,1.2966,-7.50695,-6.5799,-0.92705,2.9702,3.0,32.67,0.00271,0.3,normal
12.52,19.19102,17.90678,1.28424,-7.66009,-6.73896,-0.92113,3.0199,3.0,32.43,0.00123,0.3,normal
12.53,19.49386,18.22709,1.26677,-7.81164,-6.88903,-0.92261,2.9829,3.0,32.52,0.00274,0.3,normal
12.54,19.79322,18.53881,1.25441,-7.96161,-7.04217,-0.91944,3.0187,3.0,32.53,0.00601,0.3,normal
12.55,20.08905,18.85007,1.23899,-8.11001,-7.19347,-0.91654,3.011,2.9911,32.64,0.00485,0.3,normal
12.56,20.38134,19.14995,1.23138,-8.25684,-7.38309,-0.87375,3.0145,3.0,32.59,0.00427,0.3,normal
12.57,20.67003,19.44845,1.22158,-8.40211,-7.55991,-0.8422,3.0142,3.0,32.46,0.00376,0.3,normal
12.58,20.95509,19.73383,1.22126,-8.54582,-7.74021,-0.80561,3.0034,3.0,32.43,0.00162,0.3,normal
12.59,21.2365,20.03877,1.19773,-8.68797,-7.91211,-0.77586,3.0105,3.0,32.73,0.00412,0.3,normal
12.6,21.51422,20.34095,1.17327,-8.82859,-8.09077,-0.73782,3.0147,3.0,32.7,0.00255,0.3,normal
12.61,21.78822,20.64315,1.14507,-8.96766,-8.26188,-0.70578,2.9962,3.0,32.68,0.00124,0.3,normal
12.62,22.05847,20.93412,1.12435,-9.10521,-8.43689,-0.66832,3.0086,3.0,32.71,0.00269,0.3,normal
12.63,22.32495,21.22785,1.0971,-9.24124,-8.60104,-0.6402,3.012,3.0,32.58,0.00362,0.3,normal
12.64,22.58763,21.50968,1.07795,-9.37575,-8.76767,-0.60809,2.994,2.9767,32.71,0.00215,0.3,normal
12.65,22.84649,21.79284,1.05365,-9.50877,-8.92587,-0.5829,2.9887,2.9889,33.07,0.00342,0.3,normal
12.66,23.1015,22.06315,1.03835,-9.64028,-9.08366,-0.55663,3.0016,2.9837,32.87,0.00442,0.3,normal
12.67,23.35265,22.33322,1.01943,-9.77032,-9.22871,-0.54161,2.9766,3.0,32.66,0.00219,0.3,normal
12.68,23.59992,22.59109,1.00884,-9.89888,-9.37845,-0.52044,3.0006,3.0,32.63,0.00283,0.3,normal
12.69,23.84329,22.84868,0.9946,-10.02598,-9.51821,-0.50777,3.0116,3.0,32.28,0.00494,0.3,normal
12.7,24.08273,23.09489,0.98784,-10.15163,-9.66012,-0.49151,3.0216,2.9904,32.88,0.00224,0.3,normal
12.71,24.31825,23.34124,0.97701,-10.27584,-9.79198,-0.48385,2.9918,3.0,32.84,0.00156,0.3,normal
12.72,24.54982,23.57684,0.97298,-10.39862,-9.92846,-0.47016,3.0303,2.9769,32.65,0.00346,0.3,normal
12.73,24.77743,23.8153,0.96214,-10.51998,-10.05603,-0.46395,2.9756,3.0,32.52,0.00152,0.3,normal
12.74,25.00108,24.04227,0.95881,-10.63994,-10.18466,-0.45529,2.984,3.0,32.57,0.00197,0.3,normal
12.75,25.22075,24.26892,0.95184,-10.75852,-10.30473,-0.45378,3.0093,3.0,32.81,0.00339,0.3,normal
12.76,25.43645,24.48464,0.95181,-10.87571,-10.43221,-0.4435,2.9946,2.9831,32.74,0.00245,0.3,normal
12.77,25.64815,24.70175,0.94641,-10.99154,-10.55059,-0.44095,3.0156,3.0,32.86,0.01019,0.3,normal
12.78,25.85587,25.00136,0.85451,-11.10602,-10.67384,-0.43218,2.9942,2.9987,32.78,0.01181,0.3,normal
12.79,26.05959,25.31277,0.74682,-11.21917,-10.79105,-0.42811,2.9941,3.0,32.92,0.00234,0.3,normal
12.8,26.25932,25.61408,0.64524,-11.33099,-10.9119,-0.4191,3.0146,3.0,32.83,0.01524,0.3,normal
12.81,26.45506,25.84081,0.61425,-11.44151,-11.0199,-0.42161,2.9859,3.0,32.91,0.01688,0.3,normal
12.82,26.64681,26.00581,0.641,-11.55074,-11.12836,-0.42238,3.0014,3.0,32.47,0.00245,0.3,normal
12.83,26.83458,26.17198,0.6626,-11.6587,-11.22952,-0.42918,2.9929,2.992,32.61,0.00076,0.3,normal
12.84,27.01837,26.32784,0.69053,-11.76539,-11.33523,-0.43016,3.0091,3.0,32.74,0.00314,0.3,normal
12.85,27.19818,26.48292,0.71526,-11.87084,-11.43317,-0.43767,2.9802,3.0,32.96,0.00429,0.3,normal
12.86,27.37403,26.63091,0.74312,-11.97507,-11.5414,-0.43367,2.4985,2.9986,33.09,0.00233,0.3,normal
12.87,27.54593,26.81033,0.73559,-12.07808,-11.64196,-0.43613,3.0076,3.0,32.78,0.0026,0.3,normal
12.88,27.71388,26.97914,0.73475,-12.17991,-11.74801,-0.43189,2.9929,2.9815,32.72,0.00283,0.3,normal
12.89,27.87791,27.14779,0.73012,-12.28055,-11.84715,-0.4334,2.9893,3.0,32.52,0.00114,0.3,normal
12.9,28.03802,27.30731,0.73071,-12.38004,-11.95578,-0.42426,3.0063,3.0,32.95,0.0024,0.3,normal
12.91,28.19424,27.46836,0.72588,-12.47839,-12.05809,-0.4203,2.9977,2.9998,32.74,0.00292,0.3,normal
12.92,28.34658,27.61947,0.72711,-12.57561,-12.16238,-0.41323,3.0233,3.0,33.27,0.00076,0.3,normal
12.93,28.49505,27.77277,0.72229,-12.67173,-12.26256,-0.40917,2.9826,2.9839,32.72,0.00318,0.3,normal
12.94,28.63969,27.92542,0.71427,-12.76676,-12.36604,-0.40072,2.9987,3.0,33.15,0.00409,0.3,normal
12.95,28.78051,28.09964,0.68086,-12.86073,-12.46251,-0.39822,3.0221,3.0,32.96,0.00092,0.3,normal
12.96,28.91753,28.26178,0.65576,-12.95364,-12.5652,-0.38844,2.9922,2.9981,32.69,0.00198,0.3,normal
12.97,29.05079,28.42595,0.62484,-13.04553,-12.66264,-0.38288,2.9804,2.9929,32.89,0.00307,0.3,normal
12.98,29.1803,28.58033,0.59997,-13.1364,-12.76777,-0.36863,2.9976,2.9947,32.97,0.00039,0.3,normal
12.99,29.30609,28.73995,0.56615,-13.22628,-12.86458,-0.36169,2.9975,2.9871,32.83,0.00248,0.3,normal
13.0,29.4282,28.88961,0.53859,-13.31519,-12.96519,-0.34999,2.9815,2.9794,32.99,0.00374,0.3,normal
13.01,29.54666,29.03882,0.50784,-13.40314,-13.0576,-0.34554,2.9922,2.9977,32.99,0.00073,0.3,normal
13.02,29.66149,29.17774,0.48375,-13.49016,-13.15605,-0.33411,2.9897,2.9987,32.96,0.00183,0.3,normal
13.03,29.77273,29.31904,0.45369,-13.57627,-13.24894,-0.32732,3.0096,3.0,32.87,0.00309,0.3,normal
13.04,29.88041,29.44953,0.43088,-13.66148,-13.34649,-0.31499,2.9889,3.0,32.7,0.00165,0.3,normal
13.05,29.98457,29.58242,0.40215,-13.74582,-13.43706,-0.30876,3.0222,3.0,32.87,0.00223,0.3,normal
13.06,30.08525,29.70195,0.3833,-13.82931,-13.53289,-0.29641,3.0054,3.0,32.91,0.00377,0.3,normal
13.07,30.18248,29.82196,0.36052,-13.91196,-13.62148,-0.29048,3.0266,2.9989,32.61,0.00171,0.3,normal
13.08,30.27631,29.93081,0.3455,-13.9938,-13.71585,-0.27795,2.9961,2.9961,32.92,0.00116,0.3,normal
13.09,30.36677,30.04404,0.32273,-14.07485,-13.8036,-0.27125,3.0101,3.0,32.88,0.00304,0.3,normal
13.1,30.45392,30.14633,0.30759,-14.15512,-13.89791,-0.25721,2.9928,2.989,32.71,0.00171,0.3,normal
13.11,30.53778,30.25163,0.28615,-14.23465,-13.98618,-0.24847,3.0163,3.0,32.86,0.00078,0.3,normal
13.12,30.6184,30.34258,0.27582,-14.31344,-14.08151,-0.23193,2.9988,2.9678,32.86,0.00281,0.3,normal
13.13,30.69584,30.43852,0.25731,-14.39153,-14.17067,-0.22085,2.978,2.9963,33.2,0.00167,0.3,normal
13.14,30.77013,30.52798,0.24215,-14.46892,-14.26798,-0.20094,2.9908,3.0,32.95,0.00088,0.3,normal
13.15,30.84133,30.62413,0.2172,-14.54565,-14.3606,-0.18505,3.0074,3.0,33.07,0.00201,0.3,normal
13.16,30.90948,30.71133,0.19815,-14.62172,-14.45937,-0.16235,2.9913,3.0,32.9,0.00201,0.3,normal
13.17,30.97463,30.80278,0.17185,-14.69718,-14.55182,-0.14536,3.0194,2.9985,32.64,0.00038,0.3,normal
13.18,31.03683,30.88791,0.14892,-14.77202,-14.64959,-0.12244,2.9945,3.0,33.03,0.00149,0.3,normal
13.19,31.09615,30.97861,0.11754,-14.84628,-14.73874,-0.10754,2.9915,2.9905,32.83,0.00223,0.3,normal
13.2,31.15262,31.06242,0.09019,-14.91998,-14.83196,-0.08802,2.9895,2.996,32.88,0.00189,0.3,normal
13.21,31.2063,31.15175,0.05455,-14.99313,-14.91412,-0.07902,3.0129,3.0,32.78,0.00416,0.3,normal
13.22,31.25725,31.23566,0.02159,-15.06576,-14.98725,-0.07851,2.981,3.0,32.95,0.00294,0.3,normal
13.23,31.30552,31.32724,-0.02171,-15.13789,-15.05289,-0.085,2.9698,3.0,33.1,0.00081,0.3,normal
13.24,31.35118,31.41588,-0.0647,-15.20954,-15.12131,-0.08823,3.02,2.9973,33.09,0.0065,0.3,normal
13.25,31.39426,31.47078,-0.07652,-15.28072,-15.18431,-0.09641,3.0107,3.0,33.19,0.00742,0.3,normal
13.26,31.43485,31.51049,-0.07564,-15.35147,-15.25583,-0.09564,2.9948,2.9977,33.21,0.00096,0.3,normal
13.27,31.47298,31.55725,-0.08426,-15.42179,-15.32303,-0.09876,3.0128,3.0,32.65,0.00186,0.3,normal
13.28,31.50873,31.59731,-0.08858,-15.49172,-15.397,-0.09472,2.9766,3.0,32.78,0.0035,0.3,normal
13.29,31.54215,31.64822,-0.10606,-15.56126,-15.46721,-0.09405,2.9932,2.9826,32.7,0.00081,0.3,normal
13.3,31.57331,31.69406,-0.12075,-15.63045,-15.54115,-0.0893,3.0211,3.0,33.06,0.00214,0.3,normal
13.31,31.60226,31.74918,-0.14692,-15.6993,-15.60728,-0.09202,2.986,2.9872,32.87,0.00723,0.3,normal
13.32,31.62908,31.74333,-0.11425,-15.76783,-15.67934,-0.08848,2.99,2.9797,32.9,0.00499,0.3,normal
13.33,31.65381,31.74622,-0.09241,-15.83606,-15.74475,-0.0913,3.0057,2.9941,32.95,0.00432,0.3,normal
13.34,31.67653,31.74442,-0.06789,-15.904,-15.80219,-0.10181,3.0139,3.0,33.04,0.00535,0.3,normal
13.35,31.6973,31.75189,-0.05459,-15.97169,-15.83722,-0.13447,2.9956,3.0,32.77,0.00066,0.3,normal
13.36,31.71618,31.7536,-0.03742,-16.03914,-15.87915,-0.16,2.9824,3.0,32.81,0.0007,0.3,normal
13.37,31.73324,31.76086,-0.02762,-16.10637,-15.91551,-0.19086,3.0387,2.9729,33.0,0.00239,0.3,normal
13.38,31.74855,31.76206,-0.01351,-16.17339,-15.95782,-0.21557,3.0003,3.0,33.18,0.00098,0.3,normal
13.39,31.76217,31.77037,-0.0082,-16.24023,-15.9911,-0.24913,2.9927,2.9937,33.0,0.00104,0.3,normal
13.4,31.77417,31.77461,-0.00044,-16.3069,-16.03201,-0.27489,3.0024,2.998,32.89,0.00275,0.3,normal
13.41,31.78461,31.78471,-0.0001,-16.37343,-16.06647,-0.30696,3.0197,3.0,32.69,0.00146,0.3,normal
13.42,31.79357,31.78558,0.00799,-16.43983,-16.10762,-0.33222,3.011,3.0,33.16,0.00076,0.3,normal
13.43,31.8011,31.78953,0.01158,-16.50612,-16.14195,-0.36417,3.0071,3.0,32.91,0.00255,0.3,normal
13.44,31.80729,31.78598,0.0213,-16.57232,-16.18142,-0.39089,2.9815,2.9944,32.86,0.00147,0.3,normal
13.45,31.81218,31.7923,0.01988,-16.63844,-16.21764,-0.4208,3.0069,3.0,32.77,0.00037,0.3,normal
13.46,31.81587,31.79188,0.02399,-16.7045,-16.25885,-0.44565,3.0259,2.9992,32.82,0.00248,0.3,normal
13.47,31.8184,31.79665,0.02175,-16.77053,-16.29357,-0.47695,2.991,3.0,32.9,0.00129,0.3,normal
13.48,31.81986,31.79557,0.02428,-16.83653,-16.33513,-0.5014,2.9952,2.9976,33.01,8e-05,0.3,normal
13.49,31.8203,31.79953,0.02077,-16.90252,-16.37172,-0.5308,2.9947,3.0,32.87,0.00204,0.3,normal
13.5,31.81981,31.79883,0.02097,-16.96852,-16.41636,-0.55217,2.983,2.984,33.08,0.002,0.3,normal
13.51,31.81844,31.80806,0.01038,-17.03455,-16.45446,-0.58009,2.9855,3.0,33.02,0.00044,0.3,normal
13.52,31.81627,31.81079,0.00548,-17.10062,-16.50059,-0.60003,2.9789,2.9867,33.39,0.00261,0.3,normal
13.53,31.81336,31.82052,-0.00716,-17.16675,-16.53663,-0.63011,2.9962,3.0,32.81,0.0016,0.3,normal
13.54,31.80979,31.82536,-0.01557,-17.23295,-16.57996,-0.65298,2.9921,2.9823,33.09,0.00077,0.3,normal
13.55,31.80562,31.83544,-0.02982,-17.29923,-16.61654,-0.68269,3.0256,3.0,33.1,0.00168,0.3,normal
13.56,31.80092,31.838,-0.03707,-17.36562,-16.6603,-0.70532,3.0083,3.0,32.92,0.00185,0.3,normal
13.57,31.79577,31.84728,-0.05152,-17.43213,-16.69778,-0.73435,2.9845,2.9961,33.09,0.00117,0.3,normal
13.58,31.79022,31.85235,-0.06213,-17.49876,-16.74371,-0.75505,2.9877,3.0,33.2,0.00293,0.3,normal
13.59,31.78435,31.86231,-0.07796,-17.56554,-16.7945,-0.77105,3.0052,3.0,33.1,0.0025,0.3,normal
13.6,31.77822,31.86268,-0.08446,-17.63248,-16.85544,-0.77704,3.0136,3.0,33.3,0.00192,0.3,normal
13.61,31.77191,31.86826,-0.09635,-17.69959,-16.91541,-0.78418,3.018,3.0,32.77,0.00527,0.3,normal
13.62,31.76548,31.86858,-0.1031,-17.76688,-16.98943,-0.77745,2.9741,3.0,32.98,0.00599,0.3,normal
13.63,31.75899,31.87828,-0.11928,-17.83436,-17.08747,-0.7469,3.022,2.9975,33.33,0.00097,0.3,normal
13.64,31.75252,31.88126,-0.12874,-17.90206,-17.19231,-0.70975,2.9957,2.9757,33.25,0.00081,0.3,normal
13.65,31.74613,31.89204,-0.14591,-17.96997,-17.29064,-0.67933,2.987,2.9978,33.2,0.00217,0.3,normal
13.66,31.73989,31.89775,-0.15787,-18.03812,-17.39378,-0.64434,3.0183,2.9994,33.31,0.00156,0.3,normal
13.67,31.73386,31.90694,-0.17309,-18.1065,-17.48959,-0.61691,3.0008,2.9733,32.84,0.00131,0.3,normal
13.68,31.7281,31.91044,-0.18234,-18.17514,-17.58872,-0.58642,3.0073,2.989,33.25,0.00319,0.3,normal
13.69,31.72268,31.92241,-0.19973,-18.24404,-17.67951,-0.56453,3.0177,2.9701,33.29,0.00351,0.3,normal
13.7,31.71768,31.90647,-0.1888,-18.31321,-17.77485,-0.53836,3.0105,2.9894,33.04,0.00375,0.3,normal
13.71,31.71313,31.89198,-0.17885,-18.38266,-17.86236,-0.52031,3.0135,3.0,33.54,0.00271,0.3,normal
13.72,31.70912,31.87188,-0.16275,-18.45241,-17.95932,-0.49309,3.002,2.9823,33.18,0.00095,0.3,normal
13.73,31.70571,31.85977,-0.15406,-18.52245,-18.04991,-0.47254,2.9852,2.9967,32.83,0.00097,0.3,normal
13.74,31.70295,31.84017,-0.13722,-18.5928,-18.14852,-0.44428,3.0063,3.0,33.22,0.00238,0.3,normal
13.75,31.7009,31.82693,-0.12603,-18.66347,-18.24375,-0.41972,3.0231,2.9984,33.06,0.00057,0.3,normal
13.76,31.69963,31.80612,-0.10649,-18.73446,-18.34494,-0.38951,2.9846,3.0,33.34,0.00075,0.3,normal
13.77,31.6992,31.79041,-0.09121,-18.80577,-18.441,-0.36477,3.0067,3.0,33.26,0.00217,0.3,normal
13.78,31.69965,31.76799,-0.06834,-18.87743,-18.54347,-0.33395,2.998,3.0,33.09,0.00162,0.3,normal
13.79,31.70106,31.75018,-0.04912,-18.94942,-18.64001,-0.30942,2.9773,2.9971,33.41,0.00126,0.3,normal
13.8,31.70348,31.72534,-0.02186,-19.02177,-18.74566,-0.27611,3.0116,2.976,33.33,0.00342,0.3,normal
13.81,31.70697,31.70854,-0.00157,-19.09446,-18.84759,-0.24687,2.998,3.0,33.07,0.00056,0.3,normal
13.82,31.71157,31.68487,0.0267,-19.16752,-18.95615,-0.21137,3.0026,2.9839,33.18,0.00057,0.3,normal
13.83,31.71735,31.66883,0.04851,-19.24094,-19.05497,-0.18597,3.006,2.9952,33.28,0.003,0.3,normal
13.84,31.72435,31.64789,0.07646,-19.31472,-19.15569,-0.15903,2.9817,2.9892,33.16,0.00276,0.3,normal
13.85,31.73263,31.63509,0.09755,-19.38888,-19.24531,-0.14357,3.0068,2.9877,33.16,0.00074,0.3,normal
13.86,31.74225,31.61614,0.12611,-19.46341,-19.33889,-0.12452,2.983,2.9813,33.23,0.00151,0.3,normal
13.87,31.75325,31.60381,0.14944,-19.53831,-19.42422,-0.11409,3.0099,2.9957,33.06,0.00183,0.3,normal
13.88,31.76567,31.58727,0.1784,-19.61359,-19.51595,-0.09764,2.9825,3.0,32.89,0.00076,0.3,normal
13.89,31.77958,31.58285,0.19674,-19.68926,-19.60459,-0.08467,3.0001,3.0,33.27,0.00136,0.3,normal
13.9,31.79502,31.57208,0.22294,-19.7653,-19.69911,-0.06619,3.016,3.0,32.94,0.0028,0.3,normal
13.91,31.81202,31.56527,0.24676,-19.84173,-19.78665,-0.05508,2.9839,2.9942,33.09,0.00074,0.3,normal
13.92,31.83065,31.55499,0.27566,-19.91854,-19.87714,-0.0414,3.002,3.0,32.98,0.00213,0.3,normal
13.93,31.85094,31.55344,0.2975,-19.99573,-19.96127,-0.03446,2.9933,3.0,33.01,0.01455,0.3,normal
13.94,31.87293,31.54362,0.32931,-20.0733,-20.03771,-0.03559,2.9851,1.2596,33.32,0.01265,0.3,normal
13.95,31.89667,31.54138,0.35529,-20.15126,-19.99466,-0.1566,2.992,2.9978,33.23,0.00856,0.3,normal
13.96,31.9222,31.54119,0.381,-20.2296,-19.95976,-0.26983,1.8371,3.0,33.22,0.00944,0.3,normal
13.97,31.94955,31.6124,0.33715,-20.30831,-19.91903,-0.38928,3.0069,3.0,33.07,0.00578,0.3,normal
13.98,31.97877,31.67634,0.30243,-20.3874,-19.92575,-0.46165,3.008,2.9873,33.17,0.0065,0.3,normal
13.99,32.00989,31.7451,0.26478,-20.46686,-19.93396,-0.5329,2.9889,2.9876,33.33,0.04607,0.3,normal
14.0,24.65604,31.80767,-7.15162,-3.42281,-19.90473,16.48192,3.0126,2.9787,33.27,0.3,0.3,normal
14.01,24.65604,30.75873,-6.10268,-3.42281,-18.39423,14.97142,3.0139,2.9896,33.45,0.3,0.3,normal
14.02,24.65604,29.35917,-4.70312,-3.42281,-15.62425,12.20144,2.9951,3.0,33.52,0.085,0.3,normal
14.03,24.65604,28.24541,-3.58937,-3.42281,-13.31032,9.88751,3.0079,2.9891,33.37,0.16479,0.3,normal
14.04,24.65604,27.40382,-2.74778,-3.42281,-11.44457,8.02176,2.9863,3.0,33.16,0.10061,0.3,normal
14.05,24.65604,26.76204,-2.10599,-3.42281,-9.89155,6.46875,3.0266,3.0,33.35,0.08633,0.3,normal
14.06,24.65604,26.27297,-1.61693,-3.42281,-8.65538,5.23257,3.0258,2.9689,33.47,0.08477,0.3,normal
14.07,24.65604,25.87177,-1.21573,-3.42281,-7.63486,4.21205,3.0059,2.9803,33.38,0.02516,0.3,normal
14.08,24.65604,25.58577,-0.92973,-3.42281,-6.82826,3.40545,3.0175,2.988,33.35,0.06936,0.3,normal
14.09,24.65604,25.38657,-0.73052,-3.42281,-6.13039,2.70759,2.9971,2.992,33.53,0.04673,0.3,normal
14.1,24.65604,25.1863,-0.53026,-3.42281,-5.6189,2.19609,3.0034,2.9753,33.89,0.0018,0.3,normal
14.11,24.65604,24.99608,-0.34004,-3.42281,-5.1049,1.6821,2.9963,2.9944,33.47,0.02138,0.3,normal
14.12,24.65604,24.82583,-0.16978,-3.42281,-4.71703,1.29422,2.5886,2.9931,33.55,0.04359,0.3,normal
14.13,24.65604,24.70875,-0.05271,-3.42281,-4.4015,0.97869,1.6228,3.0,33.35,0.02492,0.3,normal
14.14,24.65604,24.66625,-0.0102,-3.42281,-4.17316,0.75035,2.9912,2.9979,33.74,0.00329,0.3,normal
14.15,24.65604,24.62816,0.02789,-3.42281,-3.94284,0.52003,3.0284,3.0,33.69,0.02153,0.3,normal
14.16,24.65604,24.58221,0.07383,-3.42281,-3.72685,0.30405,2.9999,3.0,33.69,0.00842,0.3,normal
14.17,24.65604,24.54469,0.11136,-3.42281,-3.57198,0.14917,2.9898,2.9895,33.77,0.03082,0.3,normal
14.18,24.65604,24.49904,0.157,-3.42281,-3.4397,0.01689,3.0052,2.9915,33.51,0.02099,0.3,normal
14.19,24.65604,24.46089,0.19515,-3.42281,-3.42041,-0.00239,3.0074,2.9939,33.53,0.02128,0.3,normal
14.2,24.65604,24.42587,0.23017,-3.42281,-3.48246,0.05965,2.9955,3.0,33.84,0.01399,0.3,normal
14.21,24.65604,24.4083,0.24775,-3.42281,-3.442,0.0192,3.012,3.0,33.68,0.01384,0.3,normal
14.22,24.65604,24.38513,0.27091,-3.42281,-3.3991,-0.02371,2.8256,2.9903,33.26,0.00201,0.3,normal
14.23,24.65604,24.38154,0.2745,-3.42281,-3.35061,-0.0722,2.9766,3.0,33.66,0.00277,0.3,normal
14.24,24.65604,24.37458,0.28146,-3.42281,-3.30684,-0.11597,2.9805,3.0,33.51,0.00233,0.3,normal
14.25,24.65604,24.37382,0.28223,-3.42281,-3.25782,-0.16499,3.0004,3.0,33.74,0.00189,0.3,normal
14.26,24.65604,24.37856,0.27748,-3.42281,-3.2153,-0.20751,2.997,2.9958,33.66,0.00319,0.3,normal
14.27,24.65604,24.3974,0.25864,-3.42281,-3.16735,-0.25545,3.0045,2.9849,33.35,0.0011,0.3,normal
14.28,24.65604,24.40876,0.24728,-3.42281,-3.12571,-0.2971,2.999,3.0,33.65,0.00267,0.3,normal
14.29,24.65604,24.42648,0.22957,-3.42281,-3.08276,-0.34005,2.9693,3.0,33.64,0.00465,0.3,normal
14.3,24.65604,24.43755,0.2185,-3.42281,-3.0686,-0.35421,2.9971,2.9972,33.67,0.00214,0.3,normal
14.31,24.65604,24.45251,0.20354,-3.42281,-3.04997,-0.37283,3.017,2.9923,33.71,0.0006,0.3,normal
14.32,24.65604,24.46252,0.19353,-3.42281,-3.03531,-0.38749,2.9921,2.9924,33.85,0.00116,0.3,normal
14.33,24.65604,24.4827,0.17334,-3.42281,-3.01511,-0.4077,3.0,2.9994,33.69,0.00668,0.3,normal
14.34,24.65604,24.4943,0.16174,-3.42281,-3.03759,-0.38522,2.9805,2.994,33.63,0.00502,0.3,normal
14.35,24.65604,24.51296,0.14309,-3.42281,-3.06099,-0.36182,3.0011,2.9875,33.81,0.00093,0.3,normal
14.36,24.65604,24.52859,0.12745,-3.42281,-3.09037,-0.33244,3.0002,2.9929,33.97,0.00191,0.3,normal
14.37,24.65604,24.55247,0.10357,-3.42281,-3.11349,-0.30931,3.0233,2.9983,33.78,0.00127,0.3,normal
14.38,24.65604,24.56697,0.08907,-3.42281,-3.14238,-0.28042,3.0302,3.0,33.68,0.00144,0.3,normal
14.39,24.65604,24.58761,0.06844,-3.42281,-3.16754,-0.25527,3.0191,3.0,33.71,0.00236,0.3,normal
14.4,24.65604,24.60116,0.05489,-3.42281,-3.20065,-0.22216,3.0042,3.0,33.69,0.00137,0.3,normal
14.41,24.65604,24.62071,0.03533,-3.42281,-3.22921,-0.1936,3.0076,3.0,33.66,0.00032,0.3,normal
14.42,24.65604,24.63278,0.02327,-3.42281,-3.26333,-0.15948,3.0012,2.9677,33.99,0.00265,0.3,normal
14.43,24.65604,24.65034,0.0057,-3.42281,-3.28999,-0.13282,3.0149,2.9824,33.55,0.00147,0.3,normal
14.44,24.65604,24.66322,-0.00718,-3.42281,-3.32043,-0.10238,3.0167,3.0,33.84,0.00088,0.3,normal
14.45,24.65604,24.68204,-0.026,-3.42281,-3.34343,-0.07938,3.0128,2.9738,33.65,0.00145,0.3,normal
14.46,24.65604,24.69437,-0.03832,-3.42281,-3.37192,-0.05089,3.0131,2.9943,33.45,0.00095,0.3,normal
14.47,24.65604,24.71307,-0.05703,-3.42281,-3.39365,-0.02916,3.0088,3.0,33.65,0.00057,0.3,normal
14.48,24.65604,24.72539,-0.06934,-3.42281,-3.42135,-0.00146,3.0138,3.0,33.6,0.00212,0.3,normal
14.49,24.65604,24.74513,-0.08908,-3.42281,-3.44312,0.02031,2.9968,2.9813,33.77,0.00182,0.3,normal
14.5,24.65604,24.75967,-0.10363,-3.42281,-3.47036,0.04756,3.0368,2.9937,33.7,0.00081,0.3,normal
14.51,24.65604,24.78008,-0.12403,-3.42281,-3.4914,0.0686,2.9981,3.0,33.54,0.00183,0.3,normal
14.52,24.65604,24.79646,-0.14042,-3.42281,-3.5209,0.09809,3.0061,2.9863,33.92,0.00202,0.3,normal
14.53,24.65604,24.81604,-0.15999,-3.42281,-3.54303,0.12023,3.002,2.996,33.87,0.00015,0.3,normal
14.54,24.65604,24.82922,-0.17317,-3.42281,-3.56959,0.14678,3.0069,3.0,33.94,0.00191,0.3,normal
14.55,24.65604,24.85117,-0.19513,-3.42281,-3.58985,0.16704,3.0031,3.0,33.74,0.00229,0.3,normal
14.56,24.65604,24.86817,-0.21213,-3.42281,-3.61807,0.19527,3.0129,2.9977,33.71,0.00017,0.3,normal
14.57,24.65604,24.89249,-0.23645,-3.42281,-3.64139,0.21858,3.0028,2.9958,33.82,0.00187,0.3,normal
14.58,24.65604,24.90946,-0.25342,-3.42281,-3.66954,0.24674,2.9795,2.984,33.63,0.00185,0.3,normal
14.59,24.65604,24.93207,-0.27602,-3.42281,-3.6899,0.2671,2.9911,3.0,33.74,0.00405,0.3,normal
14.6,24.65604,24.91007,-0.25403,-3.42281,-3.71863,0.29582,2.9859,2.9912,33.7,0.00549,0.3,normal
14.61,24.65604,24.89307,-0.23702,-3.42281,-3.74,0.31719,2.9772,3.0,33.51,0.01242,0.3,normal
14.62,24.65604,24.87094,-0.2149,-3.42281,-3.69411,0.27131,2.9964,2.9935,33.76,0.00985,0.3,normal
14.63,24.65604,24.85473,-0.19869,-3.42281,-3.61294,0.19013,3.0193,2.9993,33.67,0.00184,0.3,normal
14.64,24.65604,24.82934,-0.1733,-3.42281,-3.53649,0.11368,2.9944,2.9959,33.71,0.00269,0.3,normal
14.65,24.65604,24.80797,-0.15192,-3.42281,-3.45271,0.0299,2.9765,2.9936,33.8,0.00016,0.3,normal
14.66,24.65604,24.77861,-0.12257,-3.42281,-3.37536,-0.04744,3.0064,3.0,33.94,0.00136,0.3,normal
14.67,24.65604,24.75535,-0.09931,-3.42281,-3.28925,-0.13355,3.0003,3.0,33.63,0.00852,0.3,normal
14.68,24.65604,24.72552,-0.06948,-3.42281,-3.27513,-0.14767,3.0374,3.0,33.71,0.00685,0.3,normal
14.69,24.65604,24.69833,-0.04228,-3.42281,-3.25563,-0.16718,2.9736,3.0,33.65,5e-05,0.3,normal
14.7,24.65604,24.66752,-0.01147,-3.42281,-3.24298,-0.17983,3.006,2.9803,33.64,0.00293,0.3,normal
14.71,24.65604,24.64373,0.01232,-3.42281,-3.22433,-0.19847,3.0085,2.9997,33.68,0.00111,0.3,normal
14.72,24.65604,24.61129,0.04476,-3.42281,-3.21605,-0.20676,3.018,3.0,33.74,0.00049,0.3,normal
14.73,24.65604,24.58515,0.07089,-3.42281,-3.20082,-0.22198,3.0024,3.0,33.86,0.00318,0.3,normal
14.74,24.65604,24.55424,0.1018,-3.42281,-3.18816,-0.23465,2.9946,3.0,33.83,0.00152,0.3,normal
14.75,24.65604,24.53025,0.12579,-3.42281,-3.16785,-0.25496,3.0002,2.9636,33.63,0.00076,0.3,normal
14.76,24.65604,24.49983,0.15621,-3.42281,-3.15144,-0.27137,3.0063,2.9914,33.98,0.00248,0.3,normal
14.77,24.65604,24.47478,0.18126,-3.42281,-3.12974,-0.29307,2.9867,3.0,33.93,0.00447,0.3,normal
14.78,24.65604,24.44447,0.21157,-3.42281,-3.12386,-0.29895,3.0138,2.998,33.66,0.00362,0.3,normal
14.79,24.65604,24.42001,0.23604,-3.42281,-3.12979,-0.29302,2.9874,2.9863,33.98,0.00392,0.3,normal
14.8,24.65604,24.40196,0.25408,-3.42281,-3.14379,-0.27902,3.0146,2.9979,33.85,0.00306,0.3,normal
14.81,24.65604,24.39639,0.25965,-3.42281,-3.15018,-0.27263,2.9961,3.0,33.79,0.00063,0.3,normal
14.82,24.65604,24.38828,0.26776,-3.42281,-3.16375,-0.25906,2.9934,2.9876,33.87,0.00219,0.3,normal
14.83,24.65604,24.38485,0.27119,-3.42281,-3.17336,-0.24945,3.0057,2.9877,33.81,0.00528,0.3,normal
14.84,24.65604,24.41111,0.24494,-3.42281,-3.18866,-0.23415,2.9924,2.9791,33.9,0.00344,0.3,normal
14.85,24.65604,24.44595,0.2101,-3.42281,-3.19631,-0.2265,2.9911,2.9827,33.85,0.00201,0.3,normal
14.86,24.65604,24.47375,0.1823,-3.42281,-3.20929,-0.21352,2.9882,2.9844,33.78,0.00196,0.3,normal
14.87,24.65604,24.50909,0.14695,-3.42281,-3.21255,-0.21025,2.9868,2.993,33.53,0.00038,0.3,normal
14.88,24.65604,24.53776,0.11828,-3.42281,-3.21963,-0.20318,3.0141,3.0,33.91,0.00181,0.3,normal
14.89,24.65604,24.57294,0.08311,-3.42281,-3.22273,-0.20007,2.99,3.0,33.78,0.0017,0.3,normal
14.9,24.65604,24.60304,0.053,-3.42281,-3.22974,-0.19307,2.9948,3.0,33.96,0.00082,0.3,normal
14.91,24.65604,24.6422,0.01384,-3.42281,-3.23073,-0.19208,2.9858,2.9914,33.92,0.00153,0.3,normal
14.92,24.65604,24.67586,-0.01982,-3.42281,-3.23943,-0.18338,3.0045,3.0,33.79,0.00187,0.3,normal
14.93,24.65604,24.71671,-0.06066,-3.42281,-3.24232,-0.18049,2.9827,2.9714,34.0,0.00094,0.3,normal
14.94,24.65604,24.75244,-0.0964,-3.42281,-3.24975,-0.17306,3.0048,3.0,33.88,0.00192,0.3,normal
14.95,24.65604,24.79583,-0.13979,-3.42281,-3.24989,-0.17292,2.9957,2.9844,33.88,0.00213,0.3,normal
14.96,24.65604,24.83606,-0.18002,-3.42281,-3.25802,-0.16479,3.0032,3.0,33.84,0.00703,0.3,normal
14.97,24.65604,24.86885,-0.21281,-3.42281,-3.25942,-0.16339,3.0238,2.9972,34.12,0.00775,0.3,normal
14.98,24.65604,24.84059,-0.18454,-3.42281,-3.26483,-0.15797,2.9727,2.9815,33.76,0.00263,0.3,normal
14.99,24.65604,24.82233,-0.16628,-3.42281,-3.26617,-0.15664,2.9849,2.9812,33.82,0.00068,0.3,normal
15.0,24.65604,24.79652,-0.14048,-3.42281,-3.27499,-0.14782,3.0158,2.9964,33.69,0.0013,0.3,normal
15.01,24.65604,24.77616,-0.12011,-3.42281,-3.27666,-0.14614,2.9855,2.9897,33.99,0.00274,0.3,normal
15.02,24.65604,24.75214,-0.0961,-3.42281,-3.28246,-0.14035,2.9924,3.0,33.8,0.00082,0.3,normal
15.03,24.65604,24.73581,-0.07976,-3.42281,-3.28325,-0.13956,3.0022,2.9993,33.82,0.00105,0.3,normal
15.04,24.65604,24.71506,-0.05902,-3.42281,-3.29273,-0.13007,2.9975,3.0,33.81,0.00268,0.3,normal
15.05,24.65604,24.6989,-0.04285,-3.42281,-3.294,-0.1288,3.003,2.9764,33.91,0.00107,0.3,normal
15.06,24.65604,24.67447,-0.01843,-3.42281,-3.30059,-0.12222,2.9719,3.0,33.71,0.00148,0.3,normal
15.07,24.65604,24.65871,-0.00266,-3.42281,-3.30285,-0.11996,2.9969,3.0,33.57,0.00253,0.3,normal
15.08,24.65604,24.63861,0.01743,-3.42281,-3.31437,-0.10844,2.9914,3.0,33.98,0.0016,0.3,normal
15.09,24.65604,24.62749,0.02856,-3.42281,-3.31849,-0.10432,3.0296,3.0,33.6,0.00056,0.3,normal
15.1,24.65604,24.60855,0.0475,-3.42281,-3.33417,-0.08864,3.0149,3.0,34.05,0.00243,0.3,normal
15.11,24.65604,24.59444,0.0616,-3.42281,-3.34592,-0.07689,2.9781,2.984,34.15,0.00177,0.3,normal
15.12,24.65604,24.57275,0.0833,-3.42281,-3.36581,-0.057,3.0018,2.9794,33.9,0.00101,0.3,normal
15.13,24.65604,24.55517,0.10088,-3.42281,-3.38347,-0.03933,2.98,3.0,34.12,0.00191,0.3,normal
15.14,24.65604,24.53211,0.12393,-3.42281,-3.40734,-0.01547,2.9963,2.9944,33.93,0.00163,0.3,normal
15.15,24.65604,24.51453,0.14152,-3.42281,-3.42317,0.00036,2.9943,3.0,34.18,5e-05,0.3,normal
15.16,24.65604,24.49405,0.16199,-3.42281,-3.44589,0.02308,2.9834,2.9891,33.87,0.00172,0.3,normal
15.17,24.65604,24.48035,0.1757,-3.42281,-3.46163,0.03882,3.023,3.0,33.59,0.00116,0.3,normal
15.18,24.65604,24.46043,0.19562,-3.42281,-3.48556,0.06275,2.9977,2.9918,33.94,0.00097,0.3,normal
15.19,24.65604,24.44805,0.208,-3.42281,-3.50318,0.08037,2.9968,3.0,34.21,0.0024,0.3,normal
15.2,24.65604,24.43069,0.22536,-3.42281,-3.52496,0.10216,2.9787,2.9913,34.04,0.00695,0.3,normal
15.21,24.65604,24.44467,0.21137,-3.42281,-3.53735,0.11455,3.0175,3.0,33.89,0.00511,0.3,normal
15.22,24.65604,24.47625,0.17979,-3.42281,-3.5551,0.1323,2.9998,2.9797,34.02,0.00203,0.3,normal
15.23,24.65604,24.51292,0.14312,-3.42281,-3.56521,0.1424,3.0074,3.0,34.11,0.00234,0.3,normal
15.24,24.65604,24.54193,0.11411,-3.42281,-3.58501,0.1622,3.0066,2.9661,33.96,0.0,0.3,normal
15.25,24.65604,24.57798,0.07807,-3.42281,-3.59867,0.17586,2.9914,3.0,34.37,0.00201,0.3,normal
15.26,24.65604,24.60863,0.04741,-3.42281,-3.6193,0.19649,3.0276,3.0,33.9,0.00264,0.3,normal
15.27,24.65604,24.64685,0.00919,-3.42281,-3.6358,0.21299,2.9972,3.0,34.13,0.00089,0.3,normal
15.28,24.65604,24.67984,-0.02379,-3.42281,-3.66073,0.23792,2.9897,3.0,34.1,0.00212,0.3,normal
15.29,24.65604,24.72245,-0.0664,-3.42281,-3.67562,0.25281,2.9641,3.0,33.88,0.00183,0.3,normal
15.3,24.65604,24.76056,-0.10452,-3.42281,-3.69578,0.27298,2.9901,2.9641,33.93,0.00051,0.3,normal
15.31,24.65604,24.80815,-0.15211,-3.42281,-3.71194,0.28913,3.0085,3.0,34.15,0.00156,0.3,normal
15.32,24.65604,24.85081,-0.19477,-3.42281,-3.7355,0.3127,3.003,2.9907,34.02,0.00314,0.3,normal
15.33,24.65604,24.8948,-0.23875,-3.42281,-3.75191,0.3291,3.0015,3.0,34.05,0.00726,0.3,normal
15.34,24.65604,24.88759,-0.23155,-3.42281,-3.77906,0.35626,2.9958,3.0,33.76,0.00678,0.3,normal
15.35,24.65604,24.87586,-0.21982,-3.42281,-3.80535,0.38255,2.998,2.9978,34.11,0.00466,0.3,normal
15.36,24.65604,24.85848,-0.20243,-3.42281,-3.82299,0.40018,2.9976,2.9819,34.06,0.00367,0.3,normal
15.37,24.65604,24.84883,-0.19279,-3.42281,-3.82602,0.40322,3.0063,2.9921,34.01,0.00052,0.3,normal
15.38,24.65604,24.83169,-0.17564,-3.42281,-3.83543,0.41262,2.9612,3.0,34.08,0.00312,0.3,normal
15.39,24.65604,24.82136,-0.16532,-3.42281,-3.83957,0.41676,2.9947,2.987,33.97,0.00357,0.3,normal
15.4,24.65604,24.80663,-0.15059,-3.42281,-3.84768,0.42488,2.9875,2.5775,33.94,0.00313,0.3,normal
15.41,24.65604,24.79965,-0.14361,-3.42281,-3.82219,0.39938,3.0076,3.0,34.0,0.00232,0.3,normal
15.42,24.65604,24.78547,-0.12942,-3.42281,-3.80381,0.381,2.994,3.0,33.97,0.00088,0.3,normal
15.43,24.65604,24.77616,-0.12012,-3.42281,-3.78036,0.35756,2.9854,3.0,34.37,0.00076,0.3,normal
15.44,24.65604,24.75916,-0.10312,-3.42281,-3.76053,0.33772,2.9962,3.0,34.18,0.00296,0.3,normal
15.45,24.65604,24.74795,-0.09191,-3.42281,-3.73073,0.30792,3.0023,3.0,33.9,0.0012,0.3,normal
15.46,24.65604,24.72997,-0.07393,-3.42281,-3.70882,0.28601,2.989,3.0,34.36,0.00035,0.3,normal
15.47,24.65604,24.71539,-0.05935,-3.42281,-3.68041,0.2576,2.9763,2.9811,33.99,0.00208,0.3,normal
15.48,24.65604,24.69711,-0.04107,-3.42281,-3.65781,0.235,3.0073,2.9772,34.07,0.00066,0.3,normal
15.49,24.65604,24.68351,-0.02747,-3.42281,-3.62836,0.20555,3.0322,3.0,34.2,0.0,0.3,normal
15.5,24.65604,24.66232,-0.00627,-3.42281,-3.60518,0.18237,2.9916,2.9946,33.77,0.00265,0.3,normal
15.51,24.65604,24.6508,0.00525,-3.42281,-3.57816,0.15535,2.9895,3.0,34.04,0.00248,0.3,normal
15.52,24.65604,24.6364,0.01965,-3.42281,-3.56391,0.1411,2.9985,2.9891,33.99,0.00068,0.3,normal
15.53,24.65604,24.62666,0.02938,-3.42281,-3.54584,0.12303,3.0072,2.9723,34.11,0.00244,0.3,normal
15.54,24.65604,24.61246,0.04358,-3.42281,-3.53494,0.11213,3.0025,2.9888,34.14,0.00167,0.3,normal
15.55,24.65604,24.60333,0.05271,-3.42281,-3.51852,0.09571,2.9739,3.0,34.08,7e-05,0.3,normal
15.56,24.65604,24.58569,0.07035,-3.42281,-3.50864,0.08584,2.9883,3.0,34.07,0.00152,0.3,normal
15.57,24.65604,24.57531,0.08074,-3.42281,-3.49439,0.07158,2.9903,2.9933,34.25,0.00226,0.3,normal
15.58,24.65604,24.5581,0.09794,-3.42281,-3.48759,0.06478,2.9693,2.9821,34.14,0.00114,0.3,normal
15.59,24.65604,24.54724,0.1088,-3.42281,-3.46982,0.04701,2.9953,3.0,34.11,0.00191,0.3,normal
15.6,24.65604,24.5308,0.12524,-3.42281,-3.45714,0.03434,3.0021,3.0,34.13,0.00171,0.3,normal
15.61,24.65604,24.52004,0.13601,-3.42281,-3.43973,0.01692,2.9756,3.0,34.39,0.00092,0.3,normal
15.62,24.65604,24.50289,0.15315,-3.42281,-3.4327,0.00989,2.9932,3.0,34.14,0.00196,0.3,normal
15.63,24.65604,24.49119,0.16486,-3.42281,-3.42122,-0.00159,3.0047,3.0,34.04,0.00218,0.3,normal
15.64,24.65604,24.47479,0.18126,-3.42281,-3.41737,-0.00544,3.0115,2.9931,33.84,0.00058,0.3,normal
15.65,24.65604,24.46486,0.19118,-3.42281,-3.40776,-0.01505,2.9919,3.0,33.91,0.00172,0.3,normal
15.66,24.65604,24.4508,0.20524,-3.42281,-3.40823,-0.01458,2.9829,2.9973,34.06,0.00249,0.3,normal
15.67,24.65604,24.44359,0.21246,-3.42281,-3.40454,-0.01826,2.997,2.9959,34.12,0.00028,0.3,normal
15.68,24.65604,24.43023,0.22581,-3.42281,-3.40817,-0.01464,2.9958,3.0,34.05,0.0018,0.3,normal
15.69,24.65604,24.42019,0.23586,-3.42281,-3.40526,-0.01755,3.0099,3.0,34.19,0.00465,0.3,normal
15.7,24.65604,24.42082,0.23522,-3.42281,-3.40846,-0.01434,2.9861,3.0,34.06,0.00315,0.3,normal
15.71,24.65604,24.43455,0.22149,-3.42281,-3.4098,-0.01301,3.0015,2.9985,34.01,0.00106,0.3,normal
15.72,24.65604,24.44078,0.21527,-3.42281,-3.41749,-0.00532,2.9988,3.0,34.24,0.00218,0.3,normal
15.73,24.65604,24.45304,0.20301,-3.42281,-3.41868,-0.00413,2.9961,3.0,34.36,0.00185,0.3,normal
15.74,24.65604,24.45925,0.1968,-3.42281,-3.42191,-0.0009,3.0096,3.0,33.99,0.00122,0.3,normal
15.75,24.65604,24.47122,0.18482,-3.42281,-3.41751,-0.0053,2.9897,2.964,34.2,0.00278,0.3,normal
15.76,24.65604,24.47846,0.17759,-3.42281,-3.41717,-0.00564,2.9928,3.0,33.88,0.00112,0.3,normal
15.77,24.65604,24.49301,0.16303,-3.42281,-3.40892,-0.01388,2.9964,3.0,33.95,0.00039,0.3,normal
15.78,24.65604,24.50023,0.15581,-3.42281,-3.4073,-0.0155,2.9892,3.0,34.09,0.00268,0.3,normal
15.79,24.65604,24.51468,0.14136,-3.42281,-3.39931,-0.02349,3.0098,2.9765,34.35,0.0013,0.3,normal
15.8,24.65604,24.5216,0.13444,-3.42281,-3.39787,-0.02493,2.9777,2.9644,34.06,0.00024,0.3,normal
15.81,24.65604,24.53404,0.12201,-3.42281,-3.38998,-0.03283,2.9936,3.0,34.06,0.00238,0.3,normal
15.82,24.65604,24.53911,0.11694,-3.42281,-3.3876,-0.03521,2.9967,2.9831,34.19,0.0016,0.3,normal
15.83,24.65604,24.55006,0.10599,-3.42281,-3.37956,-0.04325,2.9848,3.0,34.2,0.0,0.3,normal
15.84,24.65604,24.5551,0.10094,-3.42281,-3.37854,-0.04427,2.989,3.0,34.08,0.00182,0.3,normal
15.85,24.65604,24.56585,0.09019,-3.42281,-3.37231,-0.0505,2.9955,2.9887,34.5,0.00245,0.3,normal
15.86,24.65604,24.57339,0.08266,-3.42281,-3.36942,-0.05339,3.0089,3.0,34.16,0.00016,0.3,normal
15.87,24.65604,24.58964,0.06641,-3.42281,-3.3596,-0.06321,2.9952,3.0,34.22,0.00126,0.3,normal
15.88,24.65604,24.59852,0.05752,-3.42281,-3.35469,-0.06812,3.0136,3.0,34.15,0.002,0.3,normal
15.89,24.65604,24.61155,0.04449,-3.42281,-3.34622,-0.07659,3.0129,2.9888,34.28,0.00116,0.3,normal
15.9,24.65604,24.61611,0.03994,-3.42281,-3.34754,-0.07527,3.0224,2.9725,34.4,0.0019,0.3,normal
15.91,24.65604,24.62667,0.02937,-3.42281,-3.34332,-0.07949,2.9981,2.9986,34.47,0.00261,0.3,normal
15.92,24.65604,24.63089,0.02515,-3.42281,-3.34086,-0.08195,2.978,3.0,34.11,0.00043,0.3,normal
15.93,24.65604,24.63966,0.01638,-3.42281,-3.33235,-0.09046,3.0029,2.9814,34.39,0.00122,0.3,normal
15.94,24.65604,24.64436,0.01168,-3.42281,-3.3283,-0.0945,3.0105,3.0,34.31,0.00181,0.3,normal
15.95,24.65604,24.65761,-0.00157,-3.42281,-3.31963,-0.10317,2.982,3.0,34.38,0.00037,0.3,normal
15.96,24.65604,24.66555,-0.00951,-3.42281,-3.31958,-0.10322,2.9981,2.9888,34.22,0.00183,0.3,normal
15.97,24.65604,24.6762,-0.02015,-3.42281,-3.3128,-0.11001,3.0193,2.9953,34.21,0.00257,0.3,normal
15.98,24.65604,24.67884,-0.02279,-3.42281,-3.31241,-0.1104,3.0024,2.9986,34.39,0.00038,0.3,normal
15.99,24.65604,24.68675,-0.03071,-3.42281,-3.3052,-0.11761,2.9827,2.9908,34.39,0.03994,0.3,normal
16.0,45.89935,24.7285,21.17084,-20.22837,-3.30469,-16.92369,3.0178,3.0,34.49,0.3,0.3,normal
16.01,45.69571,26.09221,19.60351,-20.02658,-4.60262,-15.42396,3.0015,3.0,34.34,0.3,0.3,normal
16.02,45.48801,29.37471,16.1133,-19.82258,-7.38244,-12.44015,3.0031,3.0,34.39,0.11631,0.3,normal
16.03,45.27629,33.19371,12.08258,-19.61641,-9.71384,-9.90257,2.9978,2.9865,34.11,0.24718,0.3,normal
16.04,45.06059,36.10722,8.95337,-19.40809,-11.56386,-7.84423,2.9872,3.0,34.29,0.25281,0.3,normal
16.05,44.84094,38.3222,6.51874,-19.19763,-13.07024,-6.12739,2.9796,2.9939,34.52,0.21308,0.3,normal
16.06,44.61741,39.94882,4.66859,-18.98507,-14.22031,-4.76476,2.991,2.9606,34.44,0.12492,0.3,normal
16.07,44.39003,41.15333,3.2367,-18.77041,-15.14126,-3.62915,3.0108,3.0,34.76,0.12358,0.3,normal
16.08,44.15886,41.99675,2.16211,-18.5537,-15.84414,-2.70956,3.0088,3.0,34.45,0.08814,0.3,normal
16.09,43.92395,42.62773,1.29622,-18.33494,-16.35977,-1.97518,2.9909,3.0,34.59,0.04541,0.3,normal
16.1,43.68533,43.04031,0.64502,-18.11417,-16.74645,-1.36773,3.0051,3.0,34.6,0.04165,0.3,normal
16.11,43.44308,43.33773,0.10535,-17.89141,-17.03651,-0.85491,2.991,3.0,34.86,0.06728,0.3,normal
16.12,43.19724,43.44743,-0.25019,-17.66669,-17.1967,-0.46999,2.9976,3.0,34.59,0.06815,0.3,normal
16.13,42.94786,43.52524,-0.57738,-17.44003,-17.26076,-0.17927,3.0012,2.9992,34.75,0.01213,0.3,normal
16.14,42.695,43.54317,-0.84816,-17.21146,-17.32912,0.11766,3.0053,2.9893,34.72,0.01778,0.3,normal
16.15,42.43872,43.487,-1.04828,-16.981,-17.39278,0.41178,3.0045,3.0,34.83,0.0403,0.3,normal
16.16,42.17908,43.38568,-1.2066,-16.74869,-17.38805,0.63936,2.9995,0.8333,34.82,0.01941,0.3,normal
16.17,41.91613,43.24845,-1.33232,-16.51454,-17.34556,0.83102,3.0068,3.0,34.7,0.01311,0.3,normal
16.18,41.64993,43.07575,-1.42582,-16.2786,-17.25914,0.98054,2.9707,3.0,34.46,0.01317,0.3,normal
16.19,41.38055,42.87345,-1.4929,-16.04088,-17.15641,1.11553,3.014,2.9762,34.68,0.01143,0.3,normal
16.2,41.10805,42.64116,-1.53311,-15.80142,-17.01719,1.21578,3.0052,2.9902,34.72,0.01875,0.3,normal
16.21,40.83248,42.42095,-1.58847,-15.56024,-16.82011,1.25988,3.0067,2.9885,34.78,0.02234,0.3,normal
16.22,40.55392,42.14738,-1.59346,-15.31737,-16.54774,1.23036,2.9843,3.0,34.64,0.01015,0.3,normal
16.23,40.27242,41.84857,-1.57615,-15.07285,-16.27489,1.20204,2.9956,2.9675,34.93,0.00153,0.3,normal
16.24,39.98806,41.54659,-1.55852,-14.82671,-16.0148,1.18809,3.0136,2.9945,34.77,0.00292,0.3,normal
16.25,39.7009,41.25464,-1.55374,-14.57897,-15.75203,1.17306,3.0034,3.0,34.64,0.00352,0.3,normal
16.26,39.411,40.96146,-1.55046,-14.32966,-15.49905,1.16938,3.0023,3.0,34.72,0.00213,0.3,normal
16.27,39.11844,40.68104,-1.56259,-14.07883,-15.24366,1.16483,2.9948,2.9915,35.09,0.0041,0.3,normal
16.28,38.82329,40.39968,-1.5764,-13.82649,-14.99811,1.17161,2.9696,3.0,34.91,0.00331,0.3,normal
16.29,38.5256,40.12983,-1.60423,-13.57269,-14.75257,1.17988,3.022,3.0,34.98,0.00187,0.3,normal
16.3,38.22546,39.85498,-1.62951,-13.31745,-14.52012,1.20267,3.0059,3.0,34.67,0.01478,0.3,normal
16.31,37.92293,39.53442,-1.61148,-13.06081,-14.2833,1.22249,2.9967,2.9906,34.74,0.01511,0.3,normal
16.32,37.61809,39.13591,-1.51782,-12.8028,-14.05715,1.25435,2.9927,3.0,34.75,0.00235,0.3,normal
16.33,37.31101,38.74891,-1.4379,-12.54346,-13.827,1.28355,3.0065,3.0,34.89,0.00354,0.3,normal
16.34,37.00175,38.36375,-1.36199,-12.28281,-13.6085,1.32568,2.9778,2.9813,34.85,0.00547,0.3,normal
16.35,36.6904,37.9939,-1.3035,-12.02089,-13.39254,1.37164,2.9921,2.9792,34.82,0.01242,0.3,normal
16.36,36.37703,37.68579,-1.30876,-11.75774,-13.18902,1.43128,2.9803,2.9971,34.84,0.01174,0.3,normal
16.37,36.06171,37.41499,-1.35328,-11.49339,-12.98503,1.49164,3.0083,3.0,34.79,0.0106,0.3,normal
16.38,35.74452,37.14443,-1.39992,-11.22788,-12.7243,1.49642,2.9842,2.9746,34.89,0.00929,0.3,normal
16.39,35.42553,36.88669,-1.46117,-10.96124,-12.44387,1.48263,3.0134,3.0,35.1,0.00124,0.3,normal
16.4,35.10481,36.62545,-1.52064,-10.6935,-12.17325,1.47975,3.0015,2.9801,34.71,0.00887,0.3,normal
16.41,34.78245,36.31453,-1.53208,-10.4247,-11.90338,1.47868,3.0003,2.9758,35.0,0.00693,0.3,normal
16.42,34.45852,36.00282,-1.5443,-10.15488,-11.64576,1.49088,2.9911,2.9723,35.17,0.0029,0.3,normal
16.43,34.13309,35.70314,-1.57004,-9.88408,-11.38673,1.50265,3.0181,2.9844,34.94,0.00447,0.3,normal
16.44,33.80625,35.40505,-1.59879,-9.61232,-11.13909,1.52677,2.9951,2.9845,34.9,0.01081,0.3,normal
16.45,33.47807,35.00455,-1.52648,-9.33965,-10.88734,1.54769,2.984,3.0,35.13,0.01143,0.3,normal
16.46,33.14863,34.6054,-1.45677,-9.0661,-10.64316,1.57707,3.0092,3.0,34.86,0.00302,0.3,normal
16.47,32.81801,34.21532,-1.39731,-8.79171,-10.39455,1.60284,2.9876,3.0,35.02,0.00548,0.3,normal
16.48,32.48628,33.82019,-1.33392,-8.51651,-10.12616,1.60965,3.02,3.0,34.88,0.00562,0.3,normal
16.49,32.15352,33.43526,-1.28174,-8.24055,-9.83212,1.59157,2.9747,2.9962,34.76,0.00437,0.3,normal
16.5,31.81981,33.05194,-1.23214,-7.96386,-9.54872,1.58486,3.0149,3.0,35.03,0.00366,0.3,normal
16.51,31.48522,32.68374,-1.19852,-7.68648,-9.26218,1.5757,2.9802,3.0,34.88,0.00366,0.3,normal
16.52,31.14985,32.32406,-1.17422,-7.40844,-8.98647,1.57803,3.0396,2.9861,35.08,0.00431,0.3,normal
16.53,30.81375,31.97893,-1.16518,-7.12978,-8.7079,1.57812,3.0166,3.0,35.26,0.00178,0.3,normal
16.54,30.47702,31.63011,-1.15309,-6.85054,-8.43612,1.58558,3.0037,2.9912,35.38,0.00107,0.3,normal
16.55,30.13973,31.29134,-1.15161,-6.57077,-8.16257,1.5918,3.0236,2.9932,35.13,0.00405,0.3,normal
16.56,29.80195,30.94839,-1.14644,-6.29048,-7.90106,1.61057,3.0055,2.9815,35.28,0.00428,0.3,normal
16.57,29.46377,30.61691,-1.15313,-6.00974,-7.62977,1.62003,2.9852,3.0,35.2,0.00323,0.3,normal
16.58,29.12527,30.28635,-1.16108,-5.72856,-7.34591,1.61734,3.0007,2.9975,35.09,0.00321,0.3,normal
16.59,28.78651,29.96802,-1.18151,-5.447,-7.05873,1.61173,3.0017,2.9883,34.87,0.00446,0.3,normal
16.6,28.44758,29.64986,-1.20228,-5.16508,-6.78526,1.62018,2.9977,2.9926,35.41,0.00526,0.3,normal
16.61,28.10856,29.3447,-1.23614,-4.88285,-6.47769,1.59483,2.9773,3.0,35.02,0.00677,0.3,normal
16.62,27.76951,29.03704,-1.26752,-4.60035,-6.15588,1.55553,3.0144,3.0,35.4,0.00381,0.3,normal
16.63,27.43053,28.73771,-1.30718,-4.31761,-5.83185,1.51424,2.9975,3.0,35.29,0.00231,0.3,normal
16.64,27.09167,28.4359,-1.34423,-4.03467,-5.52124,1.48657,3.0055,3.0,35.07,0.00288,0.3,normal
16.65,26.75303,28.14141,-1.38838,-3.75157,-5.21016,1.45859,3.002,3.0,35.27,0.00389,0.3,normal
16.66,26.41466,27.84446,-1.4298,-3.46835,-4.90898,1.44063,2.9768,2.9909,35.56,0.00213,0.3,normal
16.67,26.07666,27.559,-1.48234,-3.18505,-4.60348,1.41843,2.9838,2.9927,35.48,0.00203,0.3,normal
16.68,25.73908,27.27226,-1.53317,-2.9017,-4.30686,1.40516,3.0054,3.0,35.18,0.00507,0.3,normal
16.69,25.40201,26.97668,-1.57467,-2.61834,-4.00541,1.38707,2.9964,2.9823,35.16,0.00468,0.3,normal
16.7,25.06552,26.66547,-1.59995,-2.33502,-3.71779,1.38277,2.9908,2.9859,35.3,0.00547,0.3,normal
16.71,24.72969,26.34597,-1.61629,-2.05177,-3.43014,1.37837,3.0049,3.0,35.27,0.0074,0.3,normal
16.72,24.39457,25.99728,-1.60271,-1.76862,-3.15672,1.38809,2.9672,2.9854,35.49,0.00316,0.3,normal
16.73,24.06025,25.66298,-1.60273,-1.48562,-2.88143,1.3958,2.9729,3.0,35.43,0.00266,0.3,normal
16.74,23.72679,25.32966,-1.60287,-1.20281,-2.61719,1.41438,2.9845,2.989,35.07,0.00429,0.3,normal
16.75,23.39426,25.00958,-1.61531,-0.92021,-2.35104,1.43083,3.0159,2.9894,35.41,0.00499,0.3,normal
16.76,23.06274,24.66048,-1.59774,-0.63788,-2.09438,1.4565,2.9784,2.9986,35.32,0.00459,0.3,normal
16.77,22.7323,24.30566,-1.57336,-0.35584,-1.83497,1.47913,3.0001,2.9652,35.37,0.00686,0.3,normal
16.78,22.40299,23.94926,-1.54627,-0.07414,-1.56074,1.4866,2.9935,3.0,35.41,0.00591,0.3,normal
16.79,22.07488,23.60363,-1.52875,0.20719,-1.263,1.47019,3.0046,3.0,35.57,0.00108,0.3,normal
16.8,21.74805,23.25235,-1.5043,0.48811,-0.97518,1.46329,2.9999,2.9845,35.54,0.00282,0.3,normal
16.81,21.42256,22.90908,-1.48652,0.76859,-0.68586,1.45445,3.0103,2.993,35.3,0.00248,0.3,normal
16.82,21.09847,22.56182,-1.46335,1.04858,-0.40686,1.45543,3.0008,2.9962,35.41,0.0024,0.3,normal
16.83,20.77584,22.22396,-1.44811,1.32805,-0.12862,1.45667,2.9676,2.9897,35.37,0.00359,0.3,normal
16.84,20.45475,21.88812,-1.43337,1.60696,0.13831,1.46865,2.9966,2.9966,35.19,0.00346,0.3,normal
16.85,20.13524,21.56428,-1.42904,1.88528,0.40819,1.4771,3.0014,3.0,35.44,0.00178,0.3,normal
16.86,19.81738,21.23912,-1.42175,2.16298,0.66892,1.49406,2.9875,3.0,35.74,0.01029,0.3,normal
16.87,19.50122,20.92714,-1.42591,2.44,0.98112,1.45889,3.0039,2.9956,35.22,0.00972,0.3,normal
16.88,19.18684,20.61437,-1.42753,2.71633,1.31425,1.40208,2.9931,2.9879,35.49,0.00225,0.3,normal
16.89,18.87428,20.31476,-1.44048,2.99192,1.64794,1.34397,3.0246,3.0,35.49,0.00348,0.3,normal
16.9,18.5636,19.99215,-1.42855,3.26673,1.97316,1.29357,2.9804,3.0,35.56,0.0029,0.3,normal
16.91,18.25485,19.68169,-1.42684,3.54074,2.3026,1.23814,3.0061,3.0,35.38,0.00124,0.3,normal
16.92,17.9481,19.36949,-1.42139,3.81391,2.62452,1.18939,2.9772,3.0,35.32,0.00235,0.3,normal
16.93,17.64339,19.06644,-1.42305,4.0862,2.95148,1.13472,2.9875,2.9932,35.34,0.00602,0.3,normal
16.94,17.34077,18.71508,-1.37431,4.35758,3.27148,1.0861,2.9842,2.9872,35.76,0.00348,0.3,normal
16.95,17.0403,18.37547,-1.33517,4.62801,3.59619,1.03182,2.9648,3.0,35.42,0.00306,0.3,normal
16.96,16.74202,18.03521,-1.29318,4.89747,3.91311,0.98436,3.0106,3.0,35.51,0.00327,0.3,normal
16.97,16.44599,17.70501,-1.25902,5.16591,4.22976,0.93615,3.0138,3.0,35.91,0.00226,0.3,normal
16.98,16.15224,17.3718,-1.21956,5.43331,4.53771,0.89559,2.9909,3.0,35.5,0.00316,0.3,normal
16.99,15.86083,17.05199,-1.19116,5.69962,4.84191,0.85771,2.9855,3.0,35.67,0.01246,0.3,normal
17.0,15.5718,16.73585,-1.16405,5.96483,5.08723,0.8776,3.0222,2.981,35.79,0.00995,0.3,normal
17.01,15.28519,16.43446,-1.14927,6.22889,5.31215,0.91674,3.0019,2.9748,35.79,0.00273,0.3,normal
17.02,15.00104,16.13248,-1.13144,6.49178,5.52401,0.96777,2.9808,2.9767,35.45,0.00429,0.3,normal
17.03,14.7194,15.84328,-1.12388,6.75346,5.73518,1.01829,3.0011,3.0,35.55,0.00218,0.3,normal
17.04,14.4403,15.55142,-1.11112,7.01391,5.93666,1.07725,3.0094,3.0,35.71,0.00283,0.3,normal
17.05,14.16378,15.27249,-1.10871,7.27308,6.13751,1.13557,2.9898,2.9919,35.97,0.00358,0.3,normal
17.06,13.88988,14.99082,-1.10094,7.53095,6.32649,1.20447,2.9924,3.0,35.57,0.00187,0.3,normal
17.07,13.61863,14.7176,-1.09897,7.7875,6.51935,1.26815,2.9798,2.9921,35.62,0.00164,0.3,normal
17.08,13.35007,14.44422,-1.09415,8.04268,6.70995,1.33274,2.978,3.0,35.77,0.01014,0.3,normal
17.09,13.08422,14.18351,-1.09929,8.29648,6.94553,1.35095,3.0049,3.0,35.81,0.0079,0.3,normal
17.1,12.82112,13.92229,-1.10117,8.54886,7.19937,1.34949,3.0066,3.0,35.83,0.00141,0.3,normal
17.11,12.5608,13.6722,-1.1114,8.79979,7.4606,1.33919,2.9875,2.9814,35.61,0.00332,0.3,normal
17.12,12.30328,13.41938,-1.11609,9.04925,7.71327,1.33598,3.0181,3.0,35.67,0.00203,0.3,normal
17.13,12.0486,13.17621,-1.12761,9.2972,7.96901,1.32819,2.9883,2.9891,35.79,0.00853,0.3,normal
17.14,11.79677,12.89774,-1.10097,9.54363,8.21674,1.32689,3.0018,3.0,35.96,0.01056,0.3,normal
17.15,11.54782,12.57597,-1.02815,9.78849,8.46764,1.32086,3.0131,2.9722,35.74,0.00274,0.3,normal
17.16,11.30177,12.25345,-0.95168,10.03178,8.70731,1.32446,3.0168,2.995,35.79,0.00286,0.3,normal
17.17,11.05864,11.94267,-0.88402,10.27345,8.94604,1.32741,2.9995,3.0,35.65,0.00363,0.3,normal
17.18,10.81846,11.63062,-0.81216,10.51349,9.17593,1.33756,2.9748,2.9969,36.09,0.00283,0.3,normal
17.19,10.58123,11.32875,-0.74752,10.75187,9.40895,1.34292,2.9993,3.0,35.85,0.00751,0.3,normal
17.2,10.34697,11.05119,-0.70421,10.98856,9.62825,1.36031,3.0162,2.9935,35.99,0.01038,0.3,normal
17.21,10.11571,10.81357,-0.69786,11.22354,9.85484,1.36871,2.9812,3.0,35.85,0.00495,0.3,normal
17.22,9.88744,10.5764,-0.68896,11.45679,10.09574,1.36105,2.9991,2.997,35.86,0.0022,0.3,normal
17.23,9.66219,10.34926,-0.68707,11.68829,10.33721,1.35108,2.9978,2.999,35.64,0.00357,0.3,normal
17.24,9.43996,10.12031,-0.68036,11.918,10.56601,1.35199,2.9825,2.9947,35.55,0.00316,0.3,normal
17.25,9.22075,9.90399,-0.68323,12.14591,10.7995,1.34641,2.9929,3.0,36.07,0.00135,0.3,normal
17.26,9.00459,9.68547,-0.68088,12.372,11.02207,1.34993,2.9962,3.0,35.9,0.00579,0.3,normal
17.27,8.79147,9.4776,-0.68613,12.59624,11.28034,1.3159,3.0226,2.9798,35.93,0.00543,0.3,normal
17.28,8.58139,9.2656,-0.6842,12.81861,11.53575,1.28286,2.9826,3.0,35.72,0.00133,0.3,normal
17.29,8.37436,9.06278,-0.68842,13.0391,11.79399,1.24512,3.0111,2.9928,35.78,0.00231,0.3,normal
17.3,8.17038,8.85711,-0.68673,13.25768,12.045,1.21268,2.9749,2.9884,36.09,0.00358,0.3,normal
17.31,7.96945,8.6653,-0.69585,13.47434,12.30022,1.17411,2.9964,3.0,36.2,0.00286,0.3,normal
17.32,7.77156,8.47364,-0.70207,13.68904,12.54277,1.14627,3.0038,3.0,35.85,0.00285,0.3,normal
17.33,7.57672,8.29305,-0.71633,13.90179,12.78934,1.11245,3.0049,3.0,36.05,0.00313,0.3,normal
17.34,7.38491,8.11142,-0.72651,14.11255,13.02761,1.08494,2.997,2.9861,35.99,0.0019,0.3,normal
17.35,7.19613,7.94355,-0.74742,14.32131,13.26823,1.05308,3.0024,2.9991,35.95,0.00226,0.3,normal
17.36,7.01037,7.77167,-0.7613,14.52806,13.49707,1.03099,2.9968,2.9826,36.26,0.00377,0.3,normal
17.37,6.82762,7.61108,-0.78346,14.73277,13.72775,1.00502,2.9881,2.9909,35.92,0.0024,0.3,normal
17.38,6.64787,7.44754,-0.79967,14.93544,13.94666,0.98878,3.0015,3.0,36.18,0.00303,0.3,normal
17.39,6.4711,7.29223,-0.82112,15.13604,14.16308,0.97296,2.9962,3.0,36.06,0.00406,0.3,normal
17.4,6.29731,7.13546,-0.83815,15.33456,14.36782,0.96674,2.9853,2.9963,36.01,0.00238,0.3,normal
17.41,6.12648,6.9898,-0.86332,15.53099,14.5744,0.95659,2.9977,2.9745,36.22,0.00777,0.3,normal
17.42,5.95858,6.77488,-0.8163,15.72532,14.76841,0.9569,2.9935,2.9877,36.07,0.00803,0.3,normal
17.43,5.7936,6.57232,-0.77872,15.91752,14.96331,0.95421,2.979,3.0,36.02,0.00333,0.3,normal
17.44,5.63153,6.36982,-0.7383,16.10759,15.14735,0.96023,2.9918,2.9778,36.25,0.00211,0.3,normal
17.45,5.47233,6.17887,-0.70654,16.29551,15.33548,0.96003,2.9802,3.0,36.24,0.00393,0.3,normal
17.46,5.31598,5.98565,-0.66967,16.48128,15.51443,0.96685,3.0302,3.0,36.24,0.00292,0.3,normal
17.47,5.16247,5.80247,-0.64,16.66488,15.69546,0.96942,2.9916,2.9931,35.49,0.0021,0.3,normal
17.48,5.01176,5.61822,-0.60646,16.84631,15.8674,0.9789,3.0206,3.0,36.14,0.00374,0.3,normal
17.49,4.86383,5.44564,-0.58181,17.02554,16.04168,0.98387,3.0263,3.0,36.12,0.00178,0.3,normal
17.5,4.71865,5.26824,-0.54959,17.20258,16.20879,0.99379,2.9926,2.9888,36.09,0.00123,0.3,normal
17.51,4.57619,5.10015,-0.52396,17.37741,16.37895,0.99847,2.9979,2.9725,36.19,0.00325,0.3,normal
17.52,4.43642,4.92973,-0.49331,17.55003,16.53755,1.01249,2.9882,2.9929,36.15,0.00658,0.3,normal
17.53,4.29931,4.76888,-0.46958,17.72043,16.74374,0.97669,2.9898,2.9928,36.22,0.00447,0.3,normal
17.54,4.16481,4.60636,-0.44155,17.8886,16.94162,0.94697,2.9975,2.9993,36.09,0.00344,0.3,normal
17.55,4.03291,4.45577,-0.42287,18.05453,17.14006,0.91447,2.9808,3.0,36.36,0.00445,0.3,normal
17.56,3.90355,4.30529,-0.40174,18.21822,17.3248,0.89342,2.995,3.0,36.26,0.00231,0.3,normal
17.57,3.77671,4.16637,-0.38966,18.37966,17.51112,0.86853,2.9879,2.978,36.23,0.00295,0.3,normal
17.58,3.65234,4.02796,-0.37562,18.53885,17.68604,0.8528,2.9932,3.0,36.23,0.00411,0.3,normal
17.59,3.53041,3.89988,-0.36948,18.69578,17.86229,0.83349,3.0135,2.992,36.34,0.00236,0.3,normal
17.6,3.41087,3.76944,-0.35857,18.85045,18.02634,0.82411,2.9878,3.0,36.32,0.00318,0.3,normal
17.61,3.29368,3.65167,-0.35799,19.00285,18.19362,0.80924,3.0347,2.9986,36.16,0.00392,0.3,normal
17.62,3.1788,3.53244,-0.35364,19.15299,18.35126,0.80173,2.9874,3.0,36.33,0.00263,0.3,normal
17.63,3.06618,3.42719,-0.36101,19.30086,18.50939,0.79147,3.001,2.9939,36.22,0.00395,0.3,normal
17.64,2.95578,3.32089,-0.36511,19.44646,18.65441,0.79205,2.984,2.9846,36.49,0.00402,0.3,normal
17.65,2.84755,3.22521,-0.37765,19.58978,18.79848,0.79131,3.0183,3.0,36.37,0.00227,0.3,normal
17.66,2.74145,3.12618,-0.38474,19.73084,18.93242,0.79842,3.0224,2.9831,36.12,0.00309,0.3,normal
17.67,2.63742,3.03178,-0.39436,19.86962,19.06456,0.80506,3.0172,2.9978,36.57,0.00757,0.3,normal
17.68,2.53541,2.92937,-0.39396,20.00612,19.22339,0.78273,2.9693,3.0,35.91,0.00557,0.3,normal
17.69,2.43538,2.83449,-0.39911,20.14036,19.40764,0.73272,3.0134,2.9903,36.33,0.00128,0.3,normal
17.7,2.33727,2.73213,-0.39486,20.27232,19.58181,0.69051,2.9904,3.0,36.13,0.00288,0.3,normal
17.71,2.24103,2.63653,-0.3955,20.40202,19.75897,0.64305,3.012,3.0,36.53,0.00167,0.3,normal
17.72,2.1466,2.53462,-0.38802,20.52945,19.92395,0.60549,3.017,3.0,36.29,0.00204,0.3,normal
17.73,2.05394,2.44322,-0.38928,20.65461,20.09151,0.5631,3.0006,2.9833,36.14,0.00411,0.3,normal
17.74,1.96298,2.3495,-0.38652,20.77752,20.25055,0.52697,2.9855,2.9946,36.22,0.00161,0.3,normal
17.75,1.87368,2.26351,-0.38983,20.89817,20.41261,0.48557,2.992,2.9951,36.16,0.00133,0.3,normal
17.76,1.78597,2.1723,-0.38633,21.01657,20.56329,0.45328,3.0061,2.9869,36.23,0.00273,0.3,normal
17.77,1.69979,2.08612,-0.38633,21.13273,20.71429,0.41844,3.0028,3.0,36.24,0.00216,0.3,normal
17.78,1.61509,1.99633,-0.38124,21.24664,20.85531,0.39133,3.0065,3.0,36.18,0.00103,0.3,normal
17.79,1.53181,1.91233,-0.38052,21.35833,21.00107,0.35725,2.9855,3.0,36.34,0.00209,0.3,normal
17.8,1.44989,1.82214,-0.37226,21.46778,21.13777,0.33001,2.9899,2.9855,36.36,0.00219,0.3,normal
17.81,1.36926,1.74076,-0.3715,21.57501,21.275,0.30001,3.0038,3.0,36.16,0.00129,0.3,normal
17.82,1.28988,1.65616,-0.36628,21.68003,21.40178,0.27825,2.9843,2.992,36.07,0.00334,0.3,normal
17.83,1.21167,1.57948,-0.36781,21.78285,21.52984,0.25301,2.9885,2.968,36.37,0.00267,0.3,normal
17.84,1.13457,1.49733,-0.36276,21.88347,21.6464,0.23707,3.0019,2.9859,36.41,0.00017,0.3,normal
17.85,1.05852,1.42262,-0.36409,21.9819,21.76609,0.21582,2.9866,3.0,36.44,0.00215,0.3,normal
17.86,0.98346,1.34216,-0.3587,22.07816,21.87603,0.20213,2.9818,3.0,36.42,0.00181,0.3,normal
17.87,0.90933,1.26568,-0.35635,22.17225,21.99299,0.17925,3.001,2.982,36.58,1e-05,0.3,normal
17.88,0.83605,1.18361,-0.34756,22.26417,22.10209,0.16208,2.9841,2.9955,36.5,0.00188,0.3,normal
17.89,0.76357,1.11209,-0.34851,22.35396,22.21754,0.13642,3.001,2.9822,36.76,0.00192,0.3,normal
17.9,0.69182,1.03371,-0.34188,22.4416,22.32787,0.11373,2.9889,3.0,36.83,1e-05,0.3,normal
17.91,0.62074,0.96324,-0.3425,22.52713,22.44552,0.08161,2.9929,2.9929,36.11,0.00197,0.3,normal
17.92,0.55025,0.88486,-0.3346,22.61054,22.55344,0.0571,3.0114,2.9946,36.05,0.00254,0.3,normal
17.93,0.4803,0.81024,-0.32994,22.69185,22.66646,0.0254,3.0136,3.0,36.38,0.0042,0.3,normal
17.94,0.41082,0.72928,-0.31846,22.77108,22.75554,0.01554,2.9882,2.9881,36.46,0.00518,0.3,normal
17.95,0.34173,0.65476,-0.31302,22.84824,22.83475,0.01349,2.9948,2.983,36.38,0.0023,0.3,normal
17.96,0.27299,0.57406,-0.30108,22.92333,22.90785,0.01548,3.0133,2.9899,36.5,0.00056,0.3,normal
17.97,0.20451,0.49975,-0.29524,22.99638,22.98844,0.00794,2.9762,3.0,36.36,0.00137,0.3,normal
17.98,0.13623,0.41795,-0.28173,23.06741,23.06321,0.00419,2.9921,2.9964,36.31,0.00217,0.3,normal
17.99,0.06808,0.34352,-0.27544,23.13641,23.14504,-0.00863,2.9995,3.0,36.33,0.0009,0.3,normal
18.0,0.0,0.26303,-0.26303,23.20342,23.22343,-0.02001,2.9881,2.9979,36.39,0.00646,0.3,normal
18.01,-0.06808,0.19348,-0.26155,23.26844,23.281,-0.01255,3.0195,2.9913,36.55,0.00685,0.3,normal
18.02,-0.13623,0.11549,-0.25172,23.3315,23.30516,0.02634,2.9842,3.0,36.36,0.00106,0.3,normal
18.03,-0.20451,0.04391,-0.24841,23.39261,23.33892,0.05369,2.977,2.9779,36.39,0.00103,0.3,normal
18.04,-0.27299,-0.03057,-0.24242,23.45178,23.36592,0.08586,3.0064,2.987,36.53,0.00303,0.3,normal
18.05,-0.34173,-0.09787,-0.24386,23.50903,23.40154,0.1075,3.0002,3.0,36.42,0.001,0.3,normal
18.06,-0.41082,-0.17224,-0.23857,23.56439,23.42915,0.13524,3.0041,2.9981,36.62,0.00065,0.3,normal
18.07,-0.4803,-0.24107,-0.23924,23.61786,23.46232,0.15555,3.0008,2.9669,36.32,0.00261,0.3,normal
18.08,-0.55025,-0.31752,-0.23273,23.66947,23.49032,0.17916,3.0116,3.0,36.29,0.00047,0.3,normal
18.09,-0.62074,-0.39114,-0.2296,23.71924,23.52625,0.19299,2.9863,2.9813,36.51,0.00104,0.3,normal
18.1,-0.69182,-0.4703,-0.22152,23.76718,23.557,0.21018,2.9948,2.989,36.53,0.0018,0.3,normal
18.11,-0.76357,-0.54542,-0.21816,23.81331,23.59219,0.22113,3.0046,3.0,36.35,0.00142,0.3,normal
18.12,-0.83605,-0.6274,-0.20865,23.85766,23.62032,0.23734,2.9779,3.0,36.68,0.00048,0.3,normal
18.13,-0.90933,-0.70239,-0.20693,23.90024,23.65289,0.24735,2.9993,3.0,36.78,0.00263,0.3,normal
18.14,-0.98346,-0.78369,-0.19978,23.94108,23.67865,0.26243,3.0234,2.9862,36.4,0.00168,0.3,normal
18.15,-1.05852,-0.85922,-0.19931,23.98018,23.70878,0.2714,3.0002,3.0,36.72,0.0,0.3,normal
18.16,-1.13457,-0.93662,-0.19795,24.01758,23.73152,0.28606,3.0021,2.9795,36.15,0.00176,0.3,normal
18.17,-1.21167,-1.00898,-0.20269,24.0533,23.76053,0.29277,3.017,3.0,36.67,0.00158,0.3,normal
18.18,-1.28988,-1.08579,-0.20409,24.08735,23.78308,0.30427,3.0129,3.0,36.38,0.0,0.3,normal
18.19,-1.36926,-1.15761,-0.21165,24.11975,23.81086,0.3089,3.0187,2.9823,36.66,0.00269,0.3,normal
18.2,-1.44989,-1.23802,-0.21187,24.15054,23.83092,0.31962,3.0023,3.0,36.38,0.00159,0.3,normal
18.21,-1.53181,-1.31121,-0.2206,24.17973,23.85389,0.32583,3.0001,2.9825,36.52,0.00036,0.3,normal
18.22,-1.61509,-1.39235,-0.22274,24.20733,23.87144,0.33589,3.0214,3.0,36.41,0.00153,0.3,normal
18.23,-1.69979,-1.46651,-0.23328,24.23339,23.89554,0.33784,3.016,3.0,36.51,0.00326,0.3,normal
18.24,-1.78597,-1.54565,-0.24031,24.25791,23.90906,0.34885,2.9731,2.9954,36.82,0.00084,0.3,normal
18.25,-1.87368,-1.61703,-0.25665,24.28092,23.92718,0.35373,3.0048,3.0,36.53,0.00189,0.3,normal
18.26,-1.96298,-1.69794,-0.26504,24.30244,23.9373,0.36514,2.9973,3.0,36.87,0.00263,0.3,normal
18.27,-2.05394,-1.77521,-0.27874,24.32249,23.95433,0.36816,3.0095,2.9962,36.5,0.0003,0.3,normal
18.28,-2.1466,-1.86012,-0.28648,24.34111,23.96327,0.37783,2.9984,2.9918,36.79,0.00115,0.3,normal
18.29,-2.24103,-1.93849,-0.30254,24.35831,23.97929,0.37901,2.9867,3.0,36.32,0.00254,0.3,normal
18.3,-2.33727,-2.02469,-0.31258,24.37411,23.98857,0.38554,3.0268,2.9922,36.53,0.00059,0.3,normal
18.31,-2.43538,-2.10585,-0.32953,24.38854,24.00344,0.38509,2.9846,3.0,36.5,0.00141,0.3,normal
18.32,-2.53541,-2.19098,-0.34443,24.40162,24.01168,0.38994,2.9857,2.9972,36.81,0.0021,0.3,normal
18.33,-2.63742,-2.26768,-0.36973,24.41338,24.02908,0.3843,2.9901,2.9874,36.62,0.0014,0.3,normal
18.34,-2.74145,-2.35034,-0.39111,24.42384,24.04343,0.38041,3.0109,3.0,36.28,0.00122,0.3,normal
18.35,-2.84755,-2.42742,-0.42014,24.43302,24.06561,0.3674,2.971,2.9913,36.4,0.00245,0.3,normal
18.36,-2.95578,-2.50998,-0.4458,24.44095,24.08124,0.3597,2.9997,3.0,36.45,0.0009,0.3,normal
18.37,-3.06618,-2.58719,-0.47899,24.44765,24.09985,0.34779,2.9884,2.9968,36.75,0.00023,0.3,normal
18.38,-3.1788,-2.66936,-0.50944,24.45314,24.1119,0.34125,3.0135,2.9989,36.73,0.0029,0.3,normal
18.39,-3.29368,-2.74619,-0.54749,24.45746,24.13297,0.3245,2.9961,3.0,36.57,0.00116,0.3,normal
18.4,-3.41087,-2.82962,-0.58125,24.46063,24.15141,0.30922,2.9916,2.9807,36.54,0.00626,0.3,normal
18.41,-3.53041,-2.92877,-0.60164,24.46266,24.174,0.28866,3.0021,3.0,36.74,0.00717,0.3,normal
18.42,-3.65234,-3.06651,-0.58583,24.46358,24.19145,0.27213,2.9929,2.9953,36.47,0.00198,0.3,normal
18.43,-3.77671,-3.19181,-0.5849,24.46343,24.21289,0.25053,3.007,2.9932,36.71,0.00185,0.3,normal
18.44,-3.90355,-3.31902,-0.58453,24.46221,24.22462,0.23759,3.0018,3.0,36.7,0.00276,0.3,normal
18.45,-4.03291,-3.43749,-0.59542,24.45996,24.24211,0.21785,2.9924,2.9802,36.61,0.00143,0.3,normal
18.46,-4.16481,-3.55938,-0.60543,24.45671,24.25113,0.20558,3.0095,3.0,36.72,0.00126,0.3,normal
18.47,-4.29931,-3.67013,-0.62918,24.45247,24.26663,0.18584,2.9804,2.9698,36.68,0.00284,0.3,normal
18.48,-4.43642,-3.78056,-0.65586,24.44727,24.2757,0.17157,3.0037,3.0,36.74,0.01043,0.3,normal
18.49,-4.57619,-3.9581,-0.6181,24.44114,24.29364,0.14749,2.9969,3.0,36.48,0.01021,0.3,normal
18.5,-4.71865,-4.15682,-0.56184,24.43409,24.30843,0.12566,3.0066,2.9959,36.77,0.0032,0.3,normal
18.51,-4.86383,-4.34488,-0.51895,24.42616,24.33034,0.09582,2.994,3.0,36.84,0.00274,0.3,normal
18.52,-5.01176,-4.53465,-0.47711,24.41736,24.34966,0.0677,3.0115,2.9949,36.74,0.00203,0.3,normal
18.53,-5.16247,-4.7121,-0.45037,24.40773,24.37658,0.03115,2.985,2.9964,36.79,0.00235,0.3,normal
18.54,-5.31598,-4.89284,-0.42314,24.39728,24.39936,-0.00208,3.0158,2.991,36.69,0.00296,0.3,normal
18.55,-5.47233,-5.06406,-0.40827,24.38605,24.42636,-0.04031,3.0212,2.9929,36.85,0.00114,0.3,normal
18.56,-5.63153,-5.23905,-0.39248,24.37405,24.4428,-0.06876,3.0155,2.9891,36.73,0.0031,0.3,normal
18.57,-5.7936,-5.4036,-0.39,24.3613,24.46484,-0.10354,2.9921,3.0,36.56,0.00282,0.3,normal
18.58,-5.95858,-5.57082,-0.38776,24.34784,24.48001,-0.13217,3.0272,2.9945,36.86,0.00022,0.3,normal
18.59,-6.12648,-5.72958,-0.3969,24.33368,24.49898,-0.1653,3.0134,2.9959,36.5,0.0036,0.3,normal
18.6,-6.29731,-5.89046,-0.40685,24.31885,24.50912,-0.19027,2.9929,3.0,36.79,0.00342,0.3,normal
18.61,-6.4711,-6.03784,-0.43326,24.30338,24.52287,-0.21949,2.9986,3.0,36.69,0.00161,0.3,normal
18.62,-6.64787,-6.18435,-0.46352,24.28728,24.53194,-0.24467,3.003,3.0,36.69,0.00273,0.3,normal
18.63,-6.82762,-6.31686,-0.51076,24.27058,24.54686,-0.27629,2.9832,2.9941,36.79,0.00289,0.3,normal
18.64,-7.01037,-6.45048,-0.55989,24.25329,24.55703,-0.30374,2.9914,3.0,36.66,0.00183,0.3,normal
18.65,-7.19613,-6.57025,-0.62588,24.23546,24.57533,-0.33987,2.9834,2.9945,36.85,0.00188,0.3,normal
18.66,-7.38491,-6.69287,-0.69204,24.21709,24.58764,-0.37055,2.9812,3.0,36.79,0.00273,0.3,normal
18.67,-7.57672,-6.80452,-0.77219,24.19821,24.60683,-0.40862,3.0028,3.0,36.69,0.00687,0.3,normal
18.68,-7.77156,-6.96236,-0.80921,24.17884,24.61762,-0.43878,3.0096,3.0,36.99,0.00686,0.3,normal
18.69,-7.96945,-7.13303,-0.83642,24.15901,24.63524,-0.47623,3.0354,3.0,36.83,0.00718,0.3,normal
18.7,-8.17038,-7.30584,-0.86454,24.13873,24.6257,-0.48698,3.0048,2.9856,36.9,0.00705,0.3,normal
18.71,-8.37436,-7.465,-0.90936,24.11802,24.59726,-0.47924,2.9897,3.0,37.02,0.00877,0.3,normal
18.72,-8.58139,-7.7041,-0.87729,24.09692,24.56085,-0.46394,2.9785,2.9942,37.03,0.0103,0.3,normal
18.73,-8.79147,-7.9477,-0.84377,24.07543,24.52983,-0.4544,2.999,3.0,36.91,0.00224,0.3,normal
18.74,-9.00459,-8.18904,-0.81555,24.05359,24.49248,-0.4389,2.9958,3.0,36.79,0.00177,0.3,normal
18.75,-9.22075,-8.41881,-0.80194,24.03141,24.4626,-0.4312,3.0071,3.0,36.62,0.00312,0.3,normal
18.76,-9.43996,-8.65099,-0.78896,24.0089,24.42654,-0.41764,2.9724,2.9959,36.88,0.0022,0.3,normal
18.77,-9.66219,-8.872,-0.79019,23.9861,24.39901,-0.41291,2.9956,2.9974,37.02,0.00147,0.3,normal
18.78,-9.88744,-9.09322,-0.79422,23.96302,24.364,-0.40098,2.9971,2.9789,36.91,0.0028,0.3,normal
18.79,-10.11571,-9.30577,-0.80994,23.93969,24.33155,-0.39186,2.9891,2.9959,36.35,0.0026,0.3,normal
18.8,-10.34697,-9.52174,-0.82523,23.91611,24.29115,-0.37504,2.9701,2.9862,37.0,0.00078,0.3,normal
18.81,-10.58123,-9.72531,-0.85592,23.89231,24.25795,-0.36564,3.0108,3.0,37.02,0.00298,0.3,normal
18.82,-10.81846,-9.93125,-0.8872,23.86831,24.217,-0.34869,3.0097,3.0,36.84,0.00225,0.3,normal
18.83,-11.05864,-10.12428,-0.93436,23.84413,24.18297,-0.33884,3.009,3.0,37.04,0.00069,0.3,normal
18.84,-11.30177,-10.32294,-0.97883,23.81978,24.14241,-0.32264,2.9995,2.977,36.99,0.00502,0.3,normal
18.85,-11.54782,-10.51927,-1.02855,23.79528,24.10486,-0.30958,2.96,2.9869,36.8,0.00505,0.3,normal
18.86,-11.79677,-10.74679,-1.04998,23.77066,24.05831,-0.28766,3.0016,3.0,37.1,0.00126,0.3,normal
18.87,-12.0486,-10.96552,-1.08308,23.74592,24.01661,-0.27069,2.9955,2.9911,36.73,0.00265,0.3,normal
18.88,-12.30328,-11.18835,-1.11493,23.72109,23.96993,-0.24884,2.9828,2.9857,36.91,0.01395,0.3,normal
18.89,-12.5608,-11.52535,-1.03545,23.69617,23.93108,-0.23491,3.0121,3.0,36.91,0.01202,0.3,normal
18.9,-12.82112,-11.86611,-0.95501,23.6712,23.884,-0.21281,3.008,2.9933,36.82,0.00356,0.3,normal
18.91,-13.08422,-12.19456,-0.88966,23.64617,23.84504,-0.19886,2.9822,3.0,36.99,0.00507,0.3,normal
18.92,-13.35007,-12.52119,-0.82888,23.62112,23.8058,-0.18469,2.8255,3.0,37.15,0.00327,0.3,normal
18.93,-13.61863,-12.82726,-0.79137,23.59605,23.77493,-0.17888,2.9937,3.0,37.15,0.00752,0.3,normal
18.94,-13.88988,-13.10808,-0.78179,23.57097,23.73758,-0.16661,3.0202,2.9986,37.08,0.00805,0.3,normal
18.95,-14.16378,-13.35304,-0.81074,23.54591,23.70784,-0.16193,2.9933,3.0,36.72,0.00182,0.3,normal
18.96,-14.4403,-13.59772,-0.84258,23.52088,23.67407,-0.1532,2.9867,2.9991,36.78,0.00228,0.3,normal
18.97,-14.7194,-13.83069,-0.88871,23.49588,23.64306,-0.14718,2.9855,3.0,37.02,0.003,0.3,normal
18.98,-15.00104,-14.0661,-0.93494,23.47094,23.60797,-0.13703,2.9889,3.0,36.99,0.0012,0.3,normal
18.99,-15.28519,-14.29087,-0.99431,23.44606,23.57883,-0.13277,3.0071,2.9924,36.93,0.00264,0.3,normal
19.0,-15.5718,-14.51689,-1.05491,23.42127,23.54417,-0.12291,2.9963,2.9988,37.3,0.00362,0.3,normal
19.01,-15.86083,-14.73118,-1.12965,23.39656,23.51712,-0.12056,2.9991,2.9621,37.03,0.00502,0.3,normal
19.02,-16.15224,-14.98799,-1.16425,23.37196,23.48238,-0.11042,2.98,3.0,37.11,0.00511,0.3,normal
19.03,-16.44599,-15.24353,-1.20246,23.34747,23.45171,-0.10424,2.9973,2.9778,37.18,0.00358,0.3,normal
19.04,-16.74202,-15.50053,-1.24149,23.3231,23.41469,-0.09159,3.0012,2.998,37.05,0.00925,0.3,normal
19.05,-17.0403,-15.7672,-1.2731,23.29887,23.38519,-0.08632,2.9818,2.9975,37.44,0.00987,0.3,normal
19.06,-17.34077,-16.1095,-1.23127,23.27478,23.35546,-0.08068,3.0098,2.9785,36.92,0.00261,0.3,normal
19.07,-17.64339,-16.44075,-1.20264,23.25085,23.3322,-0.08135,2.9761,2.9975,36.97,0.00162,0.3,normal
19.08,-17.9481,-16.77544,-1.17266,23.22708,23.30425,-0.07716,2.9997,2.9845,36.93,0.00195,0.3,normal
19.09,-18.25485,-17.09945,-1.15541,23.20349,23.28531,-0.08182,3.0236,2.9965,37.32,0.00281,0.3,normal
19.1,-18.5636,-17.42746,-1.13613,23.18007,23.26293,-0.08286,2.9879,3.0,37.21,0.00258,0.3,normal
19.11,-18.87428,-17.74472,-1.12956,23.15685,23.24969,-0.09284,2.9761,3.0,37.02,0.00112,0.3,normal
19.12,-19.18684,-18.06353,-1.12331,23.13381,23.23133,-0.09752,3.0008,2.9951,36.98,0.00246,0.3,normal
19.13,-19.50122,-18.37216,-1.12906,23.11099,23.21843,-0.10745,3.0007,3.0,37.32,0.00187,0.3,normal
19.14,-19.81738,-18.68499,-1.13239,23.08837,23.20065,-0.11228,2.981,3.0,37.18,0.00142,0.3,normal
19.15,-20.13524,-18.98707,-1.14817,23.06597,23.18911,-0.12315,3.0145,2.9732,37.34,0.00269,0.3,normal
19.16,-20.45475,-19.29173,-1.16301,23.04379,23.16931,-0.12552,3.012,3.0,37.13,0.00254,0.3,normal
19.17,-20.77584,-19.58457,-1.19127,23.02183,23.15615,-0.13431,2.9893,2.9687,37.22,0.00121,0.3,normal
19.18,-21.09847,-19.87792,-1.22055,23.00011,23.13677,-0.13666,3.0109,3.0,37.2,0.00286,0.3,normal
19.19,-21.42256,-20.16112,-1.26144,22.97862,23.12179,-0.14317,2.9804,3.0,37.07,0.00293,0.3,normal
19.2,-21.74805,-20.44489,-1.30317,22.95738,23.10423,-0.14686,3.0034,2.9603,37.15,0.00996,0.3,normal
19.21,-22.07488,-20.73563,-1.33926,22.93637,23.09132,-0.15495,3.0064,3.0,37.0,0.0111,0.3,normal
19.22,-22.40299,-21.11702,-1.28597,22.91562,23.0712,-0.15558,2.9724,2.998,37.26,0.00361,0.3,normal
19.23,-22.7323,-21.4839,-1.24839,22.89511,23.05974,-0.16464,2.9894,2.9843,37.31,0.0015,0.3,normal
19.24,-23.06274,-21.85176,-1.21099,22.87485,23.04203,-0.16717,2.9988,3.0,37.35,0.00257,0.3,normal
19.25,-23.39426,-22.20735,-1.18692,22.85485,23.0302,-0.17535,2.9988,2.9953,37.32,0.00325,0.3,normal
19.26,-23.72679,-22.5634,-1.16339,22.83509,23.01029,-0.1752,3.0059,3.0,37.2,0.00089,0.3,normal
19.27,-24.06025,-22.908,-1.15224,22.8156,22.99839,-0.18279,3.0162,2.9924,37.47,0.00278,0.3,normal
19.28,-24.39457,-23.25327,-1.1413,22.79635,22.98187,-0.18551,3.0096,2.9972,37.38,0.00237,0.3,normal
19.29,-24.72969,-23.588,-1.14169,22.77737,22.97108,-0.19371,2.9858,3.0,37.46,0.00144,0.3,normal
19.3,-25.06552,-23.92855,-1.13698,22.75863,22.95318,-0.19455,2.9783,3.0,37.48,0.00327,0.3,normal
19.31,-25.40201,-24.25545,-1.14656,22.74015,22.93972,-0.19956,2.9995,2.9989,37.25,0.00328,0.3,normal
19.32,-25.73908,-24.58271,-1.15638,22.72192,22.91885,-0.19693,2.9812,3.0,37.33,0.00124,0.3,normal
19.33,-26.07666,-24.90052,-1.17614,22.70394,22.90545,-0.2015,3.0124,2.994,37.4,0.00166,0.3,normal
19.34,-26.41466,-25.22049,-1.19417,22.68621,22.88271,-0.1965,2.968,3.0,37.12,0.00311,0.3,normal
19.35,-26.75303,-25.52809,-1.22494,22.66872,22.86922,-0.2005,2.9603,2.9866,37.13,0.00153,0.3,normal
19.36,-27.09167,-25.836,-1.25567,22.65147,22.84782,-0.19634,2.9926,2.9925,37.11,0.0015,0.3,normal
19.37,-27.43053,-26.13303,-1.29749,22.63446,22.83182,-0.19736,2.9924,2.9839,37.3,0.00281,0.3,normal
19.38,-27.76951,-26.43379,-1.33573,22.61768,22.80752,-0.18983,2.9929,3.0,37.27,0.0021,0.3,normal
19.39,-28.10856,-26.72083,-1.38773,22.60113,22.79026,-0.18913,2.978,2.9813,37.12,0.00401,0.3,normal
19.4,-28.44758,-27.01738,-1.4302,22.58481,22.76631,-0.1815,2.9958,2.9942,37.36,0.00552,0.3,normal
19.41,-28.78651,-27.33805,-1.44847,22.5687,22.74923,-0.18053,3.0011,3.0,37.33,0.00213,0.3,normal
19.42,-29.12527,-27.65802,-1.46725,22.5528,22.72411,-0.17131,2.9949,2.9841,37.53,0.00131,0.3,normal
19.43,-29.46377,-27.96813,-1.49564,22.53711,22.70553,-0.16843,3.0088,3.0,37.67,0.00379,0.3,normal
19.44,-29.80195,-28.29874,-1.50322,22.52161,22.68008,-0.15847,2.9868,2.9926,37.44,0.00274,0.3,normal
19.45,-30.13973,-28.62259,-1.51714,22.50631,22.66161,-0.1553,3.0025,3.0,37.28,0.00235,0.3,normal
19.46,-30.47702,-28.96321,-1.51381,22.49119,22.6382,-0.14701,3.0065,2.9847,37.49,0.00402,0.3,normal
19.47,-30.81375,-29.30618,-1.50757,22.47625,22.62359,-0.14734,2.9936,2.9913,37.4,0.00202,0.3,normal
19.48,-31.14985,-29.65089,-1.49895,22.46147,22.60143,-0.13996,2.9918,3.0,37.37,0.00119,0.3,normal
19.49,-31.48522,-29.98523,-1.5,22.44685,22.58399,-0.13714,2.991,3.0,37.29,0.00216,0.3,normal
19.5,-31.81981,-30.32289,-1.49691,22.43238,22.55845,-0.12607,2.9986,3.0,37.35,0.00257,0.3,normal
19.51,-32.15352,-30.65018,-1.50333,22.41805,22.54027,-0.12222,2.9972,3.0,37.41,0.00558,0.3,normal
19.52,-32.48628,-31.01714,-1.46913,22.40385,22.5151,-0.11126,3.0033,2.9738,37.56,0.0082,0.3,normal
19.53,-32.81801,-31.39982,-1.41819,22.38976,22.49803,-0.10827,3.0134,2.9927,37.53,0.00231,0.3,normal
19.54,-33.14863,-31.78442,-1.36421,22.37578,22.47666,-0.10088,2.9939,3.0,37.73,0.00124,0.3,normal
19.55,-33.47807,-32.15592,-1.32216,22.3619,22.4605,-0.0986,2.9912,2.9852,37.57,0.00359,0.3,normal
19.56,-33.80625,-32.5268,-1.27945,22.3481,22.44131,-0.0932,2.9758,3.0,37.54,0.00323,0.3,normal
19.57,-34.13309,-32.8837,-1.24939,22.33438,22.42775,-0.09337,3.0097,2.9972,37.44,0.00113,0.3,normal
19.58,-34.45852,-33.24341,-1.21511,22.32071,22.41072,-0.09001,2.9914,3.0,37.34,0.00276,0.3,normal
19.59,-34.78245,-33.59157,-1.19088,22.30709,22.40179,-0.0947,2.9742,3.0,37.42,0.00308,0.3,normal
19.6,-35.10481,-33.94014,-1.16468,22.29351,22.38764,-0.09414,2.9897,3.0,37.41,0.00088,0.3,normal
19.61,-35.42553,-34.27718,-1.14834,22.27994,22.38098,-0.10104,3.0106,3.0,37.14,0.00235,0.3,normal
19.62,-35.74452,-34.61504,-1.12947,22.26638,22.3692,-0.10282,2.9976,3.0,37.38,0.00318,0.3,normal
19.63,-36.06171,-34.94185,-1.11986,22.25281,22.36723,-0.11442,2.9945,2.9896,37.78,0.00127,0.3,normal
19.64,-36.37703,-35.2681,-1.10893,22.23922,22.35891,-0.11968,3.0139,3.0,37.6,0.0022,0.3,normal
19.65,-36.6904,-35.58285,-1.10755,22.22559,22.35934,-0.13375,3.0145,3.0,37.5,0.00391,0.3,normal
19.66,-37.00175,-35.89728,-1.10448,22.21191,22.35701,-0.14509,2.9669,3.0,37.62,0.00144,0.3,normal
19.67,-37.31101,-36.20277,-1.10824,22.19816,22.36098,-0.16282,3.0094,2.9811,37.28,0.00169,0.3,normal
19.68,-37.61809,-36.51464,-1.10345,22.18432,22.35676,-0.17244,2.9802,3.0,37.62,0.00375,0.3,normal
19.69,-37.92293,-36.81572,-1.10721,22.17039,22.35951,-0.18912,2.9997,3.0,37.78,0.00185,0.3,normal
19.7,-38.22546,-37.1181,-1.10736,22.15633,22.35566,-0.19933,3.0094,2.9917,37.58,0.00241,0.3,normal
19.71,-38.5256,-37.40572,-1.11989,22.14214,22.35701,-0.21487,3.0107,2.9888,37.34,0.00457,0.3,normal
19.72,-38.82329,-37.69453,-1.12876,22.1278,22.34981,-0.22201,2.976,2.985,37.55,0.00191,0.3,normal
19.73,-39.11844,-37.96818,-1.15026,22.11329,22.34881,-0.23552,2.9832,2.9981,37.81,0.00232,0.3,normal
19.74,-39.411,-38.23866,-1.17235,22.09859,22.34439,-0.2458,3.0031,3.0,37.67,0.00378,0.3,normal
19.75,-39.7009,-38.49678,-1.20412,22.08368,22.34932,-0.26564,3.0034,2.9911,37.42,0.00264,0.3,normal
19.76,-39.98806,-38.75447,-1.2336,22.06855,22.34779,-0.27924,2.9995,3.0,38.0,0.00779,0.3,normal
19.77,-40.27242,-39.05236,-1.22006,22.05318,22.35035,-0.29717,3.0102,2.9993,37.46,0.01467,0.3,normal
19.78,-40.55392,-39.38453,-1.16939,22.03755,22.30382,-0.26626,3.0133,2.9905,37.62,0.00734,0.3,normal
19.79,-40.83248,-39.70605,-1.12643,22.02164,22.25584,-0.2342,2.9954,2.9986,37.51,0.00162,0.3,normal
19.8,-41.10805,-40.027,-1.08105,22.00543,22.20048,-0.19505,2.99,3.0,37.52,0.00398,0.3,normal
19.81,-41.38055,-40.33516,-1.04539,21.9889,22.15693,-0.16803,2.9963,2.9847,37.62,0.00267,0.3,normal
19.82,-41.64993,-40.64508,-1.00486,21.97203,22.10572,-0.13369,2.9954,2.9949,37.79,0.00127,0.3,normal
19.83,-41.91613,-40.94471,-0.97142,21.9548,22.06261,-0.1078,2.9848,3.0,37.89,0.00312,0.3,normal
19.84,-42.17908,-41.24739,-0.93168,21.9372,22.01448,-0.07729,2.9922,3.0,37.65,0.00212,0.3,normal
19.85,-42.43872,-41.53702,-0.9017,21.91919,21.97431,-0.05512,2.9977,2.9731,37.56,0.00122,0.3,normal
19.86,-42.695,-41.82789,-0.86712,21.90076,21.92956,-0.0288,2.9787,2.9744,37.79,0.00314,0.3,normal
19.87,-42.94786,-42.1062,-0.84166,21.8819,21.88842,-0.00653,3.0143,2.9804,37.8,0.00264,0.3,normal
19.88,-43.19724,-42.38577,-0.81147,21.86257,21.84061,0.02196,3.0054,3.0,37.77,0.00126,0.3,normal
19.89,-43.44308,-42.65408,-0.789,21.84275,21.79907,0.04368,3.0038,2.9929,37.78,0.00281,0.3,normal
19.9,-43.68533,-42.92265,-0.76269,21.82243,21.74877,0.07367,3.0069,3.0,37.73,0.00374,0.3,normal
19.91,-43.92395,-43.17819,-0.74575,21.80159,21.70303,0.09856,3.0086,2.9964,37.77,0.00081,0.3,normal
19.92,-44.15886,-43.43426,-0.7246,21.7802,21.65111,0.12909,2.997,3.0,37.74,0.00277,0.3,normal
19.93,-44.39003,-43.67803,-0.71201,21.75824,21.60686,0.15138,2.9975,3.0,37.93,0.00274,0.3,normal
19.94,-44.61741,-43.92509,-0.69232,21.73569,21.5564,0.17929,2.9996,3.0,38.11,0.00066,0.3,normal
19.95,-44.84094,-44.16201,-0.67893,21.71252,21.51336,0.19916,3.005,2.9898,37.81,0.00225,0.3,normal
19.96,-45.06059,-44.39845,-0.66214,21.68872,21.46434,0.22437,2.988,2.9893,37.79,0.0038,0.3,normal
19.97,-45.27629,-44.6209,-0.6554,21.66426,21.42043,0.24383,3.0083,2.9853,37.84,0.00185,0.3,normal
19.98,-45.48801,-44.84301,-0.64501,21.63912,21.3715,0.26762,3.0011,3.0,37.71,0.00143,0.3,normal
19.99,-45.69571,-45.05745,-0.63827,21.61328,21.33095,0.28233,3.0086,2.9866,37.93,0.00609,0.3,normal
20.0,-45.89935,-45.27819,-0.62116,21.58671,21.31134,0.27537,3.0106,2.9862,37.88,0.00503,0.3,normal
20.01,-46.09887,-45.48841,-0.61046,21.55939,21.31388,0.24551,3.0163,2.9758,37.76,0.00169,0.3,normal
20.02,-46.29425,-45.7021,-0.59215,21.53131,21.31038,0.22093,3.0057,3.0,37.97,0.00289,0.3,normal
20.03,-46.48544,-45.90433,-0.58111,21.50243,21.31445,0.18798,3.0017,2.9833,37.84,0.00182,0.3,normal
20.04,-46.67242,-46.10716,-0.56526,21.47273,21.31403,0.1587,2.9927,2.9955,37.7,0.00246,0.3,normal
20.05,-46.85513,-46.29846,-0.55667,21.4422,21.31931,0.12289,2.9856,2.9963,37.9,0.00375,0.3,normal
20.06,-47.03356,-46.4875,-0.54606,21.4108,21.31908,0.09173,3.0093,2.9899,37.89,0.00194,0.3,normal
20.07,-47.20767,-46.66577,-0.5419,21.37853,21.32285,0.05568,2.9933,2.9999,38.01,0.00067,0.3,normal
20.08,-47.37742,-46.84777,-0.52964,21.34534,21.3188,0.02654,3.0057,3.0,37.99,0.00217,0.3,normal
20.09,-47.54279,-47.02323,-0.51955,21.31122,21.32448,-0.01326,2.9991,3.0,37.86,0.00173,0.3,normal
20.1,-47.70375,-47.20081,-0.50294,21.27615,21.32352,-0.04737,3.0102,3.0,37.81,0.00125,0.3,normal
20.11,-47.86027,-47.36778,-0.49249,21.24011,21.32758,-0.08747,3.0184,2.9827,37.89,0.00264,0.3,normal
20.12,-48.01233,-47.54006,-0.47227,21.20307,21.32462,-0.12156,2.9931,3.0,37.95,0.00179,0.3,normal
20.13,-48.15991,-47.7025,-0.4574,21.165,21.32853,-0.16352,2.9998,2.9736,37.97,0.00243,0.3,normal
20.14,-48.30298,-47.86679,-0.43618,21.12589,21.32294,-0.19704,3.0052,3.0,37.95,0.00339,0.3,normal
20.15,-48.44152,-48.01776,-0.42376,21.08572,21.32475,-0.23904,3.0055,2.9976,37.9,0.00311,0.3,normal
20.16,-48.57552,-48.16633,-0.40919,21.04445,21.3179,-0.27344,2.9803,2.9965,38.07,0.00091,0.3,normal
20.17,-48.70495,-48.3035,-0.40145,21.00208,21.31568,-0.3136,2.9949,3.0,37.82,0.0029,0.3,normal
20.18,-48.8298,-48.44365,-0.38615,20.95857,21.307,-0.34843,3.02,3.0,38.3,0.00267,0.3,normal
20.19,-48.95007,-48.57126,-0.3788,20.9139,21.30505,-0.39115,2.967,3.0,38.05,0.00089,0.3,normal
20.2,-49.06572,-48.70207,-0.36365,20.86806,21.29641,-0.42835,3.0113,3.0,37.77,0.00248,0.3,normal
20.21,-49.17676,-48.82174,-0.35502,20.82102,21.29587,-0.47485,2.9964,2.9956,37.97,0.00451,0.3,normal
20.22,-49.28317,-48.94354,-0.33963,20.77275,21.28146,-0.50871,3.0085,3.0,38.07,0.00339,0.3,normal
20.23,-49.38495,-49.05327,-0.33168,20.72324,21.26416,-0.54092,3.0035,2.9894,37.9,0.003,0.3,normal
20.24,-49.48209,-49.16658,-0.31551,20.67246,21.23437,-0.56191,3.0138,2.9904,37.74,0.00309,0.3,normal
20.25,-49.57458,-49.26995,-0.30463,20.62039,21.20391,-0.58352,2.9959,3.0,37.81,0.00387,0.3,normal
20.26,-49.66242,-49.37419,-0.28823,20.56702,21.14764,-0.58062,3.0033,3.0,38.05,0.00412,0.3,normal
20.27,-49.74561,-49.46915,-0.27646,20.51231,21.09512,-0.58281,2.9978,2.9817,37.71,0.0023,0.3,normal
20.28,-49.82416,-49.56987,-0.25429,20.45625,21.03647,-0.58021,2.9818,3.0,37.76,0.0009,0.3,normal
20.29,-49.89805,-49.66035,-0.23769,20.39882,20.98505,-0.58623,3.0222,2.9721,38.07,0.00577,0.3,normal
20.3,-49.96729,-49.71378,-0.25351,20.34,20.92759,-0.58759,2.9834,3.0,37.96,0.0067,0.3,normal
20.31,-50.0319,-49.75454,-0.27736,20.27976,20.87751,-0.59775,3.0111,3.0,37.89,0.0008,0.3,normal
20.32,-50.09187,-49.80065,-0.29122,20.21809,20.81734,-0.59925,3.0052,2.9884,37.92,0.00172,0.3,normal
20.33,-50.14721,-49.84072,-0.30649,20.15496,20.76029,-0.60533,2.9945,2.9996,37.78,0.00648,0.3,normal
20.34,-50.19793,-49.88609,-0.31184,20.09036,20.69313,-0.60277,3.0341,2.4289,38.08,0.00484,0.3,normal
20.35,-50.24405,-49.92629,-0.31775,20.02427,20.59593,-0.57167,2.9842,2.9602,37.89,0.00097,0.3,normal
20.36,-50.28557,-49.97247,-0.3131,19.95666,20.49044,-0.53378,2.9781,2.9851,37.93,0.00274,0.3,normal
20.37,-50.32251,-50.0124,-0.31011,19.88752,20.39096,-0.50344,3.0071,2.9899,38.07,0.00103,0.3,normal
20.38,-50.35488,-50.06088,-0.294,19.81682,20.2827,-0.46588,3.0062,2.9649,37.98,0.00089,0.3,normal
20.39,-50.3827,-50.10388,-0.27882,19.74456,20.18057,-0.43601,3.0094,2.9975,37.91,0.00296,0.3,normal
20.4,-50.406,-50.15407,-0.25192,19.67071,20.07249,-0.40178,3.01,3.0,37.72,0.00137,0.3,normal
20.41,-50.42478,-50.19887,-0.2259,19.59525,19.97055,-0.3753,2.9883,3.0,38.08,0.00065,0.3,normal
20.42,-50.43907,-50.24848,-0.19059,19.51817,19.86443,-0.34627,3.016,3.0,38.04,0.00216,0.3,normal
20.43,-50.4489,-50.29262,-0.15627,19.43944,19.76526,-0.32582,2.988,3.0,37.96,0.00212,0.3,normal
20.44,-50.45428,-50.34505,-0.10923,19.35906,19.65912,-0.30006,3.0281,2.9874,37.88,0.0012,0.3,normal
20.45,-50.45525,-50.3927,-0.06255,19.277,19.55801,-0.28101,3.0284,3.0,38.04,0.00266,0.3,normal
20.46,-50.45183,-50.44287,-0.00896,19.19324,19.45193,-0.25868,3.0102,3.0,38.12,0.00261,0.3,normal
20.47,-50.44405,-50.47845,0.0344,19.10778,19.35337,-0.24559,3.0055,2.9984,38.06,0.00889,0.3,normal
20.48,-50.43194,-50.45087,0.01893,19.02059,19.24931,-0.22872,2.9869,2.9742,38.29,0.00888,0.3,normal
20.49,-50.41554,-50.41009,-0.00545,18.93166,19.15218,-0.22051,2.9742,3.0,38.16,0.00158,0.3,normal
20.5,-50.39487,-50.37667,-0.01819,18.84098,19.05231,-0.21133,2.9701,3.0,38.04,0.00048,0.3,normal
20.51,-50.36996,-50.33422,-0.03574,18.74852,18.95963,-0.21111,2.9918,3.0,38.17,0.00209,0.3,normal
20.52,-50.34087,-50.29671,-0.04415,18.65428,18.85949,-0.20521,2.9866,3.0,38.06,0.00124,0.3,normal
20.53,-50.30761,-50.25215,-0.05546,18.55824,18.76618,-0.20794,3.0242,3.0,38.07,0.00048,0.3,normal
20.54,-50.27024,-50.21464,-0.0556,18.46038,18.66525,-0.20486,3.0069,3.0,38.26,0.00172,0.3,normal
20.55,-50.22878,-50.17169,-0.05709,18.3607,18.57247,-0.21177,3.0123,3.0,37.93,0.00166,0.3,normal
20.56,-50.18329,-50.1357,-0.04759,18.25918,18.47437,-0.21519,3.0065,2.9827,38.07,0.00115,0.3,normal
20.57,-50.1338,-50.0955,-0.0383,18.1558,18.38279,-0.22698,2.9845,2.9975,38.25,0.00205,0.3,normal
20.58,-50.08036,-50.06197,-0.01839,18.05056,18.28885,-0.23828,3.023,3.0,38.12,0.00234,0.3,normal
20.59,-50.02301,-50.02183,-0.00118,17.94345,18.19734,-0.25389,3.0006,2.9999,38.02,0.0,0.3,normal
20.6,-49.9618,-49.98668,0.02487,17.83444,18.1005,-0.26605,3.0021,3.0,37.82,0.00127,0.3,normal
20.61,-49.89678,-49.94688,0.05011,17.72354,18.01215,-0.28861,3.0057,3.0,37.74,0.00214,0.3,normal
20.62,-49.82798,-49.91346,0.08548,17.61073,17.91732,-0.30659,2.9849,3.0,38.39,0.00109,0.3,normal
20.63,-49.75548,-49.87584,0.12036,17.49599,17.82987,-0.33387,2.9709,3.0,38.13,0.00139,0.3,normal
20.64,-49.6793,-49.84601,0.16671,17.37933,17.73997,-0.36064,2.968,2.9772,38.0,0.00281,0.3,normal
20.65,-49.59952,-49.80647,0.20695,17.26073,17.65993,-0.3992,3.0119,3.0,38.14,0.00086,0.3,normal
20.66,-49.51617,-49.77453,0.25836,17.14018,17.57651,-0.43633,3.0115,3.0,37.95,0.00098,0.3,normal
20.67,-49.42931,-49.73537,0.30606,17.01768,17.50172,-0.48404,2.9855,2.9885,38.04,0.00246,0.3,normal
20.68,-49.339,-49.70173,0.36273,16.89321,17.42195,-0.52875,3.0005,2.9932,37.95,0.0004,0.3,normal
20.69,-49.2453,-49.65913,0.41383,16.76677,17.34735,-0.58058,3.0323,3.0,37.88,0.01389,0.3,normal
20.7,-49.14826,-49.49979,0.35153,16.63835,17.26741,-0.62906,2.9953,3.0,37.78,0.01576,0.3,normal
20.71,-49.04793,-49.32297,0.27504,16.50794,17.19439,-0.68645,2.9722,3.0,37.86,0.00511,0.3,normal
20.72,-48.94439,-49.17149,0.2271,16.37555,17.11673,-0.74118,3.0043,2.9963,38.26,0.00595,0.3,normal
20.73,-48.83768,-49.04504,0.20736,16.24116,17.04599,-0.80484,2.9965,3.0,37.96,0.0133,0.3,normal
20.74,-48.72787,-48.92803,0.20017,16.10476,16.91672,-0.81196,2.9946,3.0,38.19,0.01225,0.3,normal
20.75,-48.61502,-48.80974,0.19472,15.96636,16.74381,-0.77745,3.0071,2.9708,38.25,0.00202,0.3,normal
20.76,-48.49919,-48.70413,0.20494,15.82595,16.56773,-0.74178,3.0232,3.0,38.11,0.00451,0.3,normal
20.77,-48.38045,-48.5964,0.21595,15.68353,16.40602,-0.7225,3.0042,3.0,38.07,0.00276,0.3,normal
20.78,-48.25886,-48.49741,0.23855,15.53909,16.24268,-0.7036,2.9977,3.0,38.13,0.00142,0.3,normal
20.79,-48.13448,-48.39481,0.26033,15.39263,16.08964,-0.69702,3.0054,2.9914,38.05,0.00353,0.3,normal
20.8,-48.00738,-48.30226,0.29488,15.24414,15.93445,-0.69031,3.0001,2.9943,38.3,0.00258,0.3,normal
20.81,-47.87763,-48.20707,0.32944,15.09364,15.79111,-0.69748,3.0001,2.9873,38.4,0.00135,0.3,normal
20.82,-47.74528,-48.11952,0.37423,14.94111,15.64522,-0.70411,3.0095,3.0,38.34,0.00335,0.3,normal
20.83,-47.61042,-48.02745,0.41702,14.78655,15.51166,-0.72511,2.9987,3.0,37.8,0.00307,0.3,normal
20.84,-47.47311,-47.94118,0.46807,14.62997,15.37646,-0.74648,3.0027,3.0,38.06,0.00164,0.3,normal
20.85,-47.33342,-47.84932,0.5159,14.47137,15.25716,-0.78579,2.9974,3.0,38.13,0.00351,0.3,normal
20.86,-47.19141,-47.7654,0.574,14.31074,15.13783,-0.82709,2.9975,2.9982,38.2,0.00198,0.3,normal
20.87,-47.04715,-47.67325,0.62609,14.14808,15.02829,-0.88021,3.015,3.0,37.87,0.00128,0.3,normal
20.88,-46.90072,-47.5856,0.68487,13.98341,14.91675,-0.93334,3.0022,2.9975,37.87,0.01668,0.3,normal
20.89,-46.75219,-47.41663,0.66444,13.81672,14.78718,-0.97046,2.9876,2.995,38.33,0.01633,0.3,normal
20.9,-46.60162,-47.22683,0.62521,13.64802,14.62774,-0.97972,2.9915,3.0,38.05,0.00298,0.3,normal
20.91,-46.44909,-47.03656,0.58746,13.47731,14.47976,-1.00245,3.0037,3.0,37.92,0.00293,0.3,normal
20.92,-46.29468,-46.85797,0.5633,13.30459,14.32717,-1.02259,3.0164,3.0,37.98,0.00402,0.3,normal
20.93,-46.13844,-46.68037,0.54193,13.12986,14.18267,-1.05281,2.9855,2.9948,38.2,0.0021,0.3,normal
20.94,-45.98046,-46.514,0.53354,12.95314,14.03387,-1.08072,2.993,3.0,38.02,0.01238,0.3,normal
20.95,-45.82081,-46.34685,0.52604,12.77443,13.79421,-1.01977,3.013,2.989,38.19,0.01363,0.3,normal
20.96,-45.65955,-46.19234,0.53278,12.59374,13.54145,-0.94771,2.9967,3.0,38.01,0.00329,0.3,normal
20.97,-45.49677,-46.03604,0.53927,12.41107,13.30108,-0.89001,3.0069,2.9826,37.9,0.00326,0.3,normal
20.98,-45.33254,-45.89299,0.56045,12.22642,13.06122,-0.8348,3.0136,3.0,38.37,0.00416,0.3,normal
20.99,-45.16692,-45.75117,0.58425,12.03982,12.83202,-0.79221,2.9969,3.0,38.22,0.00219,0.3,normal
21.0,-45.0,-45.62101,0.62101,11.85125,12.60016,-0.7489,2.9748,2.9796,38.12,0.00258,0.3,normal
21.01,-44.83184,-45.48848,0.65664,11.66075,12.37975,-0.719,3.0107,2.9791,38.09,0.00395,0.3,normal
21.02,-44.66253,-45.36511,0.70258,11.46831,12.15835,-0.69004,2.9957,2.9986,38.39,0.00267,0.3,normal
21.03,-44.49212,-45.24359,0.75146,11.27394,11.94767,-0.67373,2.9994,3.0,38.26,0.0044,0.3,normal
21.04,-44.32071,-45.12225,0.80155,11.07766,11.73608,-0.65842,3.0058,2.9786,38.35,0.00502,0.3,normal
21.05,-44.14835,-44.97502,0.82667,10.87947,11.53501,-0.65554,3.004,2.9887,38.09,0.00222,0.3,normal
21.06,-43.97513,-44.83921,0.86408,10.67939,11.33011,-0.65072,2.9932,3.0,38.19,0.00996,0.3,normal
21.07,-43.80111,-44.61323,0.81212,10.47743,11.13528,-0.65785,2.991,2.9971,38.25,0.01125,0.3,normal
21.08,-43.62638,-44.38815,0.76177,10.27361,10.93711,-0.6635,2.9882,3.0,38.11,0.00316,0.3,normal
21.09,-43.45099,-44.16045,0.70946,10.06793,10.75147,-0.68354,2.9973,2.9886,38.18,0.00148,0.3,normal
21.1,-43.27504,-43.94243,0.66739,9.8604,10.56359,-0.70318,2.9996,2.9856,38.11,0.00219,0.3,normal
21.11,-43.09857,-43.7209,0.62233,9.65106,10.38383,-0.73277,3.0079,3.0,38.26,0.00296,0.3,normal
21.12,-42.92168,-43.51209,0.5904,9.4399,10.20222,-0.76232,3.0121,2.9993,38.01,0.00231,0.3,normal
21.13,-42.74443,-43.3044,0.55996,9.22694,10.03007,-0.80312,2.9942,3.0,38.3,0.00295,0.3,normal
21.14,-42.5669,-43.10733,0.54043,9.01221,9.85512,-0.84291,3.0074,2.9916,38.26,0.00203,0.3,normal
21.15,-42.38914,-42.91028,0.52114,8.79571,9.68776,-0.89205,2.998,2.9872,38.19,0.00176,0.3,normal
21.16,-42.21125,-42.72476,0.51352,8.57746,9.51483,-0.93736,2.9869,3.0,38.29,0.00294,0.3,normal
21.17,-42.03327,-42.53599,0.50272,8.35749,9.34973,-0.99224,2.9951,2.9747,38.17,0.00311,0.3,normal
21.18,-41.85529,-42.35792,0.50263,8.1358,9.18436,-1.04856,3.0184,3.0,38.13,0.0028,0.3,normal
21.19,-41.67738,-42.17891,0.50153,7.91242,9.03037,-1.11795,3.0008,3.0,38.31,0.00416,0.3,normal
21.2,-41.49959,-42.01278,0.51319,7.68736,8.87396,-1.1866,3.011,3.0,38.32,0.00401,0.3,normal
21.21,-41.32201,-41.84737,0.52537,7.46065,8.72583,-1.26518,3.0118,3.0,38.16,0.0018,0.3,normal
21.22,-41.14469,-41.69455,0.54986,7.23231,8.56322,-1.33091,2.9909,3.0,38.15,0.01725,0.3,normal
21.23,-40.96771,-41.53837,0.57066,7.00235,8.27518,-1.27283,3.0202,2.997,38.21,0.01637,0.3,normal
21.24,-40.79113,-41.39312,0.60199,6.77079,7.97111,-1.20032,3.0033,2.9974,38.16,0.00273,0.3,normal
21.25,-40.61502,-41.24702,0.632,6.53766,7.68111,-1.14345,3.0188,3.0,38.48,0.00403,0.3,normal
21.26,-40.43944,-41.11244,0.673,6.30299,7.3934,-1.09041,3.0106,3.0,38.3,0.00296,0.3,normal
21.27,-40.26445,-40.97601,0.71156,6.06678,7.11558,-1.0488,2.9898,2.9914,38.26,0.00205,0.3,normal
21.28,-40.09012,-40.84977,0.75965,5.82907,6.83627,-1.0072,2.9952,2.9869,38.12,0.00314,0.3,normal
21.29,-39.91652,-40.7222,0.80569,5.58987,6.56827,-0.9784,2.9989,3.0,38.37,0.00348,0.3,normal
21.3,-39.74369,-40.60222,0.85852,5.34922,6.29773,-0.94852,3.0199,2.9997,38.17,0.00645,0.3,normal
21.31,-39.57171,-40.46481,0.89309,5.10713,6.03538,-0.92825,2.2009,3.0,38.17,0.00741,0.3,normal
21.32,-39.40064,-40.29096,0.89032,4.86363,5.77129,-0.90766,3.0053,3.0,38.39,0.00359,0.3,normal
21.33,-39.23053,-40.11447,0.88394,4.61875,5.52097,-0.90223,2.9928,3.0,38.34,0.00221,0.3,normal
21.34,-39.06144,-39.94992,0.88848,4.3725,5.26917,-0.89667,3.0338,2.9945,37.91,0.00243,0.3,normal
21.35,-38.89343,-39.78585,0.89242,4.12493,5.02676,-0.90183,2.9975,3.0,38.26,0.00391,0.3,normal
21.36,-38.72655,-39.63508,0.90853,3.87604,4.78168,-0.90563,2.9923,3.0,38.31,0.00096,0.3,normal
21.37,-38.56086,-39.47608,0.91521,3.62588,4.54505,-0.91918,2.9862,2.9978,38.24,0.00739,0.3,normal
21.38,-38.39642,-39.31755,0.92113,3.37446,4.30541,-0.93096,2.0167,3.0,38.32,0.00693,0.3,normal
21.39,-38.23328,-39.10318,0.8699,3.12181,4.07334,-0.95153,3.0247,2.9818,38.03,0.0021,0.3,normal
21.4,-38.07148,-38.90248,0.831,2.86797,3.83897,-0.97101,2.9942,2.9981,37.88,0.00236,0.3,normal
21.41,-37.91109,-38.69775,0.78666,2.61295,3.6147,-1.00174,2.9994,3.0,38.16,0.00321,0.3,normal
21.42,-37.75215,-38.50345,0.7513,2.3568,3.38606,-1.02926,3.0088,2.9971,38.36,0.00208,0.3,normal
21.43,-37.59471,-38.30731,0.7126,2.09953,3.16709,-1.06756,2.9968,2.9895,37.83,0.0009,0.3,normal
21.44,-37.43881,-38.11993,0.68111,1.84119,2.94508,-1.10389,2.9804,2.9917,38.19,0.00372,0.3,normal
21.45,-37.28451,-37.92993,0.64542,1.58179,2.73245,-1.15067,2.9786,3.0,38.04,0.00273,0.3,normal
21.46,-37.13185,-37.75234,0.62049,1.32136,2.51758,-1.19621,2.9981,2.9986,38.29,0.00219,0.3,normal
21.47,-36.98087,-37.57308,0.59221,1.05995,2.3137,-1.25375,3.0081,2.9822,38.62,0.00396,0.3,normal
21.48,-36.83162,-37.40798,0.57636,0.79757,2.10836,-1.31078,3.0067,2.996,38.3,0.0032,0.3,normal
21.49,-36.68413,-37.24269,0.55856,0.53427,1.91023,-1.37596,2.9891,2.9913,38.32,0.00025,0.3,normal
21.5,-36.53846,-37.08719,0.54873,0.27007,1.70881,-1.43874,3.0069,2.9892,38.47,0.00281,0.3,normal
21.51,-36.39463,-36.9311,0.53647,0.005,1.51458,-1.50959,2.9929,2.9966,38.35,0.00287,0.3,normal
21.52,-36.25269,-36.78532,0.53264,-0.2609,1.31771,-1.57861,2.9911,2.9988,38.31,0.01317,0.3,normal
21.53,-36.11266,-36.637,0.52434,-0.52761,1.06293,-1.59053,2.9989,3.0,38.49,0.01534,0.3,normal
21.54,-35.9746,-36.50154,0.52694,-0.79508,0.74423,-1.5393,3.0263,3.0,38.43,0.00347,0.3,normal
21.55,-35.83852,-36.36703,0.5285,-1.06328,0.43517,-1.49845,3.0087,3.0,38.4,0.00199,0.3,normal
21.56,-35.70447,-36.24475,0.54028,-1.33219,0.12265,-1.45484,3.0032,3.0,38.34,0.00355,0.3,normal
21.57,-35.57247,-36.11978,0.54731,-1.60177,-0.17855,-1.42321,3.0093,2.9943,38.31,0.00284,0.3,normal
21.58,-35.44256,-36.0028,0.56024,-1.87197,-0.48479,-1.38718,3.0264,2.9839,38.51,0.0014,0.3,normal
21.59,-35.31476,-35.88565,0.5709,-2.14278,-0.78102,-1.36176,2.9804,2.9688,38.32,0.00265,0.3,normal
21.6,-35.18909,-35.78121,0.59212,-2.41416,-1.08259,-1.33157,3.0104,2.9719,38.56,0.00393,0.3,normal
21.61,-35.06559,-35.6755,0.60991,-2.68606,-1.37265,-1.31341,2.9958,3.0,38.22,0.00245,0.3,normal
21.62,-34.94428,-35.58031,0.63603,-2.95846,-1.66379,-1.29467,3.0056,2.9973,38.6,0.00311,0.3,normal
21.63,-34.82518,-35.48417,0.659,-3.23132,-1.94354,-1.28778,2.9795,3.0,38.46,0.00459,0.3,normal
21.64,-34.70831,-35.38573,0.67742,-3.50461,-2.22275,-1.28186,3.0102,2.9937,38.24,0.00835,0.3,normal
21.65,-34.59369,-35.27563,0.68194,-3.77828,-2.49104,-1.28725,2.136,3.0,38.47,0.00638,0.3,normal
21.66,-34.48134,-35.12727,0.64593,-4.05231,-2.75939,-1.29292,3.0074,3.0,38.3,0.00345,0.3,normal
21.67,-34.37127,-34.97754,0.60626,-4.32666,-3.01708,-1.30958,3.0067,2.9766,38.4,0.00218,0.3,normal
21.68,-34.26351,-34.83976,0.57625,-4.60128,-3.27742,-1.32386,2.9952,2.9877,38.33,0.00283,0.3,normal
21.69,-34.15806,-34.70157,0.54351,-4.87615,-3.52776,-1.34839,2.9944,2.9907,38.39,0.00356,0.3,normal
21.7,-34.05494,-34.57279,0.51785,-5.15123,-3.78293,-1.3683,3.0072,3.0,38.55,0.0032,0.3,normal
21.71,-33.95416,-34.4445,0.49034,-5.42648,-4.02377,-1.40271,2.9922,3.0,38.49,0.00234,0.3,normal
21.72,-33.85573,-34.32684,0.47111,-5.70187,-4.26701,-1.43486,3.0239,2.9993,38.25,0.00356,0.3,normal
21.73,-33.75965,-34.20726,0.44761,-5.97735,-4.49818,-1.47917,3.0002,2.9776,38.26,0.00279,0.3,normal
21.74,-33.66593,-34.0968,0.43087,-6.25289,-4.73065,-1.52225,2.984,3.0,38.46,0.00234,0.3,normal
21.75,-33.57458,-33.98593,0.41135,-6.52846,-4.95285,-1.57561,3.0039,3.0,38.47,0.00409,0.3,normal
21.76,-33.4856,-33.88734,0.40174,-6.80402,-5.17423,-1.62979,2.9686,2.9853,38.32,0.01289,0.3,normal
21.77,-33.39898,-33.78781,0.38882,-7.07952,-5.47317,-1.60634,3.0108,2.9774,38.67,0.01251,0.3,normal
21.78,-33.31474,-33.6971,0.38236,-7.35493,-5.81156,-1.54337,3.0174,3.0,38.55,0.00235,0.3,normal
21.79,-33.23287,-33.60084,0.36796,-7.63022,-6.14113,-1.48909,3.0013,2.9874,38.34,0.00194,0.3,normal
21.8,-33.15337,-33.51566,0.36229,-7.90534,-6.47516,-1.43018,3.013,3.0,38.33,0.00093,0.3,normal
21.81,-33.07623,-33.42609,0.34986,-8.18026,-6.80119,-1.37908,3.0095,3.0,38.41,0.00334,0.3,normal
21.82,-33.00145,-33.34379,0.34235,-8.45494,-7.12794,-1.32701,3.016,2.9926,38.4,0.00294,0.3,normal
21.83,-32.92901,-33.25877,0.32976,-8.72935,-7.44532,-1.28403,2.9841,3.0,38.64,0.00118,0.3,normal
21.84,-32.85892,-33.18002,0.3211,-9.00344,-7.764,-1.23944,2.9979,2.9887,38.6,0.00221,0.3,normal
21.85,-32.79116,-33.09517,0.30402,-9.27718,-8.07178,-1.20539,2.9959,3.0,38.46,0.00237,0.3,normal
21.86,-32.72571,-33.01709,0.29138,-9.55052,-8.38078,-1.16975,3.0008,3.0,38.56,0.00092,0.3,normal
21.87,-32.66258,-32.93065,0.26807,-9.82344,-8.67894,-1.1445,2.9773,3.0,38.59,0.0031,0.3,normal
21.88,-32.60173,-32.84791,0.24618,-10.09589,-8.97628,-1.11961,3.0128,2.9966,38.47,0.00321,0.3,normal
21.89,-32.54316,-32.75656,0.2134,-10.36784,-9.26279,-1.10505,3.0136,2.9811,38.53,0.00513,0.3,normal
21.9,-32.48684,-32.66965,0.18281,-10.63924,-9.5225,-1.11674,3.0018,2.9851,38.56,0.00581,0.3,normal
21.91,-32.43276,-32.5758,0.14304,-10.91006,-9.76582,-1.14424,2.9982,2.9967,38.55,0.00259,0.3,normal
21.92,-32.38091,-32.49036,0.10946,-11.18027,-10.01419,-1.16608,2.9903,2.9921,38.36,0.00114,0.3,normal
21.93,-32.33124,-32.40008,0.06884,-11.44982,-10.25183,-1.19799,3.0013,2.9677,38.38,0.00245,0.3,normal
21.94,-32.28375,-32.3194,0.03565,-11.71868,-10.49219,-1.22649,2.9959,2.9937,38.44,0.00328,0.3,normal
21.95,-32.23841,-32.23412,-0.00429,-11.98681,-10.72215,-1.26465,2.9956,2.9835,38.38,0.00094,0.3,normal
21.96,-32.19518,-32.15537,-0.03982,-12.25417,-10.95728,-1.29689,3.0062,2.9999,38.27,0.00787,0.3,normal
21.97,-32.15406,-32.14012,-0.01393,-12.52072,-11.18628,-1.33444,2.9991,2.9968,38.59,0.00936,0.3,normal
21.98,-32.11499,-32.13213,0.01713,-12.78644,-11.42082,-1.36561,2.9939,3.0,38.55,0.00135,0.3,normal
21.99,-32.07796,-32.11628,0.03831,-13.05127,-11.64291,-1.40836,2.994,3.0,38.3,0.0019,0.3,normal
22.0,-32.04294,-32.10267,0.05973,-13.31519,-11.86715,-1.44804,2.9977,2.9914,38.47,0.00333,0.3,normal
22.01,-32.00989,-32.078,0.06812,-13.57815,-12.08362,-1.49453,2.9958,3.0,38.48,0.00125,0.3,normal
22.02,-31.97877,-32.05748,0.07871,-13.84012,-12.30209,-1.53804,3.0122,2.9932,38.54,0.00172,0.3,normal
22.03,-31.94955,-32.02832,0.07876,-14.10107,-12.51049,-1.59058,3.0002,2.9972,38.35,0.00171,0.3,normal
22.04,-31.9222,-32.00481,0.08261,-14.36096,-12.72412,-1.63683,3.0292,3.0,38.31,0.01062,0.3,normal
22.05,-31.89667,-31.9759,0.07923,-14.61974,-12.95021,-1.66953,3.0113,1.6817,38.6,0.01028,0.3,normal
22.06,-31.87293,-31.9536,0.08067,-14.87739,-13.26677,-1.61062,2.9893,2.9663,38.29,0.00301,0.3,normal
22.07,-31.85094,-31.92627,0.07533,-15.13387,-13.57392,-1.55995,2.989,2.9944,38.49,0.00184,0.3,normal
22.08,-31.83065,-31.90158,0.07093,-15.38914,-13.88336,-1.50578,2.9997,2.9903,38.48,0.00082,0.3,normal
22.09,-31.81202,-31.87199,0.05996,-15.64317,-14.18108,-1.46209,3.0085,2.9728,38.52,0.00295,0.3,normal
22.1,-31.79502,-31.84675,0.05174,-15.89592,-14.48128,-1.41465,3.0047,2.9978,38.58,0.00249,0.3,normal
22.11,-31.77958,-31.81415,0.03457,-16.14736,-14.76952,-1.37785,3.0006,3.0,38.78,0.00266,0.3,normal
22.12,-31.76567,-31.78538,0.01971,-16.39746,-15.05523,-1.34223,2.9894,2.9874,38.31,0.00294,0.3,normal
22.13,-31.75325,-31.74835,-0.00489,-16.64617,-15.33002,-1.31615,3.012,2.9912,38.68,0.00172,0.3,normal
22.14,-31.74225,-31.71684,-0.02541,-16.89347,-15.60951,-1.28396,3.0017,2.9889,38.18,0.00156,0.3,normal
22.15,-31.73263,-31.67766,-0.05498,-17.13931,-15.88011,-1.25921,2.9822,3.0,38.77,0.00248,0.3,normal
22.16,-31.72435,-31.64476,-0.07959,-17.38368,-16.15206,-1.23162,2.9842,3.0,38.26,0.00275,0.3,normal
22.17,-31.71735,-31.60774,-0.1096,-17.62652,-16.41269,-1.21383,3.0071,3.0,38.93,0.0005,0.3,normal
22.18,-31.71157,-31.5788,-0.13277,-17.86782,-16.67608,-1.19174,3.0181,3.0,38.51,0.00718,0.3,normal
22.19,-31.70697,-31.58655,-0.12042,-18.10753,-16.93045,-1.17709,3.0105,2.9731,38.77,0.0075,0.3,normal
22.2,-31.70348,-31.60794,-0.09554,-18.34563,-17.18657,-1.15906,3.0288,3.0,38.74,0.00134,0.3,normal
22.21,-31.70106,-31.62378,-0.07728,-18.58208,-17.43056,-1.15152,3.007,3.0,38.52,0.0028,0.3,normal
22.22,-31.69965,-31.64699,-0.05266,-18.81685,-17.67682,-1.14003,3.0081,3.0,38.53,0.00309,0.3,normal
22.23,-31.6992,-31.66166,-0.03753,-19.04991,-17.91092,-1.13899,2.9945,2.9956,38.47,0.00072,0.3,normal
22.24,-31.69963,-31.68218,-0.01745,-19.28123,-18.14614,-1.13509,2.9989,3.0,38.71,0.00263,0.3,normal
22.25,-31.7009,-31.69752,-0.00338,-19.51078,-18.37097,-1.1398,3.0123,2.9785,38.54,0.00247,0.3,normal
22.26,-31.70295,-31.71826,0.01532,-19.73852,-18.5981,-1.14042,2.9855,3.0,38.48,0.00073,0.3,normal
22.27,-31.70571,-31.73183,0.02612,-19.96443,-18.81515,-1.14927,2.9987,2.9906,38.69,0.00206,0.3,normal
22.28,-31.70912,-31.75325,0.04412,-20.18847,-19.03341,-1.15506,2.9924,2.9963,38.48,0.00394,0.3,normal
22.29,-31.71313,-31.76566,0.05252,-20.41062,-19.24021,-1.17041,2.979,2.987,38.57,0.0012,0.3,normal
22.3,-31.71768,-31.78234,0.06467,-20.63085,-19.44775,-1.1831,2.9981,3.0,38.64,0.00228,0.3,normal
22.31,-31.72268,-31.79186,0.06917,-20.84913,-19.64275,-1.20638,2.9907,2.9902,38.53,0.00342,0.3,normal
22.32,-31.7281,-31.80829,0.08019,-21.06543,-19.83842,-1.22701,3.0168,2.9936,38.55,0.00213,0.3,normal
22.33,-31.73386,-31.82099,0.08713,-21.27972,-20.02061,-1.25911,2.9902,2.9957,38.86,0.002,0.3,normal
22.34,-31.73989,-31.84116,0.10128,-21.49198,-20.20588,-1.2861,2.9834,3.0,38.6,0.0021,0.3,normal
22.35,-31.74613,-31.85361,0.10747,-21.70218,-20.38616,-1.31602,3.0046,2.9983,38.58,0.00114,0.3,normal
22.36,-31.75252,-31.87508,0.12256,-21.91029,-20.57064,-1.33965,3.0048,2.9985,38.62,0.00324,0.3,normal
22.37,-31.75899,-31.89016,0.13117,-22.11628,-20.74817,-1.36811,2.9795,2.5649,38.71,0.00501,0.3,normal
22.38,-31.76548,-31.91017,0.1447,-22.32014,-20.95593,-1.36421,3.0009,3.0,38.49,0.0013,0.3,normal
22.39,-31.77191,-31.92443,0.15252,-22.52183,-21.15432,-1.36751,2.9938,2.9899,38.72,0.001,0.3,normal
22.4,-31.77822,-31.94318,0.16495,-22.72133,-21.35793,-1.3634,3.0091,3.0,38.7,0.00226,0.3,normal
22.41,-31.78435,-31.95608,0.17173,-22.91862,-21.55274,-1.36588,3.018,3.0,38.39,0.00122,0.3,normal
22.42,-31.79022,-31.97542,0.1852,-23.11367,-21.74831,-1.36537,2.9834,2.9738,38.93,0.00052,0.3,normal
22.43,-31.79577,-31.98781,0.19204,-23.30646,-21.94164,-1.36482,2.9941,3.0,38.89,0.00625,0.3,normal
22.44,-31.80092,-32.00528,0.20436,-23.49697,-22.15956,-1.33741,3.006,2.9994,38.55,0.00435,0.3,normal
22.45,-31.80562,-32.01924,0.21363,-23.68517,-22.38619,-1.29898,2.9787,3.0,38.51,0.00147,0.3,normal
22.46,-31.80979,-32.04025,0.23047,-23.87104,-22.61511,-1.25593,2.9972,2.9904,38.71,0.00249,0.3,normal
22.47,-31.81336,-32.05495,0.24159,-24.05456,-22.83081,-1.22375,2.9906,2.9935,38.47,0.00314,0.3,normal
22.48,-31.81627,-32.07124,0.25497,-24.23571,-23.05088,-1.18483,3.004,3.0,38.89,0.00244,0.3,normal
22.49,-31.81844,-32.07151,0.25307,-24.41447,-23.2627,-1.15176,2.9902,2.9813,38.62,0.0022,0.3,normal
22.5,-31.81981,-32.0763,0.25649,-24.59081,-23.481,-1.10982,3.0067,3.0,38.94,0.00204,0.3,normal
22.51,-31.8203,-32.07688,0.25658,-24.76473,-23.68946,-1.07527,3.0005,3.0,38.58,0.00153,0.3,normal
22.52,-31.81986,-32.08062,0.26077,-24.9362,-23.8986,-1.0376,2.9795,2.9819,38.69,0.0031,0.3,normal
22.53,-31.8184,-32.07762,0.25922,-25.1052,-24.09508,-1.01012,2.9852,3.0,38.9,0.00234,0.3,normal
22.54,-31.81587,-32.07869,0.26282,-25.27171,-24.29389,-0.97782,3.0002,3.0,38.66,0.00157,0.3,normal
22.55,-31.81218,-32.07107,0.25888,-25.43572,-24.47973,-0.95599,2.9965,3.0,38.75,0.00286,0.3,normal
22.56,-31.80729,-32.06604,0.25876,-25.59721,-24.66637,-0.93084,3.0145,3.0,38.88,0.0032,0.3,normal
22.57,-31.8011,-32.04953,0.24843,-25.75616,-24.84366,-0.9125,3.0023,2.9979,38.64,0.00085,0.3,normal
22.58,-31.79357,-32.03998,0.24641,-25.91257,-25.02391,-0.88866,2.9972,3.0,38.53,0.00186,0.3,normal
22.59,-31.78461,-32.02162,0.23701,-26.0664,-25.19412,-0.87228,3.0071,2.9911,38.51,0.00339,0.3,normal
22.6,-31.77417,-32.00978,0.23561,-26.21765,-25.36606,-0.85159,2.9793,3.0,38.82,0.00126,0.3,normal
22.61,-31.76217,-31.98924,0.22707,-26.36631,-25.5303,-0.83601,2.9925,3.0,38.79,0.00179,0.3,normal
22.62,-31.74855,-31.97331,0.22476,-26.51235,-25.6982,-0.81416,2.9947,2.9975,38.89,0.00273,0.3,normal
22.63,-31.73324,-31.95234,0.21909,-26.65578,-25.85511,-0.80067,2.9831,3.0,38.7,0.00255,0.3,normal
22.64,-31.71618,-31.93506,0.21888,-26.79656,-26.01095,-0.78561,3.0143,3.0,38.53,0.00214,0.3,normal
22.65,-31.6973,-31.9114,0.2141,-26.9347,-26.15594,-0.77877,3.0087,3.0,38.39,0.00239,0.3,normal
22.66,-31.67653,-31.89545,0.21892,-27.07019,-26.30354,-0.76664,2.9914,3.0,39.18,0.0012,0.3,normal
22.67,-31.65381,-31.87085,0.21704,-27.203,-26.44328,-0.75972,2.9643,3.0,38.83,0.00202,0.3,normal
22.68,-31.62908,-31.85106,0.22199,-27.33313,-26.5841,-0.74904,3.0011,3.0,38.77,0.00326,0.3,normal
22.69,-31.60226,-31.82634,0.22408,-27.46058,-26.71069,-0.74989,3.0252,2.9956,38.79,0.0053,0.3,normal
22.7,-31.57331,-31.80674,0.23343,-27.58533,-26.83993,-0.7454,2.3269,3.0,38.54,0.00533,0.3,normal
22.71,-31.54215,-31.74207,0.19991,-27.70737,-26.95799,-0.74938,2.9853,3.0,38.64,0.00267,0.3,normal
22.72,-31.50873,-31.68317,0.17444,-27.82669,-27.07766,-0.74903,3.0141,3.0,39.02,0.00134,0.3,normal
22.73,-31.47298,-31.61959,0.14661,-27.9433,-27.18786,-0.75543,2.9855,2.9854,38.86,0.00133,0.3,normal
22.74,-31.43485,-31.56213,0.12728,-28.05717,-27.29833,-0.75884,3.0106,3.0,38.65,0.00351,0.3,normal
22.75,-31.39426,-31.50159,0.10732,-28.16831,-27.39953,-0.76879,2.9895,2.9881,38.58,0.00085,0.3,normal
22.76,-31.35118,-31.44874,0.09756,-28.27671,-27.50818,-0.76853,2.9853,2.9987,38.69,0.00048,0.3,normal
22.77,-31.30552,-31.38961,0.08408,-28.38237,-27.61053,-0.77184,3.0027,3.0,38.72,0.00151,0.3,normal
22.78,-31.25725,-31.3375,0.08025,-28.48527,-27.72102,-0.76424,2.9932,3.0,39.08,0.00104,0.3,normal
22.79,-31.2063,-31.27722,0.07092,-28.58542,-27.82354,-0.76188,3.0149,3.0,38.74,0.0,0.3,normal
22.8,-31.15262,-31.22447,0.07185,-28.68281,-27.93246,-0.75035,3.0181,2.9823,38.59,0.00207,0.3,normal
22.81,-31.09615,-31.16568,0.06953,-28.77745,-28.03625,-0.7412,2.9803,3.0,38.77,0.00141,0.3,normal
22.82,-31.03683,-31.1129,0.07607,-28.86932,-28.14421,-0.72511,3.0144,3.0,38.82,0.00031,0.3,normal
22.83,-30.97463,-31.0537,0.07908,-28.95842,-28.24572,-0.7127,3.0135,3.0,38.59,0.00132,0.3,normal
22.84,-30.90948,-31.00226,0.09278,-29.04476,-28.35471,-0.69005,3.0023,2.9922,38.84,0.00183,0.3,normal
22.85,-30.84133,-30.94566,0.10433,-29.12834,-28.45551,-0.67283,2.9964,3.0,38.96,4e-05,0.3,normal
22.86,-30.77013,-30.89369,0.12356,-29.20915,-28.56227,-0.64688,2.998,2.9997,38.8,0.00202,0.3,normal
22.87,-30.69584,-30.83585,0.14001,-29.2872,-28.66159,-0.62561,3.0029,2.994,38.67,0.0018,0.3,normal
22.88,-30.6184,-30.78424,0.16584,-29.36248,-28.76695,-0.59553,3.0202,2.9804,38.71,0.00056,0.3,normal
22.89,-30.53778,-30.72806,0.19029,-29.435,-28.86874,-0.56626,2.989,2.9853,38.54,0.00139,0.3,normal
22.9,-30.45392,-30.67753,0.22361,-29.50476,-28.97867,-0.5261,2.991,2.9864,38.77,0.00235,0.3,normal
22.91,-30.36677,-30.61942,0.25265,-29.57177,-29.08095,-0.49082,2.9916,2.9983,38.84,6e-05,0.3,normal
22.92,-30.27631,-30.56861,0.2923,-29.63602,-29.19026,-0.44577,3.0104,3.0,38.66,0.00142,0.3,normal
22.93,-30.18248,-30.51134,0.32886,-29.69753,-29.29071,-0.40682,2.9905,2.9951,39.09,0.00207,0.3,normal
22.94,-30.08525,-30.4614,0.37615,-29.75629,-29.39671,-0.35957,2.9749,2.9923,38.92,0.00034,0.3,normal
22.95,-29.98457,-30.40595,0.42138,-29.81231,-29.49857,-0.31374,2.9862,2.9969,38.53,0.01265,0.3,normal
22.96,-29.88041,-30.29696,0.41655,-29.86559,-29.60564,-0.25995,2.987,3.0,38.54,0.01259,0.3,normal
22.97,-29.77273,-30.12791,0.35519,-29.91615,-29.70483,-0.21132,2.9897,3.0,38.66,0.00129,0.3,normal
22.98,-29.66149,-29.97059,0.3091,-29.96399,-29.80933,-0.15466,3.0164,2.9992,39.04,0.00122,0.3,normal
22.99,-29.54666,-29.80936,0.2627,-30.00912,-29.90755,-0.10157,2.9842,3.0,38.94,0.00318,0.3,normal
23.0,-29.4282,-29.65663,0.22843,-30.05154,-30.01475,-0.03679,3.0239,3.0,39.05,0.00206,0.3,normal
23.01,-29.30609,-29.50163,0.19554,-30.09126,-30.11562,0.02435,2.9985,3.0,38.81,0.00193,0.3,normal
23.02,-29.1803,-29.35688,0.17658,-30.1283,-30.2203,0.092,3.0147,2.9782,38.78,0.00284,0.3,normal
23.03,-29.05079,-29.21156,0.16078,-30.16266,-30.3167,0.15405,2.997,2.9992,38.63,0.00737,0.3,normal
23.04,-28.91753,-29.07818,0.16065,-30.19435,-30.36386,0.16951,3.0206,3.0,38.87,0.00686,0.3,normal
23.05,-28.78051,-28.94488,0.16437,-30.22338,-30.40649,0.18312,3.0174,2.9884,38.79,0.00315,0.3,normal
23.06,-28.63969,-28.82496,0.18527,-30.24976,-30.45622,0.20646,2.9884,2.9837,38.79,0.00141,0.3,normal
23.07,-28.49505,-28.70219,0.20714,-30.27351,-30.50073,0.22722,2.9993,3.0,39.07,0.00135,0.3,normal
23.08,-28.34658,-28.58858,0.242,-30.29463,-30.54808,0.25345,2.9944,3.0,38.81,0.00295,0.3,normal
23.09,-28.19424,-28.47341,0.27917,-30.31315,-30.58679,0.27364,2.9973,2.9933,39.03,0.00145,0.3,normal
23.1,-28.03802,-28.36498,0.32696,-30.32906,-30.62733,0.29826,3.0301,3.0,38.59,0.0014,0.3,normal
23.11,-27.87791,-28.2566,0.37869,-30.3424,-30.6621,0.31971,3.0137,3.0,39.24,0.00931,0.3,normal
23.12,-27.71388,-28.16014,0.44625,-30.35316,-30.64384,0.29069,2.9963,2.9996,38.78,0.00807,0.3,normal
23.13,-27.54593,-28.06076,0.51483,-30.36136,-30.61599,0.25463,3.0318,3.0,38.95,0.00084,0.3,normal
23.14,-27.37403,-27.97119,0.59716,-30.36702,-30.59451,0.22749,3.0042,2.9745,38.97,0.00166,0.3,normal
23.15,-27.19818,-27.87657,0.67839,-30.37016,-30.56902,0.19886,3.0103,3.0,38.77,0.01201,0.3,normal
23.16,-27.01837,-27.75665,0.73828,-30.37079,-30.54768,0.1769,2.9797,2.9994,38.97,0.01052,0.3,normal
23.17,-26.83458,-27.55703,0.72245,-30.36892,-30.52079,0.15187,3.0076,3.0,38.98,0.0027,0.3,normal
23.18,-26.64681,-27.36685,0.72003,-30.36457,-30.5004,0.13582,2.9832,2.9995,38.75,0.00275,0.3,normal
23.19,-26.45506,-27.17607,0.72101,-30.35777,-30.47244,0.11467,3.0064,3.0,38.76,0.00117,0.3,normal
23.2,-26.25932,-26.99763,0.7383,-30.34852,-30.45,0.10148,2.9986,2.9996,38.87,0.0027,0.3,normal
23.21,-26.05959,-26.81957,0.75998,-30.33685,-30.42349,0.08664,3.0287,3.0,38.85,0.0034,0.3,normal
23.22,-25.85587,-26.65221,0.79634,-30.32278,-30.40454,0.08176,3.0078,2.9934,39.08,0.0009,0.3,normal
23.23,-25.64815,-26.48189,0.83374,-30.30631,-30.37847,0.07215,2.9709,3.0,38.98,0.0026,0.3,normal
23.24,-25.43645,-26.32083,0.88438,-30.28748,-30.3579,0.07042,2.9906,3.0,38.87,0.00362,0.3,normal
23.25,-25.22075,-26.15551,0.93475,-30.2663,-30.32676,0.06046,2.9981,3.0,38.97,0.00649,0.3,normal
23.26,-25.00108,-25.97868,0.9776,-30.2428,-30.29972,0.05692,2.9897,3.0,38.58,0.00825,0.3,normal
23.27,-24.77743,-25.75097,0.97353,-30.21698,-30.26892,0.05194,2.9791,2.9882,38.8,0.0026,0.3,normal
23.28,-24.54982,-25.53242,0.9826,-30.18888,-30.247,0.05812,3.0188,3.0,38.94,0.00201,0.3,normal
23.29,-24.31825,-25.31379,0.99554,-30.15852,-30.21936,0.06085,3.0076,2.981,39.07,0.00276,0.3,normal
23.3,-24.08273,-25.10882,1.02608,-30.12591,-30.2024,0.07649,3.0194,2.9958,38.93,0.00279,0.3,normal
23.31,-23.84329,-24.90126,1.05797,-30.09108,-30.17954,0.08847,3.0016,3.0,39.13,0.00893,0.3,normal
23.32,-23.59992,-24.69335,1.09343,-30.05404,-30.16617,0.11212,1.7157,3.0,39.04,0.00883,0.3,normal
23.33,-23.35265,-24.41053,1.05788,-30.01484,-30.15059,0.13576,3.0025,2.9847,38.85,0.00372,0.3,normal
23.34,-23.1015,-24.13855,1.03704,-29.97348,-30.1451,0.17162,2.9782,2.9677,38.9,0.00153,0.3,normal
23.35,-22.84649,-23.86692,1.02043,-29.92998,-30.13365,0.20367,2.9798,3.0,38.99,0.00153,0.3,normal
23.36,-22.58763,-23.60673,1.0191,-29.88439,-30.12621,0.24183,3.0051,2.9745,38.87,0.00315,0.3,normal
23.37,-22.32495,-23.34447,1.01952,-29.8367,-30.11151,0.2748,2.9801,3.0,39.17,0.00192,0.3,normal
23.38,-22.05847,-23.09349,1.03502,-29.78696,-30.09888,0.31192,2.9849,2.9851,38.78,0.00187,0.3,normal
23.39,-21.78822,-22.84026,1.05205,-29.73519,-30.07978,0.34459,3.0023,3.0,39.0,0.0034,0.3,normal
23.4,-21.51422,-22.59793,1.08371,-29.68141,-30.06926,0.38786,3.0081,2.9887,39.06,0.00207,0.3,normal
23.41,-21.2365,-22.35394,1.11744,-29.62564,-30.05186,0.42622,3.0052,2.9806,38.91,0.0034,0.3,normal
23.42,-20.95509,-22.12263,1.16754,-29.56791,-30.03342,0.46551,2.9998,3.0,38.88,0.01093,0.3,normal
23.43,-20.67003,-21.84783,1.1778,-29.50825,-29.99808,0.48983,3.0055,2.9979,38.96,0.0142,0.3,normal
23.44,-20.38134,-21.54387,1.16254,-29.44669,-29.94513,0.49844,3.0032,2.9976,39.1,0.00726,0.3,normal
23.45,-20.08905,-21.24063,1.15157,-29.38324,-29.84875,0.46551,2.9895,2.9942,38.91,0.003,0.3,normal
23.46,-19.79322,-20.9481,1.15488,-29.31794,-29.75855,0.44061,2.9766,3.0,38.83,0.00227,0.3,normal
23.47,-19.49386,-20.65464,1.16078,-29.25081,-29.66382,0.41301,2.962,2.9704,39.17,0.00115,0.3,normal
23.48,-19.19102,-20.37241,1.18139,-29.18187,-29.57534,0.39347,3.0088,2.9849,39.06,0.00299,0.3,normal
23.49,-18.88474,-20.0882,1.20346,-29.11117,-29.47755,0.36638,2.9923,3.0,39.16,0.00252,0.3,normal
23.5,-18.57506,-19.81248,1.23742,-29.03872,-29.38996,0.35124,3.0259,3.0,39.12,0.00195,0.3,normal
23.51,-18.26202,-19.53508,1.27306,-28.96454,-29.30144,0.33689,3.0051,2.9922,39.34,0.01083,0.3,normal
23.52,-17.94567,-19.26039,1.31472,-28.88868,-29.22399,0.33532,1.6135,2.9764,39.19,0.00885,0.3,normal
23.53,-17.62605,-18.90408,1.27803,-28.81115,-29.13973,0.32858,2.9953,2.9904,38.92,0.00153,0.3,normal
23.54,-17.3032,-18.55859,1.25539,-28.73198,-29.06185,0.32987,3.0131,3.0,39.11,0.00266,0.3,normal
23.55,-16.97718,-18.21187,1.23469,-28.65121,-28.97733,0.32612,2.9943,2.9921,38.96,0.00317,0.3,normal
23.56,-16.64803,-17.87661,1.22858,-28.56886,-28.90013,0.33128,3.0289,3.0,38.98,0.00066,0.3,normal
23.57,-16.3158,-17.54056,1.22476,-28.48495,-28.81524,0.33029,3.0031,3.0,38.85,0.00227,0.3,normal
23.58,-15.98055,-17.21121,1.23066,-28.39952,-28.73444,0.33492,3.0141,3.0,39.02,0.00271,0.3,normal
23.59,-15.64233,-16.87792,1.23559,-28.3126,-28.64594,0.33334,2.9959,2.9817,39.15,0.00103,0.3,normal
23.6,-15.30118,-16.55629,1.25511,-28.22421,-28.56455,0.34034,2.9945,3.0,39.07,0.00191,0.3,normal
23.61,-14.95718,-16.23226,1.27509,-28.13438,-28.47694,0.34255,3.0157,2.9807,38.92,0.00235,0.3,normal
23.62,-14.61036,-15.91844,1.30808,-28.04315,-28.39635,0.3532,3.0159,3.0,38.86,0.00061,0.3,normal
23.63,-14.2608,-15.60122,1.34043,-27.95054,-28.30712,0.35658,2.9947,2.9933,39.41,0.0017,0.3,normal
23.64,-13.90854,-15.29343,1.3849,-27.85658,-28.22732,0.37075,3.0034,2.9918,39.15,0.00241,0.3,normal
23.65,-13.55364,-14.98416,1.43051,-27.76129,-28.14126,0.37997,3.0209,3.0,38.99,0.01315,0.3,normal
23.66,-13.19618,-14.62084,1.42466,-27.66472,-28.05923,0.39451,3.0003,2.9916,39.19,0.0125,0.3,normal
23.67,-12.8362,-14.18988,1.35368,-27.56688,-27.97083,0.40396,2.9848,2.9969,39.45,0.00322,0.3,normal
23.68,-12.47378,-13.77137,1.2976,-27.46781,-27.88912,0.42131,3.01,2.9703,39.23,0.00216,0.3,normal
23.69,-12.10896,-13.35202,1.24306,-27.36753,-27.80338,0.43584,2.9928,2.999,38.72,0.01333,0.3,normal
23.7,-11.74183,-12.96426,1.22242,-27.26608,-27.72639,0.46031,3.0234,2.9953,39.54,0.01454,0.3,normal
23.71,-11.37245,-12.66617,1.29372,-27.16349,-27.64671,0.48322,2.9858,3.0,38.88,0.00236,0.3,normal
23.72,-11.00087,-12.37885,1.37798,-27.05978,-27.57462,0.51485,3.0037,2.9734,39.13,0.01734,0.3,normal
23.73,-10.62717,-12.03752,1.41035,-26.95498,-27.4998,0.54482,3.0294,2.9942,39.0,0.00813,0.3,normal
23.74,-10.25142,-11.63758,1.38617,-26.84912,-27.43471,0.58559,2.9703,3.0,39.06,0.01342,0.3,normal
23.75,-9.87368,-11.29661,1.42293,-26.74224,-27.3649,0.62265,3.013,2.9795,39.22,0.00388,0.3,normal
23.76,-9.49402,-10.96846,1.47443,-26.63436,-27.29321,0.65885,3.0187,2.9852,38.88,0.00618,0.3,normal
23.77,-9.11253,-10.63989,1.52736,-26.52551,-27.20219,0.67668,2.9919,3.0,39.18,0.00888,0.3,normal
23.78,-8.72925,-10.27821,1.54895,-26.41571,-27.11616,0.70044,2.9845,2.9999,39.37,0.00813,0.3,normal
23.79,-8.34428,-9.86841,1.52413,-26.30501,-27.0237,0.71869,2.998,3.0,39.08,0.00655,0.3,normal
23.8,-7.95767,-9.46862,1.51094,-26.19342,-26.92035,0.72693,3.0214,2.9976,39.01,0.00638,0.3,normal
23.81,-7.56951,-9.06794,1.49843,-26.08098,-26.78915,0.70817,3.0049,3.0,39.2,0.00206,0.3,normal
23.82,-7.17987,-8.6784,1.49853,-25.96771,-26.66693,0.69922,2.9952,2.9986,39.18,0.0035,0.3,normal
23.83,-6.78882,-8.28723,1.49841,-25.85365,-26.54116,0.68751,3.0154,2.9988,39.15,0.00325,0.3,normal
23.84,-6.39644,-7.90676,1.51033,-25.73882,-26.42445,0.68563,3.0054,2.9951,39.07,0.00216,0.3,normal
23.85,-6.0028,-7.52298,1.52018,-25.62324,-26.3058,0.68255,3.0072,2.9981,39.33,0.00405,0.3,normal
23.86,-5.60797,-7.1504,1.54243,-25.50696,-26.1985,0.69154,3.0111,2.9951,39.35,0.00326,0.3,normal
23.87,-5.21205,-6.77956,1.56752,-25.39,-26.08586,0.69587,2.9763,2.9793,39.11,0.00066,0.3,normal
23.88,-4.81509,-6.41997,1.60488,-25.27237,-25.97773,0.70536,2.9978,2.9707,39.14,0.00294,0.3,normal
23.89,-4.41719,-6.06087,1.64368,-25.15413,-25.86291,0.70878,3.0129,3.0,39.31,0.01145,0.3,normal
23.9,-4.01841,-5.65979,1.64138,-25.03528,-25.75477,0.71949,2.9965,3.0,39.15,0.00997,0.3,normal
23.91,-3.61884,-5.20402,1.58518,-24.91586,-25.63725,0.72139,2.9993,3.0,39.33,0.0021,0.3,normal
23.92,-3.21855,-4.75971,1.54115,-24.79589,-25.52793,0.73204,2.9843,3.0,39.53,0.00354,0.3,normal
23.93,-2.81763,-4.31269,1.49506,-24.67541,-25.41383,0.73842,3.0073,3.0,39.31,0.00146,0.3,normal
23.94,-2.41615,-3.87675,1.4606,-24.55444,-25.29914,0.7447,3.0137,2.9936,39.15,0.01405,0.3,normal
23.95,-2.01419,-3.44255,1.42836,-24.433,-25.15968,0.72668,2.9775,2.9983,39.4,0.01286,0.3,normal
23.96,-1.61183,-3.01788,1.40605,-24.31113,-24.9421,0.63097,2.9803,3.0,39.32,0.00171,0.3,normal
23.97,-1.20915,-2.58885,1.37969,-24.18884,-24.72259,0.53375,2.9946,3.0,39.34,0.00262,0.3,normal
23.98,-0.80624,-2.17283,1.36659,-24.06617,-24.51505,0.44888,3.0008,2.979,39.44,0.00277,0.3,normal
23.99,-0.40316,-1.75201,1.34885,-23.94314,-24.30522,0.36208,3.0036,2.9796,39.48,0.00191,0.3,normal
24.0,-0.0,-1.3421,1.3421,-23.81978,-24.10519,0.28541,2.9596,3.0,39.39,0.00442,0.3,normal
24.01,0.40316,-0.92952,1.33268,-23.6961,-23.91447,0.21836,2.9928,3.0,39.39,0.00671,0.3,normal
24.02,0.80624,-0.52794,1.33418,-23.57215,-23.7442,0.17205,2.9922,2.7998,39.71,0.00356,0.3,normal
24.03,1.20915,-0.12512,1.33427,-23.44794,-23.58659,0.13866,3.026,3.0,39.59,0.00287,0.3,normal
24.04,1.61183,0.26591,1.34592,-23.32349,-23.44021,0.11672,2.9861,2.9885,39.54,0.00776,0.3,normal
24.05,2.01419,0.65685,1.35734,-23.19883,-23.31131,0.11247,2.9729,2.9719,39.45,0.00643,0.3,normal
24.06,2.41615,1.03717,1.37898,-23.07399,-23.21529,0.1413,2.9984,2.9959,39.28,0.00154,0.3,normal
24.07,2.81763,1.41881,1.39882,-22.94899,-23.11305,0.16406,3.0178,2.9863,39.61,0.00337,0.3,normal
24.08,3.21855,1.78533,1.43322,-22.82384,-23.0176,0.19375,2.9813,2.9956,39.47,0.00277,0.3,normal
24.09,3.61884,2.1529,1.46594,-22.69859,-22.91776,0.21917,2.9834,2.9903,39.37,0.00129,0.3,normal
24.1,4.01841,2.50949,1.50892,-22.57324,-22.82405,0.25081,3.0106,3.0,39.43,0.00298,0.3,normal
24.11,4.41719,2.86814,1.54905,-22.44782,-22.72144,0.27362,2.9867,2.9998,39.33,0.0021,0.3,normal
24.12,4.81509,3.21731,1.59778,-22.32235,-22.62253,0.30018,2.9878,3.0,39.64,0.00155,0.3,normal
24.13,5.21205,3.56715,1.64489,-22.19685,-22.51783,0.32098,2.9858,2.997,39.59,0.00325,0.3,normal
24.14,5.60797,3.90314,1.70483,-22.07135,-22.41854,0.34719,3.018,2.9963,39.52,0.01099,0.3,normal
24.15,6.0028,4.31439,1.6884,-21.94587,-22.31197,0.3661,2.9852,3.0,39.49,0.00953,0.3,normal
24.16,6.39644,4.747,1.64944,-21.82042,-22.21065,0.39023,3.0106,2.9881,39.41,0.00305,0.3,normal
24.17,6.78882,5.17988,1.60894,-21.69503,-22.10759,0.41256,3.0084,3.0,39.2,0.0026,0.3,normal
24.18,7.17987,5.60215,1.57772,-21.56972,-22.01233,0.44261,3.0247,3.0,39.31,0.0009,0.3,normal
24.19,7.56951,6.02413,1.54539,-21.4445,-21.90997,0.46547,3.0028,3.0,39.42,0.00329,0.3,normal
24.2,7.95767,6.43199,1.52568,-21.3194,-21.81455,0.49515,2.9812,3.0,39.41,0.00352,0.3,normal
24.21,8.34428,6.83925,1.50502,-21.19443,-21.71423,0.51979,3.0301,3.0,39.59,0.00145,0.3,normal
24.22,8.72925,7.23403,1.49522,-21.06962,-21.61976,0.55014,2.9925,3.0,39.68,0.00297,0.3,normal
24.23,9.11253,7.62743,1.48509,-20.94498,-21.51973,0.57475,3.0335,3.0,39.55,0.00301,0.3,normal
24.24,9.49402,8.01027,1.48376,-20.82053,-21.42758,0.60705,2.9958,3.0,39.78,0.00077,0.3,normal
24.25,9.87368,8.3939,1.47978,-20.69629,-21.32923,0.63295,2.9908,2.9902,39.46,0.00255,0.3,normal
24.26,10.25142,8.76456,1.48685,-20.57227,-21.24021,0.66795,3.0069,3.0,39.57,0.00299,0.3,normal
24.27,10.62717,9.13662,1.49055,-20.44848,-21.14234,0.69386,2.9952,2.9966,39.59,0.00205,0.3,normal
24.28,11.00087,9.49701,1.50386,-20.32496,-21.05221,0.72725,3.0076,3.0,39.77,0.00268,0.3,normal
24.29,11.37245,9.85588,1.51656,-20.20171,-20.95535,0.75365,2.987,2.9888,39.62,0.0031,0.3,normal
24.3,11.74183,10.20496,1.53688,-20.07874,-20.86861,0.78987,2.9995,3.0,39.64,0.00205,0.3,normal
24.31,12.10896,10.55389,1.55508,-19.95608,-20.77256,0.81649,2.9978,3.0,39.37,0.00234,0.3,normal
24.32,12.47378,10.89267,1.5811,-19.83373,-20.68327,0.84954,2.9818,3.0,39.49,0.00978,0.3,normal
24.33,12.8362,11.23355,1.60266,-19.71171,-20.53892,0.82721,2.988,3.0,39.8,0.00853,0.3,normal
24.34,13.19618,11.56477,1.63141,-19.59004,-20.37217,0.78213,2.9883,3.0,39.33,0.00256,0.3,normal
24.35,13.55364,11.90096,1.65268,-19.46872,-20.2023,0.73359,2.6627,3.0,39.85,0.00445,0.3,normal
24.36,13.90854,12.24678,1.66175,-19.34777,-20.04316,0.69539,3.0017,3.0,39.73,0.00252,0.3,normal
24.37,14.2608,12.59596,1.66484,-19.2272,-19.88488,0.65768,3.0202,2.9951,39.56,0.00679,0.3,normal
24.38,14.61036,12.94059,1.66978,-19.10703,-19.74107,0.63404,2.1523,3.0,39.55,0.00759,0.3,normal
24.39,14.95718,13.33736,1.61982,-18.98726,-19.59552,0.60826,2.9869,3.0,39.97,0.00246,0.3,normal
24.4,15.30118,13.72455,1.57663,-18.86791,-19.46115,0.59324,2.9972,2.9754,39.9,0.00127,0.3,normal
24.41,15.64233,14.11635,1.52597,-18.74898,-19.32593,0.57694,3.017,3.0,39.68,0.0039,0.3,normal
24.42,15.98055,14.49564,1.48491,-18.63049,-19.20093,0.57043,2.9848,3.0,39.73,0.00258,0.3,normal
24.43,16.3158,14.87722,1.43858,-18.51245,-19.07696,0.56451,3.0034,2.9968,39.62,0.00165,0.3,normal
24.44,16.64803,15.24937,1.39866,-18.39486,-18.96412,0.56926,3.0167,2.9843,39.74,0.00322,0.3,normal
24.45,16.97718,15.6247,1.35247,-18.27773,-18.84854,0.5708,2.9789,3.0,39.63,0.0023,0.3,normal
24.46,17.3032,15.98721,1.31599,-18.16108,-18.73961,0.57854,2.9984,3.0,39.73,0.00116,0.3,normal
24.47,17.62605,16.35227,1.27377,-18.0449,-18.62808,0.58318,3.0033,3.0,40.02,0.00387,0.3,normal
24.48,17.94567,16.70529,1.24038,-17.92921,-18.52691,0.5977,3.006,3.0,39.74,0.00347,0.3,normal
24.49,18.26202,17.05652,1.2055,-17.81401,-18.41663,0.60262,2.9803,2.9895,39.6,0.00146,0.3,normal
24.5,18.57506,17.39569,1.17937,-17.69931,-18.31224,0.61292,2.9753,2.986,39.56,0.00265,0.3,normal
24.51,18.88474,17.73759,1.14715,-17.58512,-18.20152,0.6164,2.9876,3.0,39.79,0.00181,0.3,normal
24.52,19.19102,18.07019,1.12083,-17.47144,-18.09751,0.62607,2.9698,2.9945,39.67,0.00137,0.3,normal
24.53,19.49386,18.4029,1.09096,-17.35827,-17.98657,0.6283,2.9878,2.9887,39.82,0.00304,0.3,normal
24.54,19.79322,18.72052,1.0727,-17.24562,-17.88124,0.63562,3.0077,2.9882,39.55,0.00376,0.3,normal
24.55,20.08905,19.03767,1.05139,-17.13349,-17.76809,0.63459,2.984,3.0,39.9,0.00136,0.3,normal
24.56,20.38134,19.34284,1.0385,-17.0219,-17.65893,0.63703,2.9734,2.9914,39.65,0.00213,0.3,normal
24.57,20.67003,19.65021,1.01981,-16.91083,-17.54463,0.6338,2.9882,3.0,39.82,0.0027,0.3,normal
24.58,20.95509,19.94576,1.00933,-16.80029,-17.43689,0.63659,3.0011,2.9867,39.77,0.00125,0.3,normal
24.59,21.2365,20.24157,0.99493,-16.69029,-17.32157,0.63128,3.0198,2.989,40.08,0.0019,0.3,normal
24.6,21.51422,20.52744,0.98678,-16.58083,-17.21259,0.63176,3.0077,2.9845,39.86,0.00323,0.3,normal
24.61,21.78822,20.81618,0.97204,-16.4719,-17.10126,0.62936,3.0057,3.0,40.13,0.00116,0.3,normal
24.62,22.05847,21.09413,0.96434,-16.36352,-16.99796,0.63445,2.9877,3.0,39.93,0.0024,0.3,normal
24.63,22.32495,21.37413,0.95082,-16.25567,-16.88602,0.63036,3.0073,3.0,40.06,0.00284,0.3,normal
24.64,22.58763,21.64458,0.94305,-16.14835,-16.78227,0.63392,3.0008,3.0,39.83,0.00194,0.3,normal
24.65,22.84649,21.91997,0.92652,-16.04158,-16.67438,0.6328,3.0097,3.0,39.91,0.00212,0.3,normal
24.66,23.1015,22.18428,0.91722,-15.93534,-16.57656,0.64121,2.9849,3.0,40.05,0.00305,0.3,normal
24.67,23.35265,22.44856,0.9041,-15.82964,-16.47404,0.6444,2.9996,2.9909,40.01,0.00249,0.3,normal
24.68,23.59992,22.70184,0.89808,-15.72447,-16.37807,0.6536,2.9924,2.997,39.96,0.00233,0.3,normal
24.69,23.84329,22.95482,0.88847,-15.61983,-16.27902,0.65919,3.0138,3.0,39.84,0.00387,0.3,normal
24.7,24.08273,23.19709,0.88564,-15.51572,-16.18842,0.6727,3.0146,2.9913,39.87,0.00202,0.3,normal
24.71,24.31825,23.44185,0.8764,-15.41213,-16.09391,0.68177,2.9996,2.9928,40.07,0.00165,0.3,normal
24.72,24.54982,23.67401,0.8758,-15.30907,-16.0058,0.69673,3.0078,3.0,40.1,0.00304,0.3,normal
24.73,24.77743,23.90664,0.87079,-15.20652,-15.90767,0.70115,2.9817,3.0,39.82,0.00194,0.3,normal
24.74,25.00108,24.1274,0.87368,-15.10448,-15.81278,0.7083,3.003,3.0,39.8,0.00209,0.3,normal
24.75,25.22075,24.35122,0.86953,-15.00294,-15.7089,0.70595,3.0027,3.0,39.78,0.00355,0.3,normal
24.76,25.43645,24.56531,0.87113,-14.90191,-15.60705,0.70514,3.0016,2.9958,40.05,0.0028,0.3,normal
24.77,25.64815,24.78153,0.86663,-14.80138,-15.49757,0.69619,2.9922,3.0,39.79,0.00162,0.3,normal
24.78,25.85587,24.98754,0.86833,-14.70133,-15.39186,0.69053,2.9997,2.9862,40.06,0.00267,0.3,normal
24.79,26.05959,25.19588,0.86371,-14.60176,-15.27965,0.67789,2.9974,3.0,40.02,0.00246,0.3,normal
24.8,26.25932,25.39442,0.86491,-14.50267,-15.17323,0.67056,3.0315,2.978,39.86,0.00179,0.3,normal
24.81,26.45506,25.59301,0.86205,-14.40405,-15.05854,0.65449,2.9982,2.9713,40.18,0.00277,0.3,normal
24.82,26.64681,25.78165,0.86516,-14.30588,-14.95135,0.64546,2.9978,3.0,39.73,0.00239,0.3,normal
24.83,26.83458,25.97103,0.86355,-14.20817,-14.83601,0.62784,3.0012,3.0,40.21,0.00102,0.3,normal
24.84,27.01837,26.14931,0.86906,-14.1109,-14.72778,0.61689,2.9873,3.0,40.01,0.00213,0.3,normal
24.85,27.19818,26.3289,0.86928,-14.01406,-14.61352,0.59947,2.9953,3.0,39.66,0.00276,0.3,normal
24.86,27.37403,26.49701,0.87702,-13.91764,-14.50677,0.58913,3.0241,2.9935,40.21,0.00096,0.3,normal
24.87,27.54593,26.66846,0.87747,-13.82164,-14.39274,0.5711,3.034,2.9759,40.12,0.00218,0.3,normal
24.88,27.71388,26.83085,0.88303,-13.72604,-14.28724,0.5612,2.9933,3.0,39.92,0.00257,0.3,normal
24.89,27.87791,26.99521,0.88271,-13.63083,-14.17408,0.54325,2.9792,3.0,39.84,0.00086,0.3,normal
24.9,28.03802,27.14836,0.88967,-13.53601,-14.06676,0.53075,2.9892,3.0,39.75,0.00121,0.3,normal
24.91,28.19424,27.30806,0.88618,-13.44155,-13.95591,0.51436,3.0288,3.0,40.35,0.00285,0.3,normal
24.92,28.34658,27.45778,0.8888,-13.34746,-13.85071,0.50325,3.0191,3.0,39.86,0.00106,0.3,normal
24.93,28.49505,27.6088,0.88625,-13.25371,-13.73846,0.48475,2.99,3.0,39.81,0.00199,0.3,normal
24.94,28.63969,27.74885,0.89084,-13.16029,-13.63196,0.47166,3.0139,2.9982,40.04,0.00319,0.3,normal
24.95,28.78051,27.89128,0.88922,-13.0672,-13.51807,0.45087,3.0001,2.9829,39.76,0.00882,0.3,normal
24.96,28.91753,28.05068,0.86685,-12.97441,-13.40988,0.43547,3.0235,2.9866,39.87,0.00878,0.3,normal
24.97,29.05079,28.27258,0.77821,-12.88192,-13.294,0.41207,3.0245,2.9881,40.17,0.00321,0.3,normal
24.98,29.1803,28.48395,0.69634,-12.78971,-13.18335,0.39364,3.0231,2.9866,40.09,0.00082,0.3,normal
24.99,29.30609,28.6975,0.60859,-12.69777,-13.06716,0.36939,3.0073,2.9665,39.97,0.00171,0.3,normal
25.0,29.4282,28.89878,0.52943,-12.60608,-12.95989,0.35381,3.0004,3.0,40.04,0.00328,0.3,normal
25.01,29.54666,29.10275,0.44391,-12.51463,-12.8442,0.32957,2.991,3.0,39.97,0.00321,0.3,normal
25.02,29.66149,29.27681,0.38468,-12.4234,-12.73634,0.31294,2.9808,2.9949,40.03,0.01575,0.3,normal
25.03,29.77273,29.40298,0.36974,-12.33238,-12.62309,0.29071,3.0179,2.9793,39.93,0.01486,0.3,normal
25.04,29.88041,29.44825,0.43216,-12.24155,-12.51692,0.27537,3.0139,2.9732,39.97,0.00115,0.3,normal
25.05,29.98457,29.498,0.48657,-12.1509,-12.40673,0.25582,2.9938,2.9947,39.96,0.00087,0.3,normal
25.06,30.08525,29.54001,0.54524,-12.06041,-12.30216,0.24175,3.0075,2.9939,39.95,0.00581,0.3,normal
25.07,30.18248,29.61682,0.56567,-11.97007,-12.19062,0.22055,2.9773,2.9857,40.22,0.00426,0.3,normal
25.08,30.27631,29.70085,0.57546,-11.87986,-12.0872,0.20734,2.9973,2.9788,40.18,0.00109,0.3,normal
25.09,30.36677,29.79449,0.57229,-11.78975,-11.97727,0.18752,2.9994,3.0,39.93,0.00226,0.3,normal
25.1,30.45392,29.88332,0.57059,-11.69974,-11.87473,0.17498,2.9872,2.9961,39.89,0.00116,0.3,normal
25.11,30.53778,29.97972,0.55806,-11.60981,-11.76749,0.15768,2.9921,3.0,40.05,0.0,0.3,normal
25.12,30.6184,30.07039,0.54801,-11.51994,-11.66625,0.14631,2.988,3.0,40.4,0.00273,0.3,normal
25.13,30.69584,30.16715,0.52868,-11.43012,-11.55526,0.12515,3.0248,2.9995,39.93,0.00243,0.3,normal
25.14,30.77013,30.25669,0.51344,-11.34031,-11.44526,0.10495,3.0113,3.0,40.06,0.00075,0.3,normal
25.15,30.84133,30.3488,0.49252,-11.25052,-11.32874,0.07822,2.9849,2.9976,40.1,0.00247,0.3,normal
25.16,30.90948,30.43262,0.47686,-11.16071,-11.22087,0.06015,3.0048,3.0,40.08,0.00124,0.3,normal
25.17,30.97463,30.52205,0.45258,-11.07088,-11.10784,0.03696,3.0035,2.9831,40.03,0.0,0.3,normal
25.18,31.03683,30.60374,0.4331,-10.981,-11.00089,0.01989,2.9934,3.0,40.27,0.0016,0.3,normal
25.19,31.09615,30.69477,0.40138,-10.89105,-10.88802,-0.00303,2.9964,3.0,40.17,0.00156,0.3,normal
25.2,31.15262,30.77948,0.37314,-10.80102,-10.78084,-0.02017,3.0061,3.0,40.23,0.00271,0.3,normal
25.21,31.2063,30.87316,0.33314,-10.71088,-10.69148,-0.0194,2.9983,3.0,40.2,0.00437,0.3,normal
25.22,31.25725,30.95891,0.29834,-10.62062,-10.61166,-0.00896,3.0201,2.998,40.25,0.00252,0.3,normal
25.23,31.30552,31.04839,0.25713,-10.53022,-10.5274,-0.00282,2.9988,3.0,40.36,0.0003,0.3,normal
25.24,31.35118,31.13015,0.22102,-10.43966,-10.45042,0.01077,2.995,2.9947,40.32,0.00152,0.3,normal
25.25,31.39426,31.21747,0.1768,-10.34891,-10.36636,0.01745,3.0133,3.0,40.47,0.00225,0.3,normal
25.26,31.43485,31.29828,0.13657,-10.25797,-10.28616,0.02819,2.9987,3.0,40.31,7e-05,0.3,normal
25.27,31.47298,31.38452,0.08846,-10.16681,-10.20205,0.03524,2.9955,2.9933,40.03,0.00111,0.3,normal
25.28,31.50873,31.46471,0.04402,-10.0754,-10.1234,0.048,2.9948,3.0,40.26,0.00222,0.3,normal
25.29,31.54215,31.55095,-0.0088,-9.98374,-10.03912,0.05538,2.9738,3.0,40.24,0.00664,0.3,normal
25.3,31.57331,31.60754,-0.03423,-9.8918,-9.96265,0.07084,3.0047,3.0,40.43,0.00746,0.3,normal
25.31,31.60226,31.63183,-0.02956,-9.79956,-9.87985,0.08029,3.0006,2.9912,40.0,0.00218,0.3,normal
25.32,31.62908,31.65034,-0.02126,-9.70701,-9.80308,0.09607,3.015,3.0,40.23,0.0007,0.3,normal
25.33,31.65381,31.67069,-0.01688,-9.61411,-9.72001,0.1059,2.9934,2.9955,40.05,0.00123,0.3,normal
25.34,31.67653,31.68295,-0.00642,-9.52086,-9.6406,0.11974,3.0017,3.0,40.23,0.00251,0.3,normal
25.35,31.6973,31.70038,-0.00308,-9.42723,-9.55405,0.12682,3.014,3.0,40.13,0.00099,0.3,normal
25.36,31.71618,31.70974,0.00644,-9.3332,-9.47498,0.14178,3.0133,3.0,40.24,0.00106,0.3,normal
25.37,31.73324,31.72123,0.01202,-9.23875,-9.38859,0.14984,2.9856,2.9672,39.96,0.00244,0.3,normal
25.38,31.74855,31.72682,0.02173,-9.14386,-9.31058,0.16672,2.9941,3.0,40.29,0.00127,0.3,normal
25.39,31.76217,31.73929,0.02288,-9.04852,-9.2262,0.17768,3.0264,3.0,40.21,0.00052,0.3,normal
25.4,31.77417,31.74493,0.02924,-8.9527,-9.15002,0.19732,2.9778,2.9997,40.21,0.00224,0.3,normal
25.41,31.78461,31.75746,0.02715,-8.85638,-9.06957,0.21319,2.9896,3.0,40.48,0.00071,0.3,normal
25.42,31.79357,31.76442,0.02915,-8.75954,-8.99429,0.23475,3.0034,2.9982,40.13,0.0,0.3,normal
25.43,31.8011,31.77499,0.02611,-8.66217,-8.9144,0.25223,3.0055,2.9993,40.25,0.00305,0.3,normal
25.44,31.80729,31.77869,0.02859,-8.56424,-8.84308,0.27884,2.9926,2.9932,40.22,0.00196,0.3,normal
25.45,31.81218,31.79062,0.02157,-8.46573,-8.76961,0.30388,2.9854,3.0,40.23,0.00053,0.3,normal
25.46,31.81587,31.79704,0.01883,-8.36662,-8.70675,0.34013,3.0071,3.0,40.54,0.00179,0.3,normal
25.47,31.8184,31.80896,0.00944,-8.26691,-8.63658,0.36967,3.0031,2.9945,40.22,0.00159,0.3,normal
25.48,31.81986,31.81343,0.00642,-8.16655,-8.57194,0.40539,2.9755,2.9995,40.13,5e-05,0.3,normal
25.49,31.8203,31.82357,-0.00327,-8.06554,-8.49906,0.43352,3.0098,3.0,40.5,0.00281,0.3,normal
25.5,31.81981,31.82634,-0.00653,-7.96386,-8.43698,0.47312,2.9988,3.0,40.18,0.00116,0.3,normal
25.51,31.81844,31.83488,-0.01645,-7.86148,-8.36884,0.50736,3.0158,3.0,39.99,0.0,0.3,normal
25.52,31.81627,31.83815,-0.02188,-7.7584,-8.3064,0.54801,3.0191,3.0,40.12,0.00251,0.3,normal
25.53,31.81336,31.84536,-0.03201,-7.65458,-8.24156,0.58698,2.995,3.0,40.05,0.00188,0.3,normal
25.54,31.80979,31.84369,-0.0339,-7.55002,-8.18064,0.63062,3.0011,2.9962,39.97,2e-05,0.3,normal
25.55,31.80562,31.84944,-0.04382,-7.44468,-8.11419,0.66951,2.9977,3.0,40.19,0.00187,0.3,normal
25.56,31.80092,31.85156,-0.05063,-7.33857,-8.05337,0.71481,3.0095,2.9843,40.24,0.00285,0.3,normal
25.57,31.79577,31.86142,-0.06565,-7.23165,-7.98605,0.75441,2.9837,3.0,40.43,0.00067,0.3,normal
25.58,31.79022,31.86643,-0.07621,-7.1239,-7.92004,0.79614,3.0033,2.9949,40.35,0.00096,0.3,normal
25.59,31.78435,31.87996,-0.09561,-7.01532,-7.84932,0.834,3.0036,3.0,40.35,0.00161,0.3,normal
25.6,31.77822,31.88697,-0.10875,-6.90588,-7.78548,0.87959,2.9743,2.9995,40.13,0.00523,0.3,normal
25.61,31.77191,31.90035,-0.12843,-6.79557,-7.6709,0.87533,3.0013,2.9743,40.41,0.00566,0.3,normal
25.62,31.76548,31.90944,-0.14396,-6.68437,-7.5577,0.87334,3.0161,2.9911,40.49,0.00344,0.3,normal
25.63,31.75899,31.92775,-0.16876,-6.57225,-7.44634,0.87409,3.0235,3.0,40.34,0.00096,0.3,normal
25.64,31.75252,31.93437,-0.18185,-6.45922,-7.3422,0.88298,3.0208,2.978,40.35,0.00127,0.3,normal
25.65,31.74613,31.94562,-0.19948,-6.34524,-7.23027,0.88504,3.0227,2.9857,40.1,0.00241,0.3,normal
25.66,31.73989,31.95021,-0.21032,-6.2303,-7.12383,0.89353,2.9989,2.9907,40.45,0.00684,0.3,normal
25.67,31.73386,31.8995,-0.16564,-6.11439,-7.00945,0.89506,2.9912,3.0,40.57,0.00747,0.3,normal
25.68,31.7281,31.84082,-0.11272,-5.9975,-6.89865,0.90116,3.0008,2.9851,40.36,0.00207,0.3,normal
25.69,31.72268,31.78915,-0.06646,-5.87959,-6.78098,0.90139,2.9999,2.9902,40.22,0.00054,0.3,normal
25.7,31.71768,31.73071,-0.01304,-5.76067,-6.67295,0.91228,3.0232,3.0,40.29,0.00105,0.3,normal
25.71,31.71313,31.6777,0.03543,-5.64072,-6.55648,0.91576,3.0162,3.0,40.26,0.00206,0.3,normal
25.72,31.70912,31.61753,0.09159,-5.51971,-6.44739,0.92767,2.9909,2.9811,40.28,0.00173,0.3,normal
25.73,31.70571,31.56348,0.14222,-5.39765,-6.32747,0.92982,2.9915,3.0,40.43,0.00262,0.3,normal
25.74,31.70295,31.50535,0.19759,-5.2745,-6.20748,0.93297,3.0168,2.9834,40.38,0.00557,0.3,normal
25.75,31.7009,31.46961,0.23129,-5.15027,-6.07037,0.9201,3.0102,2.9853,40.5,0.00414,0.3,normal
25.76,31.69963,31.43464,0.26499,-5.02493,-5.94369,0.91875,3.0207,2.9981,40.41,0.00711,0.3,normal
25.77,31.6992,31.4137,0.2855,-4.89848,-5.81292,0.91444,2.0798,3.0,40.23,0.01289,0.3,normal
25.78,31.69965,31.44062,0.25904,-4.77089,-5.65805,0.88716,3.0026,2.9983,40.29,0.00625,0.3,normal
25.79,31.70106,31.47599,0.22508,-4.64217,-5.47817,0.83601,3.0038,2.9963,40.28,0.00107,0.3,normal
25.8,31.70348,31.50427,0.19921,-4.51229,-5.30656,0.79428,3.0108,3.0,40.34,0.00268,0.3,normal
25.81,31.70697,31.53675,0.17022,-4.38124,-5.12831,0.74707,3.0134,2.983,40.65,0.00248,0.3,normal
25.82,31.71157,31.56132,0.15025,-4.24902,-4.95987,0.71084,2.9961,2.9908,40.67,0.00089,0.3,normal
25.83,31.71735,31.59121,0.12613,-4.11562,-4.79186,0.67624,3.0075,2.9993,40.51,0.00224,0.3,normal
25.84,31.72435,31.61644,0.10791,-3.98101,-4.6331,0.65209,3.0036,3.0,40.41,0.00204,0.3,normal
25.85,31.73263,31.64739,0.08525,-3.8452,-4.4716,0.6264,3.0028,3.0,40.19,0.00145,0.3,normal
25.86,31.74225,31.67301,0.06924,-3.70817,-4.32258,0.61442,2.9827,3.0,40.43,0.00263,0.3,normal
25.87,31.75325,31.70654,0.04671,-3.56991,-4.17168,0.60177,3.0064,2.9885,40.29,0.00217,0.3,normal
25.88,31.76567,31.73076,0.03491,-3.43042,-4.03062,0.6002,3.0116,3.0,40.65,0.00125,0.3,normal
25.89,31.77958,31.75992,0.01967,-3.28968,-3.88561,0.59593,3.0027,2.9883,40.17,0.00237,0.3,normal
25.9,31.79502,31.78316,0.01186,-3.1477,-3.7509,0.6032,2.9882,3.0,40.48,0.00255,0.3,normal
25.91,31.81202,31.814,-0.00197,-3.00445,-3.61209,0.60764,3.0226,2.9929,40.29,0.00086,0.3,normal
25.92,31.83065,31.83736,-0.00671,-2.85993,-3.48542,0.62549,2.9739,3.0,40.43,0.00242,0.3,normal
25.93,31.85094,31.86756,-0.01662,-2.71414,-3.35749,0.64335,3.0066,2.9988,40.53,0.00402,0.3,normal
25.94,31.87293,31.88996,-0.01703,-2.56707,-3.24602,0.67895,3.0019,2.9891,40.59,0.00097,0.3,normal
25.95,31.89667,31.91862,-0.02195,-2.41872,-3.13246,0.71374,2.99,3.0,40.43,0.00108,0.3,normal
25.96,31.9222,31.94044,-0.01824,-2.26907,-3.02658,0.75751,3.0025,3.0,40.56,0.00182,0.3,normal
25.97,31.94955,31.96909,-0.01954,-2.11812,-2.91567,0.79755,3.0106,3.0,40.35,0.00996,0.3,normal
25.98,31.97877,31.99083,-0.01206,-1.96588,-2.79053,0.82465,2.9784,3.0,40.49,0.01074,0.3,normal
25.99,32.00989,32.01959,-0.00971,-1.81232,-2.58052,0.7682,3.009,2.9908,40.61,0.0024,0.3,normal
26.0,32.04294,32.04014,0.0028,-1.65746,-2.38102,0.72356,3.0107,3.0,40.52,0.00177,0.3,normal
26.01,32.07796,32.06568,0.01228,-1.50129,-2.1778,0.67651,2.9779,2.9807,40.39,0.00177,0.3,normal
26.02,32.11499,32.08711,0.02788,-1.3438,-1.98861,0.64482,2.9894,3.0,40.44,0.00335,0.3,normal
26.03,32.15406,32.11537,0.03868,-1.18499,-1.79878,0.61379,3.0052,2.9978,40.63,0.00191,0.3,normal
26.04,32.19518,32.13728,0.05791,-1.02486,-1.62176,0.59691,2.9915,2.9998,40.32,0.00187,0.3,normal
26.05,32.23841,32.16499,0.07342,-0.86341,-1.44574,0.58233,2.9862,3.0,40.35,0.00242,0.3,normal
26.06,32.28375,32.18579,0.09796,-0.70063,-1.27772,0.57709,2.9678,3.0,40.59,0.00117,0.3,normal
26.07,32.33124,32.21235,0.11889,-0.53654,-1.10539,0.56885,2.9936,2.9974,40.44,0.00135,0.3,normal
26.08,32.38091,32.23095,0.14995,-0.37112,-0.94428,0.57316,2.9932,3.0,40.29,0.00387,0.3,normal
26.09,32.43276,32.25339,0.17938,-0.20438,-0.7816,0.57723,3.0174,2.9703,40.71,0.00205,0.3,normal
26.1,32.48684,32.2681,0.21875,-0.03631,-0.63039,0.59408,2.9991,3.0,40.35,0.00121,0.3,normal
26.11,32.54316,32.28703,0.25613,0.13307,-0.47643,0.6095,3.0007,2.9927,40.49,0.00276,0.3,normal
26.12,32.60173,32.29914,0.30259,0.30377,-0.33207,0.63584,2.9828,3.0,40.43,0.00208,0.3,normal
26.13,32.66258,32.31943,0.34315,0.47579,-0.18709,0.66288,2.9914,3.0,40.49,0.00093,0.3,normal
26.14,32.72571,32.3345,0.39121,0.64912,-0.05361,0.70273,3.0161,3.0,40.4,0.00294,0.3,normal
26.15,32.79116,32.35366,0.4375,0.82376,0.08424,0.73952,3.0167,3.0,40.65,0.00972,0.3,normal
26.16,32.85892,32.40648,0.45244,0.9997,0.21077,0.78893,2.9917,3.0,40.56,0.00826,0.3,normal
26.17,32.92901,32.50298,0.42603,1.17695,0.33868,0.83827,3.0044,3.0,40.7,0.00339,0.3,normal
26.18,33.00145,32.58915,0.41229,1.35549,0.45577,0.89972,3.0168,2.9967,40.46,0.00152,0.3,normal
26.19,33.07623,32.68155,0.39468,1.53533,0.578,0.95733,3.0043,3.0,40.88,0.00422,0.3,normal
26.2,33.15337,32.76511,0.38826,1.71645,0.7281,0.98834,2.9851,3.0,40.27,0.00564,0.3,normal
26.21,33.23287,32.85405,0.37883,1.89884,0.88737,1.01147,3.0118,3.0,40.33,0.00154,0.3,normal
26.22,33.31474,32.93544,0.3793,2.08251,1.03708,1.04543,3.0094,3.0,40.83,0.00868,0.3,normal
26.23,33.39898,33.02206,0.37692,2.26744,1.22489,1.04255,2.9988,3.0,40.64,0.00985,0.3,normal
26.24,33.4856,33.10145,0.38415,2.45363,1.45694,0.99669,3.0045,2.9994,40.63,0.00269,0.3,normal
26.25,33.57458,33.19173,0.38285,2.64107,1.69093,0.95014,2.9957,3.0,40.65,0.00037,0.3,normal
26.26,33.66593,33.27588,0.39005,2.82974,1.91588,0.91387,3.0173,3.0,40.67,0.00199,0.3,normal
26.27,33.75965,33.36409,0.39556,3.01965,2.14619,0.87345,3.0356,3.0,40.64,0.00294,0.3,normal
26.28,33.85573,33.44522,0.41051,3.21077,2.36753,0.84324,3.0097,3.0,40.45,0.00114,0.3,normal
26.29,33.95416,33.53302,0.42114,3.4031,2.59011,0.813,2.9983,2.991,40.72,0.00133,0.3,normal
26.3,34.05494,33.61606,0.43889,3.59664,2.80312,0.79352,3.0096,2.9863,40.7,0.00323,0.3,normal
26.31,34.15806,33.70667,0.45139,3.79135,3.01958,0.77178,2.9892,3.0,40.82,0.00166,0.3,normal
26.32,34.26351,33.79165,0.47186,3.98725,3.22478,0.76246,3.014,3.0,40.88,0.00218,0.3,normal
26.33,34.37127,33.88368,0.4876,4.1843,3.43062,0.75368,2.9842,3.0,40.67,0.00321,0.3,normal
26.34,34.48134,33.97202,0.50932,4.38251,3.62746,0.75505,2.9968,3.0,40.44,0.00169,0.3,normal
26.35,34.59369,34.06608,0.52761,4.58185,3.82636,0.75549,2.9745,2.9837,40.89,0.0021,0.3,normal
26.36,34.70831,34.1553,0.55301,4.78232,4.01126,0.77105,3.0159,3.0,40.48,0.00205,0.3,normal
26.37,34.82518,34.25107,0.57411,4.98389,4.20137,0.78251,2.9909,2.994,40.69,0.00129,0.3,normal
26.38,34.94428,34.34212,0.60216,5.18655,4.38189,0.80466,2.9971,3.0,40.6,0.00068,0.3,normal
26.39,35.06559,34.43861,0.62698,5.3903,4.56794,0.82236,2.9891,3.0,40.58,0.00839,0.3,normal
26.4,35.18909,34.53254,0.65655,5.5951,4.74315,0.85195,1.9934,2.9997,40.76,0.00717,0.3,normal
26.41,35.31476,34.68595,0.62881,5.80095,4.92121,0.87974,3.0257,2.9967,40.69,0.0013,0.3,normal
26.42,35.44256,34.82709,0.61546,6.00783,5.09204,0.91579,2.9991,2.9954,40.73,0.00313,0.3,normal
26.43,35.57247,34.9701,0.60237,6.21572,5.26507,0.95065,2.9726,3.0,40.54,0.00248,0.3,normal
26.44,35.70447,35.10211,0.60236,6.42461,5.42808,0.99652,3.0209,3.0,40.64,0.00224,0.3,normal
26.45,35.83852,35.2328,0.60573,6.63447,5.59301,1.04146,2.9956,3.0,40.56,0.00412,0.3,normal
26.46,35.9746,35.3494,0.6252,6.84528,5.75111,1.09417,2.9969,2.9944,40.64,0.00357,0.3,normal
26.47,36.11266,35.46594,0.64673,7.05704,5.91034,1.1467,3.0072,2.9927,40.66,0.00783,0.3,normal
26.48,36.25269,35.57069,0.68199,7.26971,6.13681,1.1329,3.0096,3.0,40.96,0.00995,0.3,normal
26.49,36.39463,35.69604,0.69859,7.48329,6.36533,1.11795,2.9856,2.9844,40.65,0.00564,0.3,normal
26.5,36.53846,35.8171,0.72136,7.69774,6.58253,1.11521,2.9908,3.0,40.37,0.00174,0.3,normal
26.51,36.68413,35.95548,0.72866,7.91304,6.80378,1.10927,3.0004,3.0,40.91,0.00252,0.3,normal
26.52,36.83162,36.08641,0.74521,8.12919,7.01682,1.11237,2.9974,2.9872,40.77,0.00239,0.3,normal
26.53,36.98087,36.22898,0.75189,8.34614,7.23288,1.11327,2.9901,3.0,40.69,0.00449,0.3,normal
26.54,37.13185,36.38543,0.74642,8.56389,7.43911,1.12478,2.9993,2.9997,40.65,0.00626,0.3,normal
26.55,37.28451,36.56859,0.71592,8.78241,7.64486,1.13755,3.0003,3.0,40.58,0.00446,0.3,normal
26.56,37.43881,36.73713,0.70168,9.00167,7.83819,1.16348,3.0142,3.0,41.02,0.00257,0.3,normal
26.57,37.59471,36.9051,0.6896,9.22166,8.03267,1.18899,3.0019,2.9777,40.74,0.00353,0.3,normal
26.58,37.75215,37.05827,0.69388,9.44235,8.2178,1.22455,3.0218,2.981,40.47,0.00456,0.3,normal
26.59,37.91109,37.21072,0.70037,9.66371,8.42078,1.24292,2.9918,3.0,40.79,0.00171,0.3,normal
26.6,38.07148,37.35627,0.71522,9.88571,8.61879,1.26693,2.9842,2.9967,40.93,0.00289,0.3,normal
26.61,38.23328,37.50324,0.73004,10.10835,8.83337,1.27498,2.9946,3.0,40.77,0.00405,0.3,normal
26.62,38.39642,37.64282,0.7536,10.33158,9.04723,1.28435,2.9895,3.0,40.62,0.00483,0.3,normal
26.63,38.56086,37.82117,0.73969,10.55539,9.26345,1.29193,2.998,2.988,40.61,0.00802,0.3,normal
26.64,38.72655,37.99284,0.73371,10.77974,9.49908,1.28066,2.9912,3.0,40.63,0.00715,0.3,normal
26.65,38.89343,38.16697,0.72645,11.00461,9.75764,1.24697,3.02,3.0,41.0,0.00249,0.3,normal
26.66,39.06144,38.3285,0.73294,11.22998,10.00383,1.22615,2.9985,3.0,40.77,0.00185,0.3,normal
26.67,39.23053,38.49194,0.73859,11.45581,10.25309,1.20273,3.0198,3.0,40.53,0.00323,0.3,normal
26.68,39.40064,38.64557,0.75507,11.68209,10.49172,1.19037,3.0151,2.9839,40.85,0.00115,0.3,normal
26.69,39.57171,38.80483,0.76688,11.90877,10.73347,1.1753,3.0087,2.9888,40.82,0.01222,0.3,normal
26.7,39.74369,38.98682,0.75687,12.13583,10.96057,1.17526,2.9894,3.0,40.74,0.01293,0.3,normal
26.71,39.91652,39.24452,0.672,12.36325,11.18701,1.17624,3.0012,3.0,40.66,0.00362,0.3,normal
26.72,40.09012,39.48905,0.60107,12.591,11.40299,1.188,3.0294,3.0,40.66,0.00347,0.3,normal
26.73,40.26445,39.73161,0.53284,12.81903,11.61931,1.19972,2.9969,3.0,40.99,0.00405,0.3,normal
26.74,40.43944,39.95994,0.4795,13.04734,11.8248,1.22254,3.0117,3.0,40.87,0.00903,0.3,normal
26.75,40.61502,40.18981,0.42521,13.27588,12.06275,1.21313,2.9914,2.997,40.91,0.01217,0.3,normal
26.76,40.79113,40.39813,0.393,13.50462,12.33444,1.17019,2.9932,3.0,40.88,0.00916,0.3,normal
26.77,40.96771,40.56775,0.39996,13.73355,12.60587,1.12768,3.0181,2.9937,40.9,0.00265,0.3,normal
26.78,41.14469,40.72337,0.42132,13.96261,12.86642,1.09619,2.981,3.0,40.78,0.00158,0.3,normal
26.79,41.32201,40.88346,0.43855,14.19179,13.12976,1.06203,3.0126,2.997,40.83,0.00355,0.3,normal
26.8,41.49959,41.03384,0.46575,14.42105,13.38643,1.03462,3.0126,3.0,41.04,0.00224,0.3,normal
26.81,41.67738,41.18629,0.49109,14.65036,13.64562,1.00474,2.9854,3.0,41.08,0.00166,0.3,normal
26.82,41.85529,41.3253,0.52999,14.87969,13.89631,0.98338,2.9743,2.9998,40.69,0.00373,0.3,normal
26.83,42.03327,41.46474,0.56853,15.10901,14.14773,0.96128,2.9959,3.0,40.85,0.00331,0.3,normal
26.84,42.21125,41.59142,0.61983,15.33828,14.38953,0.94875,2.9934,2.993,41.01,0.00191,0.3,normal
26.85,42.38914,41.71959,0.66955,15.56748,14.63318,0.9343,2.9857,2.9886,41.17,0.00353,0.3,normal
26.86,42.5669,41.83577,0.73112,15.79656,14.86584,0.93072,3.0118,3.0,41.16,0.01291,0.3,normal
26.87,42.74443,42.01135,0.73308,16.0255,15.09931,0.92619,2.9911,3.0,40.78,0.0108,0.3,normal
26.88,42.92168,42.23354,0.68814,16.25426,15.32158,0.93268,3.0013,3.0,41.1,0.00301,0.3,normal
26.89,43.09857,42.45798,0.64059,16.48281,15.54822,0.93459,3.0097,2.9783,40.93,0.00293,0.3,normal
26.9,43.27504,42.67233,0.60271,16.71112,15.76448,0.94665,3.0012,3.0,41.08,0.00161,0.3,normal
26.91,43.45099,42.88781,0.56319,16.93916,15.98163,0.95753,3.0061,2.9952,41.05,0.00328,0.3,normal
26.92,43.62638,43.09071,0.53567,17.16688,16.18676,0.98012,3.0146,2.977,40.75,0.00458,0.3,normal
26.93,43.80111,43.29277,0.50834,17.39425,16.39198,1.00228,2.9792,2.9661,41.02,0.00221,0.3,normal
26.94,43.97513,43.48448,0.49065,17.62125,16.58338,1.03788,2.9938,2.9893,41.1,0.00267,0.3,normal
26.95,44.14835,43.68084,0.46752,17.84784,16.77679,1.07105,3.0084,3.0,40.95,0.00298,0.3,normal
26.96,44.32071,43.86897,0.45174,18.07398,16.96106,1.11292,3.0047,2.9906,40.92,0.00202,0.3,normal
26.97,44.49212,44.05687,0.43525,18.29963,17.14654,1.15309,2.9958,2.9929,40.73,0.00514,0.3,normal
26.98,44.66253,44.232,0.43052,18.52477,17.33672,1.18805,2.9914,3.0,41.07,0.0053,0.3,normal
26.99,44.83184,44.40989,0.42195,18.74936,17.55264,1.19672,2.9766,3.0,41.01,0.00153,0.3,normal
27.0,45.0,44.57743,0.42257,18.97337,17.75763,1.21573,3.0168,2.998,40.84,0.00222,0.3,normal
27.01,45.16692,44.74656,0.42036,19.19675,17.9644,1.23235,2.9972,3.0,40.94,0.01087,0.3,normal
27.02,45.33254,44.90435,0.42819,19.41948,18.19569,1.22379,2.9931,2.9769,41.01,0.00966,0.3,normal
27.03,45.49677,45.06357,0.43321,19.64152,18.48146,1.16006,3.0072,2.9937,40.91,0.0025,0.3,normal
27.04,45.65955,45.21099,0.44856,19.86283,18.75777,1.10506,3.0164,2.983,41.0,0.00364,0.3,normal
27.05,45.82081,45.35932,0.46149,20.08338,19.03475,1.04863,2.9797,3.0,40.75,0.00242,0.3,normal
27.06,45.98046,45.49617,0.4843,20.30314,19.3006,1.00254,3.0151,2.9774,41.22,0.00329,0.3,normal
27.07,46.13844,45.63125,0.50719,20.52206,19.56684,0.95522,2.9901,3.0,41.02,0.00436,0.3,normal
27.08,46.29468,45.75597,0.53871,20.74013,19.82227,0.91786,3.0022,2.9815,40.86,0.00256,0.3,normal
27.09,46.44909,45.88328,0.56581,20.95729,20.07603,0.88126,2.9975,3.0,40.66,0.00207,0.3,normal
27.1,46.60162,46.00155,0.60007,21.17351,20.31877,0.85475,3.0085,3.0,41.19,0.00398,0.3,normal
27.11,46.75219,46.12165,0.63053,21.38877,20.56135,0.82742,3.0004,3.0,41.12,0.00357,0.3,normal
27.12,46.90072,46.22871,0.67201,21.60302,20.79267,0.81035,3.0087,2.9893,41.08,0.00274,0.3,normal
27.13,47.04715,46.33577,0.71138,21.81623,21.02369,0.79254,3.0112,3.0,41.18,0.00413,0.3,normal
27.14,47.19141,46.42848,0.76293,22.02836,21.24504,0.78332,2.9758,3.0,41.18,0.01236,0.3,normal
27.15,47.33342,46.55795,0.77547,22.23938,21.46846,0.77092,2.9935,3.0,41.09,0.01062,0.3,normal
27.16,47.47311,46.7544,0.71871,22.44926,21.68329,0.76597,2.9824,3.0,41.03,0.00299,0.3,normal
27.17,47.61042,46.95389,0.65653,22.65796,21.9008,0.75716,2.9819,2.9955,41.01,0.00245,0.3,normal
27.18,47.74528,47.14247,0.60281,22.86544,22.10668,0.75875,2.9734,3.0,41.14,0.00173,0.3,normal
27.19,47.87763,47.33318,0.54445,23.07167,22.31453,0.75714,2.9934,3.0,41.29,0.00368,0.3,normal
27.2,48.00738,47.51165,0.49573,23.27662,22.51315,0.76347,3.0167,2.9831,41.07,0.00276,0.3,normal
27.21,48.13448,47.6923,0.44218,23.48025,22.71194,0.76831,2.9915,2.987,41.32,0.00277,0.3,normal
27.22,48.25886,47.86076,0.39809,23.68253,22.90154,0.78099,2.9867,2.9892,41.15,0.00451,0.3,normal
27.23,48.38045,48.02046,0.35999,23.88342,23.09268,0.79075,2.9946,2.9981,41.16,0.00385,0.3,normal
27.24,48.49919,48.16655,0.33264,24.0829,23.27448,0.80841,3.0244,3.0,41.47,0.00192,0.3,normal
27.25,48.61502,48.31105,0.30397,24.28092,23.46016,0.82076,3.0014,2.9921,41.36,0.00648,0.3,normal
27.26,48.72787,48.41732,0.31055,24.47745,23.63299,0.84446,2.9809,2.9879,41.37,0.00664,0.3,normal
27.27,48.83768,48.5246,0.31308,24.67246,23.80572,0.86674,3.0005,2.9987,41.0,0.00225,0.3,normal
27.28,48.94439,48.62015,0.32423,24.86591,23.96903,0.89688,2.9936,2.9985,41.45,0.00243,0.3,normal
27.29,49.04793,48.71704,0.33089,25.05778,24.13418,0.9236,3.0109,3.0,41.12,0.00249,0.3,normal
27.3,49.14826,48.80699,0.34127,25.24803,24.29275,0.95528,3.0211,3.0,41.1,0.00107,0.3,normal
27.31,49.2453,48.90381,0.34149,25.43662,24.4569,0.97972,3.0178,2.9942,40.81,0.00152,0.3,normal
27.32,49.339,48.99497,0.34404,25.62353,24.61,1.01353,2.982,2.9952,41.19,0.00361,0.3,normal
27.33,49.42931,49.0888,0.34051,25.80872,24.76315,1.04557,3.0065,2.9858,40.98,0.00266,0.3,normal
27.34,49.51617,49.1737,0.34247,25.99216,24.90315,1.08901,2.9942,2.9927,41.21,0.00623,0.3,normal
27.35,49.59952,49.26199,0.33753,26.17382,25.08142,1.0924,2.9899,2.9808,40.98,0.00727,0.3,normal
27.36,49.6793,49.34218,0.33712,26.35366,25.27311,1.08056,3.0099,2.9989,41.43,0.00167,0.3,normal
27.37,49.75548,49.42563,0.32984,26.53166,25.46903,1.06264,3.0084,2.988,41.24,0.00162,0.3,normal
27.38,49.82798,49.50224,0.32574,26.70779,25.65477,1.05302,2.9897,3.0,41.51,0.00325,0.3,normal
27.39,49.89678,49.58346,0.31331,26.88201,25.84468,1.03733,2.9995,2.9833,41.02,0.00144,0.3,normal
27.4,49.9618,49.65979,0.30201,27.05429,26.02514,1.02915,3.0119,3.0,41.41,0.0005,0.3,normal
27.41,50.02301,49.7454,0.27761,27.22461,26.21076,1.01385,3.0201,2.9921,40.91,0.00256,0.3,normal
27.42,50.08036,49.82535,0.25501,27.39293,26.38827,1.00465,3.0015,2.9804,41.21,0.00176,0.3,normal
27.43,50.1338,49.91402,0.21978,27.55922,26.56976,0.98946,2.9937,2.9946,41.09,0.00146,0.3,normal
27.44,50.18329,49.99719,0.1861,27.72346,26.73784,0.98562,2.9846,3.0,41.12,0.0035,0.3,normal
27.45,50.22878,50.08393,0.14485,27.88562,26.90957,0.97605,3.0004,2.9756,41.12,0.00482,0.3,normal
27.46,50.27024,50.14531,0.12492,28.04566,27.06991,0.97575,3.0264,3.0,41.06,0.00464,0.3,normal
27.47,50.30761,50.20141,0.1062,28.20356,27.23218,0.97138,2.9988,3.0,41.02,0.00231,0.3,normal
27.48,50.34087,50.24915,0.09172,28.35929,27.38384,0.97545,2.9953,3.0,41.14,0.00151,0.3,normal
27.49,50.36996,50.30356,0.0664,28.51283,27.54056,0.97227,3.003,3.0,41.23,0.00045,0.3,normal
27.5,50.39487,50.35078,0.04409,28.66414,27.69204,0.9721,3.0082,3.0,41.39,0.00992,0.3,normal
27.51,50.41554,50.3571,0.05843,28.81321,27.8479,0.96531,3.0173,3.0,41.27,0.01086,0.3,normal
27.52,50.43194,50.32469,0.10725,28.96,27.99313,0.96687,2.9954,3.0,41.4,0.00055,0.3,normal
27.53,50.44405,50.29857,0.14548,29.10448,28.14175,0.96273,2.9869,3.0,41.01,0.00175,0.3,normal
27.54,50.45183,50.26493,0.1869,29.24664,28.2851,0.96154,3.0051,3.0,41.17,0.00179,0.3,normal
27.55,50.45525,50.23878,0.21648,29.38645,28.43394,0.9525,2.9984,2.9844,41.35,0.00316,0.3,normal
27.56,50.45428,50.20696,0.24732,29.52388,28.60268,0.92119,3.0061,3.0,41.3,0.00461,0.3,normal
27.57,50.4489,50.18124,0.26766,29.6589,28.78227,0.87664,2.9851,3.0,41.13,0.00205,0.3,normal
27.58,50.43907,50.15152,0.28755,29.7915,28.95378,0.83772,2.9667,3.0,41.4,0.00105,0.3,normal
27.59,50.42478,50.12847,0.29631,29.92166,29.12963,0.79203,3.0154,3.0,41.19,0.00236,0.3,normal
27.6,50.406,50.09702,0.30898,30.04934,29.29552,0.75381,3.0242,2.9813,41.16,0.00271,0.3,normal
27.61,50.3827,50.07172,0.31099,30.17452,29.4636,0.71092,3.0086,2.9959,41.35,0.00099,0.3,normal
27.62,50.35488,50.04055,0.31433,30.29719,29.62244,0.67475,2.999,2.9902,41.29,0.0031,0.3,normal
27.63,50.32251,50.01744,0.30506,30.41732,29.77819,0.63914,3.0045,3.0,41.21,0.0031,0.3,normal
27.64,50.28557,49.98981,0.29576,30.5349,29.9203,0.61459,3.0126,3.0,41.21,0.0051,0.3,normal
27.65,50.24405,49.99933,0.24472,30.64989,30.06375,0.58614,3.0082,2.9842,41.14,0.00633,0.3,normal
27.66,50.19793,50.00472,0.19321,30.76228,30.19174,0.57053,2.9825,2.9817,41.25,0.0033,0.3,normal
27.67,50.14721,50.01759,0.12962,30.87205,30.32044,0.55161,3.0266,2.9864,41.48,0.00086,0.3,normal
27.68,50.09187,50.02576,0.06611,30.97918,30.44187,0.53731,3.0202,3.0,41.35,0.00111,0.3,normal
27.69,50.0319,50.03977,-0.00787,31.08366,30.56495,0.5187,2.9904,2.9874,41.46,0.00278,0.3,normal
27.7,49.96729,50.04658,-0.07928,31.18545,30.67838,0.50707,3.013,3.0,41.4,0.00112,0.3,normal
27.71,49.89805,50.05809,-0.16004,31.28456,30.79698,0.48758,2.9936,3.0,41.24,0.00076,0.3,normal
27.72,49.82416,50.06199,-0.23783,31.38095,30.90758,0.47337,3.0149,3.0,41.09,0.01028,0.3,normal
27.73,49.74561,50.04363,-0.29801,31.47462,31.02291,0.45171,3.0049,2.9986,41.2,0.00834,0.3,normal
27.74,49.66242,49.96885,-0.30643,31.56554,31.13148,0.43406,3.0086,3.0,41.25,0.00071,0.3,normal
27.75,49.57458,49.90392,-0.32934,31.6537,31.24655,0.40714,3.0078,2.9666,41.24,0.00309,0.3,normal
27.76,49.48209,49.83683,-0.35474,31.73909,31.35482,0.38427,2.9997,3.0,41.51,0.00203,0.3,normal
27.77,49.38495,49.78133,-0.39638,31.82168,31.4705,0.35118,3.0063,2.9991,41.51,0.00096,0.3,normal
27.78,49.28317,49.72079,-0.43762,31.90147,31.5797,0.32177,2.9892,3.0,41.7,0.00193,0.3,normal
27.79,49.17676,49.66851,-0.49175,31.97845,31.69461,0.28384,3.0144,3.0,41.26,0.00967,0.3,normal
27.8,49.06572,49.557,-0.49128,32.0526,31.80461,0.24799,2.9711,2.9726,41.62,0.00815,0.3,normal
27.81,48.95007,49.42081,-0.47075,32.1239,31.91708,0.20681,2.983,2.9983,41.63,0.00273,0.3,normal
27.82,48.8298,49.28274,-0.45294,32.19235,32.02238,0.16996,3.0137,2.9925,41.36,0.00326,0.3,normal
27.83,48.70495,49.15678,-0.45183,32.25793,32.13402,0.12391,2.9859,3.0,41.47,0.00219,0.3,normal
27.84,48.57552,49.03583,-0.46032,32.32064,32.23904,0.08159,2.9932,2.9966,41.59,0.00308,0.3,normal
27.85,48.44152,48.9277,-0.48618,32.38046,32.34774,0.03271,2.9925,3.0,41.41,0.00185,0.3,normal
27.86,48.30298,48.81534,-0.51236,32.43738,32.44843,-0.01105,3.0166,3.0,41.4,0.0,0.3,normal
27.87,48.15991,48.70948,-0.54958,32.49139,32.55706,-0.06567,3.0045,3.0,41.33,0.00294,0.3,normal
27.88,48.01233,48.59913,-0.5868,32.5425,32.64376,-0.10127,3.0063,3.0,41.08,0.00955,0.3,normal
27.89,47.86027,48.49712,-0.63685,32.59068,32.72019,-0.12951,2.9898,3.0,41.45,0.00795,0.3,normal
27.9,47.70375,48.37465,-0.6709,32.63593,32.75103,-0.1151,2.9976,2.9865,41.34,0.0032,0.3,normal
27.91,47.54279,48.24948,-0.70669,32.67824,32.78786,-0.10961,2.983,3.0,41.29,0.01339,0.3,normal
27.92,47.37742,48.07325,-0.69584,32.71762,32.81867,-0.10106,2.9839,3.0,41.52,0.01202,0.3,normal
27.93,47.20767,47.83536,-0.62769,32.75404,32.85988,-0.10584,3.0027,3.0,41.25,0.00239,0.3,normal
27.94,47.03356,47.59757,-0.564,32.78751,32.89266,-0.10514,3.0099,3.0,41.59,0.00308,0.3,normal
27.95,46.85513,47.36929,-0.51415,32.81803,32.92968,-0.11166,2.9936,2.9818,41.55,0.00096,0.3,normal
27.96,46.67242,47.13782,-0.46541,32.84558,32.96006,-0.11448,2.9972,3.0,41.43,0.00324,0.3,normal
27.97,46.48544,46.91998,-0.43454,32.87016,32.99186,-0.12169,3.0016,3.0,41.49,0.00702,0.3,normal
27.98,46.29425,46.71985,-0.4256,32.89178,33.01578,-0.124,3.0162,2.9937,41.32,0.00475,0.3,normal
27.99,46.09887,46.54106,-0.44219,32.91043,33.04473,-0.13429,2.9901,2.9911,41.62,0.04526,0.3,normal
28.0,32.27381,46.36088,-14.08706,11.05261,33.02248,-21.96987,2.9969,3.0,41.55,0.3,0.3,normal
28.01,32.27381,45.03184,-12.75802,11.05261,31.52785,-20.47524,2.9983,3.0,41.62,0.3,0.3,normal
28.02,32.27381,42.23255,-9.95874,11.05261,28.07534,-17.02273,2.9932,3.0,41.73,0.0453,0.3,normal
28.03,32.27381,39.87399,-7.60018,11.05261,24.85325,-13.80064,2.9856,3.0,41.62,0.24966,0.3,normal
28.04,32.27381,38.09584,-5.82203,11.05261,22.14783,-11.09523,2.7439,2.9958,41.54,0.18757,0.3,normal
28.05,32.27381,36.70584,-4.43203,11.05261,20.02062,-8.96801,2.9913,2.9971,41.95,0.10577,0.3,normal
28.06,32.27381,35.62599,-3.35218,11.05261,18.23285,-7.18024,3.0046,3.0,41.94,0.12567,0.3,normal
28.07,32.27381,34.82828,-2.55447,11.05261,16.80893,-5.75632,3.007,2.9889,41.78,0.12966,0.3,normal
28.08,32.27381,34.18586,-1.91204,11.05261,15.64697,-4.59436,2.9921,3.0,41.94,0.05614,0.3,normal
28.09,32.27381,33.66998,-1.39617,11.05261,14.66937,-3.61676,3.0165,2.9844,42.09,0.07622,0.3,normal
28.1,32.27381,33.2989,-1.02509,11.05261,13.89497,-2.84236,3.0267,2.9963,42.08,0.07657,0.3,normal
28.11,32.27381,32.9798,-0.70599,11.05261,13.27514,-2.22253,2.9961,2.9765,41.84,0.01344,0.3,normal
28.12,32.27381,32.72762,-0.45381,11.05261,12.78579,-1.73318,2.9882,3.0,41.71,0.01425,0.3,normal
28.13,32.27381,32.5302,-0.25639,11.05261,12.39138,-1.33877,3.0141,3.0,41.74,0.01348,0.3,normal
28.14,32.27381,32.39114,-0.11733,11.05261,11.99709,-0.94448,3.0174,3.0,41.9,0.03264,0.3,normal
28.15,32.27381,32.26104,0.01277,11.05261,11.71625,-0.66364,2.988,3.0,42.17,0.06694,0.3,normal
28.16,32.27381,32.20056,0.07325,11.05261,11.50483,-0.45222,3.0122,3.0,41.84,0.03516,0.3,normal
28.17,32.27381,32.19689,0.07692,11.05261,11.42603,-0.37342,3.0042,2.9833,41.86,0.00048,0.3,normal
28.18,32.27381,32.188,0.08582,11.05261,11.3389,-0.28629,2.9991,2.9948,41.86,0.00193,0.3,normal
28.19,32.27381,32.18417,0.08964,11.05261,11.25573,-0.20312,3.0222,3.0,41.88,0.00164,0.3,normal
28.2,32.27381,32.17277,0.10104,11.05261,11.16461,-0.112,2.9945,2.9735,41.96,0.00067,0.3,normal
28.21,32.27381,32.16799,0.10583,11.05261,11.07706,-0.02445,3.0274,3.0,41.77,0.00154,0.3,normal
28.22,32.27381,32.15727,0.11655,11.05261,10.98022,0.07239,2.9679,2.9975,42.13,0.00234,0.3,normal
28.23,32.27381,32.15125,0.12256,11.05261,10.8922,0.16041,3.0169,2.9862,41.95,0.00039,0.3,normal
28.24,32.27381,32.13806,0.13575,11.05261,10.79874,0.25387,3.0234,2.9976,42.34,0.00191,0.3,normal
28.25,32.27381,32.13128,0.14254,11.05261,10.71249,0.34011,2.9863,3.0,41.8,0.01405,0.3,normal
28.26,32.27381,32.11613,0.15769,11.05261,10.71292,0.33969,2.996,2.999,42.22,0.01205,0.3,normal
28.27,32.27381,32.10721,0.16661,11.05261,10.74259,0.31002,3.0,3.0,42.19,0.00123,0.3,normal
28.28,32.27381,32.092,0.18182,11.05261,10.7682,0.28441,2.9995,2.9905,41.92,0.00267,0.3,normal
28.29,32.27381,32.07956,0.19425,11.05261,10.80229,0.25032,2.9937,3.0,41.93,0.00087,0.3,normal
28.3,32.27381,32.06205,0.21176,11.05261,10.83032,0.22229,3.0451,2.9881,41.85,0.00075,0.3,normal
28.31,32.27381,32.05349,0.22032,11.05261,10.86429,0.18832,3.0043,3.0,41.86,0.00314,0.3,normal
28.32,32.27381,32.04115,0.23266,11.05261,10.89077,0.16184,3.0068,2.9686,42.0,0.00226,0.3,normal
28.33,32.27381,32.03714,0.23668,11.05261,10.91995,0.13265,3.0082,2.9792,42.01,0.00176,0.3,normal
28.34,32.27381,32.025,0.24881,11.05261,10.93834,0.11427,3.0201,2.979,41.77,0.00248,0.3,normal
28.35,32.27381,32.0195,0.25431,11.05261,10.96524,0.08737,2.9986,3.0,42.36,0.00104,0.3,normal
28.36,32.27381,32.00792,0.26589,11.05261,10.9856,0.06701,2.9933,3.0,41.98,0.00082,0.3,normal
28.37,32.27381,32.00385,0.26997,11.05261,11.01292,0.03969,2.9745,3.0,42.03,0.0023,0.3,normal
28.38,32.27381,31.99232,0.28149,11.05261,11.03242,0.02019,2.9662,2.9998,41.93,0.00152,0.3,normal
28.39,32.27381,31.98567,0.28814,11.05261,11.05924,-0.00663,2.9998,2.9761,41.99,0.00051,0.3,normal
28.4,32.27381,31.97379,0.30003,11.05261,11.08336,-0.03075,2.9986,2.991,41.98,0.00182,0.3,normal
28.41,32.27381,31.96756,0.30626,11.05261,11.11252,-0.05991,3.0133,3.0,42.03,0.00156,0.3,normal
28.42,32.27381,31.95959,0.31422,11.05261,11.13439,-0.08178,3.0015,3.0,42.04,0.00254,0.3,normal
28.43,32.27381,31.96478,0.30903,11.05261,11.16221,-0.1096,3.0115,3.0,42.16,0.00346,0.3,normal
28.44,32.27381,31.97323,0.30058,11.05261,11.18069,-0.12808,3.0156,2.9831,42.08,0.00378,0.3,normal
28.45,32.27381,31.99135,0.28246,11.05261,11.19728,-0.14467,2.9963,2.9984,42.16,0.00271,0.3,normal
28.46,32.27381,32.00222,0.27159,11.05261,11.19055,-0.13794,3.0017,3.0,42.05,0.00191,0.3,normal
28.47,32.27381,32.01844,0.25537,11.05261,11.18866,-0.13605,3.0278,2.9871,42.09,0.00057,0.3,normal
28.48,32.27381,32.02951,0.2443,11.05261,11.1809,-0.12829,2.9943,2.9734,42.03,0.0,0.3,normal
28.49,32.27381,32.04554,0.22827,11.05261,11.17879,-0.12618,2.9974,2.9948,42.22,0.00191,0.3,normal
28.5,32.27381,32.05414,0.21968,11.05261,11.17074,-0.11813,3.0138,2.9847,42.12,0.00177,0.3,normal
28.51,32.27381,32.07093,0.20288,11.05261,11.16696,-0.11435,2.9991,2.9965,42.05,0.00064,0.3,normal
28.52,32.27381,32.08137,0.19245,11.05261,11.15412,-0.10151,2.9859,3.0,42.05,0.00239,0.3,normal
28.53,32.27381,32.09603,0.17779,11.05261,11.1464,-0.09379,3.0077,3.0,42.07,0.00167,0.3,normal
28.54,32.27381,32.10477,0.16905,11.05261,11.13243,-0.07982,2.9921,2.9972,42.09,0.0,0.3,normal
28.55,32.27381,32.11987,0.15394,11.05261,11.12434,-0.07173,3.0152,2.9847,42.08,0.00161,0.3,normal
28.56,32.27381,32.12879,0.14502,11.05261,11.10915,-0.05654,2.9893,3.0,42.01,0.00191,0.3,normal
28.57,32.27381,32.14462,0.12919,11.05261,11.10035,-0.04774,2.9845,3.0,42.21,0.00139,0.3,normal
28.58,32.27381,32.15005,0.12376,11.05261,11.08259,-0.02998,3.0144,3.0,42.23,0.00166,0.3,normal
28.59,32.27381,32.16087,0.11295,11.05261,11.06916,-0.01655,3.0213,3.0,42.37,0.00273,0.3,normal
28.6,32.27381,32.16689,0.10693,11.05261,11.05329,-0.00068,3.0026,2.9909,42.02,5e-05,0.3,normal
28.61,32.27381,32.17943,0.09439,11.05261,11.04256,0.01005,2.9886,3.0,42.21,0.00167,0.3,normal
28.62,32.27381,32.18257,0.09124,11.05261,11.02706,0.02555,2.9815,2.9984,41.83,0.00281,0.3,normal
28.63,32.27381,32.19163,0.08218,11.05261,11.01571,0.0369,2.9915,3.0,42.24,0.00041,0.3,normal
28.64,32.27381,32.19537,0.07844,11.05261,10.99824,0.05437,2.9897,2.9806,41.91,0.00126,0.3,normal
28.65,32.27381,32.20805,0.06576,11.05261,10.98746,0.06515,2.9789,2.9976,41.98,0.00253,0.3,normal
28.66,32.27381,32.21548,0.05833,11.05261,10.96917,0.08344,3.0268,2.9885,42.18,0.00106,0.3,normal
28.67,32.27381,32.23225,0.04156,11.05261,10.95676,0.09585,2.9647,2.9792,42.04,0.00134,0.3,normal
28.68,32.27381,32.24321,0.0306,11.05261,10.93534,0.11727,3.002,2.9982,42.03,0.00269,0.3,normal
28.69,32.27381,32.26258,0.01123,11.05261,10.91719,0.13542,3.0124,2.9936,42.07,0.00106,0.3,normal
28.7,32.27381,32.27735,-0.00354,11.05261,10.89248,0.16013,2.9913,3.0,42.26,0.00063,0.3,normal
28.71,32.27381,32.2981,-0.02429,11.05261,10.87576,0.17685,2.9959,3.0,42.01,0.0023,0.3,normal
28.72,32.27381,32.31221,-0.0384,11.05261,10.85234,0.20027,2.9788,2.999,42.15,0.00136,0.3,normal
28.73,32.27381,32.33136,-0.05755,11.05261,10.83778,0.21483,3.0027,2.987,42.1,0.00077,0.3,normal
28.74,32.27381,32.34177,-0.06795,11.05261,10.81618,0.23643,3.0091,2.9801,42.28,0.00257,0.3,normal
28.75,32.27381,32.3593,-0.08548,11.05261,10.7975,0.25511,3.0091,3.0,42.29,0.00182,0.3,normal
28.76,32.27381,32.37194,-0.09812,11.05261,10.77107,0.28154,3.0088,3.0,41.89,0.0008,0.3,normal
28.77,32.27381,32.39165,-0.11784,11.05261,10.75092,0.30169,3.0087,3.0,42.33,0.00174,0.3,normal
28.78,32.27381,32.40464,-0.13083,11.05261,10.72492,0.32769,3.0013,2.9985,42.09,0.0014,0.3,normal
28.79,32.27381,32.42616,-0.15235,11.05261,10.70666,0.34595,3.0046,2.9857,42.22,0.0,0.3,normal
28.8,32.27381,32.44118,-0.16737,11.05261,10.68151,0.3711,2.99,3.0,42.04,0.00225,0.3,normal
28.81,32.27381,32.46039,-0.18657,11.05261,10.66215,0.39046,2.99,3.0,42.24,0.00172,0.3,normal
28.82,32.27381,32.47315,-0.19933,11.05261,10.63767,0.41494,2.9863,3.0,42.57,0.00083,0.3,normal
28.83,32.27381,32.49237,-0.21856,11.05261,10.62644,0.42616,3.0093,3.0,42.21,0.00834,0.3,normal
28.84,32.27381,32.50441,-0.23059,11.05261,10.63194,0.42067,2.9992,2.996,42.13,0.00699,0.3,normal
28.85,32.27381,32.52286,-0.24905,11.05261,10.6792,0.37341,2.98,2.9847,42.17,0.00039,0.3,normal
28.86,32.27381,32.53489,-0.26108,11.05261,10.7201,0.33251,2.9815,3.0,41.99,0.00244,0.3,normal
28.87,32.27381,32.55387,-0.28006,11.05261,10.77106,0.28155,3.0038,3.0,42.43,0.00196,0.3,normal
28.88,32.27381,32.56484,-0.29103,11.05261,10.8197,0.23291,3.0167,3.0,42.26,0.0064,0.3,normal
28.89,32.27381,32.55041,-0.2766,11.05261,10.87263,0.17998,3.0107,3.0,42.06,0.00755,0.3,normal
28.9,32.27381,32.49972,-0.22591,11.05261,10.91844,0.13417,2.9926,2.9887,42.07,0.00216,0.3,normal
28.91,32.27381,32.45641,-0.18259,11.05261,10.96932,0.08329,3.0027,2.989,42.23,0.00084,0.3,normal
28.92,32.27381,32.40727,-0.13346,11.05261,11.01223,0.04038,3.0087,3.0,42.37,0.00172,0.3,normal
28.93,32.27381,32.36579,-0.09198,11.05261,11.05934,-0.00673,2.9902,2.9767,42.06,0.00221,0.3,normal
28.94,32.27381,32.31687,-0.04306,11.05261,11.09828,-0.04567,3.0059,2.9774,42.41,0.00095,0.3,normal
28.95,32.27381,32.27133,0.00248,11.05261,11.14103,-0.08842,2.9939,3.0,42.23,0.00181,0.3,normal
28.96,32.27381,32.21979,0.05403,11.05261,11.17542,-0.12281,3.0039,3.0,42.11,0.00224,0.3,normal
28.97,32.27381,32.17471,0.0991,11.05261,11.21503,-0.16242,2.9873,3.0,42.18,0.00071,0.3,normal
28.98,32.27381,32.12406,0.14975,11.05261,11.24765,-0.19504,3.0027,3.0,42.52,0.00788,0.3,normal
28.99,32.27381,32.13585,0.13796,11.05261,11.28594,-0.23333,2.9835,2.9718,42.05,0.01679,0.3,normal
29.0,32.27381,32.15563,0.11819,11.05261,11.29871,-0.2461,3.0019,2.9996,42.15,0.00859,0.3,normal
29.01,32.27381,32.18104,0.09277,11.05261,11.26239,-0.20978,3.0073,2.9687,42.41,0.00111,0.3,normal
29.02,32.27381,32.20096,0.07285,11.05261,11.21968,-0.16707,3.0079,3.0,42.3,0.00267,0.3,normal
29.03,32.27381,32.22564,0.04817,11.05261,11.18269,-0.13008,3.022,2.9808,42.15,0.00092,0.3,normal
29.04,32.27381,32.24608,0.02773,11.05261,11.14035,-0.08774,2.9927,2.9717,42.42,0.00126,0.3,normal
29.05,32.27381,32.27481,-0.001,11.05261,11.10394,-0.05133,2.9899,3.0,42.43,0.00287,0.3,normal
29.06,32.27381,32.29859,-0.02478,11.05261,11.0627,-0.01009,3.0075,3.0,42.33,0.00101,0.3,normal
29.07,32.27381,32.33055,-0.05673,11.05261,11.02781,0.0248,3.0456,2.9999,42.2,0.00082,0.3,normal
29.08,32.27381,32.36103,-0.08721,11.05261,10.98605,0.06656,3.0151,3.0,42.22,0.00256,0.3,normal
29.09,32.27381,32.39935,-0.12554,11.05261,10.95379,0.09882,3.0232,3.0,42.34,0.00173,0.3,normal
29.1,32.27381,32.43103,-0.15722,11.05261,10.91686,0.13575,2.9902,2.9943,42.1,4e-05,0.3,normal
29.11,32.27381,32.46843,-0.19462,11.05261,10.88346,0.16915,3.0146,3.0,42.5,0.00856,0.3,normal
29.12,32.27381,32.43545,-0.16164,11.05261,10.84748,0.20513,2.9984,3.0,42.56,0.00809,0.3,normal
29.13,32.27381,32.40197,-0.12816,11.05261,10.81892,0.23369,3.0079,3.0,42.27,0.00061,0.3,normal
29.14,32.27381,32.3647,-0.09088,11.05261,10.78683,0.26578,2.9924,3.0,42.37,0.0024,0.3,normal
29.15,32.27381,32.33448,-0.06066,11.05261,10.76399,0.28862,2.9986,3.0,42.49,0.00263,0.3,normal
29.16,32.27381,32.2998,-0.02599,11.05261,10.74369,0.30892,2.982,2.9961,42.61,0.00093,0.3,normal
29.17,32.27381,32.27014,0.00367,11.05261,10.73338,0.31923,3.014,3.0,42.55,0.00654,0.3,normal
29.18,32.27381,32.23471,0.03911,11.05261,10.7266,0.32601,3.0195,2.9904,42.06,0.00665,0.3,normal
29.19,32.27381,32.20617,0.06764,11.05261,10.76582,0.28679,3.0081,2.9862,42.28,0.0,0.3,normal
29.2,32.27381,32.17069,0.10312,11.05261,10.79933,0.25328,2.9846,2.9964,42.41,0.00147,0.3,normal
29.21,32.27381,32.14037,0.13344,11.05261,10.83969,0.21292,2.9947,2.9713,42.26,0.00221,0.3,normal
29.22,32.27381,32.10359,0.17022,11.05261,10.87134,0.18127,2.9879,3.0,42.61,0.00024,0.3,normal
29.23,32.27381,32.07152,0.20229,11.05261,10.90768,0.14493,3.0069,2.9881,42.59,0.00813,0.3,normal
29.24,32.27381,32.07302,0.20079,11.05261,10.93433,0.11828,3.0309,2.9923,42.22,0.00857,0.3,normal
29.25,32.27381,32.10335,0.17047,11.05261,10.96727,0.08534,3.0008,2.9881,42.33,0.0013,0.3,normal
29.26,32.27381,32.12675,0.14706,11.05261,10.99653,0.05608,2.973,3.0,42.24,0.00114,0.3,normal
29.27,32.27381,32.15661,0.11721,11.05261,11.03094,0.02167,2.9709,3.0,42.33,0.00188,0.3,normal
29.28,32.27381,32.17861,0.0952,11.05261,11.05747,-0.00486,2.9945,2.9851,42.33,0.00071,0.3,normal
29.29,32.27381,32.20908,0.06473,11.05261,11.08769,-0.03508,3.0147,3.0,42.51,0.00168,0.3,normal
29.3,32.27381,32.23551,0.0383,11.05261,11.11166,-0.05906,3.0016,3.0,42.24,0.00282,0.3,normal
29.31,32.27381,32.27032,0.00349,11.05261,11.14349,-0.09088,3.0048,2.9972,41.99,0.00137,0.3,normal
29.32,32.27381,32.30072,-0.0269,11.05261,11.17004,-0.11743,3.0227,2.9843,42.14,0.0016,0.3,normal
29.33,32.27381,32.33672,-0.0629,11.05261,11.20234,-0.14973,3.0202,2.9818,42.23,0.0016,0.3,normal
29.34,32.27381,32.36648,-0.09267,11.05261,11.2295,-0.17689,3.0031,3.0,42.29,0.00108,0.3,normal
29.35,32.27381,32.40237,-0.12856,11.05261,11.26547,-0.21286,3.0053,3.0,42.43,0.00117,0.3,normal
29.36,32.27381,32.43187,-0.15806,11.05261,11.29623,-0.24362,3.0006,2.9981,42.24,0.00215,0.3,normal
29.37,32.27381,32.46889,-0.19508,11.05261,11.33155,-0.27894,3.0063,3.0,42.22,0.00837,0.3,normal
29.38,32.27381,32.44774,-0.17393,11.05261,11.36188,-0.30927,3.0112,2.9847,42.27,0.0139,0.3,normal
29.39,32.27381,32.40881,-0.135,11.05261,11.39454,-0.34193,3.0218,2.151,42.25,0.00904,0.3,normal
29.4,32.27381,32.36346,-0.08964,11.05261,11.36559,-0.31298,3.0019,2.9761,42.33,0.00161,0.3,normal
29.41,32.27381,32.32397,-0.05015,11.05261,11.34209,-0.28948,3.0235,3.0,42.33,0.00144,0.3,normal
29.42,32.27381,32.28376,-0.00994,11.05261,11.31125,-0.25864,2.9941,3.0,42.52,0.00265,0.3,normal
29.43,32.27381,32.25234,0.02147,11.05261,11.28434,-0.23173,3.0296,3.0,42.28,0.00144,0.3,normal
29.44,32.27381,32.21416,0.05965,11.05261,11.25416,-0.20155,3.0077,3.0,42.37,0.00183,0.3,normal
29.45,32.27381,32.18261,0.0912,11.05261,11.23643,-0.18382,2.958,3.0,42.35,0.00168,0.3,normal
29.46,32.27381,32.14447,0.12934,11.05261,11.21141,-0.1588,2.9749,2.9901,42.55,0.00189,0.3,normal
29.47,32.27381,32.11339,0.16042,11.05261,11.18927,-0.13666,2.9981,2.9903,42.41,0.0,0.3,normal
29.48,32.27381,32.07388,0.19993,11.05261,11.16101,-0.1084,3.0112,2.9843,42.6,0.00557,0.3,normal
29.49,32.27381,32.08068,0.19314,11.05261,11.13471,-0.0821,3.0129,2.9909,42.27,0.00624,0.3,normal
29.5,32.27381,32.08088,0.19293,11.05261,11.10185,-0.04924,3.0062,2.9878,42.44,0.00081,0.3,normal
29.51,32.27381,32.08432,0.18949,11.05261,11.07586,-0.02325,3.0201,2.9884,42.36,0.0022,0.3,normal
29.52,32.27381,32.08061,0.1932,11.05261,11.04466,0.00795,2.9921,3.0,42.27,0.00146,0.3,normal
29.53,32.27381,32.08239,0.19142,11.05261,11.02147,0.03114,3.0044,3.0,42.45,0.0,0.3,normal
29.54,32.27381,32.07946,0.19435,11.05261,10.99272,0.05989,3.007,3.0,42.72,0.00195,0.3,normal
29.55,32.27381,32.08491,0.18891,11.05261,10.97059,0.08202,2.9848,2.9972,42.34,0.00231,0.3,normal
29.56,32.27381,32.07987,0.19394,11.05261,10.94173,0.11088,2.9823,3.0,42.45,7e-05,0.3,normal
29.57,32.27381,32.07894,0.19487,11.05261,10.92086,0.13175,3.0009,3.0,42.27,0.00137,0.3,normal
29.58,32.27381,32.07147,0.20235,11.05261,10.89406,0.15855,3.0166,2.9887,42.26,0.00236,0.3,normal
29.59,32.27381,32.06962,0.20419,11.05261,10.87544,0.17717,2.9929,3.0,42.36,0.00086,0.3,normal
29.6,32.27381,32.06424,0.20957,11.05261,10.8506,0.20201,3.0399,3.0,42.41,0.00148,0.3,normal
29.61,32.27381,32.06669,0.20713,11.05261,10.83267,0.21994,2.9953,2.9953,42.42,0.00271,0.3,normal
29.62,32.27381,32.06622,0.20759,11.05261,10.80732,0.24529,3.0007,3.0,42.45,0.00051,0.3,normal
29.63,32.27381,32.07312,0.20069,11.05261,10.78739,0.26522,3.0171,2.9999,42.24,0.0093,0.3,normal
29.64,32.27381,32.07575,0.19806,11.05261,10.77844,0.27417,3.0086,3.0,42.4,0.01071,0.3,normal
29.65,32.27381,32.08675,0.18706,11.05261,10.84035,0.21226,3.0074,2.9712,42.58,0.00145,0.3,normal
29.66,32.27381,32.09539,0.17842,11.05261,10.89591,0.15669,2.9952,2.9799,42.3,0.00137,0.3,normal
29.67,32.27381,32.11377,0.16004,11.05261,10.95894,0.09367,2.9979,3.0,42.46,0.0021,0.3,normal
29.68,32.27381,32.12355,0.15027,11.05261,11.01671,0.0359,2.9934,3.0,42.56,0.00134,0.3,normal
29.69,32.27381,32.13963,0.13418,11.05261,11.08299,-0.03038,3.0016,3.0,42.4,0.00084,0.3,normal
29.7,32.27381,32.1501,0.12371,11.05261,11.14395,-0.09134,2.9867,2.9691,42.58,0.00195,0.3,normal
29.71,32.27381,32.1665,0.10732,11.05261,11.21096,-0.15835,3.0208,2.9988,42.3,0.00073,0.3,normal
29.72,32.27381,32.17746,0.09635,11.05261,11.27202,-0.21941,2.9851,2.9915,42.67,0.00245,0.3,normal
29.73,32.27381,32.1933,0.08051,11.05261,11.32525,-0.27264,3.0299,3.0,42.59,0.00743,0.3,normal
29.74,32.27381,32.20619,0.06762,11.05261,11.36115,-0.30854,2.9884,2.5923,42.55,0.00376,0.3,normal
29.75,32.27381,32.22385,0.04996,11.05261,11.37806,-0.32545,3.0129,3.0,42.71,0.00096,0.3,normal
29.76,32.27381,32.23799,0.03583,11.05261,11.38775,-0.33514,2.9874,3.0,42.5,0.00282,0.3,normal
29.77,32.27381,32.2591,0.01472,11.05261,11.40782,-0.35521,2.9804,3.0,42.46,0.0015,0.3,normal
29.78,32.27381,32.27512,-0.00131,11.05261,11.42123,-0.36862,2.9909,3.0,42.76,0.00679,0.3,normal
29.79,32.27381,32.29838,-0.02457,11.05261,11.38668,-0.33407,3.0033,2.9747,42.84,0.00861,0.3,normal
29.8,32.27381,32.3142,-0.04039,11.05261,11.33514,-0.28253,3.0087,3.0,42.46,0.00145,0.3,normal
29.81,32.27381,32.33731,-0.0635,11.05261,11.29227,-0.23967,3.0089,2.9933,42.55,0.00019,0.3,normal
29.82,32.27381,32.35377,-0.07996,11.05261,11.24524,-0.19263,3.016,3.0,42.73,0.00176,0.3,normal
29.83,32.27381,32.37648,-0.10267,11.05261,11.19981,-0.1472,3.0233,2.971,42.56,0.00116,0.3,normal
29.84,32.27381,32.39288,-0.11907,11.05261,11.14959,-0.09698,3.0034,3.0,42.67,0.00173,0.3,normal
29.85,32.27381,32.41569,-0.14188,11.05261,11.1107,-0.05809,3.0308,3.0,42.7,0.00232,0.3,normal
29.86,32.27381,32.43387,-0.16006,11.05261,11.06716,-0.01455,2.9926,3.0,42.5,0.00229,0.3,normal
29.87,32.27381,32.46103,-0.18721,11.05261,11.03164,0.02097,2.9861,3.0,42.65,0.00055,0.3,normal
29.88,32.27381,32.48146,-0.20764,11.05261,10.99229,0.06032,2.9702,2.9832,42.59,0.00136,0.3,normal
29.89,32.27381,32.51091,-0.2371,11.05261,10.95953,0.09308,3.0076,3.0,42.42,0.00185,0.3,normal
29.9,32.27381,32.53231,-0.2585,11.05261,10.92193,0.13068,3.0071,2.9988,42.45,0.00024,0.3,normal
29.91,32.27381,32.56125,-0.28744,11.05261,10.89032,0.16229,2.998,2.9963,42.51,0.00146,0.3,normal
29.92,32.27381,32.58056,-0.30675,11.05261,10.85266,0.19995,3.0009,3.0,42.75,0.00312,0.3,normal
29.93,32.27381,32.59593,-0.32212,11.05261,10.82179,0.23082,3.0151,2.9845,42.76,0.00488,0.3,normal
29.94,32.27381,32.59372,-0.31991,11.05261,10.78575,0.26686,3.0227,3.0,42.73,0.00756,0.3,normal
29.95,32.27381,32.57487,-0.30106,11.05261,10.76332,0.28929,2.9698,2.9897,42.69,0.00467,0.3,normal
29.96,32.27381,32.54922,-0.2754,11.05261,10.75353,0.29908,2.9795,3.0,42.69,0.00097,0.3,normal
29.97,32.27381,32.52823,-0.25442,11.05261,10.75255,0.30006,2.9881,3.0,42.67,0.00104,0.3,normal
29.98,32.27381,32.49914,-0.22532,11.05261,10.74448,0.30813,2.9795,2.9938,42.69,0.00251,0.3,normal
29.99,32.27381,32.4761,-0.20228,11.05261,10.74067,0.31194,3.0007,3.0,42.71,0.0831,0.3,normal
30.0,0.0,32.40688,-32.40688,2.34641,10.688,-8.34159,2.994,2.9896,42.43,0.3,0.3,normal
30.01,-0.06808,31.0331,-31.10118,2.19638,9.42435,-7.22797,2.9939,2.9842,42.58,0.3,0.3,normal
30.02,-0.13623,27.73161,-27.86784,2.04746,8.06896,-6.0215,3.0033,3.0,42.62,0.3,0.3,normal
30.03,-0.20451,22.51695,-22.72146,1.89966,6.95381,-5.05415,3.0161,2.9772,43.04,0.11338,0.3,normal
30.04,-0.27299,16.96512,-17.2381,1.75296,5.99693,-4.24398,3.001,2.9923,43.21,0.25434,0.3,normal
30.05,-0.34173,12.65053,-12.99226,1.60736,5.17303,-3.56568,2.993,3.0,42.7,0.25067,0.3,normal
30.06,-0.41082,9.30989,-9.72071,1.46285,4.5321,-3.06925,3.0013,3.0,43.31,0.20219,0.3,normal
30.07,-0.4803,6.68601,-7.16631,1.31944,3.98649,-2.66705,2.9933,2.9925,43.13,0.12175,0.3,normal
30.08,-0.55025,4.65579,-5.20604,1.17711,3.43744,-2.26034,3.001,3.0,43.3,0.09885,0.3,normal
30.09,-0.62074,3.12323,-3.74397,1.03585,2.99573,-1.95988,3.0142,2.9957,43.25,0.09747,0.3,normal
30.1,-0.69182,1.90235,-2.59417,0.89567,2.57547,-1.6798,3.0148,3.0,43.41,0.05138,0.3,normal
30.11,-0.76357,0.96611,-1.72968,0.75655,2.22498,-1.46843,2.9874,2.9874,43.25,0.04619,0.3,normal
30.12,-0.83605,0.24478,-1.08083,0.61849,1.8986,-1.28012,2.9927,3.0,43.02,0.04768,0.3,normal
30.13,-0.90933,-0.32666,-0.58267,0.48147,1.5948,-1.11333,2.9959,1.6751,43.22,0.01395,0.3,normal
30.14,-0.98346,-0.78076,-0.2027,0.34549,1.37732,-1.03183,2.9857,3.0,43.33,0.04255,0.3,normal
30.15,-1.05852,-1.10413,0.04561,0.21054,1.16941,-0.95887,2.9865,3.0,43.23,0.04099,0.3,normal
30.16,-1.13457,-1.35032,0.21575,0.07661,0.96174,-0.88513,3.0069,3.0,43.36,0.00402,0.3,normal
30.17,-1.21167,-1.58694,0.37527,-0.05632,0.76707,-0.82338,3.0164,2.9841,43.26,0.00346,0.3,normal
30.18,-1.28988,-1.82414,0.53427,-0.18824,0.57155,-0.75979,3.0146,3.0,43.19,0.01515,0.3,normal
30.19,-1.36926,-1.96715,0.59789,-0.31917,0.38697,-0.70614,2.9937,2.9884,43.12,0.01642,0.3,normal
30.2,-1.44989,-2.06188,0.61199,-0.44912,0.20049,-0.64961,2.9938,3.0,43.23,0.0022,0.3,normal
30.21,-1.53181,-2.15218,0.62037,-0.57811,0.02354,-0.60165,2.9995,3.0,43.32,0.0,0.3,normal
30.22,-1.61509,-2.24854,0.63345,-0.70614,-0.15871,-0.54743,3.0097,2.9937,43.0,0.00197,0.3,normal
30.23,-1.69979,-2.33627,0.63648,-0.83323,-0.32978,-0.50345,3.0046,3.0,43.18,0.00649,0.3,normal
30.24,-1.78597,-2.42972,0.64375,-0.95939,-0.46627,-0.49312,2.9813,3.0,43.0,0.00547,0.3,normal
30.25,-1.87368,-2.51701,0.64333,-1.08463,-0.58959,-0.49504,3.0011,3.0,43.21,0.00211,0.3,normal
30.26,-1.96298,-2.61018,0.6472,-1.20896,-0.71496,-0.49401,3.0167,3.0,43.49,0.00253,0.3,normal
30.27,-2.05394,-2.69648,0.64254,-1.3324,-0.83189,-0.50051,3.0076,3.0,43.14,0.00119,0.3,normal
30.28,-2.1466,-2.78717,0.64057,-1.45497,-0.95129,-0.50367,2.9914,2.9784,43.42,0.0014,0.3,normal
30.29,-2.24103,-2.87358,0.63255,-1.57666,-1.05898,-0.51769,3.0088,3.0,43.75,0.00251,0.3,normal
30.3,-2.33727,-2.96718,0.62991,-1.69751,-1.17097,-0.52654,2.9992,3.0,43.54,0.00072,0.3,normal
30.31,-2.43538,-3.05454,0.61916,-1.81752,-1.27479,-0.54273,3.0182,2.987,43.35,0.00282,0.3,normal
30.32,-2.53541,-3.14035,0.60494,-1.93671,-1.38307,-0.55364,3.0165,3.0,43.46,0.00374,0.3,normal
30.33,-2.63742,-3.20804,0.57062,-2.05509,-1.48385,-0.57124,2.9915,3.0,43.13,0.00064,0.3,normal
30.34,-2.74145,-3.28224,0.54079,-2.17269,-1.59363,-0.57905,2.9917,2.9822,43.1,0.00088,0.3,normal
30.35,-2.84755,-3.3512,0.50364,-2.2895,-1.69695,-0.59256,2.9973,3.0,43.35,0.00234,0.3,normal
30.36,-2.95578,-3.42734,0.47156,-2.40556,-1.8058,-0.59976,3.0015,2.9924,43.41,0.00123,0.3,normal
30.37,-3.06618,-3.49512,0.42894,-2.52087,-1.90712,-0.61376,2.9891,2.9994,43.52,0.00083,0.3,normal
30.38,-3.1788,-3.57021,0.39141,-2.63546,-2.01624,-0.61922,3.0056,3.0,43.27,0.00249,0.3,normal
30.39,-3.29368,-3.63732,0.34364,-2.74933,-2.11863,-0.6307,3.0091,3.0,43.39,0.00177,0.3,normal
30.4,-3.41087,-3.7099,0.29903,-2.86252,-2.22551,-0.63701,3.0103,3.0,43.39,0.00079,0.3,normal
30.41,-3.53041,-3.7749,0.2445,-2.97502,-2.32635,-0.64867,3.0167,2.9888,43.35,0.00308,0.3,normal
30.42,-3.65234,-3.84419,0.19185,-3.08686,-2.43531,-0.65155,3.0,2.9923,43.36,0.00151,0.3,normal
30.43,-3.77671,-3.91074,0.13403,-3.19807,-2.53819,-0.65987,2.9897,2.9908,43.25,0.00063,0.3,normal
30.44,-3.90355,-3.98728,0.08373,-3.30864,-2.644,-0.66465,2.9946,2.9918,43.42,0.00186,0.3,normal
30.45,-4.03291,-4.05592,0.02302,-3.41861,-2.7438,-0.67481,3.0051,2.9984,43.41,0.00165,0.3,normal
30.46,-4.16481,-4.12899,-0.03583,-3.52799,-2.85023,-0.67776,2.9927,3.0,43.32,0.00097,0.3,normal
30.47,-4.29931,-4.19441,-0.10489,-3.6368,-2.94881,-0.68799,2.9983,2.9954,43.49,0.00163,0.3,normal
30.48,-4.43642,-4.26724,-0.16919,-3.74506,-3.05437,-0.69069,2.993,3.0,43.55,0.00186,0.3,normal
30.49,-4.57619,-4.336,-0.24019,-3.85278,-3.15328,-0.6995,3.0101,2.9924,43.5,0.0005,0.3,normal
30.5,-4.71865,-4.41032,-0.30834,-3.95999,-3.25655,-0.70344,3.007,2.9961,43.25,0.00193,0.3,normal
30.51,-4.86383,-4.47834,-0.3855,-4.0667,-3.35408,-0.71262,3.0144,3.0,43.42,0.00623,0.3,normal
30.52,-5.01176,-4.59252,-0.41924,-4.17293,-3.46069,-0.71224,2.9864,2.9954,43.27,0.00463,0.3,normal
30.53,-5.16247,-4.70288,-0.4596,-4.2787,-3.55678,-0.72192,3.0025,3.0,43.43,0.00305,0.3,normal
30.54,-5.31598,-4.81351,-0.50248,-4.38403,-3.65595,-0.72807,3.0086,3.0,43.28,0.01053,0.3,normal
30.55,-5.47233,-4.96229,-0.51003,-4.48893,-3.74827,-0.74067,3.0088,3.0,43.61,0.00828,0.3,normal
30.56,-5.63153,-5.15456,-0.47696,-4.59344,-3.84877,-0.74467,2.9888,2.9912,43.54,0.00242,0.3,normal
30.57,-5.7936,-5.33729,-0.45632,-4.69756,-3.94349,-0.75407,2.9975,3.0,43.6,0.00318,0.3,normal
30.58,-5.95858,-5.52131,-0.43727,-4.80132,-4.04634,-0.75498,3.016,2.9978,43.59,0.00072,0.3,normal
30.59,-6.12648,-5.69372,-0.43276,-4.90474,-4.14237,-0.76237,3.0071,3.0,43.4,0.00291,0.3,normal
30.6,-6.29731,-5.86554,-0.43177,-5.00783,-4.24577,-0.76205,3.011,2.9749,43.38,0.00342,0.3,normal
30.61,-6.4711,-6.02721,-0.4439,-5.11061,-4.34208,-0.76853,2.995,2.9963,43.71,0.00159,0.3,normal
30.62,-6.64787,-6.1918,-0.45606,-5.21311,-4.44521,-0.7679,3.0222,2.9948,43.43,0.00226,0.3,normal
30.63,-6.82762,-6.34304,-0.48458,-5.31534,-4.54469,-0.77065,3.002,2.9645,43.25,0.00247,0.3,normal
30.64,-7.01037,-6.49582,-0.51455,-5.41733,-4.64865,-0.76868,2.9841,3.0,43.61,0.00159,0.3,normal
30.65,-7.19613,-6.63859,-0.55754,-5.51908,-4.74267,-0.77642,3.0159,3.0,43.48,0.0028,0.3,normal
30.66,-7.38491,-6.78422,-0.60069,-5.62063,-4.83756,-0.78308,2.9999,2.9812,43.69,0.00392,0.3,normal
30.67,-7.57672,-6.91772,-0.659,-5.722,-4.91961,-0.80238,2.9943,2.9878,43.51,0.00598,0.3,normal
30.68,-7.77156,-7.08484,-0.68673,-5.82319,-5.00955,-0.81364,2.9975,3.0,43.47,0.00683,0.3,normal
30.69,-7.96945,-7.27432,-0.69513,-5.92423,-5.09373,-0.8305,2.9784,3.0,43.71,0.00449,0.3,normal
30.7,-8.17038,-7.46561,-0.70477,-6.02515,-5.1986,-0.82655,2.9728,2.9892,43.25,0.00276,0.3,normal
30.71,-8.37436,-7.64403,-0.73033,-6.12596,-5.29661,-0.82935,3.0265,2.9873,43.4,0.00179,0.3,normal
30.72,-8.58139,-7.82594,-0.75545,-6.22667,-5.39959,-0.82708,2.973,2.9866,43.36,0.00254,0.3,normal
30.73,-8.79147,-7.99988,-0.79159,-6.32731,-5.49717,-0.83014,2.986,3.0,43.17,0.00192,0.3,normal
30.74,-9.00459,-8.17622,-0.82837,-6.4279,-5.60213,-0.82578,3.0014,3.0,43.63,0.00856,0.3,normal
30.75,-9.22075,-8.41884,-0.80192,-6.52846,-5.70426,-0.82421,2.9978,3.0,43.42,0.0097,0.3,normal
30.76,-9.43996,-8.67214,-0.76781,-6.62901,-5.81227,-0.81674,3.0077,2.9871,43.65,0.00245,0.3,normal
30.77,-9.66219,-8.91391,-0.74828,-6.72956,-5.91465,-0.8149,3.0112,3.0,43.58,0.00141,0.3,normal
30.78,-9.88744,-9.1552,-0.73224,-6.83013,-6.0244,-0.80573,2.9794,2.9827,43.62,0.00369,0.3,normal
30.79,-10.11571,-9.38376,-0.73195,-6.93075,-6.12704,-0.8037,3.0056,3.0,43.46,0.0052,0.3,normal
30.8,-10.34697,-9.61235,-0.73463,-7.03142,-6.26579,-0.76564,3.0114,2.9886,43.42,0.00412,0.3,normal
30.81,-10.58123,-9.83208,-0.74915,-7.13218,-6.40318,-0.729,3.0165,2.9853,43.55,0.00288,0.3,normal
30.82,-10.81846,-10.05291,-0.76555,-7.23304,-6.54485,-0.68819,3.0381,2.9967,43.68,0.00264,0.3,normal
30.83,-11.05864,-10.25947,-0.79917,-7.33401,-6.68225,-0.65176,2.9841,2.9982,43.54,0.0018,0.3,normal
30.84,-11.30177,-10.46666,-0.83511,-7.43511,-6.82625,-0.60886,3.0154,3.0,43.45,0.00321,0.3,normal
30.85,-11.54782,-10.66088,-0.88694,-7.53637,-6.95979,-0.57659,2.9825,2.9989,43.38,0.0027,0.3,normal
30.86,-11.79677,-10.85882,-0.93795,-7.6378,-7.09493,-0.54287,3.0036,2.9942,43.6,0.00984,0.3,normal
30.87,-12.0486,-11.10959,-0.93901,-7.73942,-7.21814,-0.52129,3.0029,2.9792,43.49,0.01058,0.3,normal
30.88,-12.30328,-11.3895,-0.91378,-7.84124,-7.34259,-0.49865,3.0229,2.9928,43.57,0.00326,0.3,normal
30.89,-12.5608,-11.65678,-0.90402,-7.94329,-7.45783,-0.48546,2.993,3.0,43.55,0.00193,0.3,normal
30.9,-12.82112,-11.92313,-0.89799,-8.04557,-7.57544,-0.47014,3.0243,3.0,43.52,0.00246,0.3,normal
30.91,-13.08422,-12.17882,-0.9054,-8.14811,-7.68183,-0.46628,3.0067,2.9961,43.64,0.00305,0.3,normal
30.92,-13.35007,-12.4377,-0.91237,-8.25092,-7.79067,-0.46026,2.9791,3.0,43.69,0.00136,0.3,normal
30.93,-13.61863,-12.68592,-0.93271,-8.35402,-7.89096,-0.46306,2.9936,3.0,43.9,0.00254,0.3,normal
30.94,-13.88988,-12.93448,-0.9554,-8.45743,-7.99703,-0.4604,3.0058,2.9976,43.73,0.00346,0.3,normal
30.95,-14.16378,-13.17148,-0.9923,-8.56116,-8.0983,-0.46286,3.0076,3.0,43.86,0.00055,0.3,normal
30.96,-14.4403,-13.41235,-1.02794,-8.66522,-8.20623,-0.45899,3.0046,2.9936,43.5,0.00195,0.3,normal
30.97,-14.7194,-13.64401,-1.07539,-8.76963,-8.30575,-0.46388,3.0068,2.988,43.39,0.01301,0.3,normal
30.98,-15.00104,-13.89064,-1.1104,-8.87441,-8.41213,-0.46228,1.2029,3.0,43.63,0.01125,0.3,normal
30.99,-15.28519,-14.23188,-1.0533,-8.97958,-8.51531,-0.46427,3.0116,2.978,43.77,0.00107,0.3,normal
31.0,-15.5718,-14.57562,-0.99618,-9.08513,-8.62281,-0.46232,3.0024,2.9883,43.76,0.003,0.3,normal
31.01,-15.86083,-14.90929,-0.95154,-9.1911,-8.72493,-0.46617,2.9933,2.9948,43.84,0.0018,0.3,normal
31.02,-16.15224,-15.24232,-0.90992,-9.29749,-8.83191,-0.46558,3.0004,2.9796,43.28,0.00198,0.3,normal
31.03,-16.44599,-15.56599,-0.88,-9.40432,-8.92974,-0.47458,3.0022,3.0,43.86,0.00286,0.3,normal
31.04,-16.74202,-15.89113,-0.85089,-9.5116,-9.03246,-0.47914,3.0233,3.0,43.73,0.00194,0.3,normal
31.05,-17.0403,-16.20318,-0.83712,-9.61934,-9.13012,-0.48922,3.0211,3.0,43.45,0.00108,0.3,normal
31.06,-17.34077,-16.51759,-0.82318,-9.72756,-9.23443,-0.49313,3.0028,3.0,43.8,0.00298,0.3,normal
31.07,-17.64339,-16.81871,-0.82468,-9.83627,-9.33522,-0.50105,3.0019,2.9905,43.72,0.00238,0.3,normal
31.08,-17.9481,-17.12281,-0.82529,-9.94548,-9.44267,-0.50281,2.9902,3.0,43.76,0.00146,0.3,normal
31.09,-18.25485,-17.41377,-0.84108,-10.0552,-9.54423,-0.51097,3.0074,2.9642,43.86,0.00248,0.3,normal
31.1,-18.5636,-17.70665,-0.85695,-10.16544,-9.65327,-0.51217,2.9987,3.0,43.78,0.00151,0.3,normal
31.11,-18.87428,-17.98958,-0.8847,-10.27622,-9.7547,-0.52152,2.9964,2.9855,43.5,0.00135,0.3,normal
31.12,-19.18684,-18.27496,-0.91188,-10.38754,-9.85902,-0.52852,2.9993,2.9925,43.71,0.00331,0.3,normal
31.13,-19.50122,-18.55018,-0.95104,-10.49942,-9.95476,-0.54466,3.0013,2.977,43.49,0.00193,0.3,normal
31.14,-19.81738,-18.82908,-0.9883,-10.61187,-10.05691,-0.55496,3.0122,2.9845,43.84,0.00071,0.3,normal
31.15,-20.13524,-19.09752,-1.03772,-10.72489,-10.15135,-0.57354,3.007,3.0,43.96,0.00265,0.3,normal
31.16,-20.45475,-19.36994,-1.08481,-10.83849,-10.25388,-0.58461,3.0029,2.9915,43.57,0.00231,0.3,normal
31.17,-20.77584,-19.63104,-1.14481,-10.95268,-10.34939,-0.60329,3.0233,2.9836,43.66,0.00126,0.3,normal
31.18,-21.09847,-19.89211,-1.20636,-11.06748,-10.4518,-0.61568,2.9898,3.0,43.63,0.0022,0.3,normal
31.19,-21.42256,-20.14111,-1.28145,-11.18288,-10.54607,-0.63681,2.996,3.0,43.7,0.01526,0.3,normal
31.2,-21.74805,-20.43548,-1.31257,-11.2989,-10.64792,-0.65098,2.9889,3.0,43.84,0.01518,0.3,normal
31.21,-22.07488,-20.82573,-1.24916,-11.41555,-10.7445,-0.67105,2.9902,3.0,43.72,0.00286,0.3,normal
31.22,-22.40299,-21.21822,-1.18477,-11.53282,-10.85163,-0.6812,3.0054,2.9867,43.89,0.00627,0.3,normal
31.23,-22.7323,-21.5878,-1.1445,-11.65073,-10.94883,-0.7019,3.0105,2.992,43.96,0.00437,0.3,normal
31.24,-23.06274,-21.94212,-1.12062,-11.76928,-11.05228,-0.717,2.9816,2.9957,43.97,0.00201,0.3,normal
31.25,-23.39426,-22.28438,-1.10988,-11.88848,-11.15009,-0.73839,3.0012,3.0,43.64,0.00356,0.3,normal
31.26,-23.72679,-22.62697,-1.09982,-12.00834,-11.2555,-0.75283,2.9928,3.0,44.03,0.0084,0.3,normal
31.27,-24.06025,-22.96051,-1.09974,-12.12885,-11.37284,-0.75601,2.9835,3.0,44.05,0.00902,0.3,normal
31.28,-24.39457,-23.29506,-1.09951,-12.25002,-11.5512,-0.69882,3.0108,2.9886,44.07,0.00413,0.3,normal
31.29,-24.72969,-23.61807,-1.11162,-12.37186,-11.71785,-0.65401,3.0226,2.9994,43.82,0.00305,0.3,normal
31.3,-25.06552,-23.94032,-1.12521,-12.49436,-11.8845,-0.60986,2.999,2.9946,43.74,0.00301,0.3,normal
31.31,-25.40201,-24.25,-1.15201,-12.61754,-12.04115,-0.57639,3.025,2.9689,43.71,0.00374,0.3,normal
31.32,-25.73908,-24.56041,-1.17868,-12.74139,-12.20216,-0.53923,3.0213,3.0,43.7,0.00176,0.3,normal
31.33,-26.07666,-24.85993,-1.21673,-12.86592,-12.35395,-0.51197,3.0271,3.0,43.87,0.00169,0.3,normal
31.34,-26.41466,-25.16146,-1.2532,-12.99112,-12.50794,-0.48318,2.9886,2.9938,44.0,0.00318,0.3,normal
31.35,-26.75303,-25.45251,-1.30052,-13.117,-12.65179,-0.46522,2.9964,3.0,44.08,0.00263,0.3,normal
31.36,-27.09167,-25.74537,-1.3463,-13.24357,-12.79845,-0.44511,3.0044,3.0,43.82,0.00183,0.3,normal
31.37,-27.43053,-26.02593,-1.40459,-13.37081,-12.93494,-0.43586,3.0034,2.9992,43.89,0.0035,0.3,normal
31.38,-27.76951,-26.30851,-1.461,-13.49873,-13.07081,-0.42791,3.0108,2.9868,43.89,0.00871,0.3,normal
31.39,-28.10856,-26.63566,-1.4729,-13.62732,-13.19779,-0.42954,2.9934,2.9793,43.81,0.00865,0.3,normal
31.4,-28.44758,-26.98947,-1.45812,-13.7566,-13.32491,-0.43169,3.0045,2.9866,44.03,0.00338,0.3,normal
31.41,-28.78651,-27.3376,-1.44891,-13.88655,-13.44141,-0.44514,2.9983,3.0,43.98,0.00257,0.3,normal
31.42,-29.12527,-27.68826,-1.43701,-14.01717,-13.56128,-0.4559,3.0058,2.9847,43.95,0.00173,0.3,normal
31.43,-29.46377,-28.02852,-1.43525,-14.14847,-13.66774,-0.48073,2.984,3.0,43.99,0.00318,0.3,normal
31.44,-29.80195,-28.37042,-1.43153,-14.28043,-13.77747,-0.50296,2.9968,3.0,44.04,0.00212,0.3,normal
31.45,-30.13973,-28.7011,-1.43863,-14.41305,-13.88068,-0.53237,3.0025,3.0,44.04,0.00154,0.3,normal
31.46,-30.47702,-29.03199,-1.44503,-14.54634,-13.98944,-0.55689,3.0043,3.0,43.83,0.00254,0.3,normal
31.47,-30.81375,-29.35032,-1.46343,-14.68027,-14.09452,-0.58575,3.0121,2.9961,44.1,0.00264,0.3,normal
31.48,-31.14985,-29.67132,-1.47852,-14.81486,-14.20258,-0.61228,3.0233,2.9972,44.01,0.00157,0.3,normal
31.49,-31.48522,-29.98012,-1.5051,-14.9501,-14.30125,-0.64884,3.0025,3.0,43.91,0.00583,0.3,normal
31.5,-31.81981,-30.30401,-1.51579,-15.08597,-14.40422,-0.68175,2.987,2.9869,44.02,0.00532,0.3,normal
31.51,-32.15352,-30.64836,-1.50516,-15.22248,-14.50144,-0.72103,2.9785,3.0,44.04,0.00182,0.3,normal
31.52,-32.48628,-30.99304,-1.49323,-15.35961,-14.60509,-0.75451,3.0038,2.9903,44.16,0.00246,0.3,normal
31.53,-32.81801,-31.32244,-1.49556,-15.49736,-14.70207,-0.79529,2.999,3.0,43.85,0.0036,0.3,normal
31.54,-33.14863,-31.65151,-1.49713,-15.63571,-14.8067,-0.82901,3.0008,3.0,44.21,0.01085,0.3,normal
31.55,-33.47807,-31.97063,-1.50744,-15.77468,-14.98516,-0.78951,3.0161,2.9962,44.02,0.01453,0.3,normal
31.56,-33.80625,-32.29625,-1.51001,-15.91423,-15.18838,-0.72585,2.3417,3.0,43.95,0.005,0.3,normal
31.57,-34.13309,-32.64859,-1.48451,-16.05437,-15.38171,-0.67265,3.0183,3.0,43.96,0.00201,0.3,normal
31.58,-34.45852,-32.99938,-1.45914,-16.19508,-15.57752,-0.61756,2.9985,2.9929,43.89,0.00391,0.3,normal
31.59,-34.78245,-33.33715,-1.4453,-16.33636,-15.76076,-0.5756,3.0139,3.0,43.79,0.00378,0.3,normal
31.6,-35.10481,-33.67385,-1.43096,-16.47819,-15.94645,-0.53173,2.9919,3.0,44.16,0.0024,0.3,normal
31.61,-35.42553,-33.99721,-1.42831,-16.62056,-16.12063,-0.49994,2.9836,3.0,44.36,0.00322,0.3,normal
31.62,-35.74452,-34.32241,-1.42211,-16.76347,-16.29623,-0.46723,3.0179,2.9894,43.83,0.00399,0.3,normal
31.63,-36.06171,-34.63688,-1.42483,-16.90689,-16.46075,-0.44614,3.0135,2.9956,43.94,0.00475,0.3,normal
31.64,-36.37703,-34.95537,-1.42166,-17.05082,-16.62955,-0.42127,2.2275,2.9951,44.2,0.00507,0.3,normal
31.65,-36.6904,-35.30788,-1.38252,-17.19524,-16.79134,-0.4039,2.9947,3.0,44.09,0.0032,0.3,normal
31.66,-37.00175,-35.66272,-1.33904,-17.34015,-16.95557,-0.38458,3.0196,3.0,44.23,0.0026,0.3,normal
31.67,-37.31101,-36.00706,-1.30395,-17.48552,-17.10819,-0.37732,2.9787,3.0,44.1,0.00281,0.3,normal
31.68,-37.61809,-36.35461,-1.26348,-17.63134,-17.25973,-0.37161,3.0096,2.9806,44.03,0.00344,0.3,normal
31.69,-37.92293,-36.69142,-1.23151,-17.7776,-17.39871,-0.37889,3.0008,3.0,44.09,0.00281,0.3,normal
31.7,-38.22546,-37.03067,-1.19479,-17.92428,-17.53827,-0.38601,3.0036,3.0,43.78,0.0018,0.3,normal
31.71,-38.5256,-37.35816,-1.16744,-18.07137,-17.6672,-0.40416,3.0156,3.0,43.97,0.00375,0.3,normal
31.72,-38.82329,-37.68665,-1.13663,-18.21885,-17.7986,-0.42025,2.9712,2.9822,44.29,0.00125,0.3,normal
31.73,-39.11844,-38.00818,-1.11026,-18.3667,-17.92362,-0.44308,2.9807,2.9901,44.33,0.00157,0.3,normal
31.74,-39.411,-38.33312,-1.07789,-18.51492,-18.05167,-0.46325,2.9787,3.0,44.37,0.00387,0.3,normal
31.75,-39.7009,-38.64867,-1.05223,-18.66347,-18.16798,-0.49549,3.0152,3.0,44.24,0.00231,0.3,normal
31.76,-39.98806,-38.96497,-1.02309,-18.81234,-18.28798,-0.52436,2.9995,3.0,43.84,0.00163,0.3,normal
31.77,-40.27242,-39.27251,-0.99991,-18.96152,-18.39953,-0.56199,2.9883,2.9817,44.09,0.00385,0.3,normal
31.78,-40.55392,-39.58067,-0.97325,-19.11099,-18.51045,-0.60054,2.9897,3.0,44.39,0.00305,0.3,normal
31.79,-40.83248,-39.87592,-0.95656,-19.26072,-18.61452,-0.6462,2.9978,2.9946,44.44,0.00211,0.3,normal
31.8,-41.10805,-40.17147,-0.93658,-19.4107,-18.72278,-0.68792,3.015,3.0,44.41,0.00249,0.3,normal
31.81,-41.38055,-40.45658,-0.92397,-19.5609,-18.82394,-0.73696,2.9834,3.0,44.17,0.0013,0.3,normal
31.82,-41.64993,-40.74516,-0.90477,-19.71132,-18.93111,-0.78021,2.9881,3.0,44.02,0.00077,0.3,normal
31.83,-41.91613,-41.02443,-0.8917,-19.86192,-19.03372,-0.82821,2.9769,2.9742,44.21,0.00219,0.3,normal
31.84,-42.17908,-41.30604,-0.87304,-20.01269,-19.14121,-0.87149,3.0015,2.9923,44.23,0.00246,0.3,normal
31.85,-42.43872,-41.5773,-0.86142,-20.16361,-19.24294,-0.92067,2.9957,2.9913,44.47,0.00097,0.3,normal
31.86,-42.695,-41.84846,-0.84655,-20.31465,-19.34936,-0.96528,3.001,2.9761,44.27,0.00885,0.3,normal
31.87,-42.94786,-42.10703,-0.84083,-20.46579,-19.48673,-0.97906,3.0049,3.0,44.25,0.0084,0.3,normal
31.88,-43.19724,-42.36626,-0.83097,-20.61701,-19.65365,-0.96336,2.995,2.9924,44.26,0.0015,0.3,normal
31.89,-43.44308,-42.6142,-0.82888,-20.76828,-19.8136,-0.95468,2.994,3.0,44.32,0.00298,0.3,normal
31.9,-43.68533,-42.86159,-0.82375,-20.91959,-19.97813,-0.94146,3.0104,2.9925,44.36,0.004,0.3,normal
31.91,-43.92395,-43.09745,-0.82649,-21.07091,-20.12974,-0.94118,3.0061,2.9975,44.16,0.00199,0.3,normal
31.92,-44.15886,-43.3347,-0.82416,-21.22222,-20.28542,-0.9368,3.0088,3.0,44.11,0.00295,0.3,normal
31.93,-44.39003,-43.55751,-0.83252,-21.37349,-20.43329,-0.9402,3.0059,2.9876,44.48,0.00332,0.3,normal
31.94,-44.61741,-43.78201,-0.8354,-21.5247,-20.58458,-0.94012,2.9889,3.0,44.04,0.00191,0.3,normal
31.95,-44.84094,-43.99506,-0.84589,-21.67582,-20.72646,-0.94936,3.0095,3.0,44.54,0.00356,0.3,normal
31.96,-45.06059,-44.20782,-0.85277,-21.82683,-20.86927,-0.95755,2.9955,2.9912,44.01,0.00403,0.3,normal
31.97,-45.27629,-44.40862,-0.86767,-21.9777,-20.9998,-0.9779,2.9844,3.0,44.21,0.00256,0.3,normal
31.98,-45.48801,-44.61169,-0.87632,-22.12841,-21.13192,-0.99649,3.0159,2.9873,44.45,0.00163,0.3,normal
31.99,-45.69571,-44.80165,-0.89406,-22.27894,-21.26101,-1.01793,2.9961,3.0,44.31,0.0063,0.3,normal
32.0,-45.89935,-44.99087,-0.90848,-22.42925,-21.42091,-1.00834,3.0051,2.9567,44.12,0.00328,0.3,normal
32.01,-46.09887,-45.16765,-0.93122,-22.57931,-21.5726,-1.00671,2.9798,2.9778,44.38,0.0033,0.3,normal
32.02,-46.29425,-45.34389,-0.95036,-22.72912,-21.72266,-1.00646,3.0042,2.991,44.34,0.00568,0.3,normal
32.03,-46.48544,-45.52148,-0.96396,-22.87862,-21.86461,-1.01402,2.9763,3.0,44.3,0.00486,0.3,normal
32.04,-46.67242,-45.73521,-0.93721,-23.02781,-22.0164,-1.01141,3.0209,3.0,44.24,0.00211,0.3,normal
32.05,-46.85513,-45.93834,-0.91679,-23.17665,-22.16252,-1.01413,2.9958,3.0,44.34,0.00422,0.3,normal
32.06,-47.03356,-46.14135,-0.89221,-23.32511,-22.32661,-0.9985,3.0183,2.9675,44.26,0.00307,0.3,normal
32.07,-47.20767,-46.33344,-0.87423,-23.47317,-22.47543,-0.99774,3.0042,3.0,44.72,0.00296,0.3,normal
32.08,-47.37742,-46.52659,-0.85082,-23.62079,-22.62946,-0.99133,2.9819,3.0,44.32,0.00511,0.3,normal
32.09,-47.54279,-46.708,-0.83479,-23.76796,-22.79343,-0.97453,2.9884,3.0,44.31,0.00314,0.3,normal
32.1,-47.70375,-46.89076,-0.81299,-23.91464,-22.9609,-0.95373,3.0115,3.0,44.29,0.002,0.3,normal
32.11,-47.86027,-47.06015,-0.80012,-24.0608,-23.11888,-0.94191,3.0241,2.99,44.64,0.00394,0.3,normal
32.12,-48.01233,-47.23106,-0.78127,-24.20641,-23.28101,-0.9254,3.0142,2.9937,44.13,0.00269,0.3,normal
32.13,-48.15991,-47.38913,-0.77078,-24.35145,-23.43624,-0.91521,3.0091,3.0,44.44,0.00148,0.3,normal
32.14,-48.30298,-47.54817,-0.75481,-24.49588,-23.59694,-0.89894,2.9881,2.9873,44.35,0.00245,0.3,normal
32.15,-48.44152,-47.69673,-0.74479,-24.63968,-23.74807,-0.89161,2.969,3.0,44.18,0.00236,0.3,normal
32.16,-48.57552,-47.84708,-0.72844,-24.78281,-23.90198,-0.88083,2.9936,2.9946,44.27,0.00219,0.3,normal
32.17,-48.70495,-47.98894,-0.71601,-24.92525,-24.04184,-0.88341,2.9912,2.989,44.45,0.00361,0.3,normal
32.18,-48.8298,-48.13081,-0.69899,-25.06697,-24.1864,-0.88057,2.9953,2.9834,44.28,0.00266,0.3,normal
32.19,-48.95007,-48.26075,-0.68932,-25.20794,-24.32192,-0.88603,3.0069,2.9975,44.45,0.00628,0.3,normal
32.2,-49.06572,-48.39121,-0.67451,-25.34813,-24.50467,-0.84346,3.0214,2.984,44.67,0.00741,0.3,normal
32.21,-49.17676,-48.50922,-0.66754,-25.4875,-24.69145,-0.79604,2.9711,3.0,44.44,0.00296,0.3,normal
32.22,-49.28317,-48.63134,-0.65184,-25.62603,-24.87967,-0.74636,2.9912,3.0,44.2,0.00138,0.3,normal
32.23,-49.38495,-48.75195,-0.633,-25.76368,-25.06025,-0.70343,3.0352,3.0,44.3,0.00175,0.3,normal
32.24,-49.48209,-48.87859,-0.6035,-25.90043,-25.24739,-0.65305,2.9961,3.0,44.39,0.00339,0.3,normal
32.25,-49.57458,-48.99407,-0.58051,-26.03625,-25.42288,-0.61337,3.0125,2.9736,44.38,0.00157,0.3,normal
32.26,-49.66242,-49.11132,-0.5511,-26.1711,-25.59969,-0.57142,2.9809,2.9951,44.46,0.00262,0.3,normal
32.27,-49.74561,-49.21777,-0.52785,-26.30496,-25.76703,-0.53793,3.0047,3.0,44.49,0.00392,0.3,normal
32.28,-49.82416,-49.32548,-0.49868,-26.43779,-25.93581,-0.50199,3.0159,3.0,44.71,0.00217,0.3,normal
32.29,-49.89805,-49.42226,-0.47579,-26.56957,-26.09554,-0.47402,3.0055,3.0,44.45,0.0017,0.3,normal
32.3,-49.96729,-49.52241,-0.44489,-26.70026,-26.25807,-0.44219,3.0097,2.9948,44.28,0.00245,0.3,normal
32.31,-50.0319,-49.61493,-0.41696,-26.82983,-26.41281,-0.41702,2.9765,3.0,44.63,0.00146,0.3,normal
32.32,-50.09187,-49.71344,-0.37843,-26.95825,-26.56998,-0.38827,3.0295,2.9948,44.65,0.00207,0.3,normal
32.33,-50.14721,-49.80131,-0.3459,-27.08549,-26.71886,-0.36663,2.9979,3.0,44.5,0.00307,0.3,normal
32.34,-50.19793,-49.8928,-0.30513,-27.21152,-26.87173,-0.3398,3.0191,2.9712,44.43,0.00118,0.3,normal
32.35,-50.24405,-49.97982,-0.26423,-27.33632,-27.01271,-0.32361,2.9996,3.0,44.57,0.00102,0.3,normal
32.36,-50.28557,-50.0725,-0.21307,-27.45984,-27.15661,-0.30323,2.9967,3.0,44.45,0.00313,0.3,normal
32.37,-50.32251,-50.15787,-0.16464,-27.58206,-27.29025,-0.29181,3.0074,3.0,44.18,0.00187,0.3,normal
32.38,-50.35488,-50.24855,-0.10633,-27.70295,-27.42565,-0.2773,2.9824,2.9715,44.57,0.00159,0.3,normal
32.39,-50.3827,-50.33359,-0.04912,-27.82247,-27.55077,-0.27171,2.988,2.9907,44.63,0.00335,0.3,normal
32.4,-50.406,-50.42193,0.01594,-27.94061,-27.67652,-0.26408,2.9939,3.0,44.71,0.00169,0.3,normal
32.41,-50.42478,-50.50557,0.08079,-28.05732,-27.79186,-0.26545,3.0153,3.0,44.39,0.00108,0.3,normal
32.42,-50.43907,-50.59374,0.15467,-28.17257,-27.90741,-0.26516,3.0041,3.0,44.54,0.01931,0.3,normal
32.43,-50.4489,-50.58264,0.13375,-28.28634,-28.01094,-0.27541,2.9948,2.986,44.55,0.01658,0.3,normal
32.44,-50.45428,-50.51715,0.06287,-28.3986,-28.11922,-0.27939,3.0035,3.0,44.53,0.01265,0.3,normal
32.45,-50.45525,-50.53437,0.07912,-28.50932,-28.22234,-0.28698,3.0142,3.0,44.54,0.01396,0.3,normal
32.46,-50.45183,-50.59565,0.14381,-28.61846,-28.33206,-0.28641,2.9967,3.0,44.53,0.00122,0.3,normal
32.47,-50.44405,-50.65079,0.20674,-28.726,-28.43633,-0.28967,3.0096,3.0,44.56,0.00191,0.3,normal
32.48,-50.43194,-50.70606,0.27411,-28.83191,-28.54597,-0.28595,2.9935,2.9965,44.64,0.00474,0.3,normal
32.49,-50.41554,-50.7341,0.31856,-28.93616,-28.64655,-0.28961,3.0156,3.0,44.72,0.00515,0.3,normal
32.5,-50.39487,-50.75373,0.35887,-29.03872,-28.75317,-0.28554,2.9841,2.9808,44.43,0.00457,0.3,normal
32.51,-50.36996,-50.73886,0.36889,-29.13955,-28.85438,-0.28517,2.9937,2.9927,44.52,0.00507,0.3,normal
32.52,-50.34087,-50.7234,0.38253,-29.23864,-28.96141,-0.27723,2.9842,3.0,44.49,0.00192,0.3,normal
32.53,-50.30761,-50.7005,0.39289,-29.33595,-29.06035,-0.2756,2.9878,3.0,44.47,0.0,0.3,normal
32.54,-50.27024,-50.68538,0.41514,-29.43146,-29.16442,-0.26704,2.9952,3.0,44.32,0.00577,0.3,normal
32.55,-50.22878,-50.65629,0.42751,-29.52513,-29.26211,-0.26301,3.0279,2.9749,44.57,0.00644,0.3,normal
32.56,-50.18329,-50.59575,0.41246,-29.61694,-29.36457,-0.25237,2.9795,3.0,44.64,0.00041,0.3,normal
32.57,-50.1338,-50.52776,0.39396,-29.70686,-29.46085,-0.24601,3.0238,2.9814,44.55,0.00207,0.3,normal
32.58,-50.08036,-50.46538,0.38502,-29.79486,-29.56552,-0.22934,2.9641,2.9885,44.58,0.00262,0.3,normal
32.59,-50.02301,-50.39551,0.3725,-29.88092,-29.66555,-0.21537,3.0024,3.0,44.65,0.00031,0.3,normal
32.6,-49.9618,-50.33015,0.36835,-29.96501,-29.77087,-0.19414,3.0033,2.9883,44.81,0.00161,0.3,normal
32.61,-49.89678,-50.25875,0.36197,-30.0471,-29.86742,-0.17968,2.9987,3.0,44.54,0.0026,0.3,normal
32.62,-49.82798,-50.19454,0.36655,-30.12717,-29.96781,-0.15936,3.0028,2.9956,44.43,0.00299,0.3,normal
32.63,-49.75548,-50.12613,0.37065,-30.20518,-30.05955,-0.14564,2.9913,2.6952,44.6,0.00346,0.3,normal
32.64,-49.6793,-50.06496,0.38565,-30.28112,-30.13546,-0.14566,3.0242,2.9765,44.9,0.00261,0.3,normal
32.65,-49.59952,-49.99469,0.39518,-30.35496,-30.20018,-0.15478,2.9735,2.9932,44.45,0.00014,0.3,normal
32.66,-49.51617,-49.93091,0.41474,-30.42667,-30.27249,-0.15418,2.9815,2.993,44.73,0.00119,0.3,normal
32.67,-49.42931,-49.85875,0.42944,-30.49622,-30.34005,-0.15617,2.9821,3.0,44.81,0.00201,0.3,normal
32.68,-49.339,-49.79357,0.45456,-30.5636,-30.415,-0.1486,3.0026,3.0,44.29,0.00104,0.3,normal
32.69,-49.2453,-49.72462,0.47932,-30.62878,-30.48363,-0.14516,2.9791,2.9856,44.71,0.00089,0.3,normal
32.7,-49.14826,-49.66217,0.51391,-30.69173,-30.55777,-0.13397,2.9938,2.9752,44.74,0.00561,0.3,normal
32.71,-49.04793,-49.58458,0.53664,-30.75244,-30.62367,-0.12876,2.9948,3.0,44.62,0.00465,0.3,normal
32.72,-48.94439,-49.48334,0.53896,-30.81087,-30.69466,-0.1162,3.0206,2.9721,44.57,0.00091,0.3,normal
32.73,-48.83768,-49.37648,0.5388,-30.867,-30.75867,-0.10833,3.0051,3.0,44.58,0.00277,0.3,normal
32.74,-48.72787,-49.28426,0.55639,-30.92082,-30.82789,-0.09293,2.994,2.9967,44.63,0.00297,0.3,normal
32.75,-48.61502,-49.19001,0.57499,-30.97229,-30.88742,-0.08487,3.003,2.9882,44.64,0.00792,0.3,normal
32.76,-48.49919,-49.0969,0.59771,-31.02141,-30.92235,-0.09906,2.9876,3.0,44.61,0.00863,0.3,normal
32.77,-48.38045,-48.97608,0.59564,-31.06814,-30.93727,-0.13087,3.013,3.0,44.64,0.00229,0.3,normal
32.78,-48.25886,-48.86616,0.6073,-31.11246,-30.96188,-0.15059,2.9767,3.0,44.88,0.00086,0.3,normal
32.79,-48.13448,-48.75642,0.62195,-31.15436,-30.97827,-0.1761,3.0129,2.9783,44.52,0.00993,0.3,normal
32.8,-48.00738,-48.59144,0.58406,-31.19382,-30.99797,-0.19585,3.0037,3.0,44.45,0.00948,0.3,normal
32.81,-47.87763,-48.40796,0.53033,-31.23081,-31.00983,-0.22098,2.9913,3.0,44.9,0.00226,0.3,normal
32.82,-47.74528,-48.23907,0.49379,-31.26531,-31.0287,-0.23661,2.9974,2.9875,44.7,0.00309,0.3,normal
32.83,-47.61042,-48.07119,0.46077,-31.29731,-31.03895,-0.25837,3.0192,3.0,44.67,0.002,0.3,normal
32.84,-47.47311,-47.9127,0.43958,-31.32679,-31.05797,-0.26882,3.0123,2.9878,44.72,0.00116,0.3,normal
32.85,-47.33342,-47.75077,0.41736,-31.35373,-31.07165,-0.28207,3.0098,2.9749,44.77,0.0021,0.3,normal
32.86,-47.19141,-47.59874,0.40733,-31.37811,-31.09081,-0.28729,3.0056,2.9782,44.67,0.00336,0.3,normal
32.87,-47.04715,-47.44723,0.40008,-31.39991,-31.1034,-0.29651,3.009,2.9931,44.83,0.00176,0.3,normal
32.88,-46.90072,-47.30813,0.40741,-31.41912,-31.11995,-0.29918,3.0109,2.9987,44.62,0.00256,0.3,normal
32.89,-46.75219,-47.16688,0.41469,-31.43573,-31.12915,-0.30658,3.0027,2.9907,44.72,0.00387,0.3,normal
32.9,-46.60162,-47.03747,0.43585,-31.44971,-31.14048,-0.30922,3.0008,2.9796,44.44,0.00176,0.3,normal
32.91,-46.44909,-46.90508,0.45598,-31.46105,-31.14239,-0.31866,3.0188,2.9955,44.96,0.00188,0.3,normal
32.92,-46.29468,-46.78414,0.48947,-31.46973,-31.14877,-0.32097,3.0062,3.0,44.76,0.00292,0.3,normal
32.93,-46.13844,-46.66236,0.52392,-31.47575,-31.14911,-0.32665,3.0228,2.9892,44.89,0.00044,0.3,normal
32.94,-45.98046,-46.55219,0.57173,-31.47909,-31.15528,-0.32381,3.0223,3.0,44.87,0.00196,0.3,normal
32.95,-45.82081,-46.44088,0.62007,-31.47973,-31.1563,-0.32342,2.9926,2.9915,44.88,0.00262,0.3,normal
32.96,-45.65955,-46.34017,0.68062,-31.47766,-31.16241,-0.31525,3.0343,2.9908,44.81,0.00274,0.3,normal
32.97,-45.49677,-46.20475,0.70798,-31.47287,-31.16374,-0.30913,2.9823,2.9881,44.87,0.01038,0.3,normal
32.98,-45.33254,-46.06779,0.73525,-31.46535,-31.16989,-0.29546,3.0111,2.9989,44.68,0.00883,0.3,normal
32.99,-45.16692,-45.86755,0.70062,-31.45509,-31.17114,-0.28395,3.0139,2.9961,44.65,0.0013,0.3,normal
33.0,-45.0,-45.67631,0.67631,-31.44207,-31.1794,-0.26267,2.9968,2.9834,44.82,0.00135,0.3,normal
33.01,-44.83184,-45.48075,0.64891,-31.42629,-31.17925,-0.24703,2.9805,3.0,44.74,0.00315,0.3,normal
33.02,-44.66253,-45.2967,0.63417,-31.40773,-31.1867,-0.22103,2.9872,2.9894,45.06,0.00229,0.3,normal
33.03,-44.49212,-45.10963,0.61751,-31.38639,-31.18501,-0.20138,3.0118,2.9745,44.91,0.00146,0.3,normal
33.04,-44.32071,-44.93236,0.61165,-31.36225,-31.18823,-0.17402,2.9925,2.9949,44.75,0.00238,0.3,normal
33.05,-44.14835,-44.75053,0.60217,-31.33532,-31.18558,-0.14975,3.0114,2.9929,44.83,0.00125,0.3,normal
33.06,-43.97513,-44.5769,0.60177,-31.30558,-31.1897,-0.11588,3.0291,3.0,44.89,0.00166,0.3,normal
33.07,-43.80111,-44.40176,0.60064,-31.27302,-31.18844,-0.08458,3.0054,3.0,44.87,0.00304,0.3,normal
33.08,-43.62638,-44.23729,0.61092,-31.23765,-31.19294,-0.04471,2.9935,2.9963,44.93,0.00145,0.3,normal
33.09,-43.45099,-44.06882,0.61783,-31.19944,-31.18991,-0.00954,2.9868,2.9925,44.9,0.00175,0.3,normal
33.1,-43.27504,-43.91144,0.63641,-31.15841,-31.19534,0.03693,3.0123,3.0,44.69,0.00368,0.3,normal
33.11,-43.09857,-43.75325,0.65468,-31.11454,-31.19716,0.08262,2.9995,2.9736,44.58,0.00274,0.3,normal
33.12,-42.92168,-43.60713,0.68545,-31.06782,-31.20465,0.13683,2.9805,3.0,44.85,0.0012,0.3,normal
33.13,-42.74443,-43.45936,0.71492,-31.01826,-31.20389,0.18563,3.0256,2.9982,45.0,0.00342,0.3,normal
33.14,-42.5669,-43.32082,0.75392,-30.96586,-31.21049,0.24463,2.9891,2.9873,44.87,0.00326,0.3,normal
33.15,-42.38914,-43.18096,0.79182,-30.9106,-31.21257,0.30197,3.0077,2.9895,45.11,0.01,0.3,normal
33.16,-42.21125,-42.96972,0.75848,-30.85249,-31.22237,0.36988,3.0047,3.0,44.93,0.01881,0.3,normal
33.17,-42.03327,-42.73864,0.70537,-30.79153,-31.15239,0.36086,3.0061,3.0,45.15,0.01034,0.3,normal
33.18,-41.85529,-42.52212,0.66683,-30.72771,-31.08266,0.35495,3.0131,3.0,45.12,0.00147,0.3,normal
33.19,-41.67738,-42.30439,0.62702,-30.66104,-31.00558,0.34454,2.9898,2.9901,45.11,0.00323,0.3,normal
33.2,-41.49959,-42.09817,0.59858,-30.59151,-30.93056,0.33905,2.9984,2.9794,44.78,0.00318,0.3,normal
33.21,-41.32201,-41.88953,0.56752,-30.51914,-30.84765,0.32851,3.0051,2.9863,44.97,0.00064,0.3,normal
33.22,-41.14469,-41.6907,0.546,-30.44391,-30.76733,0.32342,3.0018,3.0,45.16,0.00247,0.3,normal
33.23,-40.96771,-41.48931,0.5216,-30.36583,-30.67854,0.31271,2.982,2.9769,45.02,0.00316,0.3,normal
33.24,-40.79113,-41.3008,0.50967,-30.2849,-30.59636,0.31146,2.9662,3.0,45.07,0.00113,0.3,normal
33.25,-40.61502,-41.11164,0.49662,-30.20113,-30.50793,0.3068,3.0101,3.0,44.78,0.00278,0.3,normal
33.26,-40.43944,-40.9342,0.49476,-30.11452,-30.43096,0.31644,2.992,3.0,45.28,0.00374,0.3,normal
33.27,-40.26445,-40.75892,0.49447,-30.02508,-30.34712,0.32204,3.0041,2.9829,44.88,0.00184,0.3,normal
33.28,-40.09012,-40.59343,0.50331,-29.9328,-30.26901,0.33621,3.0009,2.9996,44.71,0.00233,0.3,normal
33.29,-39.91652,-40.42726,0.51075,-29.8377,-30.18398,0.34628,3.0197,2.9822,44.96,0.00327,0.3,normal
33.3,-39.74369,-40.27199,0.5283,-29.73979,-30.10867,0.36889,2.9871,2.9886,44.65,0.00174,0.3,normal
33.31,-39.57171,-40.11424,0.54252,-29.63906,-30.02806,0.389,2.9707,3.0,44.86,0.00197,0.3,normal
33.32,-39.40064,-39.96913,0.56849,-29.53552,-29.95355,0.41803,2.9929,2.9892,45.41,0.00345,0.3,normal
33.33,-39.23053,-39.823,0.59248,-29.42919,-29.87134,0.44214,3.007,3.0,44.98,0.00195,0.3,normal
33.34,-39.06144,-39.68829,0.62685,-29.32008,-29.79877,0.4787,3.0126,2.9997,44.82,0.00246,0.3,normal
33.35,-38.89343,-39.55312,0.65969,-29.20818,-29.72215,0.51397,3.0058,2.9923,45.05,0.00243,0.3,normal
33.36,-38.72655,-39.42831,0.70176,-29.09352,-29.65142,0.55791,2.9895,3.0,44.91,0.00245,0.3,normal
33.37,-38.56086,-39.30515,0.74429,-28.97609,-29.57205,0.59596,2.9983,3.0,45.18,0.00208,0.3,normal
33.38,-38.39642,-39.19575,0.79933,-28.85592,-29.49864,0.64272,2.9895,2.9859,44.93,0.01363,0.3,normal
33.39,-38.23328,-38.96013,0.72685,-28.73301,-29.41762,0.68462,2.9933,2.9824,45.11,0.0117,0.3,normal
33.4,-38.07148,-38.73585,0.66436,-28.60737,-29.34248,0.73511,2.9908,3.0,44.9,0.00444,0.3,normal
33.41,-37.91109,-38.51184,0.60075,-28.47903,-29.23248,0.75345,2.9888,3.0,45.47,0.00589,0.3,normal
33.42,-37.75215,-38.29859,0.54644,-28.34798,-29.12681,0.77883,2.988,3.0,45.16,0.01072,0.3,normal
33.43,-37.59471,-38.09223,0.49752,-28.21425,-29.01366,0.79941,1.7295,3.0,45.07,0.0093,0.3,normal
33.44,-37.43881,-37.96771,0.5289,-28.07784,-28.90556,0.82772,3.0017,2.9972,45.05,0.00488,0.3,normal
33.45,-37.28451,-37.84427,0.55976,-27.93878,-28.79098,0.8522,2.9956,2.665,45.01,0.00374,0.3,normal
33.46,-37.13185,-37.73097,0.59912,-27.79707,-28.66206,0.86499,2.9858,2.9894,44.99,0.00169,0.3,normal
33.47,-36.98087,-37.61746,0.63659,-27.65274,-28.53045,0.87771,2.9727,2.9916,44.99,0.00474,0.3,normal
33.48,-36.83162,-37.51532,0.6837,-27.5058,-28.40124,0.89544,2.9927,2.9893,45.36,0.00395,0.3,normal
33.49,-36.68413,-37.41536,0.73122,-27.35627,-28.25395,0.89768,2.9817,2.9983,45.03,0.01211,0.3,normal
33.5,-36.53846,-37.2281,0.68964,-27.20416,-28.1193,0.91514,2.989,2.9974,44.8,0.01294,0.3,normal
33.51,-36.39463,-37.0153,0.62067,-27.04949,-27.9781,0.92861,2.9869,2.9995,44.95,0.00436,0.3,normal
33.52,-36.25269,-36.8162,0.56351,-26.89228,-27.82951,0.93723,3.0216,3.0,45.27,0.00281,0.3,normal
33.53,-36.11266,-36.61528,0.50262,-26.73255,-27.67535,0.9428,2.9733,3.0,45.1,0.00308,0.3,normal
33.54,-35.9746,-36.42894,0.45434,-26.57032,-27.52707,0.95675,3.0098,3.0,45.13,0.00339,0.3,normal
33.55,-35.83852,-36.24211,0.40358,-26.40561,-27.36513,0.95952,2.9795,3.0,45.33,0.00385,0.3,normal
33.56,-35.70447,-36.08055,0.37607,-26.23844,-27.21166,0.97323,3.019,2.8379,45.04,0.00427,0.3,normal
33.57,-35.57247,-35.92043,0.34795,-26.06882,-27.04535,0.97652,2.9777,2.9849,45.26,0.00395,0.3,normal
33.58,-35.44256,-35.77056,0.328,-25.89679,-26.87227,0.97548,3.0117,3.0,45.07,0.00344,0.3,normal
33.59,-35.31476,-35.6231,0.30834,-25.72237,-26.69111,0.96875,2.9969,2.9934,45.26,0.00426,0.3,normal
33.6,-35.18909,-35.49576,0.30667,-25.54556,-26.51936,0.9738,3.0025,2.9974,45.12,0.0034,0.3,normal
33.61,-35.06559,-35.36845,0.30286,-25.36641,-26.34713,0.98073,3.0087,3.0,45.15,0.00153,0.3,normal
33.62,-34.94428,-35.25172,0.30745,-25.18493,-26.18063,0.99571,3.0002,3.0,45.31,0.00326,0.3,normal
33.63,-34.82518,-35.13542,0.31025,-25.00114,-26.00218,1.00104,2.9813,2.9903,45.31,0.00425,0.3,normal
33.64,-34.70831,-35.03172,0.32341,-24.81507,-25.82593,1.01085,2.9929,2.9888,45.17,0.00261,0.3,normal
33.65,-34.59369,-34.92777,0.33409,-24.62675,-25.64768,1.02092,3.0014,3.0,45.13,0.00577,0.3,normal
33.66,-34.48134,-34.83255,0.35122,-24.4362,-25.43647,1.00027,3.025,3.0,45.45,0.00582,0.3,normal
33.67,-34.37127,-34.73186,0.36059,-24.24344,-25.2187,0.97526,3.0036,3.0,45.3,0.00128,0.3,normal
33.68,-34.26351,-34.63926,0.37575,-24.04851,-25.01037,0.96186,3.01,2.9837,45.16,0.00169,0.3,normal
33.69,-34.15806,-34.54473,0.38667,-23.85142,-24.79727,0.94585,2.9995,3.0,45.13,0.00358,0.3,normal
33.7,-34.05494,-34.45696,0.40202,-23.65221,-24.59377,0.94156,2.9792,3.0,45.38,0.00265,0.3,normal
33.71,-33.95416,-34.36745,0.41329,-23.4509,-24.3933,0.94241,2.9803,3.0,45.25,0.00285,0.3,normal
33.72,-33.85573,-34.28875,0.43302,-23.24752,-24.2054,0.95789,3.0204,3.0,45.21,0.00272,0.3,normal
33.73,-33.75965,-34.20262,0.44298,-23.04209,-24.01384,0.97174,3.016,3.0,45.26,0.00222,0.3,normal
33.74,-33.66593,-34.12055,0.45462,-22.83466,-23.83334,0.99868,3.0338,3.0,45.3,0.00136,0.3,normal
33.75,-33.57458,-34.02944,0.45486,-22.62524,-23.65054,1.0253,3.0086,3.0,45.24,0.00811,0.3,normal
33.76,-33.4856,-33.94491,0.45932,-22.41386,-23.41691,1.00305,2.9985,3.0,45.44,0.00712,0.3,normal
33.77,-33.39898,-33.85362,0.45464,-22.20056,-23.17493,0.97437,3.0054,3.0,45.45,0.00176,0.3,normal
33.78,-33.31474,-33.76792,0.45317,-21.98536,-22.94556,0.9602,2.9996,3.0,45.35,0.00363,0.3,normal
33.79,-33.23287,-33.67539,0.44251,-21.7683,-22.71473,0.94643,2.9899,2.9928,45.48,0.00199,0.3,normal
33.8,-33.15337,-33.58748,0.43411,-21.5494,-22.49516,0.94576,2.9929,2.9937,45.28,0.0003,0.3,normal
33.81,-33.07623,-33.49443,0.41821,-21.3287,-22.27161,0.94291,3.0092,3.0,45.39,0.00328,0.3,normal
33.82,-33.00145,-33.40657,0.40513,-21.10622,-22.06388,0.95766,3.0061,2.9939,45.44,0.0033,0.3,normal
33.83,-32.92901,-33.31248,0.38347,-20.88201,-21.85704,0.97503,2.9957,3.0,45.45,0.00147,0.3,normal
33.84,-32.85892,-33.22635,0.36743,-20.65608,-21.66416,1.00808,2.9926,2.9935,45.44,0.00273,0.3,normal
33.85,-32.79116,-33.13441,0.34325,-20.42848,-21.4705,1.04201,2.9941,3.0,45.4,0.00281,0.3,normal
33.86,-32.72571,-33.05079,0.32507,-20.19924,-21.28467,1.08543,3.0263,2.9846,45.6,0.00194,0.3,normal
33.87,-32.66258,-32.96139,0.29882,-19.96839,-21.08944,1.12106,3.0019,2.7905,45.23,0.00295,0.3,normal
33.88,-32.60173,-32.87891,0.27718,-19.73595,-20.88861,1.15265,2.9904,3.0,45.3,0.00415,0.3,normal
33.89,-32.54316,-32.79142,0.24826,-19.50198,-20.6607,1.15872,3.0216,3.0,45.29,0.00247,0.3,normal
33.9,-32.48684,-32.70611,0.21927,-19.26649,-20.43373,1.16724,2.9771,2.9933,45.27,0.00221,0.3,normal
33.91,-32.43276,-32.61396,0.1812,-19.02953,-20.20619,1.17666,2.9933,2.9894,45.04,0.0021,0.3,normal
33.92,-32.38091,-32.52941,0.1485,-18.79112,-19.98438,1.19326,3.003,2.9771,45.55,0.00022,0.3,normal
33.93,-32.33124,-32.43888,0.10764,-18.55131,-19.75814,1.20683,3.0138,2.9952,45.19,0.0081,0.3,normal
33.94,-32.28375,-32.38234,0.09859,-18.31012,-19.53741,1.22729,3.0024,2.3557,45.38,0.00819,0.3,normal
33.95,-32.23841,-32.3206,0.08219,-18.0676,-19.27382,1.20622,3.0087,3.0,45.14,0.00106,0.3,normal
33.96,-32.19518,-32.26661,0.07142,-17.82377,-19.02058,1.19681,2.9889,2.9887,45.45,0.00145,0.3,normal
33.97,-32.15406,-32.2035,0.04944,-17.57867,-18.76434,1.18567,2.9958,2.9852,45.25,0.00317,0.3,normal
33.98,-32.11499,-32.14743,0.03244,-17.33234,-18.52002,1.18768,2.9573,3.0,45.2,0.00311,0.3,normal
33.99,-32.07796,-32.09098,0.01302,-17.08482,-18.27423,1.18941,2.8614,2.9846,45.4,0.00199,0.3,normal
34.0,-32.04294,-32.04964,0.0067,-16.83613,-18.03711,1.20098,3.0158,3.0,45.27,0.00287,0.3,normal
34.01,-32.00989,-32.00327,-0.00662,-16.58632,-17.79564,1.20932,2.9901,3.0,45.3,0.00237,0.3,normal
34.02,-31.97877,-31.96828,-0.01049,-16.33542,-17.56613,1.23071,2.9729,2.997,45.41,0.00674,0.3,normal
34.03,-31.94955,-31.92882,-0.02074,-16.08347,-17.32969,1.24622,2.9687,2.0059,45.51,0.00886,0.3,normal
34.04,-31.9222,-31.8984,-0.0238,-15.8305,-17.03872,1.20822,2.9966,2.9857,45.28,0.00344,0.3,normal
34.05,-31.89667,-31.86679,-0.02988,-15.57655,-16.7438,1.16725,2.7023,2.9848,45.25,0.00349,0.3,normal
34.06,-31.87293,-31.85736,-0.01557,-15.32166,-16.46362,1.14195,2.9978,3.0,45.41,0.00385,0.3,normal
34.07,-31.85094,-31.84087,-0.01007,-15.06587,-16.18257,1.11671,2.995,2.986,45.49,0.00203,0.3,normal
34.08,-31.83065,-31.83114,0.00048,-14.8092,-15.9128,1.10359,2.9996,2.9995,45.64,0.00078,0.3,normal
34.09,-31.81202,-31.81451,0.00249,-14.5517,-15.63759,1.08588,3.0139,3.0,45.26,0.00313,0.3,normal
34.1,-31.79502,-31.80503,0.01002,-14.29341,-15.3746,1.08119,2.9988,3.0,45.38,0.00225,0.3,normal
34.11,-31.77958,-31.79133,0.01175,-14.03436,-15.11131,1.07695,3.0308,3.0,45.61,0.00171,0.3,normal
34.12,-31.76567,-31.78252,0.01684,-13.77459,-14.86131,1.08672,3.0124,2.9995,45.73,0.00323,0.3,normal
34.13,-31.75325,-31.76499,0.01175,-13.51413,-14.61146,1.09732,3.0096,2.9963,45.29,0.00177,0.3,normal
34.14,-31.74225,-31.75145,0.0092,-13.25303,-14.36921,1.11618,3.0012,3.0,45.33,0.00062,0.3,normal
34.15,-31.73263,-31.73211,-0.00052,-12.99132,-14.12482,1.1335,2.9969,2.9965,45.5,0.00242,0.3,normal
34.16,-31.72435,-31.71812,-0.00623,-12.72904,-13.88977,1.16073,3.0281,2.9851,45.36,0.00204,0.3,normal
34.17,-31.71735,-31.69671,-0.02064,-12.46622,-13.64999,1.18377,3.0049,3.0,45.34,0.00095,0.3,normal
34.18,-31.71157,-31.68383,-0.02773,-12.20291,-13.41888,1.21597,3.0076,2.9841,45.5,0.00247,0.3,normal
34.19,-31.70697,-31.66775,-0.03922,-11.93913,-13.18644,1.2473,3.0207,2.9816,45.7,0.00209,0.3,normal
34.2,-31.70348,-31.65892,-0.04457,-11.67494,-12.96288,1.28795,3.0124,2.9835,45.27,0.00337,0.3,normal
34.21,-31.70106,-31.64406,-0.05701,-11.41035,-12.71668,1.30633,3.0012,2.9893,45.7,0.00567,0.3,normal
34.22,-31.69965,-31.64772,-0.05194,-11.14542,-12.45937,1.31395,2.9579,3.0,45.39,0.00433,0.3,normal
34.23,-31.6992,-31.64835,-0.05084,-10.88018,-12.20182,1.32164,3.0191,2.9845,45.53,0.00071,0.3,normal
34.24,-31.69963,-31.656,-0.04363,-10.61467,-11.95329,1.33862,2.9979,2.9855,45.72,0.00215,0.3,normal
34.25,-31.7009,-31.65818,-0.04272,-10.34891,-11.70195,1.35304,2.985,2.9746,45.54,0.00294,0.3,normal
34.26,-31.70295,-31.66759,-0.03536,-10.08296,-11.46037,1.37741,2.9999,2.9996,45.45,0.00391,0.3,normal
34.27,-31.70571,-31.66799,-0.03771,-9.81684,-11.17615,1.35931,2.9956,2.9811,45.6,0.00456,0.3,normal
34.28,-31.70912,-31.67458,-0.03455,-9.5506,-10.89732,1.34671,2.9915,2.9972,45.48,0.0032,0.3,normal
34.29,-31.71313,-31.67497,-0.03816,-9.28427,-10.61593,1.33166,3.0156,3.0,45.58,0.00153,0.3,normal
34.3,-31.71768,-31.68006,-0.03762,-9.01788,-10.34599,1.32811,2.9949,2.9975,45.48,0.00096,0.3,normal
34.31,-31.72268,-31.67864,-0.04404,-8.75148,-10.07344,1.32196,3.001,2.9862,45.64,0.00335,0.3,normal
34.32,-31.7281,-31.68374,-0.04436,-8.4851,-9.81414,1.32904,3.0107,2.9927,45.31,0.0007,0.3,normal
34.33,-31.73386,-31.6821,-0.05176,-8.21877,-9.55161,1.33284,3.0066,2.9917,45.37,0.00094,0.3,normal
34.34,-31.73989,-31.68645,-0.05343,-7.95253,-9.29751,1.34497,2.9973,2.9931,45.32,0.00324,0.3,normal
34.35,-31.74613,-31.68573,-0.0604,-7.68643,-9.04184,1.35542,3.0081,2.9934,45.52,0.00272,0.3,normal
34.36,-31.75252,-31.6913,-0.06122,-7.42048,-8.79837,1.37789,3.0141,3.0,45.31,0.00284,0.3,normal
34.37,-31.75899,-31.69425,-0.06475,-7.15473,-8.52709,1.37236,2.9759,3.0,45.44,0.00363,0.3,normal
34.38,-31.76548,-31.70452,-0.06096,-6.88922,-8.26475,1.37553,3.0149,2.9937,45.38,0.0025,0.3,normal
34.39,-31.77191,-31.70839,-0.06353,-6.62397,-8.00495,1.38098,3.0018,3.0,45.77,0.0022,0.3,normal
34.4,-31.77822,-31.72119,-0.05703,-6.35903,-7.74426,1.38523,2.9739,2.9713,45.4,0.00421,0.3,normal
34.41,-31.78435,-31.72954,-0.05481,-6.09443,-7.46648,1.37205,2.992,2.9828,45.36,0.00219,0.3,normal
34.42,-31.79022,-31.74695,-0.04327,-5.8302,-7.20084,1.37064,2.9921,3.0,45.6,0.00156,0.3,normal
34.43,-31.79577,-31.75655,-0.03922,-5.56637,-6.93589,1.36952,3.0163,3.0,45.82,0.00292,0.3,normal
34.44,-31.80092,-31.77281,-0.02812,-5.30299,-6.68011,1.37712,2.9973,3.0,45.55,0.00175,0.3,normal
34.45,-31.80562,-31.78633,-0.01928,-5.04008,-6.42037,1.38029,3.0096,2.9067,45.57,9e-05,0.3,normal
34.46,-31.80979,-31.80588,-0.00391,-4.77768,-6.16414,1.38647,3.0208,3.0,45.77,0.00438,0.3,normal
34.47,-31.81336,-31.81778,0.00442,-4.51581,-5.88477,1.36896,2.9935,2.9979,45.71,0.00361,0.3,normal
34.48,-31.81627,-31.83194,0.01568,-4.25453,-5.60793,1.3534,3.0136,3.0,45.65,0.00131,0.3,normal
34.49,-31.81844,-31.84229,0.02385,-3.99385,-5.33149,1.33764,2.9812,2.999,45.5,0.00309,0.3,normal
34.5,-31.81981,-31.86013,0.04032,-3.73381,-5.06898,1.33517,2.9977,3.0,45.66,0.00265,0.3,normal
34.51,-31.8203,-31.87039,0.05009,-3.47443,-4.80312,1.32868,2.9912,3.0,45.39,0.00124,0.3,normal
34.52,-31.81986,-31.88762,0.06776,-3.21577,-4.55041,1.33465,3.0137,3.0,45.51,0.00155,0.3,normal
34.53,-31.8184,-31.89515,0.07675,-2.95783,-4.29337,1.33554,2.9808,2.9918,45.82,0.00569,0.3,normal
34.54,-31.81587,-31.90595,0.09008,-2.70066,-4.04147,1.3408,3.0002,2.5151,45.8,0.00208,0.3,normal
34.55,-31.81218,-31.91119,0.09901,-2.44429,-3.7583,1.31402,2.9803,3.0,45.68,0.00205,0.3,normal
34.56,-31.80729,-31.92175,0.11446,-2.18874,-3.48714,1.2984,2.9916,2.989,45.33,0.00273,0.3,normal
34.57,-31.8011,-31.92643,0.12532,-1.93405,-3.21398,1.27993,3.0138,3.0,45.44,0.00114,0.3,normal
34.58,-31.79357,-31.93995,0.14638,-1.68024,-2.95409,1.27385,3.0212,3.0,45.52,0.00283,0.3,normal
34.59,-31.78461,-31.9479,0.16328,-1.42735,-2.695,1.26765,2.9659,2.9633,45.6,0.00349,0.3,normal
34.6,-31.77417,-31.96443,0.19026,-1.1754,-2.44654,1.27114,2.9966,3.0,45.44,0.00133,0.3,normal
34.61,-31.76217,-31.97586,0.21369,-0.92442,-2.19617,1.27175,3.0053,2.9916,45.6,0.00115,0.3,normal
34.62,-31.74855,-31.99244,0.24388,-0.67445,-1.95283,1.27837,2.9848,3.0,45.91,0.00225,0.3,normal
34.63,-31.73324,-32.00335,0.27011,-0.42551,-1.70803,1.28253,3.0074,2.9775,45.7,0.00273,0.3,normal
34.64,-31.71618,-32.01806,0.30188,-0.17762,-1.45108,1.27347,3.0114,2.9986,45.68,0.00307,0.3,normal
34.65,-31.6973,-32.02594,0.32864,0.06919,-1.18843,1.25763,3.0216,3.0,45.5,0.00245,0.3,normal
34.66,-31.67653,-32.03892,0.36239,0.31489,-0.93343,1.24831,2.9842,3.0,45.41,0.00162,0.3,normal
34.67,-31.65381,-32.04741,0.3936,0.55945,-0.67591,1.23536,3.0104,3.0,45.48,0.00268,0.3,normal
34.68,-31.62908,-32.06659,0.43752,0.80285,-0.43194,1.23478,2.9714,3.0,45.41,0.01532,0.3,normal
34.69,-31.60226,-31.95752,0.35525,1.04506,-0.18819,1.23324,3.005,3.0,45.68,0.01341,0.3,normal
34.7,-31.57331,-31.86236,0.28904,1.28606,0.04307,1.24299,3.0056,3.0,45.73,0.00363,0.3,normal
34.71,-31.54215,-31.76641,0.22426,1.52582,0.29376,1.23206,2.9977,3.0,45.54,0.0032,0.3,normal
34.72,-31.50873,-31.67766,0.16893,1.76432,0.53753,1.22679,3.003,3.0,45.71,0.00612,0.3,normal
34.73,-31.47298,-31.60655,0.13357,2.00154,0.78283,1.21871,3.0015,2.9922,45.91,0.00507,0.3,normal
34.74,-31.43485,-31.56402,0.12918,2.23745,1.02026,1.21719,3.0204,2.9939,45.99,0.00163,0.3,normal
34.75,-31.39426,-31.51535,0.12109,2.47202,1.26313,1.2089,3.0155,2.998,45.82,0.00225,0.3,normal
34.76,-31.35118,-31.47148,0.1203,2.70525,1.49571,1.20954,3.0172,2.9982,45.68,0.00314,0.3,normal
34.77,-31.30552,-31.41609,0.11056,2.9371,1.73908,1.19803,3.0111,3.0,45.82,0.00482,0.3,normal
34.78,-31.25725,-31.36615,0.10889,3.16756,1.995,1.17256,3.0191,2.996,45.92,0.00281,0.3,normal
34.79,-31.2063,-31.31052,0.10422,3.3966,2.25023,1.14637,3.0177,2.9928,45.42,0.00071,0.3,normal
34.8,-31.15262,-31.26058,0.10796,3.6242,2.49526,1.12894,2.9905,3.0,45.95,0.0024,0.3,normal
34.81,-31.09615,-31.20787,0.11173,3.85035,2.74354,1.10681,3.0112,2.9693,45.65,0.00312,0.3,normal
34.82,-31.03683,-31.16349,0.12665,4.07501,2.98186,1.09315,2.9966,3.0,45.65,0.00122,0.3,normal
34.83,-30.97463,-31.11103,0.1364,4.29819,3.21973,1.07845,2.9807,3.0,45.68,0.00269,0.3,normal
34.84,-30.90948,-31.06522,0.15575,4.51985,3.44636,1.07349,2.9815,2.9851,45.79,0.00251,0.3,normal
34.85,-30.84133,-31.01338,0.17206,4.73997,3.67364,1.06633,3.002,3.0,45.58,0.00124,0.3,normal
34.86,-30.77013,-30.96905,0.19892,4.95855,3.88927,1.06929,3.0179,2.9967,45.71,0.00277,0.3,normal
34.87,-30.69584,-30.91821,0.22237,5.17556,4.10629,1.06927,3.0003,3.0,45.84,0.00267,0.3,normal
34.88,-30.6184,-30.87313,0.25473,5.39099,4.31175,1.07924,3.0209,2.9859,45.79,0.0009,0.3,normal
34.89,-30.53778,-30.81921,0.28144,5.60482,4.52206,1.08277,3.023,3.0,45.82,0.00387,0.3,normal
34.9,-30.45392,-30.77241,0.3185,5.81704,4.72602,1.09102,2.9995,2.6258,45.72,0.00392,0.3,normal
34.91,-30.36677,-30.71727,0.3505,6.02762,4.956,1.07163,3.0002,2.99,45.88,0.00185,0.3,normal
34.92,-30.27631,-30.6683,0.39199,6.23657,5.17295,1.06361,2.994,2.9885,45.94,0.00257,0.3,normal
34.93,-30.18248,-30.61156,0.42908,6.44385,5.39381,1.05004,3.0164,2.9769,45.93,0.00186,0.3,normal
34.94,-30.08525,-30.56127,0.47602,6.64947,5.60826,1.04121,3.0179,2.9799,45.85,0.00115,0.3,normal
34.95,-29.98457,-30.50446,0.51989,6.8534,5.82604,1.02735,2.9875,3.0,45.93,0.00175,0.3,normal
34.96,-29.88041,-30.45291,0.5725,7.05563,6.03318,1.02245,2.9998,3.0,45.93,0.00314,0.3,normal
34.97,-29.77273,-30.39513,0.62241,7.25616,6.2428,1.01336,2.9988,2.9986,46.2,0.00056,0.3,normal
34.98,-29.66149,-30.34441,0.68292,7.45497,6.4446,1.01037,3.0041,2.9769,45.99,0.01063,0.3,normal
34.99,-29.54666,-30.18892,0.64227,7.65204,6.65143,1.00062,3.0252,2.9911,45.8,0.01262,0.3,normal
35.0,-29.4282,-30.04328,0.61508,7.84738,6.84809,0.99929,3.0001,3.0,45.68,0.0027,0.3,normal
35.01,-29.30609,-29.89646,0.59037,8.04097,7.04649,0.99448,2.9978,3.0,45.78,0.00201,0.3,normal
35.02,-29.1803,-29.7586,0.5783,8.2328,7.23454,0.99826,3.0017,3.0,45.78,0.00268,0.3,normal
35.03,-29.05079,-29.61684,0.56606,8.42286,7.42714,0.99572,2.9735,2.9886,45.91,0.00228,0.3,normal
35.04,-28.91753,-29.48707,0.56953,8.61114,7.61163,0.9995,2.9974,3.0,45.73,0.00429,0.3,normal
35.05,-28.78051,-29.35529,0.57478,8.79764,7.8344,0.96324,3.0159,2.9895,46.02,0.00597,0.3,normal
35.06,-28.63969,-29.23326,0.59357,8.98235,8.04857,0.93378,2.9873,2.9917,45.64,0.00344,0.3,normal
35.07,-28.49505,-29.11147,0.61642,9.16526,8.26117,0.90409,3.0044,2.9685,45.61,0.0017,0.3,normal
35.08,-28.34658,-28.99722,0.65064,9.34637,8.46304,0.88333,3.0276,3.0,45.84,0.00386,0.3,normal
35.09,-28.19424,-28.87777,0.68353,9.52566,8.66807,0.85759,2.988,3.0,45.74,0.00297,0.3,normal
35.1,-28.03802,-28.76765,0.72963,9.70315,8.86254,0.84061,2.993,3.0,45.68,0.0016,0.3,normal
35.11,-27.87791,-28.65798,0.78007,9.87882,9.05886,0.81996,3.0151,2.9864,45.78,0.01683,0.3,normal
35.12,-27.71388,-28.49696,0.78308,10.05266,9.24687,0.80579,2.9868,3.0,45.77,0.01608,0.3,normal
35.13,-27.54593,-28.24179,0.69586,10.22468,9.43964,0.78503,2.9978,2.992,45.89,0.00768,0.3,normal
35.14,-27.37403,-28.02985,0.65582,10.39486,9.62473,0.77013,2.9821,3.0,45.81,0.00958,0.3,normal
35.15,-27.19818,-27.85032,0.65214,10.56322,9.81244,0.75078,2.986,3.0,45.82,0.003,0.3,normal
35.16,-27.01837,-27.68193,0.66356,10.72975,9.98834,0.74141,2.9916,3.0,45.91,0.00208,0.3,normal
35.17,-26.83458,-27.51233,0.67775,10.89444,10.16457,0.72987,3.015,3.0,46.07,0.00283,0.3,normal
35.18,-26.64681,-27.35161,0.7048,11.05729,10.32833,0.72896,3.02,2.9924,46.14,0.00258,0.3,normal
35.19,-26.45506,-27.18527,0.73021,11.21831,10.49668,0.72163,3.0121,3.0,45.95,0.0014,0.3,normal
35.2,-26.25932,-27.024,0.76467,11.37749,10.65262,0.72487,2.9934,3.0,45.97,0.00337,0.3,normal
35.21,-26.05959,-26.86193,0.80234,11.53484,10.80758,0.72725,2.9995,2.9753,45.91,0.00309,0.3,normal
35.22,-25.85587,-26.71161,0.85574,11.69035,10.95238,0.73798,3.0175,2.9982,46.02,0.00211,0.3,normal
35.23,-25.64815,-26.56135,0.91319,11.84403,11.09956,0.74448,2.9658,2.9937,46.01,0.01194,0.3,normal
35.24,-25.43645,-26.35595,0.91951,11.99589,11.23615,0.75973,3.0286,2.9946,46.15,0.01317,0.3,normal
35.25,-25.22075,-26.10262,0.88187,12.14591,11.37357,0.77234,3.012,2.9783,45.68,0.00971,0.3,normal
35.26,-25.00108,-25.86033,0.85925,12.29411,11.5447,0.74941,2.9966,2.9906,45.93,0.00965,0.3,normal
35.27,-24.77743,-25.6155,0.83807,12.44049,11.76721,0.67329,2.9904,3.0,46.03,0.00341,0.3,normal
35.28,-24.54982,-25.37996,0.83014,12.58506,11.97745,0.60761,3.0243,3.0,45.98,0.00221,0.3,normal
35.29,-24.31825,-25.1436,0.82535,12.72781,12.19023,0.53758,2.9886,3.0,45.85,0.00231,0.3,normal
35.3,-24.08273,-24.91874,0.836,12.86875,12.3938,0.47495,2.9887,3.0,45.8,0.00408,0.3,normal
35.31,-23.84329,-24.69398,0.85069,13.0079,12.59864,0.40925,2.9874,3.0,46.13,0.00292,0.3,normal
35.32,-23.59992,-24.48274,0.88282,13.14524,12.79162,0.35363,3.0014,2.982,45.9,0.00247,0.3,normal
35.33,-23.35265,-24.26985,0.9172,13.2808,12.98803,0.29278,3.0077,2.9938,45.76,0.00421,0.3,normal
35.34,-23.1015,-24.06822,0.96672,13.41458,13.17449,0.24009,2.993,2.9901,46.15,0.00456,0.3,normal
35.35,-22.84649,-23.8665,1.02001,13.54658,13.34726,0.19932,2.9881,2.989,46.1,0.00397,0.3,normal
35.36,-22.58763,-23.67456,1.08693,13.67682,13.50607,0.17075,3.0015,3.0,46.02,0.01206,0.3,normal
35.37,-22.32495,-23.44214,1.11719,13.8053,13.66627,0.13903,2.9951,3.0,45.91,0.01142,0.3,normal
35.38,-22.05847,-23.16317,1.1047,13.93203,13.81117,0.12086,3.0219,3.0,46.04,0.00228,0.3,normal
35.39,-21.78822,-22.88185,1.09363,14.05702,13.9537,0.10331,3.0167,2.983,46.24,0.0048,0.3,normal
35.4,-21.51422,-22.61099,1.09678,14.18027,14.08061,0.09966,2.9825,2.9853,45.82,0.00336,0.3,normal
35.41,-21.2365,-22.33916,1.10266,14.30181,14.20604,0.09577,3.0267,2.9992,45.84,0.00122,0.3,normal
35.42,-20.95509,-22.07464,1.11955,14.42163,14.32039,0.10124,3.012,3.0,45.99,0.00368,0.3,normal
35.43,-20.67003,-21.8062,1.13618,14.53976,14.43643,0.10333,2.9833,3.0,46.08,0.00346,0.3,normal
35.44,-20.38134,-21.55238,1.17105,14.6562,14.54278,0.11342,3.0181,3.0,46.02,0.00312,0.3,normal
35.45,-20.08905,-21.29947,1.21042,14.77095,14.64998,0.12097,2.9827,3.0,46.2,0.0034,0.3,normal
35.46,-19.79322,-21.06009,1.26687,14.88405,14.75074,0.13331,3.014,2.9997,46.27,0.00837,0.3,normal
35.47,-19.49386,-20.75889,1.26503,14.99549,14.8593,0.13619,2.9839,2.9959,46.16,0.00609,0.3,normal
35.48,-19.19102,-20.45356,1.26253,15.10529,14.96143,0.14386,2.9882,3.0,46.21,0.00282,0.3,normal
35.49,-18.88474,-20.148,1.26326,15.21347,15.06732,0.14615,3.0175,2.9941,46.17,0.00251,0.3,normal
35.5,-18.57506,-19.85358,1.27852,15.32003,15.1652,0.15484,3.0123,3.0,46.14,0.00126,0.3,normal
35.51,-18.26202,-19.55768,1.29566,15.42499,15.27005,0.15494,3.0015,2.9631,45.95,0.00236,0.3,normal
35.52,-17.94567,-19.27185,1.32618,15.52837,15.36758,0.16079,3.0169,3.0,46.0,0.00265,0.3,normal
35.53,-17.62605,-18.98479,1.35875,15.63018,15.46778,0.16239,3.0042,2.9974,45.95,0.00426,0.3,normal
35.54,-17.3032,-18.69693,1.39373,15.73043,15.56363,0.1668,2.9994,3.0,46.14,0.00657,0.3,normal
35.55,-16.97718,-18.36621,1.38903,15.82914,15.66574,0.1634,2.9986,3.0,46.21,0.00264,0.3,normal
35.56,-16.64803,-18.04443,1.3964,15.92633,15.75982,0.1665,3.0236,2.9793,45.96,0.00068,0.3,normal
35.57,-16.3158,-17.71741,1.4016,16.022,15.8588,0.1632,3.0204,2.9919,46.2,0.00285,0.3,normal
35.58,-15.98055,-17.39922,1.41867,16.11619,15.93285,0.18333,3.0069,2.9648,46.07,0.00508,0.3,normal
35.59,-15.64233,-17.07867,1.43634,16.20889,16.0132,0.1957,2.9768,2.9821,46.04,0.00085,0.3,normal
35.6,-15.30118,-16.77168,1.4705,16.30014,16.08863,0.21151,3.0008,3.0,46.12,0.00529,0.3,normal
35.61,-14.95718,-16.40556,1.44838,16.38995,16.1687,0.22125,2.9951,3.0,46.05,0.00656,0.3,normal
35.62,-14.61036,-16.05179,1.44143,16.47833,16.2429,0.23542,3.0129,3.0,46.32,0.00192,0.3,normal
35.63,-14.2608,-15.69897,1.43818,16.5653,16.32054,0.24476,3.0292,2.9846,46.21,0.00188,0.3,normal
35.64,-13.90854,-15.35834,1.44981,16.65088,16.39113,0.25975,3.0074,2.9956,46.37,0.00393,0.3,normal
35.65,-13.55364,-15.01656,1.46292,16.7351,16.47154,0.26355,2.9983,3.0,46.19,0.0009,0.3,normal
35.66,-13.19618,-14.68078,1.4846,16.81795,16.54544,0.27251,2.9959,2.9904,46.2,0.00067,0.3,normal
35.67,-12.8362,-14.34026,1.50406,16.89948,16.62434,0.27514,2.976,3.0,46.55,0.00892,0.3,normal
35.68,-12.47378,-13.9961,1.52233,16.97969,16.69702,0.28267,3.0059,3.0,46.04,0.00724,0.3,normal
35.69,-12.10896,-13.58937,1.4804,17.0586,16.77665,0.28195,3.0032,3.0,46.48,0.00089,0.3,normal
35.7,-11.74183,-13.19252,1.45069,17.13623,16.85006,0.28617,3.0171,3.0,46.55,0.00345,0.3,normal
35.71,-11.37245,-12.79524,1.42279,17.21261,16.92867,0.28394,2.994,3.0,46.42,0.00121,0.3,normal
35.72,-11.00087,-12.41026,1.40939,17.28775,17.00101,0.28674,3.0164,3.0,46.27,0.00157,0.3,normal
35.73,-10.62717,-12.02381,1.39664,17.36167,17.07897,0.28269,3.0027,2.9681,46.54,0.00304,0.3,normal
35.74,-10.25142,-11.64953,1.39812,17.43439,17.15119,0.28319,2.9989,2.9947,46.28,0.00196,0.3,normal
35.75,-9.87368,-11.27347,1.3998,17.50593,17.23153,0.2744,2.9976,2.983,46.23,0.00162,0.3,normal
35.76,-9.49402,-10.90807,1.41405,17.57632,17.30489,0.27143,3.007,3.0,46.29,0.00239,0.3,normal
35.77,-9.11253,-10.5385,1.42597,17.64557,17.38313,0.26244,3.0322,3.0,46.27,0.00217,0.3,normal
35.78,-8.72925,-10.179,1.44975,17.7137,17.45553,0.25817,2.9884,3.0,46.22,0.00132,0.3,normal
35.79,-8.34428,-9.81782,1.47355,17.78074,17.53444,0.2463,2.9948,3.0,46.54,0.00326,0.3,normal
35.8,-7.95767,-9.46775,1.51007,17.8467,17.60968,0.23702,2.9924,2.9983,46.27,0.0025,0.3,normal
35.81,-7.56951,-9.11717,1.54765,17.91161,17.69463,0.21698,3.0007,3.0,46.39,0.00112,0.3,normal
35.82,-7.17987,-8.77425,1.59438,17.97549,17.77064,0.20484,2.9821,2.9979,46.18,0.01996,0.3,normal
35.83,-6.78882,-8.27907,1.49025,18.03836,17.83905,0.1993,2.9874,2.9934,46.41,0.01139,0.3,normal
35.84,-6.39644,-7.81925,1.42281,18.10023,17.87912,0.22112,3.0122,2.9967,46.25,0.00877,0.3,normal
35.85,-6.0028,-7.41351,1.41072,18.16114,17.9262,0.23494,3.0131,2.9987,46.25,0.00199,0.3,normal
35.86,-5.60797,-7.01659,1.40862,18.22111,17.96815,0.25295,2.9928,2.9932,46.42,0.0026,0.3,normal
35.87,-5.21205,-6.61859,1.40654,18.28014,18.01873,0.26141,3.0407,3.0,46.61,0.00171,0.3,normal
35.88,-4.81509,-6.232,1.41691,18.33828,18.06142,0.27686,2.9827,3.0,46.52,0.00268,0.3,normal
35.89,-4.41719,-5.84267,1.42548,18.39553,18.11232,0.28321,3.0027,2.9896,46.54,0.0032,0.3,normal
35.9,-4.01841,-5.46443,1.44601,18.45192,18.16009,0.29183,2.9922,2.9801,46.46,0.00136,0.3,normal
35.91,-3.61884,-5.08497,1.46613,18.50748,18.21657,0.2909,3.0014,2.9666,46.43,0.00364,0.3,normal
35.92,-3.21855,-4.72078,1.50223,18.56222,18.26948,0.29274,2.9987,2.9748,46.61,0.00462,0.3,normal
35.93,-2.81763,-4.35886,1.54123,18.61616,18.33361,0.28255,3.0299,3.0,46.42,0.00116,0.3,normal
35.94,-2.41615,-4.00609,1.58994,18.66933,18.39353,0.2758,2.9829,3.0,46.63,0.00277,0.3,normal
35.95,-2.01419,-3.65049,1.6363,18.72176,18.45648,0.26528,3.0261,3.0,46.7,0.00612,0.3,normal
35.96,-1.61183,-3.26368,1.65185,18.77345,18.51227,0.26118,3.0022,3.0,46.4,0.00493,0.3,normal
35.97,-1.20915,-2.86481,1.65565,18.82443,18.57464,0.2498,3.008,2.9929,46.43,0.00236,0.3,normal
35.98,-0.80624,-2.47982,1.67358,18.87473,18.63346,0.24128,2.9714,3.0,46.46,0.0048,0.3,normal
35.99,-0.40316,-2.0952,1.69205,18.92437,18.70389,0.22048,3.0091,2.9899,46.33,0.00521,0.3,normal
36.0,-0.0,-1.71325,1.71325,18.97337,18.77226,0.20111,3.0133,3.0,46.49,0.00627,0.3,normal
36.01,0.40316,-1.29395,1.6971,19.02174,18.83655,0.18519,3.0196,2.9916,46.77,0.00495,0.3,normal
36.02,0.80624,-0.88589,1.69212,19.06952,18.88892,0.18059,3.0159,2.9903,46.43,0.00245,0.3,normal
36.03,1.20915,-0.47744,1.68659,19.11671,18.95153,0.16519,3.006,2.9979,46.79,0.00165,0.3,normal
36.04,1.61183,-0.07904,1.69087,19.16335,19.00907,0.15429,2.9978,3.0,46.54,0.00309,0.3,normal
36.05,2.01419,0.3204,1.69379,19.20946,19.07119,0.13827,2.9871,3.0,46.93,0.00165,0.3,normal
36.06,2.41615,0.71175,1.7044,19.25506,19.12418,0.13088,2.9822,3.0,46.52,0.00353,0.3,normal
36.07,2.81763,1.1064,1.71123,19.30016,19.16833,0.13182,2.9982,3.0,46.61,0.00456,0.3,normal
36.08,3.21855,1.49325,1.7253,19.34478,19.20004,0.14474,2.9981,3.0,46.5,0.00086,0.3,normal
36.09,3.61884,1.88888,1.72996,19.38896,19.23983,0.14913,2.998,3.0,46.54,0.00534,0.3,normal
36.1,4.01841,2.29007,1.72834,19.43271,19.27368,0.15903,2.9781,3.0,46.86,0.00711,0.3,normal
36.11,4.41719,2.73726,1.67993,19.47605,19.3139,0.16215,3.0024,2.9911,46.74,0.00241,0.3,normal
36.12,4.81509,3.17402,1.64107,19.519,19.35085,0.16815,3.0041,2.9921,46.83,0.00119,0.3,normal
36.13,5.21205,3.61346,1.59859,19.56158,19.39582,0.16576,2.9914,3.0,46.49,0.00315,0.3,normal
36.14,5.60797,4.04314,1.56483,19.60381,19.43504,0.16877,2.9938,3.0,46.8,0.00273,0.3,normal
36.15,6.0028,4.47486,1.52794,19.64571,19.48334,0.16237,3.0113,3.0,46.56,0.00124,0.3,normal
36.16,6.39644,4.89788,1.49856,19.68731,19.52315,0.16415,3.0057,2.9961,46.52,0.00263,0.3,normal
36.17,6.78882,5.32268,1.46614,19.72861,19.56759,0.16102,3.0164,3.0,46.76,0.00238,0.3,normal
36.18,7.17987,5.73637,1.4435,19.76964,19.60507,0.16457,3.0073,2.973,46.77,0.00125,0.3,normal
36.19,7.56951,6.15296,1.41655,19.81042,19.65192,0.1585,3.0072,2.9902,46.75,0.00244,0.3,normal
36.2,7.95767,6.55923,1.39844,19.85097,19.69206,0.15891,3.0133,3.0,46.86,0.00271,0.3,normal
36.21,8.34428,6.96582,1.37846,19.8913,19.73867,0.15263,3.0043,3.0,46.9,0.00126,0.3,normal
36.22,8.72925,7.36392,1.36533,19.93144,19.78056,0.15089,3.007,3.0,47.0,0.00229,0.3,normal
36.23,9.11253,7.76428,1.34825,19.9714,19.82909,0.14231,3.0338,3.0,46.61,0.00301,0.3,normal
36.24,9.49402,8.15408,1.33994,20.0112,19.86878,0.14243,3.0045,3.0,47.02,0.00099,0.3,normal
36.25,9.87368,8.5461,1.32757,20.05086,19.91577,0.13509,3.0093,2.9994,47.08,0.00157,0.3,normal
36.26,10.25142,8.92801,1.32341,20.0904,19.95553,0.13487,2.9932,3.0,46.76,0.00289,0.3,normal
36.27,10.62717,9.31318,1.31399,20.12982,19.99909,0.13073,2.9829,2.9999,46.57,0.00208,0.3,normal
36.28,11.00087,9.68636,1.31451,20.16916,20.03561,0.13356,2.9924,2.9841,46.62,0.00197,0.3,normal
36.29,11.37245,10.06284,1.30961,20.20842,20.07588,0.13255,3.0001,2.9914,46.77,0.00267,0.3,normal
36.3,11.74183,10.4279,1.31393,20.24763,20.10713,0.1405,3.0102,3.0,47.15,0.00344,0.3,normal
36.31,12.10896,10.79535,1.31362,20.28679,20.13772,0.14907,2.9848,2.9912,46.86,0.00296,0.3,normal
36.32,12.47378,11.14535,1.32842,20.32593,20.16154,0.16439,2.9881,3.0,46.77,0.00408,0.3,normal
36.33,12.8362,11.49497,1.34123,20.36505,20.19516,0.1699,3.0295,2.9886,46.77,0.00176,0.3,normal
36.34,13.19618,11.83291,1.36327,20.40419,20.22575,0.17844,2.9988,3.0,46.68,0.00175,0.3,normal
36.35,13.55364,12.17225,1.38139,20.44334,20.26091,0.18243,3.0015,3.0,47.02,0.00335,0.3,normal
36.36,13.90854,12.50293,1.40561,20.48252,20.28692,0.19559,2.992,3.0,46.89,0.0017,0.3,normal
36.37,14.2608,12.83707,1.42373,20.52175,20.31667,0.20508,2.9849,2.9719,47.22,0.00125,0.3,normal
36.38,14.61036,13.15994,1.45042,20.56104,20.33938,0.22166,3.0114,3.0,47.01,0.00296,0.3,normal
36.39,14.95718,13.48525,1.47192,20.60041,20.36886,0.23155,3.0055,3.0,47.05,0.00156,0.3,normal
36.4,15.30118,13.79966,1.50153,20.63986,20.3902,0.24967,3.0097,2.9897,46.9,0.0022,0.3,normal
36.41,15.64233,14.11979,1.52254,20.67942,20.41677,0.26265,3.004,3.0,46.78,0.00361,0.3,normal
36.42,15.98055,14.44727,1.53328,20.71909,20.43561,0.28348,3.0006,3.0,46.82,0.00223,0.3,normal
36.43,16.3158,14.77916,1.53664,20.75888,20.46132,0.29756,2.9852,3.0,46.75,0.00159,0.3,normal
36.44,16.64803,15.11818,1.52985,20.79881,20.47715,0.32166,3.0193,3.0,47.1,0.00364,0.3,normal
36.45,16.97718,15.45627,1.52091,20.83889,20.49813,0.34076,3.0127,3.0,46.92,0.00247,0.3,normal
36.46,17.3032,15.78321,1.51999,20.87912,20.51468,0.36444,3.0134,3.0,47.13,0.00089,0.3,normal
36.47,17.62605,16.11405,1.512,20.91953,20.53895,0.38058,3.0238,2.9708,47.01,0.00232,0.3,normal
36.48,17.94567,16.43637,1.5093,20.96011,20.55997,0.40014,2.9941,2.9988,46.96,0.00273,0.3,normal
36.49,18.26202,16.78554,1.47648,21.00088,20.58576,0.41513,3.0151,3.0,46.84,0.00212,0.3,normal
36.5,18.57506,17.12314,1.45192,21.04185,20.60416,0.43769,3.0027,3.0,47.07,0.00264,0.3,normal
36.51,18.88474,17.46246,1.42228,21.08303,20.62714,0.45589,3.0108,3.0,47.0,0.00349,0.3,normal
36.52,19.19102,17.78877,1.40225,21.12442,20.64253,0.48188,2.9877,2.9919,47.17,0.0018,0.3,normal
36.53,19.49386,18.1162,1.37766,21.16603,20.66686,0.49918,3.0038,3.0,46.94,0.00219,0.3,normal
36.54,19.79322,18.43101,1.3622,21.20788,20.68492,0.52296,2.988,2.9863,47.15,0.00256,0.3,normal
36.55,20.08905,18.74711,1.34194,21.24996,20.70912,0.54084,2.9832,2.9945,47.31,0.00151,0.3,normal
36.56,20.38134,19.05167,1.32967,21.29229,20.72564,0.56665,2.9949,3.0,47.11,0.00231,0.3,normal
36.57,20.67003,19.35783,1.31219,21.33487,20.74916,0.58571,2.9749,3.0,47.2,0.00362,0.3,normal
36.58,20.95509,19.65071,1.30438,21.3777,20.76811,0.6096,2.9879,3.0,47.17,0.00158,0.3,normal
36.59,21.2365,19.94449,1.29201,21.4208,20.79178,0.62902,2.9879,3.0,47.38,0.0014,0.3,normal
36.6,21.51422,20.22713,1.28708,21.46416,20.8098,0.65437,2.9804,3.0,47.16,0.00185,0.3,normal
36.61,21.78822,20.51414,1.27408,21.5078,20.83347,0.67433,2.9977,3.0,47.22,0.0046,0.3,normal
36.62,22.05847,20.79611,1.26236,21.55172,20.88193,0.66979,3.0203,3.0,47.11,0.00684,0.3,normal
36.63,22.32495,21.07831,1.24664,21.59591,20.9516,0.64431,3.0115,3.0,47.01,0.00303,0.3,normal
36.64,22.58763,21.35128,1.23635,21.64039,21.01169,0.6287,2.9877,3.0,46.95,0.00213,0.3,normal
36.65,22.84649,21.65115,1.19534,21.68515,21.07978,0.60537,2.9707,3.0,47.33,0.00179,0.3,normal
36.66,23.1015,21.93751,1.164,21.73021,21.14268,0.58752,2.9957,3.0,47.0,0.00327,0.3,normal
36.67,23.35265,22.22391,1.12875,21.77555,21.20963,0.56592,3.017,2.9831,47.27,0.00166,0.3,normal
36.68,23.59992,22.50077,1.09915,21.82119,21.27161,0.54958,2.9907,3.0,47.22,0.00199,0.3,normal
36.69,23.84329,22.77931,1.06397,21.86712,21.34188,0.52524,3.0093,3.0,47.31,0.00302,0.3,normal
36.7,24.08273,23.04872,1.03402,21.91334,21.40687,0.50647,2.9972,3.0,47.1,0.0013,0.3,normal
36.71,24.31825,23.32074,0.99751,21.95986,21.47747,0.48239,3.0023,3.0,47.07,0.00189,0.3,normal
36.72,24.54982,23.58167,0.96815,22.00667,21.54202,0.46465,2.9907,2.9906,47.25,0.00284,0.3,normal
36.73,24.77743,23.84427,0.93317,22.05377,21.61386,0.43991,3.0181,3.0,47.15,0.0018,0.3,normal
36.74,25.00108,24.09867,0.90241,22.10117,21.6794,0.42177,3.0011,2.9954,47.02,0.00097,0.3,normal
36.75,25.22075,24.35531,0.86545,22.14885,21.75272,0.39614,2.9791,3.0,47.5,0.00282,0.3,normal
36.76,25.43645,24.59974,0.83671,22.19683,21.81818,0.37865,2.9988,2.9943,47.1,0.0019,0.3,normal
36.77,25.64815,24.84853,0.79963,22.24509,21.88726,0.35783,2.9988,2.9823,47.08,0.00132,0.3,normal
36.78,25.85587,25.0874,0.76847,22.29363,21.94802,0.34561,2.981,2.9952,47.2,0.00281,0.3,normal
36.79,26.05959,25.3311,0.7285,22.34245,22.01303,0.32943,3.0093,2.972,47.43,0.00182,0.3,normal
36.8,26.25932,25.56442,0.6949,22.39155,22.07375,0.3178,3.0398,3.0,46.92,0.00066,0.3,normal
36.81,26.45506,25.79992,0.65514,22.44092,22.13983,0.30109,3.0149,3.0,47.43,0.00285,0.3,normal
36.82,26.64681,26.02399,0.62282,22.49055,22.19902,0.29153,3.0155,2.9993,47.12,0.0027,0.3,normal
36.83,26.83458,26.24693,0.58765,22.54045,22.26251,0.27794,2.9976,3.0,47.31,0.00086,0.3,normal
36.84,27.01837,26.45974,0.55863,22.59059,22.31905,0.27155,2.9795,3.0,47.17,0.00287,0.3,normal
36.85,27.19818,26.67393,0.52425,22.64099,22.38225,0.25874,2.9879,3.0,47.58,0.00326,0.3,normal
36.86,27.37403,26.87469,0.49934,22.69163,22.44031,0.25132,3.0028,3.0,47.3,0.0012,0.3,normal
36.87,27.54593,27.07688,0.46905,22.74251,22.5053,0.23721,2.9896,2.9964,47.19,0.00277,0.3,normal
36.88,27.71388,27.26669,0.4472,22.79361,22.56273,0.23088,2.9906,2.9913,47.25,0.00268,0.3,normal
36.89,27.87791,27.45892,0.41899,22.84493,22.6262,0.21873,3.0034,3.0,47.32,0.0006,0.3,normal
36.9,28.03802,27.64172,0.39631,22.89647,22.68344,0.21302,2.9969,2.9876,47.34,0.00226,0.3,normal
36.91,28.19424,27.8264,0.36784,22.9482,22.74546,0.20274,2.9878,3.0,47.38,0.00309,0.3,normal
36.92,28.34658,27.99953,0.34705,23.00013,22.79735,0.20278,3.003,3.0,47.32,0.00164,0.3,normal
36.93,28.49505,28.17424,0.32081,23.05225,22.85297,0.19927,2.9847,3.0,47.12,0.0065,0.3,normal
36.94,28.63969,28.33478,0.30491,23.10453,22.90417,0.20036,2.2914,3.0,47.28,0.00751,0.3,normal
36.95,28.78051,28.45585,0.32465,23.15698,22.96405,0.19293,2.9937,2.9941,47.43,0.00183,0.3,normal
36.96,28.91753,28.5645,0.35303,23.20958,23.01426,0.19532,2.9966,3.0,47.24,0.00243,0.3,normal
36.97,29.05079,28.67358,0.37721,23.26232,23.06837,0.19395,3.0212,3.0,47.45,0.00287,0.3,normal
36.98,29.1803,28.77204,0.40825,23.31519,23.11723,0.19796,2.998,3.0,47.36,0.00184,0.3,normal
36.99,29.30609,28.87246,0.43363,23.36818,23.17178,0.1964,3.0037,2.9963,47.32,0.00243,0.3,normal
37.0,29.4282,28.96095,0.46725,23.42127,23.2214,0.19986,2.9984,2.995,47.54,0.00343,0.3,normal
37.01,29.54666,29.04932,0.49733,23.47445,23.27731,0.19714,2.9962,3.0,47.11,0.00201,0.3,normal
37.02,29.66149,29.12794,0.53354,23.5277,23.32337,0.20434,2.9992,2.981,47.27,0.00065,0.3,normal
37.03,29.77273,29.21399,0.55874,23.58102,23.37878,0.20225,3.0163,3.0,47.56,0.00225,0.3,normal
37.04,29.88041,29.29414,0.58627,23.63439,23.42766,0.20674,2.9957,2.9844,47.65,0.00064,0.3,normal
37.05,29.98457,29.37906,0.60551,23.6878,23.48459,0.2032,3.0086,3.0,47.73,0.00052,0.3,normal
37.06,30.08525,29.45642,0.62883,23.74122,23.53123,0.20999,2.9744,3.0,47.4,0.00272,0.3,normal
37.07,30.18248,29.54052,0.64197,23.79465,23.57947,0.21518,2.9934,3.0,47.46,0.00541,0.3,normal
37.08,30.27631,29.65302,0.62329,23.84807,23.61975,0.22832,3.0304,2.9683,47.52,0.00422,0.3,normal
37.09,30.36677,29.77691,0.58986,23.90146,23.66658,0.23487,2.9897,2.9909,47.6,0.0034,0.3,normal
37.1,30.45392,29.88763,0.56629,23.9548,23.70629,0.24851,2.9943,3.0,47.46,0.00223,0.3,normal
37.11,30.53778,30.00113,0.53665,24.00808,23.75289,0.2552,3.01,2.9957,47.55,0.0008,0.3,normal
37.12,30.6184,30.10358,0.51482,24.06129,23.79301,0.26828,2.9976,2.999,47.49,0.00306,0.3,normal
37.13,30.69584,30.20721,0.48863,24.1144,23.83958,0.27482,3.0037,2.9838,47.5,0.00268,0.3,normal
37.14,30.77013,30.30135,0.46878,24.16739,23.87953,0.28787,3.0141,2.9781,47.29,0.00095,0.3,normal
37.15,30.84133,30.39654,0.44479,24.22026,23.92449,0.29577,3.0335,2.9991,47.38,0.00213,0.3,normal
37.16,30.90948,30.48369,0.42578,24.27297,23.96053,0.31244,3.005,2.9974,47.36,0.00182,0.3,normal
37.17,30.97463,30.57834,0.39629,24.32552,24.00132,0.3242,3.0044,2.9809,47.26,0.0005,0.3,normal
37.18,31.03683,30.665,0.37184,24.37787,24.03569,0.34218,3.0103,3.0,47.2,0.00166,0.3,normal
37.19,31.09615,30.75632,0.33983,24.43002,24.07397,0.35605,3.0144,3.0,47.39,0.00143,0.3,normal
37.2,31.15262,30.84043,0.31219,24.48194,24.10795,0.37399,3.0165,2.9812,47.42,0.0,0.3,normal
37.21,31.2063,30.93061,0.27569,24.53361,24.14869,0.38491,3.0217,3.0,47.48,0.00167,0.3,normal
37.22,31.25725,31.01576,0.24149,24.58501,24.18393,0.40108,2.983,3.0,47.55,0.0026,0.3,normal
37.23,31.30552,31.10565,0.19988,24.63612,24.22457,0.41155,2.9941,3.0,47.5,0.00098,0.3,normal
37.24,31.35118,31.18762,0.16355,24.68693,24.2568,0.43012,3.0248,2.9695,47.44,0.00181,0.3,normal
37.25,31.39426,31.27485,0.11941,24.7374,24.29496,0.44244,2.9817,3.0,47.34,0.00264,0.3,normal
37.26,31.43485,31.35394,0.08091,24.78751,24.32251,0.46501,3.0059,3.0,47.62,0.00079,0.3,normal
37.27,31.47298,31.44196,0.03102,24.83726,24.35671,0.48055,3.017,2.9753,47.48,0.00097,0.3,normal
37.28,31.50873,31.52386,-0.01513,24.88661,24.38522,0.50139,2.9754,3.0,47.43,0.01246,0.3,normal
37.29,31.54215,31.55819,-0.01604,24.93553,24.42064,0.51489,3.0237,2.9967,47.47,0.01596,0.3,normal
37.3,31.57331,31.53317,0.04014,24.98402,24.46454,0.51948,2.9857,2.979,47.39,0.00559,0.3,normal
37.31,31.60226,31.51451,0.08775,25.03204,24.54829,0.48375,2.997,2.9914,47.42,0.00292,0.3,normal
37.32,31.62908,31.49006,0.13902,25.07958,24.62523,0.45434,2.982,3.0,47.42,0.00077,0.3,normal
37.33,31.65381,31.47341,0.1804,25.1266,24.70722,0.41939,2.9983,3.0,47.47,0.00042,0.3,normal
37.34,31.67653,31.44958,0.22695,25.17309,24.78302,0.39008,2.9897,2.9769,47.61,0.00521,0.3,normal
37.35,31.6973,31.44976,0.24754,25.21903,24.86689,0.35213,3.0118,2.9989,47.58,0.00395,0.3,normal
37.36,31.71618,31.45649,0.25969,25.26438,24.94386,0.32052,3.0301,2.9881,47.75,0.00057,0.3,normal
37.37,31.73324,31.46926,0.26399,25.30913,25.02961,0.27952,2.9859,3.0,47.7,0.00264,0.3,normal
37.38,31.74855,31.47412,0.27444,25.35324,25.11027,0.24297,2.9881,2.9913,47.82,0.00092,0.3,normal
37.39,31.76217,31.48759,0.27458,25.39671,25.19789,0.19882,3.0263,2.9978,47.61,0.00043,0.3,normal
37.4,31.77417,31.49528,0.27889,25.4395,25.28018,0.15932,2.9915,3.0,47.61,0.00242,0.3,normal
37.41,31.78461,31.50857,0.27604,25.48158,25.36933,0.11225,3.003,3.0,47.46,0.0017,0.3,normal
37.42,31.79357,31.51607,0.2775,25.52294,25.45374,0.0692,3.0048,2.9981,47.66,0.00085,0.3,normal
37.43,31.8011,31.5278,0.2733,25.56354,25.5453,0.01824,2.9969,3.0,47.44,0.0027,0.3,normal
37.44,31.80729,31.5328,0.27448,25.60337,25.63369,-0.03031,3.002,3.0,47.32,0.00225,0.3,normal
37.45,31.81218,31.54824,0.26394,25.6424,25.72594,-0.08354,3.0185,3.0,47.78,0.00116,0.3,normal
37.46,31.81587,31.56134,0.25453,25.6806,25.80838,-0.12778,2.9895,2.9946,47.36,0.0091,0.3,normal
37.47,31.8184,31.57966,0.23874,25.71795,25.82883,-0.11089,2.9967,3.0,47.62,0.00782,0.3,normal
37.48,31.81986,31.59293,0.22692,25.75442,25.84287,-0.08845,3.0012,2.9866,47.43,0.00037,0.3,normal
37.49,31.8203,31.61216,0.20814,25.78998,25.86665,-0.07667,2.99,3.0,47.73,0.00254,0.3,normal
37.5,31.81981,31.62096,0.19885,25.82462,25.88228,-0.05766,3.0071,3.0,47.76,0.00237,0.3,normal
37.51,31.81844,31.63469,0.18374,25.8583,25.90469,-0.04639,2.9702,3.0,47.65,7e-05,0.3,normal
37.52,31.81627,31.63983,0.17644,25.89101,25.9195,-0.02849,2.9956,3.0,47.76,0.00165,0.3,normal
37.53,31.81336,31.65249,0.16087,25.9227,25.94053,-0.01783,3.0036,2.9914,47.58,0.00233,0.3,normal
37.54,31.80979,31.65613,0.15366,25.95337,25.95638,-0.00301,2.9929,3.0,47.92,0.00053,0.3,normal
37.55,31.80562,31.66574,0.13988,25.98298,25.97938,0.0036,3.0132,3.0,47.7,0.00168,0.3,normal
37.56,31.80092,31.66723,0.13369,26.01151,25.99642,0.01508,3.0063,3.0,47.45,0.00243,0.3,normal
37.57,31.79577,31.6742,0.12157,26.03892,26.01944,0.01948,3.009,2.9998,47.6,0.00051,0.3,normal
37.58,31.79022,31.6753,0.11492,26.06521,26.03647,0.02874,2.9962,3.0,47.57,0.00124,0.3,normal
37.59,31.78435,31.68184,0.10251,26.09033,26.0608,0.02954,3.0088,2.9732,47.56,0.0023,0.3,normal
37.6,31.77822,31.68191,0.09632,26.11427,26.07916,0.03511,3.0067,3.0,47.35,0.00028,0.3,normal
37.61,31.77191,31.68953,0.08238,26.137,26.10295,0.03405,3.0056,2.9555,47.66,0.00163,0.3,normal
37.62,31.76548,31.69279,0.07269,26.15849,26.11952,0.03896,2.9932,3.0,47.4,0.00253,0.3,normal
37.63,31.75899,31.70169,0.0573,26.17871,26.14166,0.03705,2.9997,3.0,47.24,7e-05,0.3,normal
37.64,31.75252,31.70625,0.04627,26.19765,26.1559,0.04175,3.0269,2.9918,47.57,0.00148,0.3,normal
37.65,31.74613,31.71622,0.02992,26.21528,26.17592,0.03936,3.0087,2.9995,47.51,0.00285,0.3,normal
37.66,31.73989,31.71915,0.02074,26.23156,26.18651,0.04505,3.006,2.9917,47.5,0.00072,0.3,normal
37.67,31.73386,31.72709,0.00676,26.24648,26.20407,0.04242,2.9874,2.9978,47.16,0.00118,0.3,normal
37.68,31.7281,31.73029,-0.00219,26.26001,26.21774,0.04227,2.985,2.9812,47.51,0.0031,0.3,normal
37.69,31.72268,31.7419,-0.01922,26.27213,26.24161,0.03052,3.0089,3.0,47.61,0.00075,0.3,normal
37.7,31.71768,31.74893,-0.03126,26.28281,26.25975,0.02306,3.0025,2.9829,47.55,0.00056,0.3,normal
37.71,31.71313,31.76072,-0.04759,26.29202,26.2836,0.00842,2.9939,2.9639,47.7,0.00218,0.3,normal
37.72,31.70912,31.76396,-0.05484,26.29975,26.30194,-0.00219,3.0017,2.9937,47.86,0.00133,0.3,normal
37.73,31.70571,31.77357,-0.06786,26.30596,26.32493,-0.01898,2.9811,2.9927,47.73,0.00017,0.3,normal
37.74,31.70295,31.77587,-0.07292,26.31063,26.34154,-0.03091,3.0037,3.0,47.81,0.00256,0.3,normal
37.75,31.7009,31.78615,-0.08525,26.31374,26.36278,-0.04905,3.0194,2.9869,47.83,0.0014,0.3,normal
37.76,31.69963,31.79003,-0.0904,26.31526,26.37942,-0.06417,3.0202,3.0,47.51,0.00042,0.3,normal
37.77,31.6992,31.80083,-0.10164,26.31517,26.40237,-0.0872,2.9887,3.0,47.73,0.00199,0.3,normal
37.78,31.69965,31.80376,-0.10411,26.31344,26.4193,-0.10586,3.0127,3.0,47.82,0.00193,0.3,normal
37.79,31.70106,31.81162,-0.11055,26.31006,26.44271,-0.13264,2.9803,3.0,47.61,0.00026,0.3,normal
37.8,31.70348,31.81359,-0.11011,26.305,26.4626,-0.1576,3.0233,3.0,47.56,0.00242,0.3,normal
37.81,31.70697,31.81874,-0.11177,26.29823,26.48741,-0.18918,3.0156,3.0,47.76,0.00199,0.3,normal
37.82,31.71157,31.81828,-0.10672,26.28974,26.50611,-0.21638,2.9992,3.0,47.46,0.00086,0.3,normal
37.83,31.71735,31.82544,-0.10809,26.27949,26.53107,-0.25158,3.0238,3.0,47.53,0.00852,0.3,normal
37.84,31.72435,31.82768,-0.10333,26.26747,26.49706,-0.22959,3.0,2.976,47.59,0.00817,0.3,normal
37.85,31.73263,31.83727,-0.10464,26.25366,26.45504,-0.20138,2.9938,2.9839,47.77,0.0,0.3,normal
37.86,31.74225,31.84019,-0.09795,26.23803,26.40519,-0.16716,2.9826,3.0,47.73,0.00129,0.3,normal
37.87,31.75325,31.84814,-0.0949,26.22056,26.36086,-0.14031,2.9861,3.0,47.86,0.00222,0.3,normal
37.88,31.76567,31.84829,-0.08261,26.20123,26.30998,-0.10875,2.9821,3.0,47.57,0.00056,0.3,normal
37.89,31.77958,31.85265,-0.07307,26.18002,26.26619,-0.08617,3.0029,3.0,47.57,0.00125,0.3,normal
37.9,31.79502,31.85184,-0.05683,26.1569,26.2167,-0.05979,3.0097,3.0,47.8,0.0014,0.3,normal
37.91,31.81202,31.85763,-0.0456,26.13187,26.17302,-0.04115,3.0115,2.9721,47.6,0.00062,0.3,normal
37.92,31.83065,31.8594,-0.02875,26.10489,26.12223,-0.01735,2.9906,2.9953,47.64,0.00097,0.3,normal
37.93,31.85094,31.86857,-0.01763,26.07594,26.08076,-0.00481,2.995,3.0,47.45,0.00223,0.3,normal
37.94,31.87293,31.87136,0.00157,26.04502,26.03255,0.01247,3.0319,2.9847,47.78,0.001,0.3,normal
37.95,31.89667,31.88322,0.01345,26.01209,25.9907,0.02139,3.0206,2.9774,47.97,0.00085,0.3,normal
37.96,31.9222,31.88847,0.03372,25.97714,25.94036,0.03678,3.0181,2.9948,47.59,0.00237,0.3,normal
37.97,31.94955,31.90001,0.04954,25.94015,25.89321,0.04694,2.9769,2.9742,47.9,0.00063,0.3,normal
37.98,31.97877,31.90583,0.07293,25.9011,25.84196,0.05915,2.9821,2.9764,47.75,0.00167,0.3,normal
37.99,32.00989,31.91837,0.09152,25.85998,25.80054,0.05944,2.9924,2.9964,47.49,0.00225,0.3,normal
38.0,32.04294,31.92255,0.12039,25.81676,25.75361,0.06315,3.0108,2.9911,47.63,0.00148,0.3,normal
38.01,32.07796,31.93325,0.14471,25.77143,25.71683,0.0546,3.0085,2.9856,47.62,0.00075,0.3,normal
38.02,32.11499,31.93576,0.17924,25.72398,25.67479,0.04919,2.9904,3.0,47.72,0.00202,0.3,normal
38.03,32.15406,31.94455,0.20951,25.67438,25.63957,0.03481,2.9966,2.978,47.84,0.00055,0.3,normal
38.04,32.19518,31.94759,0.2476,25.62262,25.59948,0.02314,2.997,3.0,48.06,0.00043,0.3,normal
38.05,32.23841,31.95843,0.27998,25.56868,25.56298,0.0057,2.9935,3.0,47.57,0.00869,0.3,normal
38.06,32.28375,32.02556,0.25819,25.51255,25.51913,-0.00658,3.0076,3.0,47.72,0.00743,0.3,normal
38.07,32.33124,32.09866,0.23258,25.45422,25.48421,-0.02999,2.9925,2.9978,47.66,0.00064,0.3,normal
38.08,32.38091,32.16564,0.21527,25.39366,25.44589,-0.05223,3.0138,2.995,47.61,0.0024,0.3,normal
38.09,32.43276,32.2414,0.19137,25.33087,25.41495,-0.08407,3.0122,3.0,47.82,0.00205,0.3,normal
38.1,32.48684,32.308,0.17884,25.26584,25.37419,-0.10836,3.004,3.0,47.81,0.00178,0.3,normal
38.11,32.54316,32.38004,0.16312,25.19854,25.33519,-0.13666,2.9908,2.9819,47.54,0.00251,0.3,normal
38.12,32.60173,32.44436,0.15737,25.12896,25.28903,-0.16007,3.0224,2.9919,47.82,0.00132,0.3,normal
38.13,32.66258,32.519,0.14358,25.0571,25.24902,-0.19192,3.0027,2.9978,47.65,0.00065,0.3,normal
38.14,32.72571,32.58719,0.13853,24.98295,25.20096,-0.21801,3.0074,3.0,47.83,0.00246,0.3,normal
38.15,32.79116,32.66154,0.12962,24.90648,25.15634,-0.24986,3.0026,3.0,48.03,0.00154,0.3,normal
38.16,32.85892,32.7298,0.12912,24.82769,25.10677,-0.27908,2.9943,2.9927,47.91,0.00044,0.3,normal
38.17,32.92901,32.80597,0.12304,24.74657,25.06353,-0.31696,2.9887,3.0,47.88,0.0015,0.3,normal
38.18,33.00145,32.87746,0.12398,24.66312,25.01342,-0.3503,3.0239,2.9725,47.77,0.00199,0.3,normal
38.19,33.07623,32.95603,0.1202,24.57731,24.97051,-0.3932,3.0041,2.9857,47.87,0.0002,0.3,normal
38.2,33.15337,33.02921,0.12416,24.48914,24.92099,-0.43185,3.0188,2.9812,47.95,0.00231,0.3,normal
38.21,33.23287,33.11017,0.1227,24.3986,24.87682,-0.47822,2.9856,3.0,47.94,0.0023,0.3,normal
38.22,33.31474,33.1833,0.13144,24.30569,24.82727,-0.52158,2.9903,2.9889,47.86,0.00134,0.3,normal
38.23,33.39898,33.26138,0.13761,24.2104,24.78761,-0.57721,3.0176,3.0,47.91,0.00168,0.3,normal
38.24,33.4856,33.33081,0.15479,24.11271,24.74046,-0.62775,2.9988,3.0,47.69,0.00253,0.3,normal
38.25,33.57458,33.40372,0.17085,24.01263,24.69781,-0.68518,2.9882,2.9979,47.78,0.0013,0.3,normal
38.26,33.66593,33.47142,0.19452,23.91015,24.63342,-0.72327,3.013,3.0,48.0,0.00617,0.3,normal
38.27,33.75965,33.54644,0.21321,23.80526,24.55278,-0.74752,2.9982,2.9949,48.03,0.00543,0.3,normal
38.28,33.85573,33.61536,0.24037,23.69795,24.45139,-0.75343,3.0027,2.9796,47.92,0.00072,0.3,normal
38.29,33.95416,33.68994,0.26422,23.58823,24.35646,-0.76822,2.9942,3.0,48.14,0.00139,0.3,normal
38.3,34.05494,33.75957,0.29537,23.47609,24.25512,-0.77903,2.9902,2.994,48.0,0.00296,0.3,normal
38.31,34.15806,33.83596,0.32211,23.36152,24.16364,-0.80212,2.9985,3.0,47.89,0.00123,0.3,normal
38.32,34.26351,33.90425,0.35926,23.24453,24.06621,-0.82168,3.0026,2.9759,47.75,0.00778,0.3,normal
38.33,34.37127,33.9773,0.39398,23.1251,23.91957,-0.79447,3.011,2.993,48.16,0.00846,0.3,normal
38.34,34.48134,34.04361,0.43773,23.00324,23.75361,-0.75036,3.0042,2.9744,48.06,0.00155,0.3,normal
38.35,34.59369,34.11594,0.47775,22.87896,23.60046,-0.7215,3.0312,3.0,48.22,0.00141,0.3,normal
38.36,34.70831,34.18217,0.52614,22.75223,23.44599,-0.69375,3.0054,2.9987,48.28,0.00316,0.3,normal
38.37,34.82518,34.254,0.57118,22.62308,23.30186,-0.67879,2.9807,2.9955,47.77,0.00502,0.3,normal
38.38,34.94428,34.33026,0.61401,22.49149,23.15485,-0.66336,2.9786,3.0,47.78,0.00441,0.3,normal
38.39,35.06559,34.43791,0.62768,22.35747,23.01942,-0.66196,3.0311,2.9928,47.55,0.00371,0.3,normal
38.4,35.18909,34.53534,0.65375,22.22101,22.8824,-0.66139,3.0041,2.9928,48.12,0.00807,0.3,normal
38.41,35.31476,34.66375,0.651,22.08213,22.75328,-0.67114,3.0029,3.0,48.09,0.00727,0.3,normal
38.42,35.44256,34.82798,0.61458,21.94083,22.62086,-0.68004,2.9999,3.0,48.02,0.00278,0.3,normal
38.43,35.57247,34.99269,0.57978,21.7971,22.49634,-0.69924,2.9875,2.9777,47.82,0.00264,0.3,normal
38.44,35.70447,35.14548,0.55899,21.65095,22.36893,-0.71798,2.9976,2.9779,48.0,0.00218,0.3,normal
38.45,35.83852,35.30018,0.53834,21.50238,22.25254,-0.75016,2.984,2.9977,48.05,0.00427,0.3,normal
38.46,35.9746,35.444,0.5306,21.35141,22.13747,-0.78606,2.9968,2.9992,48.15,0.00299,0.3,normal
38.47,36.11266,35.58935,0.52332,21.19803,22.03236,-0.83433,2.9615,2.9838,48.08,0.00096,0.3,normal
38.48,36.25269,35.72088,0.53181,21.04225,21.91968,-0.87743,2.9861,2.9786,48.14,0.00918,0.3,normal
38.49,36.39463,35.85075,0.54388,20.88408,21.75612,-0.87203,2.9992,3.0,48.03,0.00748,0.3,normal
38.5,36.53846,35.96792,0.57054,20.72353,21.59085,-0.86733,2.995,2.9891,48.24,0.00256,0.3,normal
38.51,36.68413,36.08633,0.59781,20.5606,21.44108,-0.88049,2.9974,2.9974,48.16,0.00366,0.3,normal
38.52,36.83162,36.19184,0.63978,20.39529,21.2901,-0.89481,2.9807,3.0,47.89,0.00336,0.3,normal
38.53,36.98087,36.30016,0.68071,20.22763,21.14719,-0.91956,3.005,2.9679,48.29,0.00156,0.3,normal
38.54,37.13185,36.41566,0.71618,20.05762,21.00013,-0.94252,2.9978,3.0,48.27,0.00904,0.3,normal
38.55,37.28451,36.57238,0.71213,19.88526,20.86059,-0.97533,3.0154,3.0,48.16,0.0134,0.3,normal
38.56,37.43881,36.7438,0.69501,19.71057,20.67438,-0.96381,2.9965,2.996,48.14,0.00728,0.3,normal
38.57,37.59471,36.91663,0.67807,19.53356,20.4748,-0.94123,2.9833,3.0,48.36,0.00241,0.3,normal
38.58,37.75215,37.07761,0.67454,19.35425,20.27058,-0.91633,3.0115,2.9873,47.87,0.00291,0.3,normal
38.59,37.91109,37.24144,0.66965,19.17263,20.07478,-0.90215,3.0214,3.0,48.31,0.00136,0.3,normal
38.6,38.07148,37.39343,0.67805,18.98874,19.87711,-0.88837,3.018,3.0,48.06,0.00255,0.3,normal
38.61,38.23328,37.54636,0.68692,18.80257,19.68713,-0.88457,2.9804,3.0,48.31,0.00396,0.3,normal
38.62,38.39642,37.68845,0.70797,18.61414,19.49425,-0.88011,3.0058,2.9841,48.17,0.00206,0.3,normal
38.63,38.56086,37.83435,0.72651,18.42347,19.31282,-0.88936,2.9911,3.0,47.97,0.00256,0.3,normal
38.64,38.72655,37.96742,0.75913,18.23057,19.13144,-0.90087,2.9921,3.0,48.09,0.00656,0.3,normal
38.65,38.89343,38.12952,0.76391,18.03546,18.96078,-0.92532,3.0051,2.9886,48.33,0.00487,0.3,normal
38.66,39.06144,38.29876,0.76268,17.83815,18.78902,-0.95087,2.9753,3.0,48.15,0.00233,0.3,normal
38.67,39.23053,38.46737,0.76316,17.63866,18.62781,-0.98915,3.0058,2.9884,48.1,0.00416,0.3,normal
38.68,39.40064,38.62504,0.7756,17.43701,18.46531,-1.02831,2.9786,2.9802,48.1,0.01045,0.3,normal
38.69,39.57171,38.78464,0.78708,17.23321,18.27001,-1.03681,3.0004,2.9656,48.3,0.01357,0.3,normal
38.7,39.74369,38.9497,0.79399,17.02728,18.01143,-0.98415,2.9875,2.9866,48.48,0.0057,0.3,normal
38.71,39.91652,39.14408,0.77244,16.81924,17.76268,-0.94344,2.9959,3.0,47.9,0.00197,0.3,normal
38.72,40.09012,39.33008,0.76005,16.60911,17.51068,-0.90158,2.9933,3.0,48.65,0.0018,0.3,normal
38.73,40.26445,39.51713,0.74732,16.3969,17.26912,-0.87222,3.0065,2.9924,48.27,0.00498,0.3,normal
38.74,40.43944,39.69158,0.74785,16.18265,17.02728,-0.84463,2.9983,2.9912,48.34,0.00186,0.3,normal
38.75,40.61502,39.86774,0.74728,15.96636,16.79589,-0.82953,3.0305,2.9941,48.2,0.00201,0.3,normal
38.76,40.79113,40.03409,0.75704,15.74807,16.56426,-0.81619,3.015,3.0,48.27,0.00316,0.3,normal
38.77,40.96771,40.20342,0.76429,15.52778,16.34288,-0.8151,2.9866,2.9849,48.31,0.00217,0.3,normal
38.78,41.14469,40.36316,0.78154,15.30553,16.11709,-0.81156,2.9835,2.9957,48.13,0.00128,0.3,normal
38.79,41.32201,40.52518,0.79682,15.08133,15.90143,-0.8201,3.007,3.0,48.17,0.01043,0.3,normal
38.8,41.49959,40.73075,0.76884,14.85521,15.68173,-0.82652,2.9928,3.0,48.48,0.00952,0.3,normal
38.81,41.67738,40.97148,0.7059,14.6272,15.47039,-0.84319,2.9941,2.9819,48.08,0.00243,0.3,normal
38.82,41.85529,41.19869,0.6566,14.39731,15.25718,-0.85987,2.9738,2.9978,48.39,0.00304,0.3,normal
38.83,42.03327,41.42814,0.60513,14.16557,15.05379,-0.88823,2.9911,2.9901,48.28,0.00256,0.3,normal
38.84,42.21125,41.64874,0.56251,13.932,14.84635,-0.91435,2.9763,2.9791,48.2,0.0016,0.3,normal
38.85,42.38914,41.86983,0.51932,13.69664,14.65077,-0.95413,2.9953,3.0,48.65,0.00362,0.3,normal
38.86,42.5669,42.07765,0.48925,13.4595,14.45503,-0.99553,3.0208,3.0,48.22,0.0027,0.3,normal
38.87,42.74443,42.289,0.45544,13.22061,14.26932,-1.04871,2.9941,3.0,48.2,0.0014,0.3,normal
38.88,42.92168,42.49332,0.42836,12.98,14.08138,-1.10138,2.9943,2.99,48.35,0.00368,0.3,normal
38.89,43.09857,42.69772,0.40086,12.7377,13.90807,-1.17037,3.0203,3.0,48.27,0.00888,0.3,normal
38.9,43.27504,42.89224,0.38279,12.49373,13.70666,-1.21293,2.9901,3.0,48.4,0.00679,0.3,normal
38.91,43.45099,43.08753,0.36346,12.24812,13.47218,-1.22406,3.0045,2.9932,48.43,0.0062,0.3,normal
38.92,43.62638,43.27041,0.35597,12.0009,13.23413,-1.23323,2.3907,2.9893,48.45,0.00799,0.3,normal
38.93,43.80111,43.42026,0.38085,11.7521,13.00778,-1.25568,3.0134,2.9988,48.4,0.00181,0.3,normal
38.94,43.97513,43.55843,0.4167,11.50175,12.77914,-1.27739,2.9918,3.0,48.32,0.00233,0.3,normal
38.95,44.14835,43.70148,0.44687,11.24988,12.55883,-1.30896,2.9858,3.0,48.53,0.00407,0.3,normal
38.96,44.32071,43.83515,0.48556,10.99651,12.34036,-1.34385,2.9736,3.0,48.43,0.01196,0.3,normal
38.97,44.49212,43.96804,0.52408,10.74167,12.08844,-1.34677,3.0332,2.9949,48.38,0.01254,0.3,normal
38.98,44.66253,44.09079,0.57174,10.48541,11.76432,-1.27891,2.9973,3.0,48.68,0.00369,0.3,normal
38.99,44.83184,44.2167,0.61515,10.22774,11.45234,-1.2246,2.9947,2.9942,48.45,0.00252,0.3,normal
39.0,45.0,44.33098,0.66902,9.9687,11.14184,-1.17314,2.995,2.989,48.64,0.00212,0.3,normal
39.01,45.16692,44.44997,0.71695,9.70833,10.84073,-1.1324,2.9942,2.9965,48.67,0.00307,0.3,normal
39.02,45.33254,44.55748,0.77505,9.44665,10.53791,-1.09126,3.0191,3.0,48.69,0.00526,0.3,normal
39.03,45.49677,44.71046,0.78632,9.18369,10.24716,-1.06347,3.0136,2.9825,48.61,0.00495,0.3,normal
39.04,45.65955,44.85079,0.80876,8.91949,9.9593,-1.03981,2.9911,3.0,48.51,0.00423,0.3,normal
39.05,45.82081,44.992,0.8288,8.65408,9.68324,-1.02915,2.9827,3.0,48.51,0.00784,0.3,normal
39.06,45.98046,45.16527,0.81519,8.3875,9.40343,-1.01593,2.9681,2.9999,48.5,0.00739,0.3,normal
39.07,46.13844,45.36809,0.77035,8.11978,9.13629,-1.01651,2.9842,2.9817,48.22,0.00303,0.3,normal
39.08,46.29468,45.56185,0.73283,7.85095,8.8661,-1.01516,3.005,2.9871,48.66,0.00276,0.3,normal
39.09,46.44909,45.75864,0.69046,7.58104,8.60523,-1.02418,2.9649,2.9883,48.6,0.00179,0.3,normal
39.1,46.60162,45.94411,0.65752,7.3101,8.3446,-1.0345,3.0142,2.9801,48.69,0.0036,0.3,normal
39.11,46.75219,46.13416,0.61803,7.03815,8.09937,-1.06122,3.0096,3.0,48.56,0.00429,0.3,normal
39.12,46.90072,46.31234,0.58838,6.76523,7.8543,-1.08907,3.0134,3.0,48.69,0.00235,0.3,normal
39.13,47.04715,46.49115,0.556,6.49138,7.62355,-1.13216,2.9991,3.0,48.39,0.00348,0.3,normal
39.14,47.19141,46.6598,0.53161,6.21663,7.39279,-1.17616,3.0289,2.9938,48.43,0.00374,0.3,normal
39.15,47.33342,46.83268,0.50074,5.94102,7.17485,-1.23383,2.9913,2.9981,48.24,0.00226,0.3,normal
39.16,47.47311,46.99281,0.4803,5.66458,6.95442,-1.28984,3.0048,3.0,48.6,0.00392,0.3,normal
39.17,47.61042,47.15314,0.45729,5.38735,6.7445,-1.35715,3.0092,3.0,48.52,0.00332,0.3,normal
39.18,47.74528,47.30473,0.44056,5.10936,6.53316,-1.4238,3.0232,2.9916,48.5,0.01219,0.3,normal
39.19,47.87763,47.45824,0.41939,4.83066,6.28398,-1.45332,2.9891,3.0,48.7,0.01437,0.3,normal
39.2,48.00738,47.59972,0.40766,4.55127,5.95568,-1.40441,2.9745,3.0,48.59,0.00275,0.3,normal
39.21,48.13448,47.74316,0.39131,4.27124,5.63679,-1.36555,3.0075,3.0,48.45,0.00137,0.3,normal
39.22,48.25886,47.87761,0.38125,3.99061,5.31585,-1.32524,2.9975,2.9821,49.06,0.00191,0.3,normal
39.23,48.38045,48.01886,0.36159,3.7094,5.00419,-1.29479,3.0144,3.0,48.68,0.00332,0.3,normal
39.24,48.49919,48.14936,0.34983,3.42766,4.68879,-1.26113,2.9942,3.0,48.53,0.00295,0.3,normal
39.25,48.61502,48.27867,0.33635,3.14542,4.38307,-1.23765,3.0127,3.0,48.6,0.00324,0.3,normal
39.26,48.72787,48.39541,0.33246,2.86273,4.07638,-1.21365,3.0003,3.0,48.69,0.00364,0.3,normal
39.27,48.83768,48.51427,0.32341,2.57962,3.77799,-1.19837,3.0005,3.0,48.69,0.00132,0.3,normal
39.28,48.94439,48.62257,0.32182,2.29612,3.47358,-1.17746,3.0382,2.9961,48.92,0.00272,0.3,normal
39.29,49.04793,48.73312,0.31481,2.01229,3.18136,-1.16908,2.9921,3.0,48.72,0.00414,0.3,normal
39.3,49.14826,48.83211,0.31614,1.72814,2.88823,-1.16009,2.9893,3.0,49.02,0.00198,0.3,normal
39.31,49.2453,48.9325,0.3128,1.44373,2.60424,-1.16051,3.0133,3.0,48.69,0.00198,0.3,normal
39.32,49.339,49.02129,0.31771,1.15909,2.31589,-1.15681,2.9894,3.0,48.82,0.00346,0.3,normal
39.33,49.42931,49.11319,0.31612,0.87425,2.03851,-1.16426,2.9985,3.0,48.92,0.00133,0.3,normal
39.34,49.51617,49.19867,0.3175,0.58927,1.75822,-1.16895,2.9954,2.9854,48.96,0.00199,0.3,normal
39.35,49.59952,49.29163,0.30789,0.30416,1.4895,-1.18534,3.0038,2.975,48.98,0.00291,0.3,normal
39.36,49.6793,49.37832,0.30098,0.01899,1.21991,-1.20092,3.0148,2.9964,48.75,0.00181,0.3,normal
39.37,49.75548,49.47042,0.28506,-0.26623,0.96187,-1.2281,2.9896,2.9813,48.8,0.00163,0.3,normal
39.38,49.82798,49.55733,0.27066,-0.55144,0.70233,-1.25377,3.0037,2.9868,48.44,0.00278,0.3,normal
39.39,49.89678,49.65214,0.24463,-0.83662,0.45122,-1.28784,2.9796,2.9824,48.79,0.00258,0.3,normal
39.4,49.9618,49.73949,0.22231,-1.12171,0.2,-1.32171,3.0018,3.0,48.99,0.00119,0.3,normal
39.41,50.02301,49.83242,0.19059,-1.4067,-0.04025,-1.36644,3.0155,3.0,48.97,0.00322,0.3,normal
39.42,50.08036,49.9205,0.15986,-1.69152,-0.2801,-1.41142,2.9924,2.9954,48.83,0.00262,0.3,normal
39.43,50.1338,50.01424,0.11956,-1.97616,-0.50587,-1.47028,3.0238,3.0,49.1,0.01163,0.3,normal
39.44,50.18329,50.0288,0.15449,-2.26056,-0.73319,-1.52737,2.986,3.0,48.79,0.01216,0.3,normal
39.45,50.22878,50.01949,0.2093,-2.54469,-0.94988,-1.59481,2.9968,3.0,48.75,0.00561,0.3,normal
39.46,50.27024,50.00453,0.2657,-2.82852,-1.19835,-1.63017,2.9989,2.95,48.79,0.00442,0.3,normal
39.47,50.30761,49.99645,0.31117,-3.112,-1.45509,-1.65691,2.9852,3.0,48.7,0.0029,0.3,normal
39.48,50.34087,49.9823,0.35856,-3.3951,-1.71168,-1.68341,2.9953,3.0,48.97,0.00704,0.3,normal
39.49,50.36996,49.97512,0.39484,-3.67777,-1.96996,-1.70781,3.0084,2.9988,48.93,0.01259,0.3,normal
39.5,50.39487,50.03006,0.36481,-3.95999,-2.28238,-1.6776,2.9799,3.0,48.98,0.0092,0.3,normal
39.51,50.41554,50.09049,0.32505,-4.2417,-2.58415,-1.65755,2.9963,2.9981,48.84,0.00245,0.3,normal
39.52,50.43194,50.14457,0.28737,-4.52289,-2.88755,-1.63534,3.0146,3.0,48.9,0.00112,0.3,normal
39.53,50.44405,50.207,0.23705,-4.8035,-3.18308,-1.62041,3.0275,2.9845,48.59,0.00172,0.3,normal
39.54,50.45183,50.26385,0.18798,-5.0835,-3.48158,-1.60192,3.0022,3.0,48.98,0.0023,0.3,normal
39.55,50.45525,50.32673,0.12853,-5.36285,-3.77025,-1.5926,2.9983,3.0,48.94,0.00117,0.3,normal
39.56,50.45428,50.38396,0.07033,-5.64152,-4.05999,-1.58153,2.9874,3.0,48.77,0.00266,0.3,normal
39.57,50.4489,50.44664,0.00225,-5.91947,-4.33851,-1.58096,2.9934,2.9846,48.93,0.00319,0.3,normal
39.58,50.43907,50.50098,-0.06191,-6.19666,-4.62115,-1.57551,2.9831,3.0,48.91,0.00709,0.3,normal
39.59,50.42478,50.50096,-0.07619,-6.47306,-4.89324,-1.57982,2.9919,2.9934,49.22,0.00816,0.3,normal
39.6,50.406,50.48841,-0.08242,-6.74863,-5.16751,-1.58112,3.0015,2.9994,48.81,0.00342,0.3,normal
39.61,50.3827,50.4817,-0.099,-7.02333,-5.42707,-1.59626,2.991,3.0,49.02,0.00155,0.3,normal
39.62,50.35488,50.46911,-0.11423,-7.29713,-5.68605,-1.61107,2.9803,3.0,48.81,0.01341,0.3,normal
39.63,50.32251,50.46372,-0.14122,-7.56999,-6.01468,-1.5553,3.0022,3.0,48.9,0.01483,0.3,normal
39.64,50.28557,50.45675,-0.17118,-7.84187,-6.39882,-1.44305,3.0149,3.0,49.03,0.00146,0.3,normal
39.65,50.24405,50.45828,-0.21423,-8.11275,-6.77481,-1.33794,3.0049,2.9762,48.97,0.00599,0.3,normal
39.66,50.19793,50.45019,-0.25226,-8.38259,-7.14989,-1.2327,2.4303,3.0,49.01,0.01452,0.3,normal
39.67,50.14721,50.41707,-0.26986,-8.65134,-7.48423,-1.16712,3.0116,2.9883,49.06,0.00803,0.3,normal
39.68,50.09187,50.37795,-0.28609,-8.91899,-7.77281,-1.14618,2.9893,2.9978,48.94,0.0011,0.3,normal
39.69,50.0319,50.34242,-0.31052,-9.18548,-8.05023,-1.13525,2.9992,2.994,49.16,0.00328,0.3,normal
39.7,49.96729,50.30147,-0.33418,-9.4508,-8.32789,-1.12291,2.9942,3.0,48.99,0.00275,0.3,normal
39.71,49.89805,50.26438,-0.36634,-9.7149,-8.59585,-1.11905,2.9036,2.9786,49.02,0.0062,0.3,normal
39.72,49.82416,50.20269,-0.37854,-9.97776,-8.86461,-1.11315,2.9907,3.0,49.1,0.00653,0.3,normal
39.73,49.74561,50.11694,-0.37133,-10.23934,-9.1256,-1.11373,2.9913,3.0,49.08,0.00226,0.3,normal
39.74,49.66242,50.02617,-0.36375,-10.4996,-9.38783,-1.11177,2.9925,2.9899,49.15,0.00177,0.3,normal
39.75,49.57458,49.93935,-0.36477,-10.75852,-9.63613,-1.12239,2.9708,2.991,49.1,0.00345,0.3,normal
39.76,49.48209,49.84606,-0.36398,-11.01606,-9.88712,-1.12894,2.9781,3.0,49.13,0.00238,0.3,normal
39.77,49.38495,49.76137,-0.37642,-11.27219,-10.1257,-1.14648,2.9943,3.0,49.02,0.00064,0.3,normal
39.78,49.28317,49.66928,-0.38611,-11.52688,-10.36515,-1.16173,2.9841,3.0,48.91,0.00235,0.3,normal
39.79,49.17676,49.58524,-0.40848,-11.7801,-10.59659,-1.18351,3.0094,3.0,48.86,0.00196,0.3,normal
39.8,49.06572,49.4983,-0.43257,-12.03182,-10.83303,-1.19879,3.0188,3.0,48.83,0.00114,0.3,normal
39.81,48.95007,49.41677,-0.4667,-12.28201,-11.0595,-1.22251,3.0016,2.9972,49.35,0.00265,0.3,normal
39.82,48.8298,49.33003,-0.50023,-12.53064,-11.28606,-1.24458,2.9892,2.9934,48.76,0.00618,0.3,normal
39.83,48.70495,49.22392,-0.51897,-12.77767,-11.49747,-1.2802,2.9693,2.9965,49.27,0.00437,0.3,normal
39.84,48.57552,49.10315,-0.52764,-13.02309,-11.71068,-1.31241,2.9875,2.9754,48.98,0.0023,0.3,normal
39.85,48.44152,48.98884,-0.54733,-13.26686,-11.91376,-1.3531,2.9889,3.0,49.28,0.00298,0.3,normal
39.86,48.30298,48.87264,-0.56966,-13.50895,-12.11806,-1.39089,2.9943,2.9949,48.78,0.00466,0.3,normal
39.87,48.15991,48.74631,-0.58641,-13.74934,-12.3241,-1.42523,2.9943,3.0,49.08,0.00564,0.3,normal
39.88,48.01233,48.61084,-0.59851,-13.98799,-12.55473,-1.43326,3.0017,3.0,49.34,0.00369,0.3,normal
39.89,47.86027,48.48616,-0.62589,-14.22489,-12.77571,-1.44917,2.9949,3.0,49.23,0.00302,0.3,normal
39.9,47.70375,48.3383,-0.63455,-14.46,-12.99909,-1.46091,2.9932,2.9939,49.08,0.00571,0.3,normal
39.91,47.54279,48.19915,-0.65636,-14.6933,-13.24377,-1.44953,2.9768,3.0,48.84,0.00867,0.3,normal
39.92,47.37742,48.04435,-0.66693,-14.92476,-13.49534,-1.42943,3.0154,3.0,48.94,0.00513,0.3,normal
39.93,47.20767,47.86824,-0.66057,-15.15437,-13.737,-1.41737,3.0075,3.0,49.36,0.00231,0.3,normal
39.94,47.03356,47.685,-0.65144,-15.38208,-13.97883,-1.40325,3.0052,2.9811,49.1,0.00345,0.3,normal
39.95,46.85513,47.5099,-0.65477,-15.60789,-14.20621,-1.40168,3.0221,3.0,49.15,0.00234,0.3,normal
39.96,46.67242,47.33592,-0.6635,-15.83176,-14.43712,-1.39464,3.021,3.0,49.21,0.00236,0.3,normal
39.97,46.48544,47.17509,-0.68965,-16.05367,-14.65828,-1.39539,2.9879,2.9899,48.97,0.00329,0.3,normal
39.98,46.29425,47.01298,-0.71873,-16.2736,-14.88463,-1.38897,2.9914,3.0,49.24,0.00108,0.3,normal
39.99,46.09887,46.85105,-0.75218,-16.49152,-15.10327,-1.38826,3.0009,2.9703,49.12,0.01358,0.3,normal
40.0,45.89935,46.63043,-0.73108,-16.70743,-15.34235,-1.36508,2.9836,2.981,49.23,0.01342,0.3,normal
40.01,45.69571,46.3702,-0.67449,-16.92128,-15.58376,-1.33752,3.0122,2.9998,49.11,0.00219,0.3,normal
40.02,45.48801,46.10869,-0.62068,-17.13307,-15.82952,-1.30355,3.0026,2.9977,48.97,0.0011,0.3,normal
40.03,45.27629,45.859,-0.58271,-17.34277,-16.06714,-1.27563,3.0081,2.9905,49.14,0.00374,0.3,normal
40.04,45.06059,45.60571,-0.54512,-17.55036,-16.30457,-1.24579,3.0069,3.0,49.31,0.0028,0.3,normal
40.05,44.84094,45.36224,-0.52129,-17.75583,-16.52768,-1.22815,3.0226,3.0,49.28,0.00314,0.3,normal
40.06,44.61741,45.11924,-0.50183,-17.95915,-16.75155,-1.2076,2.9943,2.9845,49.23,0.00376,0.3,normal
40.07,44.39003,44.88649,-0.49645,-18.16031,-16.96232,-1.19798,2.9867,2.984,49.37,0.00294,0.3,normal
40.08,44.15886,44.65209,-0.49323,-18.35928,-17.17553,-1.18375,3.0063,2.9905,49.21,0.00221,0.3,normal
40.09,43.92395,44.42901,-0.50506,-18.55605,-17.38101,-1.17505,2.9987,3.0,49.26,0.0028,0.3,normal
40.1,43.68533,44.20334,-0.518,-18.75061,-17.5891,-1.16151,3.007,2.9887,49.18,0.00283,0.3,normal
40.11,43.44308,43.98868,-0.5456,-18.94294,-17.7875,-1.15544,3.0049,2.9906,49.4,0.00236,0.3,normal
40.12,43.19724,43.77156,-0.57432,-19.13302,-17.98752,-1.1455,3.0121,3.0,49.31,0.0027,0.3,normal
40.13,42.94786,43.56574,-0.61788,-19.32083,-18.18044,-1.14039,2.9967,3.0,49.19,0.00266,0.3,normal
40.14,42.695,43.36035,-0.66535,-19.50637,-18.37921,-1.12717,2.9895,3.0,49.05,0.00142,0.3,normal
40.15,42.43872,43.16396,-0.72524,-19.68962,-18.56939,-1.12023,2.9808,2.9787,49.45,0.00268,0.3,normal
40.16,42.17908,42.96217,-0.78309,-19.87056,-18.7607,-1.10986,2.972,3.0,49.18,0.00222,0.3,normal
40.17,41.91613,42.7666,-0.85047,-20.04918,-18.94214,-1.10704,3.0071,3.0,49.3,0.00052,0.3,normal
40.18,41.64993,42.56898,-0.91905,-20.22547,-19.13091,-1.09457,2.9994,3.0,49.65,0.00256,0.3,normal
40.19,41.38055,42.38411,-1.00356,-20.39942,-19.31259,-1.08684,2.9989,3.0,49.42,0.01027,0.3,normal
40.2,41.10805,42.11072,-1.00267,-20.57102,-19.50016,-1.07086,2.9993,2.981,49.55,0.00903,0.3,normal
40.21,40.83248,41.83888,-1.0064,-20.74025,-19.67894,-1.06131,2.9816,3.0,49.24,0.00247,0.3,normal
40.22,40.55392,41.56501,-1.01109,-20.9071,-19.86239,-1.04472,3.0011,2.9829,49.49,0.00615,0.3,normal
40.23,40.27242,41.30297,-1.03055,-21.07158,-20.07668,-0.9949,2.9847,3.0,49.34,0.0046,0.3,normal
40.24,39.98806,41.03832,-1.05026,-21.23365,-20.29369,-0.93997,3.0127,3.0,49.39,0.00246,0.3,normal
40.25,39.7009,40.78682,-1.08592,-21.39333,-20.50061,-0.89272,2.9926,3.0,49.65,0.00325,0.3,normal
40.26,39.411,40.53526,-1.12425,-21.55059,-20.71474,-0.83585,2.9971,3.0,49.31,0.00182,0.3,normal
40.27,39.11844,40.29515,-1.17671,-21.70544,-20.92055,-0.78489,3.005,2.9826,49.36,0.00647,0.3,normal
40.28,38.82329,40.0353,-1.21201,-21.85786,-21.12857,-0.72929,3.0355,2.9889,49.23,0.0065,0.3,normal
40.29,38.5256,39.74998,-1.22438,-22.00785,-21.32848,-0.67938,3.0124,2.9762,49.51,0.00188,0.3,normal
40.3,38.22546,39.46484,-1.23938,-22.15541,-21.52946,-0.62595,2.9933,3.0,49.3,0.00313,0.3,normal
40.31,37.92293,39.1927,-1.26976,-22.30052,-21.72036,-0.58016,2.9921,3.0,49.54,0.0126,0.3,normal
40.32,37.61809,38.90838,-1.29029,-22.44319,-21.91191,-0.53128,1.373,3.0,49.15,0.01154,0.3,normal
40.33,37.31101,38.54271,-1.2317,-22.5834,-22.08996,-0.49345,2.9841,3.0,49.48,0.00283,0.3,normal
40.34,37.00175,38.17438,-1.17263,-22.72116,-22.2665,-0.45466,3.0069,3.0,49.31,0.00476,0.3,normal
40.35,36.6904,37.82038,-1.12998,-22.85647,-22.43142,-0.42504,2.9909,3.0,49.53,0.00334,0.3,normal
40.36,36.37703,37.46662,-1.08959,-22.98931,-22.59667,-0.39264,2.9743,3.0,49.42,0.00179,0.3,normal
40.37,36.06171,37.12095,-1.05924,-23.11969,-22.75353,-0.36617,3.0006,2.9673,49.35,0.00444,0.3,normal
40.38,35.74452,36.77398,-1.02947,-23.24761,-22.9098,-0.33781,3.0174,2.9951,49.38,0.00297,0.3,normal
40.39,35.42553,36.43864,-1.01312,-23.37307,-23.05369,-0.31937,2.9853,2.9789,49.32,0.00116,0.3,normal
40.4,35.10481,36.09879,-0.99398,-23.49606,-23.20014,-0.29592,2.9998,2.9829,49.58,0.00344,0.3,normal
40.41,34.78245,35.77054,-0.98809,-23.61659,-23.3362,-0.28039,3.0022,2.9907,49.3,0.00332,0.3,normal
40.42,34.45852,35.44309,-0.98458,-23.73466,-23.47298,-0.26167,3.0251,2.9907,49.43,0.00258,0.3,normal
40.43,34.13309,35.12828,-0.99519,-23.85026,-23.59753,-0.25273,2.9951,2.9875,49.53,0.00348,0.3,normal
40.44,33.80625,34.81133,-1.00508,-23.96341,-23.72554,-0.23787,2.9932,2.9722,49.72,0.00252,0.3,normal
40.45,33.47807,34.50504,-1.02697,-24.0741,-23.84335,-0.23075,2.9875,3.0,49.49,0.00249,0.3,normal
40.46,33.14863,34.19732,-1.04868,-24.18233,-23.9607,-0.22164,3.013,3.0,49.46,0.00414,0.3,normal
40.47,32.81801,33.90188,-1.08387,-24.28812,-24.06378,-0.22434,2.9942,3.0,49.54,0.00329,0.3,normal
40.48,32.48628,33.60504,-1.11876,-24.39146,-24.16869,-0.22277,3.0195,2.9847,49.2,0.00115,0.3,normal
40.49,32.15352,33.32004,-1.16652,-24.49235,-24.26656,-0.22579,3.0068,2.9822,49.33,0.00236,0.3,normal
40.5,31.81981,33.03237,-1.21257,-24.59081,-24.36906,-0.22175,2.9995,2.9839,49.46,0.00279,0.3,normal
40.51,31.48522,32.75487,-1.26965,-24.68685,-24.46201,-0.22483,2.9913,2.9981,49.42,0.0009,0.3,normal
40.52,31.14985,32.4743,-1.32445,-24.78045,-24.56253,-0.21792,3.0111,2.9993,49.29,0.00202,0.3,normal
40.53,30.81375,32.20414,-1.39038,-24.87164,-24.65735,-0.21429,2.7257,3.0,49.67,0.00801,0.3,normal
40.54,30.47702,31.91103,-1.43401,-24.96042,-24.75692,-0.2035,2.1483,2.9903,49.58,0.0054,0.3,normal
40.55,30.13973,31.58025,-1.44052,-25.04679,-24.84775,-0.19904,2.9793,3.0,49.57,0.00263,0.3,normal
40.56,29.80195,31.2467,-1.44475,-25.13077,-24.94364,-0.18713,3.0108,2.9912,49.45,0.00265,0.3,normal
40.57,29.46377,30.92372,-1.45995,-25.21236,-25.03256,-0.1798,3.0007,3.0,49.58,0.00094,0.3,normal
40.58,29.12527,30.60035,-1.47509,-25.29158,-25.12913,-0.16245,2.99,2.9871,49.65,0.00246,0.3,normal
40.59,28.78651,30.28812,-1.50161,-25.36843,-25.21631,-0.15212,3.0059,3.0,49.54,0.00242,0.3,normal
40.6,28.44758,29.96625,-1.51866,-25.44292,-25.3078,-0.13512,3.0087,3.0,49.65,0.00415,0.3,normal
40.61,28.10856,29.61939,-1.51084,-25.51507,-25.39251,-0.12256,2.9771,3.0,49.47,0.00317,0.3,normal
40.62,27.76951,29.27109,-1.50158,-25.58488,-25.48263,-0.10224,2.9986,3.0,49.61,0.0035,0.3,normal
40.63,27.43053,28.93366,-1.50313,-25.65236,-25.56379,-0.08858,3.0003,3.0,49.78,0.00375,0.3,normal
40.64,27.09167,28.59267,-1.501,-25.71754,-25.64281,-0.07473,2.9941,3.0,49.8,0.00397,0.3,normal
40.65,26.75303,28.26183,-1.5088,-25.78041,-25.69556,-0.08486,3.032,2.9978,49.82,0.00564,0.3,normal
40.66,26.41466,27.91829,-1.50363,-25.841,-25.75653,-0.08447,3.0062,2.9911,49.67,0.00387,0.3,normal
40.67,26.07666,27.55663,-1.47998,-25.89932,-25.80899,-0.09033,2.991,2.9449,49.64,0.00234,0.3,normal
40.68,25.73908,27.19547,-1.45639,-25.95538,-25.86442,-0.09096,2.9981,3.0,49.57,0.00285,0.3,normal
40.69,25.40201,26.84642,-1.4444,-26.00919,-25.91477,-0.09442,3.0009,3.0,49.37,0.00216,0.3,normal
40.7,25.06552,26.49884,-1.43332,-26.06077,-25.97332,-0.08745,2.9959,3.0,49.45,0.00141,0.3,normal
40.71,24.72969,26.16395,-1.43426,-26.11013,-26.02669,-0.08345,2.9747,2.9828,49.63,0.00302,0.3,normal
40.72,24.39457,25.82802,-1.43345,-26.1573,-26.08623,-0.07107,3.0067,2.9833,49.65,0.00275,0.3,normal
40.73,24.06025,25.50445,-1.4442,-26.20228,-26.13799,-0.06429,3.0117,2.9914,49.88,0.00042,0.3,normal
40.74,23.72679,25.17673,-1.44994,-26.2451,-26.19648,-0.04861,2.8839,2.9989,49.87,0.00731,0.3,normal
40.75,23.39426,24.83796,-1.4437,-26.28576,-26.24827,-0.03749,3.0037,2.9896,49.58,0.00791,0.3,normal
40.76,23.06274,24.46087,-1.39812,-26.32429,-26.29939,-0.0249,2.9965,3.0,49.81,0.00346,0.3,normal
40.77,22.7323,24.09313,-1.36084,-26.3607,-26.32723,-0.03348,3.0061,2.975,49.62,0.00282,0.3,normal
40.78,22.40299,23.72255,-1.31957,-26.39502,-26.35906,-0.03596,2.9832,3.0,49.8,0.00267,0.3,normal
40.79,22.07488,23.36233,-1.28744,-26.42725,-26.38582,-0.04143,2.9912,2.9814,49.83,0.00135,0.3,normal
40.8,21.74805,23.00092,-1.25287,-26.45743,-26.41861,-0.03882,2.9995,2.9825,49.9,0.00248,0.3,normal
40.81,21.42256,22.64943,-1.22686,-26.48556,-26.44588,-0.03968,2.9994,2.9884,49.65,0.0025,0.3,normal
40.82,21.09847,22.29493,-1.19646,-26.51166,-26.48186,-0.0298,3.0098,2.9714,49.88,0.00057,0.3,normal
40.83,20.77584,21.94968,-1.17383,-26.53576,-26.51093,-0.02484,2.9968,2.9822,49.45,0.00256,0.3,normal
40.84,20.45475,21.60181,-1.14707,-26.55788,-26.54667,-0.01121,2.9961,3.0,49.93,0.00236,0.3,normal
40.85,20.13524,21.26256,-1.12732,-26.57804,-26.58117,0.00313,2.9852,2.8684,49.74,0.0013,0.3,normal
40.86,19.81738,20.92022,-1.10285,-26.59625,-26.61342,0.01717,2.9946,2.9989,49.75,0.00271,0.3,normal
40.87,19.50122,20.58766,-1.08644,-26.61253,-26.63756,0.02503,2.9667,3.0,49.45,0.00448,0.3,normal
40.88,19.18684,20.2537,-1.06686,-26.62692,-26.66265,0.03573,3.003,3.0,49.71,0.0038,0.3,normal
40.89,18.87428,19.93036,-1.05608,-26.63943,-26.66492,0.0255,3.0098,2.9946,49.97,0.00222,0.3,normal
40.9,18.5636,19.60677,-1.04317,-26.65007,-26.67351,0.02343,3.0054,3.0,49.71,0.00353,0.3,normal
40.91,18.25485,19.29456,-1.0397,-26.65889,-26.67677,0.01788,2.9932,3.0,49.89,0.00165,0.3,normal
40.92,17.9481,18.9822,-1.0341,-26.66588,-26.69079,0.02491,3.0035,2.9808,49.79,0.00222,0.3,normal
40.93,17.64339,18.6818,-1.03841,-26.67109,-26.69675,0.02567,2.9985,2.9824,49.95,0.0035,0.3,normal
40.94,17.34077,18.3799,-1.03913,-26.67453,-26.70697,0.03244,2.9832,2.9883,49.83,0.00079,0.3,normal
40.95,17.0403,18.08982,-1.04952,-26.67622,-26.71053,0.03432,3.0159,2.9902,49.66,0.00234,0.3,normal
40.96,16.74202,17.7949,-1.05288,-26.67618,-26.71823,0.04204,2.9887,3.0,49.82,0.00311,0.3,normal
40.97,16.44599,17.51218,-1.0662,-26.67445,-26.71729,0.04284,2.9979,2.9729,50.05,0.00137,0.3,normal
40.98,16.15224,17.22656,-1.07432,-26.67105,-26.72197,0.05092,2.9865,3.0,49.89,0.0012,0.3,normal
40.99,15.86083,16.95101,-1.09018,-26.66599,-26.72159,0.0556,3.018,2.9783,49.81,0.00249,0.3,normal
41.0,15.5718,16.67235,-1.10055,-26.6593,-26.72895,0.06965,3.0137,3.0,50.17,0.00176,0.3,normal
41.01,15.28519,16.40608,-1.12089,-26.65101,-26.7309,0.07989,2.9949,3.0,50.01,0.00165,0.3,normal
41.02,15.00104,16.13999,-1.13895,-26.64114,-26.74001,0.09887,3.0011,3.0,49.96,0.00366,0.3,normal
41.03,14.7194,15.88729,-1.16789,-26.62971,-26.73914,0.10942,3.0152,2.983,49.89,0.00698,0.3,normal
41.04,14.4403,15.63489,-1.19459,-26.61676,-26.73823,0.12147,3.0068,2.3438,49.96,0.01205,0.3,normal
41.05,14.16378,15.38434,-1.22056,-26.6023,-26.69011,0.08781,1.6198,3.0,49.97,0.01036,0.3,normal
41.06,13.88988,15.05215,-1.16228,-26.58636,-26.65276,0.0664,3.0017,2.9945,49.53,0.00214,0.3,normal
41.07,13.61863,14.73096,-1.11233,-26.56897,-26.60591,0.03695,3.0039,2.9958,49.92,0.00052,0.3,normal
41.08,13.35007,14.40917,-1.0591,-26.55014,-26.56737,0.01723,3.0141,2.9958,49.84,0.00299,0.3,normal
41.09,13.08422,14.09986,-1.01564,-26.52991,-26.52134,-0.00857,3.0067,2.9896,49.8,0.00235,0.3,normal
41.1,12.82112,13.78857,-0.96745,-26.5083,-26.48083,-0.02748,2.9935,3.0,49.85,0.00036,0.3,normal
41.11,12.5608,13.4866,-0.9258,-26.48534,-26.43706,-0.04828,2.9849,2.995,49.65,0.00264,0.3,normal
41.12,12.30328,13.18134,-0.87806,-26.46105,-26.39994,-0.06112,3.0024,2.9884,49.62,0.003,0.3,normal
41.13,12.0486,12.88813,-0.83953,-26.43546,-26.35785,-0.07761,3.0137,2.992,50.08,0.00145,0.3,normal
41.14,11.79677,12.59624,-0.79948,-26.4086,-26.32222,-0.08637,2.9944,2.9819,49.97,0.00264,0.3,normal
41.15,11.54782,12.31512,-0.76731,-26.38048,-26.28192,-0.09855,3.011,3.0,49.54,0.00244,0.3,normal
41.16,11.30177,12.03171,-0.72994,-26.35114,-26.24874,-0.10239,3.0,2.9855,49.82,0.00137,0.3,normal
41.17,11.05864,11.75997,-0.70132,-26.3206,-26.21165,-0.10894,2.9976,2.9944,50.04,0.00785,0.3,normal
41.18,10.81846,11.53676,-0.7183,-26.28888,-26.18132,-0.10756,3.0143,2.9949,49.87,0.00805,0.3,normal
41.19,10.58123,11.32633,-0.7451,-26.25602,-26.14687,-0.10916,2.9783,3.0,50.1,0.00089,0.3,normal
41.2,10.34697,11.11299,-0.76601,-26.22204,-26.1177,-0.10434,3.0193,3.0,50.08,0.00279,0.3,normal
41.21,10.11571,10.91304,-0.79734,-26.18697,-26.08372,-0.10325,2.9926,3.0,49.72,0.00324,0.3,normal
41.22,9.88744,10.71634,-0.82889,-26.15083,-26.05586,-0.09497,3.0005,2.9839,49.91,0.00179,0.3,normal
41.23,9.66219,10.53394,-0.87175,-26.11364,-26.02065,-0.093,2.989,2.9987,49.86,0.00281,0.3,normal
41.24,9.43996,10.35261,-0.91265,-26.07544,-25.99284,-0.0826,3.0125,3.0,49.73,0.00286,0.3,normal
41.25,9.22075,10.18394,-0.96318,-26.03625,-25.96059,-0.07566,2.9928,2.9994,49.72,0.00071,0.3,normal
41.26,9.00459,10.01029,-1.0057,-25.99609,-25.93439,-0.06171,2.8146,2.9786,49.82,0.01,0.3,normal
41.27,8.79147,9.81142,-1.01995,-25.955,-25.90256,-0.05244,3.0124,2.9883,49.85,0.00964,0.3,normal
41.28,8.58139,9.55334,-0.97195,-25.91299,-25.87361,-0.03938,3.035,2.978,49.99,0.0009,0.3,normal
41.29,8.37436,9.30572,-0.93135,-25.87009,-25.83902,-0.03107,2.9961,3.0,50.11,0.00106,0.3,normal
41.3,8.17038,9.05267,-0.88229,-25.82634,-25.80838,-0.01796,2.993,3.0,50.03,0.00301,0.3,normal
41.31,7.96945,8.8097,-0.84025,-25.78174,-25.77076,-0.01099,3.0016,3.0,50.07,0.00176,0.3,normal
41.32,7.77156,8.56668,-0.79512,-25.73634,-25.74114,0.00481,2.9932,2.9945,49.93,0.00172,0.3,normal
41.33,7.57672,8.333,-0.75628,-25.69015,-25.70439,0.01424,3.0167,2.9984,50.06,0.00259,0.3,normal
41.34,7.38491,8.09554,-0.71064,-25.6432,-25.67291,0.02971,2.9895,3.0,49.95,0.00133,0.3,normal
41.35,7.19613,7.86896,-0.67284,-25.59552,-25.6347,0.03918,2.9937,2.988,49.91,0.00186,0.3,normal
41.36,7.01037,7.64151,-0.63114,-25.54712,-25.60235,0.05522,3.0142,3.0,50.27,0.00297,0.3,normal
41.37,6.82762,7.42652,-0.5989,-25.49804,-25.56436,0.06632,2.9936,2.9796,49.64,0.00282,0.3,normal
41.38,6.64787,7.21198,-0.56411,-25.4483,-25.53255,0.08425,3.0006,3.0,49.71,0.00203,0.3,normal
41.39,6.4711,7.00726,-0.53616,-25.39793,-25.49753,0.0996,3.0188,3.0,50.05,0.00305,0.3,normal
41.4,6.29731,6.80078,-0.50347,-25.34694,-25.4687,0.12176,2.9943,2.9984,49.96,0.0017,0.3,normal
41.41,6.12648,6.60362,-0.47714,-25.29536,-25.435,0.13963,2.9696,3.0,49.78,0.00216,0.3,normal
41.42,5.95858,6.40724,-0.44866,-25.24323,-25.40854,0.16531,2.9774,2.9823,49.84,0.00475,0.3,normal
41.43,5.7936,6.23301,-0.43941,-25.19055,-25.37397,0.18343,3.011,3.0,49.87,0.00408,0.3,normal
41.44,5.63153,6.06197,-0.43044,-25.13735,-25.34826,0.21091,3.0135,3.0,50.14,0.00175,0.3,normal
41.45,5.47233,5.90514,-0.43282,-25.08367,-25.31555,0.23188,2.9959,3.0,50.19,0.00282,0.3,normal
41.46,5.31598,5.74755,-0.43156,-25.02951,-25.29161,0.26209,2.9854,3.0,50.26,0.00286,0.3,normal
41.47,5.16247,5.60209,-0.43962,-24.97491,-25.25949,0.28457,2.9959,3.0,49.78,0.00099,0.3,normal
41.48,5.01176,5.45173,-0.43997,-24.91989,-25.23213,0.31224,2.9927,3.0,49.81,0.00261,0.3,normal
41.49,4.86383,5.31228,-0.44844,-24.86446,-25.19837,0.3339,3.0258,2.9958,49.81,0.00303,0.3,normal
41.5,4.71865,5.1722,-0.45355,-24.80866,-25.17112,0.36246,3.0136,2.9989,50.22,0.00142,0.3,normal
41.51,4.57619,5.0424,-0.4662,-24.7525,-25.13681,0.38431,3.0157,3.0,50.09,0.00205,0.3,normal
41.52,4.43642,4.91034,-0.47392,-24.69601,-25.10897,0.41296,2.9814,2.9984,50.04,0.0026,0.3,normal
41.53,4.29931,4.79025,-0.49095,-24.6392,-25.07549,0.43629,2.9841,2.983,50.07,0.00349,0.3,normal
41.54,4.16481,4.67003,-0.50522,-24.5821,-25.04609,0.46399,2.9883,2.5509,50.02,0.00483,0.3,normal
41.55,4.03291,4.55898,-0.52608,-24.52473,-24.98297,0.45824,2.9899,2.9931,49.87,0.00321,0.3,normal
41.56,3.90355,4.4465,-0.54295,-24.46711,-24.92545,0.45834,2.9928,2.9956,50.11,0.00121,0.3,normal
41.57,3.77671,4.34345,-0.56674,-24.40926,-24.85649,0.44723,3.0096,2.9864,50.01,0.00187,0.3,normal
41.58,3.65234,4.23816,-0.58582,-24.3512,-24.79818,0.44698,2.994,2.999,49.86,0.00247,0.3,normal
41.59,3.53041,4.14059,-0.61019,-24.29295,-24.73131,0.43836,3.0053,2.9924,50.13,0.00088,0.3,normal
41.6,3.41087,4.0384,-0.62754,-24.23453,-24.66969,0.43516,2.9861,3.0,49.98,0.00121,0.3,normal
41.61,3.29368,3.9407,-0.64703,-24.17596,-24.60242,0.42646,3.0013,3.0,50.08,0.00281,0.3,normal
41.62,3.1788,3.838,-0.6592,-24.11725,-24.54172,0.42447,3.0159,2.9899,50.03,0.00091,0.3,normal
41.63,3.06618,3.74494,-0.67876,-24.05844,-24.47257,0.41413,3.0068,3.0,50.18,0.0015,0.3,normal
41.64,2.95578,3.64671,-0.69092,-23.99952,-24.41328,0.41375,3.0143,3.0,50.08,0.00299,0.3,normal
41.65,2.84755,3.5582,-0.71065,-23.94053,-24.35015,0.40962,2.997,2.9983,49.92,0.00194,0.3,normal
41.66,2.74145,3.46395,-0.7225,-23.88148,-24.29512,0.41364,2.9726,3.0,50.1,0.00142,0.3,normal
41.67,2.63742,3.37004,-0.73263,-23.82238,-24.23526,0.41288,2.9959,2.9772,50.11,0.00671,0.3,normal
41.68,2.53541,3.25782,-0.72241,-23.76326,-24.18388,0.42062,2.9953,3.0,50.14,0.00414,0.3,normal
41.69,2.43538,3.13179,-0.69641,-23.70413,-24.12746,0.42333,3.0064,3.0,50.22,0.0018,0.3,normal
41.7,2.33727,3.00229,-0.66502,-23.64501,-24.0803,0.4353,2.9734,2.9915,49.97,0.00295,0.3,normal
41.71,2.24103,2.88523,-0.6442,-23.5859,-24.02695,0.44105,3.0035,2.9838,50.17,0.00251,0.3,normal
41.72,2.1466,2.76765,-0.62104,-23.52683,-23.9808,0.45397,3.0029,2.9861,49.81,0.00202,0.3,normal
41.73,2.05394,2.66236,-0.60842,-23.46782,-23.92282,0.455,2.997,2.9881,50.05,0.00411,0.3,normal
41.74,1.96298,2.55346,-0.59048,-23.40887,-23.86474,0.45587,2.9996,3.0,50.03,0.00164,0.3,normal
41.75,1.87368,2.45382,-0.58014,-23.35,-23.79946,0.44946,3.0358,2.984,50.29,0.0015,0.3,normal
41.76,1.78597,2.35212,-0.56616,-23.29123,-23.73729,0.44607,3.0066,2.9875,50.05,0.00234,0.3,normal
41.77,1.69979,2.26145,-0.56166,-23.23256,-23.66872,0.43616,2.9993,2.9935,50.17,0.00186,0.3,normal
41.78,1.61509,2.16569,-0.5506,-23.17401,-23.60494,0.43093,3.0014,3.0,49.81,0.00102,0.3,normal
41.79,1.53181,2.07678,-0.54497,-23.1156,-23.53618,0.42058,3.0155,2.9919,50.03,0.00233,0.3,normal
41.8,1.44989,1.98384,-0.53396,-23.05733,-23.47713,0.4198,2.9831,3.0,49.95,0.0017,0.3,normal
41.81,1.36926,1.89389,-0.52463,-22.99922,-23.41495,0.41573,3.0242,3.0,50.45,0.00031,0.3,normal
41.82,1.28988,1.79684,-0.50696,-22.94127,-23.35946,0.41818,3.0051,3.0,49.98,0.00243,0.3,normal
41.83,1.21167,1.70478,-0.49311,-22.88351,-23.29643,0.41292,3.0037,3.0,50.1,0.00278,0.3,normal
41.84,1.13457,1.6048,-0.47023,-22.82593,-23.23647,0.41054,3.0004,2.9981,50.11,0.00037,0.3,normal
41.85,1.05852,1.50897,-0.45045,-22.76855,-23.17242,0.40386,2.9801,2.9951,49.85,0.00214,0.3,normal
41.86,0.98346,1.40769,-0.42423,-22.71139,-23.1154,0.40401,3.0064,2.982,50.01,0.00186,0.3,normal
41.87,0.90933,1.3117,-0.40237,-22.65444,-23.05147,0.39704,2.996,3.0,50.15,0.00015,0.3,normal
41.88,0.83605,1.20966,-0.3736,-22.59771,-22.9985,0.40079,2.9872,3.0,50.11,0.00119,0.3,normal
41.89,0.76357,1.11218,-0.34861,-22.54122,-22.93953,0.39831,2.987,2.9944,49.75,0.00505,0.3,normal
41.9,0.69182,1.00791,-0.31608,-22.48497,-22.88386,0.39889,2.9775,2.5914,50.01,0.00343,0.3,normal
41.91,0.62074,0.91062,-0.28988,-22.42898,-22.7952,0.36623,3.0099,2.9912,50.25,0.00178,0.3,normal
41.92,0.55025,0.81055,-0.2603,-22.37323,-22.71237,0.33913,2.981,2.989,50.19,0.00204,0.3,normal
41.93,0.4803,0.71472,-0.23442,-22.31776,-22.62643,0.30867,2.9753,3.0,50.29,0.00063,0.3,normal
41.94,0.41082,0.61203,-0.20122,-22.26255,-22.54746,0.28491,3.0109,2.9944,49.96,0.00106,0.3,normal
41.95,0.34173,0.51605,-0.17432,-22.20761,-22.46288,0.25526,3.0394,2.9858,50.3,0.0025,0.3,normal
41.96,0.27299,0.41422,-0.14123,-22.15296,-22.38726,0.23431,3.0103,3.0,50.1,0.00064,0.3,normal
41.97,0.20451,0.31964,-0.11514,-22.09859,-22.30792,0.20933,2.9837,2.9816,50.35,0.00097,0.3,normal
41.98,0.13623,0.22166,-0.08544,-22.04451,-22.23406,0.18955,3.0028,2.9885,50.11,0.00306,0.3,normal
41.99,0.06808,0.13287,-0.06479,-21.99072,-22.1559,0.16518,3.0121,3.0,49.81,0.08251,0.3,normal
42.0,-36.52404,-0.00244,-36.5216,26.63485,-22.04162,48.67647,3.0173,3.0,50.25,0.3,0.3,normal
42.01,-36.52404,-1.44244,-35.0816,26.63485,-20.44552,47.08037,3.0039,3.0,50.12,0.3,0.3,normal
42.02,-36.52404,-4.81427,-31.70977,26.63485,-16.68633,43.32118,3.0165,2.999,50.24,0.3,0.3,normal
42.03,-36.52404,-10.10256,-26.42148,26.63485,-10.75411,37.38896,3.0073,2.9828,50.24,0.3,0.3,normal
42.04,-36.52404,-16.50418,-20.01986,26.63485,-3.43276,30.06761,3.0028,3.0,50.86,0.3,0.3,normal
42.05,-36.52404,-21.56954,-14.9545,26.63485,2.7493,23.88555,3.0102,3.0,50.66,0.3,0.3,normal
42.06,-36.52404,-25.47051,-11.05353,26.63485,7.7337,18.90115,2.9871,3.0,51.07,0.3,0.3,normal
42.07,-36.52404,-28.44454,-8.0795,26.63485,11.79818,14.83667,3.0249,2.9934,50.85,0.3,0.3,normal
42.08,-36.52404,-30.72986,-5.79417,26.63485,15.10552,11.52933,3.0182,2.9987,50.84,0.25261,0.3,normal
42.09,-36.52404,-32.48259,-4.04145,26.63485,17.77362,8.86123,2.9986,2.9668,51.22,0.19223,0.3,normal
42.1,-36.52404,-33.8302,-2.69383,26.63485,19.89348,6.74137,3.0211,3.0,51.05,0.13875,0.3,normal
42.11,-36.52404,-34.85593,-1.66811,26.63485,21.64862,4.98623,2.9955,2.9838,51.08,0.11763,0.3,normal
42.12,-36.52404,-35.66563,-0.85841,26.63485,22.99829,3.63656,3.0284,3.0,50.92,0.11103,0.3,normal
42.13,-36.52404,-36.26099,-0.26305,26.63485,24.13294,2.50191,3.0028,2.9789,51.07,0.0548,0.3,normal
42.14,-36.52404,-36.70331,0.17927,26.63485,25.06219,1.57266,3.0247,2.9843,51.21,0.06002,0.3,normal
42.15,-36.52404,-37.00949,0.48546,26.63485,25.75831,0.87654,2.9951,2.9997,50.97,0.04821,0.3,normal
42.16,-36.52404,-37.23472,0.71068,26.63485,26.35162,0.28323,2.9971,2.9978,51.09,0.00478,0.3,normal
42.17,-36.52404,-37.44946,0.92542,26.63485,26.76479,-0.12994,2.9975,3.0,51.12,0.00681,0.3,normal
42.18,-36.52404,-37.63568,1.11164,26.63485,27.16985,-0.535,3.0036,3.0,51.2,0.05329,0.3,normal
42.19,-36.52404,-37.7525,1.22846,26.63485,27.3608,-0.72595,3.0199,2.9901,51.42,0.06409,0.3,normal
42.2,-36.52404,-37.75321,1.22917,26.63485,27.54304,-0.90819,2.9866,2.9775,51.16,0.01587,0.3,normal
42.21,-36.52404,-37.73421,1.21017,26.63485,27.72811,-1.09326,3.021,2.9978,51.1,0.00148,0.3,normal
42.22,-36.52404,-37.72203,1.19799,26.63485,27.90185,-1.267,3.013,3.0,51.62,0.00754,0.3,normal
42.23,-36.52404,-37.70267,1.17864,26.63485,28.04347,-1.40862,3.0118,3.0,51.15,0.0086,0.3,normal
42.24,-36.52404,-37.68982,1.16578,26.63485,28.15163,-1.51678,2.9791,3.0,51.18,0.01283,0.3,normal
42.25,-36.52404,-37.66707,1.14303,26.63485,28.15385,-1.51899,3.0,3.0,51.16,0.01252,0.3,normal
42.26,-36.52404,-37.64913,1.12509,26.63485,28.1485,-1.51365,3.0023,2.9869,51.18,0.00266,0.3,normal
42.27,-36.52404,-37.62608,1.10204,26.63485,28.14523,-1.51038,2.9982,2.9976,51.23,0.00099,0.3,normal
42.28,-36.52404,-37.60825,1.08421,26.63485,28.13186,-1.49701,3.0188,3.0,51.36,0.0013,0.3,normal
42.29,-36.52404,-37.58596,1.06193,26.63485,28.12508,-1.49023,3.0005,3.0,51.29,0.00234,0.3,normal
42.3,-36.52404,-37.57047,1.04643,26.63485,28.11112,-1.47627,2.9901,3.0,51.4,0.0019,0.3,normal
42.31,-36.52404,-37.54926,1.02522,26.63485,28.09925,-1.4644,3.0032,2.9961,51.39,0.00159,0.3,normal
42.32,-36.52404,-37.53367,1.00963,26.63485,28.07907,-1.44422,2.987,3.0,51.27,0.00196,0.3,normal
42.33,-36.52404,-37.51133,0.98729,26.63485,28.06445,-1.4296,3.0029,3.0,51.3,0.00087,0.3,normal
42.34,-36.52404,-37.49534,0.9713,26.63485,28.04448,-1.40963,2.9912,2.9969,51.41,0.00122,0.3,normal
42.35,-36.52404,-37.47015,0.94611,26.63485,28.0292,-1.39435,2.9972,3.0,51.09,0.00189,0.3,normal
42.36,-36.52404,-37.45132,0.92728,26.63485,28.004,-1.36915,3.0017,3.0,51.63,0.00117,0.3,normal
42.37,-36.52404,-37.42318,0.89914,26.63485,27.98606,-1.35121,2.9899,2.9693,51.18,0.00072,0.3,normal
42.38,-36.52404,-37.40042,0.87639,26.63485,27.96024,-1.32539,3.0055,2.9971,51.21,0.0023,0.3,normal
42.39,-36.52404,-37.37145,0.84741,26.63485,27.93956,-1.3047,3.0246,3.0,51.08,0.00208,0.3,normal
42.4,-36.52404,-37.35073,0.82669,26.63485,27.91268,-1.27783,2.9971,2.9823,51.09,0.0008,0.3,normal
42.41,-36.52404,-37.32572,0.80168,26.63485,27.89327,-1.25842,3.0212,3.0,51.42,0.00409,0.3,normal
42.42,-36.52404,-37.3077,0.78366,26.63485,27.84022,-1.20537,2.9844,3.0,51.62,0.0041,0.3,normal
42.43,-36.52404,-37.28472,0.76068,26.63485,27.79124,-1.15639,2.9757,3.0,51.2,0.0006,0.3,normal
42.44,-36.52404,-37.26872,0.74468,26.63485,27.73433,-1.09948,2.9846,3.0,51.34,0.00178,0.3,normal
42.45,-36.52404,-37.24657,0.72253,26.63485,27.68425,-1.04939,2.9799,3.0,51.32,0.00188,0.3,normal
42.46,-36.52404,-37.22867,0.70463,26.63485,27.62789,-0.99304,2.9984,3.0,51.44,0.00072,0.3,normal
42.47,-36.52404,-37.20695,0.68291,26.63485,27.57525,-0.94039,3.0161,2.9909,51.63,0.00228,0.3,normal
42.48,-36.52404,-37.18948,0.66544,26.63485,27.51911,-0.88425,2.9712,2.9902,51.53,0.00163,0.3,normal
42.49,-36.52404,-37.16565,0.64161,26.63485,27.46782,-0.83297,3.0207,3.0,51.27,0.00098,0.3,normal
42.5,-36.52404,-37.14985,0.62581,26.63485,27.40961,-0.77476,3.0203,3.0,51.39,0.0017,0.3,normal
42.51,-36.52404,-37.12817,0.60413,26.63485,27.35618,-0.72132,3.0129,3.0,51.41,0.00253,0.3,normal
42.52,-36.52404,-37.11459,0.59055,26.63485,27.29297,-0.65812,2.9848,2.996,51.31,0.00032,0.3,normal
42.53,-36.52404,-37.09239,0.56835,26.63485,27.23562,-0.60077,3.0168,3.0,51.16,0.0011,0.3,normal
42.54,-36.52404,-37.07552,0.55149,26.63485,27.17161,-0.53675,2.9901,2.9856,51.2,0.00206,0.3,normal
42.55,-36.52404,-37.05229,0.52825,26.63485,27.11474,-0.47989,3.0028,2.9856,51.5,0.00114,0.3,normal
42.56,-36.52404,-37.03411,0.51007,26.63485,27.0523,-0.41745,2.989,3.0,51.52,0.00129,0.3,normal
42.57,-36.52404,-37.0097,0.48566,26.63485,26.9978,-0.36295,3.0068,2.9973,51.31,0.00271,0.3,normal
42.58,-36.52404,-36.98966,0.46562,26.63485,26.93889,-0.30404,2.9814,3.0,51.38,0.00013,0.3,normal
42.59,-36.52404,-36.96335,0.43931,26.63485,26.88557,-0.25072,3.0099,3.0,51.52,0.00068,0.3,normal
42.6,-36.52404,-36.94257,0.41853,26.63485,26.82571,-0.19086,3.0088,2.9907,51.09,0.00228,0.3,normal
42.61,-36.52404,-36.91773,0.39369,26.63485,26.77119,-0.13634,2.9852,3.0,51.28,0.00055,0.3,normal
42.62,-36.52404,-36.89912,0.37508,26.63485,26.70927,-0.07442,2.9953,2.993,51.66,0.00334,0.3,normal
42.63,-36.52404,-36.87481,0.35077,26.63485,26.68084,-0.04599,2.9892,3.0,51.4,0.00447,0.3,normal
42.64,-36.52404,-36.85901,0.33497,26.63485,26.64351,-0.00866,3.0109,3.0,51.19,0.00291,0.3,normal
42.65,-36.52404,-36.84102,0.31699,26.63485,26.61185,0.02301,3.0217,2.6836,51.38,0.00315,0.3,normal
42.66,-36.52404,-36.83042,0.30638,26.63485,26.59449,0.04036,2.9834,3.0,51.52,0.00215,0.3,normal
42.67,-36.52404,-36.81442,0.29038,26.63485,26.58607,0.04878,3.0084,3.0,50.99,0.00059,0.3,normal
42.68,-36.52404,-36.80448,0.28044,26.63485,26.57155,0.0633,3.009,3.0,51.4,0.00078,0.3,normal
42.69,-36.52404,-36.78948,0.26544,26.63485,26.56386,0.07099,2.9968,2.988,51.33,0.00204,0.3,normal
42.7,-36.52404,-36.78029,0.25626,26.63485,26.54841,0.08644,2.9848,2.9703,51.14,0.00067,0.3,normal
42.71,-36.52404,-36.76398,0.23994,26.63485,26.53785,0.097,2.9912,2.9894,51.4,0.00103,0.3,normal
42.72,-36.52404,-36.75375,0.22971,26.63485,26.52652,0.10833,3.0241,2.995,51.37,0.00281,0.3,normal
42.73,-36.52404,-36.73734,0.21331,26.63485,26.52059,0.11426,2.9754,2.9851,51.39,0.00527,0.3,normal
42.74,-36.52404,-36.72601,0.20198,26.63485,26.52806,0.1068,3.0043,2.9948,51.35,0.00386,0.3,normal
42.75,-36.52404,-36.70862,0.18458,26.63485,26.561,0.07385,2.9983,2.9946,51.25,0.00211,0.3,normal
42.76,-36.52404,-36.69906,0.17502,26.63485,26.58853,0.04632,3.0016,3.0,51.19,0.00213,0.3,normal
42.77,-36.52404,-36.68701,0.16297,26.63485,26.62368,0.01117,3.0274,2.9786,51.3,0.00101,0.3,normal
42.78,-36.52404,-36.68416,0.16012,26.63485,26.65217,-0.01732,2.9996,3.0,51.54,0.00133,0.3,normal
42.79,-36.52404,-36.67666,0.15262,26.63485,26.68652,-0.05167,2.9684,2.9963,51.45,0.00188,0.3,normal
42.8,-36.52404,-36.66923,0.14519,26.63485,26.7154,-0.08055,3.0162,2.9987,51.41,0.00124,0.3,normal
42.81,-36.52404,-36.6552,0.13116,26.63485,26.75312,-0.11827,3.0033,2.9966,51.27,0.00196,0.3,normal
42.82,-36.52404,-36.64499,0.12095,26.63485,26.78507,-0.15022,2.9964,2.9959,51.37,0.00222,0.3,normal
42.83,-36.52404,-36.62818,0.10414,26.63485,26.82265,-0.1878,2.9743,3.0,51.54,0.00049,0.3,normal
42.84,-36.52404,-36.61559,0.09155,26.63485,26.85217,-0.21732,2.9918,2.9987,51.51,0.00156,0.3,normal
42.85,-36.52404,-36.59889,0.07486,26.63485,26.88761,-0.25275,3.0248,2.9994,51.36,0.00201,0.3,normal
42.86,-36.52404,-36.58918,0.06515,26.63485,26.91721,-0.28236,3.0083,2.9969,51.05,0.00041,0.3,normal
42.87,-36.52404,-36.57147,0.04743,26.63485,26.9529,-0.31805,2.9942,3.0,51.34,0.00228,0.3,normal
42.88,-36.52404,-36.5606,0.03656,26.63485,26.9774,-0.34254,2.9995,2.9976,51.37,0.00285,0.3,normal
42.89,-36.52404,-36.54229,0.01825,26.63485,27.00507,-0.37022,3.0062,2.975,51.31,0.00052,0.3,normal
42.9,-36.52404,-36.53203,0.00799,26.63485,27.02636,-0.39151,3.0058,2.9983,51.39,0.00121,0.3,normal
42.91,-36.52404,-36.51398,-0.01006,26.63485,27.0508,-0.41595,3.0046,2.9858,51.58,0.00222,0.3,normal
42.92,-36.52404,-36.50239,-0.02165,26.63485,27.07299,-0.43814,2.9957,2.9933,51.45,7e-05,0.3,normal
42.93,-36.52404,-36.48477,-0.03927,26.63485,27.10229,-0.46744,3.0116,3.0,51.61,0.00775,0.3,normal
42.94,-36.52404,-36.47098,-0.05306,26.63485,27.09716,-0.46231,3.0065,2.9972,51.24,0.00856,0.3,normal
42.95,-36.52404,-36.45198,-0.07205,26.63485,27.05988,-0.42503,2.9853,3.0,51.42,0.00142,0.3,normal
42.96,-36.52404,-36.44009,-0.08394,26.63485,27.01757,-0.38272,3.0057,2.9812,51.18,0.00211,0.3,normal
42.97,-36.52404,-36.42545,-0.09859,26.63485,26.98388,-0.34903,3.0174,3.0,51.41,0.00289,0.3,normal
42.98,-36.52404,-36.42063,-0.10341,26.63485,26.94527,-0.31042,2.9995,2.9967,51.32,0.00154,0.3,normal
42.99,-36.52404,-36.41149,-0.11255,26.63485,26.91165,-0.2768,3.0292,2.9967,51.68,0.00102,0.3,normal
43.0,-36.52404,-36.41024,-0.1138,26.63485,26.86959,-0.23474,3.0051,2.989,51.55,0.00194,0.3,normal
43.01,-36.52404,-36.40167,-0.12237,26.63485,26.83377,-0.19892,2.9832,2.9885,51.64,0.00131,0.3,normal
43.02,-36.52404,-36.39834,-0.1257,26.63485,26.79332,-0.15847,3.0006,3.0,51.43,0.00084,0.3,normal
43.03,-36.52404,-36.38496,-0.13908,26.63485,26.76328,-0.12843,2.9977,2.9921,51.35,0.00257,0.3,normal
43.04,-36.52404,-36.37534,-0.1487,26.63485,26.72942,-0.09457,3.0038,3.0,51.34,0.00188,0.3,normal
43.05,-36.52404,-36.35667,-0.16737,26.63485,26.70264,-0.06778,3.0097,3.0,51.55,0.00032,0.3,normal
43.06,-36.52404,-36.34334,-0.1807,26.63485,26.67126,-0.03641,2.9973,2.9833,51.78,0.00228,0.3,normal
43.07,-36.52404,-36.32552,-0.19852,26.63485,26.64882,-0.01397,2.9997,2.9975,51.58,0.00535,0.3,normal
43.08,-36.52404,-36.35377,-0.17027,26.63485,26.62239,0.01247,3.0084,3.0,51.46,0.0046,0.3,normal
43.09,-36.52404,-36.37851,-0.14553,26.63485,26.60352,0.03133,3.0015,2.9923,51.49,0.00239,0.3,normal
43.1,-36.52404,-36.40987,-0.11417,26.63485,26.58109,0.05376,2.9848,3.0,51.52,0.00161,0.3,normal
43.11,-36.52404,-36.43468,-0.08936,26.63485,26.56551,0.06934,3.0306,2.9938,51.83,0.00057,0.3,normal
43.12,-36.52404,-36.46684,-0.0572,26.63485,26.54616,0.08869,2.9747,2.9909,51.72,0.00261,0.3,normal
43.13,-36.52404,-36.4921,-0.03194,26.63485,26.53574,0.09911,2.9995,2.9876,51.58,0.00175,0.3,normal
43.14,-36.52404,-36.52363,-0.00041,26.63485,26.5196,0.11525,2.9705,3.0,51.56,0.00016,0.3,normal
43.15,-36.52404,-36.55043,0.02639,26.63485,26.51324,0.12161,3.0019,3.0,51.59,0.00231,0.3,normal
43.16,-36.52404,-36.58581,0.06177,26.63485,26.49971,0.13514,2.9852,3.0,51.63,0.00157,0.3,normal
43.17,-36.52404,-36.614,0.08996,26.63485,26.49295,0.14191,2.9786,2.9699,51.49,0.00066,0.3,normal
43.18,-36.52404,-36.64605,0.12201,26.63485,26.48214,0.15272,3.0046,3.0,51.43,0.00227,0.3,normal
43.19,-36.52404,-36.66943,0.14539,26.63485,26.47775,0.1571,3.0187,2.9764,51.72,0.00188,0.3,normal
43.2,-36.52404,-36.7011,0.17706,26.63485,26.4661,0.16876,3.0151,2.9917,51.57,0.00035,0.3,normal
43.21,-36.52404,-36.72587,0.20183,26.63485,26.46354,0.17131,2.9791,2.9961,51.72,0.00179,0.3,normal
43.22,-36.52404,-36.75844,0.2344,26.63485,26.45802,0.17683,3.011,3.0,51.82,0.00244,0.3,normal
43.23,-36.52404,-36.7845,0.26046,26.63485,26.45937,0.17549,2.9932,2.9956,51.66,0.00068,0.3,normal
43.24,-36.52404,-36.8152,0.29116,26.63485,26.4535,0.18136,3.0083,2.9942,51.64,0.00322,0.3,normal
43.25,-36.52404,-36.82764,0.3036,26.63485,26.45477,0.18008,2.9986,2.9792,52.07,0.00339,0.3,normal
43.26,-36.52404,-36.83845,0.31442,26.63485,26.4501,0.18476,3.0205,3.0,51.62,0.00013,0.3,normal
43.27,-36.52404,-36.8459,0.32186,26.63485,26.44997,0.18488,2.9471,2.9991,51.43,0.00194,0.3,normal
43.28,-36.52404,-36.85389,0.32985,26.63485,26.44368,0.19117,2.9942,3.0,51.56,0.00206,0.3,normal
43.29,-36.52404,-36.853,0.32896,26.63485,26.44285,0.19201,3.0023,3.0,51.84,0.00247,0.3,normal
43.3,-36.52404,-36.84117,0.31713,26.63485,26.43763,0.19722,3.0061,3.0,51.41,0.00211,0.3,normal
43.31,-36.52404,-36.82147,0.29743,26.63485,26.43702,0.19783,3.0002,2.972,51.5,0.00245,0.3,normal
43.32,-36.52404,-36.80978,0.28574,26.63485,26.43577,0.19908,2.9736,3.0,51.78,0.00185,0.3,normal
43.33,-36.52404,-36.79158,0.26754,26.63485,26.44438,0.19047,3.0081,2.9771,51.58,0.00127,0.3,normal
43.34,-36.52404,-36.78001,0.25597,26.63485,26.44788,0.18697,3.0199,3.0,51.6,0.00291,0.3,normal
43.35,-36.52404,-36.76339,0.23935,26.63485,26.45865,0.1762,2.9954,2.9891,51.79,0.00093,0.3,normal
43.36,-36.52404,-36.75247,0.22843,26.63485,26.45962,0.17524,2.999,3.0,51.52,0.00017,0.3,normal
43.37,-36.52404,-36.73525,0.21121,26.63485,26.46727,0.16758,3.0106,2.9975,51.41,0.00233,0.3,normal
43.38,-36.52404,-36.72358,0.19955,26.63485,26.46482,0.17003,3.0043,2.9855,51.43,0.00173,0.3,normal
43.39,-36.52404,-36.70536,0.18132,26.63485,26.46838,0.16647,2.9582,2.9878,51.73,0.00035,0.3,normal
43.4,-36.52404,-36.6916,0.16756,26.63485,26.4651,0.16975,3.0049,3.0,51.68,0.00199,0.3,normal
43.41,-36.52404,-36.6716,0.14756,26.63485,26.46883,0.16602,2.9916,2.9967,51.54,0.00126,0.3,normal
43.42,-36.52404,-36.65679,0.13275,26.63485,26.46744,0.16741,2.9918,3.0,51.47,0.0011,0.3,normal
43.43,-36.52404,-36.6365,0.11246,26.63485,26.47366,0.16119,2.9959,2.9896,51.61,0.00254,0.3,normal
43.44,-36.52404,-36.62844,0.10441,26.63485,26.47451,0.16034,2.9967,2.976,51.82,0.00227,0.3,normal
43.45,-36.52404,-36.61524,0.09121,26.63485,26.48015,0.1547,2.9996,2.9871,51.53,0.00069,0.3,normal
43.46,-36.52404,-36.60989,0.08585,26.63485,26.47693,0.15792,2.9855,2.9991,51.56,0.0022,0.3,normal
43.47,-36.52404,-36.59919,0.07515,26.63485,26.48109,0.15376,3.0029,2.9909,51.49,0.00143,0.3,normal
43.48,-36.52404,-36.59489,0.07085,26.63485,26.47954,0.15531,3.0188,2.9755,51.61,0.00042,0.3,normal
43.49,-36.52404,-36.58477,0.06073,26.63485,26.48281,0.15204,2.9963,3.0,51.72,0.0032,0.3,normal
43.5,-36.52404,-36.58141,0.05737,26.63485,26.48575,0.1491,3.0037,3.0,51.99,0.00453,0.3,normal
43.51,-36.52404,-36.57228,0.04825,26.63485,26.51133,0.12352,3.0213,3.0,51.71,0.00015,0.3,normal
43.52,-36.52404,-36.56808,0.04405,26.63485,26.53355,0.1013,3.0007,2.9894,51.68,0.00179,0.3,normal
43.53,-36.52404,-36.55707,0.03303,26.63485,26.56498,0.06987,3.0124,2.9805,51.82,0.00288,0.3,normal
43.54,-36.52404,-36.55145,0.02741,26.63485,26.59133,0.04353,3.0162,2.9797,51.79,0.00064,0.3,normal
43.55,-36.52404,-36.54194,0.0179,26.63485,26.62158,0.01327,2.9962,3.0,51.61,0.00139,0.3,normal
43.56,-36.52404,-36.54039,0.01635,26.63485,26.64837,-0.01351,2.9778,2.9832,52.04,0.00185,0.3,normal
43.57,-36.52404,-36.53266,0.00862,26.63485,26.6809,-0.04605,2.9932,3.0,51.7,1e-05,0.3,normal
43.58,-36.52404,-36.53236,0.00832,26.63485,26.70938,-0.07453,2.9937,3.0,51.74,0.00255,0.3,normal
43.59,-36.52404,-36.5218,-0.00224,26.63485,26.73884,-0.10399,2.9834,2.9933,51.79,0.00279,0.3,normal
43.6,-36.52404,-36.51412,-0.00992,26.63485,26.76233,-0.12747,3.0099,3.0,51.76,0.00096,0.3,normal
43.61,-36.52404,-36.50045,-0.02359,26.63485,26.79377,-0.15892,3.0079,3.0,51.94,0.00142,0.3,normal
43.62,-36.52404,-36.49142,-0.03262,26.63485,26.81861,-0.18376,2.9764,3.0,51.63,0.00249,0.3,normal
43.63,-36.52404,-36.47299,-0.05105,26.63485,26.8511,-0.21625,2.9912,2.9825,51.84,0.00111,0.3,normal
43.64,-36.52404,-36.46248,-0.06156,26.63485,26.87845,-0.2436,2.9817,3.0,51.75,0.00123,0.3,normal
43.65,-36.52404,-36.44555,-0.07849,26.63485,26.90867,-0.27382,3.016,2.9974,51.87,0.00216,0.3,normal
43.66,-36.52404,-36.43629,-0.08774,26.63485,26.93137,-0.29652,2.9905,3.0,51.7,0.00041,0.3,normal
43.67,-36.52404,-36.42105,-0.10298,26.63485,26.95939,-0.32454,2.9731,3.0,51.68,0.00082,0.3,normal
43.68,-36.52404,-36.41108,-0.11296,26.63485,26.97944,-0.34459,2.9871,3.0,51.85,0.00247,0.3,normal
43.69,-36.52404,-36.39372,-0.13032,26.63485,27.00506,-0.37021,2.9926,2.9992,51.79,0.00078,0.3,normal
43.7,-36.52404,-36.38423,-0.13981,26.63485,27.02314,-0.38829,2.992,3.0,51.62,0.00091,0.3,normal
43.71,-36.52404,-36.36803,-0.156,26.63485,27.05075,-0.4159,2.9814,2.9938,51.95,0.00222,0.3,normal
43.72,-36.52404,-36.35921,-0.16483,26.63485,27.07155,-0.4367,3.0087,2.9951,51.86,0.00147,0.3,normal
43.73,-36.52404,-36.34332,-0.18072,26.63485,27.09866,-0.46381,2.9895,2.9845,51.74,0.00111,0.3,normal
43.74,-36.52404,-36.33643,-0.18761,26.63485,27.11233,-0.47747,2.9956,3.0,51.68,0.00598,0.3,normal
43.75,-36.52404,-36.32099,-0.20305,26.63485,27.10945,-0.4746,3.003,3.0,51.81,0.00451,0.3,normal
43.76,-36.52404,-36.31342,-0.21062,26.63485,27.09367,-0.45882,3.0071,2.9961,51.86,0.00051,0.3,normal
43.77,-36.52404,-36.30147,-0.22257,26.63485,27.0836,-0.44875,2.9881,2.9759,51.53,0.00297,0.3,normal
43.78,-36.52404,-36.29893,-0.22511,26.63485,27.0658,-0.43095,3.0027,2.9865,51.83,0.00172,0.3,normal
43.79,-36.52404,-36.28911,-0.23493,26.63485,27.05298,-0.41813,3.0169,3.0,51.87,0.00035,0.3,normal
43.8,-36.52404,-36.2872,-0.23684,26.63485,27.03423,-0.39937,2.9757,2.9933,51.42,0.00233,0.3,normal
43.81,-36.52404,-36.2751,-0.24893,26.63485,27.02257,-0.38772,3.0371,2.9956,51.81,0.00321,0.3,normal
43.82,-36.52404,-36.28254,-0.2415,26.63485,27.00631,-0.37146,2.9943,2.9935,51.89,0.00237,0.3,normal
43.83,-36.52404,-36.28841,-0.23563,26.63485,26.99758,-0.36273,3.0296,2.9892,51.88,0.00177,0.3,normal
43.84,-36.52404,-36.30158,-0.22246,26.63485,26.98424,-0.34939,2.988,3.0,51.91,0.00199,0.3,normal
43.85,-36.52404,-36.30816,-0.21588,26.63485,26.9756,-0.34075,2.9948,2.9969,51.75,0.00065,0.3,normal
43.86,-36.52404,-36.32119,-0.20285,26.63485,26.95862,-0.32377,2.9778,2.9977,51.64,0.00142,0.3,normal
43.87,-36.52404,-36.32802,-0.19602,26.63485,26.94649,-0.31164,2.9877,2.9913,51.53,0.00223,0.3,normal
43.88,-36.52404,-36.34005,-0.18399,26.63485,26.9283,-0.29345,2.9955,3.0,51.97,0.0012,0.3,normal
43.89,-36.52404,-36.34483,-0.17921,26.63485,26.91879,-0.28394,2.9918,2.9815,51.92,0.00167,0.3,normal
43.9,-36.52404,-36.35546,-0.16858,26.63485,26.90813,-0.27328,2.9915,2.9996,51.99,0.00243,0.3,normal
43.91,-36.52404,-36.36085,-0.16318,26.63485,26.90375,-0.2689,2.9871,3.0,51.71,0.00022,0.3,normal
43.92,-36.52404,-36.37226,-0.15178,26.63485,26.89351,-0.25865,2.9855,2.9825,51.94,0.00122,0.3,normal
43.93,-36.52404,-36.37552,-0.14852,26.63485,26.887,-0.25215,2.9967,2.994,51.6,0.00195,0.3,normal
43.94,-36.52404,-36.38408,-0.13996,26.63485,26.87494,-0.24009,2.9991,3.0,51.7,0.00076,0.3,normal
43.95,-36.52404,-36.38764,-0.1364,26.63485,26.86869,-0.23383,3.0298,2.979,51.85,0.00115,0.3,normal
43.96,-36.52404,-36.40042,-0.12361,26.63485,26.85336,-0.2185,2.9895,2.9734,51.94,0.00288,0.3,normal
43.97,-36.52404,-36.40815,-0.11589,26.63485,26.84301,-0.20816,3.0359,3.0,52.1,0.00112,0.3,normal
43.98,-36.52404,-36.4242,-0.09984,26.63485,26.82588,-0.19103,3.0114,3.0,51.81,0.00086,0.3,normal
43.99,-36.52404,-36.43609,-0.08795,26.63485,26.81498,-0.18013,2.9944,2.9945,51.72,0.0033,0.3,normal
44.0,-45.89935,-36.45616,-9.44319,-1.65746,26.79583,-28.4533,3.0041,3.0,51.72,0.3,0.3,normal
44.01,-46.09887,-37.62952,-8.46935,-1.4234,25.48014,-26.90354,2.9804,3.0,51.81,0.3,0.3,normal
44.02,-46.29425,-39.61851,-6.67574,-1.18805,21.9907,-23.17875,3.0147,2.9945,52.32,0.22759,0.3,normal
44.03,-46.48544,-41.21033,-5.27512,-0.95143,17.51991,-18.47134,2.9725,3.0,52.16,0.19399,0.3,normal
44.04,-46.67242,-42.50254,-4.16988,-0.71356,13.9254,-14.63897,3.0005,3.0,52.26,0.18611,0.3,normal
44.05,-46.85513,-43.5507,-3.30443,-0.47448,11.02924,-11.50372,3.0014,3.0,52.1,0.144,0.3,normal
44.06,-47.03356,-44.3645,-2.66906,-0.23419,8.6731,-8.90729,2.989,2.9962,52.17,0.12981,0.3,normal
44.07,-47.20767,-45.04818,-2.15949,0.00726,6.81063,-6.80337,2.9878,3.0,52.3,0.0902,0.3,normal
44.08,-47.37742,-45.65505,-1.72237,0.24987,5.38822,-5.13835,3.0202,2.992,52.15,0.07371,0.3,normal
44.09,-47.54279,-46.17456,-1.36823,0.49359,4.25836,-3.76477,3.0119,0.5095,52.2,0.08954,0.3,normal
44.1,-47.70375,-46.54089,-1.16285,0.73842,3.41834,-2.67993,2.9991,2.9908,52.16,0.04417,0.3,normal
44.11,-47.86027,-46.87997,-0.9803,0.98431,2.73019,-1.74588,3.0101,3.0,52.21,0.02993,0.3,normal
44.12,-48.01233,-47.22206,-0.79027,1.23125,2.2947,-1.06346,3.0163,3.0,52.29,0.08892,0.3,normal
44.13,-48.15991,-47.50819,-0.65172,1.4792,1.92909,-0.44989,2.9957,2.9848,52.17,0.04393,0.3,normal
44.14,-48.30298,-47.75747,-0.54551,1.72815,1.64681,0.08134,2.9913,2.9956,52.34,0.0025,0.3,normal
44.15,-48.44152,-47.99376,-0.44776,1.97805,1.58917,0.38888,2.9973,3.0,52.34,0.00548,0.3,normal
44.16,-48.57552,-48.22876,-0.34676,2.22889,1.5238,0.70509,2.9713,2.9913,52.28,0.00593,0.3,normal
44.17,-48.70495,-48.43026,-0.27468,2.48063,1.46648,1.01415,3.0124,2.7558,52.18,0.03784,0.3,normal
44.18,-48.8298,-48.61816,-0.21164,2.73325,1.50858,1.22467,2.9863,3.0,52.33,0.03655,0.3,normal
44.19,-48.95007,-48.78529,-0.16478,2.98672,1.56426,1.42246,2.9933,2.9942,52.24,0.02103,0.3,normal
44.2,-49.06572,-48.9203,-0.14542,3.241,1.73205,1.50896,2.9992,3.0,52.33,0.02163,0.3,normal
44.21,-49.17676,-49.02384,-0.15292,3.49607,1.9316,1.56448,2.9924,3.0,52.49,0.00316,0.3,normal
44.22,-49.28317,-49.12898,-0.15419,3.7519,2.1194,1.63251,2.9837,3.0,52.14,0.00043,0.3,normal
44.23,-49.38495,-49.22865,-0.1563,4.00846,2.31384,1.69462,2.9769,3.0,52.66,0.00125,0.3,normal
44.24,-49.48209,-49.33359,-0.1485,4.2657,2.50147,1.76423,3.022,2.9931,52.33,0.00336,0.3,normal
44.25,-49.57458,-49.42925,-0.14533,4.52362,2.68911,1.83451,2.9957,2.979,52.4,0.00675,0.3,normal
44.26,-49.66242,-49.52952,-0.1329,4.78216,2.89296,1.8892,3.0484,2.989,52.23,0.00771,0.3,normal
44.27,-49.74561,-49.62059,-0.12503,5.04131,3.14128,1.90003,3.0102,2.9897,52.52,0.00295,0.3,normal
44.28,-49.82416,-49.71835,-0.10581,5.30102,3.37949,1.92153,2.9998,2.9911,52.34,0.00109,0.3,normal
44.29,-49.89805,-49.81141,-0.08664,5.56127,3.62003,1.94124,3.0145,2.9887,52.3,0.00196,0.3,normal
44.3,-49.96729,-49.91015,-0.05714,5.82202,3.84841,1.97361,2.9837,2.9892,52.28,0.00656,0.3,normal
44.31,-50.0319,-50.00459,-0.02731,6.08324,4.12243,1.96082,2.9797,2.9924,52.33,0.00626,0.3,normal
44.32,-50.09187,-50.1011,0.00923,6.3449,4.39931,1.94559,2.9834,3.0,52.44,0.00402,0.3,normal
44.33,-50.14721,-50.17433,0.02712,6.60696,4.67919,1.92778,2.978,3.0,52.41,0.0042,0.3,normal
44.34,-50.19793,-50.24699,0.04905,6.86939,4.95112,1.91828,2.9947,2.9843,52.38,0.00385,0.3,normal
44.35,-50.24405,-50.30479,0.06074,7.13216,5.22559,1.90656,2.9986,3.0,52.28,0.00517,0.3,normal
44.36,-50.28557,-50.35192,0.06635,7.39522,5.48723,1.90799,2.9902,2.9779,52.28,0.00331,0.3,normal
44.37,-50.32251,-50.3918,0.0693,7.65855,5.74738,1.91117,2.9819,3.0,52.33,0.00178,0.3,normal
44.38,-50.35488,-50.43656,0.08168,7.92211,5.99937,1.92275,3.0131,3.0,52.48,0.00399,0.3,normal
44.39,-50.3827,-50.47298,0.09027,8.18587,6.29847,1.8874,3.0065,2.977,52.51,0.00577,0.3,normal
44.4,-50.406,-50.5139,0.10791,8.44979,6.58391,1.86588,3.0095,3.0,52.54,0.00222,0.3,normal
44.41,-50.42478,-50.54772,0.12294,8.71383,6.87137,1.84246,3.007,2.9987,52.43,0.00415,0.3,normal
44.42,-50.43907,-50.57297,0.1339,8.97797,7.14733,1.83064,2.9825,3.0,52.49,0.00548,0.3,normal
44.43,-50.4489,-50.57039,0.12149,9.24216,7.42871,1.81344,2.981,3.0,52.41,0.002,0.3,normal
44.44,-50.45428,-50.57608,0.12179,9.50637,7.69992,1.80644,3.0012,3.0,52.19,0.00047,0.3,normal
44.45,-50.45525,-50.57339,0.11813,9.77056,7.97442,1.79614,3.0072,2.9997,52.42,0.00251,0.3,normal
44.46,-50.45183,-50.577,0.12516,10.03469,8.2384,1.79629,2.994,2.9915,52.4,0.00181,0.3,normal
44.47,-50.44405,-50.57708,0.13303,10.29874,8.50753,1.79121,3.056,3.0,52.31,0.00364,0.3,normal
44.48,-50.43194,-50.58237,0.15042,10.56266,8.78532,1.77734,2.9942,3.0,52.39,0.00513,0.3,normal
44.49,-50.41554,-50.58238,0.16684,10.82642,9.08886,1.73756,2.9944,3.0,52.5,0.00225,0.3,normal
44.5,-50.39487,-50.58768,0.19282,11.08998,9.38027,1.7097,2.9809,3.0,52.32,0.0027,0.3,normal
44.51,-50.36996,-50.58596,0.216,11.3533,9.67176,1.68154,3.0057,3.0,52.39,0.00588,0.3,normal
44.52,-50.34087,-50.57332,0.23245,11.61635,9.95316,1.66319,2.9924,2.9995,52.73,0.00541,0.3,normal
44.53,-50.30761,-50.53824,0.23063,11.87909,10.23567,1.64342,3.0062,2.9876,52.27,0.00095,0.3,normal
44.54,-50.27024,-50.51006,0.23982,12.14148,10.50787,1.63361,3.0122,3.0,52.49,0.00135,0.3,normal
44.55,-50.22878,-50.47534,0.24656,12.40349,10.78248,1.62101,3.0033,3.0,52.35,0.00332,0.3,normal
44.56,-50.18329,-50.44906,0.26577,12.66508,11.04434,1.62073,3.0142,3.0,52.42,0.002,0.3,normal
44.57,-50.1338,-50.41698,0.28318,12.92621,11.3038,1.62241,3.0146,3.0,52.51,0.00894,0.3,normal
44.58,-50.08036,-50.38567,0.30531,13.18684,11.61535,1.57149,2.9915,3.0,52.39,0.0094,0.3,normal
44.59,-50.02301,-50.32867,0.30566,13.44694,11.92799,1.51896,2.9877,2.993,52.64,0.00122,0.3,normal
44.6,-49.9618,-50.27818,0.31638,13.70647,12.22768,1.47879,3.0262,2.9996,52.76,0.00225,0.3,normal
44.61,-49.89678,-50.22301,0.32623,13.9654,12.52731,1.43809,2.985,2.9943,52.69,0.00341,0.3,normal
44.62,-49.82798,-50.17528,0.3473,14.22368,12.81611,1.40758,2.9869,3.0,52.73,0.00213,0.3,normal
44.63,-49.75548,-50.11976,0.36428,14.48128,13.10692,1.37437,2.9972,3.0,52.37,0.00205,0.3,normal
44.64,-49.6793,-50.06565,0.38635,14.73817,13.38609,1.35208,3.0127,3.0,52.55,0.00697,0.3,normal
44.65,-49.59952,-49.95855,0.35904,14.99429,13.6675,1.3268,2.9955,2.979,52.67,0.00603,0.3,normal
44.66,-49.51617,-49.86316,0.347,15.24963,13.93394,1.31569,2.9974,3.0,52.73,0.00292,0.3,normal
44.67,-49.42931,-49.76771,0.33839,15.50414,14.20048,1.30365,3.0238,3.0,52.87,0.00361,0.3,normal
44.68,-49.339,-49.68179,0.34278,15.75778,14.45708,1.30069,3.0091,2.9795,52.78,0.00109,0.3,normal
44.69,-49.2453,-49.58965,0.34435,16.01051,14.71757,1.29295,2.9928,3.0,52.76,0.00128,0.3,normal
44.7,-49.14826,-49.5012,0.35294,16.26231,14.96646,1.29585,3.0188,3.0,53.03,0.00334,0.3,normal
44.71,-49.04793,-49.40865,0.36072,16.51314,15.21742,1.29572,3.0138,3.0,52.66,0.00228,0.3,normal
44.72,-48.94439,-49.32447,0.38008,16.76294,15.45821,1.30473,3.0005,3.0,52.61,0.00153,0.3,normal
44.73,-48.83768,-49.23693,0.39925,17.0117,15.70219,1.30952,3.0004,3.0,52.68,0.00252,0.3,normal
44.74,-48.72787,-49.15673,0.42886,17.25938,15.93709,1.32229,3.0122,3.0,52.53,0.00152,0.3,normal
44.75,-48.61502,-49.06763,0.45261,17.50593,16.17922,1.32671,3.0122,2.9904,52.68,0.0,0.3,normal
44.76,-48.49919,-48.9849,0.48571,17.75133,16.41299,1.33833,3.0104,2.9901,52.42,0.00335,0.3,normal
44.77,-48.38045,-48.88846,0.50801,17.99553,16.64771,1.34782,2.9954,3.0,52.61,0.00537,0.3,normal
44.78,-48.25886,-48.77664,0.51778,18.2385,16.87214,1.36636,3.0174,2.9973,52.68,0.00209,0.3,normal
44.79,-48.13448,-48.65907,0.52459,18.48021,17.09992,1.38029,2.979,3.0,52.85,0.00375,0.3,normal
44.8,-48.00738,-48.55268,0.5453,18.72062,17.33283,1.38779,3.0185,3.0,52.88,0.0036,0.3,normal
44.81,-47.87763,-48.44122,0.5636,18.95969,17.57423,1.38547,2.9796,2.9812,52.57,0.00954,0.3,normal
44.82,-47.74528,-48.23648,0.4912,19.1974,17.80733,1.39006,3.0233,3.0,53.04,0.01236,0.3,normal
44.83,-47.61042,-48.02891,0.41848,19.4337,18.04942,1.38428,2.9895,3.0,52.76,0.00307,0.3,normal
44.84,-47.47311,-47.8295,0.35639,19.66856,18.29161,1.37695,2.9874,2.996,52.78,0.00216,0.3,normal
44.85,-47.33342,-47.62893,0.29551,19.90194,18.53525,1.36669,2.9763,2.9951,52.51,0.00387,0.3,normal
44.86,-47.19141,-47.44036,0.24896,20.13382,18.76599,1.36783,3.0231,2.989,52.67,0.01002,0.3,normal
44.87,-47.04715,-47.27961,0.23246,20.36416,19.02419,1.33997,2.9955,2.9976,52.93,0.00906,0.3,normal
44.88,-46.90072,-47.16038,0.25966,20.59292,19.27028,1.32264,2.9895,2.9891,52.81,0.00348,0.3,normal
44.89,-46.75219,-47.04042,0.28823,20.82008,19.51638,1.3037,2.9811,2.9943,52.8,0.00469,0.3,normal
44.9,-46.60162,-46.93145,0.32982,21.04559,19.74744,1.29816,3.0039,3.0,52.83,0.00211,0.3,normal
44.91,-46.44909,-46.82163,0.37253,21.26943,19.97997,1.28946,3.0034,2.9783,52.59,0.00253,0.3,normal
44.92,-46.29468,-46.72245,0.42778,21.49156,20.2059,1.28566,2.9816,3.0,52.8,0.00223,0.3,normal
44.93,-46.13844,-46.62035,0.48191,21.71196,20.43879,1.27317,3.0081,2.9801,53.03,0.00243,0.3,normal
44.94,-45.98046,-46.52791,0.54745,21.93058,20.66184,1.26875,2.9832,3.0,52.99,0.00132,0.3,normal
44.95,-45.82081,-46.43281,0.612,22.14741,20.8905,1.2569,3.0139,3.0,52.82,0.01615,0.3,normal
44.96,-45.65955,-46.26205,0.60249,22.3624,21.13449,1.22791,2.9856,3.0,53.08,0.01363,0.3,normal
44.97,-45.49677,-46.08886,0.59209,22.57552,21.42049,1.15504,3.0096,3.0,52.66,0.00239,0.3,normal
44.98,-45.33254,-45.92626,0.59372,22.78676,21.69742,1.08934,3.01,2.9889,52.72,0.00454,0.3,normal
44.99,-45.16692,-45.76486,0.59793,22.99607,21.97384,1.02222,2.9944,3.0,53.15,0.00218,0.3,normal
45.0,-45.0,-45.61343,0.61343,23.20342,22.23889,0.96453,2.9823,3.0,52.97,0.00091,0.3,normal
45.01,-44.83184,-45.45893,0.62709,23.40879,22.50623,0.90256,3.013,3.0,52.84,0.00461,0.3,normal
45.02,-44.66253,-45.31385,0.65132,23.61215,22.76113,0.85101,2.991,2.9886,52.89,0.00321,0.3,normal
45.03,-44.49212,-45.16754,0.67541,23.81346,23.01623,0.79724,2.9817,2.993,52.78,0.00119,0.3,normal
45.04,-44.32071,-45.03229,0.71158,24.01271,23.26031,0.7524,3.0297,3.0,52.95,0.00368,0.3,normal
45.05,-44.14835,-44.89743,0.74908,24.20986,23.50691,0.70295,2.9954,2.9925,52.95,0.00684,0.3,normal
45.06,-43.97513,-44.71499,0.73986,24.40488,23.7418,0.66308,3.0089,2.9855,52.93,0.00598,0.3,normal
45.07,-43.80111,-44.53024,0.72913,24.59776,23.97901,0.61875,3.0077,2.9735,52.76,0.00366,0.3,normal
45.08,-43.62638,-44.35736,0.73098,24.78845,24.20536,0.58309,3.0101,2.9994,52.99,0.00263,0.3,normal
45.09,-43.45099,-44.18245,0.73146,24.97694,24.43504,0.5419,2.9905,3.0,52.88,0.00225,0.3,normal
45.1,-43.27504,-44.01955,0.74452,25.16319,24.65398,0.50921,2.9862,2.9797,52.82,0.00359,0.3,normal
45.11,-43.09857,-43.85497,0.7564,25.34719,24.87438,0.47281,2.9782,3.0,53.16,0.00421,0.3,normal
45.12,-42.92168,-43.69835,0.77666,25.52891,25.07923,0.44968,2.9924,2.9957,53.31,0.00309,0.3,normal
45.13,-42.74443,-43.53788,0.79345,25.70833,25.27784,0.43049,3.0013,3.0,53.28,0.00833,0.3,normal
45.14,-42.5669,-43.37423,0.80733,25.88541,25.46731,0.4181,2.9923,2.9766,53.1,0.00713,0.3,normal
45.15,-42.38914,-43.15634,0.7672,26.06014,25.65923,0.40092,2.9888,2.9783,52.97,0.00198,0.3,normal
45.16,-42.21125,-42.95057,0.73933,26.2325,25.83992,0.39258,3.0076,3.0,53.0,0.00709,0.3,normal
45.17,-42.03327,-42.74485,0.71158,26.40245,25.99818,0.40427,3.0082,2.9989,53.08,0.00746,0.3,normal
45.18,-41.85529,-42.55143,0.69614,26.56998,26.1345,0.43549,2.9904,2.9962,52.97,0.0023,0.3,normal
45.19,-41.67738,-42.3585,0.68112,26.73507,26.27253,0.46254,2.9881,2.9784,53.24,0.00339,0.3,normal
45.2,-41.49959,-42.17694,0.67735,26.8977,26.40149,0.4962,2.9872,3.0,52.74,0.0035,0.3,normal
45.21,-41.32201,-41.9931,0.67109,27.05784,26.53193,0.52591,3.0212,3.0,53.01,0.00156,0.3,normal
45.22,-41.14469,-41.81805,0.67336,27.21547,26.65146,0.56402,2.9952,3.0,53.18,0.00345,0.3,normal
45.23,-40.96771,-41.64331,0.6756,27.37059,26.77089,0.59969,2.9943,3.0,52.94,0.00442,0.3,normal
45.24,-40.79113,-41.47885,0.68771,27.52315,26.88133,0.64182,3.0149,3.0,53.04,0.00084,0.3,normal
45.25,-40.61502,-41.31214,0.69712,27.67316,26.99422,0.67894,2.9992,2.9744,53.17,0.00233,0.3,normal
45.26,-40.43944,-41.15671,0.71728,27.82058,27.0996,0.72098,2.9983,3.0,53.32,0.00394,0.3,normal
45.27,-40.26445,-41.0014,0.73695,27.9654,27.21214,0.75326,2.9912,3.0,52.91,0.00066,0.3,normal
45.28,-40.09012,-40.85553,0.76541,28.10761,27.31936,0.78825,3.0113,2.9926,52.9,0.00333,0.3,normal
45.29,-39.91652,-40.6998,0.78328,28.24719,27.43292,0.81427,2.9851,2.9921,52.97,0.00446,0.3,normal
45.3,-39.74369,-40.53346,0.78977,28.38412,27.53579,0.84833,3.0022,3.0,52.89,0.0011,0.3,normal
45.31,-39.57171,-40.36342,0.7917,28.51838,27.64583,0.87255,2.9953,2.9902,52.91,0.00154,0.3,normal
45.32,-39.40064,-40.20515,0.80451,28.64996,27.75089,0.89907,3.0067,3.0,52.99,0.00277,0.3,normal
45.33,-39.23053,-40.04242,0.81189,28.77886,27.86014,0.91872,2.9904,2.9731,53.33,0.00479,0.3,normal
45.34,-39.06144,-39.84599,0.78455,28.90504,27.96045,0.9446,2.9693,2.9837,53.1,0.00477,0.3,normal
45.35,-38.89343,-39.64616,0.75273,29.02851,28.07364,0.95486,2.9914,3.0,53.16,0.00838,0.3,normal
45.36,-38.72655,-39.45478,0.72823,29.14924,28.2102,0.93904,2.9909,3.0,53.02,0.00607,0.3,normal
45.37,-38.56086,-39.26525,0.70438,29.26722,28.36745,0.89977,2.9908,3.0,53.27,0.00218,0.3,normal
45.38,-38.39642,-39.08478,0.68836,29.38245,28.51403,0.86843,2.9626,3.0,53.46,0.0035,0.3,normal
45.39,-38.23328,-38.90384,0.67056,29.49491,28.66258,0.83234,3.001,3.0,53.06,0.00255,0.3,normal
45.4,-38.07148,-38.73507,0.66359,29.6046,28.8013,0.8033,2.9945,2.9937,53.46,0.00178,0.3,normal
45.41,-37.91109,-38.56645,0.65536,29.71149,28.94319,0.7683,2.9842,2.9903,53.26,0.0037,0.3,normal
45.42,-37.75215,-38.40861,0.65646,29.81559,29.07326,0.74232,2.9969,2.9971,53.22,0.00284,0.3,normal
45.43,-37.59471,-38.24825,0.65354,29.91688,29.20769,0.70918,2.9874,2.9992,53.28,0.00222,0.3,normal
45.44,-37.43881,-38.10005,0.66124,30.01535,29.32824,0.68711,2.9954,2.992,53.29,0.00442,0.3,normal
45.45,-37.28451,-37.95395,0.66944,30.111,29.45243,0.65858,3.002,2.9911,53.51,0.00345,0.3,normal
45.46,-37.13185,-37.81834,0.68649,30.20382,29.56489,0.63893,3.0222,3.0,53.32,0.00123,0.3,normal
45.47,-36.98087,-37.67962,0.69875,30.29381,29.67924,0.61457,3.0355,2.9794,53.33,0.00329,0.3,normal
45.48,-36.83162,-37.52918,0.69756,30.38095,29.78652,0.59443,2.9705,2.9936,53.19,0.00375,0.3,normal
45.49,-36.68413,-37.37184,0.6877,30.46525,29.89879,0.56646,3.0346,2.9919,53.39,0.00076,0.3,normal
45.5,-36.53846,-37.22286,0.6844,30.54669,30.00349,0.5432,3.0189,3.0,53.13,0.0026,0.3,normal
45.51,-36.39463,-37.07196,0.67733,30.62528,30.11205,0.51323,2.9724,2.9712,53.29,0.0031,0.3,normal
45.52,-36.25269,-36.93163,0.67894,30.70101,30.2116,0.48941,3.0198,2.9926,53.72,0.0014,0.3,normal
45.53,-36.11266,-36.78823,0.67557,30.77387,30.31489,0.45899,2.988,3.0,52.92,0.00989,0.3,normal
45.54,-35.9746,-36.63801,0.66341,30.84387,30.41202,0.43185,3.0153,3.0,53.34,0.01064,0.3,normal
45.55,-35.83852,-36.40978,0.57125,30.91101,30.51401,0.397,3.012,2.9895,53.35,0.00112,0.3,normal
45.56,-35.70447,-36.19295,0.48848,30.97527,30.60831,0.36696,3.0126,2.9653,53.28,0.00194,0.3,normal
45.57,-35.57247,-35.97532,0.40284,31.03666,30.70738,0.32929,3.0081,2.9912,53.29,0.00318,0.3,normal
45.58,-35.44256,-35.76621,0.32365,31.09519,30.80033,0.29486,2.9693,2.9929,53.35,0.00447,0.3,normal
45.59,-35.31476,-35.58646,0.27171,31.15084,30.90035,0.25049,3.0093,3.0,53.3,0.00525,0.3,normal
45.6,-35.18909,-35.42127,0.23218,31.20363,30.9942,0.20943,2.9809,2.9884,53.38,0.00426,0.3,normal
45.61,-35.06559,-35.26051,0.19492,31.25355,31.09487,0.15868,2.9945,3.0,53.28,0.00189,0.3,normal
45.62,-34.94428,-35.1144,0.17012,31.3006,31.18906,0.11154,2.9892,3.0,53.66,0.00194,0.3,normal
45.63,-34.82518,-34.96866,0.14348,31.3448,31.29032,0.05448,3.0122,2.9985,53.33,0.00319,0.3,normal
45.64,-34.70831,-34.83232,0.12402,31.38613,31.38406,0.00207,3.0122,2.9844,53.46,0.00839,0.3,normal
45.65,-34.59369,-34.75882,0.16513,31.42462,31.48312,-0.0585,2.9876,2.9939,53.28,0.01363,0.3,normal
45.66,-34.48134,-34.69998,0.21865,31.46025,31.5447,-0.08446,3.0113,2.9736,53.53,0.0082,0.3,normal
45.67,-34.37127,-34.63502,0.26374,31.49304,31.58166,-0.08862,3.0092,3.0,53.5,0.00205,0.3,normal
45.68,-34.26351,-34.57261,0.3091,31.52298,31.61634,-0.09336,2.9937,3.0,53.46,0.00138,0.3,normal
45.69,-34.15806,-34.50389,0.34582,31.5501,31.66149,-0.11139,2.9798,3.0,53.25,0.00231,0.3,normal
45.7,-34.05494,-34.44363,0.38869,31.57439,31.70331,-0.12893,2.9966,3.0,53.29,0.00194,0.3,normal
45.71,-33.95416,-34.37608,0.42192,31.59585,31.75374,-0.15789,3.0117,3.0,53.66,0.00049,0.3,normal
45.72,-33.85573,-34.31379,0.45807,31.61451,31.80067,-0.18616,2.9908,2.9843,53.3,0.00358,0.3,normal
45.73,-33.75965,-34.24727,0.48762,31.63036,31.84833,-0.21796,3.0111,3.0,53.52,0.00394,0.3,normal
45.74,-33.66593,-34.18533,0.51939,31.64342,31.87288,-0.22945,2.9999,3.0,53.29,0.00093,0.3,normal
45.75,-33.57458,-34.11549,0.54091,31.6537,31.90425,-0.25055,3.0391,3.0,53.58,0.00589,0.3,normal
45.76,-33.4856,-34.02726,0.54167,31.6612,31.92801,-0.26682,3.0003,3.0,53.33,0.00748,0.3,normal
45.77,-33.39898,-33.91951,0.52052,31.66593,31.93895,-0.27301,3.01,3.0,53.3,0.00386,0.3,normal
45.78,-33.31474,-33.82155,0.5068,31.66792,31.93589,-0.26797,3.0043,2.9848,53.34,0.00284,0.3,normal
45.79,-33.23287,-33.72193,0.48906,31.66716,31.9378,-0.27064,3.0084,2.9993,53.37,0.002,0.3,normal
45.8,-33.15337,-33.63376,0.48039,31.66367,31.93466,-0.27099,2.9907,3.0,53.52,0.00097,0.3,normal
45.81,-33.07623,-33.53962,0.46339,31.65746,31.93976,-0.2823,2.9934,3.0,53.47,0.0019,0.3,normal
45.82,-33.00145,-33.45343,0.45198,31.64855,31.93548,-0.28693,3.002,2.9821,53.3,0.00227,0.3,normal
45.83,-32.92901,-33.36203,0.43302,31.63694,31.93768,-0.30073,3.0048,3.0,53.47,0.00079,0.3,normal
45.84,-32.85892,-33.27857,0.41965,31.62267,31.93533,-0.31266,2.9829,3.0,53.31,0.00385,0.3,normal
45.85,-32.79116,-33.18966,0.3985,31.60573,31.92864,-0.32291,2.9937,2.9921,53.58,0.0038,0.3,normal
45.86,-32.72571,-33.10828,0.38257,31.58614,31.90777,-0.32163,2.9964,3.0,53.61,0.0008,0.3,normal
45.87,-32.66258,-33.02276,0.36019,31.56392,31.89316,-0.32924,3.0023,2.9821,53.49,0.00216,0.3,normal
45.88,-32.60173,-32.94328,0.34155,31.53909,31.86845,-0.32937,3.0038,3.0,53.54,0.00204,0.3,normal
45.89,-32.54316,-32.85538,0.31222,31.51165,31.85107,-0.33942,2.9979,2.9966,53.77,0.00099,0.3,normal
45.9,-32.48684,-32.777,0.29016,31.48164,31.82797,-0.34633,3.014,2.9944,53.48,0.00045,0.3,normal
45.91,-32.43276,-32.69127,0.25851,31.44906,31.80967,-0.36061,3.0399,2.9972,53.37,0.00238,0.3,normal
45.92,-32.38091,-32.61053,0.22963,31.41394,31.78334,-0.36941,3.0009,3.0,53.6,0.00258,0.3,normal
45.93,-32.33124,-32.52254,0.1913,31.37628,31.74141,-0.36513,2.993,2.9947,53.35,0.00335,0.3,normal
45.94,-32.28375,-32.43866,0.15491,31.33612,31.69149,-0.35537,3.0022,3.0,53.5,0.00208,0.3,normal
45.95,-32.23841,-32.35009,0.11168,31.29347,31.6502,-0.35673,3.0094,3.0,53.44,0.00133,0.3,normal
45.96,-32.19518,-32.26614,0.07096,31.24834,31.60671,-0.35836,3.0019,3.0,53.43,0.00104,0.3,normal
45.97,-32.15406,-32.17367,0.01961,31.20077,31.56917,-0.36839,3.0041,3.0,53.5,0.00273,0.3,normal
45.98,-32.11499,-32.08585,-0.02915,31.15077,31.52577,-0.375,2.9888,3.0,53.68,0.00647,0.3,normal
45.99,-32.07796,-32.01948,-0.05849,31.09836,31.48569,-0.38733,3.0155,3.0,53.72,0.00687,0.3,normal
46.0,-32.04294,-31.99007,-0.05287,31.04356,31.43839,-0.39483,2.9964,2.9965,53.69,0.00268,0.3,normal
46.01,-32.00989,-31.95501,-0.05488,30.98639,31.39669,-0.4103,3.0001,2.9941,53.61,0.0011,0.3,normal
46.02,-31.97877,-31.92594,-0.05283,30.92689,31.34619,-0.4193,3.0,3.0,53.52,0.00431,0.3,normal
46.03,-31.94955,-31.89109,-0.05846,30.86506,31.27205,-0.407,3.0153,2.976,53.21,0.00504,0.3,normal
46.04,-31.9222,-31.86247,-0.05973,30.80093,31.18926,-0.38833,2.9916,3.0,53.62,0.00115,0.3,normal
46.05,-31.89667,-31.8278,-0.06887,30.73453,31.11382,-0.37929,2.9811,2.9978,53.23,0.00069,0.3,normal
46.06,-31.87293,-31.80142,-0.07151,30.66587,31.03532,-0.36944,2.9785,2.9972,53.29,0.00258,0.3,normal
46.07,-31.85094,-31.77137,-0.07957,30.59499,30.96389,-0.36889,3.0139,3.0,53.55,0.00219,0.3,normal
46.08,-31.83065,-31.74865,-0.082,30.52191,30.88963,-0.36772,2.9814,3.0,53.62,0.00087,0.3,normal
46.09,-31.81202,-31.72278,-0.08924,30.44665,30.8222,-0.37555,2.9902,2.9722,53.52,0.0016,0.3,normal
46.1,-31.79502,-31.70125,-0.09376,30.36923,30.74913,-0.3799,3.0233,3.0,53.82,0.00211,0.3,normal
46.11,-31.77958,-31.67014,-0.10944,30.28968,30.68273,-0.39304,3.017,3.0,53.66,0.00037,0.3,normal
46.12,-31.76567,-31.64064,-0.12504,30.20804,30.60992,-0.40188,2.9866,2.9829,53.56,0.00208,0.3,normal
46.13,-31.75325,-31.60655,-0.1467,30.12431,30.54671,-0.42239,2.9988,3.0,53.81,0.00209,0.3,normal
46.14,-31.74225,-31.57902,-0.16323,30.03854,30.47726,-0.43872,2.9818,3.0,53.84,0.00757,0.3,normal
46.15,-31.73263,-31.57893,-0.1537,29.95074,30.41322,-0.46248,3.0085,3.0,53.68,0.00858,0.3,normal
46.16,-31.72435,-31.61831,-0.10604,29.86095,30.34139,-0.48044,3.0274,2.9762,53.49,0.00153,0.3,normal
46.17,-31.71735,-31.65218,-0.06517,29.76918,30.27547,-0.50629,3.0037,3.0,53.53,0.0044,0.3,normal
46.18,-31.71157,-31.69016,-0.02141,29.67547,30.16408,-0.48861,3.0108,3.0,53.4,0.00553,0.3,normal
46.19,-31.70697,-31.72059,0.01362,29.57985,30.05986,-0.48001,3.0183,2.9953,53.61,0.00212,0.3,normal
46.2,-31.70348,-31.75542,0.05194,29.48233,29.95,-0.46766,3.0021,2.9762,53.46,0.0005,0.3,normal
46.21,-31.70106,-31.78462,0.08356,29.38296,29.84727,-0.46431,3.0017,3.0,53.57,0.00145,0.3,normal
46.22,-31.69965,-31.81891,0.11925,29.28176,29.74062,-0.45886,2.9889,2.9963,53.66,0.00301,0.3,normal
46.23,-31.6992,-31.84689,0.1477,29.17875,29.64286,-0.4641,2.9812,2.9934,53.33,0.00101,0.3,normal
46.24,-31.69963,-31.87996,0.18033,29.07398,29.54377,-0.46979,2.9976,3.0,53.44,0.00254,0.3,normal
46.25,-31.7009,-31.90417,0.20327,28.96745,29.45602,-0.48857,3.001,3.0,53.55,0.00224,0.3,normal
46.26,-31.70295,-31.93212,0.22917,28.85921,29.3643,-0.5051,3.0003,3.0,53.62,0.00079,0.3,normal
46.27,-31.70571,-31.95323,0.24752,28.74928,29.28036,-0.53108,2.9929,2.9896,53.56,0.00597,0.3,normal
46.28,-31.70912,-31.9701,0.26097,28.6377,29.18881,-0.55112,2.9709,2.9951,53.6,0.00654,0.3,normal
46.29,-31.71313,-31.94513,0.232,28.52448,29.10492,-0.58044,2.9782,3.0,53.54,0.00479,0.3,normal
46.3,-31.71768,-31.92661,0.20894,28.40967,28.97244,-0.56277,2.9964,2.9996,53.43,0.00563,0.3,normal
46.31,-31.72268,-31.90024,0.17756,28.29329,28.84391,-0.55062,3.0078,3.0,53.57,0.00306,0.3,normal
46.32,-31.7281,-31.88031,0.15221,28.17537,28.71424,-0.53886,3.0296,3.0,53.62,0.00191,0.3,normal
46.33,-31.73386,-31.85529,0.12144,28.05595,28.5959,-0.53995,2.9847,3.0,53.61,0.00092,0.3,normal
46.34,-31.73989,-31.83766,0.09777,27.93504,28.47481,-0.53976,3.0132,2.9745,53.67,0.00339,0.3,normal
46.35,-31.74613,-31.81413,0.068,27.81269,28.3629,-0.55021,2.9913,3.0,53.72,0.00215,0.3,normal
46.36,-31.75252,-31.7992,0.04668,27.68893,28.25066,-0.56173,2.9841,2.9961,53.77,0.00218,0.3,normal
46.37,-31.75899,-31.77602,0.01703,27.56377,28.14906,-0.58529,3.0001,3.0,53.57,0.00295,0.3,normal
46.38,-31.76548,-31.75906,-0.00642,27.43726,28.04151,-0.60425,2.9991,3.0,53.43,0.00158,0.3,normal
46.39,-31.77191,-31.73641,-0.0355,27.30943,27.94281,-0.63339,2.9936,2.9723,53.86,5e-05,0.3,normal
46.4,-31.77822,-31.7186,-0.05963,27.1803,27.83644,-0.65614,2.9991,3.0,53.73,0.00374,0.3,normal
46.41,-31.78435,-31.69515,-0.0892,27.0499,27.73392,-0.68401,3.0043,2.8063,53.54,0.00288,0.3,normal
46.42,-31.79022,-31.67502,-0.1152,26.91828,27.61366,-0.69538,3.0012,2.9667,53.72,0.0,0.3,normal
46.43,-31.79577,-31.64757,-0.14819,26.78545,27.50104,-0.71559,3.0127,3.0,53.85,0.00164,0.3,normal
46.44,-31.80092,-31.62838,-0.17254,26.65146,27.37949,-0.72804,2.9981,3.0,53.95,0.01004,0.3,normal
46.45,-31.80562,-31.60407,-0.20155,26.51632,27.19019,-0.67387,3.0167,2.9946,53.73,0.0078,0.3,normal
46.46,-31.80979,-31.5867,-0.22309,26.38007,26.99088,-0.61081,3.0073,3.0,53.86,0.00638,0.3,normal
46.47,-31.81336,-31.58242,-0.23094,26.24275,26.80276,-0.56001,2.9886,3.0,53.52,0.00685,0.3,normal
46.48,-31.81627,-31.60504,-0.21123,26.10438,26.61364,-0.50926,3.0057,2.9924,53.7,0.00091,0.3,normal
46.49,-31.81844,-31.62241,-0.19603,25.96499,26.43512,-0.47013,2.9997,3.0,53.66,0.00207,0.3,normal
46.5,-31.81981,-31.6456,-0.17421,25.82462,26.25349,-0.42887,2.9983,3.0,53.76,0.00152,0.3,normal
46.51,-31.8203,-31.66341,-0.15689,25.68329,26.07785,-0.39455,2.9668,2.9962,53.95,0.00058,0.3,normal
46.52,-31.81986,-31.68883,-0.13103,25.54104,25.8983,-0.35725,2.9847,2.9934,53.75,0.00153,0.3,normal
46.53,-31.8184,-31.71067,-0.10773,25.3979,25.72649,-0.32859,2.9971,2.9746,53.58,0.00224,0.3,normal
46.54,-31.81587,-31.73991,-0.07595,25.2539,25.55111,-0.29721,3.0176,3.0,53.53,0.00061,0.3,normal
46.55,-31.81218,-31.76119,-0.05099,25.10906,25.38592,-0.27686,2.9858,2.9662,53.97,0.00177,0.3,normal
46.56,-31.80729,-31.78807,-0.01922,24.96342,25.21813,-0.25471,3.0214,2.9742,53.8,0.00285,0.3,normal
46.57,-31.8011,-31.80797,0.00687,24.81702,25.05889,-0.24188,3.0021,2.9898,53.8,0.00127,0.3,normal
46.58,-31.79357,-31.83649,0.04292,24.66987,24.89777,-0.22791,3.0267,3.0,53.68,0.00179,0.3,normal
46.59,-31.78461,-31.85928,0.07467,24.52201,24.74696,-0.22495,2.9929,2.9995,53.78,0.00279,0.3,normal
46.6,-31.77417,-31.88829,0.11412,24.37347,24.59316,-0.21969,3.0102,3.0,53.59,0.00067,0.3,normal
46.61,-31.76217,-31.91139,0.14922,24.22428,24.44745,-0.22318,2.9969,3.0,53.8,0.00198,0.3,normal
46.62,-31.74855,-31.94077,0.19221,24.07447,24.29828,-0.22381,2.9586,2.9867,53.57,0.00283,0.3,normal
46.63,-31.73324,-31.96222,0.22898,23.92407,24.16011,-0.23604,2.9953,2.9945,53.69,0.00093,0.3,normal
46.64,-31.71618,-31.98839,0.27221,23.7731,24.01844,-0.24534,3.0097,2.9822,53.65,0.00257,0.3,normal
46.65,-31.6973,-32.00292,0.30562,23.62161,23.88653,-0.26492,3.0114,3.0,53.26,0.00544,0.3,normal
46.66,-31.67653,-31.99959,0.32306,23.46961,23.75023,-0.28062,3.0018,2.9989,53.7,0.0035,0.3,normal
46.67,-31.65381,-31.98263,0.32882,23.31714,23.62103,-0.3039,3.0174,2.9712,53.62,0.0014,0.3,normal
46.68,-31.62908,-31.9716,0.34252,23.16422,23.49034,-0.32613,2.9914,3.0,53.73,0.00295,0.3,normal
46.69,-31.60226,-31.95529,0.35302,23.01088,23.37091,-0.36003,3.0143,3.0,53.77,0.00183,0.3,normal
46.7,-31.57331,-31.94392,0.37061,22.85716,23.24979,-0.39264,2.9796,3.0,54.03,0.00371,0.3,normal
46.71,-31.54215,-31.9011,0.35895,22.70307,23.13777,-0.43469,2.9861,3.0,53.82,0.00471,0.3,normal
46.72,-31.50873,-31.86628,0.35754,22.54866,23.02396,-0.4753,3.0081,2.989,53.82,0.00169,0.3,normal
46.73,-31.47298,-31.82726,0.35428,22.39393,22.91845,-0.52452,3.0107,3.0,53.85,0.00099,0.3,normal
46.74,-31.43485,-31.79402,0.35917,22.23893,22.80915,-0.57022,2.9912,3.0,53.91,0.00185,0.3,normal
46.75,-31.39426,-31.75593,0.36167,22.08368,22.70672,-0.62304,2.9997,3.0,53.85,0.00146,0.3,normal
46.76,-31.35118,-31.7257,0.37452,21.92821,22.59795,-0.66974,2.9805,2.9887,53.83,0.00571,0.3,normal
46.77,-31.30552,-31.67908,0.37355,21.77254,22.49596,-0.72342,2.9978,3.0,53.9,0.00804,0.3,normal
46.78,-31.25725,-31.59424,0.33699,21.61669,22.39031,-0.77362,3.0021,2.9908,53.43,0.00212,0.3,normal
46.79,-31.2063,-31.50038,0.29408,21.46071,22.29487,-0.83417,2.9808,3.0,54.11,0.001,0.3,normal
46.8,-31.15262,-31.41132,0.2587,21.3046,22.19366,-0.88906,3.0143,3.0,54.04,0.00197,0.3,normal
46.81,-31.09615,-31.3172,0.22105,21.1484,22.09837,-0.94996,3.0102,2.9853,53.84,0.00192,0.3,normal
46.82,-31.03683,-31.23008,0.19324,20.99214,21.99752,-1.00538,3.0171,3.0,53.6,0.00177,0.3,normal
46.83,-30.97463,-31.1356,0.16097,20.83583,21.88574,-1.04991,2.9992,2.9975,54.0,0.00755,0.3,normal
46.84,-30.90948,-31.04666,0.13718,20.6795,21.74854,-1.06904,3.0079,2.9937,53.72,0.00513,0.3,normal
46.85,-30.84133,-30.95155,0.11022,20.52318,21.60202,-1.07884,2.9893,3.0,53.91,0.0006,0.3,normal
46.86,-30.77013,-30.86244,0.09231,20.36688,21.4508,-1.08392,2.9697,3.0,53.64,0.00294,0.3,normal
46.87,-30.69584,-30.77049,0.07465,20.21064,21.31374,-1.1031,3.014,3.0,54.17,0.00227,0.3,normal
46.88,-30.6184,-30.68362,0.06522,20.05448,21.17297,-1.11849,2.982,3.0,53.62,0.00273,0.3,normal
46.89,-30.53778,-30.59031,0.05253,19.89842,21.02181,-1.12339,2.9979,3.0,53.85,0.00256,0.3,normal
46.9,-30.45392,-30.50253,0.04861,19.74247,20.8615,-1.11902,3.0083,3.0,53.53,0.00177,0.3,normal
46.91,-30.36677,-30.40843,0.04166,19.58668,20.70922,-1.12254,2.9941,3.0,53.85,0.00278,0.3,normal
46.92,-30.27631,-30.32261,0.0463,19.43105,20.55124,-1.12019,3.0047,2.4606,53.79,0.00386,0.3,normal
46.93,-30.18248,-30.23411,0.05162,19.2756,20.37108,-1.09548,2.989,2.9797,54.03,0.00364,0.3,normal
46.94,-30.08525,-30.15452,0.06927,19.12037,20.18887,-1.0685,2.9892,2.99,53.8,0.00214,0.3,normal
46.95,-29.98457,-30.06943,0.08486,18.96536,20.0171,-1.05174,2.9914,3.0,54.04,0.00211,0.3,normal
46.96,-29.88041,-29.99449,0.11408,18.8106,19.84343,-1.03282,3.0131,3.0,53.72,0.0028,0.3,normal
46.97,-29.77273,-29.91079,0.13806,18.65612,19.67997,-1.02385,3.0141,3.0,53.84,0.00143,0.3,normal
46.98,-29.66149,-29.83014,0.16865,18.50192,19.51522,-1.0133,2.991,2.9658,53.85,0.00167,0.3,normal
46.99,-29.54666,-29.74354,0.19688,18.34803,19.35957,-1.01153,2.98,2.9919,53.96,0.00268,0.3,normal
47.0,-29.4282,-29.6614,0.2332,18.19447,19.20337,-1.00891,2.9971,3.0,53.95,0.00281,0.3,normal
47.01,-29.30609,-29.57141,0.26532,18.04125,19.05843,-1.01718,3.0158,2.9986,54.01,0.00141,0.3,normal
47.02,-29.1803,-29.48578,0.30548,17.8884,18.90837,-1.01997,2.9947,3.0,53.94,0.00519,0.3,normal
47.03,-29.05079,-29.39702,0.34623,17.73593,18.74871,-1.01278,3.0006,3.0,54.01,0.00291,0.3,normal
47.04,-28.91753,-29.31641,0.39888,17.58385,18.58103,-0.99718,2.9883,3.0,53.78,0.00202,0.3,normal
47.05,-28.78051,-29.23275,0.45225,17.43219,18.42586,-0.99367,2.9971,3.0,53.97,0.00366,0.3,normal
47.06,-28.63969,-29.15723,0.51754,17.28096,18.26907,-0.9881,2.9772,3.0,54.16,0.00558,0.3,normal
47.07,-28.49505,-29.07846,0.5834,17.13018,18.11769,-0.98751,3.0077,2.3812,53.67,0.00355,0.3,normal
47.08,-28.34658,-29.00681,0.66023,16.97986,17.9267,-0.94684,3.0136,2.9836,54.0,0.00691,0.3,normal
47.09,-28.19424,-28.91165,0.71741,16.83002,17.74598,-0.91596,3.0082,3.0,54.04,0.00607,0.3,normal
47.1,-28.03802,-28.79894,0.76091,16.68066,17.5647,-0.88404,3.0042,2.9944,54.16,0.00172,0.3,normal
47.11,-27.87791,-28.68283,0.80492,16.53182,17.39573,-0.86391,2.997,3.0,54.05,0.00429,0.3,normal
47.12,-27.71388,-28.56246,0.84858,16.38349,17.22491,-0.84142,2.9775,3.0,53.97,0.00563,0.3,normal
47.13,-27.54593,-28.41582,0.86989,16.23569,17.06592,-0.83023,2.9874,3.0,54.02,0.00513,0.3,normal
47.14,-27.37403,-28.27121,0.89717,16.08844,16.9043,-0.81586,2.9982,3.0,53.85,0.00471,0.3,normal
47.15,-27.19818,-28.10143,0.90325,15.94175,16.75531,-0.81356,2.996,3.0,53.91,0.00504,0.3,normal
47.16,-27.01837,-27.94578,0.92741,15.79562,16.60862,-0.813,2.992,3.0,53.77,0.01005,0.3,normal
47.17,-26.83458,-27.70823,0.87365,15.65007,16.47443,-0.82435,3.0065,2.979,54.2,0.01146,0.3,normal
47.18,-26.64681,-27.46036,0.81354,15.50512,16.33464,-0.82952,2.9951,3.0,54.05,0.00319,0.3,normal
47.19,-26.45506,-27.20964,0.75458,15.36077,16.20781,-0.84704,2.9855,2.9967,53.86,0.00158,0.3,normal
47.2,-26.25932,-26.97191,0.71259,15.21702,16.0699,-0.85288,3.0076,2.9934,54.04,0.00386,0.3,normal
47.21,-26.05959,-26.7335,0.67391,15.0739,15.93826,-0.86435,3.0036,2.9954,54.18,0.00209,0.3,normal
47.22,-25.85587,-26.50605,0.65018,14.93141,15.79686,-0.86545,3.0135,2.9966,54.16,0.00639,0.3,normal
47.23,-25.64815,-26.27365,0.6255,14.78955,15.64671,-0.85716,3.0014,2.9745,53.88,0.0067,0.3,normal
47.24,-25.43645,-26.05104,0.61459,14.64834,15.45305,-0.8047,3.0308,2.9844,53.56,0.00465,0.3,normal
47.25,-25.22075,-25.82994,0.60918,14.50779,15.27295,-0.76517,2.9859,3.0,54.09,0.00219,0.3,normal
47.26,-25.00108,-25.61944,0.61836,14.36789,15.09087,-0.72298,3.0004,2.9954,53.91,0.00188,0.3,normal
47.27,-24.77743,-25.40449,0.62706,14.22866,14.9176,-0.68893,3.0042,2.991,54.14,0.00396,0.3,normal
47.28,-24.54982,-25.19985,0.65003,14.09011,14.74279,-0.65268,2.9954,2.9978,54.2,0.0025,0.3,normal
47.29,-24.31825,-24.99558,0.67733,13.95223,14.58036,-0.62813,3.0017,3.0,54.23,0.00269,0.3,normal
47.3,-24.08273,-24.80112,0.71839,13.81504,14.41977,-0.60473,3.003,2.9908,54.33,0.00349,0.3,normal
47.31,-23.84329,-24.60257,0.75929,13.67854,14.26843,-0.58989,3.008,2.9778,54.26,0.00239,0.3,normal
47.32,-23.59992,-24.41797,0.81805,13.54273,14.11603,-0.5733,2.9907,3.0,54.34,0.00268,0.3,normal
47.33,-23.35265,-24.23458,0.88193,13.40762,13.97571,-0.56809,2.9899,2.9969,54.29,0.00321,0.3,normal
47.34,-23.1015,-24.06181,0.96031,13.2732,13.83133,-0.55813,3.0051,3.0,54.31,0.0021,0.3,normal
47.35,-22.84649,-23.88738,1.04089,13.13949,13.69888,-0.55939,2.9826,2.9941,54.09,0.01518,0.3,normal
47.36,-22.58763,-23.60361,1.01598,13.00649,13.56082,-0.55433,2.9832,3.0,53.91,0.01676,0.3,normal
47.37,-22.32495,-23.28798,0.96303,12.87419,13.43452,-0.56033,3.0082,3.0,54.48,0.00301,0.3,normal
47.38,-22.05847,-22.98553,0.92706,12.7426,13.30474,-0.56214,3.0015,2.9912,54.13,0.00191,0.3,normal
47.39,-21.78822,-22.68109,0.89287,12.61172,13.18498,-0.57326,3.0055,2.9807,54.31,0.00349,0.3,normal
47.4,-21.51422,-22.38763,0.87341,12.48155,13.06395,-0.5824,2.9649,2.9841,54.05,0.00469,0.3,normal
47.41,-21.2365,-22.0959,0.8594,12.35209,12.95231,-0.60021,2.6927,3.0,54.28,0.00376,0.3,normal
47.42,-20.95509,-21.83005,0.87496,12.22334,12.83741,-0.61406,3.0076,2.9912,53.78,0.00279,0.3,normal
47.43,-20.67003,-21.5628,0.89277,12.0953,12.73219,-0.63689,3.0142,2.9746,54.09,0.0035,0.3,normal
47.44,-20.38134,-21.30874,0.9274,11.96797,12.62397,-0.656,3.0286,2.9881,54.14,0.0023,0.3,normal
47.45,-20.08905,-21.05697,0.96791,11.84134,12.52087,-0.67953,2.9714,2.9926,54.23,0.00355,0.3,normal
47.46,-19.79322,-20.81877,1.02555,11.71541,12.41199,-0.69658,3.0235,3.0,54.33,0.00271,0.3,normal
47.47,-19.49386,-20.57969,1.08583,11.59019,12.30952,-0.71933,2.9913,2.982,54.01,0.00094,0.3,normal
47.48,-19.19102,-20.34997,1.15895,11.46566,12.20076,-0.73509,2.9991,3.0,54.28,0.00269,0.3,normal
47.49,-18.88474,-20.11992,1.23518,11.34183,12.09748,-0.75565,3.0185,2.9915,54.37,0.00227,0.3,normal
47.5,-18.57506,-19.89877,1.32371,11.21868,11.98799,-0.76931,2.9717,2.9977,54.55,0.01896,0.3,normal
47.51,-18.26202,-19.62606,1.36404,11.09623,11.85164,-0.75542,3.0056,3.0,54.31,0.01895,0.3,normal
47.52,-17.94567,-19.36228,1.41661,10.97445,11.71075,-0.7363,3.0039,3.0,54.13,0.00534,0.3,normal
47.53,-17.62605,-19.0838,1.45775,10.85335,11.58463,-0.73128,3.0412,3.0,54.02,0.00691,0.3,normal
47.54,-17.3032,-18.80016,1.49696,10.73291,11.4582,-0.72529,2.4257,2.9987,54.49,0.00415,0.3,normal
47.55,-16.97718,-18.48174,1.50456,10.61314,11.33916,-0.72602,3.0213,2.9751,54.33,0.0031,0.3,normal
47.56,-16.64803,-18.17621,1.52819,10.49403,11.21677,-0.72274,3.0069,2.996,54.22,0.01226,0.3,normal
47.57,-16.3158,-17.85779,1.54198,10.37557,11.10366,-0.72809,1.1206,2.9947,53.98,0.01239,0.3,normal
47.58,-15.98055,-17.44277,1.46221,10.25775,10.98852,-0.73077,2.9704,3.0,54.09,0.00558,0.3,normal
47.59,-15.64233,-17.02345,1.38113,10.14056,10.87054,-0.72998,3.0143,2.9885,54.33,0.00416,0.3,normal
47.6,-15.30118,-16.61488,1.31369,10.024,10.72066,-0.69666,2.9895,3.0,54.3,0.0032,0.3,normal
47.61,-14.95718,-16.20526,1.24809,9.90806,10.58279,-0.67473,3.0191,3.0,53.96,0.00746,0.3,normal
47.62,-14.61036,-15.8322,1.22184,9.79273,10.44623,-0.6535,3.0055,2.9999,54.35,0.00556,0.3,normal
47.63,-14.2608,-15.465,1.20421,9.67799,10.32091,-0.64291,2.9703,3.0,54.03,0.00287,0.3,normal
47.64,-13.90854,-15.11279,1.20425,9.56385,10.19274,-0.62889,2.9967,3.0,54.47,0.00432,0.3,normal
47.65,-13.55364,-14.76177,1.20812,9.45029,10.0749,-0.62461,3.0114,3.0,54.31,0.00225,0.3,normal
47.66,-13.19618,-14.41996,1.22378,9.33729,9.95351,-0.61622,3.0035,2.9976,54.21,0.00158,0.3,normal
47.67,-12.8362,-14.07678,1.24058,9.22486,9.84406,-0.6192,3.008,3.0,54.43,0.00424,0.3,normal
47.68,-12.47378,-13.74422,1.27045,9.11297,9.73474,-0.62177,2.9978,3.0,54.34,0.00246,0.3,normal
47.69,-12.10896,-13.40918,1.30022,9.00162,9.63509,-0.63347,2.9895,2.9801,54.49,0.00141,0.3,normal
47.7,-11.74183,-13.08742,1.34559,8.89079,9.52581,-0.63502,3.0085,3.0,54.31,0.00336,0.3,normal
47.71,-11.37245,-12.76808,1.39563,8.78047,9.42248,-0.64201,3.0014,3.0,54.32,0.00226,0.3,normal
47.72,-11.00087,-12.46028,1.45941,8.67066,9.31442,-0.64376,2.9857,2.9701,54.26,0.00147,0.3,normal
47.73,-10.62717,-12.1528,1.52563,8.56132,9.21323,-0.65191,3.0097,3.0,54.35,0.0181,0.3,normal
47.74,-10.25142,-11.83849,1.58707,8.45247,9.10479,-0.65232,0.3416,3.0,54.57,0.017,0.3,normal
47.75,-9.87368,-11.36917,1.4955,8.34407,9.00214,-0.65807,3.009,2.9885,54.25,0.01206,0.3,normal
47.76,-9.49402,-11.01832,1.5243,8.23612,8.89654,-0.66042,2.9899,3.0,54.43,0.01627,0.3,normal
47.77,-9.11253,-10.66757,1.55505,8.1286,8.78714,-0.65855,2.9769,2.9652,54.2,0.00466,0.3,normal
47.78,-8.72925,-10.32579,1.59654,8.02149,8.65517,-0.63367,2.982,2.9932,54.03,0.00234,0.3,normal
47.79,-8.34428,-9.98173,1.63745,7.9148,8.53603,-0.62123,2.9997,3.0,54.38,0.0033,0.3,normal
47.8,-7.95767,-9.64759,1.68991,7.80848,8.41024,-0.60175,2.5669,2.9946,54.41,0.00382,0.3,normal
47.81,-7.56951,-9.28509,1.71558,7.70255,8.29397,-0.59143,3.0121,3.0,54.34,0.00975,0.3,normal
47.82,-7.17987,-8.92389,1.74402,7.59696,8.17449,-0.57752,1.4171,3.0,54.14,0.01187,0.3,normal
47.83,-6.78882,-8.46866,1.67984,7.49173,8.06583,-0.57411,2.9665,2.9779,54.42,0.00371,0.3,normal
47.84,-6.39644,-8.02384,1.6274,7.38681,7.95722,-0.5704,3.0025,2.9991,54.42,0.00157,0.3,normal
47.85,-6.0028,-7.57993,1.57714,7.28221,7.85503,-0.57282,3.0038,3.0,54.25,0.00362,0.3,normal
47.86,-5.60797,-7.15114,1.54317,7.1779,7.74542,-0.56752,3.0194,3.0,54.19,0.00253,0.3,normal
47.87,-5.21205,-6.7198,1.50775,7.07386,7.64211,-0.56824,2.9776,2.9897,54.36,0.0012,0.3,normal
47.88,-4.81509,-6.30007,1.48498,6.97009,7.53441,-0.56432,3.0118,2.9874,54.5,0.00266,0.3,normal
47.89,-4.41719,-5.8823,1.46511,6.86656,7.43094,-0.56438,3.0035,2.975,54.47,0.00326,0.3,normal
47.9,-4.01841,-5.47548,1.45706,6.76325,7.32168,-0.55843,2.9863,2.9814,54.28,0.00122,0.3,normal
47.91,-3.61884,-5.0696,1.45076,6.66015,7.21897,-0.55882,3.0053,3.0,54.44,0.00234,0.3,normal
47.92,-3.21855,-4.67553,1.45697,6.55724,7.11165,-0.55441,2.9906,2.9891,54.56,0.00344,0.3,normal
47.93,-2.81763,-4.28038,1.46275,6.4545,7.00778,-0.55328,3.0011,3.0,54.25,0.00145,0.3,normal
47.94,-2.41615,-3.89888,1.48273,6.35192,6.90024,-0.54832,3.0003,3.0,54.45,0.00259,0.3,normal
47.95,-2.01419,-3.51598,1.50179,6.24948,6.80294,-0.55347,3.0141,2.9809,54.64,0.00328,0.3,normal
47.96,-1.61183,-3.14426,1.53243,6.14715,6.698,-0.55085,2.9887,2.9979,54.26,0.00168,0.3,normal
47.97,-1.20915,-2.77142,1.56226,6.04492,6.59748,-0.55256,2.9779,2.9898,54.63,0.002,0.3,normal
47.98,-0.80624,-2.40869,1.60246,5.94278,6.48959,-0.54681,3.009,2.9884,54.7,0.00343,0.3,normal
47.99,-0.40316,-2.04538,1.64222,5.84069,6.38606,-0.54537,3.0077,2.9792,54.43,0.00181,0.3,normal
48.0,-0.0,-1.69482,1.69482,5.73865,6.27638,-0.53773,2.9811,2.9879,54.42,0.00078,0.3,normal
48.01,0.40316,-1.34073,1.74388,5.63663,6.17581,-0.53918,2.8395,2.9956,54.63,0.00567,0.3,normal
48.02,0.80624,-0.97016,1.77639,5.53462,6.06791,-0.53329,3.0094,2.9902,54.45,0.00327,0.3,normal
48.03,1.20915,-0.58256,1.79171,5.4326,5.96673,-0.53414,2.9968,3.0,54.13,0.00177,0.3,normal
48.04,1.61183,-0.2069,1.81873,5.33054,5.85804,-0.5275,2.9965,3.0,54.48,0.00807,0.3,normal
48.05,2.01419,0.23674,1.77745,5.22843,5.75593,-0.52749,2.9961,3.0,54.57,0.00703,0.3,normal
48.06,2.41615,0.67256,1.74359,5.12625,5.64979,-0.52354,3.0103,3.0,54.61,0.00192,0.3,normal
48.07,2.81763,1.11046,1.70717,5.02398,5.5526,-0.52862,2.9704,2.9931,54.38,0.00292,0.3,normal
48.08,3.21855,1.53812,1.68043,4.9216,5.44798,-0.52637,3.0218,2.9949,54.48,0.00218,0.3,normal
48.09,3.61884,1.96762,1.65122,4.81909,5.34823,-0.52914,3.0038,3.0,54.67,0.00219,0.3,normal
48.1,4.01841,2.38437,1.63404,4.71643,5.24604,-0.52961,3.0101,3.0,54.52,0.00307,0.3,normal
48.11,4.41719,2.80412,1.61307,4.61361,5.15098,-0.53737,2.9765,2.9903,54.3,0.00263,0.3,normal
48.12,4.81509,3.21371,1.60138,4.51059,5.04979,-0.5392,3.0,2.9973,54.73,0.00181,0.3,normal
48.13,5.21205,3.62127,1.59078,4.40737,4.95316,-0.5458,2.9853,3.0,54.51,0.00325,0.3,normal
48.14,5.60797,4.01872,1.58926,4.30392,4.85025,-0.54633,3.0284,3.0,54.72,0.00331,0.3,normal
48.15,6.0028,4.41411,1.58868,4.20022,4.75491,-0.55469,3.0072,2.9856,54.35,0.00146,0.3,normal
48.16,6.39644,4.7979,1.59853,4.09626,4.65334,-0.55709,3.0206,3.0,54.55,0.00282,0.3,normal
48.17,6.78882,5.1822,1.60662,3.99201,4.56114,-0.56914,2.9855,2.996,54.65,0.00282,0.3,normal
48.18,7.17987,5.55813,1.62174,3.88745,4.46176,-0.5743,2.9965,2.9999,54.56,0.00148,0.3,normal
48.19,7.56951,5.93804,1.63147,3.78258,4.35989,-0.57731,2.9997,3.0,54.4,0.00166,0.3,normal
48.2,7.95767,6.30881,1.64887,3.67735,4.25484,-0.57748,3.0245,3.0,54.23,0.00262,0.3,normal
48.21,8.34428,6.68002,1.66425,3.57177,4.15638,-0.58461,2.9802,3.0,54.82,0.00116,0.3,normal
48.22,8.72925,7.04035,1.6889,3.4658,4.05082,-0.58501,2.9855,3.0,54.63,0.00092,0.3,normal
48.23,9.11253,7.40561,1.70692,3.35944,3.95156,-0.59213,2.9593,2.9985,54.78,0.00776,0.3,normal
48.24,9.49402,7.79083,1.7032,3.25265,3.83733,-0.58468,2.9891,2.9946,54.75,0.0039,0.3,normal
48.25,9.87368,8.19676,1.67692,3.14542,3.73315,-0.58773,2.9768,3.0,54.7,0.00345,0.3,normal
48.26,10.25142,8.58901,1.66241,3.03774,3.62747,-0.58973,2.9875,2.9804,54.57,0.00355,0.3,normal
48.27,10.62717,8.98138,1.64579,2.92958,3.52749,-0.59791,3.0013,2.9977,54.7,0.00135,0.3,normal
48.28,11.00087,9.36133,1.63954,2.82093,3.4205,-0.59957,2.9807,3.0,54.85,0.00188,0.3,normal
48.29,11.37245,9.74258,1.62987,2.71176,3.31763,-0.60587,2.9881,3.0,54.65,0.00319,0.3,normal
48.3,11.74183,10.11435,1.62749,2.60206,3.20801,-0.60595,2.9999,3.0,54.93,0.00094,0.3,normal
48.31,12.10896,10.48828,1.62068,2.49181,3.10464,-0.61283,3.0114,2.9916,54.42,0.003,0.3,normal
48.32,12.47378,10.84966,1.62412,2.38099,2.98535,-0.60435,3.0002,3.0,54.41,0.00378,0.3,normal
48.33,12.8362,11.21268,1.62353,2.26959,2.86792,-0.59833,3.002,3.0,54.81,0.00561,0.3,normal
48.34,13.19618,11.58073,1.61544,2.15759,2.74835,-0.59076,2.9881,3.0,54.54,0.0051,0.3,normal
48.35,13.55364,11.98244,1.57121,2.04497,2.6416,-0.59663,2.9968,2.985,54.98,0.00389,0.3,normal
48.36,13.90854,12.37316,1.53537,1.9317,2.53162,-0.59992,3.0126,2.9974,54.88,0.0034,0.3,normal
48.37,14.2608,12.76649,1.4943,1.81779,2.41702,-0.59923,2.9988,2.9922,54.92,0.00277,0.3,normal
48.38,14.61036,13.14996,1.4604,1.7032,2.28739,-0.58419,3.0004,2.9822,54.82,0.0033,0.3,normal
48.39,14.95718,13.53781,1.41936,1.58793,2.16707,-0.57914,3.0135,3.0,54.55,0.00237,0.3,normal
48.4,15.30118,13.91397,1.38721,1.47195,2.04326,-0.5713,2.9935,2.994,54.45,0.0018,0.3,normal
48.41,15.64233,14.28834,1.35399,1.35526,1.92863,-0.57338,2.9907,2.9995,54.93,0.0035,0.3,normal
48.42,15.98055,14.65377,1.32679,1.23782,1.81283,-0.57501,3.0017,3.0,54.48,0.00272,0.3,normal
48.43,16.3158,15.02191,1.29389,1.11964,1.70655,-0.58691,3.0067,3.0,54.95,0.00205,0.3,normal
48.44,16.64803,15.3783,1.26973,1.00069,1.59615,-0.59546,3.0092,3.0,54.82,0.00411,0.3,normal
48.45,16.97718,15.73703,1.24015,0.88096,1.48278,-0.60182,2.9887,3.0,54.71,0.00389,0.3,normal
48.46,17.3032,16.08864,1.21456,0.76043,1.35384,-0.59341,3.01,3.0,54.8,0.00126,0.3,normal
48.47,17.62605,16.44272,1.18333,0.63909,1.23415,-0.59506,3.0194,2.9947,54.8,0.0032,0.3,normal
48.48,17.94567,16.78635,1.15932,0.51693,1.11141,-0.59448,2.9742,3.0,54.71,0.00296,0.3,normal
48.49,18.26202,17.13206,1.12996,0.39392,0.99896,-0.60504,3.0098,3.0,54.96,0.00195,0.3,normal
48.5,18.57506,17.46703,1.10803,0.27007,0.8834,-0.61334,2.9783,2.9875,54.96,0.00997,0.3,normal
48.51,18.88474,17.80542,1.07932,0.14535,0.75109,-0.60574,3.0071,3.0,54.78,0.01145,0.3,normal
48.52,19.19102,18.13058,1.06044,0.01975,0.55691,-0.53716,2.9902,2.9968,54.67,0.00209,0.3,normal
48.53,19.49386,18.45822,1.03564,-0.10675,0.37339,-0.48014,2.9989,3.0,54.96,0.00218,0.3,normal
48.54,19.79322,18.77816,1.01506,-0.23414,0.18888,-0.42302,3.0119,2.9873,54.47,0.004,0.3,normal
48.55,20.08905,19.0966,0.99245,-0.36245,0.01704,-0.3795,2.9983,2.9925,54.84,0.00342,0.3,normal
48.56,20.38134,19.40127,0.98007,-0.49169,-0.15615,-0.33554,2.9945,3.0,54.89,0.0032,0.3,normal
48.57,20.67003,19.70605,0.96398,-0.62187,-0.31817,-0.3037,2.984,2.9732,54.66,0.00386,0.3,normal
48.58,20.95509,20.00164,0.95345,-0.753,-0.48111,-0.27189,2.9992,3.0,54.94,0.00242,0.3,normal
48.59,21.2365,20.29945,0.93705,-0.88509,-0.63107,-0.25402,2.989,2.9735,54.79,0.0027,0.3,normal
48.6,21.51422,20.58512,0.9291,-1.01814,-0.78228,-0.23587,3.0263,3.0,54.72,0.00387,0.3,normal
48.61,21.78822,20.87109,0.91712,-1.15218,-0.92408,-0.2281,2.9988,2.9632,54.95,0.00218,0.3,normal
48.62,22.05847,21.14409,0.91437,-1.28721,-1.06698,-0.22023,2.9927,2.9986,54.65,0.00302,0.3,normal
48.63,22.32495,21.41857,0.90638,-1.42324,-1.19926,-0.22398,2.9986,2.9756,54.94,0.00282,0.3,normal
48.64,22.58763,21.68075,0.90688,-1.56027,-1.33688,-0.22339,2.9599,2.9965,54.52,0.00203,0.3,normal
48.65,22.84649,21.94636,0.90013,-1.69832,-1.46593,-0.2324,2.9908,2.994,54.86,0.00224,0.3,normal
48.66,23.1015,22.20066,0.90085,-1.8374,-1.59722,-0.24018,3.0054,2.972,54.83,0.00424,0.3,normal
48.67,23.35265,22.45354,0.89911,-1.9775,-1.71795,-0.25955,2.9644,3.0,54.75,0.00325,0.3,normal
48.68,23.59992,22.69502,0.9049,-2.11865,-1.83625,-0.28239,3.0145,3.0,54.89,0.00194,0.3,normal
48.69,23.84329,22.93976,0.90352,-2.26083,-1.94173,-0.3191,3.016,3.0,54.82,0.0032,0.3,normal
48.7,24.08273,23.17417,0.90856,-2.40407,-2.05128,-0.3528,2.9996,3.0,55.0,0.00181,0.3,normal
48.71,24.31825,23.40966,0.90859,-2.54837,-2.15504,-0.39333,3.0055,2.9864,54.93,0.00036,0.3,normal
48.72,24.54982,23.63556,0.91426,-2.69373,-2.26345,-0.43028,2.9862,2.9748,54.91,0.00313,0.3,normal
48.73,24.77743,23.86314,0.9143,-2.84015,-2.36439,-0.47577,3.0043,3.0,54.89,0.00183,0.3,normal
48.74,25.00108,24.08189,0.91919,-2.98765,-2.47004,-0.51761,2.9925,3.0,54.78,0.00097,0.3,normal
48.75,25.22075,24.30376,0.91699,-3.13622,-2.56909,-0.56713,2.9866,3.0,54.81,0.00262,0.3,normal
48.76,25.43645,24.51373,0.92272,-3.28587,-2.67516,-0.61071,3.0008,3.0,54.9,0.00214,0.3,normal
48.77,25.64815,24.7277,0.92045,-3.43661,-2.77666,-0.65995,2.9935,2.9903,54.84,0.00076,0.3,normal
48.78,25.85587,24.93173,0.92414,-3.58843,-2.88279,-0.70564,3.004,2.986,55.03,0.00216,0.3,normal
48.79,26.05959,25.14015,0.91945,-3.74134,-2.9848,-0.75653,3.0111,2.968,54.88,0.00188,0.3,normal
48.8,26.25932,25.33788,0.92144,-3.89533,-3.09405,-0.80128,2.9963,3.0,54.93,0.00117,0.3,normal
48.81,26.45506,25.53719,0.91788,-4.05042,-3.19622,-0.8542,3.0123,3.0,54.66,0.00256,0.3,normal
48.82,26.64681,25.72327,0.92355,-4.2066,-3.30604,-0.90056,2.9986,2.993,55.02,0.01203,0.3,normal
48.83,26.83458,25.90916,0.92542,-4.36387,-3.49229,-0.87158,2.9719,3.0,54.79,0.0094,0.3,normal
48.84,27.01837,26.08467,0.9337,-4.52223,-3.68859,-0.83364,2.9932,3.0,54.73,0.00274,0.3,normal
48.85,27.19818,26.26331,0.93487,-4.68169,-3.8743,-0.80738,3.0076,3.0,55.13,0.00339,0.3,normal
48.86,27.37403,26.42939,0.94464,-4.84223,-4.06218,-0.78005,2.9835,3.0,54.99,0.00196,0.3,normal
48.87,27.54593,26.59567,0.95025,-5.00386,-4.24016,-0.7637,3.0132,2.9982,55.04,0.00298,0.3,normal
48.88,27.71388,26.74943,0.96446,-5.16658,-4.42109,-0.74549,3.0129,2.9998,54.96,0.00486,0.3,normal
48.89,27.87791,26.93557,0.94234,-5.33038,-4.59178,-0.7386,3.0144,2.9835,54.88,0.00354,0.3,normal
48.9,28.03802,27.11179,0.92624,-5.49527,-4.7647,-0.73057,3.0179,2.9995,54.86,0.00337,0.3,normal
48.91,28.19424,27.28848,0.90577,-5.66123,-4.92628,-0.73495,2.9914,2.9926,55.02,0.00361,0.3,normal
48.92,28.34658,27.45796,0.88862,-5.82827,-5.09084,-0.73742,2.9785,3.0,55.08,0.00119,0.3,normal
48.93,28.49505,27.62865,0.8664,-5.99637,-5.24646,-0.74991,3.0164,3.0,54.9,0.00199,0.3,normal
48.94,28.63969,27.78963,0.85006,-6.16554,-5.40556,-0.75998,3.011,2.9943,55.22,0.00354,0.3,normal
48.95,28.78051,27.95252,0.82799,-6.33577,-5.55193,-0.78384,2.989,2.9969,54.88,0.00251,0.3,normal
48.96,28.91753,28.1034,0.81414,-6.50705,-5.70003,-0.80702,3.0148,2.999,54.71,0.00241,0.3,normal
48.97,29.05079,28.25747,0.79332,-6.67938,-5.83693,-0.84245,3.0044,3.0,54.66,0.00389,0.3,normal
48.98,29.1803,28.40286,0.77744,-6.85275,-5.97215,-0.8806,3.019,3.0,54.67,0.00192,0.3,normal
48.99,29.30609,28.55015,0.75595,-7.02715,-6.09616,-0.93099,2.9856,3.0,54.86,0.00193,0.3,normal
49.0,29.4282,28.68873,0.73947,-7.20258,-6.22177,-0.98081,3.0064,3.0,54.89,0.01501,0.3,normal
49.01,29.54666,28.82643,0.72022,-7.37903,-6.45262,-0.9264,2.9972,2.9816,55.03,0.01346,0.3,normal
49.02,29.66149,28.95192,0.70957,-7.55648,-6.69705,-0.85943,3.0039,2.9819,54.93,0.00136,0.3,normal
49.03,29.77273,29.08022,0.6925,-7.73493,-6.93029,-0.80464,2.9844,3.0,55.06,0.00299,0.3,normal
49.04,29.88041,29.20169,0.67872,-7.91437,-7.16699,-0.74738,3.0001,3.0,54.94,0.0022,0.3,normal
49.05,29.98457,29.32767,0.6569,-8.09478,-7.3924,-0.70238,2.9809,2.9983,54.94,0.00128,0.3,normal
49.06,30.08525,29.44462,0.64063,-8.27617,-7.62041,-0.65576,3.0221,3.0,54.86,0.00369,0.3,normal
49.07,30.18248,29.56294,0.61954,-8.45851,-7.83826,-0.62025,3.0094,3.0,55.16,0.00279,0.3,normal
49.08,30.27631,29.67084,0.60547,-8.6418,-8.0549,-0.5869,2.9923,3.0,54.72,0.00264,0.3,normal
49.09,30.36677,29.78183,0.58494,-8.82601,-8.25691,-0.5691,2.9951,3.0,55.0,0.00401,0.3,normal
49.1,30.45392,29.87872,0.5752,-9.01115,-8.46283,-0.54833,3.0014,2.9835,54.93,0.00298,0.3,normal
49.11,30.53778,29.97798,0.5598,-9.1972,-8.65925,-0.53795,3.003,3.0,55.07,0.00112,0.3,normal
49.12,30.6184,30.06988,0.54852,-9.38413,-8.85856,-0.52557,2.9977,3.0,54.95,0.00207,0.3,normal
49.13,30.69584,30.16642,0.52941,-9.57195,-9.05017,-0.52178,3.0262,3.0,54.96,0.00231,0.3,normal
49.14,30.77013,30.25493,0.5152,-9.76063,-9.24268,-0.51795,3.0006,3.0,54.92,0.00153,0.3,normal
49.15,30.84133,30.34861,0.49271,-9.95016,-9.42147,-0.52868,2.9837,2.9922,55.17,0.00257,0.3,normal
49.16,30.90948,30.43759,0.47189,-10.14052,-9.6036,-0.53692,2.9947,3.0,54.97,0.00283,0.3,normal
49.17,30.97463,30.53344,0.44119,-10.3317,-9.77548,-0.55622,2.9953,3.0,55.26,0.00154,0.3,normal
49.18,31.03683,30.62373,0.4131,-10.52368,-9.94893,-0.57475,2.9919,2.9991,55.01,0.00206,0.3,normal
49.19,31.09615,30.71999,0.37615,-10.71644,-10.11215,-0.60429,3.002,2.9931,54.97,0.00198,0.3,normal
49.2,31.15262,30.80959,0.34303,-10.90997,-10.28129,-0.62869,3.0272,2.9978,54.95,0.00055,0.3,normal
49.21,31.2063,30.90417,0.30213,-11.10425,-10.43981,-0.66444,2.9966,3.0,55.06,0.00202,0.3,normal
49.22,31.25725,30.9931,0.26415,-11.29926,-10.60084,-0.69842,2.9924,3.0,54.89,0.00211,0.3,normal
49.23,31.30552,31.0862,0.21932,-11.49498,-10.7537,-0.74128,2.9989,2.9955,55.0,0.00118,0.3,normal
49.24,31.35118,31.17316,0.17802,-11.6914,-10.9087,-0.78269,3.0285,3.0,54.98,0.00291,0.3,normal
49.25,31.39426,31.26842,0.12585,-11.88848,-11.04974,-0.83874,3.0026,3.0,55.03,0.00312,0.3,normal
49.26,31.43485,31.35721,0.07763,-12.08622,-11.19329,-0.89293,3.0,2.9964,55.03,0.00152,0.3,normal
49.27,31.47298,31.45126,0.02172,-12.28459,-11.32691,-0.95768,3.004,2.9768,55.04,0.00132,0.3,normal
49.28,31.50873,31.53893,-0.0302,-12.48358,-11.46151,-1.02207,3.0176,2.9998,55.0,0.00315,0.3,normal
49.29,31.54215,31.63154,-0.08938,-12.68315,-11.58719,-1.09596,2.997,2.9947,55.22,0.00611,0.3,normal
49.3,31.57331,31.69677,-0.12346,-12.88329,-11.71501,-1.16828,3.0177,3.0,55.05,0.01791,0.3,normal
49.31,31.60226,31.7356,-0.13333,-13.08398,-11.8967,-1.18727,2.9844,3.0,55.38,0.01485,0.3,normal
49.32,31.62908,31.76571,-0.13663,-13.28519,-12.14609,-1.1391,3.0294,2.981,55.0,0.00177,0.3,normal
49.33,31.65381,31.80085,-0.14704,-13.4869,-12.38611,-1.10079,3.0061,3.0,55.14,0.00056,0.3,normal
49.34,31.67653,31.82952,-0.15299,-13.68909,-12.62908,-1.06001,3.0149,3.0,54.89,0.00223,0.3,normal
49.35,31.6973,31.8636,-0.1663,-13.89173,-12.86454,-1.0272,2.9889,3.0,55.22,0.00186,0.3,normal
49.36,31.71618,31.89267,-0.17648,-14.09481,-13.10249,-0.99232,3.0,2.9806,54.9,0.00156,0.3,normal
49.37,31.73324,31.92884,-0.1956,-14.29828,-13.32782,-0.97046,3.033,3.0,55.08,0.00306,0.3,normal
49.38,31.74855,31.96047,-0.21192,-14.50214,-13.55549,-0.94665,3.009,3.0,54.98,0.00407,0.3,normal
49.39,31.76217,31.9897,-0.22753,-14.70635,-13.76958,-0.93677,2.9906,2.9975,55.09,0.00229,0.3,normal
49.4,31.77417,32.00095,-0.22677,-14.91089,-13.9891,-0.92179,3.0082,2.9678,54.99,0.00241,0.3,normal
49.41,31.78461,32.02031,-0.23569,-15.11573,-14.20102,-0.91472,2.9936,3.0,54.91,0.00174,0.3,normal
49.42,31.79357,32.03305,-0.23948,-15.32085,-14.41552,-0.90533,3.0137,3.0,54.99,0.00139,0.3,normal
49.43,31.8011,32.04913,-0.24803,-15.52623,-14.61956,-0.90667,2.9976,3.0,55.26,0.00223,0.3,normal
49.44,31.80729,32.05664,-0.24935,-15.73182,-14.82782,-0.904,2.9998,2.9996,55.11,0.00445,0.3,normal
49.45,31.81218,32.06066,-0.24847,-15.93761,-15.02839,-0.90922,2.9799,2.9989,54.85,0.00256,0.3,normal
49.46,31.81587,32.04521,-0.22934,-16.14357,-15.23509,-0.90848,3.0064,2.9831,55.21,0.00172,0.3,normal
49.47,31.8184,32.03569,-0.21729,-16.34967,-15.43414,-0.91553,3.0025,3.0,54.91,0.00218,0.3,normal
49.48,31.81986,32.02001,-0.20015,-16.55588,-15.63732,-0.91856,3.0083,2.9966,55.16,0.00159,0.3,normal
49.49,31.8203,32.01149,-0.19118,-16.76217,-15.82846,-0.93371,2.9952,3.0,55.14,0.00301,0.3,normal
49.5,31.81981,31.99593,-0.17612,-16.96852,-16.01921,-0.94931,3.0051,3.0,55.15,0.00286,0.3,normal
49.51,31.81844,31.98519,-0.16675,-17.1749,-16.19766,-0.97724,2.9708,2.9982,55.34,0.0009,0.3,normal
49.52,31.81627,31.96725,-0.15099,-17.38127,-16.37942,-1.00185,2.9951,2.9725,54.94,0.00179,0.3,normal
49.53,31.81336,31.95389,-0.14053,-17.58761,-16.55222,-1.03538,2.9998,2.9933,55.16,0.00277,0.3,normal
49.54,31.80979,31.93389,-0.1241,-17.79388,-16.72773,-1.06615,2.9966,2.9892,55.26,0.00062,0.3,normal
49.55,31.80562,31.92088,-0.11526,-18.00006,-16.89326,-1.1068,2.9891,3.0,54.98,0.00237,0.3,normal
49.56,31.80092,31.90369,-0.10277,-18.20612,-17.05917,-1.14694,2.9839,3.0,54.97,0.00359,0.3,normal
49.57,31.79577,31.89445,-0.09868,-18.41202,-17.21593,-1.1961,2.9858,3.0,55.04,0.00133,0.3,normal
49.58,31.79022,31.88013,-0.08992,-18.61774,-17.37396,-1.24378,2.9807,3.0,55.13,0.00189,0.3,normal
49.59,31.78435,31.87099,-0.08664,-18.82324,-17.51935,-1.30389,2.9681,2.9936,54.88,0.00931,0.3,normal
49.6,31.77822,31.85649,-0.07826,-19.02849,-17.71848,-1.31001,2.9938,2.9877,55.18,0.00789,0.3,normal
49.61,31.77191,31.84881,-0.0769,-19.23347,-17.93172,-1.30175,3.0001,3.0,54.89,0.00155,0.3,normal
49.62,31.76548,31.83611,-0.07064,-19.43813,-18.14764,-1.29049,2.9939,2.9905,55.29,0.00338,0.3,normal
49.63,31.75899,31.83137,-0.07238,-19.64245,-18.35268,-1.28976,2.9874,2.9794,55.18,0.00129,0.3,normal
49.64,31.75252,31.82093,-0.06841,-19.84639,-18.56282,-1.28358,3.0133,3.0,55.4,0.00191,0.3,normal
49.65,31.74613,31.8171,-0.07096,-20.04993,-18.75993,-1.29,2.9637,3.0,55.21,0.0036,0.3,normal
49.66,31.73989,31.80465,-0.06476,-20.25303,-18.95604,-1.29699,3.0185,3.0,55.07,0.00116,0.3,normal
49.67,31.73386,31.79935,-0.0655,-20.45565,-19.14185,-1.3138,2.9849,2.9996,55.0,0.00171,0.3,normal
49.68,31.7281,31.78865,-0.06055,-20.65778,-19.33483,-1.32295,3.0048,3.0,55.16,0.00246,0.3,normal
49.69,31.72268,31.78306,-0.06037,-20.85936,-19.5162,-1.34316,3.0026,2.9978,55.12,0.00225,0.3,normal
49.7,31.71768,31.77083,-0.05315,-21.06037,-19.70946,-1.35091,3.0119,2.971,55.31,0.00175,0.3,normal
49.71,31.71313,31.76538,-0.05224,-21.26078,-19.90376,-1.35701,2.9959,3.0,54.99,0.00295,0.3,normal
49.72,31.70912,31.75087,-0.04175,-21.46055,-20.10143,-1.35912,3.0051,2.9966,55.44,0.00537,0.3,normal
49.73,31.70571,31.74117,-0.03546,-21.65965,-20.3024,-1.35725,2.991,2.9968,55.33,0.00457,0.3,normal
49.74,31.70295,31.72313,-0.02018,-21.85805,-20.53842,-1.31963,3.0031,2.9743,55.11,0.00291,0.3,normal
49.75,31.7009,31.70984,-0.00894,-22.05571,-20.76622,-1.28949,3.0101,2.9887,55.42,0.00242,0.3,normal
49.76,31.69963,31.68952,0.01011,-22.2526,-20.99457,-1.25803,2.9851,2.9875,55.04,0.00152,0.3,normal
49.77,31.6992,31.67247,0.02672,-22.44868,-21.21271,-1.23598,3.0138,3.0,55.19,0.0022,0.3,normal
49.78,31.69965,31.64905,0.0506,-22.64393,-21.43313,-1.21079,2.9807,3.0,54.97,0.00153,0.3,normal
49.79,31.70106,31.63137,0.0697,-22.8383,-21.64552,-1.19279,3.0043,2.9943,55.44,0.00169,0.3,normal
49.8,31.70348,31.60701,0.09647,-23.03177,-21.86066,-1.17112,2.9877,3.0,54.92,0.00267,0.3,normal
49.81,31.70697,31.58961,0.11736,-23.22431,-22.06289,-1.16141,3.0066,2.9752,54.96,0.00274,0.3,normal
49.82,31.71157,31.5687,0.14287,-23.41587,-22.26857,-1.1473,2.9768,3.0,55.08,0.00093,0.3,normal
49.83,31.71735,31.552,0.16535,-23.60642,-22.46236,-1.14406,2.9967,3.0,55.38,0.00238,0.3,normal
49.84,31.72435,31.52808,0.19627,-23.79593,-22.65655,-1.13938,3.0097,2.9931,55.33,0.00282,0.3,normal
49.85,31.73263,31.50926,0.22337,-23.98437,-22.84163,-1.14274,2.9862,3.0,55.21,0.00086,0.3,normal
49.86,31.74225,31.48641,0.25583,-24.1717,-23.02772,-1.14398,3.005,2.9934,55.34,0.00255,0.3,normal
49.87,31.75325,31.46804,0.28521,-24.35789,-23.20268,-1.15521,3.0147,3.0,55.18,0.00276,0.3,normal
49.88,31.76567,31.43839,0.32728,-24.5429,-23.37897,-1.16394,3.0032,3.0,55.26,0.00733,0.3,normal
49.89,31.77958,31.46907,0.31051,-24.72671,-23.55378,-1.17293,3.0065,3.0,55.45,0.00874,0.3,normal
49.9,31.79502,31.50073,0.29429,-24.90927,-23.74151,-1.16776,2.9897,3.0,55.17,0.00269,0.3,normal
49.91,31.81202,31.5391,0.27293,-25.09056,-23.91983,-1.17073,2.9894,3.0,55.09,0.00283,0.3,normal
49.92,31.83065,31.57332,0.25733,-25.27054,-24.12988,-1.14066,2.9986,3.0,55.28,0.00392,0.3,normal
49.93,31.85094,31.61436,0.23658,-25.44918,-24.33372,-1.11546,3.0066,2.9928,55.32,0.00235,0.3,normal
49.94,31.87293,31.64841,0.22453,-25.62644,-24.53962,-1.08683,2.9816,3.0,55.23,0.00172,0.3,normal
49.95,31.89667,31.689,0.20767,-25.8023,-24.73437,-1.06793,3.0107,3.0,55.37,0.00126,0.3,normal
49.96,31.9222,31.72221,0.19999,-25.97671,-24.93513,-1.04158,3.0029,2.9986,55.19,0.0026,0.3,normal
49.97,31.94955,31.76196,0.18759,-26.14965,-25.12569,-1.02396,2.9797,2.9968,55.24,0.00199,0.3,normal
49.98,31.97877,31.79774,0.18103,-26.32108,-25.31653,-1.00456,2.9661,3.0,55.28,0.00315,0.3,normal
49.99,32.00989,31.84318,0.16671,-26.49098,-25.49354,-0.99744,2.9816,3.0,55.27,0.00348,0.3,normal
50.0,32.04294,31.88159,0.16135,-26.6593,-25.66962,-0.98968,2.9882,2.9979,55.48,0.00242,0.3,normal
50.01,32.07796,31.92272,0.15525,-26.82602,-25.83495,-0.99106,3.0053,3.0,55.29,0.00187,0.3,normal
50.02,32.11499,31.95699,0.158,-26.9911,-25.99879,-0.99231,3.0122,3.0,55.19,0.00318,0.3,normal
50.03,32.15406,32.00033,0.15373,-27.15452,-26.15168,-1.00284,2.9805,3.0,55.32,0.0045,0.3,normal
50.04,32.19518,32.03978,0.1554,-27.31623,-26.33886,-0.97737,2.9886,2.9977,55.4,0.00277,0.3,normal
50.05,32.23841,32.08641,0.15199,-27.47622,-26.51991,-0.95631,3.0266,3.0,55.36,0.00316,0.3,normal
50.06,32.28375,32.12433,0.15942,-27.63444,-26.70061,-0.93384,2.9967,3.0,55.36,0.00305,0.3,normal
50.07,32.33124,32.16709,0.16415,-27.79087,-26.86936,-0.92152,2.9924,2.9997,55.03,0.00179,0.3,normal
50.08,32.38091,32.205,0.17591,-27.94548,-27.03656,-0.90892,3.001,2.9976,54.88,0.00375,0.3,normal
50.09,32.43276,32.24989,0.18287,-28.09824,-27.19192,-0.90631,2.9903,2.9855,55.45,0.00324,0.3,normal
50.1,32.48684,32.28954,0.1973,-28.2491,-27.34834,-0.90076,2.9785,3.0,55.33,0.00118,0.3,normal
50.11,32.54316,32.33607,0.20708,-28.39806,-27.49376,-0.9043,3.0053,3.0,55.26,0.00681,0.3,normal
50.12,32.60173,32.37575,0.22598,-28.54507,-27.64609,-0.89898,3.0214,2.1922,55.37,0.00628,0.3,normal
50.13,32.66258,32.41751,0.24506,-28.69011,-27.83898,-0.85113,3.0025,3.0,55.56,0.00104,0.3,normal
50.14,32.72571,32.45474,0.27098,-28.83314,-28.03258,-0.80056,2.9755,3.0,55.48,0.00164,0.3,normal
50.15,32.79116,32.49939,0.29177,-28.97415,-28.21866,-0.75549,2.9855,3.0,55.42,0.00299,0.3,normal
50.16,32.85892,32.53554,0.32338,-29.11309,-28.40483,-0.70825,2.9946,3.0,55.14,0.00092,0.3,normal
50.17,32.92901,32.57711,0.3519,-29.24994,-28.57884,-0.6711,2.9635,2.9932,55.17,0.00263,0.3,normal
50.18,33.00145,32.61231,0.38913,-29.38468,-28.75521,-0.62947,2.9988,3.0,54.92,0.00279,0.3,normal
50.19,33.07623,32.65523,0.421,-29.51727,-28.92056,-0.59672,2.9927,2.9859,55.38,0.00111,0.3,normal
50.2,33.15337,32.69276,0.46061,-29.6477,-29.08824,-0.55945,2.9987,3.0,55.45,0.00223,0.3,normal
50.21,33.23287,32.73828,0.4946,-29.77592,-29.24396,-0.53196,2.9803,3.0,55.47,0.01111,0.3,normal
50.22,33.31474,32.81556,0.49919,-29.90192,-29.40133,-0.50059,2.9996,3.0,55.39,0.00857,0.3,normal
50.23,33.39898,32.93561,0.46338,-30.02567,-29.55126,-0.4744,2.9985,3.0,55.27,0.00267,0.3,normal
50.24,33.4856,33.0434,0.4422,-30.14714,-29.7035,-0.44363,3.0148,3.0,55.21,0.0038,0.3,normal
50.25,33.57458,33.14971,0.42487,-30.2663,-29.84493,-0.42137,3.0016,3.0,55.17,0.00311,0.3,normal
50.26,33.66593,33.24404,0.42189,-30.38314,-29.98598,-0.39716,3.0071,3.0,55.27,0.00314,0.3,normal
50.27,33.75965,33.34021,0.41943,-30.49763,-30.11115,-0.38648,2.9731,3.0,55.15,0.00316,0.3,normal
50.28,33.85573,33.42926,0.42647,-30.60974,-30.23576,-0.37398,3.0001,2.9877,55.56,0.00145,0.3,normal
50.29,33.95416,33.52383,0.43033,-30.71945,-30.35027,-0.36918,2.9833,2.9919,55.11,0.00167,0.3,normal
50.3,34.05494,33.61353,0.44141,-30.82673,-30.46889,-0.35784,2.9644,2.9854,55.27,0.00286,0.3,normal
50.31,34.15806,33.70923,0.44884,-30.93157,-30.57653,-0.35504,2.9854,3.0,55.01,0.00218,0.3,normal
50.32,34.26351,33.79683,0.46668,-31.03394,-30.68523,-0.34871,2.9843,2.9875,55.35,0.00096,0.3,normal
50.33,34.37127,33.89153,0.47974,-31.13381,-30.7846,-0.34921,2.9888,3.0,55.31,0.00299,0.3,normal
50.34,34.48134,33.98186,0.49948,-31.23117,-30.88799,-0.34319,2.9982,3.0,55.25,0.0016,0.3,normal
50.35,34.59369,34.07577,0.51791,-31.326,-30.98448,-0.34151,2.9808,3.0,55.17,0.00078,0.3,normal
50.36,34.70831,34.16112,0.54719,-31.41827,-31.08609,-0.33218,2.9733,2.9998,55.31,0.0022,0.3,normal
50.37,34.82518,34.25517,0.57001,-31.50796,-31.18129,-0.32667,2.9993,3.0,55.23,0.00065,0.3,normal
50.38,34.94428,34.34321,0.60107,-31.59505,-31.28348,-0.31157,3.0093,3.0,55.29,0.00102,0.3,normal
50.39,35.06559,34.43519,0.6304,-31.67953,-31.37877,-0.30076,2.822,2.9842,55.61,0.00511,0.3,normal
50.4,35.18909,34.53301,0.65609,-31.76137,-31.48087,-0.2805,2.5939,3.0,55.34,0.00339,0.3,normal
50.41,35.31476,34.65562,0.65914,-31.84055,-31.57547,-0.26508,2.9991,3.0,55.4,0.00104,0.3,normal
50.42,35.44256,34.77067,0.67189,-31.91707,-31.67537,-0.24169,2.9979,2.9733,55.25,0.00193,0.3,normal
50.43,35.57247,34.89121,0.68126,-31.99089,-31.76982,-0.22107,2.9958,3.0,55.2,0.00331,0.3,normal
50.44,35.70447,35.0136,0.69087,-32.06201,-31.87068,-0.19132,3.0069,2.9946,55.32,0.00198,0.3,normal
50.45,35.83852,35.14937,0.68916,-32.1304,-31.96586,-0.16454,2.9921,3.0,55.7,0.00228,0.3,normal
50.46,35.9746,35.2751,0.6995,-32.19605,-32.0683,-0.12775,2.9941,3.0,55.28,0.00217,0.3,normal
50.47,36.11266,35.40448,0.70819,-32.25895,-32.16596,-0.09299,3.001,3.0,55.38,0.00497,0.3,normal
50.48,36.25269,35.57454,0.67815,-32.31907,-32.26893,-0.05015,3.0033,2.9938,55.21,0.00718,0.3,normal
50.49,36.39463,35.75305,0.64158,-32.37641,-32.36182,-0.01459,2.9914,2.995,54.92,0.00948,0.3,normal
50.5,36.53846,35.92136,0.6171,-32.43095,-32.39832,-0.03263,3.0059,2.9961,55.22,0.00728,0.3,normal
50.51,36.68413,36.0925,0.59163,-32.48268,-32.42655,-0.05614,2.9996,2.9996,55.7,0.00231,0.3,normal
50.52,36.83162,36.2485,0.58311,-32.53159,-32.46215,-0.06943,2.985,3.0,55.43,0.00395,0.3,normal
50.53,36.98087,36.40509,0.57578,-32.57765,-32.48825,-0.0894,3.0038,2.9828,55.59,0.00063,0.3,normal
50.54,37.13185,36.55297,0.57888,-32.62086,-32.52075,-0.10012,2.9774,3.0,55.3,0.00203,0.3,normal
50.55,37.28451,36.70292,0.58159,-32.66122,-32.54759,-0.11362,2.9941,3.0,55.0,0.00297,0.3,normal
50.56,37.43881,36.84051,0.59831,-32.6987,-32.58001,-0.11869,2.9753,2.9907,55.19,0.00238,0.3,normal
50.57,37.59471,36.9801,0.6146,-32.7333,-32.60414,-0.12916,3.0137,3.0,55.42,0.00288,0.3,normal
50.58,37.75215,37.10648,0.64567,-32.765,-32.63348,-0.13152,2.9984,2.9944,55.4,0.00338,0.3,normal
50.59,37.91109,37.23014,0.68095,-32.79381,-32.65614,-0.13767,3.0034,2.999,55.36,0.00766,0.3,normal
50.6,38.07148,37.41494,0.65654,-32.8197,-32.68246,-0.13725,2.9793,3.0,55.29,0.00827,0.3,normal
50.61,38.23328,37.6125,0.62078,-32.84268,-32.70201,-0.14067,3.0116,3.0,55.51,0.00266,0.3,normal
50.62,38.39642,37.80034,0.59608,-32.86273,-32.72797,-0.13476,2.9807,3.0,55.3,0.00198,0.3,normal
50.63,38.56086,37.99042,0.57045,-32.87985,-32.74457,-0.13528,2.9855,2.9948,55.42,0.00157,0.3,normal
50.64,38.72655,38.17211,0.55444,-32.89403,-32.7642,-0.12983,3.0087,2.9946,55.41,0.00315,0.3,normal
50.65,38.89343,38.35693,0.5365,-32.90526,-32.77466,-0.1306,2.9858,3.0,55.33,0.00192,0.3,normal
50.66,39.06144,38.5315,0.52994,-32.91355,-32.79177,-0.12178,3.0024,3.0,55.25,0.00157,0.3,normal
50.67,39.23053,38.70823,0.5223,-32.91888,-32.8056,-0.11328,2.9833,2.9863,55.33,0.00275,0.3,normal
50.68,39.40064,38.87649,0.52415,-32.92126,-32.82452,-0.09674,2.9894,3.0,55.67,0.00228,0.3,normal
50.69,39.57171,39.04699,0.52472,-32.92067,-32.83948,-0.08119,3.007,3.0,55.56,0.00192,0.3,normal
50.7,39.74369,39.20242,0.54127,-32.91712,-32.86321,-0.05391,3.0293,3.0,55.55,0.00368,0.3,normal
50.71,39.91652,39.35998,0.55654,-32.9106,-32.88143,-0.02917,2.9799,3.0,55.28,0.00183,0.3,normal
50.72,40.09012,39.50766,0.58246,-32.90112,-32.90606,0.00494,2.9851,3.0,55.19,0.00125,0.3,normal
50.73,40.26445,39.65519,0.60926,-32.88866,-32.92272,0.03405,2.9769,2.9948,55.57,0.0031,0.3,normal
50.74,40.43944,39.79134,0.6481,-32.87324,-32.94696,0.07372,3.0154,2.9947,55.55,0.00267,0.3,normal
50.75,40.61502,39.92738,0.68764,-32.85485,-32.96454,0.10969,2.9941,2.9979,55.43,0.00169,0.3,normal
50.76,40.79113,40.05113,0.74,-32.83348,-32.98615,0.15266,2.9997,2.9998,55.36,0.00661,0.3,normal
50.77,40.96771,40.21431,0.75341,-32.80915,-33.00192,0.19277,3.0134,2.9932,55.2,0.00764,0.3,normal
50.78,41.14469,40.38633,0.75836,-32.78186,-33.02853,0.24667,2.974,2.9846,55.55,0.00868,0.3,normal
50.79,41.32201,40.56337,0.75864,-32.7516,-32.96661,0.21501,2.9905,2.9947,55.6,0.01109,0.3,normal
50.8,41.49959,40.73072,0.76887,-32.71838,-32.91034,0.19197,2.9776,3.0,55.33,0.00226,0.3,normal
50.81,41.67738,40.90314,0.77424,-32.6822,-32.848,0.1658,3.0199,2.9979,55.32,0.00094,0.3,normal
50.82,41.85529,41.0633,0.79199,-32.64307,-32.79203,0.14896,3.0022,2.9995,55.62,0.00197,0.3,normal
50.83,42.03327,41.22544,0.80783,-32.60099,-32.72965,0.12866,2.9842,3.0,55.35,0.00312,0.3,normal
50.84,42.21125,41.37657,0.83467,-32.55597,-32.66889,0.11292,2.9937,2.9848,55.71,0.00405,0.3,normal
50.85,42.38914,41.56975,0.81939,-32.50802,-32.60262,0.0946,3.0078,2.9869,55.43,0.00464,0.3,normal
50.86,42.5669,41.7555,0.8114,-32.45713,-32.54377,0.08664,3.019,2.9817,55.4,0.00308,0.3,normal
50.87,42.74443,41.94317,0.80126,-32.40332,-32.48042,0.0771,3.0007,2.9912,55.46,0.00076,0.3,normal
50.88,42.92168,42.12241,0.79927,-32.3466,-32.42432,0.07772,2.9978,2.9902,55.4,0.00202,0.3,normal
50.89,43.09857,42.30525,0.79333,-32.28697,-32.36133,0.07436,3.0296,3.0,55.64,0.0026,0.3,normal
50.9,43.27504,42.47955,0.79549,-32.22444,-32.30439,0.07995,2.9906,3.0,55.6,0.00104,0.3,normal
50.91,43.45099,42.65258,0.79841,-32.15902,-32.24085,0.08184,2.9887,3.0,55.64,0.0023,0.3,normal
50.92,43.62638,42.81509,0.81129,-32.09072,-32.1833,0.09259,2.9842,3.0,55.51,0.0032,0.3,normal
50.93,43.80111,42.97751,0.82361,-32.01955,-32.11689,0.09733,3.0073,3.0,55.41,0.00235,0.3,normal
50.94,43.97513,43.1625,0.81263,-31.94553,-32.05579,0.11026,3.0303,2.9971,55.49,0.00417,0.3,normal
50.95,44.14835,43.35251,0.79584,-31.86866,-31.98834,0.11968,2.9888,2.9801,55.43,0.0035,0.3,normal
50.96,44.32071,43.52949,0.79122,-31.78896,-31.9279,0.13894,3.0134,3.0,55.72,0.00241,0.3,normal
50.97,44.49212,43.70604,0.78609,-31.70643,-31.86309,0.15666,2.9921,3.0,55.65,0.00219,0.3,normal
50.98,44.66253,43.87184,0.79068,-31.6211,-31.80642,0.18532,3.0118,2.9962,55.49,0.00355,0.3,normal
50.99,44.83184,44.0386,0.79324,-31.53297,-31.74432,0.21134,3.0032,3.0,55.37,0.00152,0.3,normal
51.0,45.0,44.19491,0.80509,-31.44207,-31.68799,0.24592,2.9875,3.0,55.74,0.00233,0.3,normal
51.01,45.16692,44.37467,0.79225,-31.3484,-31.62357,0.27517,3.0031,3.0,55.54,0.00386,0.3,normal
51.02,45.33254,44.54794,0.7846,-31.25198,-31.56544,0.31346,2.9998,3.0,55.5,0.00144,0.3,normal
51.03,45.49677,44.72425,0.77252,-31.15283,-31.49839,0.34556,2.9838,2.9993,55.76,0.00103,0.3,normal
51.04,45.65955,44.88959,0.76996,-31.05096,-31.43606,0.38511,2.9947,2.9952,55.45,0.00381,0.3,normal
51.05,45.82081,45.05353,0.76728,-30.94639,-31.36449,0.4181,3.017,3.0,55.48,0.00338,0.3,normal
51.06,45.98046,45.21865,0.76181,-30.83914,-31.29831,0.45917,3.014,3.0,55.5,0.00124,0.3,normal
51.07,46.13844,45.39709,0.74135,-30.72922,-31.22714,0.49792,3.0118,3.0,55.34,0.00309,0.3,normal
51.08,46.29468,45.56085,0.73383,-30.61666,-31.16164,0.54498,3.0038,2.999,55.59,0.00292,0.3,normal
51.09,46.44909,45.72497,0.72413,-30.50147,-31.09046,0.58899,3.0068,2.9882,55.43,0.00178,0.3,normal
51.1,46.60162,45.87705,0.72457,-30.38368,-31.0226,0.63892,2.9841,3.0,55.47,0.00293,0.3,normal
51.11,46.75219,46.03017,0.72202,-30.2633,-30.94806,0.68476,3.019,2.9955,55.45,0.0022,0.3,normal
51.12,46.90072,46.17781,0.72291,-30.14035,-30.88051,0.74016,2.9909,2.9997,55.47,0.00417,0.3,normal
51.13,47.04715,46.34786,0.69929,-30.01485,-30.78963,0.77478,2.9855,2.9956,55.44,0.00512,0.3,normal
51.14,47.19141,46.51026,0.68115,-29.88683,-30.69836,0.81153,3.0009,2.9911,55.6,0.00671,0.3,normal
51.15,47.33342,46.67408,0.65934,-29.75631,-30.59231,0.836,3.0059,2.9955,55.55,0.00432,0.3,normal
51.16,47.47311,46.82614,0.64697,-29.62331,-30.46542,0.84212,2.9758,3.0,55.58,0.00264,0.3,normal
51.17,47.61042,46.98132,0.62911,-29.48785,-30.33372,0.84587,3.017,3.0,55.93,0.00332,0.3,normal
51.18,47.74528,47.12392,0.62136,-29.34995,-30.21196,0.86201,2.9806,3.0,55.56,0.00187,0.3,normal
51.19,47.87763,47.26831,0.60931,-29.20965,-30.08592,0.87628,3.0233,3.0,55.68,0.0074,0.3,normal
51.2,48.00738,47.40049,0.60689,-29.06696,-29.95813,0.89117,3.0072,3.0,55.7,0.00665,0.3,normal
51.21,48.13448,47.53648,0.598,-28.9219,-29.78314,0.86124,2.9809,2.9891,55.59,0.00169,0.3,normal
51.22,48.25886,47.66507,0.59378,-28.77451,-29.62148,0.84696,2.9963,2.9895,55.64,0.00333,0.3,normal
51.23,48.38045,47.79402,0.58642,-28.62481,-29.45808,0.83327,2.99,2.9623,55.61,0.00266,0.3,normal
51.24,48.49919,47.9141,0.58509,-28.47283,-29.30519,0.83237,2.8965,2.9773,55.64,0.00166,0.3,normal
51.25,48.61502,48.03819,0.57682,-28.31858,-29.15174,0.83316,2.9944,2.9719,55.53,0.0022,0.3,normal
51.26,48.72787,48.15974,0.56813,-28.1621,-29.00732,0.84522,2.9812,2.9884,55.55,0.00309,0.3,normal
51.27,48.83768,48.28732,0.55035,-28.00342,-28.86315,0.85973,2.9893,3.0,55.63,0.00219,0.3,normal
51.28,48.94439,48.4052,0.53919,-27.84255,-28.73093,0.88837,2.9924,2.981,55.33,0.0059,0.3,normal
51.29,49.04793,48.52706,0.52087,-27.67954,-28.57437,0.89484,3.0199,2.9789,55.86,0.00841,0.3,normal
51.3,49.14826,48.63699,0.51127,-27.5144,-28.39358,0.87918,3.0039,3.0,55.96,0.00277,0.3,normal
51.31,49.2453,48.74646,0.49884,-27.34717,-28.20962,0.86246,2.995,3.0,55.67,0.00127,0.3,normal
51.32,49.339,48.84657,0.49243,-27.17787,-28.03333,0.85546,3.0027,3.0,55.74,0.00241,0.3,normal
51.33,49.42931,48.95179,0.47753,-27.00654,-27.85009,0.84356,2.9732,3.0,55.81,0.00246,0.3,normal
51.34,49.51617,49.04867,0.4675,-26.8332,-27.67952,0.84632,2.9959,3.0,55.45,0.00123,0.3,normal
51.35,49.59952,49.14854,0.45097,-26.65788,-27.50367,0.84579,3.0074,3.0,55.8,0.00357,0.3,normal
51.36,49.6793,49.23804,0.44127,-26.48061,-27.33597,0.85536,2.9885,2.9771,55.6,0.00288,0.3,normal
51.37,49.75548,49.33321,0.42226,-26.30143,-27.17151,0.87008,3.0157,2.9875,56.01,0.00131,0.3,normal
51.38,49.82798,49.42137,0.40661,-26.12036,-27.01962,0.89926,2.997,2.9901,55.64,0.00369,0.3,normal
51.39,49.89678,49.51491,0.38186,-25.93743,-26.86828,0.93085,2.9786,2.996,55.81,0.00719,0.3,normal
51.4,49.9618,49.60316,0.35864,-25.75268,-26.68473,0.93205,2.9917,2.996,55.65,0.00655,0.3,normal
51.41,50.02301,49.69739,0.32562,-25.56614,-26.4675,0.90135,3.003,2.9887,56.01,0.00237,0.3,normal
51.42,50.08036,49.78417,0.29619,-25.37784,-26.26046,0.88262,3.0326,2.9957,55.61,0.00231,0.3,normal
51.43,50.1338,49.87729,0.25651,-25.18781,-26.05118,0.86337,3.0078,3.0,55.86,0.00065,0.3,normal
51.44,50.18329,49.96489,0.2184,-24.99608,-25.85319,0.85711,2.9996,3.0,55.79,0.00285,0.3,normal
51.45,50.22878,50.05777,0.17101,-24.80269,-25.65203,0.84935,3.0126,2.9885,55.76,0.0025,0.3,normal
51.46,50.27024,50.14372,0.12652,-24.60767,-25.46205,0.85438,3.003,2.9838,55.74,0.00022,0.3,normal
51.47,50.30761,50.23733,0.07028,-24.41104,-25.26923,0.85819,2.9991,3.0,55.61,0.00196,0.3,normal
51.48,50.34087,50.3222,0.01867,-24.21286,-25.08606,0.87321,2.9944,3.0,55.32,0.00229,0.3,normal
51.49,50.36996,50.41172,-0.04176,-24.01314,-24.896,0.88286,3.0075,2.9971,55.88,0.00153,0.3,normal
51.5,50.39487,50.49201,-0.09714,-23.81192,-24.71637,0.90446,2.9943,3.0,55.65,0.00342,0.3,normal
51.51,50.41554,50.57854,-0.163,-23.60923,-24.5407,0.93147,2.9902,3.0,55.9,0.00396,0.3,normal
51.52,50.43194,50.65579,-0.22385,-23.40512,-24.38148,0.97636,2.9779,3.0,55.78,0.01554,0.3,normal
51.53,50.44405,50.59333,-0.14928,-23.19961,-24.21989,1.02028,2.9755,3.0,55.91,0.01968,0.3,normal
51.54,50.45183,50.52784,-0.07601,-22.99274,-24.02107,1.02833,3.0092,2.9774,55.86,0.01244,0.3,normal
51.55,50.45525,50.49974,-0.04449,-22.78453,-23.82006,1.03553,3.0015,3.0,55.38,0.00661,0.3,normal
51.56,50.45428,50.49731,-0.04303,-22.57504,-23.62675,1.05172,2.9988,2.9899,55.84,0.00179,0.3,normal
51.57,50.4489,50.49833,-0.04944,-22.36428,-23.43037,1.06609,2.994,3.0,55.71,0.00245,0.3,normal
51.58,50.43907,50.49419,-0.05512,-22.1523,-23.24288,1.09059,2.9803,2.99,55.94,0.00152,0.3,normal
51.59,50.42478,50.4975,-0.07272,-21.93913,-23.05361,1.11448,2.997,2.9972,55.86,0.00509,0.3,normal
51.6,50.406,50.49427,-0.08827,-21.7248,-22.82512,1.10032,3.0187,3.0,55.86,0.00692,0.3,normal
51.61,50.3827,50.49793,-0.11522,-21.50936,-22.59504,1.08569,3.0352,2.9998,55.74,0.00158,0.3,normal
51.62,50.35488,50.49423,-0.13935,-21.29282,-22.37726,1.08444,2.984,3.0,55.65,0.00187,0.3,normal
51.63,50.32251,50.49798,-0.17547,-21.07524,-22.15957,1.08433,2.9985,3.0,55.73,0.00334,0.3,normal
51.64,50.28557,50.49358,-0.20801,-20.85665,-21.95244,1.0958,3.0023,2.9921,55.53,0.00117,0.3,normal
51.65,50.24405,50.49457,-0.25052,-20.63707,-21.74248,1.10541,2.9926,2.9893,55.71,0.00134,0.3,normal
51.66,50.19793,50.48906,-0.29112,-20.41655,-21.54394,1.12739,3.0152,2.9866,55.59,0.00728,0.3,normal
51.67,50.14721,50.49099,-0.34378,-20.19512,-21.33277,1.13765,2.9982,2.9954,55.6,0.00651,0.3,normal
51.68,50.09187,50.48477,-0.3929,-19.97282,-21.08228,1.10947,3.0347,2.9926,55.84,0.00152,0.3,normal
51.69,50.0319,50.48375,-0.45185,-19.74967,-20.83199,1.08232,3.003,3.0,55.91,0.01557,0.3,normal
51.7,49.96729,50.34083,-0.37353,-19.52573,-20.58825,1.06252,2.9881,3.0,55.83,0.0139,0.3,normal
51.71,49.89805,50.20784,-0.30979,-19.30101,-20.33925,1.03824,3.012,3.0,55.77,0.00172,0.3,normal
51.72,49.82416,50.0758,-0.25164,-19.07557,-20.09959,1.02402,2.98,3.0,55.71,0.00394,0.3,normal
51.73,49.74561,49.95564,-0.21003,-18.84942,-19.85731,1.00789,2.989,2.9952,55.81,0.00396,0.3,normal
51.74,49.66242,49.83949,-0.17707,-18.62262,-19.62509,1.00247,2.9906,3.0,55.74,0.00396,0.3,normal
51.75,49.57458,49.74496,-0.17038,-18.39518,-19.39069,0.99551,3.0194,2.9705,55.87,0.00368,0.3,normal
51.76,49.48209,49.64642,-0.16433,-18.16716,-19.16752,1.00036,2.9862,2.9963,55.65,0.00185,0.3,normal
51.77,49.38495,49.55216,-0.16721,-17.93857,-18.94245,1.00388,3.0115,2.9747,55.99,0.00194,0.3,normal
51.78,49.28317,49.45107,-0.1679,-17.70947,-18.73254,1.02308,3.0113,2.9911,55.81,0.00304,0.3,normal
51.79,49.17676,49.35663,-0.17987,-17.47987,-18.52305,1.04318,2.999,2.9798,55.96,0.00257,0.3,normal
51.8,49.06572,49.25587,-0.19015,-17.24983,-18.32571,1.07588,3.0048,2.9975,56.04,0.00085,0.3,normal
51.81,48.95007,49.16003,-0.20997,-17.01937,-18.12546,1.1061,3.0012,3.0,55.97,0.00323,0.3,normal
51.82,48.8298,49.05821,-0.22841,-16.78852,-17.93759,1.14907,2.9857,2.9646,56.04,0.0136,0.3,normal
51.83,48.70495,48.96558,-0.26063,-16.55732,-17.62184,1.06452,2.9951,2.9858,55.62,0.01224,0.3,normal
51.84,48.57552,48.86463,-0.28912,-16.32581,-17.31761,0.9918,3.0005,2.9958,55.87,0.00191,0.3,normal
51.85,48.44152,48.77116,-0.32964,-16.09402,-17.01127,0.91725,3.0132,3.0,56.11,0.00214,0.3,normal
51.86,48.30298,48.6714,-0.36842,-15.86198,-16.71483,0.85285,3.0093,3.0,56.03,0.00099,0.3,normal
51.87,48.15991,48.58034,-0.42043,-15.62972,-16.41319,0.78347,3.0035,2.9941,56.24,0.00293,0.3,normal
51.88,48.01233,48.48624,-0.47391,-15.39729,-16.12923,0.73193,2.9947,3.0,56.23,0.00806,0.3,normal
51.89,47.86027,48.39756,-0.53729,-15.16471,-15.85757,0.69286,2.9901,2.9836,56.03,0.00389,0.3,normal
51.9,47.70375,48.30516,-0.60141,-14.93202,-15.6194,0.68738,2.9907,2.9894,55.95,0.00125,0.3,normal
51.91,47.54279,48.21998,-0.67719,-14.69925,-15.37649,0.67724,2.9998,3.0,55.85,0.003,0.3,normal
51.92,47.37742,48.13091,-0.75349,-14.46644,-15.14379,0.67736,2.9947,2.9679,55.93,0.01002,0.3,normal
51.93,47.20767,48.0112,-0.80354,-14.2336,-14.90921,0.67561,2.9999,2.9976,55.95,0.01043,0.3,normal
51.94,47.03356,47.83204,-0.79848,-14.00079,-14.68284,0.68205,3.0145,2.974,55.93,0.0031,0.3,normal
51.95,46.85513,47.66012,-0.80499,-13.76803,-14.45508,0.68705,2.974,3.0,55.89,0.00173,0.3,normal
51.96,46.67242,47.487,-0.81458,-13.53535,-14.2341,0.69875,2.9769,2.9931,56.1,0.00217,0.3,normal
51.97,46.48544,47.32302,-0.83757,-13.30278,-14.00981,0.70703,3.0134,2.9905,56.3,0.00358,0.3,normal
51.98,46.29425,47.15828,-0.86403,-13.07036,-13.79401,0.72365,2.9808,2.9836,56.19,0.00299,0.3,normal
51.99,46.09887,47.00593,-0.90705,-12.83812,-13.57491,0.73679,2.9864,3.0,56.01,0.00277,0.3,normal
52.0,45.89935,46.85206,-0.95272,-12.60608,-13.36825,0.76218,3.0061,3.0,56.22,0.00649,0.3,normal
52.01,45.69571,46.67771,-0.982,-12.37428,-13.15698,0.78269,2.9857,3.0,56.13,0.00488,0.3,normal
52.02,45.48801,46.48387,-0.99586,-12.14275,-12.95379,0.81103,2.9855,3.0,56.08,0.00211,0.3,normal
52.03,45.27629,46.30055,-1.02426,-11.91152,-12.74827,0.83675,2.9949,2.9961,56.08,0.00322,0.3,normal
52.04,45.06059,46.11661,-1.05603,-11.68062,-12.54861,0.86799,2.9958,3.0,56.07,0.00711,0.3,normal
52.05,44.84094,45.86997,-1.02902,-11.45007,-12.34343,0.89336,3.0013,2.9964,56.21,0.0071,0.3,normal
52.06,44.61741,45.62117,-1.00376,-11.21992,-12.14967,0.92975,3.0082,2.9707,56.14,0.00298,0.3,normal
52.07,44.39003,45.38256,-0.99253,-10.99018,-11.95397,0.9638,2.9821,2.9799,56.02,0.00256,0.3,normal
52.08,44.15886,45.14261,-0.98374,-10.76088,-11.76827,1.00739,2.9853,3.0,56.02,0.00163,0.3,normal
52.09,43.92395,44.91225,-0.9883,-10.53205,-11.58148,1.04943,3.0273,3.0,56.19,0.00322,0.3,normal
52.1,43.68533,44.67879,-0.99346,-10.30373,-11.40346,1.09973,2.9933,2.9976,56.22,0.00337,0.3,normal
52.11,43.44308,44.4565,-1.01342,-10.07593,-11.22533,1.1494,3.0206,2.9943,56.12,0.00219,0.3,normal
52.12,43.19724,44.23118,-1.03394,-9.84869,-11.06047,1.21178,2.9929,2.9959,56.01,0.00304,0.3,normal
52.13,42.94786,44.01797,-1.07011,-9.62203,-10.89235,1.27032,2.9832,3.0,56.37,0.00985,0.3,normal
52.14,42.695,43.80243,-1.10743,-9.39598,-10.68514,1.28916,3.0077,3.0,56.35,0.01372,0.3,normal
52.15,42.43872,43.5539,-1.11518,-9.17056,-10.44254,1.27198,3.001,2.9698,55.9,0.00838,0.3,normal
52.16,42.17908,43.27759,-1.09851,-8.9458,-10.21282,1.26702,2.9982,3.0,56.41,0.00379,0.3,normal
52.17,41.91613,43.0115,-1.09538,-8.72173,-9.9813,1.25957,2.9987,3.0,56.19,0.00238,0.3,normal
52.18,41.64993,42.74503,-1.0951,-8.49836,-9.75794,1.25957,2.9983,2.9971,56.26,0.00333,0.3,normal
52.19,41.38055,42.49115,-1.11059,-8.27573,-9.53205,1.25632,2.9877,3.0,56.41,0.00349,0.3,normal
52.2,41.10805,42.2339,-1.12585,-8.05386,-9.32046,1.2666,3.0036,3.0,56.5,0.00179,0.3,normal
52.21,40.83248,41.98835,-1.15587,-7.83277,-9.10685,1.27408,2.9883,2.9801,56.41,0.00318,0.3,normal
52.22,40.55392,41.74186,-1.18795,-7.61248,-8.90253,1.29005,3.0113,2.9981,56.31,0.00657,0.3,normal
52.23,40.27242,41.46793,-1.1955,-7.39302,-8.69447,1.30145,2.9854,2.9892,56.07,0.00478,0.3,normal
52.24,39.98806,41.18445,-1.19639,-7.17441,-8.49874,1.32433,2.9791,2.9763,55.99,0.00439,0.3,normal
52.25,39.7009,40.91415,-1.21325,-6.95667,-8.28916,1.33249,3.0034,2.9755,56.43,0.00587,0.3,normal
52.26,39.411,40.64426,-1.23326,-6.73983,-8.06788,1.32805,2.9956,3.0,56.51,0.00345,0.3,normal
52.27,39.11844,40.3714,-1.25296,-6.5239,-7.84317,1.31927,2.9967,2.9942,56.2,0.00334,0.3,normal
52.28,38.82329,40.07928,-1.25599,-6.3089,-7.62795,1.31905,2.9781,2.9958,56.29,0.00328,0.3,normal
52.29,38.5256,39.79743,-1.27183,-6.09486,-7.41,1.31514,2.9978,2.9898,56.26,0.00148,0.3,normal
52.3,38.22546,39.51331,-1.28785,-5.88179,-7.20499,1.32319,2.9953,2.9772,56.26,0.00549,0.3,normal
52.31,37.92293,39.21542,-1.29248,-5.66972,-6.98727,1.31755,3.0039,2.9988,56.52,0.0067,0.3,normal
52.32,37.61809,38.88618,-1.26809,-5.45866,-6.77523,1.31657,3.0178,2.9996,56.4,0.00177,0.3,normal
52.33,37.31101,38.5678,-1.25679,-5.24863,-6.5613,1.31266,2.9964,2.9933,56.35,0.00127,0.3,normal
52.34,37.00175,38.24597,-1.24422,-5.03965,-6.35287,1.31322,3.0056,3.0,56.79,0.00416,0.3,normal
52.35,36.6904,37.93505,-1.24465,-4.83174,-6.11644,1.28471,3.0157,3.0,56.19,0.00376,0.3,normal
52.36,36.37703,37.62317,-1.24614,-4.6249,-5.88975,1.26484,3.0014,2.9937,56.5,0.00268,0.3,normal
52.37,36.06171,37.3217,-1.25999,-4.41917,-5.66375,1.24458,2.9969,2.9785,56.27,0.00365,0.3,normal
52.38,35.74452,37.01619,-1.27168,-4.21455,-5.44944,1.23489,3.0352,3.0,56.41,0.00323,0.3,normal
52.39,35.42553,36.72237,-1.29685,-4.01107,-5.23296,1.22189,3.0053,2.9815,56.47,0.00706,0.3,normal
52.4,35.10481,36.38723,-1.28242,-3.80873,-5.02839,1.21967,2.9935,2.9947,56.58,0.00862,0.3,normal
52.41,34.78245,36.03624,-1.25379,-3.60754,-4.81859,1.21104,3.0205,2.9779,56.43,0.00385,0.3,normal
52.42,34.45852,35.68298,-1.22446,-3.40754,-4.61169,1.20415,2.984,2.9933,56.42,0.00191,0.3,normal
52.43,34.13309,35.34103,-1.20793,-3.20872,-4.39185,1.18313,3.0069,2.992,56.45,0.00394,0.3,normal
52.44,33.80625,34.9993,-1.19304,-3.0111,-4.18638,1.17528,3.0026,3.0,56.34,0.00303,0.3,normal
52.45,33.47807,34.6717,-1.19363,-2.81469,-3.9762,1.16151,3.0128,3.0,56.61,0.00144,0.3,normal
52.46,33.14863,34.34053,-1.19189,-2.61951,-3.77304,1.15353,2.9973,3.0,56.56,0.00359,0.3,normal
52.47,32.81801,34.02169,-1.20368,-2.42556,-3.56974,1.14417,2.9853,3.0,56.6,0.0035,0.3,normal
52.48,32.48628,33.70244,-1.21617,-2.23287,-3.37329,1.14043,2.9952,2.9859,56.53,0.00167,0.3,normal
52.49,32.15352,33.3941,-1.24058,-2.04143,-3.16331,1.12188,2.9981,2.9902,56.52,0.00293,0.3,normal
52.5,31.81981,33.08349,-1.26368,-1.85125,-2.96386,1.11261,2.9714,3.0,56.74,0.00415,0.3,normal
52.51,31.48522,32.78865,-1.30342,-1.66236,-2.76588,1.10352,3.0067,2.9959,56.73,0.00648,0.3,normal
52.52,31.14985,32.47447,-1.32462,-1.47475,-2.51844,1.04369,2.9741,2.9915,56.8,0.00838,0.3,normal
52.53,30.81375,32.16075,-1.347,-1.28844,-2.26902,0.98058,3.0092,3.0,56.65,0.00446,0.3,normal
52.54,30.47702,31.84675,-1.36973,-1.10343,-2.03372,0.93029,3.0038,2.9944,56.81,0.00462,0.3,normal
52.55,30.13973,31.50276,-1.36304,-0.91973,-1.79728,0.87755,2.9935,3.0,56.55,0.00599,0.3,normal
52.56,29.80195,31.14953,-1.34758,-0.73735,-1.57118,0.83383,2.9853,3.0,56.6,0.00326,0.3,normal
52.57,29.46377,30.80778,-1.34401,-0.55629,-1.34179,0.7855,3.0054,3.0,56.82,0.00178,0.3,normal
52.58,29.12527,30.46367,-1.3384,-0.37656,-1.12139,0.74484,2.9841,2.9904,56.78,0.00266,0.3,normal
52.59,28.78651,30.13205,-1.34554,-0.19816,-0.89949,0.70132,2.9891,2.9758,56.62,0.00446,0.3,normal
52.6,28.44758,29.80062,-1.35303,-0.02111,-0.68813,0.66702,2.987,2.9634,56.51,0.00263,0.3,normal
52.61,28.10856,29.48143,-1.37287,0.1546,-0.47544,0.63004,2.9843,3.0,56.65,0.00765,0.3,normal
52.62,27.76951,29.13663,-1.36711,0.32896,-0.27883,0.60779,2.9981,2.9941,56.59,0.00913,0.3,normal
52.63,27.43053,28.76594,-1.33542,0.50197,-0.08213,0.5841,3.0105,3.0,56.96,0.00261,0.3,normal
52.64,27.09167,28.39541,-1.30374,0.67362,0.10363,0.56999,2.9881,2.9971,56.83,0.00253,0.3,normal
52.65,26.75303,28.03707,-1.28404,0.84392,0.29116,0.55276,3.0091,2.9837,56.61,0.0039,0.3,normal
52.66,26.41466,27.67743,-1.26277,1.01286,0.46723,0.54562,3.0069,3.0,56.58,0.00248,0.3,normal
52.67,26.07666,27.32767,-1.25102,1.18043,0.64713,0.5333,2.9961,3.0,56.63,0.00249,0.3,normal
52.68,25.73908,26.97881,-1.23973,1.34665,0.81885,0.52779,2.9753,3.0,56.67,0.00374,0.3,normal
52.69,25.40201,26.64213,-1.24011,1.5115,0.99677,0.51473,2.9938,3.0,56.74,0.00116,0.3,normal
52.7,25.06552,26.30431,-1.23878,1.67499,1.16797,0.50702,3.0095,3.0,56.95,0.00163,0.3,normal
52.71,24.72969,25.97596,-1.24628,1.83711,1.34289,0.49422,3.0198,2.9879,56.64,0.00352,0.3,normal
52.72,24.39457,25.64528,-1.25071,1.99788,1.50589,0.49199,2.9761,3.0,57.14,0.00269,0.3,normal
52.73,24.06025,25.32659,-1.26634,2.15728,1.67116,0.48612,3.0124,3.0,56.67,0.00201,0.3,normal
52.74,23.72679,25.00632,-1.27954,2.31533,1.82609,0.48924,2.9929,2.9744,56.61,0.0033,0.3,normal
52.75,23.39426,24.69661,-1.30235,2.47202,1.98533,0.48669,3.0,2.9878,57.08,0.00251,0.3,normal
52.76,23.06274,24.38489,-1.32214,2.62736,2.13374,0.49363,3.004,2.9953,57.04,0.00321,0.3,normal
52.77,22.7323,24.07862,-1.34633,2.78136,2.28453,0.49683,3.0051,2.9916,56.82,0.00475,0.3,normal
52.78,22.40299,23.7436,-1.34062,2.934,2.42524,0.50876,2.9834,3.0,56.92,0.0037,0.3,normal
52.79,22.07488,23.42098,-1.3461,3.0853,2.56746,0.51784,2.9877,2.9947,56.93,0.00193,0.3,normal
52.8,21.74805,23.09599,-1.34793,3.23527,2.70014,0.53513,3.0143,2.9947,56.9,0.0043,0.3,normal
52.81,21.42256,22.78352,-1.36095,3.3839,2.82889,0.55502,3.0043,2.9638,56.69,0.0039,0.3,normal
52.82,21.09847,22.46388,-1.36541,3.53121,2.94555,0.58566,2.9959,3.0,56.52,0.00294,0.3,normal
52.83,20.77584,22.13384,-1.35799,3.6772,3.0633,0.6139,2.9996,2.9948,56.78,0.00319,0.3,normal
52.84,20.45475,21.80171,-1.34696,3.82188,3.17501,0.64687,3.0086,2.9784,57.19,0.00233,0.3,normal
52.85,20.13524,21.48025,-1.34501,3.96524,3.29125,0.67399,3.0202,3.0,57.2,0.00152,0.3,normal
52.86,19.81738,21.159,-1.34163,4.10731,3.40025,0.70706,2.9975,3.0,56.9,0.0056,0.3,normal
52.87,19.50122,20.83696,-1.33574,4.24809,3.51559,0.7325,3.0334,3.0,56.8,0.00634,0.3,normal
52.88,19.18684,20.47142,-1.28458,4.38758,3.62574,0.76184,2.9985,2.9817,57.0,0.00187,0.3,normal
52.89,18.87428,20.11911,-1.24484,4.5258,3.73895,0.78685,3.0049,2.9948,57.03,0.00261,0.3,normal
52.9,18.5636,19.76421,-1.20061,4.66275,3.84526,0.81748,2.9975,2.9939,57.07,0.00397,0.3,normal
52.91,18.25485,19.42363,-1.16877,4.79844,3.95887,0.83957,3.0096,2.9882,56.61,0.00139,0.3,normal
52.92,17.9481,19.08325,-1.13515,4.93289,4.06587,0.86701,2.9921,2.9862,57.47,0.00179,0.3,normal
52.93,17.64339,18.75494,-1.11155,5.06609,4.17922,0.88688,2.9832,3.0,57.17,0.00744,0.3,normal
52.94,17.34077,18.42959,-1.08882,5.19808,4.30231,0.89576,2.9932,2.9893,56.99,0.00559,0.3,normal
52.95,17.0403,18.11889,-1.07859,5.32884,4.45197,0.87687,3.0121,2.9758,56.92,0.00213,0.3,normal
52.96,16.74202,17.80926,-1.06724,5.4584,4.59084,0.86756,3.0192,2.9868,57.18,0.00421,0.3,normal
52.97,16.44599,17.51278,-1.0668,5.58677,4.73279,0.85398,3.0147,3.0,57.12,0.00297,0.3,normal
52.98,16.15224,17.21622,-1.06398,5.71395,4.86513,0.84882,2.9944,2.9921,57.07,0.00165,0.3,normal
52.99,15.86083,16.9321,-1.07127,5.83997,4.99976,0.84021,2.9989,2.9966,57.13,0.00346,0.3,normal
53.0,15.5718,16.64809,-1.07629,5.96483,5.12455,0.84028,2.9966,2.9887,57.05,0.00245,0.3,normal
53.01,15.28519,16.37603,-1.09084,6.08855,5.25434,0.83421,3.01,3.0,57.14,0.00213,0.3,normal
53.02,15.00104,16.10227,-1.10123,6.21113,5.37136,0.83978,2.9776,3.0,57.2,0.00351,0.3,normal
53.03,14.7194,15.84372,-1.12433,6.3326,5.49217,0.84043,3.0054,3.0,57.15,0.00246,0.3,normal
53.04,14.4403,15.58335,-1.14305,6.45297,5.61212,0.84085,3.0079,2.9966,57.15,0.0035,0.3,normal
53.05,14.16378,15.31171,-1.14793,6.57225,5.73502,0.83723,3.0012,2.9901,57.32,0.01269,0.3,normal
53.06,13.88988,15.02649,-1.13661,6.69046,5.93414,0.75632,3.0004,2.9869,56.89,0.00957,0.3,normal
53.07,13.61863,14.75206,-1.13343,6.8076,6.13466,0.67294,3.0207,2.9999,57.02,0.00077,0.3,normal
53.08,13.35007,14.47163,-1.12156,6.92371,6.32573,0.59798,3.0044,2.9751,57.15,0.00252,0.3,normal
53.09,13.08422,14.20067,-1.11645,7.03878,6.52166,0.51712,3.0034,2.9842,57.05,0.00294,0.3,normal
53.1,12.82112,13.92667,-1.10555,7.15284,6.70956,0.44329,2.9889,2.9876,57.1,0.00123,0.3,normal
53.11,12.5608,13.66299,-1.10219,7.26591,6.90205,0.36386,3.0151,3.0,57.37,0.00321,0.3,normal
53.12,12.30328,13.39545,-1.09216,7.378,7.08481,0.29318,3.0022,2.9896,57.16,0.00369,0.3,normal
53.13,12.0486,13.13708,-1.08848,7.48912,7.26556,0.22356,2.9849,2.9713,56.92,0.00463,0.3,normal
53.14,11.79677,12.87493,-1.07816,7.59929,7.41015,0.18914,2.9894,3.0,57.14,0.00671,0.3,normal
53.15,11.54782,12.62398,-1.07616,7.70853,7.54598,0.16255,2.9866,3.0,57.22,0.00362,0.3,normal
53.16,11.30177,12.36967,-1.0679,7.81686,7.66816,0.1487,2.9902,2.9957,57.22,0.00186,0.3,normal
53.17,11.05864,12.124,-1.06535,7.9243,7.79316,0.13114,3.0113,3.0,57.31,0.0034,0.3,normal
53.18,10.81846,11.86462,-1.04617,8.03085,7.90482,0.12603,3.0232,2.994,57.31,0.00348,0.3,normal
53.19,10.58123,11.61647,-1.03524,8.13655,8.01634,0.12021,2.9884,2.9947,57.22,0.00223,0.3,normal
53.2,10.34697,11.36763,-1.02066,8.2414,8.12048,0.12092,3.0088,3.0,57.07,0.00252,0.3,normal
53.21,10.11571,11.13018,-1.01447,8.34543,8.23061,0.11482,3.0087,2.9855,57.2,0.00297,0.3,normal
53.22,9.88744,10.8911,-1.00366,8.44865,8.33647,0.11218,3.0203,2.9985,57.18,0.00536,0.3,normal
53.23,9.66219,10.6279,-0.96571,8.55109,8.4474,0.10368,3.0111,2.9917,57.24,0.00678,0.3,normal
53.24,9.43996,10.33688,-0.89692,8.65275,8.54974,0.10301,2.9936,3.0,57.39,0.00199,0.3,normal
53.25,9.22075,10.05521,-0.83445,8.75367,8.65938,0.09429,3.0064,3.0,57.36,0.00672,0.3,normal
53.26,9.00459,9.77098,-0.76639,8.85386,8.73486,0.119,2.9806,3.0,57.43,0.00787,0.3,normal
53.27,8.79147,9.4984,-0.70693,8.95333,8.78678,0.16655,2.9842,2.9932,57.26,0.0028,0.3,normal
53.28,8.58139,9.22369,-0.6423,9.05211,8.83202,0.22009,2.9995,3.0,57.55,0.00117,0.3,normal
53.29,8.37436,8.95785,-0.58349,9.15022,8.88229,0.26793,3.0038,3.0,57.43,0.00108,0.3,normal
53.3,8.17038,8.6894,-0.51901,9.24767,8.92861,0.31906,3.0231,2.9882,57.35,0.00499,0.3,normal
53.31,7.96945,8.43596,-0.46651,9.34449,8.97963,0.36486,2.7115,3.0,57.44,0.00401,0.3,normal
53.32,7.77156,8.20124,-0.42967,9.4407,9.02491,0.41579,3.0092,2.985,57.25,0.00162,0.3,normal
53.33,7.57672,7.97695,-0.40023,9.53631,9.07712,0.45919,3.0065,3.0,57.04,0.00509,0.3,normal
53.34,7.38491,7.76113,-0.37622,9.63134,9.12358,0.50777,2.9962,3.0,57.28,0.00424,0.3,normal
53.35,7.19613,7.56727,-0.37114,9.72582,9.18107,0.54475,2.9789,3.0,57.49,0.00213,0.3,normal
53.36,7.01037,7.37312,-0.36275,9.81977,9.23636,0.58341,2.9853,3.0,57.39,0.00297,0.3,normal
53.37,6.82762,7.1897,-0.36208,9.9132,9.29652,0.61668,2.9747,3.0,57.37,0.0022,0.3,normal
53.38,6.64787,7.00709,-0.35922,10.00613,9.3501,0.65603,2.9851,2.9987,57.27,0.00141,0.3,normal
53.39,6.4711,6.83763,-0.36653,10.09859,9.40993,0.68866,3.0258,3.0,57.11,0.00299,0.3,normal
53.4,6.29731,6.66617,-0.36886,10.19059,9.46341,0.72718,3.0062,2.9982,57.62,0.0039,0.3,normal
53.41,6.12648,6.50517,-0.37869,10.28216,9.53037,0.75179,3.0072,2.9999,57.38,0.0023,0.3,normal
53.42,5.95858,6.34319,-0.38461,10.37331,9.59974,0.77357,2.9797,3.0,57.36,0.00379,0.3,normal
53.43,5.7936,6.19187,-0.39826,10.46407,9.67879,0.78528,3.0054,3.0,57.33,0.00357,0.3,normal
53.44,5.63153,6.03567,-0.40414,10.55445,9.76339,0.79106,3.0207,2.9984,57.62,0.00134,0.3,normal
53.45,5.47233,5.88671,-0.41439,10.64448,9.85496,0.78952,2.9854,3.0,57.58,0.00281,0.3,normal
53.46,5.31598,5.73676,-0.42078,10.73417,9.94147,0.79269,2.9956,2.9836,57.3,0.0024,0.3,normal
53.47,5.16247,5.59714,-0.43467,10.82354,10.0348,0.78874,2.9979,3.0,57.63,0.00182,0.3,normal
53.48,5.01176,5.45731,-0.44554,10.91262,10.12586,0.78677,2.9955,2.9844,57.44,0.00294,0.3,normal
53.49,4.86383,5.32823,-0.46439,11.00143,10.22222,0.7792,2.9965,2.9981,57.38,0.00597,0.3,normal
53.5,4.71865,5.20029,-0.48163,11.08998,10.32689,0.76309,3.0082,2.9861,57.43,0.00411,0.3,normal
53.51,4.57619,5.0815,-0.50531,11.17829,10.45749,0.7208,2.9954,2.974,57.37,0.00366,0.3,normal
53.52,4.43642,4.9622,-0.52578,11.26639,10.57837,0.68801,2.9955,2.9777,57.29,0.00399,0.3,normal
53.53,4.29931,4.85328,-0.55397,11.35429,10.69833,0.65595,2.9948,3.0,57.61,0.00125,0.3,normal
53.54,4.16481,4.74254,-0.57772,11.44201,10.8094,0.6326,3.0165,3.0,57.47,0.00217,0.3,normal
53.55,4.03291,4.63985,-0.60694,11.52957,10.92448,0.60509,3.008,3.0,57.6,0.00308,0.3,normal
53.56,3.90355,4.53259,-0.62904,11.61699,11.02921,0.58778,3.0034,2.9843,57.56,0.00046,0.3,normal
53.57,3.77671,4.4364,-0.65969,11.7043,11.14032,0.56397,3.0224,2.9872,57.6,0.00081,0.3,normal
53.58,3.65234,4.33535,-0.68301,11.7915,11.24493,0.54657,2.9902,3.0,57.22,0.00213,0.3,normal
53.59,3.53041,4.24078,-0.71037,11.87862,11.35762,0.521,3.0146,2.9923,57.4,0.00606,0.3,normal
53.6,3.41087,4.08292,-0.67205,11.96567,11.46064,0.50503,2.9973,3.0,57.63,0.00496,0.3,normal
53.61,3.29368,3.93888,-0.6452,12.05268,11.57016,0.48252,3.0032,2.9862,57.36,0.00334,0.3,normal
53.62,3.1788,3.79285,-0.61405,12.13967,11.6746,0.46507,3.0073,2.9972,57.61,0.00234,0.3,normal
53.63,3.06618,3.65988,-0.5937,12.22664,11.78817,0.43847,3.0097,2.991,57.35,0.00165,0.3,normal
53.64,2.95578,3.52374,-0.56796,12.31362,11.89569,0.41792,2.9974,2.9792,57.57,0.00274,0.3,normal
53.65,2.84755,3.39831,-0.55076,12.40063,12.00823,0.3924,3.0016,3.0,57.82,0.00169,0.3,normal
53.66,2.74145,3.27021,-0.52877,12.48768,12.11495,0.37273,3.0079,2.9976,57.7,0.00204,0.3,normal
53.67,2.63742,3.15416,-0.51674,12.57479,12.22446,0.35033,3.0056,2.994,57.31,0.00318,0.3,normal
53.68,2.53541,3.03783,-0.50241,12.66198,12.32405,0.33793,3.0013,2.9942,57.72,0.00233,0.3,normal
53.69,2.43538,2.93252,-0.49714,12.74927,12.42637,0.32289,2.9926,3.0,57.87,0.00177,0.3,normal
53.7,2.33727,2.82552,-0.48825,12.83666,12.51986,0.3168,2.9921,3.0,58.03,0.00228,0.3,normal
53.71,2.24103,2.72786,-0.48683,12.92419,12.61999,0.30419,3.0243,3.0,57.68,0.002,0.3,normal
53.72,2.1466,2.62516,-0.47855,13.01185,12.715,0.29685,3.0342,3.0,57.41,0.00079,0.3,normal
53.73,2.05394,2.52827,-0.47433,13.09968,12.81946,0.28022,2.9846,2.9889,57.69,0.002,0.3,normal
53.74,1.96298,2.42835,-0.46536,13.18768,12.91551,0.27217,2.9859,3.0,57.87,0.00165,0.3,normal
53.75,1.87368,2.33615,-0.46247,13.27588,13.01998,0.2559,3.0115,2.9894,57.61,0.00089,0.3,normal
53.76,1.78597,2.23894,-0.45298,13.36428,13.1145,0.24978,3.025,2.985,57.8,0.00232,0.3,normal
53.77,1.69979,2.14856,-0.44877,13.4529,13.21301,0.23988,3.0065,2.9871,57.52,0.00186,0.3,normal
53.78,1.61509,2.05247,-0.43738,13.54175,13.30548,0.23627,3.0005,3.0,57.71,0.00053,0.3,normal
53.79,1.53181,1.96222,-0.43041,13.63086,13.40397,0.22688,2.9952,2.9915,57.29,0.00215,0.3,normal
53.8,1.44989,1.86731,-0.41742,13.72022,13.49587,0.22435,2.9996,3.0,57.52,0.00164,0.3,normal
53.81,1.36926,1.77846,-0.4092,13.80987,13.5939,0.21596,3.0031,2.9996,57.67,0.00098,0.3,normal
53.82,1.28988,1.68214,-0.39227,13.8998,13.68438,0.21542,3.0056,2.9944,57.62,0.00137,0.3,normal
53.83,1.21167,1.59207,-0.38041,13.99003,13.78125,0.20878,2.9735,2.9916,57.49,0.00294,0.3,normal
53.84,1.13457,1.49682,-0.36225,14.08058,13.87366,0.20692,2.9744,2.9908,57.62,0.00082,0.3,normal
53.85,1.05852,1.4111,-0.35257,14.17146,13.97045,0.20101,3.0115,2.9918,57.75,0.00172,0.3,normal
53.86,0.98346,1.31961,-0.33614,14.26268,14.05982,0.20286,3.0093,3.0,57.69,0.0021,0.3,normal
53.87,0.90933,1.23356,-0.32423,14.35425,14.15395,0.20029,3.0077,3.0,57.72,0.00104,0.3,normal
53.88,0.83605,1.14117,-0.30512,14.44617,14.23877,0.2074,2.9771,3.0,57.82,0.00213,0.3,normal
53.89,0.76357,1.05805,-0.29447,14.53848,14.32882,0.20966,2.9938,3.0,57.67,0.0025,0.3,normal
53.9,0.69182,0.97165,-0.27983,14.63116,14.41036,0.2208,2.9696,2.9971,57.93,0.0005,0.3,normal
53.91,0.62074,0.89483,-0.27409,14.72424,14.49889,0.22536,2.9883,3.0,57.58,0.00128,0.3,normal
53.92,0.55025,0.81294,-0.26269,14.81772,14.58184,0.23588,2.9882,2.9913,58.03,0.00251,0.3,normal
53.93,0.4803,0.73902,-0.25872,14.91162,14.67137,0.24025,3.0097,3.0,57.91,0.0,0.3,normal
53.94,0.41082,0.65759,-0.24678,15.00593,14.75356,0.25237,3.0032,2.9947,57.69,0.00117,0.3,normal
53.95,0.34173,0.57879,-0.23706,15.10068,14.84151,0.25917,3.0255,2.9803,57.71,0.00345,0.3,normal
53.96,0.27299,0.49185,-0.21886,15.19586,14.92111,0.27475,3.0185,2.9982,57.79,0.00084,0.3,normal
53.97,0.20451,0.41271,-0.2082,15.29149,15.00422,0.28727,3.0179,3.0,57.86,0.00093,0.3,normal
53.98,0.13623,0.32711,-0.19088,15.38757,15.08147,0.30611,3.0083,2.9886,57.94,0.00244,0.3,normal
53.99,0.06808,0.24877,-0.18069,15.48412,15.16842,0.3157,3.0044,2.9972,57.58,0.00105,0.3,normal
54.0,0.0,0.16542,-0.16542,15.58113,15.25149,0.32964,2.991,3.0,57.85,0.00066,0.3,normal
54.01,-0.06808,0.08686,-0.15493,15.67861,15.33858,0.34003,2.9954,2.9973,57.47,0.00364,0.3,normal
54.02,-0.13623,0.00372,-0.13994,15.77657,15.41696,0.35961,2.9974,2.9757,57.77,0.00138,0.3,normal
54.03,-0.20451,-0.07238,-0.13212,15.87501,15.49655,0.37846,3.0041,3.0,58.02,5e-05,0.3,normal
54.04,-0.27299,-0.1531,-0.11988,15.97395,15.56837,0.40558,2.9879,3.0,57.59,0.00186,0.3,normal
54.05,-0.34173,-0.22773,-0.11401,16.07337,15.64602,0.42735,3.0113,2.9893,57.57,0.00167,0.3,normal
54.06,-0.41082,-0.30993,-0.10089,16.1733,15.71735,0.45594,3.0207,2.9732,57.85,0.0,0.3,normal
54.07,-0.4803,-0.38678,-0.09352,16.27372,15.79444,0.47928,2.9904,3.0,58.03,0.00243,0.3,normal
54.08,-0.55025,-0.47071,-0.07954,16.37465,15.86405,0.5106,3.0011,2.9662,57.88,0.00142,0.3,normal
54.09,-0.62074,-0.54717,-0.07357,16.47608,15.94172,0.53436,3.0172,2.9986,57.55,0.00064,0.3,normal
54.1,-0.69182,-0.62772,-0.0641,16.57802,16.01331,0.56471,2.9955,2.9903,57.59,0.00219,0.3,normal
54.11,-0.76357,-0.70033,-0.06324,16.68047,16.08991,0.59057,2.9754,3.0,57.86,0.00186,0.3,normal
54.12,-0.83605,-0.77501,-0.06105,16.78344,16.16073,0.62271,3.0098,3.0,57.67,0.00046,0.3,normal
54.13,-0.90933,-0.84317,-0.06616,16.88692,16.23798,0.64893,2.9794,2.9858,57.88,0.00161,0.3,normal
54.14,-0.98346,-0.91885,-0.06461,16.99091,16.30827,0.68264,2.9872,3.0,57.89,0.00225,0.3,normal
54.15,-1.05852,-0.98814,-0.07039,17.09541,16.38761,0.7078,2.997,2.9904,57.79,0.00018,0.3,normal
54.16,-1.13457,-1.06383,-0.07074,17.20042,16.45791,0.74251,3.0033,3.0,58.14,0.00148,0.3,normal
54.17,-1.21167,-1.13312,-0.07855,17.30595,16.53495,0.771,2.9848,3.0,57.97,0.01107,0.3,normal
54.18,-1.28988,-1.20982,-0.08005,17.41199,16.64566,0.76633,2.9921,2.9869,58.07,0.00892,0.3,normal
54.19,-1.36926,-1.28171,-0.08756,17.51853,16.81402,0.70451,3.0014,3.0,58.03,0.00215,0.3,normal
54.2,-1.44989,-1.35753,-0.09236,17.62558,16.97042,0.65517,3.0105,2.993,57.87,0.00442,0.3,normal
54.21,-1.53181,-1.42596,-0.10585,17.73314,17.12766,0.60548,3.0294,3.0,57.87,0.00124,0.3,normal
54.22,-1.61509,-1.50195,-0.11314,17.84119,17.2728,0.56839,2.9699,2.9866,57.86,0.00142,0.3,normal
54.23,-1.69979,-1.57285,-0.12694,17.94974,17.4217,0.52804,2.9993,3.0,58.02,0.00278,0.3,normal
54.24,-1.78597,-1.65086,-0.13511,18.05878,17.56246,0.49632,2.9946,2.9956,57.82,0.00048,0.3,normal
54.25,-1.87368,-1.72477,-0.14891,18.16831,17.70808,0.46023,3.0009,3.0,58.19,0.00192,0.3,normal
54.26,-1.96298,-1.80326,-0.15972,18.27832,17.8423,0.43603,2.993,2.9941,57.82,0.00455,0.3,normal
54.27,-2.05394,-1.87495,-0.17899,18.38881,17.97406,0.41475,2.9806,2.9968,57.97,0.00193,0.3,normal
54.28,-2.1466,-1.94846,-0.19815,18.49977,18.09475,0.40502,2.9954,3.0,57.91,0.00131,0.3,normal
54.29,-2.24103,-2.01316,-0.22787,18.61119,18.22147,0.38972,3.0068,3.0,57.88,0.00198,0.3,normal
54.3,-2.33727,-2.08487,-0.2524,18.72307,18.34086,0.38221,2.9861,3.0,58.28,0.00118,0.3,normal
54.31,-2.43538,-2.14925,-0.28613,18.8354,18.46368,0.37172,3.006,3.0,57.9,0.00156,0.3,normal
54.32,-2.53541,-2.22006,-0.31536,18.94817,18.57508,0.37309,3.0066,2.9963,57.92,0.00271,0.3,normal
54.33,-2.63742,-2.28695,-0.35047,19.06137,18.68977,0.3716,2.9853,2.9678,57.87,0.00126,0.3,normal
54.34,-2.74145,-2.3592,-0.38225,19.175,18.79833,0.37667,3.0159,2.9818,57.99,0.00075,0.3,normal
54.35,-2.84755,-2.42949,-0.41806,19.28904,18.9123,0.37674,3.006,3.0,57.97,0.00237,0.3,normal
54.36,-2.95578,-2.50555,-0.45023,19.40349,19.02035,0.38315,3.0346,2.985,57.82,0.00124,0.3,normal
54.37,-3.06618,-2.57683,-0.48935,19.51834,19.13311,0.38523,2.9986,3.0,57.93,0.00078,0.3,normal
54.38,-3.1788,-2.6566,-0.5222,19.63357,19.24089,0.39268,2.9687,2.9963,58.1,0.00236,0.3,normal
54.39,-3.29368,-2.72999,-0.56369,19.74917,19.35692,0.39225,3.0118,2.9943,58.16,0.0015,0.3,normal
54.4,-3.41087,-2.81139,-0.59948,19.86513,19.46467,0.40047,3.0144,2.971,58.02,0.00076,0.3,normal
54.41,-3.53041,-2.88563,-0.64478,19.98145,19.57967,0.40178,3.01,2.984,58.03,0.01247,0.3,normal
54.42,-3.65234,-2.98962,-0.66272,20.0981,19.68553,0.41257,3.0062,3.0,57.98,0.01212,0.3,normal
54.43,-3.77671,-3.17416,-0.60255,20.21508,19.79525,0.41983,3.0019,3.0,57.96,0.00071,0.3,normal
54.44,-3.90355,-3.36056,-0.54299,20.33237,19.89881,0.43356,3.0318,2.9865,57.91,0.00273,0.3,normal
54.45,-4.03291,-3.53707,-0.49583,20.44996,20.00921,0.44075,3.0085,2.9884,57.82,0.00315,0.3,normal
54.46,-4.16481,-3.71638,-0.44843,20.56783,20.11453,0.4533,2.9957,3.0,57.95,0.00129,0.3,normal
54.47,-4.29931,-3.8836,-0.41571,20.68597,20.22872,0.45725,2.9898,2.9942,58.2,0.00309,0.3,normal
54.48,-4.43642,-4.05151,-0.38491,20.80436,20.33773,0.46663,2.9917,2.9848,58.01,0.00313,0.3,normal
54.49,-4.57619,-4.2079,-0.3683,20.92299,20.44985,0.47315,3.0029,3.0,58.03,0.00189,0.3,normal
54.5,-4.71865,-4.36304,-0.35562,21.04185,20.55452,0.48733,3.0012,2.9971,58.03,0.00195,0.3,normal
54.51,-4.86383,-4.50774,-0.35609,21.16091,20.66469,0.49622,3.0158,2.9996,58.28,0.00307,0.3,normal
54.52,-5.01176,-4.657,-0.35476,21.28017,20.7674,0.51277,3.0062,2.9824,57.96,0.00135,0.3,normal
54.53,-5.16247,-4.79415,-0.36832,21.39959,20.87611,0.52348,2.9871,2.9982,58.15,0.00152,0.3,normal
54.54,-5.31598,-4.93315,-0.38284,21.51917,20.97635,0.54283,2.9914,3.0,58.1,0.00337,0.3,normal
54.55,-5.47233,-5.06407,-0.40825,21.63889,21.07978,0.5591,3.0164,2.9881,58.13,0.00152,0.3,normal
54.56,-5.63153,-5.19577,-0.43576,21.75873,21.17514,0.58359,3.0132,2.991,58.16,0.00307,0.3,normal
54.57,-5.7936,-5.31532,-0.47828,21.87867,21.27492,0.60375,3.0083,2.9827,58.14,0.00385,0.3,normal
54.58,-5.95858,-5.43641,-0.52217,21.99869,21.367,0.63168,3.005,2.9957,58.26,0.00168,0.3,normal
54.59,-6.12648,-5.54524,-0.58124,22.11877,21.46639,0.65238,3.022,2.98,58.14,0.00236,0.3,normal
54.6,-6.29731,-5.65642,-0.64089,22.23889,21.5602,0.67869,3.003,3.0,58.41,0.00277,0.3,normal
54.61,-6.4711,-5.75652,-0.71458,22.35904,21.66157,0.69748,3.0036,2.9615,58.17,0.00167,0.3,normal
54.62,-6.64787,-5.85964,-0.78823,22.47919,21.75515,0.72404,2.9843,2.9873,57.91,0.0159,0.3,normal
54.63,-6.82762,-6.07709,-0.75053,22.59932,21.85157,0.74775,3.0008,3.0,58.27,0.0167,0.3,normal
54.64,-7.01037,-6.32776,-0.68261,22.71941,21.94112,0.7783,2.9871,3.0,58.24,0.00676,0.3,normal
54.65,-7.19613,-6.56128,-0.63485,22.83944,22.03893,0.80051,2.2732,3.0,58.19,0.00607,0.3,normal
54.66,-7.38491,-6.75429,-0.63062,22.95939,22.13226,0.82713,3.0084,3.0,58.16,0.00346,0.3,normal
54.67,-7.57672,-6.93564,-0.64107,23.07923,22.23202,0.84721,2.9857,2.9895,57.89,0.00331,0.3,normal
54.68,-7.77156,-7.11672,-0.65485,23.19895,22.32555,0.8734,2.973,3.0,57.92,0.00234,0.3,normal
54.69,-7.96945,-7.2844,-0.68505,23.31851,22.43505,0.88346,3.0108,2.9906,58.47,0.00633,0.3,normal
54.7,-8.17038,-7.45494,-0.71544,23.4379,22.54321,0.89469,3.0024,2.9981,58.14,0.00507,0.3,normal
54.71,-8.37436,-7.61586,-0.7585,23.55709,22.68324,0.87385,2.9905,3.0,58.38,0.00189,0.3,normal
54.72,-8.58139,-7.78099,-0.8004,23.67606,22.81106,0.865,3.0124,3.0,58.0,0.00293,0.3,normal
54.73,-8.79147,-7.93763,-0.85384,23.79479,22.94305,0.85174,3.009,2.9758,58.09,0.00276,0.3,normal
54.74,-9.00459,-8.09849,-0.9061,23.91324,23.06254,0.8507,2.9998,2.999,58.36,0.00221,0.3,normal
54.75,-9.22075,-8.24747,-0.97328,24.03141,23.18507,0.84633,2.9951,3.0,58.25,0.00567,0.3,normal
54.76,-9.43996,-8.44768,-0.99227,24.14925,23.30062,0.84863,3.024,3.0,58.35,0.00699,0.3,normal
54.77,-9.66219,-8.63775,-1.02443,24.26675,23.42056,0.8462,3.0182,2.9779,58.28,0.00238,0.3,normal
54.78,-9.88744,-8.82855,-1.05889,24.38388,23.54301,0.84087,3.0182,2.9949,58.25,0.01218,0.3,normal
54.79,-10.11571,-9.06826,-1.04745,24.50062,23.67685,0.82377,2.993,2.9974,58.19,0.01191,0.3,normal
54.8,-10.34697,-9.35018,-0.9968,24.61694,23.7984,0.81854,2.9785,3.0,58.13,0.00154,0.3,normal
54.81,-10.58123,-9.62291,-0.95832,24.73281,23.92238,0.81043,2.9925,2.9964,58.52,0.00314,0.3,normal
54.82,-10.81846,-9.89806,-0.9204,24.84821,24.03977,0.80843,2.9894,3.0,58.56,0.00365,0.3,normal
54.83,-11.05864,-10.16451,-0.89413,24.9631,24.17721,0.7859,2.9717,3.0,58.18,0.00176,0.3,normal
54.84,-11.30177,-10.43203,-0.86974,25.07748,24.30181,0.77567,3.0142,2.9827,58.17,0.00227,0.3,normal
54.85,-11.54782,-10.68831,-0.85951,25.1913,24.43118,0.76012,3.005,2.9899,58.3,0.00326,0.3,normal
54.86,-11.79677,-10.94605,-0.85071,25.30454,24.55107,0.75347,3.0089,3.0,58.41,0.00261,0.3,normal
54.87,-12.0486,-11.19095,-0.85765,25.41717,24.67439,0.74278,3.0156,3.0,58.34,0.00341,0.3,normal
54.88,-12.30328,-11.43597,-0.86731,25.52917,24.78586,0.74331,2.9931,2.9977,58.45,0.00379,0.3,normal
54.89,-12.5608,-11.66925,-0.89155,25.64051,24.90172,0.73879,3.027,3.0,58.38,0.00132,0.3,normal
54.9,-12.82112,-11.90515,-0.91597,25.75116,25.01042,0.74074,3.0152,3.0,58.37,0.0043,0.3,normal
54.91,-13.08422,-12.13137,-0.95285,25.86109,25.15675,0.70433,2.9992,3.0,58.76,0.00626,0.3,normal
54.92,-13.35007,-12.35876,-0.99131,25.97027,25.29259,0.67768,3.0077,3.0,58.33,0.00158,0.3,normal
54.93,-13.61863,-12.57636,-1.04227,26.07868,25.43377,0.64491,2.9874,3.0,58.66,0.00214,0.3,normal
54.94,-13.88988,-12.79688,-1.093,26.18629,25.56365,0.62264,2.9916,3.0,58.64,0.00332,0.3,normal
54.95,-14.16378,-13.00785,-1.15593,26.29307,25.6954,0.59767,2.9869,2.9868,58.51,0.00211,0.3,normal
54.96,-14.4403,-13.23162,-1.20868,26.39899,25.81653,0.58246,2.9993,2.9966,58.15,0.01424,0.3,normal
54.97,-14.7194,-13.52364,-1.19576,26.50402,25.93986,0.56416,2.9763,3.0,58.46,0.0135,0.3,normal
54.98,-15.00104,-13.86136,-1.13968,26.60814,26.05382,0.55432,2.9788,3.0,58.38,0.00232,0.3,normal
54.99,-15.28519,-14.18768,-1.0975,26.71131,26.16867,0.54264,2.9798,3.0,58.47,0.00241,0.3,normal
55.0,-15.5718,-14.51398,-1.05782,26.81351,26.2768,0.5367,3.0079,2.9708,58.32,0.00353,0.3,normal
55.01,-15.86083,-14.83012,-1.03071,26.9147,26.3898,0.5249,3.0055,3.0,58.6,0.00193,0.3,normal
55.02,-16.15224,-15.14887,-1.00337,27.01486,26.49646,0.5184,3.0143,3.0,58.65,0.00067,0.3,normal
55.03,-16.44599,-15.45851,-0.98748,27.11397,26.60962,0.50435,2.9846,3.0,58.68,0.00295,0.3,normal
55.04,-16.74202,-15.76762,-0.97441,27.21198,26.71489,0.49709,2.989,3.0,58.46,0.00187,0.3,normal
55.05,-17.0403,-16.06708,-0.97322,27.30888,26.82529,0.48359,2.9963,2.9946,58.37,0.00136,0.3,normal
55.06,-17.34077,-16.36921,-0.97156,27.40462,26.92613,0.4785,3.0111,3.0,58.59,0.00236,0.3,normal
55.07,-17.64339,-16.6657,-0.97768,27.4992,27.03045,0.46875,2.9945,2.9812,58.81,0.00136,0.3,normal
55.08,-17.9481,-16.96474,-0.98336,27.59256,27.12915,0.46341,3.0032,2.9705,58.56,0.00044,0.3,normal
55.09,-18.25485,-17.25384,-1.00101,27.68469,27.23131,0.45338,3.0187,2.9938,58.63,0.00301,0.3,normal
55.1,-18.5636,-17.54556,-1.01804,27.77556,27.32516,0.4504,3.0039,3.0,58.54,0.00201,0.3,normal
55.11,-18.87428,-17.82442,-1.04986,27.86514,27.42697,0.43817,2.9848,3.0,58.51,0.00119,0.3,normal
55.12,-19.18684,-18.10287,-1.08397,27.95339,27.52175,0.43164,3.0003,2.9852,58.69,0.0032,0.3,normal
55.13,-19.50122,-18.36816,-1.13306,28.0403,27.62334,0.41696,2.9997,3.0,58.58,0.00364,0.3,normal
55.14,-19.81738,-18.63201,-1.18537,28.12582,27.71352,0.41231,3.0093,2.9959,58.67,0.00161,0.3,normal
55.15,-20.13524,-18.88511,-1.25012,28.20994,27.80664,0.4033,2.9945,3.0,58.69,0.00242,0.3,normal
55.16,-20.45475,-19.13822,-1.31653,28.29262,27.89582,0.3968,3.0129,3.0,58.68,0.00677,0.3,normal
55.17,-20.77584,-19.41625,-1.35959,28.37384,27.99215,0.38169,2.9847,3.0,58.72,0.00519,0.3,normal
55.18,-21.09847,-19.72018,-1.37829,28.45356,28.08017,0.3734,3.0052,3.0,58.51,0.00175,0.3,normal
55.19,-21.42256,-20.01438,-1.40818,28.53176,28.17508,0.35668,2.9943,2.9892,58.51,0.0031,0.3,normal
55.2,-21.74805,-20.30793,-1.44012,28.60842,28.26373,0.34469,3.0042,3.0,58.65,0.00241,0.3,normal
55.21,-22.07488,-20.61185,-1.46303,28.68349,28.35903,0.32446,2.9997,2.9923,58.67,0.00374,0.3,normal
55.22,-22.40299,-20.93194,-1.47105,28.75696,28.44746,0.30949,2.9924,3.0,58.6,0.00365,0.3,normal
55.23,-22.7323,-21.23994,-1.49236,28.82879,28.54427,0.28452,3.0245,3.0,58.72,0.00794,0.3,normal
55.24,-23.06274,-21.56685,-1.49589,28.89897,28.63578,0.26319,3.0008,3.0,58.83,0.00883,0.3,normal
55.25,-23.39426,-21.95089,-1.44337,28.96745,28.73263,0.23482,2.9986,3.0,58.89,0.00275,0.3,normal
55.26,-23.72679,-22.33777,-1.38902,29.03422,28.82321,0.211,3.0057,2.9694,58.93,0.00169,0.3,normal
55.27,-24.06025,-22.71465,-1.34559,29.09924,28.91556,0.18369,2.9766,3.0,58.53,0.00118,0.3,normal
55.28,-24.39457,-23.09405,-1.30051,29.1625,29.0029,0.1596,3.0061,3.0,58.56,0.00253,0.3,normal
55.29,-24.72969,-23.46512,-1.26457,29.22396,29.09576,0.1282,2.98,2.9927,58.71,0.00138,0.3,normal
55.3,-25.06552,-23.83986,-1.22566,29.28359,29.18226,0.10133,3.0061,2.9921,58.77,0.00169,0.3,normal
55.31,-25.40201,-24.20283,-1.19919,29.34137,29.27475,0.06663,2.9876,3.0,58.73,0.00343,0.3,normal
55.32,-25.73908,-24.56459,-1.17449,29.39728,29.35972,0.03756,2.9998,3.0,58.7,0.00175,0.3,normal
55.33,-26.07666,-24.91573,-1.16093,29.45129,29.4544,-0.00311,3.0124,3.0,58.74,0.00108,0.3,normal
55.34,-26.41466,-25.27066,-1.144,29.50337,29.54382,-0.04045,3.0065,3.0,58.87,0.00271,0.3,normal
55.35,-26.75303,-25.61502,-1.13801,29.55349,29.64119,-0.0877,2.9842,3.0,58.61,0.00141,0.3,normal
55.36,-27.09167,-25.96244,-1.12923,29.60164,29.73116,-0.12951,3.017,3.0,59.17,0.00304,0.3,normal
55.37,-27.43053,-26.30072,-1.12981,29.64779,29.82209,-0.1743,3.0188,3.0,58.83,0.00556,0.3,normal
55.38,-27.76951,-26.63986,-1.12965,29.69191,29.89417,-0.20226,3.0141,3.0,58.99,0.0097,0.3,normal
55.39,-28.10856,-26.96922,-1.13934,29.73397,29.93256,-0.19859,3.0057,3.0,58.76,0.00869,0.3,normal
55.4,-28.44758,-27.30649,-1.14109,29.77396,29.92262,-0.14866,2.9823,3.0,58.94,0.00305,0.3,normal
55.41,-28.78651,-27.63172,-1.15479,29.81186,29.91697,-0.10511,2.9773,3.0,58.88,0.00269,0.3,normal
55.42,-29.12527,-27.95859,-1.16667,29.84763,29.90197,-0.05435,3.0319,3.0,59.0,0.00127,0.3,normal
55.43,-29.46377,-28.27605,-1.18772,29.88125,29.89053,-0.00928,2.9853,2.9825,58.85,0.00297,0.3,normal
55.44,-29.80195,-28.59636,-1.20559,29.91271,29.87214,0.04057,3.0208,2.9785,59.12,0.0021,0.3,normal
55.45,-30.13973,-28.9081,-1.23163,29.94197,29.85993,0.08204,2.9924,2.9982,58.67,0.00088,0.3,normal
55.46,-30.47702,-29.22553,-1.25149,29.96902,29.84272,0.12631,2.9891,3.0,59.05,0.0029,0.3,normal
55.47,-30.81375,-29.53072,-1.28303,29.99384,29.83122,0.16261,2.9963,2.979,58.93,0.00334,0.3,normal
55.48,-31.14985,-29.83625,-1.31359,30.0164,29.81099,0.20541,3.0003,3.0,58.77,0.00156,0.3,normal
55.49,-31.48522,-30.13136,-1.35386,30.03669,29.79551,0.24118,3.0181,2.9885,59.22,0.00209,0.3,normal
55.5,-31.81981,-30.42681,-1.39299,30.05467,29.77357,0.28111,2.9996,2.9887,59.21,0.00609,0.3,normal
55.51,-32.15352,-30.7098,-1.44372,30.07034,29.77676,0.29358,2.9876,2.9865,58.63,0.00966,0.3,normal
55.52,-32.48628,-31.02461,-1.46167,30.08368,29.78409,0.29959,3.0046,3.0,58.98,0.00801,0.3,normal
55.53,-32.81801,-31.37413,-1.44387,30.09465,29.79694,0.29771,3.0254,3.0,59.07,0.00314,0.3,normal
55.54,-33.14863,-31.72391,-1.42472,30.10325,29.80563,0.29763,3.0049,3.0,59.04,0.00182,0.3,normal
55.55,-33.47807,-32.06399,-1.41408,30.10946,29.82202,0.28744,2.9995,3.0,59.21,0.00208,0.3,normal
55.56,-33.80625,-32.40551,-1.40075,30.11325,29.83449,0.27876,3.0097,2.9982,59.18,0.00356,0.3,normal
55.57,-34.13309,-32.73544,-1.39766,30.11462,29.85358,0.26104,2.9969,2.9889,59.04,0.00165,0.3,normal
55.58,-34.45852,-33.06585,-1.39267,30.11353,29.86541,0.24812,3.0064,2.9967,59.35,0.00251,0.3,normal
55.59,-34.78245,-33.38413,-1.39832,30.10998,29.88403,0.22595,2.9819,3.0,59.16,0.00301,0.3,normal
55.6,-35.10481,-33.70551,-1.3993,30.10395,29.89781,0.20614,3.014,3.0,58.97,0.00089,0.3,normal
55.61,-35.42553,-34.01988,-1.40564,30.09542,29.91938,0.17604,3.0015,2.9989,58.95,0.00166,0.3,normal
55.62,-35.74452,-34.33533,-1.40919,30.08438,29.93397,0.15041,3.0064,3.0,59.23,0.00294,0.3,normal
55.63,-36.06171,-34.63927,-1.42244,30.07081,29.95412,0.11669,3.0073,3.0,58.93,0.00114,0.3,normal
55.64,-36.37703,-34.94539,-1.43164,30.0547,29.96781,0.08689,2.985,2.9974,59.0,0.0007,0.3,normal
55.65,-36.6904,-35.24411,-1.44629,30.03604,29.98838,0.04765,2.9932,3.0,59.03,0.00822,0.3,normal
55.66,-37.00175,-35.59729,-1.40446,30.0148,30.00152,0.01327,3.0254,3.0,59.13,0.00627,0.3,normal
55.67,-37.31101,-35.95219,-1.35881,29.99098,30.02172,-0.03074,2.9921,3.0,59.05,0.00152,0.3,normal
55.68,-37.61809,-36.30741,-1.31068,29.96456,30.03607,-0.07151,3.0117,2.9993,58.9,0.00355,0.3,normal
55.69,-37.92293,-36.64916,-1.27377,29.93553,30.05431,-0.11877,3.0051,2.9826,59.28,0.00204,0.3,normal
55.7,-38.22546,-36.99292,-1.23254,29.90389,30.06685,-0.16296,3.0015,3.0,59.05,0.00134,0.3,normal
55.71,-38.5256,-37.32729,-1.19831,29.86961,30.0883,-0.21869,3.0099,2.9998,59.42,0.00346,0.3,normal
55.72,-38.82329,-37.66299,-1.1603,29.83269,30.10205,-0.26936,2.9978,2.9894,59.17,0.00239,0.3,normal
55.73,-39.11844,-37.98781,-1.13063,29.79312,30.12208,-0.32896,3.0045,3.0,59.33,0.0013,0.3,normal
55.74,-39.411,-38.31689,-1.09411,29.75088,30.13595,-0.38507,3.0052,2.9925,59.24,0.00221,0.3,normal
55.75,-39.7009,-38.63477,-1.06613,29.70598,30.15626,-0.45029,2.9941,3.0,59.35,0.00239,0.3,normal
55.76,-39.98806,-38.95452,-1.03354,29.65839,30.16954,-0.51115,2.9811,2.9994,59.25,0.00471,0.3,normal
55.77,-40.27242,-39.26196,-1.01047,29.60811,30.17752,-0.5694,2.981,2.9992,59.21,0.00636,0.3,normal
55.78,-40.55392,-39.56912,-0.9848,29.55514,30.15624,-0.60109,2.9865,2.9812,59.34,0.00311,0.3,normal
55.79,-40.83248,-39.86389,-0.96859,29.49947,30.14074,-0.64127,2.996,2.9968,59.56,0.00681,0.3,normal
55.8,-41.10805,-40.16171,-0.94634,29.44109,30.11059,-0.6695,3.0079,2.1928,59.15,0.00827,0.3,normal
55.81,-41.38055,-40.44915,-0.9314,29.37999,30.03227,-0.65228,2.9913,3.0,59.32,0.00272,0.3,normal
55.82,-41.64993,-40.73687,-0.91306,29.31617,29.94353,-0.62735,3.0131,3.0,59.21,0.00025,0.3,normal
55.83,-41.91613,-41.01491,-0.90122,29.24963,29.86315,-0.61352,3.0017,3.0,59.29,0.00277,0.3,normal
55.84,-42.17908,-41.29513,-0.88395,29.18036,29.77975,-0.59939,3.0073,3.0,59.23,0.00276,0.3,normal
55.85,-42.43872,-41.56712,-0.8716,29.10835,29.70471,-0.59636,3.0062,3.0,58.91,0.00081,0.3,normal
55.86,-42.695,-41.84108,-0.85393,29.0336,29.62478,-0.59118,3.0158,3.0,59.21,0.00217,0.3,normal
55.87,-42.94786,-42.10281,-0.84505,28.95612,29.55323,-0.59712,2.9942,3.0,59.39,0.00395,0.3,normal
55.88,-43.19724,-42.36441,-0.83283,28.87589,29.47801,-0.60212,2.9918,3.0,59.14,0.00078,0.3,normal
55.89,-43.44308,-42.61657,-0.82651,28.79292,29.41157,-0.61865,2.997,2.9872,59.4,0.00199,0.3,normal
55.9,-43.68533,-42.86926,-0.81608,28.70721,29.33801,-0.63081,2.9966,3.0,59.29,0.00352,0.3,normal
55.91,-43.92395,-43.10893,-0.81501,28.61875,29.26992,-0.65117,3.013,2.9876,59.24,0.00197,0.3,normal
55.92,-44.15886,-43.35023,-0.80863,28.52754,29.19329,-0.66575,3.0084,3.0,59.41,0.00219,0.3,normal
55.93,-44.39003,-43.5796,-0.81044,28.4336,29.12418,-0.69058,3.0255,3.0,59.39,0.00317,0.3,normal
55.94,-44.61741,-43.81259,-0.80482,28.33691,29.05104,-0.71413,3.011,2.9852,59.35,0.00125,0.3,normal
55.95,-44.84094,-44.03566,-0.80528,28.23748,28.98325,-0.74578,2.9946,2.9893,59.45,0.01485,0.3,normal
55.96,-45.06059,-44.25882,-0.80176,28.13531,28.8433,-0.708,2.9935,2.9845,59.33,0.01638,0.3,normal
55.97,-45.27629,-44.46948,-0.80681,28.0304,28.6459,-0.6155,2.9717,2.966,59.06,0.00271,0.3,normal
55.98,-45.48801,-44.67866,-0.80935,27.92276,28.44487,-0.52211,3.0127,3.0,59.26,0.0021,0.3,normal
55.99,-45.69571,-44.88025,-0.81547,27.8124,28.25367,-0.44127,3.0154,2.9845,59.05,0.08049,0.3,normal
56.0,23.50257,-45.04424,68.54682,16.0196,28.0249,-12.00529,2.9946,3.0,59.43,0.3,0.3,normal
56.01,23.50257,-43.88804,67.39061,16.0196,26.43021,-10.41061,3.0025,2.9983,59.52,0.3,0.3,normal
56.02,23.50257,-40.81413,64.31671,16.0196,24.485,-8.4654,3.007,2.9861,59.6,0.3,0.3,normal
56.03,23.50257,-35.8109,59.31347,16.0196,22.90082,-6.88122,2.9972,3.0,59.64,0.3,0.3,normal
56.04,23.50257,-28.89898,52.40155,16.0196,21.59365,-5.57405,2.9919,3.0,59.84,0.3,0.3,normal
56.05,23.50257,-20.066,43.56857,16.0196,20.52841,-4.50881,3.0247,3.0,59.61,0.3,0.3,normal
56.06,23.50257,-9.44621,32.94878,16.0196,19.67747,-3.65787,3.0194,2.9991,60.0,0.12804,0.3,normal
56.07,23.50257,0.30459,23.19798,16.0196,18.97038,-2.95078,2.987,3.0,59.95,0.3,0.3,normal
56.08,23.50257,8.09337,15.4092,16.0196,18.36288,-2.34328,2.9926,1.7459,60.21,0.3,0.3,normal
56.09,23.50257,13.93505,9.56752,16.0196,17.87304,-1.85344,2.9865,3.0,60.59,0.3,0.3,normal
56.1,23.50257,17.82347,5.6791,16.0196,17.52097,-1.50136,2.991,3.0,60.56,0.27645,0.3,normal
56.11,23.50257,20.54675,2.95582,16.0196,17.21428,-1.19468,2.9969,2.9987,60.54,0.12003,0.3,normal
56.12,23.50257,22.59817,0.9044,16.0196,16.90553,-0.88593,3.0179,2.9949,60.44,0.09895,0.3,normal
56.13,23.50257,24.14148,-0.63891,16.0196,16.76551,-0.74591,2.9995,2.9933,60.35,0.0978,0.3,normal
56.14,23.50257,25.28566,-1.78309,16.0196,16.6397,-0.6201,3.0013,3.0,60.54,0.08106,0.3,normal
56.15,23.50257,26.11944,-2.61687,16.0196,16.52376,-0.50416,2.9802,3.0,60.69,0.06942,0.3,normal
56.16,23.50257,26.71965,-3.21708,16.0196,16.4069,-0.3873,2.9996,3.0,60.6,0.028,0.3,normal
56.17,23.50257,27.15001,-3.64744,16.0196,16.29868,-0.27908,3.0136,2.9956,60.31,0.00211,0.3,normal
56.18,23.50257,27.42324,-3.92066,16.0196,16.18851,-0.16891,3.0008,2.9849,60.57,0.04148,0.3,normal
56.19,23.50257,27.58484,-4.08227,16.0196,16.08822,-0.06862,2.9714,2.994,60.27,0.03889,0.3,normal
56.2,23.50257,27.66295,-4.16037,16.0196,15.98175,0.03785,3.0207,3.0,60.68,0.0101,0.3,normal
56.21,23.50257,27.74694,-4.24437,16.0196,15.96312,0.05648,3.0199,2.9776,60.46,0.01849,0.3,normal
56.22,23.50257,27.76811,-4.26554,16.0196,15.94836,0.07124,2.951,3.0,60.39,0.01154,0.3,normal
56.23,23.50257,27.77993,-4.27736,16.0196,15.94175,0.07785,3.0216,2.994,60.7,0.00121,0.3,normal
56.24,23.50257,27.61422,-4.11164,16.0196,15.92725,0.09235,2.9701,2.9938,60.66,0.01496,0.3,normal
56.25,23.50257,27.4518,-3.94922,16.0196,15.91844,0.10116,3.0106,3.0,60.61,0.00607,0.3,normal
56.26,23.50257,27.32456,-3.82198,16.0196,15.9025,0.11711,3.0002,3.0,60.91,0.00165,0.3,normal
56.27,23.50257,27.20725,-3.70467,16.0196,15.89171,0.12789,2.9874,3.0,60.68,0.00308,0.3,normal
56.28,23.50257,27.09012,-3.58755,16.0196,15.87236,0.14724,2.9959,3.0,60.49,0.00251,0.3,normal
56.29,23.50257,26.98443,-3.48185,16.0196,15.85398,0.16562,3.0087,2.9882,60.67,0.00223,0.3,normal
56.3,23.50257,26.87749,-3.37492,16.0196,15.82594,0.19366,3.015,3.0,60.55,0.00301,0.3,normal
56.31,23.50257,26.78013,-3.27756,16.0196,15.80404,0.21556,3.0103,3.0,60.79,0.00217,0.3,normal
56.32,23.50257,26.67835,-3.17578,16.0196,15.77976,0.23984,2.9872,3.0,60.64,0.00156,0.3,normal
56.33,23.50257,26.58517,-3.0826,16.0196,15.76426,0.25534,3.0046,3.0,60.66,0.00307,0.3,normal
56.34,23.50257,26.48895,-2.98638,16.0196,15.73917,0.28043,3.013,3.0,60.39,0.00164,0.3,normal
56.35,23.50257,26.39965,-2.89708,16.0196,15.72074,0.29886,3.0048,2.8888,60.61,0.00426,0.3,normal
56.36,23.50257,26.30175,-2.79918,16.0196,15.7095,0.3101,3.016,2.9874,60.6,0.00492,0.3,normal
56.37,23.50257,26.20873,-2.70616,16.0196,15.72372,0.29588,2.982,2.993,60.46,0.0022,0.3,normal
56.38,23.50257,26.11065,-2.60808,16.0196,15.72892,0.29068,2.9853,3.0,60.58,0.00093,0.3,normal
56.39,23.50257,26.02121,-2.51863,16.0196,15.73852,0.28108,2.9964,2.9913,60.68,0.00226,0.3,normal
56.4,23.50257,25.92787,-2.42529,16.0196,15.73871,0.28089,2.9909,2.9927,60.62,0.0016,0.3,normal
56.41,23.50257,25.84318,-2.34061,16.0196,15.74418,0.27543,3.0054,2.9886,60.41,0.00046,0.3,normal
56.42,23.50257,25.75301,-2.25044,16.0196,15.74566,0.27394,3.0004,2.9874,60.58,0.00127,0.3,normal
56.43,23.50257,25.66949,-2.16692,16.0196,15.75193,0.26767,2.9795,3.0,60.55,0.00146,0.3,normal
56.44,23.50257,25.58005,-2.07748,16.0196,15.75114,0.26846,3.0176,3.0,60.66,0.00032,0.3,normal
56.45,23.50257,25.49733,-1.99476,16.0196,15.75545,0.26415,2.9961,2.9906,60.64,0.00224,0.3,normal
56.46,23.50257,25.40922,-1.90664,16.0196,15.75282,0.26678,2.9959,3.0,60.57,0.00168,0.3,normal
56.47,23.50257,25.32988,-1.82731,16.0196,15.75603,0.26357,2.9936,2.9979,60.57,0.00054,0.3,normal
56.48,23.50257,25.24325,-1.74068,16.0196,15.75369,0.26591,2.9681,3.0,60.65,0.00458,0.3,normal
56.49,23.50257,25.15823,-1.65566,16.0196,15.77782,0.24178,2.9892,2.9713,60.78,0.00512,0.3,normal
56.5,23.50257,25.06505,-1.56248,16.0196,15.8005,0.21911,2.9944,3.0,60.68,0.0,0.3,normal
56.51,23.50257,24.97653,-1.47395,16.0196,15.82832,0.19128,3.0112,2.9937,60.86,0.00193,0.3,normal
56.52,23.50257,24.88367,-1.3811,16.0196,15.84921,0.1704,3.0121,2.9978,60.82,0.00171,0.3,normal
56.53,23.50257,24.7963,-1.29372,16.0196,15.87551,0.14409,2.999,3.0,60.87,0.00043,0.3,normal
56.54,23.50257,24.70286,-1.20029,16.0196,15.89836,0.12124,2.9957,3.0,60.86,0.00166,0.3,normal
56.55,23.50257,24.61491,-1.11234,16.0196,15.92762,0.09198,3.0031,3.0,60.89,0.00986,0.3,normal
56.56,23.50257,24.60004,-1.09747,16.0196,15.94954,0.07006,3.0355,2.9816,60.48,0.00829,0.3,normal
56.57,23.50257,24.59426,-1.09169,16.0196,15.97756,0.04204,2.9836,2.9815,60.76,0.00053,0.3,normal
56.58,23.50257,24.58045,-1.07788,16.0196,15.99655,0.02306,3.0015,3.0,60.85,0.00225,0.3,normal
56.59,23.50257,24.57337,-1.0708,16.0196,16.02132,-0.00172,3.0147,3.0,60.88,0.0009,0.3,normal
56.6,23.50257,24.56304,-1.06047,16.0196,16.0396,-0.02,2.986,2.9986,60.55,0.00134,0.3,normal
56.61,23.50257,24.55666,-1.05409,16.0196,16.06589,-0.04629,3.0079,3.0,60.77,0.00244,0.3,normal
56.62,23.50257,24.54293,-1.04035,16.0196,16.0848,-0.06519,2.9818,3.0,60.69,0.0006,0.3,normal
56.63,23.50257,24.53492,-1.03235,16.0196,16.10996,-0.09036,3.0039,3.0,60.96,0.00023,0.3,normal
56.64,23.50257,24.52136,-1.01879,16.0196,16.12845,-0.10885,2.9795,3.0,60.48,0.00196,0.3,normal
56.65,23.50257,24.51249,-1.00991,16.0196,16.15124,-0.13164,2.997,3.0,60.57,0.00054,0.3,normal
56.66,23.50257,24.49935,-0.99677,16.0196,16.17087,-0.15127,2.9868,2.9945,60.42,0.00071,0.3,normal
56.67,23.50257,24.49244,-0.98987,16.0196,16.19614,-0.17654,3.0008,2.9902,60.72,0.00246,0.3,normal
56.68,23.50257,24.47867,-0.9761,16.0196,16.21448,-0.19488,3.0006,3.0,61.04,0.00641,0.3,normal
56.69,23.50257,24.467,-0.96443,16.0196,16.23772,-0.21812,2.1264,3.0,60.69,0.00587,0.3,normal
56.7,23.50257,24.39848,-0.89591,16.0196,16.25389,-0.23429,3.0054,2.9796,60.72,0.00229,0.3,normal
56.71,23.50257,24.33606,-0.83349,16.0196,16.27722,-0.25762,3.0057,2.9943,60.79,0.0016,0.3,normal
56.72,23.50257,24.26874,-0.76617,16.0196,16.29582,-0.27622,2.9853,3.0,60.69,0.00135,0.3,normal
56.73,23.50257,24.20611,-0.70354,16.0196,16.32487,-0.30527,3.0097,2.9856,60.77,0.00165,0.3,normal
56.74,23.50257,24.13709,-0.63452,16.0196,16.34922,-0.32962,2.9955,3.0,60.77,0.00137,0.3,normal
56.75,23.50257,24.07702,-0.57445,16.0196,16.37865,-0.35905,2.9899,2.9945,60.59,0.00082,0.3,normal
56.76,23.50257,24.01323,-0.51066,16.0196,16.403,-0.3834,2.9955,2.964,60.7,0.00585,0.3,normal
56.77,23.50257,23.95693,-0.45435,16.0196,16.42927,-0.40966,2.9846,2.9926,60.83,0.00477,0.3,normal
56.78,23.50257,23.89478,-0.39221,16.0196,16.4182,-0.3986,3.0145,2.9953,60.86,0.00064,0.3,normal
56.79,23.50257,23.83996,-0.33739,16.0196,16.41301,-0.39341,3.0245,3.0,60.92,0.00187,0.3,normal
56.8,23.50257,23.77829,-0.27572,16.0196,16.40228,-0.38268,2.9943,3.0,60.78,0.01273,0.3,normal
56.81,23.50257,23.80384,-0.30127,16.0196,16.4001,-0.3805,2.9898,2.9985,60.79,0.01121,0.3,normal
56.82,23.50257,23.84796,-0.34539,16.0196,16.39229,-0.37269,3.0268,3.0,60.85,0.00184,0.3,normal
56.83,23.50257,23.90139,-0.39882,16.0196,16.3905,-0.3709,2.9979,3.0,60.66,0.00234,0.3,normal
56.84,23.50257,23.94935,-0.44677,16.0196,16.37902,-0.35941,3.0052,3.0,60.65,0.00572,0.3,normal
56.85,23.50257,23.98026,-0.47769,16.0196,16.37206,-0.35246,3.0111,3.0,60.73,0.00602,0.3,normal
56.86,23.50257,23.98223,-0.47965,16.0196,16.35443,-0.33483,3.0135,2.9993,60.57,0.0017,0.3,normal
56.87,23.50257,23.99098,-0.48841,16.0196,16.34142,-0.32182,3.0275,2.9824,60.82,0.0,0.3,normal
56.88,23.50257,23.9946,-0.49202,16.0196,16.32542,-0.30582,2.9927,3.0,60.92,0.00166,0.3,normal
56.89,23.50257,24.00718,-0.5046,16.0196,16.31462,-0.29502,2.995,2.9858,60.66,0.00291,0.3,normal
56.9,23.50257,24.01635,-0.51378,16.0196,16.29821,-0.27861,2.9967,3.0,60.84,0.00529,0.3,normal
56.91,23.50257,23.98423,-0.48165,16.0196,16.28928,-0.26968,2.9771,2.9955,60.68,0.00588,0.3,normal
56.92,23.50257,23.94233,-0.43975,16.0196,16.27466,-0.25505,3.0018,2.9713,60.63,0.00313,0.3,normal
56.93,23.50257,23.90884,-0.40627,16.0196,16.27207,-0.25247,3.023,3.0,61.09,0.00121,0.3,normal
56.94,23.50257,23.86931,-0.36674,16.0196,16.2627,-0.2431,2.9985,3.0,60.64,0.00157,0.3,normal
56.95,23.50257,23.83449,-0.33191,16.0196,16.25974,-0.24013,3.0026,3.0,60.6,0.00259,0.3,normal
56.96,23.50257,23.79175,-0.28918,16.0196,16.25024,-0.23064,2.9743,3.0,60.83,0.00113,0.3,normal
56.97,23.50257,23.75602,-0.25345,16.0196,16.24497,-0.22537,2.9834,2.9976,60.84,0.00088,0.3,normal
56.98,23.50257,23.71519,-0.21262,16.0196,16.23455,-0.21495,2.9974,3.0,60.9,0.00202,0.3,normal
56.99,23.50257,23.67915,-0.17658,16.0196,16.23273,-0.21313,3.02,3.0,61.1,0.00127,0.3,normal
57.0,23.50257,23.63793,-0.13536,16.0196,16.22566,-0.20606,2.9926,2.9876,60.69,0.00016,0.3,normal
57.01,23.50257,23.6029,-0.10033,16.0196,16.22403,-0.20443,2.9939,2.9864,60.72,0.0022,0.3,normal
57.02,23.50257,23.56172,-0.05915,16.0196,16.21708,-0.19748,3.0097,2.9944,61.05,0.002,0.3,normal
57.03,23.50257,23.52544,-0.02287,16.0196,16.21893,-0.19933,2.9814,2.9682,60.96,0.00117,0.3,normal
57.04,23.50257,23.48257,0.02,16.0196,16.21917,-0.19956,3.0065,3.0,60.94,0.00323,0.3,normal
57.05,23.50257,23.44451,0.05807,16.0196,16.23116,-0.21156,3.0173,2.9984,60.73,0.00413,0.3,normal
57.06,23.50257,23.41562,0.08695,16.0196,16.23934,-0.21974,2.9948,3.0,61.0,0.00598,0.3,normal
57.07,23.50257,23.39826,0.10431,16.0196,16.22702,-0.20742,3.0054,3.0,60.95,0.00594,0.3,normal
57.08,23.50257,23.37668,0.1259,16.0196,16.18946,-0.16986,2.998,2.99,60.86,0.00258,0.3,normal
57.09,23.50257,23.36473,0.13784,16.0196,16.15935,-0.13974,3.0152,3.0,60.75,0.00286,0.3,normal
57.1,23.50257,23.35318,0.1494,16.0196,16.12278,-0.10317,3.0054,2.9841,60.86,0.00386,0.3,normal
57.11,23.50257,23.36277,0.1398,16.0196,16.09462,-0.07502,2.9863,3.0,61.09,0.00219,0.3,normal
57.12,23.50257,23.36544,0.13713,16.0196,16.06462,-0.04501,2.9941,2.995,60.69,0.00035,0.3,normal
57.13,23.50257,23.37304,0.12954,16.0196,16.04082,-0.02122,3.0261,2.9964,60.74,0.00174,0.3,normal
57.14,23.50257,23.37506,0.12752,16.0196,16.00986,0.00975,2.9876,2.9936,60.77,0.00186,0.3,normal
57.15,23.50257,23.38241,0.12017,16.0196,15.98499,0.03461,3.0269,2.9819,60.8,0.00074,0.3,normal
57.16,23.50257,23.3819,0.12068,16.0196,15.95106,0.06854,2.9882,2.9941,60.87,0.0016,0.3,normal
57.17,23.50257,23.3866,0.11597,16.0196,15.92436,0.09524,2.9999,2.9738,61.02,0.00253,0.3,normal
57.18,23.50257,23.38391,0.11866,16.0196,15.8892,0.13041,2.9901,3.0,60.95,0.00053,0.3,normal
57.19,23.50257,23.38521,0.11736,16.0196,15.86029,0.15931,2.9955,3.0,60.89,0.0013,0.3,normal
57.2,23.50257,23.37842,0.12415,16.0196,15.82502,0.19458,3.0233,2.9955,60.93,0.00208,0.3,normal
57.21,23.50257,23.37744,0.12513,16.0196,15.7977,0.2219,2.9956,3.0,60.98,0.0025,0.3,normal
57.22,23.50257,23.37286,0.12972,16.0196,15.76753,0.25207,2.9669,2.9913,60.64,0.00211,0.3,normal
57.23,23.50257,23.38161,0.12096,16.0196,15.74616,0.27344,2.9953,3.0,61.06,0.00263,0.3,normal
57.24,23.50257,23.38381,0.11876,16.0196,15.7204,0.2992,3.0184,2.9882,60.78,0.00064,0.3,normal
57.25,23.50257,23.39147,0.1111,16.0196,15.69997,0.31963,3.0136,2.9901,60.84,0.0009,0.3,normal
57.26,23.50257,23.39441,0.10816,16.0196,15.6762,0.3434,2.9931,3.0,60.96,0.00228,0.3,normal
57.27,23.50257,23.40192,0.10065,16.0196,15.65772,0.36188,2.9992,3.0,60.9,0.00085,0.3,normal
57.28,23.50257,23.40534,0.09723,16.0196,15.63314,0.38646,3.0113,3.0,60.99,0.00487,0.3,normal
57.29,23.50257,23.41685,0.08573,16.0196,15.61886,0.40074,3.0124,2.4099,60.94,0.00695,0.3,normal
57.3,23.50257,23.42259,0.07999,16.0196,15.63738,0.38222,2.981,3.0,60.88,0.0008,0.3,normal
57.31,23.50257,23.43622,0.06635,16.0196,15.66243,0.35717,2.9997,3.0,61.16,0.00129,0.3,normal
57.32,23.50257,23.44329,0.05928,16.0196,15.68138,0.33822,3.0117,3.0,61.04,0.00227,0.3,normal
57.33,23.50257,23.45677,0.0458,16.0196,15.70658,0.31302,2.993,3.0,60.98,0.00065,0.3,normal
57.34,23.50257,23.46522,0.03736,16.0196,15.7246,0.29501,2.995,3.0,61.04,0.00047,0.3,normal
57.35,23.50257,23.47878,0.02379,16.0196,15.7504,0.2692,3.0308,3.0,60.84,0.00187,0.3,normal
57.36,23.50257,23.48569,0.01688,16.0196,15.76976,0.24984,3.0005,2.9902,61.27,0.00127,0.3,normal
57.37,23.50257,23.50124,0.00133,16.0196,15.79482,0.22478,3.0083,2.9888,60.79,0.00019,0.3,normal
57.38,23.50257,23.50901,-0.00644,16.0196,15.81452,0.20508,2.9724,2.9815,60.97,0.00202,0.3,normal
57.39,23.50257,23.52177,-0.0192,16.0196,15.84235,0.17725,2.9976,2.977,60.92,0.00128,0.3,normal
57.4,23.50257,23.52848,-0.02591,16.0196,15.86433,0.15527,3.0039,3.0,60.91,0.00092,0.3,normal
57.41,23.50257,23.54124,-0.03867,16.0196,15.89475,0.12485,3.004,2.9999,60.9,0.00193,0.3,normal
57.42,23.50257,23.54779,-0.04522,16.0196,15.91828,0.10133,3.0073,2.9955,60.85,0.00121,0.3,normal
57.43,23.50257,23.56042,-0.05784,16.0196,15.94948,0.07012,2.9994,3.0,61.15,0.0,0.3,normal
57.44,23.50257,23.56822,-0.06564,16.0196,15.97271,0.04689,2.9962,3.0,60.8,0.00185,0.3,normal
57.45,23.50257,23.58202,-0.07944,16.0196,16.00238,0.01722,3.0022,3.0,61.13,0.00184,0.3,normal
57.46,23.50257,23.59114,-0.08856,16.0196,16.02592,-0.00632,3.0064,3.0,61.08,0.00044,0.3,normal
57.47,23.50257,23.60978,-0.10721,16.0196,16.05598,-0.03638,2.9948,3.0,60.93,0.00208,0.3,normal
57.48,23.50257,23.62309,-0.12052,16.0196,16.07603,-0.05643,2.985,3.0,61.07,0.0025,0.3,normal
57.49,23.50257,23.64057,-0.138,16.0196,16.10231,-0.08271,2.9955,2.9958,60.97,0.00049,0.3,normal
57.5,23.50257,23.65099,-0.14841,16.0196,16.12268,-0.10308,2.9789,2.9959,60.83,0.00154,0.3,normal
57.51,23.50257,23.66423,-0.16166,16.0196,16.14925,-0.12965,2.9477,3.0,60.84,0.00194,0.3,normal
57.52,23.50257,23.6714,-0.16883,16.0196,16.16823,-0.14863,3.0343,2.999,61.11,0.00038,0.3,normal
57.53,23.50257,23.68712,-0.18455,16.0196,16.19496,-0.17536,3.0146,2.9842,61.1,0.00181,0.3,normal
57.54,23.50257,23.69428,-0.19171,16.0196,16.21895,-0.19935,2.9914,3.0,61.05,0.0025,0.3,normal
57.55,23.50257,23.70495,-0.20237,16.0196,16.24782,-0.22822,3.0187,3.0,60.96,0.00122,0.3,normal
57.56,23.50257,23.70834,-0.20577,16.0196,16.26981,-0.25021,2.9989,2.9848,60.99,0.00198,0.3,normal
57.57,23.50257,23.7157,-0.21313,16.0196,16.29951,-0.27991,2.9902,2.9944,60.98,0.00351,0.3,normal
57.58,23.50257,23.7144,-0.21183,16.0196,16.32486,-0.30526,2.9797,2.9938,60.77,0.00229,0.3,normal
57.59,23.50257,23.71785,-0.21528,16.0196,16.34195,-0.32235,3.0333,3.0,61.04,0.00319,0.3,normal
57.6,23.50257,23.71544,-0.21286,16.0196,16.34766,-0.32806,2.9896,2.9823,61.12,0.00222,0.3,normal
57.61,23.50257,23.71944,-0.21687,16.0196,16.35936,-0.33976,2.9844,2.9925,61.05,0.00117,0.3,normal
57.62,23.50257,23.71501,-0.21244,16.0196,16.36593,-0.34633,3.0047,2.9935,61.31,0.0013,0.3,normal
57.63,23.50257,23.71394,-0.21137,16.0196,16.37415,-0.35454,3.0025,2.9945,60.9,0.00452,0.3,normal
57.64,23.50257,23.70641,-0.20384,16.0196,16.3576,-0.338,3.0017,3.0,60.95,0.00339,0.3,normal
57.65,23.50257,23.7033,-0.20073,16.0196,16.34341,-0.32381,3.0164,3.0,61.08,0.00061,0.3,normal
57.66,23.50257,23.69456,-0.19198,16.0196,16.32576,-0.30616,3.0191,2.9923,61.1,0.00205,0.3,normal
57.67,23.50257,23.69423,-0.19166,16.0196,16.31535,-0.29575,3.0031,2.9857,60.78,0.00109,0.3,normal
57.68,23.50257,23.68696,-0.18439,16.0196,16.2972,-0.2776,2.9999,3.0,61.16,0.00105,0.3,normal
57.69,23.50257,23.685,-0.18243,16.0196,16.28466,-0.26505,2.997,2.9915,61.11,0.00226,0.3,normal
57.7,23.50257,23.67571,-0.17313,16.0196,16.26669,-0.24709,3.0153,3.0,60.76,0.00176,0.3,normal
57.71,23.50257,23.67025,-0.16767,16.0196,16.25569,-0.23609,2.9755,3.0,61.06,0.00047,0.3,normal
57.72,23.50257,23.65407,-0.1515,16.0196,16.23792,-0.21832,2.9965,3.0,60.96,0.00248,0.3,normal
57.73,23.50257,23.64382,-0.14124,16.0196,16.2254,-0.2058,2.9764,2.9796,61.02,0.00169,0.3,normal
57.74,23.50257,23.6265,-0.12393,16.0196,16.20504,-0.18544,2.9929,3.0,60.89,0.00077,0.3,normal
57.75,23.50257,23.61482,-0.11224,16.0196,16.18689,-0.16729,3.0151,3.0,61.16,0.00167,0.3,normal
57.76,23.50257,23.59951,-0.09694,16.0196,16.16188,-0.14228,3.0093,2.9976,61.36,0.00185,0.3,normal
57.77,23.50257,23.58931,-0.08674,16.0196,16.14165,-0.12205,3.0144,2.9985,61.14,0.00137,0.3,normal
57.78,23.50257,23.57043,-0.06786,16.0196,16.1132,-0.0936,3.0079,2.9848,60.78,0.00216,0.3,normal
57.79,23.50257,23.55724,-0.05467,16.0196,16.08974,-0.07013,2.9809,3.0,61.15,0.00259,0.3,normal
57.8,23.50257,23.53989,-0.03732,16.0196,16.05914,-0.03954,3.0066,3.0,61.08,0.00091,0.3,normal
57.81,23.50257,23.532,-0.02943,16.0196,16.03531,-0.01571,3.011,2.9901,60.95,0.00235,0.3,normal
57.82,23.50257,23.51917,-0.0166,16.0196,16.00383,0.01577,3.02,2.9961,61.17,0.00228,0.3,normal
57.83,23.50257,23.51562,-0.01304,16.0196,15.97967,0.03993,3.0119,2.9857,61.26,0.00045,0.3,normal
57.84,23.50257,23.50508,-0.00251,16.0196,15.95181,0.06779,2.9767,2.9879,61.03,0.0018,0.3,normal
57.85,23.50257,23.49881,0.00376,16.0196,15.93277,0.08684,3.0157,2.9945,60.89,0.00241,0.3,normal
57.86,23.50257,23.48665,0.01593,16.0196,15.9112,0.1084,2.9898,2.9885,60.84,0.00037,0.3,normal
57.87,23.50257,23.48497,0.01761,16.0196,15.8963,0.12331,3.0001,2.9983,61.04,0.00229,0.3,normal
57.88,23.50257,23.48036,0.02221,16.0196,15.8778,0.1418,3.0426,3.0,61.12,0.00266,0.3,normal
57.89,23.50257,23.48176,0.02081,16.0196,15.86752,0.15208,2.9967,3.0,61.07,0.00048,0.3,normal
57.9,23.50257,23.47752,0.02506,16.0196,15.85072,0.16888,3.0005,2.9996,61.05,0.00087,0.3,normal
57.91,23.50257,23.48039,0.02218,16.0196,15.84001,0.17959,3.0149,3.0,61.24,0.00188,0.3,normal
57.92,23.50257,23.47664,0.02594,16.0196,15.82167,0.19793,2.9895,2.9972,61.23,0.00121,0.3,normal
57.93,23.50257,23.47903,0.02354,16.0196,15.80825,0.21135,2.9982,2.9684,61.19,0.00067,0.3,normal
57.94,23.50257,23.47632,0.02625,16.0196,15.78926,0.23035,3.0268,2.9932,61.29,0.00179,0.3,normal
57.95,23.50257,23.47984,0.02273,16.0196,15.77454,0.24507,3.0082,2.9861,61.07,0.00106,0.3,normal
57.96,23.50257,23.47648,0.02609,16.0196,15.75522,0.26438,3.0015,2.9926,61.01,0.00118,0.3,normal
57.97,23.50257,23.4814,0.02117,16.0196,15.74525,0.27435,3.0052,2.9986,61.1,0.00258,0.3,normal
57.98,23.50257,23.48001,0.02256,16.0196,15.73016,0.28944,2.9885,2.9881,61.1,0.0009,0.3,normal
57.99,23.50257,23.48545,0.01712,16.0196,15.72157,0.29803,2.9894,2.9719,60.88,0.03926,0.3,normal
58.0,-32.04294,23.44544,-55.48838,-16.70743,15.71011,-32.41753,2.9951,3.0,61.11,0.3,0.3,normal
58.01,-32.00989,22.10064,-54.11052,-16.8434,14.40308,-31.24648,2.9769,3.0,61.42,0.3,0.3,normal
58.02,-31.97877,18.82491,-50.80368,-16.97732,10.91802,-27.89534,3.011,3.0,61.48,0.3,0.3,normal
58.03,-31.94955,13.63461,-45.58416,-17.10921,5.75627,-22.86548,2.999,2.9877,61.58,0.3,0.3,normal
58.04,-31.9222,6.52173,-38.44392,-17.23907,1.25478,-18.49385,3.0127,3.0,61.68,0.3,0.3,normal
58.05,-31.89667,-2.38487,-29.5118,-17.3669,-2.49095,-14.87595,2.9871,3.0,62.05,0.21397,0.3,normal
58.06,-31.87293,-10.42557,-21.44736,-17.49271,-5.49422,-11.99849,3.0082,3.0,61.81,0.3,0.3,normal
58.07,-31.85094,-16.50487,-15.34607,-17.61651,-7.99306,-9.62345,3.0037,2.9962,61.93,0.3,0.3,normal
58.08,-31.83065,-21.03008,-10.80057,-17.73829,-10.03467,-7.70362,3.0109,2.9948,62.32,0.3,0.3,normal
58.09,-31.81202,-24.4783,-7.33373,-17.85808,-11.66186,-6.19623,0.2456,2.9992,62.22,0.22897,0.3,normal
58.1,-31.79502,-27.13898,-4.65604,-17.97588,-13.04248,-4.93341,3.0155,2.9748,62.16,0.16456,0.3,normal
58.11,-31.77958,-29.12116,-2.65843,-18.0917,-14.17431,-3.9174,2.9997,2.9987,62.38,0.13753,0.3,normal
58.12,-31.76567,-30.63743,-1.12825,-18.20554,-15.12177,-3.08377,2.9891,2.9878,62.27,0.09636,0.3,normal
58.13,-31.75325,-31.74842,-0.00483,-18.31742,-15.92827,-2.38916,2.9795,2.9906,62.23,0.10794,0.3,normal
58.14,-31.74225,-32.6025,0.86025,-18.42735,-16.51833,-1.90901,0.8797,2.9872,62.24,0.07011,0.3,normal
58.15,-31.73263,-33.22123,1.4886,-18.53533,-17.09743,-1.4379,3.0062,3.0,62.44,0.04974,0.3,normal
58.16,-31.72435,-33.64762,1.92327,-18.64137,-17.57849,-1.06288,2.9982,2.9832,62.43,0.06416,0.3,normal
58.17,-31.71735,-33.98581,2.26846,-18.7455,-17.99224,-0.75326,3.0056,1.2319,62.63,0.03359,0.3,normal
58.18,-31.71157,-34.17111,2.45954,-18.84771,-18.34913,-0.49859,3.0189,3.0,62.37,0.01385,0.3,normal
58.19,-31.70697,-34.34723,2.64026,-18.94803,-18.62784,-0.32019,3.0157,3.0,62.38,0.02722,0.3,normal
58.2,-31.70348,-34.44156,2.73808,-19.04646,-18.86337,-0.18309,2.9916,3.0,62.64,0.01398,0.3,normal
58.21,-31.70106,-34.49206,2.791,-19.14302,-19.08523,-0.05779,2.9822,3.0,62.58,0.00256,0.3,normal
58.22,-31.69965,-34.54799,2.84833,-19.23771,-19.30882,0.07111,2.9902,3.0,62.46,0.02099,0.3,normal
58.23,-31.6992,-34.54979,2.85059,-19.33056,-19.44391,0.11335,3.0073,2.9747,62.2,0.03191,0.3,normal
58.24,-31.69963,-34.53937,2.83974,-19.42158,-19.53326,0.11168,0.9133,3.0,62.32,0.01367,0.3,normal
58.25,-31.7009,-34.40574,2.70484,-19.51078,-19.61619,0.10542,2.986,2.9911,62.28,0.00317,0.3,normal
58.26,-31.70295,-34.28339,2.58044,-19.59817,-19.70358,0.1054,2.9993,2.9974,62.45,0.00151,0.3,normal
58.27,-31.70571,-34.15704,2.45133,-19.68378,-19.78363,0.09985,2.9923,2.9986,62.37,0.00175,0.3,normal
58.28,-31.70912,-34.04417,2.33505,-19.76761,-19.87037,0.10276,3.0103,2.9641,62.69,0.00324,0.3,normal
58.29,-31.71313,-33.92951,2.21637,-19.84969,-19.95391,0.10423,2.9731,3.0,62.21,0.00123,0.3,normal
58.3,-31.71768,-33.82518,2.1075,-19.93002,-20.0461,0.11608,2.9951,2.9959,62.28,0.00172,0.3,normal
58.31,-31.72268,-33.7194,1.99671,-20.00863,-20.13093,0.1223,2.9877,2.9968,62.49,0.00305,0.3,normal
58.32,-31.7281,-33.62311,1.89502,-20.08553,-20.22251,0.13698,2.9889,3.0,62.53,0.00585,0.3,normal
58.33,-31.73386,-33.55997,1.82611,-20.16074,-20.30732,0.14658,3.0224,3.0,62.07,0.00567,0.3,normal
58.34,-31.73989,-33.51337,1.77348,-20.23428,-20.39552,0.16124,2.9845,2.9933,62.2,0.00261,0.3,normal
58.35,-31.74613,-33.45851,1.71237,-20.30616,-20.47426,0.1681,2.9886,3.0,62.42,0.00143,0.3,normal
58.36,-31.75252,-33.40752,1.655,-20.37641,-20.55651,0.1801,3.02,2.9979,62.66,0.00027,0.3,normal
58.37,-31.75899,-33.35128,1.59228,-20.44503,-20.63379,0.18876,3.0125,3.0,62.75,0.00223,0.3,normal
58.38,-31.76548,-33.30397,1.53849,-20.51205,-20.71673,0.20468,2.9978,2.9998,62.4,0.00132,0.3,normal
58.39,-31.77191,-33.25018,1.47827,-20.57749,-20.79201,0.21451,3.0168,2.9752,62.44,0.00043,0.3,normal
58.4,-31.77822,-33.201,1.42278,-20.64137,-20.87276,0.23139,3.0066,2.9973,62.34,0.00216,0.3,normal
58.41,-31.78435,-33.14522,1.36087,-20.70371,-20.95045,0.24675,2.9971,2.9844,62.57,0.00154,0.3,normal
58.42,-31.79022,-33.09593,1.30571,-20.76452,-21.03455,0.27003,2.9973,2.9995,62.7,0.00061,0.3,normal
58.43,-31.79577,-33.03741,1.24164,-20.82383,-21.11143,0.2876,3.0238,2.9766,62.66,0.00672,0.3,normal
58.44,-31.80092,-32.98954,1.18861,-20.88165,-21.14578,0.26414,3.0038,2.9987,62.47,0.00742,0.3,normal
58.45,-31.80562,-32.93532,1.1297,-20.93801,-21.17386,0.23585,2.9807,3.0,62.36,0.00018,0.3,normal
58.46,-31.80979,-32.88725,1.07747,-20.99292,-21.21044,0.21752,2.9899,2.9878,62.48,0.0026,0.3,normal
58.47,-31.81336,-32.83222,1.01886,-21.04642,-21.24427,0.19785,2.9919,2.9827,62.69,0.00264,0.3,normal
58.48,-31.81627,-32.78171,0.96545,-21.09851,-21.28768,0.18917,2.9906,3.0,62.43,0.00167,0.3,normal
58.49,-31.81844,-32.73054,0.91211,-21.14922,-21.32678,0.17755,2.9858,3.0,62.22,0.00335,0.3,normal
58.5,-31.81981,-32.69259,0.87279,-21.19858,-21.37335,0.17478,3.017,3.0,62.44,0.00264,0.3,normal
58.51,-31.8203,-32.64801,0.82771,-21.24659,-21.41613,0.16954,3.0076,2.9825,62.45,0.00049,0.3,normal
58.52,-31.81986,-32.60975,0.7899,-21.29329,-21.466,0.17271,3.0223,2.9777,62.23,0.00376,0.3,normal
58.53,-31.8184,-32.58599,0.76759,-21.3387,-21.51186,0.17317,3.0084,3.0,62.54,0.00374,0.3,normal
58.54,-31.81587,-32.56764,0.75178,-21.38283,-21.56477,0.18194,2.9963,3.0,62.58,0.00019,0.3,normal
58.55,-31.81218,-32.54559,0.7334,-21.42571,-21.61004,0.18433,3.0118,3.0,62.79,0.00181,0.3,normal
58.56,-31.80729,-32.52992,0.72263,-21.46737,-21.66397,0.19661,2.9897,2.9992,62.31,0.00643,0.3,normal
58.57,-31.8011,-32.50855,0.70744,-21.50782,-21.66905,0.16123,2.9889,2.9828,62.62,0.00512,0.3,normal
58.58,-31.79357,-32.49246,0.69889,-21.54709,-21.67795,0.13086,3.0074,3.0,62.66,0.00116,0.3,normal
58.59,-31.78461,-32.47219,0.68758,-21.58519,-21.68186,0.09666,3.0268,2.9937,62.6,0.00264,0.3,normal
58.6,-31.77417,-32.46075,0.68658,-21.62216,-21.69072,0.06856,3.0036,2.995,62.37,0.00172,0.3,normal
58.61,-31.76217,-32.44375,0.68157,-21.65801,-21.69042,0.03241,3.0125,2.9959,62.37,0.00141,0.3,normal
58.62,-31.74855,-32.43111,0.68255,-21.69278,-21.69358,0.0008,2.9961,3.0,62.55,0.00241,0.3,normal
58.63,-31.73324,-32.41042,0.67718,-21.72647,-21.68823,-0.03824,3.0201,2.9845,62.55,0.00067,0.3,normal
58.64,-31.71618,-32.39627,0.68009,-21.75911,-21.69006,-0.06905,3.0099,3.0,62.45,0.0013,0.3,normal
58.65,-31.6973,-32.37941,0.68211,-21.79073,-21.68569,-0.10504,3.0051,3.0,62.74,0.00199,0.3,normal
58.66,-31.67653,-32.36857,0.69204,-21.82135,-21.68722,-0.13413,2.9866,3.0,62.48,0.00177,0.3,normal
58.67,-31.65381,-32.34816,0.69435,-21.851,-21.68211,-0.16888,3.0027,3.0,62.26,0.00163,0.3,normal
58.68,-31.62908,-32.32992,0.70084,-21.87968,-21.68629,-0.1934,3.0001,2.9691,62.52,0.00223,0.3,normal
58.69,-31.60226,-32.30666,0.7044,-21.90744,-21.68495,-0.22249,2.9989,2.9864,62.63,0.00122,0.3,normal
58.7,-31.57331,-32.28903,0.71572,-21.93429,-21.69074,-0.24355,3.0118,2.9865,62.61,0.0,0.3,normal
58.71,-31.54215,-32.26642,0.72427,-21.96025,-21.68986,-0.27039,2.9948,3.0,62.61,0.00299,0.3,normal
58.72,-31.50873,-32.2484,0.73967,-21.98535,-21.69321,-0.29214,3.0205,3.0,62.79,0.00106,0.3,normal
58.73,-31.47298,-32.22191,0.74893,-22.00961,-21.68983,-0.31978,3.0126,2.9769,62.4,1e-05,0.3,normal
58.74,-31.43485,-32.20265,0.7678,-22.03306,-21.69356,-0.33949,3.0,3.0,62.51,0.00199,0.3,normal
58.75,-31.39426,-32.17492,0.78066,-22.05571,-21.69117,-0.36454,2.9973,3.0,62.81,0.00158,0.3,normal
58.76,-31.35118,-32.15352,0.80235,-22.07759,-21.69387,-0.38372,3.0003,3.0,62.28,0.00159,0.3,normal
58.77,-31.30552,-32.12631,0.82078,-22.09872,-21.68999,-0.40873,2.7964,3.0,62.57,0.00497,0.3,normal
58.78,-31.25725,-32.0927,0.83544,-22.11913,-21.69083,-0.4283,2.5466,3.0,62.77,0.01237,0.3,normal
58.79,-31.2063,-32.02391,0.81761,-22.13883,-21.70868,-0.43015,3.0328,2.9925,62.77,0.00853,0.3,normal
58.8,-31.15262,-31.96129,0.80867,-22.15786,-21.78877,-0.36908,3.0057,2.9994,62.69,0.00187,0.3,normal
58.81,-31.09615,-31.89121,0.79506,-22.17622,-21.86415,-0.31208,3.0063,3.0,62.69,0.00205,0.3,normal
58.82,-31.03683,-31.82717,0.79034,-22.19396,-21.94833,-0.24563,3.0064,2.9985,62.44,0.00053,0.3,normal
58.83,-30.97463,-31.76043,0.7858,-22.21108,-22.02715,-0.18393,3.0139,2.9935,62.8,0.00195,0.3,normal
58.84,-30.90948,-31.7009,0.79142,-22.22761,-22.11189,-0.11571,3.0169,3.0,62.42,0.0017,0.3,normal
58.85,-30.84133,-31.63701,0.79568,-22.24357,-22.18935,-0.05422,2.9379,3.0,62.43,0.00565,0.3,normal
58.86,-30.77013,-31.55361,0.78348,-22.25898,-22.27099,0.01201,2.9766,3.0,62.66,0.00568,0.3,normal
58.87,-30.69584,-31.4435,0.74767,-22.27387,-22.34264,0.06877,3.0148,2.994,62.53,0.00327,0.3,normal
58.88,-30.6184,-31.34681,0.7284,-22.28826,-22.41766,0.1294,3.0086,2.9964,62.63,0.00599,0.3,normal
58.89,-30.53778,-31.24767,0.7099,-22.30216,-22.43305,0.13088,2.9846,2.9883,62.67,0.00651,0.3,normal
58.9,-30.45392,-31.1567,0.70278,-22.31561,-22.45461,0.13901,3.0184,3.0,62.87,0.00197,0.3,normal
58.91,-30.36677,-31.05974,0.69297,-22.32861,-22.46943,0.14082,3.0133,2.9763,62.67,0.00079,0.3,normal
58.92,-30.27631,-30.96965,0.69334,-22.3412,-22.49282,0.15162,2.9977,3.0,62.52,0.00067,0.3,normal
58.93,-30.18248,-30.87416,0.69167,-22.35338,-22.51178,0.15839,2.9936,3.0,62.71,0.00288,0.3,normal
58.94,-30.08525,-30.7858,0.70055,-22.36519,-22.53877,0.17357,2.9936,3.0,62.49,0.00135,0.3,normal
58.95,-29.98457,-30.68956,0.70499,-22.37665,-22.56279,0.18614,2.9782,3.0,62.75,0.00124,0.3,normal
58.96,-29.88041,-30.59869,0.71828,-22.38776,-22.59329,0.20553,3.0097,3.0,62.63,0.00251,0.3,normal
58.97,-29.77273,-30.50339,0.73067,-22.39856,-22.6189,0.22034,2.9897,3.0,62.68,0.01552,0.3,normal
58.98,-29.66149,-30.39788,0.73639,-22.40906,-22.57665,0.16758,2.9921,3.0,62.36,0.01524,0.3,normal
58.99,-29.54666,-30.24741,0.70075,-22.41928,-22.51078,0.09149,2.9808,2.9875,62.29,0.00276,0.3,normal
59.0,-29.4282,-30.1062,0.678,-22.42925,-22.45304,0.0238,3.0002,2.9992,62.41,0.0018,0.3,normal
59.01,-29.30609,-29.96123,0.65513,-22.43897,-22.3887,-0.05027,3.0085,2.9914,62.9,0.00128,0.3,normal
59.02,-29.1803,-29.82908,0.64878,-22.44847,-22.33063,-0.11784,3.0196,2.9891,62.47,0.00331,0.3,normal
59.03,-29.05079,-29.69897,0.64818,-22.45777,-22.26576,-0.192,2.9787,2.9998,62.75,0.00206,0.3,normal
59.04,-28.91753,-29.57667,0.65914,-22.46688,-22.20551,-0.26137,3.0002,2.9887,62.55,0.00985,0.3,normal
59.05,-28.78051,-29.45113,0.67062,-22.47582,-22.21908,-0.25674,3.0009,2.9919,62.61,0.01168,0.3,normal
59.06,-28.63969,-29.33715,0.69746,-22.48461,-22.24666,-0.23795,3.0054,3.0,62.64,0.00189,0.3,normal
59.07,-28.49505,-29.2201,0.72505,-22.49327,-22.2681,-0.22517,3.0259,3.0,62.9,0.00721,0.3,normal
59.08,-28.34658,-29.10402,0.75744,-22.50182,-22.29571,-0.20611,1.9129,3.0,62.74,0.0084,0.3,normal
59.09,-28.19424,-28.92106,0.72682,-22.51026,-22.31891,-0.19135,3.0202,2.9945,62.72,0.00302,0.3,normal
59.1,-28.03802,-28.75191,0.71388,-22.51862,-22.34956,-0.16906,3.015,2.9983,62.86,0.00142,0.3,normal
59.11,-27.87791,-28.58304,0.70513,-22.52691,-22.37566,-0.15125,2.9913,3.0,62.57,0.00361,0.3,normal
59.12,-27.71388,-28.42667,0.71278,-22.53516,-22.41001,-0.12514,3.0051,2.994,62.83,0.00277,0.3,normal
59.13,-27.54593,-28.26939,0.72346,-22.54336,-22.43873,-0.10463,3.0072,2.9836,62.81,0.00117,0.3,normal
59.14,-27.37403,-28.12504,0.75101,-22.55154,-22.47607,-0.07547,3.0376,3.0,62.81,0.00364,0.3,normal
59.15,-27.19818,-27.97977,0.78159,-22.55972,-22.50924,-0.05047,2.9812,3.0,62.65,0.00415,0.3,normal
59.16,-27.01837,-27.83819,0.81982,-22.5679,-22.55148,-0.01642,2.9788,2.9838,62.61,0.00234,0.3,normal
59.17,-26.83458,-27.67292,0.83834,-22.5761,-22.58888,0.01278,2.9897,3.0,62.55,0.00158,0.3,normal
59.18,-26.64681,-27.51814,0.87132,-22.58434,-22.62972,0.04538,2.8255,3.0,62.56,0.00374,0.3,normal
59.19,-26.45506,-27.34634,0.89128,-22.59262,-22.66261,0.06999,3.0225,2.9954,62.55,0.00123,0.3,normal
59.2,-26.25932,-27.17384,0.91452,-22.60097,-22.70248,0.10151,3.0099,3.0,62.75,0.0033,0.3,normal
59.21,-26.05959,-26.97895,0.91935,-22.60938,-22.73322,0.12383,3.0121,2.9863,62.66,0.00395,0.3,normal
59.22,-25.85587,-26.789,0.93313,-22.61789,-22.76939,0.1515,3.0077,2.9871,62.76,0.00092,0.3,normal
59.23,-25.64815,-26.59782,0.94967,-22.62648,-22.80166,0.17518,2.9805,2.9873,62.77,0.00657,0.3,normal
59.24,-25.43645,-26.38203,0.94559,-22.63519,-22.83112,0.19593,2.9859,2.997,62.55,0.00871,0.3,normal
59.25,-25.22075,-26.14916,0.92841,-22.64401,-22.84002,0.196,2.9868,3.0,62.55,0.00197,0.3,normal
59.26,-25.00108,-25.92602,0.92494,-22.65296,-22.85608,0.20312,2.9995,2.9687,62.68,0.00223,0.3,normal
59.27,-24.77743,-25.70139,0.92396,-22.66205,-22.86723,0.20518,2.9851,2.9808,62.6,0.00335,0.3,normal
59.28,-24.54982,-25.4887,0.93888,-22.67129,-22.88535,0.21406,3.0021,2.9937,62.59,0.00202,0.3,normal
59.29,-24.31825,-25.2768,0.95855,-22.68069,-22.89586,0.21518,3.0165,3.0,62.98,0.00077,0.3,normal
59.3,-24.08273,-25.07654,0.9938,-22.69025,-22.91059,0.22035,2.9899,2.9812,62.5,0.00907,0.3,normal
59.31,-23.84329,-24.81599,0.9727,-22.69998,-22.90029,0.20031,3.0094,3.0,63.04,0.00801,0.3,normal
59.32,-23.59992,-24.55994,0.96002,-22.7099,-22.89828,0.18838,2.9677,2.991,62.78,0.00121,0.3,normal
59.33,-23.35265,-24.29978,0.94713,-22.72001,-22.89215,0.17214,2.9981,3.0,62.89,0.00267,0.3,normal
59.34,-23.1015,-24.04986,0.94836,-22.73032,-22.89422,0.1639,3.0101,3.0,62.88,0.00189,0.3,normal
59.35,-22.84649,-23.79959,0.9531,-22.74083,-22.88972,0.1489,2.9598,2.9915,62.84,0.00121,0.3,normal
59.36,-22.58763,-23.55782,0.97019,-22.75155,-22.89523,0.14369,3.0171,3.0,63.01,0.00287,0.3,normal
59.37,-22.32495,-23.31405,0.9891,-22.76248,-22.89183,0.12935,2.9847,2.9805,62.6,0.00219,0.3,normal
59.38,-22.05847,-23.08253,1.02406,-22.77364,-22.89413,0.12049,3.0128,3.0,62.74,0.00209,0.3,normal
59.39,-21.78822,-22.85163,1.06341,-22.78502,-22.88718,0.10216,2.9907,2.9969,62.64,0.01698,0.3,normal
59.4,-21.51422,-22.55213,1.03791,-22.79663,-22.88396,0.08733,3.0111,3.0,62.52,0.01011,0.3,normal
59.41,-21.2365,-22.18475,0.94825,-22.80848,-22.87325,0.06477,3.0291,3.0,62.68,0.00774,0.3,normal
59.42,-20.95509,-21.88218,0.92709,-22.82057,-22.87155,0.05099,2.9861,2.9799,63.07,0.00348,0.3,normal
59.43,-20.67003,-21.57763,0.9076,-22.83289,-22.86488,0.03199,3.0247,3.0,62.77,0.00235,0.3,normal
59.44,-20.38134,-21.28602,0.90468,-22.84547,-22.86547,0.02001,2.9776,3.0,63.1,0.00151,0.3,normal
59.45,-20.08905,-20.99372,0.90466,-22.85828,-22.85655,-0.00174,3.0076,2.9946,63.12,0.00376,0.3,normal
59.46,-19.79322,-20.71369,0.92047,-22.87135,-22.85192,-0.01943,2.9847,2.9996,63.26,0.0027,0.3,normal
59.47,-19.49386,-20.43368,0.93982,-22.88466,-22.84263,-0.04203,3.0086,2.9795,63.1,0.00194,0.3,normal
59.48,-19.19102,-20.16271,0.97169,-22.89823,-22.84344,-0.05478,2.9948,2.9994,63.17,0.00262,0.3,normal
59.49,-18.88474,-19.89037,1.00563,-22.91204,-22.83887,-0.07318,3.0238,3.0,62.87,0.00282,0.3,normal
59.5,-18.57506,-19.62912,1.05406,-22.92611,-22.84075,-0.08536,2.9869,3.0,62.86,0.0015,0.3,normal
59.51,-18.26202,-19.36774,1.10572,-22.94043,-22.83734,-0.10308,2.9934,2.9874,62.88,0.00294,0.3,normal
59.52,-17.94567,-19.11806,1.17239,-22.95499,-22.84199,-0.113,2.9987,2.9906,62.84,0.00872,0.3,normal
59.53,-17.62605,-18.86123,1.23519,-22.96981,-22.84195,-0.12786,1.7966,2.9806,62.87,0.00746,0.3,normal
59.54,-17.3032,-18.54246,1.23926,-22.98487,-22.84572,-0.13914,3.0221,3.0,62.96,0.00174,0.3,normal
59.55,-16.97718,-18.22063,1.24346,-23.00017,-22.84201,-0.15816,2.993,3.0,62.78,0.00344,0.3,normal
59.56,-16.64803,-17.91045,1.26242,-23.01572,-22.84526,-0.17046,3.0204,2.9732,62.65,0.00254,0.3,normal
59.57,-16.3158,-17.6021,1.2863,-23.0315,-22.84481,-0.18669,3.0062,2.9979,62.92,0.00233,0.3,normal
59.58,-15.98055,-17.30793,1.32738,-23.04752,-22.85241,-0.19511,2.9924,3.0,62.77,0.00286,0.3,normal
59.59,-15.64233,-17.01254,1.37021,-23.06376,-22.85448,-0.20929,3.008,2.9965,62.79,0.00963,0.3,normal
59.6,-15.30118,-16.66071,1.35952,-23.08024,-22.86567,-0.21456,3.0136,3.0,62.86,0.00914,0.3,normal
59.61,-14.95718,-16.27935,1.32217,-23.09693,-22.86766,-0.22927,3.0093,2.997,62.83,0.00364,0.3,normal
59.62,-14.61036,-15.90964,1.29928,-23.11384,-22.87527,-0.23857,2.9967,3.0,63.06,0.00176,0.3,normal
59.63,-14.2608,-15.53773,1.27694,-23.13096,-22.87634,-0.25462,3.0053,3.0,62.88,0.00171,0.3,normal
59.64,-13.90854,-15.17661,1.26807,-23.14828,-22.88418,-0.2641,3.0094,3.0,63.08,0.00273,0.3,normal
59.65,-13.55364,-14.81444,1.2608,-23.1658,-22.88378,-0.28202,3.0138,3.0,62.94,0.00213,0.3,normal
59.66,-13.19618,-14.46316,1.26698,-23.18351,-22.8861,-0.29741,3.0017,3.0,62.91,0.00125,0.3,normal
59.67,-12.8362,-14.10966,1.27346,-23.2014,-22.88182,-0.31958,2.9922,2.9885,62.95,0.00274,0.3,normal
59.68,-12.47378,-13.76886,1.29509,-23.21946,-22.88275,-0.33671,2.9876,2.9785,62.74,0.0026,0.3,normal
59.69,-12.10896,-13.42733,1.31837,-23.23769,-22.87928,-0.35841,3.0048,2.9938,62.99,0.00132,0.3,normal
59.7,-11.74183,-13.09883,1.357,-23.25607,-22.88522,-0.37085,2.9896,2.9719,63.07,0.00352,0.3,normal
59.71,-11.37245,-12.76777,1.39533,-23.27461,-22.88689,-0.38772,2.9676,2.9838,63.1,0.00245,0.3,normal
59.72,-11.00087,-12.44637,1.4455,-23.29328,-22.89582,-0.39746,2.9987,2.9985,62.75,0.00134,0.3,normal
59.73,-10.62717,-12.12345,1.49628,-23.31207,-22.90114,-0.41093,3.0298,3.0,62.73,0.01623,0.3,normal
59.74,-10.25142,-11.70204,1.45063,-23.33098,-22.91255,-0.41843,2.9957,2.9947,62.89,0.01061,0.3,normal
59.75,-9.87368,-11.24649,1.37281,-23.35,-22.91781,-0.4322,3.0012,3.0,63.18,0.00647,0.3,normal
59.76,-9.49402,-10.84771,1.35368,-23.36911,-22.92752,-0.4416,2.9647,2.9896,63.01,0.00297,0.3,normal
59.77,-9.11253,-10.44865,1.33613,-23.38831,-22.93179,-0.45652,2.983,3.0,62.87,0.00354,0.3,normal
59.78,-8.72925,-10.06188,1.33262,-23.40757,-22.94713,-0.46044,3.011,3.0,62.78,0.00131,0.3,normal
59.79,-8.34428,-9.67405,1.32977,-23.42689,-22.95533,-0.47156,2.9972,2.959,62.9,0.00242,0.3,normal
59.8,-7.95767,-9.2977,1.34002,-23.44626,-22.97046,-0.4758,2.9999,2.9805,62.89,0.00158,0.3,normal
59.81,-7.56951,-8.91585,1.34633,-23.46566,-22.98084,-0.48482,3.0048,2.9938,63.15,0.00071,0.3,normal
59.82,-7.17987,-8.54548,1.36561,-23.48507,-22.99499,-0.49008,2.9799,2.9969,63.17,0.00293,0.3,normal
59.83,-6.78882,-8.17627,1.38745,-23.50449,-23.00175,-0.50274,3.0136,2.9747,62.87,0.00607,0.3,normal
59.84,-6.39644,-7.81762,1.42119,-23.5239,-23.03291,-0.49099,3.0032,3.0,63.14,0.00314,0.3,normal
59.85,-6.0028,-7.45567,1.45287,-23.54328,-23.07025,-0.47303,2.991,2.9983,63.14,0.00244,0.3,normal
59.86,-5.60797,-7.1046,1.49663,-23.56263,-23.11251,-0.45011,2.9957,3.0,62.87,0.00309,0.3,normal
59.87,-5.21205,-6.75248,1.54043,-23.58191,-23.14519,-0.43672,2.9766,3.0,63.04,0.00061,0.3,normal
59.88,-4.81509,-6.40812,1.59302,-23.60112,-23.18344,-0.41768,3.0154,2.9988,63.11,0.00141,0.3,normal
59.89,-4.41719,-6.06399,1.64681,-23.62025,-23.21678,-0.40347,3.0265,3.0,63.08,0.01044,0.3,normal
59.9,-4.01841,-5.63945,1.62104,-23.63926,-23.2553,-0.38397,2.9951,2.9898,62.81,0.01009,0.3,normal
59.91,-3.61884,-5.20376,1.58492,-23.65816,-23.28895,-0.36921,2.9705,2.9955,63.09,0.00244,0.3,normal
59.92,-3.21855,-4.78163,1.56308,-23.67692,-23.33216,-0.34476,2.9968,2.9854,63.18,0.004,0.3,normal
59.93,-2.81763,-4.36057,1.54294,-23.69552,-23.36924,-0.32627,3.0059,2.9987,63.32,0.00214,0.3,normal
59.94,-2.41615,-3.95341,1.53726,-23.71394,-23.41528,-0.29866,3.011,2.9964,62.99,0.002,0.3,normal
59.95,-2.01419,-3.54756,1.53337,-23.73217,-23.45538,-0.27679,2.9896,2.9954,63.02,0.00322,0.3,normal
59.96,-1.61183,-3.15459,1.54276,-23.75019,-23.50009,-0.2501,2.9684,3.0,63.08,0.00216,0.3,normal
59.97,-1.20915,-2.76139,1.55223,-23.76798,-23.53785,-0.23013,3.0051,2.9928,63.16,0.0018,0.3,normal
59.98,-0.80624,-2.38002,1.57379,-23.78552,-23.58028,-0.20525,2.9714,3.0,63.13,0.00311,0.3,normal
59.99,-0.40316,-1.99753,1.59438,-23.80279,-23.61423,-0.18856,2.966,3.0,63.22,0.00222,0.3,normal
