timestamp,azimuth_cmd,azimuth_actual,azimuth_error,pitch_cmd,pitch_actual,pitch_error,azimuth_current,pitch_current,temperature,vibration,mtf,label
0.0,0.0,0.0,0.0,25.08597,25.08597,0.0,0.0,0.0,24.91,0.03548,0.3,degraded
0.01,0.40316,0.09652,0.30664,25.22086,25.02668,0.19419,2.9899,2.9962,25.18,0.01448,0.3,degraded
0.02,0.80624,0.18783,0.61841,25.35316,24.99306,0.3601,3.0042,2.9806,25.02,0.01444,0.3,degraded
0.03,1.20915,0.28331,0.92585,25.48286,24.98734,0.49552,2.9977,1.6116,25.07,0.0415,0.3,degraded
0.04,1.61183,0.44814,1.1637,25.60994,25.06697,0.54298,2.9878,3.0,25.01,0.02993,0.3,degraded
0.05,2.01419,0.64472,1.36947,25.73442,25.15182,0.5826,3.0104,2.995,24.67,0.00607,0.3,degraded
0.06,2.41615,0.90928,1.50687,25.85628,25.2291,0.62718,3.0106,2.9948,24.92,0.0058,0.3,degraded
0.07,2.81763,1.16071,1.65692,25.97552,25.31203,0.66349,3.0049,2.978,25.09,0.00455,0.3,degraded
0.08,3.21855,1.44738,1.77117,26.09213,25.39113,0.701,2.9982,2.9975,25.19,0.01094,0.3,degraded
0.09,3.61884,1.76697,1.85188,26.20612,25.47392,0.7322,2.9919,2.9973,24.9,0.00545,0.3,degraded
0.1,4.01841,2.0915,1.92691,26.31748,25.54719,0.77029,3.022,3.0,25.19,0.00346,0.3,degraded
0.11,4.41719,2.41755,1.99963,26.42622,25.62721,0.79901,2.9854,3.0,25.06,0.01152,0.3,degraded
0.12,4.81509,2.82188,1.99321,26.53233,25.69949,0.83284,2.9957,3.0,25.3,0.00883,0.3,degraded
0.13,5.21205,3.2373,1.97475,26.6358,25.7743,0.8615,3.0023,2.9788,25.29,0.00635,0.3,degraded
0.14,5.60797,3.62859,1.97938,26.73665,25.84134,0.89531,3.0199,2.9884,25.44,0.0048,0.3,degraded
0.15,6.0028,4.00727,1.99552,26.83487,25.91482,0.92005,3.0073,3.0,25.52,0.00697,0.3,degraded
0.16,6.39644,4.35972,2.03672,26.93046,26.0114,0.91907,3.0048,2.9839,25.46,0.00835,0.3,degraded
0.17,6.78882,4.7262,2.06262,27.02343,26.12049,0.90295,3.0097,3.0,25.55,0.00526,0.3,degraded
0.18,7.17987,5.11409,2.06578,27.11378,26.22019,0.8936,3.0068,3.0,25.4,0.0039,0.3,degraded
0.19,7.56951,5.49093,2.07859,27.20151,26.32178,0.87974,2.9889,2.9819,25.91,0.00635,0.3,degraded
0.2,7.95767,5.8416,2.11607,27.28663,26.41629,0.87033,3.0041,3.0,25.33,0.00715,0.3,degraded
0.21,8.34428,6.27111,2.07317,27.36913,26.51422,0.85491,3.032,2.9863,25.47,0.00636,0.3,degraded
0.22,8.72925,6.67792,2.05133,27.44903,26.60677,0.84226,3.0317,2.9976,25.72,0.00496,0.3,degraded
0.23,9.11253,7.07378,2.03874,27.52633,26.70217,0.82416,2.9914,3.0,25.73,0.00471,0.3,degraded
0.24,9.49402,7.44527,2.04876,27.60104,26.79402,0.80702,3.0105,3.0,25.72,0.00421,0.3,degraded
0.25,9.87368,7.80298,2.0707,27.67316,26.89281,0.78034,2.9917,3.0,25.78,0.00558,0.3,degraded
0.26,10.25142,8.19902,2.0524,27.74269,26.98349,0.75921,3.013,2.9953,25.39,0.00649,0.3,degraded
0.27,10.62717,8.60003,2.02714,27.80965,27.07926,0.73039,3.0042,3.0,25.98,0.00368,0.3,degraded
0.28,11.00087,8.97801,2.02286,27.87405,27.16681,0.70725,2.9994,2.9877,25.74,0.00475,0.3,degraded
0.29,11.37245,9.34381,2.02864,27.93589,27.26249,0.67341,3.0039,3.0,25.99,0.00452,0.3,degraded
0.3,11.74183,9.69901,2.04282,27.99519,27.34842,0.64676,2.9968,2.9937,25.53,0.00248,0.3,degraded
0.31,12.10896,10.09054,2.01842,28.05194,27.44208,0.60985,2.9936,2.9888,25.9,0.00536,0.3,degraded
0.32,12.47378,10.45526,2.01851,28.10616,27.53055,0.57561,3.0253,3.0,25.81,0.00592,0.3,degraded
0.33,12.8362,10.80884,2.02736,28.15787,27.6242,0.53367,3.0027,3.0,26.01,0.00797,0.3,degraded
0.34,13.19618,11.22825,1.96793,28.20707,27.71008,0.49699,2.9917,2.988,26.01,0.00864,0.3,degraded
0.35,13.55364,11.65863,1.89501,28.25378,27.80215,0.45163,3.0,2.9864,26.05,0.00575,0.3,degraded
0.36,13.90854,12.06477,1.84376,28.298,27.88643,0.41157,2.9932,3.0,25.87,0.00427,0.3,degraded
0.37,14.2608,12.45904,1.80175,28.33975,27.97645,0.3633,3.0236,2.9911,26.05,0.00467,0.3,degraded
0.38,14.61036,12.82928,1.78108,28.37904,28.05964,0.3194,3.0022,3.0,26.07,0.00582,0.3,degraded
0.39,14.95718,13.18426,1.77292,28.41589,28.15065,0.26524,2.9953,2.9871,26.2,0.0047,0.3,degraded
0.4,15.30118,13.51127,1.78992,28.45031,28.2373,0.21301,3.0038,2.9913,26.3,0.00486,0.3,degraded
0.41,15.64233,13.82589,1.81644,28.48231,28.33286,0.14944,2.9986,2.9943,26.2,0.00865,0.3,degraded
0.42,15.98055,14.15884,1.82171,28.51191,28.42289,0.08901,3.0134,2.9951,26.02,0.00725,0.3,degraded
0.43,16.3158,14.53647,1.77933,28.53912,28.51869,0.02043,3.0225,2.9966,26.26,0.00449,0.3,degraded
0.44,16.64803,14.89192,1.75611,28.56396,28.60936,-0.0454,2.9804,2.9817,26.66,0.00588,0.3,degraded
0.45,16.97718,15.23652,1.74066,28.58644,28.70919,-0.12274,3.0073,3.0,26.55,0.00656,0.3,degraded
0.46,17.3032,15.5564,1.7468,28.60659,28.79002,-0.18343,2.9774,2.9968,25.88,0.00978,0.3,degraded
0.47,17.62605,15.8613,1.76474,28.62442,28.85293,-0.22851,2.9967,3.0,26.37,0.01607,0.3,degraded
0.48,17.94567,16.22776,1.71791,28.63994,28.8948,-0.25486,2.9992,2.9964,26.53,0.01186,0.3,degraded
0.49,18.26202,16.63926,1.62276,28.65318,28.94235,-0.28917,3.0218,2.9853,26.4,0.00382,0.3,degraded
0.5,18.57506,17.02392,1.55114,28.66414,28.98285,-0.31871,3.0102,2.9946,26.39,0.00586,0.3,degraded
0.51,18.88474,17.39756,1.48718,28.67286,29.02827,-0.35541,3.0151,3.0,26.46,0.00703,0.3,degraded
0.52,19.19102,17.74832,1.4427,28.67935,29.04617,-0.36682,2.9755,3.0,26.61,0.00617,0.3,degraded
0.53,19.49386,18.08709,1.40677,28.68362,29.06775,-0.38413,2.9996,3.0,26.39,0.0051,0.3,degraded
0.54,19.79322,18.40153,1.39168,28.68571,29.08607,-0.40036,3.0166,2.9941,26.77,0.00829,0.3,degraded
0.55,20.08905,18.70564,1.38342,28.68562,29.1012,-0.41559,3.0221,2.9922,26.62,0.00739,0.3,degraded
0.56,20.38134,18.98812,1.39322,28.68338,29.07792,-0.39454,3.0147,3.0,26.52,0.00506,0.3,degraded
0.57,20.67003,19.26209,1.40793,28.67901,29.06282,-0.38381,3.0241,3.0,26.86,0.00544,0.3,degraded
0.58,20.95509,19.51076,1.44433,28.67253,29.04,-0.36747,3.0101,3.0,26.49,0.00434,0.3,degraded
0.59,21.2365,19.74665,1.48985,28.66396,29.02298,-0.35903,2.9934,3.0,26.67,0.00495,0.3,degraded
0.6,21.51422,20.01597,1.49825,28.65332,28.99997,-0.34665,3.0158,2.9953,26.69,0.00523,0.3,degraded
0.61,21.78822,20.28526,1.50296,28.64064,28.9809,-0.34026,3.0007,2.9765,27.13,0.00469,0.3,degraded
0.62,22.05847,20.52642,1.53205,28.62594,28.95398,-0.32804,2.9988,2.9997,26.74,0.00409,0.3,degraded
0.63,22.32495,20.80768,1.51727,28.60924,28.93293,-0.32369,2.9886,2.9762,26.55,0.00537,0.3,degraded
0.64,22.58763,21.07782,1.50981,28.59056,28.90832,-0.31776,2.995,3.0,26.82,0.00399,0.3,degraded
0.65,22.84649,21.33638,1.51011,28.56993,28.89153,-0.32161,3.006,2.9877,27.0,0.00792,0.3,degraded
0.66,23.1015,21.59148,1.51002,28.54737,28.87099,-0.32363,2.997,3.0,27.09,0.00853,0.3,degraded
0.67,23.35265,21.91274,1.43991,28.5229,28.85486,-0.33197,3.0009,2.9789,27.34,0.00502,0.3,degraded
0.68,23.59992,22.20809,1.39183,28.49655,28.82899,-0.33244,3.0103,3.0,27.25,0.00561,0.3,degraded
0.69,23.84329,22.48929,1.35399,28.46834,28.81035,-0.34201,2.991,3.0,27.09,0.00671,0.3,degraded
0.7,24.08273,22.74395,1.33878,28.4383,28.78411,-0.34582,3.0082,3.0,26.96,0.00376,0.3,degraded
0.71,24.31825,22.99004,1.3282,28.40645,28.76515,-0.3587,2.9839,2.9863,27.37,0.00404,0.3,degraded
0.72,24.54982,23.21198,1.33784,28.37281,28.7398,-0.36699,3.0105,3.0,27.1,0.00782,0.3,degraded
0.73,24.77743,23.43944,1.338,28.33742,28.72086,-0.38344,2.99,2.9833,27.09,0.00617,0.3,degraded
0.74,25.00108,23.71569,1.28539,28.30029,28.69223,-0.39194,2.9836,3.0,27.16,0.00518,0.3,degraded
0.75,25.22075,23.97683,1.24392,28.26146,28.67032,-0.40886,2.9843,3.0,27.06,0.00625,0.3,degraded
0.76,25.43645,24.21452,1.22192,28.22094,28.63993,-0.41899,2.9952,2.9662,27.21,0.0043,0.3,degraded
0.77,25.64815,24.44076,1.20739,28.17877,28.61981,-0.44103,2.9993,2.9699,27.27,0.00546,0.3,degraded
0.78,25.85587,24.63885,1.21702,28.13497,28.59598,-0.46101,2.9913,3.0,27.44,0.01327,0.3,degraded
0.79,26.05959,24.85168,1.20791,28.08957,28.51731,-0.42774,3.0132,3.0,27.31,0.01218,0.3,degraded
0.8,26.25932,25.08418,1.17514,28.04259,28.41734,-0.37475,3.0166,3.0,27.21,0.004,0.3,degraded
0.81,26.45506,25.30529,1.14978,27.99406,28.32513,-0.33108,3.0141,2.9974,27.19,0.00557,0.3,degraded
0.82,26.64681,25.50292,1.14389,27.944,28.22601,-0.282,2.9902,2.9964,27.49,0.00497,0.3,degraded
0.83,26.83458,25.68861,1.14597,27.89245,28.13009,-0.23764,3.0065,2.9806,27.5,0.00883,0.3,degraded
0.84,27.01837,25.92228,1.09609,27.83943,28.02758,-0.18815,2.9877,2.9972,27.45,0.01082,0.3,degraded
0.85,27.19818,26.19496,1.00322,27.78496,27.93264,-0.14768,2.9915,2.9953,27.49,0.00538,0.3,degraded
0.86,27.37403,26.44197,0.93206,27.72909,27.8317,-0.10261,2.9916,2.9898,27.66,0.00412,0.3,degraded
0.87,27.54593,26.67656,0.86937,27.67182,27.73731,-0.06549,2.981,3.0,27.84,0.00526,0.3,degraded
0.88,27.71388,26.88832,0.82557,27.61319,27.63696,-0.02377,2.9898,3.0,27.55,0.00529,0.3,degraded
0.89,27.87791,27.08862,0.78929,27.55323,27.54374,0.00948,2.968,3.0,27.71,0.00365,0.3,degraded
0.9,28.03802,27.26374,0.77428,27.49196,27.44439,0.04756,3.0137,2.9926,27.87,0.00574,0.3,degraded
0.91,28.19424,27.42549,0.76875,27.42941,27.35271,0.0767,2.993,3.0,27.63,0.00971,0.3,degraded
0.92,28.34658,27.5625,0.78408,27.36561,27.26486,0.10075,2.9975,2.9918,27.77,0.0074,0.3,degraded
0.93,28.49505,27.68719,0.80787,27.30059,27.21172,0.08887,3.0256,2.9932,27.79,0.0053,0.3,degraded
0.94,28.63969,27.79101,0.84868,27.23437,27.15115,0.08322,3.0143,3.0,27.63,0.00638,0.3,degraded
0.95,28.78051,27.96795,0.81256,27.16699,27.09712,0.06986,2.997,3.0,27.87,0.00512,0.3,degraded
0.96,28.91753,28.12021,0.79732,27.09846,27.03524,0.06322,3.0076,2.9972,27.88,0.00481,0.3,degraded
0.97,29.05079,28.26076,0.79003,27.02882,26.97837,0.05046,3.0097,2.9999,27.98,0.00581,0.3,degraded
0.98,29.1803,28.37875,0.80155,26.9581,26.91331,0.04479,2.9953,2.9972,27.75,0.00142,0.3,degraded
0.99,29.30609,28.49243,0.81367,26.88632,26.85774,0.02858,3.0049,3.0,27.95,0.00204,0.3,degraded
1.0,29.4282,28.60548,0.82273,26.81351,26.79795,0.01555,3.0104,3.0,28.18,0.00803,0.3,degraded
1.01,29.54666,28.76331,0.78335,26.73969,26.74426,-0.00457,2.9835,2.9933,28.31,0.0065,0.3,degraded
1.02,29.66149,28.93486,0.72662,26.6649,26.68481,-0.0199,3.0191,2.9954,28.22,0.00466,0.3,degraded
1.03,29.77273,29.09404,0.67869,26.58917,26.62957,-0.04041,3.0085,3.0,27.88,0.00648,0.3,degraded
1.04,29.88041,29.22536,0.65505,26.51251,26.56439,-0.05188,2.9813,2.9989,28.14,0.00485,0.3,degraded
1.05,29.98457,29.34217,0.64241,26.43496,26.50714,-0.07218,2.9759,2.9889,28.03,0.00386,0.3,degraded
1.06,30.08525,29.4367,0.64855,26.35654,26.44613,-0.08959,3.0258,2.9831,28.17,0.00344,0.3,degraded
1.07,30.18248,29.53451,0.64797,26.27729,26.39397,-0.11669,2.98,3.0,28.03,0.00146,0.3,degraded
1.08,30.27631,29.6239,0.65241,26.19722,26.33535,-0.13813,2.9929,3.0,27.91,0.00084,0.3,degraded
1.09,30.36677,29.71674,0.65003,26.11637,26.28094,-0.16457,3.0042,2.9772,28.14,0.00265,0.3,degraded
1.1,30.45392,29.8026,0.65132,26.03476,26.22087,-0.18611,3.0073,2.9767,28.32,0.00122,0.3,degraded
1.11,30.53778,29.89315,0.64463,25.95242,26.16713,-0.21471,2.9975,2.9721,28.28,0.00068,0.3,degraded
1.12,30.6184,29.97816,0.64024,25.86938,26.10898,-0.2396,2.9949,3.0,28.32,0.00271,0.3,degraded
1.13,30.69584,30.07116,0.62468,25.78565,26.05707,-0.27141,3.0051,3.0,28.31,0.00199,0.3,degraded
1.14,30.77013,30.15757,0.61256,25.70128,25.99404,-0.29276,3.0007,2.9933,28.36,0.00136,0.3,degraded
1.15,30.84133,30.24777,0.59355,25.61627,25.93567,-0.31939,2.9996,3.0,28.4,0.00319,0.3,degraded
1.16,30.90948,30.32642,0.58305,25.53067,25.87097,-0.3403,3.0059,3.0,28.3,0.00256,0.3,degraded
1.17,30.97463,30.40821,0.56642,25.44449,25.81412,-0.36962,3.0117,2.996,28.38,0.00088,0.3,degraded
1.18,31.03683,30.48096,0.55587,25.35776,25.75237,-0.3946,3.0263,2.9975,28.65,0.00187,0.3,degraded
1.19,31.09615,30.5618,0.53434,25.27051,25.69649,-0.42597,2.9978,3.0,28.43,0.00258,0.3,degraded
1.2,31.15262,30.63898,0.51364,25.18276,25.63143,-0.44867,2.9986,3.0,28.44,0.00069,0.3,degraded
1.21,31.2063,30.72383,0.48247,25.09454,25.57165,-0.47711,2.9947,3.0,28.47,0.00208,0.3,degraded
1.22,31.25725,30.80242,0.45483,25.00587,25.50611,-0.50024,2.9793,3.0,28.44,0.0016,0.3,degraded
1.23,31.30552,30.88814,0.41738,24.91677,25.44753,-0.53076,2.9916,2.9958,28.43,0.00049,0.3,degraded
1.24,31.35118,30.96852,0.38266,24.82727,25.38401,-0.55674,2.9947,3.0,28.55,0.00199,0.3,degraded
1.25,31.39426,31.05125,0.34301,24.7374,25.32524,-0.58785,2.9752,2.99,28.47,0.00232,0.3,degraded
1.26,31.43485,31.12522,0.30962,24.64717,25.2595,-0.61233,2.9907,3.0,28.54,0.00029,0.3,degraded
1.27,31.47298,31.20588,0.2671,24.55661,25.19866,-0.64205,2.9919,3.0,28.47,0.00172,0.3,degraded
1.28,31.50873,31.27941,0.22932,24.46575,25.12896,-0.66321,3.0018,3.0,28.62,0.00171,0.3,degraded
1.29,31.54215,31.35752,0.18463,24.3746,25.06497,-0.69037,3.0094,2.9983,28.72,0.0,0.3,degraded
1.3,31.57331,31.43136,0.14195,24.28319,24.99508,-0.71189,3.0115,2.9941,28.62,0.00106,0.3,degraded
1.31,31.60226,31.51047,0.09179,24.19155,24.93137,-0.73983,3.0175,3.0,28.37,0.0024,0.3,degraded
1.32,31.62908,31.58294,0.04614,24.09968,24.86274,-0.76305,3.0135,3.0,28.78,0.00077,0.3,degraded
1.33,31.65381,31.66237,-0.00856,24.00762,24.80244,-0.79482,2.9878,3.0,28.73,0.00117,0.3,degraded
1.34,31.67653,31.73477,-0.05824,23.91539,24.73648,-0.82108,2.975,3.0,28.59,0.00271,0.3,degraded
1.35,31.6973,31.81001,-0.11271,23.82301,24.67738,-0.85437,3.0186,2.9981,28.88,0.00043,0.3,degraded
1.36,31.71618,31.87846,-0.16228,23.7305,24.61451,-0.88401,2.9986,3.0,28.57,0.00131,0.3,degraded
1.37,31.73324,31.95353,-0.22028,23.63787,24.55907,-0.92119,2.9978,2.9948,28.96,0.00809,0.3,degraded
1.38,31.74855,31.96723,-0.21868,23.54516,24.49727,-0.95211,2.9844,2.9999,28.81,0.00618,0.3,degraded
1.39,31.76217,31.98205,-0.21988,23.45237,24.44185,-0.98948,3.0077,2.989,28.5,0.00333,0.3,degraded
1.4,31.77417,31.9934,-0.21923,23.35954,24.36976,-1.01022,3.0062,2.9881,28.88,0.00537,0.3,degraded
1.41,31.78461,32.01345,-0.22883,23.26667,24.29132,-1.02465,2.9876,3.0,28.81,0.00074,0.3,degraded
1.42,31.79357,32.02552,-0.23195,23.17379,24.20514,-1.03136,2.9947,2.9907,28.81,0.00108,0.3,degraded
1.43,31.8011,32.04195,-0.24085,23.08091,24.12628,-1.04537,2.9918,2.9771,28.8,0.00457,0.3,degraded
1.44,31.80729,32.05476,-0.24747,22.98805,24.01816,-1.03011,3.0114,2.9766,28.91,0.00303,0.3,degraded
1.45,31.81218,32.07521,-0.26302,22.89524,23.91967,-1.02443,3.0093,3.0,28.88,0.0002,0.3,degraded
1.46,31.81587,32.08812,-0.27225,22.80249,23.81265,-1.01017,3.0122,3.0,28.7,0.00197,0.3,degraded
1.47,31.8184,32.10948,-0.29108,22.70981,23.71151,-1.00171,3.0242,3.0,29.19,0.00164,0.3,degraded
1.48,31.81986,32.1254,-0.30554,22.61722,23.60671,-0.98949,2.9976,2.9907,28.98,0.00026,0.3,degraded
1.49,31.8203,32.14865,-0.32835,22.52474,23.50774,-0.98301,2.9891,3.0,28.93,0.00564,0.3,degraded
1.5,31.81981,32.15824,-0.33844,22.43238,23.40347,-0.97109,2.4777,2.9773,28.88,0.00516,0.3,degraded
1.51,31.81844,32.14474,-0.3263,22.34016,23.30624,-0.96608,2.9923,3.0,29.19,0.00049,0.3,degraded
1.52,31.81627,32.12146,-0.3052,22.2481,23.20266,-0.95456,2.995,3.0,28.89,0.00241,0.3,degraded
1.53,31.81336,32.10446,-0.2911,22.1562,23.10289,-0.94669,2.9863,2.9932,29.13,0.00097,0.3,degraded
1.54,31.80979,32.08025,-0.27046,22.06449,22.9962,-0.93171,3.0133,3.0,29.04,0.00018,0.3,degraded
1.55,31.80562,32.06166,-0.25604,21.97297,22.897,-0.92403,2.9882,3.0,29.06,0.00194,0.3,degraded
1.56,31.80092,32.03697,-0.23605,21.88166,22.78961,-0.90795,2.9992,3.0,29.0,0.0019,0.3,degraded
1.57,31.79577,32.01735,-0.22158,21.79058,22.68861,-0.89803,2.99,2.9993,29.09,0.0,0.3,degraded
1.58,31.79022,31.98951,-0.19929,21.69973,22.58217,-0.88244,3.0182,3.0,29.2,0.0017,0.3,degraded
1.59,31.78435,31.96823,-0.18388,21.60912,22.48299,-0.87386,3.0158,2.989,29.25,0.00148,0.3,degraded
1.6,31.77822,31.94166,-0.16343,21.51878,22.37719,-0.85841,2.9994,3.0,29.11,0.00023,0.3,degraded
1.61,31.77191,31.91977,-0.14786,21.4287,22.27588,-0.84718,2.9937,3.0,29.24,0.00252,0.3,degraded
1.62,31.76548,31.89606,-0.13058,21.33891,22.16801,-0.8291,3.0037,2.9992,29.4,0.00262,0.3,degraded
1.63,31.75899,31.88424,-0.12524,21.2494,22.06675,-0.81734,2.9815,2.9968,29.04,0.0,0.3,degraded
1.64,31.75252,31.86485,-0.11233,21.1602,21.96065,-0.80046,2.9872,2.9889,29.3,0.00131,0.3,degraded
1.65,31.74613,31.85195,-0.10582,21.0713,21.86223,-0.79092,2.9948,2.9758,29.18,0.00205,0.3,degraded
1.66,31.73989,31.83527,-0.09539,20.98273,21.76077,-0.77805,2.9914,3.0,29.18,0.00026,0.3,degraded
1.67,31.73386,31.82575,-0.09189,20.89448,21.66456,-0.77008,2.9969,2.9908,29.4,0.00171,0.3,degraded
1.68,31.7281,31.81155,-0.08345,20.80656,21.56446,-0.7579,3.0106,2.9868,29.3,0.00204,0.3,degraded
1.69,31.72268,31.80505,-0.08236,20.71899,21.47239,-0.7534,2.9946,2.9817,29.21,0.00042,0.3,degraded
1.7,31.71768,31.79074,-0.07307,20.63177,21.3727,-0.74093,2.9898,2.9569,29.61,0.00123,0.3,degraded
1.71,31.71313,31.78113,-0.06799,20.54491,21.27944,-0.73453,2.9966,2.9898,29.57,0.002,0.3,degraded
1.72,31.70912,31.76482,-0.0557,20.4584,21.1808,-0.72239,3.0162,3.0,29.16,0.0005,0.3,degraded
1.73,31.70571,31.75491,-0.04921,20.37227,21.08746,-0.71519,2.9953,3.0,29.25,0.00121,0.3,degraded
1.74,31.70295,31.73391,-0.03096,20.28651,20.98771,-0.7012,3.0028,2.9824,29.58,0.00341,0.3,degraded
1.75,31.7009,31.71637,-0.01547,20.20113,20.89375,-0.69261,3.0126,2.9904,29.46,0.00091,0.3,degraded
1.76,31.69963,31.69057,0.00906,20.11613,20.79236,-0.67623,2.995,3.0,29.75,0.0005,0.3,degraded
1.77,31.6992,31.6706,0.0286,20.03152,20.69661,-0.66509,3.0321,2.9759,29.63,0.00192,0.3,degraded
1.78,31.69965,31.64447,0.05518,19.9473,20.59443,-0.64713,2.9984,3.0,29.6,0.00118,0.3,degraded
1.79,31.70106,31.62462,0.07645,19.86347,20.49874,-0.63526,2.996,3.0,29.42,0.00071,0.3,degraded
1.8,31.70348,31.60171,0.10178,19.78004,20.39792,-0.61788,2.9884,3.0,29.67,0.00124,0.3,degraded
1.81,31.70697,31.58591,0.12106,19.69701,20.30289,-0.60588,3.0114,2.9962,29.42,0.00159,0.3,degraded
1.82,31.71157,31.56407,0.1475,19.61438,20.20361,-0.58923,3.0316,2.9935,29.82,0.00061,0.3,degraded
1.83,31.71735,31.54986,0.16748,19.53214,20.11443,-0.58229,2.9915,2.9985,29.71,0.00248,0.3,degraded
1.84,31.72435,31.52646,0.19789,19.45031,20.01991,-0.56959,2.9832,2.9961,29.54,0.00205,0.3,degraded
1.85,31.73263,31.50824,0.22439,19.36889,19.92935,-0.56046,3.0063,3.0,29.8,0.00017,0.3,degraded
1.86,31.74225,31.48304,0.25921,19.28786,19.8317,-0.54384,2.9895,2.9847,30.03,0.0024,0.3,degraded
1.87,31.75325,31.46414,0.28911,19.20723,19.74258,-0.53535,2.9899,2.9882,29.68,0.00183,0.3,degraded
1.88,31.76567,31.43807,0.3276,19.127,19.64864,-0.52164,2.9928,3.0,29.81,0.00566,0.3,degraded
1.89,31.77958,31.47488,0.3047,19.04718,19.56375,-0.51657,2.9841,2.9948,29.69,0.00698,0.3,degraded
1.9,31.79502,31.50403,0.29099,18.96774,19.47078,-0.50304,3.006,3.0,29.79,0.00201,0.3,degraded
1.91,31.81202,31.53763,0.2744,18.88871,19.38447,-0.49576,2.9987,3.0,29.57,0.0,0.3,degraded
1.92,31.83065,31.56643,0.26422,18.81006,19.289,-0.47894,3.0124,3.0,29.81,0.00232,0.3,degraded
1.93,31.85094,31.60653,0.2444,18.7318,19.19943,-0.46763,2.9896,2.9927,29.84,0.00266,0.3,degraded
1.94,31.87293,31.64294,0.22999,18.65393,19.10404,-0.45012,2.9881,2.9997,30.13,0.0,0.3,degraded
1.95,31.89667,31.68602,0.21065,18.57643,19.01293,-0.4365,3.0029,2.9863,29.61,0.00123,0.3,degraded
1.96,31.9222,31.72312,0.19908,18.49931,18.91695,-0.41764,2.9827,3.0,29.86,0.00215,0.3,degraded
1.97,31.94955,31.76539,0.18416,18.42256,18.82961,-0.40705,3.0001,2.999,30.11,0.00076,0.3,degraded
1.98,31.97877,31.80138,0.17739,18.34617,18.73528,-0.3891,3.0082,3.0,29.91,0.00107,0.3,degraded
1.99,32.00989,31.84363,0.16625,18.27014,18.64662,-0.37648,2.9918,2.9944,29.94,0.00192,0.3,degraded
2.0,32.04294,31.87868,0.16426,18.19447,18.55102,-0.35655,3.0002,3.0,29.86,0.00011,0.3,degraded
2.01,32.07796,31.91923,0.15874,18.11914,18.46034,-0.34121,2.9926,3.0,29.86,0.00125,0.3,degraded
2.02,32.11499,31.95346,0.16153,18.04415,18.3659,-0.32176,2.9898,2.9918,29.75,0.0028,0.3,degraded
2.03,32.15406,31.99332,0.16074,17.96949,18.2808,-0.31132,2.9694,3.0,29.95,0.00019,0.3,degraded
2.04,32.19518,32.02535,0.16983,17.89515,18.18771,-0.29256,2.9946,3.0,29.92,0.00122,0.3,degraded
2.05,32.23841,32.0643,0.1741,17.82112,18.09986,-0.27874,3.0031,2.9903,30.11,0.00242,0.3,degraded
2.06,32.28375,32.09754,0.18621,17.7474,18.00831,-0.2609,3.0065,3.0,29.99,0.00107,0.3,degraded
2.07,32.33124,32.13612,0.19512,17.67398,17.92373,-0.24975,3.0237,2.9884,30.06,0.00108,0.3,degraded
2.08,32.38091,32.16669,0.21422,17.60084,17.83539,-0.23454,2.994,3.0,30.08,0.00272,0.3,degraded
2.09,32.43276,32.20199,0.23077,17.52799,17.75344,-0.22546,3.0133,2.9925,30.16,0.00088,0.3,degraded
2.1,32.48684,32.22862,0.25822,17.45539,17.66589,-0.2105,2.996,3.0,30.11,0.00103,0.3,degraded
2.11,32.54316,32.25932,0.28384,17.38306,17.58227,-0.19922,3.0016,2.9881,30.05,0.00267,0.3,degraded
2.12,32.60173,32.28821,0.31352,17.31096,17.49348,-0.18251,3.0073,3.0,30.24,0.00112,0.3,degraded
2.13,32.66258,32.32335,0.33923,17.2391,17.41354,-0.17444,2.9947,3.0,30.41,0.00089,0.3,degraded
2.14,32.72571,32.34783,0.37789,17.16747,17.32657,-0.1591,3.0068,2.988,30.29,0.0022,0.3,degraded
2.15,32.79116,32.37845,0.4127,17.09604,17.24705,-0.15101,3.0,2.9944,30.2,0.00122,0.3,degraded
2.16,32.85892,32.40266,0.45626,17.0248,17.16219,-0.13738,2.9995,2.9959,30.29,0.00215,0.3,degraded
2.17,32.92901,32.43694,0.49207,16.95376,17.08616,-0.1324,3.0066,2.9996,30.02,0.00332,0.3,degraded
2.18,33.00145,32.47684,0.52461,16.88288,17.00231,-0.11943,3.017,3.0,30.33,0.00157,0.3,degraded
2.19,33.07623,32.52482,0.55141,16.81216,16.92288,-0.11072,3.015,3.0,30.31,0.00327,0.3,degraded
2.2,33.15337,32.59504,0.55833,16.74158,16.83649,-0.09491,2.9928,3.0,30.26,0.00502,0.3,degraded
2.21,33.23287,32.67348,0.5594,16.67113,16.75625,-0.08511,2.9958,3.0,30.31,0.00213,0.3,degraded
2.22,33.31474,32.74982,0.56492,16.6008,16.66745,-0.06665,2.9961,3.0,30.38,0.00072,0.3,degraded
2.23,33.39898,32.83615,0.56283,16.53057,16.5847,-0.05413,2.9875,3.0,30.61,0.00197,0.3,degraded
2.24,33.4856,32.91648,0.56912,16.46042,16.49985,-0.03944,3.0005,2.9841,30.65,0.00206,0.3,degraded
2.25,33.57458,33.00222,0.57236,16.39034,16.42095,-0.03061,3.0168,3.0,30.37,1e-05,0.3,degraded
2.26,33.66593,33.08287,0.58306,16.32031,16.33675,-0.01644,2.9779,3.0,30.46,0.00156,0.3,degraded
2.27,33.75965,33.17015,0.5895,16.25033,16.25953,-0.0092,3.0034,2.9925,30.48,0.00193,0.3,degraded
2.28,33.85573,33.25111,0.60462,16.18036,16.1801,0.00026,2.9684,3.0,30.7,0.00052,0.3,degraded
2.29,33.95416,33.33682,0.61734,16.1104,16.10991,0.0005,3.0085,2.9796,30.63,0.00151,0.3,degraded
2.3,34.05494,33.41739,0.63755,16.04043,16.03396,0.00647,2.9908,2.9801,30.64,0.00236,0.3,degraded
2.31,34.15806,33.50641,0.65166,15.97043,15.96533,0.0051,2.991,3.0,30.73,0.00295,0.3,degraded
2.32,34.26351,33.5944,0.66911,15.90038,15.89117,0.00922,2.9942,2.9989,30.58,0.00221,0.3,degraded
2.33,34.37127,33.7001,0.67117,15.83028,15.82503,0.00524,2.9951,2.9858,30.9,0.00369,0.3,degraded
2.34,34.48134,33.79068,0.69066,15.76009,15.75609,0.004,3.0022,3.0,30.72,0.00856,0.3,degraded
2.35,34.59369,33.90548,0.68821,15.6898,15.69993,-0.01013,2.9776,3.0,30.62,0.0076,0.3,degraded
2.36,34.70831,34.052,0.6563,15.61939,15.65306,-0.03367,3.0166,3.0,30.74,0.00579,0.3,degraded
2.37,34.82518,34.18506,0.64012,15.54885,15.61135,-0.0625,2.9908,3.0,30.98,0.00439,0.3,degraded
2.38,34.94428,34.29397,0.65031,15.47816,15.5619,-0.08374,2.9989,2.986,30.75,0.00371,0.3,degraded
2.39,35.06559,34.39554,0.67005,15.4073,15.51843,-0.11114,3.0141,3.0,30.98,0.00237,0.3,degraded
2.4,35.18909,34.4961,0.69299,15.33624,15.46758,-0.13133,3.0356,3.0,30.77,0.00551,0.3,degraded
2.41,35.31476,34.62553,0.68922,15.26498,15.42004,-0.15507,2.9866,3.0,30.77,0.00175,0.3,degraded
2.42,35.44256,34.74975,0.69281,15.19348,15.36556,-0.17208,2.9938,2.9907,31.01,0.00386,0.3,degraded
2.43,35.57247,34.86453,0.70794,15.12174,15.31728,-0.19555,3.0067,3.0,30.8,0.01388,0.3,degraded
2.44,35.70447,34.9987,0.70577,15.04973,15.2615,-0.21178,3.0038,2.9986,31.09,0.01131,0.3,degraded
2.45,35.83852,35.23668,0.60184,14.97743,15.21274,-0.23532,2.9924,2.9965,31.05,0.00598,0.3,degraded
2.46,35.9746,35.44891,0.52569,14.90482,15.15869,-0.25387,2.9977,2.9903,30.89,0.0052,0.3,degraded
2.47,36.11266,35.65001,0.46265,14.83189,15.11216,-0.28027,2.9984,2.995,31.04,0.00413,0.3,degraded
2.48,36.25269,35.82753,0.42516,14.75861,15.05951,-0.3009,3.005,2.9871,31.0,0.00506,0.3,degraded
2.49,36.39463,35.996,0.39863,14.68496,15.01452,-0.32956,3.0074,3.0,31.16,0.00418,0.3,degraded
2.5,36.53846,36.14305,0.39541,14.61092,14.96207,-0.35115,2.9876,2.9907,31.42,0.00396,0.3,degraded
2.51,36.68413,36.27994,0.4042,14.53648,14.91541,-0.37893,2.9761,3.0,31.1,0.00548,0.3,degraded
2.52,36.83162,36.39175,0.43987,14.46161,14.86145,-0.39985,3.0027,2.9917,31.26,0.00446,0.3,degraded
2.53,36.98087,36.49367,0.4872,14.38629,14.81286,-0.42657,2.9932,3.0,31.2,0.00168,0.3,degraded
2.54,37.13185,36.58371,0.54814,14.3105,14.75757,-0.44707,3.0025,2.9987,31.23,0.00214,0.3,degraded
2.55,37.28451,36.68074,0.60377,14.23422,14.70896,-0.47474,2.9926,2.9815,31.22,0.00216,0.3,degraded
2.56,37.43881,36.77297,0.66585,14.15743,14.65667,-0.49924,2.9947,2.9932,31.14,0.00038,0.3,degraded
2.57,37.59471,36.8703,0.7244,14.08011,14.6112,-0.53109,3.006,3.0,31.34,0.01192,0.3,degraded
2.58,37.75215,36.98336,0.76879,14.00224,14.55911,-0.55686,3.0128,3.0,31.27,0.01031,0.3,degraded
2.59,37.91109,37.17275,0.73834,13.9238,14.51393,-0.59014,2.9991,3.0,31.21,0.00337,0.3,degraded
2.6,38.07148,37.33935,0.73213,13.84476,14.46343,-0.61867,3.0116,2.9981,31.52,0.00517,0.3,degraded
2.61,38.23328,37.49506,0.73822,13.76511,14.4218,-0.65668,3.0157,3.0,31.41,0.00498,0.3,degraded
2.62,38.39642,37.62676,0.76966,13.68483,14.36969,-0.68486,2.9962,3.0,31.39,0.00453,0.3,degraded
2.63,38.56086,37.743,0.81786,13.60389,14.32452,-0.72062,3.0115,2.9893,31.64,0.00134,0.3,degraded
2.64,38.72655,37.87788,0.84867,13.52228,14.27515,-0.75287,2.9902,3.0,31.19,0.0051,0.3,degraded
2.65,38.89343,38.00935,0.88408,13.43997,14.23341,-0.79345,3.005,3.0,31.68,0.00341,0.3,degraded
2.66,39.06144,38.15768,0.90376,13.35694,14.18656,-0.82962,3.0059,2.9946,31.39,0.00241,0.3,degraded
2.67,39.23053,38.31487,0.91566,13.27318,14.14625,-0.87307,3.0118,2.9898,31.57,0.00446,0.3,degraded
2.68,39.40064,38.45258,0.94806,13.18866,14.09848,-0.90981,2.995,3.0,31.48,0.00266,0.3,degraded
2.69,39.57171,38.62559,0.94612,13.10336,14.05528,-0.95192,2.9938,3.0,31.46,0.00199,0.3,degraded
2.7,39.74369,38.78212,0.96157,13.01727,14.00491,-0.98764,3.0024,3.0,31.82,0.00817,0.3,degraded
2.71,39.91652,38.96512,0.95139,12.93036,13.94572,-1.01537,2.9966,2.977,31.93,0.00551,0.3,degraded
2.72,40.09012,39.15046,0.93966,12.8426,13.86723,-1.02463,3.0078,2.9913,31.65,0.00429,0.3,degraded
2.73,40.26445,39.3238,0.94065,12.75399,13.79712,-1.04313,2.9698,3.0,31.76,0.0061,0.3,degraded
2.74,40.43944,39.47239,0.96705,12.66451,13.72055,-1.05604,3.0253,3.0,31.74,0.00193,0.3,degraded
2.75,40.61502,39.65206,0.96296,12.57412,13.64573,-1.07161,3.01,2.9779,32.02,0.00246,0.3,degraded
2.76,40.79113,39.80892,0.98221,12.48282,13.55219,-1.06937,2.9872,2.9961,31.47,0.00858,0.3,degraded
2.77,40.96771,40.02398,0.94373,12.39058,13.46593,-1.07534,2.9862,2.9938,31.88,0.00541,0.3,degraded
2.78,41.14469,40.23246,0.91224,12.29739,13.3721,-1.07471,3.002,3.0,31.74,0.0069,0.3,degraded
2.79,41.32201,40.42572,0.89628,12.20322,13.27174,-1.06852,2.999,2.9804,31.53,0.0069,0.3,degraded
2.8,41.49959,40.5937,0.90589,12.10805,13.16012,-1.05207,2.9984,2.9986,31.86,0.00612,0.3,degraded
2.81,41.67738,40.74943,0.92795,12.01188,13.05801,-1.04614,3.0002,2.9726,32.22,0.00121,0.3,degraded
2.82,41.85529,40.91368,0.94161,11.91467,12.95124,-1.03657,2.9832,2.9888,31.87,0.00205,0.3,degraded
2.83,42.03327,41.07378,0.95949,11.81641,12.85229,-1.03588,2.9874,3.0,32.12,0.00729,0.3,degraded
2.84,42.21125,41.28989,0.92136,11.71709,12.7486,-1.03151,3.0208,3.0,32.21,0.00625,0.3,degraded
2.85,42.38914,41.5128,0.87634,11.61668,12.65244,-1.03576,2.9683,3.0,32.06,0.00599,0.3,degraded
2.86,42.5669,41.71099,0.8559,11.51516,12.54821,-1.03305,3.0066,2.9869,32.12,0.005,0.3,degraded
2.87,42.74443,41.89887,0.84557,11.41252,12.44769,-1.03517,2.9929,2.9885,31.87,0.00818,0.3,degraded
2.88,42.92168,42.0626,0.85909,11.30875,12.33024,-1.02149,3.0097,2.9888,32.05,0.00692,0.3,degraded
2.89,43.09857,42.213,0.88557,11.20382,12.19636,-0.99254,2.9931,2.9983,32.32,0.013,0.3,degraded
2.9,43.27504,42.40374,0.8713,11.09772,12.07913,-0.98141,2.9822,3.0,32.23,0.00962,0.3,degraded
2.91,43.45099,42.62672,0.82427,10.99043,11.97864,-0.98821,3.0012,2.9984,32.31,0.00571,0.3,degraded
2.92,43.62638,42.82548,0.80089,10.88193,11.86979,-0.98786,3.0035,3.0,32.31,0.00728,0.3,degraded
2.93,43.80111,43.01155,0.78956,10.77221,11.75874,-0.98653,2.982,3.0,32.65,0.00368,0.3,degraded
2.94,43.97513,43.17296,0.80217,10.66125,11.64232,-0.98106,3.0221,2.9814,32.28,0.0116,0.3,degraded
2.95,44.14835,43.32354,0.82481,10.54905,11.43881,-0.88976,3.0179,2.9893,32.62,0.01216,0.3,degraded
2.96,44.32071,43.45388,0.86683,10.43557,11.25058,-0.815,3.0095,3.0,32.43,0.00464,0.3,degraded
2.97,44.49212,43.59393,0.89819,10.32081,11.09126,-0.77044,2.9904,3.0,32.7,0.0159,0.3,degraded
2.98,44.66253,43.78164,0.88088,10.20476,10.94709,-0.74233,3.0087,2.9746,32.29,0.01386,0.3,degraded
2.99,44.83184,44.00381,0.82804,10.08739,10.83057,-0.74318,3.0056,2.9822,32.54,0.00596,0.3,degraded
3.0,45.0,44.20052,0.79948,9.9687,10.72011,-0.75141,3.0004,2.9905,32.48,0.00546,0.3,degraded
3.01,45.16692,44.38503,0.7819,9.84867,10.6206,-0.77192,3.0064,2.9737,32.59,0.00558,0.3,degraded
3.02,45.33254,44.54551,0.78703,9.72729,10.5145,-0.78721,3.0179,3.0,32.78,0.00492,0.3,degraded
3.03,45.49677,44.69229,0.80448,9.60455,10.41153,-0.80699,3.0199,3.0,32.69,0.00521,0.3,degraded
3.04,45.65955,44.815,0.84455,9.48042,10.30214,-0.82172,3.0073,3.0,32.84,0.00522,0.3,degraded
3.05,45.82081,44.98174,0.83906,9.35491,10.20004,-0.84513,2.996,2.9957,32.58,0.00425,0.3,degraded
3.06,45.98046,45.13765,0.84281,9.228,10.09303,-0.86503,3.0186,3.0,32.59,0.00499,0.3,degraded
3.07,46.13844,45.28177,0.85667,9.09967,9.99353,-0.89386,2.9924,3.0,32.74,0.00356,0.3,degraded
3.08,46.29468,45.42207,0.87261,8.96993,9.88722,-0.91729,3.0061,2.9932,32.77,0.00503,0.3,degraded
3.09,46.44909,45.58456,0.86453,8.83874,9.76734,-0.92859,3.0014,2.9791,32.77,0.00427,0.3,degraded
3.1,46.60162,45.7203,0.88133,8.70611,9.64793,-0.94181,2.9969,2.9703,32.68,0.00638,0.3,degraded
3.11,46.75219,45.86197,0.89022,8.57203,9.52809,-0.95606,2.9815,3.0,33.04,0.01032,0.3,degraded
3.12,46.90072,46.03163,0.86909,8.43649,9.3798,-0.94331,3.0078,2.9953,32.84,0.00927,0.3,degraded
3.13,47.04715,46.2204,0.82675,8.29947,9.26152,-0.96206,3.0028,3.0,33.14,0.01256,0.3,degraded
3.14,47.19141,46.38297,0.80844,8.16097,9.07106,-0.91009,3.0189,3.0,32.96,0.01025,0.3,degraded
3.15,47.33342,46.53413,0.79929,8.02098,8.88993,-0.86895,2.9922,3.0,33.09,0.00799,0.3,degraded
3.16,47.47311,46.66187,0.81124,7.87949,8.72402,-0.84452,3.017,3.0,33.1,0.00971,0.3,degraded
3.17,47.61042,46.81942,0.79101,7.7365,8.5857,-0.8492,2.9971,3.0,32.93,0.00975,0.3,degraded
3.18,47.74528,46.98386,0.76143,7.592,8.46368,-0.87168,2.9926,3.0,33.14,0.00623,0.3,degraded
3.19,47.87763,47.13749,0.74014,7.44598,8.36255,-0.91658,2.9845,2.9899,33.4,0.00583,0.3,degraded
3.2,48.00738,47.26729,0.74008,7.29843,8.24998,-0.95154,2.9881,3.0,33.17,0.01613,0.3,degraded
3.21,48.13448,47.38449,0.74998,7.14936,8.05663,-0.90727,2.975,3.0,33.3,0.0126,0.3,degraded
3.22,48.25886,47.54119,0.71766,6.99875,7.85313,-0.85438,3.0214,3.0,33.31,0.00948,0.3,degraded
3.23,48.38045,47.70041,0.68003,6.8466,7.67721,-0.83061,3.0078,3.0,33.28,0.01007,0.3,degraded
3.24,48.49919,47.83447,0.66472,6.6929,7.51617,-0.82326,2.964,2.9864,33.29,0.00835,0.3,degraded
3.25,48.61502,47.95687,0.65815,6.53766,7.38245,-0.84479,3.0031,2.9744,33.38,0.00868,0.3,degraded
3.26,48.72787,48.05535,0.67252,6.38087,7.265,-0.88412,3.0049,2.9884,33.43,0.00522,0.3,degraded
3.27,48.83768,48.15168,0.686,6.22253,7.162,-0.93947,2.9866,2.9878,33.14,0.00343,0.3,degraded
3.28,48.94439,48.25702,0.68737,6.06263,7.04405,-0.98143,3.0018,3.0,33.41,0.01233,0.3,degraded
3.29,49.04793,48.3738,0.67414,5.90117,6.90392,-1.00275,2.9944,2.9906,33.38,0.00499,0.3,degraded
3.3,49.14826,48.49137,0.65689,5.73815,6.73266,-0.99451,3.0118,3.0,33.37,0.00867,0.3,degraded
3.31,49.2453,48.59581,0.64949,5.57357,6.59163,-1.01806,3.0032,2.9889,33.65,0.0075,0.3,degraded
3.32,49.339,48.68519,0.65381,5.40743,6.44789,-1.04045,2.9747,3.0,33.38,0.00655,0.3,degraded
3.33,49.42931,48.78321,0.6461,5.23973,6.25852,-1.01879,3.0079,2.9759,33.31,0.00508,0.3,degraded
3.34,49.51617,48.87563,0.64053,5.07047,6.09008,-1.01961,3.0049,3.0,33.67,0.00651,0.3,degraded
3.35,49.59952,48.97108,0.62844,4.89965,5.95161,-1.05196,3.0009,3.0,33.36,0.00204,0.3,degraded
3.36,49.6793,49.05965,0.61965,4.72728,5.80804,-1.08076,3.0093,2.9729,33.31,0.00091,0.3,degraded
3.37,49.75548,49.15693,0.59855,4.55335,5.66804,-1.11469,2.9829,3.0,33.77,0.002,0.3,degraded
3.38,49.82798,49.24945,0.57854,4.37787,5.51643,-1.13856,2.9892,3.0,33.68,0.00634,0.3,degraded
3.39,49.89678,49.34687,0.5499,4.20084,5.35494,-1.1541,3.0145,2.9961,33.76,0.00157,0.3,degraded
3.4,49.9618,49.4358,0.526,4.02226,5.18679,-1.16453,2.9983,2.9836,33.65,0.01081,0.3,degraded
3.41,50.02301,49.53352,0.48949,3.84214,4.99083,-1.14869,3.0312,3.0,33.54,0.01201,0.3,degraded
3.42,50.08036,49.62527,0.4551,3.66048,4.72577,-1.06528,3.0022,3.0,33.61,0.00468,0.3,degraded
3.43,50.1338,49.72276,0.41104,3.47729,4.48595,-1.00866,3.0076,2.99,33.78,0.00452,0.3,degraded
3.44,50.18329,49.81261,0.37068,3.29258,4.26164,-0.96906,2.9935,3.0,33.66,0.00712,0.3,degraded
3.45,50.22878,49.91035,0.31843,3.10634,4.06925,-0.9629,3.0221,2.9775,33.92,0.00591,0.3,degraded
3.46,50.27024,50.00153,0.2687,2.9186,3.89596,-0.97736,3.0125,3.0,33.84,0.00586,0.3,degraded
3.47,50.30761,50.09939,0.20823,2.72934,3.75369,-1.02435,2.9905,3.0,33.96,0.00521,0.3,degraded
3.48,50.34087,50.1884,0.15247,2.53859,3.62515,-1.08657,3.0043,2.9992,33.98,0.00183,0.3,degraded
3.49,50.36996,50.28564,0.08432,2.34634,3.49749,-1.15114,3.0019,3.0,34.04,0.00728,0.3,degraded
3.5,50.39487,50.37553,0.01933,2.15262,3.27807,-1.12546,2.9805,3.0,34.09,0.00709,0.3,degraded
3.51,50.41554,50.46849,-0.05296,1.95742,3.08944,-1.13202,2.9884,3.0,33.99,0.00577,0.3,degraded
3.52,50.43194,50.5537,-0.12176,1.76076,2.91664,-1.15588,2.993,3.0,34.1,0.00665,0.3,degraded
3.53,50.44405,50.64205,-0.198,1.56265,2.77329,-1.21064,2.6312,3.0,34.14,0.00545,0.3,degraded
3.54,50.45183,50.70509,-0.25326,1.36309,2.57877,-1.21568,3.0238,3.0,33.76,0.01177,0.3,degraded
3.55,50.45525,50.71646,-0.26121,1.1621,2.41483,-1.25272,2.9925,2.9932,34.25,0.01809,0.3,degraded
3.56,50.45428,50.69666,-0.24238,0.9597,2.21004,-1.25034,2.9935,2.9934,34.2,0.01119,0.3,degraded
3.57,50.4489,50.68252,-0.23362,0.75589,1.95257,-1.19668,3.0135,2.9877,34.29,0.0067,0.3,degraded
3.58,50.43907,50.66092,-0.22185,0.55068,1.71366,-1.16298,2.9831,3.0,34.04,0.00519,0.3,degraded
3.59,50.42478,50.64347,-0.2187,0.3441,1.50261,-1.15851,3.0021,2.9983,34.21,0.00633,0.3,degraded
3.6,50.406,50.61926,-0.21326,0.13615,1.30611,-1.16996,2.9965,2.9782,34.11,0.00661,0.3,degraded
3.61,50.3827,50.60142,-0.21871,-0.07316,1.14015,-1.21331,2.9907,3.0,34.41,0.00412,0.3,degraded
3.62,50.35488,50.57447,-0.21959,-0.2838,0.98771,-1.27151,2.9895,3.0,34.11,0.00789,0.3,degraded
3.63,50.32251,50.55344,-0.23093,-0.49576,0.75094,-1.2467,3.0067,3.0,34.2,0.00831,0.3,degraded
3.64,50.28557,50.52772,-0.24215,-0.70903,0.52911,-1.23815,3.0017,2.9757,34.45,0.00496,0.3,degraded
3.65,50.24405,50.50722,-0.26317,-0.92359,0.3408,-1.26439,3.0113,3.0,34.29,0.00557,0.3,degraded
3.66,50.19793,50.47785,-0.27992,-1.13943,0.16719,-1.30662,3.0107,2.9942,34.27,0.00822,0.3,degraded
3.67,50.14721,50.45754,-0.31033,-1.35652,-0.04272,-1.31379,3.0173,3.0,34.57,0.0071,0.3,degraded
3.68,50.09187,50.43285,-0.34099,-1.57484,-0.28045,-1.2944,2.9968,2.9812,34.6,0.00484,0.3,degraded
3.69,50.0319,50.41438,-0.38248,-1.79439,-0.49192,-1.30247,2.9738,3.0,34.59,0.00585,0.3,degraded
3.7,49.96729,50.38865,-0.42136,-2.01514,-0.68813,-1.32702,3.0181,2.9929,34.63,0.00455,0.3,degraded
3.71,49.89805,50.36951,-0.47146,-2.23707,-0.85719,-1.37988,2.9802,2.9898,34.49,0.00249,0.3,degraded
3.72,49.82416,50.34373,-0.51957,-2.46017,-1.03559,-1.42458,2.9857,2.9937,34.52,0.00958,0.3,degraded
3.73,49.74561,50.32281,-0.57719,-2.6844,-1.28005,-1.40435,3.018,3.0,34.48,0.01065,0.3,degraded
3.74,49.66242,50.26023,-0.59781,-2.90976,-1.51034,-1.39942,2.9842,2.9937,34.62,0.01003,0.3,degraded
3.75,49.57458,50.18836,-0.61378,-3.13622,-1.71402,-1.42221,2.9785,2.9989,34.54,0.00647,0.3,degraded
3.76,49.48209,50.10974,-0.62766,-3.36376,-1.90292,-1.46084,2.9836,2.9833,34.57,0.002,0.3,degraded
3.77,49.38495,50.03703,-0.65208,-3.59236,-2.09283,-1.49953,2.9894,3.0,34.74,0.00289,0.3,degraded
3.78,49.28317,49.95765,-0.67448,-3.82199,-2.3083,-1.51369,3.0072,3.0,34.85,0.00653,0.3,degraded
3.79,49.17676,49.8857,-0.70894,-4.05263,-2.51416,-1.53847,2.9987,2.9923,34.75,0.00121,0.3,degraded
3.8,49.06572,49.80755,-0.74182,-4.28426,-2.73199,-1.55228,3.002,2.9801,34.98,0.00486,0.3,degraded
3.81,48.95007,49.72282,-0.77275,-4.51686,-2.95911,-1.55775,2.9799,3.0,34.63,0.0066,0.3,degraded
3.82,48.8298,49.62517,-0.79537,-4.7504,-3.20141,-1.54899,2.9767,2.9902,34.48,0.00586,0.3,degraded
3.83,48.70495,49.53519,-0.83024,-4.98485,-3.41705,-1.5678,2.9965,2.9823,34.88,0.00689,0.3,degraded
3.84,48.57552,49.41551,-0.83999,-5.2202,-3.6678,-1.5524,2.9974,3.0,34.69,0.01971,0.3,degraded
3.85,48.44152,49.27527,-0.83376,-5.45641,-3.9249,-1.53152,3.0029,3.0,34.79,0.01613,0.3,degraded
3.86,48.30298,49.04966,-0.74669,-5.69347,-4.1665,-1.52697,3.0071,3.0,34.59,0.00812,0.3,degraded
3.87,48.15991,48.84962,-0.68972,-5.93134,-4.38098,-1.55036,3.0027,3.0,34.75,0.0057,0.3,degraded
3.88,48.01233,48.66199,-0.64966,-6.16999,-4.60467,-1.56533,3.0201,3.0,34.69,0.00491,0.3,degraded
3.89,47.86027,48.49849,-0.63822,-6.40941,-4.81875,-1.59066,2.9788,2.9741,34.87,0.00674,0.3,degraded
3.9,47.70375,48.34746,-0.64372,-6.64956,-5.082,-1.56756,3.0108,2.9744,34.9,0.00896,0.3,degraded
3.91,47.54279,48.22308,-0.68029,-6.89041,-5.33214,-1.55827,3.0114,3.0,35.0,0.01019,0.3,degraded
3.92,47.37742,48.11301,-0.73559,-7.13195,-5.56393,-1.56802,2.9928,2.9859,35.19,0.00377,0.3,degraded
3.93,47.20767,48.02174,-0.81407,-7.37413,-5.79149,-1.58264,3.0016,2.9885,35.13,0.01091,0.3,degraded
3.94,47.03356,47.88519,-0.85163,-7.61693,-6.04306,-1.57388,3.0097,3.0,34.81,0.0128,0.3,degraded
3.95,46.85513,47.72894,-0.87381,-7.86033,-6.26493,-1.5954,2.991,2.973,35.17,0.0067,0.3,degraded
3.96,46.67242,47.58413,-0.91171,-8.10429,-6.51828,-1.586,3.0139,3.0,35.12,0.0102,0.3,degraded
3.97,46.48544,47.4536,-0.96815,-8.34877,-6.77553,-1.57324,1.6841,2.9998,35.11,0.01171,0.3,degraded
3.98,46.29425,47.25794,-0.96369,-8.59377,-7.01641,-1.57736,3.0138,2.994,35.15,0.008,0.3,degraded
3.99,46.09887,47.08509,-0.98622,-8.83923,-7.22878,-1.61045,3.0068,2.9951,35.21,0.01346,0.3,degraded
4.0,45.89935,46.92311,-1.02376,-9.08513,-7.56223,-1.5229,2.9742,2.9865,35.1,0.021,0.3,degraded
4.01,45.69571,46.74307,-1.04735,-9.33145,-7.86754,-1.46391,2.9972,2.9863,35.22,0.01499,0.3,degraded
4.02,45.48801,46.48211,-0.99409,-9.57814,-8.15551,-1.42263,2.9841,3.0,35.45,0.00923,0.3,degraded
4.03,45.27629,46.24544,-0.96915,-9.82518,-8.41321,-1.41197,2.9798,3.0,35.2,0.00986,0.3,degraded
4.04,45.06059,46.02028,-0.9597,-10.07253,-8.65726,-1.41527,3.0108,2.9862,35.18,0.00866,0.3,degraded
4.05,44.84094,45.8191,-0.97816,-10.32017,-8.87054,-1.44963,3.0161,2.9925,35.35,0.00924,0.3,degraded
4.06,44.61741,45.63113,-1.01372,-10.56806,-9.06714,-1.50091,3.0012,2.9788,35.21,0.01709,0.3,degraded
4.07,44.39003,45.47021,-1.08018,-10.81616,-9.33413,-1.48203,3.0032,2.991,35.15,0.02172,0.3,degraded
4.08,44.15886,45.25421,-1.09535,-11.06445,-9.64542,-1.41903,3.0291,3.0,35.4,0.01436,0.3,degraded
4.09,43.92395,44.99668,-1.07274,-11.3129,-9.92716,-1.38573,3.0241,2.9917,35.7,0.01038,0.3,degraded
4.1,43.68533,44.75255,-1.06722,-11.56146,-10.19244,-1.36902,3.0044,3.0,35.51,0.00859,0.3,degraded
4.11,43.44308,44.53232,-1.08924,-11.8101,-10.4331,-1.377,3.0101,3.0,35.57,0.00736,0.3,degraded
4.12,43.19724,44.32469,-1.12745,-12.0588,-10.65952,-1.39928,3.002,2.9968,35.25,0.00962,0.3,degraded
4.13,42.94786,44.1429,-1.19504,-12.30751,-10.86119,-1.44632,2.9908,3.0,35.65,0.01247,0.3,degraded
4.14,42.695,43.92249,-1.22748,-12.5562,-11.04617,-1.51003,2.9909,2.9772,35.63,0.01827,0.3,degraded
4.15,42.43872,43.67478,-1.23606,-12.80485,-11.35853,-1.44631,2.9916,3.0,35.55,0.01641,0.3,degraded
4.16,42.17908,43.43693,-1.25785,-13.0534,-11.65695,-1.39645,3.0013,2.9831,35.71,0.00965,0.3,degraded
4.17,41.91613,43.22427,-1.30814,-13.30184,-11.92399,-1.37784,2.9838,3.0,35.74,0.01196,0.3,degraded
4.18,41.64993,42.99025,-1.34031,-13.55011,-12.17153,-1.37859,3.039,3.0,35.59,0.01321,0.3,degraded
4.19,41.38055,42.70584,-1.32529,-13.7982,-12.38904,-1.40916,3.0129,2.9995,35.83,0.00891,0.3,degraded
4.2,41.10805,42.43024,-1.3222,-14.04606,-12.59107,-1.455,2.9725,3.0,35.99,0.00528,0.3,degraded
4.21,40.83248,42.17862,-1.34614,-14.29366,-12.7774,-1.51626,3.009,3.0,35.8,0.00805,0.3,degraded
4.22,40.55392,41.94252,-1.3886,-14.54096,-13.00114,-1.53982,2.9936,2.9869,35.73,0.01552,0.3,degraded
4.23,40.27242,41.69096,-1.41853,-14.78793,-13.19254,-1.59539,2.9966,2.9938,35.87,0.0158,0.3,degraded
4.24,39.98806,41.35499,-1.36693,-15.03453,-13.40817,-1.62636,3.0038,3.0,36.06,0.01105,0.3,degraded
4.25,39.7009,41.04427,-1.34337,-15.28072,-13.65866,-1.62206,2.9661,3.0,35.78,0.00844,0.3,degraded
4.26,39.411,40.74366,-1.33266,-15.52648,-13.89224,-1.63424,3.0097,2.994,36.09,0.00817,0.3,degraded
4.27,39.11844,40.46668,-1.34823,-15.77176,-14.09832,-1.67343,2.987,2.9935,35.93,0.01141,0.3,degraded
4.28,38.82329,40.20116,-1.37787,-16.01652,-14.3998,-1.61672,2.9761,3.0,36.1,0.01243,0.3,degraded
4.29,38.5256,39.95964,-1.43404,-16.26074,-14.67158,-1.58916,3.0046,3.0,36.01,0.01778,0.3,degraded
4.3,38.22546,39.71467,-1.48921,-16.50437,-14.92556,-1.57881,0.3579,3.0,36.05,0.01875,0.3,degraded
4.31,37.92293,39.34564,-1.42271,-16.74738,-15.15062,-1.59676,3.0036,3.0,36.4,0.00995,0.3,degraded
4.32,37.61809,38.98877,-1.37068,-16.98974,-15.35896,-1.63078,2.9931,3.0,35.99,0.00443,0.3,degraded
4.33,37.31101,38.65392,-1.34292,-17.2314,-15.56392,-1.66748,2.9923,3.0,36.31,0.01428,0.3,degraded
4.34,37.00175,38.32839,-1.32664,-17.47233,-15.83012,-1.64221,3.0148,3.0,36.54,0.01295,0.3,degraded
4.35,36.6904,38.02989,-1.33949,-17.71249,-16.11329,-1.59921,3.0013,2.9887,36.42,0.00926,0.3,degraded
4.36,36.37703,37.74423,-1.3672,-17.95186,-16.37897,-1.57289,3.009,3.0,36.15,0.00911,0.3,degraded
4.37,36.06171,37.48271,-1.421,-18.19038,-16.61395,-1.57644,2.9955,3.0,36.18,0.00963,0.3,degraded
4.38,35.74452,37.23421,-1.48969,-18.42804,-16.83435,-1.59369,3.0121,3.0,36.29,0.00214,0.3,degraded
4.39,35.42553,36.99815,-1.57263,-18.66478,-17.04994,-1.61483,3.0011,2.9956,36.46,0.00404,0.3,degraded
4.4,35.10481,36.74474,-1.63993,-18.90057,-17.28535,-1.61522,2.8296,3.0,36.5,0.00839,0.3,degraded
4.41,34.78245,36.47326,-1.69081,-19.13538,-17.49187,-1.64351,3.0127,3.0,36.31,0.02107,0.3,degraded
4.42,34.45852,36.18405,-1.72553,-19.36918,-17.75264,-1.61653,0.2165,3.0,36.41,0.01358,0.3,degraded
4.43,34.13309,35.76728,-1.63418,-19.60192,-17.98516,-1.61676,2.9975,3.0,36.46,0.01342,0.3,degraded
4.44,33.80625,35.39481,-1.58855,-19.83357,-18.20333,-1.63023,3.0045,2.9984,36.59,0.00825,0.3,degraded
4.45,33.47807,35.04612,-1.56804,-20.06409,-18.46728,-1.59681,3.0307,2.9813,36.95,0.00884,0.3,degraded
4.46,33.14863,34.71008,-1.56145,-20.29345,-18.73367,-1.55978,3.0107,2.9839,36.55,0.01038,0.3,degraded
4.47,32.81801,34.39973,-1.58172,-20.52162,-18.9702,-1.55141,3.0024,2.9899,36.58,0.00887,0.3,degraded
4.48,32.48628,34.10301,-1.61673,-20.74855,-19.19158,-1.55697,2.9984,3.0,36.58,0.01258,0.3,degraded
4.49,32.15352,33.83234,-1.67882,-20.97421,-19.41061,-1.5636,3.002,2.9977,36.88,0.01671,0.3,degraded
4.5,31.81981,33.52209,-1.70228,-21.19858,-19.71412,-1.48446,3.0025,2.9882,36.82,0.0132,0.3,degraded
4.51,31.48522,33.18384,-1.69862,-21.4216,-19.98566,-1.43594,2.9943,3.0,36.73,0.00866,0.3,degraded
4.52,31.14985,32.85989,-1.71005,-21.64325,-20.24223,-1.40102,2.9962,3.0,36.85,0.01057,0.3,degraded
4.53,30.81375,32.56426,-1.75051,-21.8635,-20.4704,-1.3931,3.0016,2.9995,36.81,0.0122,0.3,degraded
4.54,30.47702,32.27114,-1.79412,-22.0823,-20.68067,-1.40163,1.332,3.0,37.01,0.01272,0.3,degraded
4.55,30.13973,31.90531,-1.76558,-22.29963,-20.85892,-1.44071,2.975,2.9951,37.41,0.00978,0.3,degraded
4.56,29.80195,31.5531,-1.75114,-22.51545,-21.06376,-1.45169,2.9954,3.0,37.12,0.01057,0.3,degraded
4.57,29.46377,31.22476,-1.76099,-22.72973,-21.28744,-1.44229,2.9999,2.9785,37.06,0.00834,0.3,degraded
4.58,29.12527,30.91093,-1.78566,-22.94243,-21.49489,-1.44754,2.9987,3.0,37.01,0.01075,0.3,degraded
4.59,28.78651,30.61234,-1.82583,-23.15352,-21.67852,-1.47499,1.2182,2.9999,36.94,0.01086,0.3,degraded
4.6,28.44758,30.22293,-1.77534,-23.36296,-21.86964,-1.49332,2.9924,3.0,37.29,0.01457,0.3,degraded
4.61,28.10856,29.85715,-1.7486,-23.57073,-22.18966,-1.38107,2.9795,3.0,37.32,0.01604,0.3,degraded
4.62,27.76951,29.50058,-1.73106,-23.77679,-22.49462,-1.28217,3.0012,3.0,37.19,0.01015,0.3,degraded
4.63,27.43053,29.16705,-1.73652,-23.98111,-22.76993,-1.21118,2.9942,2.9866,37.48,0.00867,0.3,degraded
4.64,27.09167,28.84712,-1.75545,-24.18366,-23.02759,-1.15606,2.98,3.0,37.34,0.00897,0.3,degraded
4.65,26.75303,28.55088,-1.79785,-24.3844,-23.25718,-1.12722,2.9881,2.9978,37.48,0.00672,0.3,degraded
4.66,26.41466,28.23702,-1.82236,-24.5833,-23.4721,-1.1112,3.0111,2.9896,37.44,0.00569,0.3,degraded
4.67,26.07666,27.93414,-1.85748,-24.78034,-23.65675,-1.12359,2.9923,2.9893,37.4,0.01114,0.3,degraded
4.68,25.73908,27.56394,-1.82485,-24.97548,-23.82478,-1.1507,2.9891,3.0,37.32,0.01122,0.3,degraded
4.69,25.40201,27.20815,-1.80614,-25.16869,-23.96424,-1.20445,2.96,2.9821,37.47,0.01501,0.3,degraded
4.7,25.06552,26.86365,-1.79812,-25.35994,-24.15438,-1.20556,3.0111,3.0,37.66,0.0161,0.3,degraded
4.71,24.72969,26.54431,-1.81462,-25.5492,-24.41179,-1.13741,3.0395,2.996,37.49,0.00938,0.3,degraded
4.72,24.39457,26.23791,-1.84334,-25.73644,-24.65313,-1.08331,3.0024,3.0,37.66,0.01203,0.3,degraded
4.73,24.06025,25.85554,-1.79529,-25.92163,-24.86645,-1.05519,3.0042,2.989,37.47,0.01272,0.3,degraded
4.74,23.72679,25.47341,-1.74662,-26.10475,-25.06382,-1.04093,2.9971,2.9979,37.79,0.01089,0.3,degraded
4.75,23.39426,25.1165,-1.72223,-26.28576,-25.23176,-1.054,2.999,3.0,37.75,0.0087,0.3,degraded
4.76,23.06274,24.77054,-1.7078,-26.46464,-25.38167,-1.08297,3.0087,3.0,37.55,0.00835,0.3,degraded
4.77,22.7323,24.44838,-1.71609,-26.64135,-25.50208,-1.13927,3.0164,3.0,37.73,0.01314,0.3,degraded
4.78,22.40299,24.13815,-1.73516,-26.81588,-25.67671,-1.13917,2.989,2.9982,37.93,0.00945,0.3,degraded
4.79,22.07488,23.84999,-1.77511,-26.98819,-25.87125,-1.11693,2.7113,2.9791,37.64,0.00748,0.3,degraded
4.8,21.74805,23.54391,-1.79585,-27.15825,-26.04905,-1.10921,3.0011,2.9948,37.7,0.00767,0.3,degraded
4.81,21.42256,23.23134,-1.80878,-27.32605,-26.19664,-1.12941,3.0155,2.9869,37.87,0.00608,0.3,degraded
4.82,21.09847,22.91787,-1.8194,-27.49156,-26.32719,-1.16436,3.0106,3.0,38.23,0.00721,0.3,degraded
4.83,20.77584,22.60084,-1.825,-27.65474,-26.49587,-1.15887,2.9797,2.9963,37.85,0.0087,0.3,degraded
4.84,20.45475,22.2781,-1.82335,-27.81558,-26.69387,-1.12171,3.0063,2.9968,38.05,0.00532,0.3,degraded
4.85,20.13524,21.9596,-1.82437,-27.97405,-26.86612,-1.10793,3.0028,2.9974,38.05,0.01115,0.3,degraded
4.86,19.81738,21.62024,-1.80286,-28.13013,-27.02399,-1.10614,2.9993,2.9845,37.96,0.01251,0.3,degraded
4.87,19.50122,21.23316,-1.73194,-28.28379,-27.15451,-1.12927,3.0233,2.9892,38.1,0.00853,0.3,degraded
4.88,19.18684,20.85987,-1.67303,-28.43501,-27.27397,-1.16103,2.9795,2.9988,38.04,0.00715,0.3,degraded
4.89,18.87428,20.51247,-1.63819,-28.58376,-27.44041,-1.14336,3.0037,3.0,38.09,0.00804,0.3,degraded
4.9,18.5636,20.17697,-1.61337,-28.73003,-27.59264,-1.13739,2.9832,2.9923,37.92,0.00909,0.3,degraded
4.91,18.25485,19.86546,-1.61061,-28.8738,-27.71782,-1.15598,2.9941,3.0,38.19,0.01109,0.3,degraded
4.92,17.9481,19.56526,-1.61716,-29.01504,-27.91991,-1.09513,3.0016,3.0,38.36,0.01265,0.3,degraded
4.93,17.64339,19.2912,-1.64781,-29.15372,-28.11618,-1.03755,3.0191,3.0,38.27,0.00722,0.3,degraded
4.94,17.34077,18.98245,-1.64168,-29.28984,-28.29704,-0.99281,2.9953,3.0,38.45,0.00646,0.3,degraded
4.95,17.0403,18.69231,-1.65201,-29.42338,-28.4487,-0.97468,2.9941,3.0,38.4,0.00888,0.3,degraded
4.96,16.74202,18.4049,-1.66288,-29.5543,-28.58236,-0.97194,1.945,3.0,38.34,0.00839,0.3,degraded
4.97,16.44599,18.08305,-1.63706,-29.68259,-28.68588,-0.99672,2.9936,3.0,38.28,0.00521,0.3,degraded
4.98,16.15224,17.77338,-1.62114,-29.80824,-28.79187,-1.01638,3.0435,3.0,38.32,0.00532,0.3,degraded
4.99,15.86083,17.48884,-1.62801,-29.93123,-28.89259,-1.03864,2.9998,3.0,38.2,0.006,0.3,degraded
5.0,15.5718,17.19305,-1.62125,-30.05154,-29.00158,-1.04996,2.9844,2.9967,38.41,0.00809,0.3,degraded
5.01,15.28519,16.87026,-1.58507,-30.16915,-29.15842,-1.01073,2.9851,3.0,38.5,0.00704,0.3,degraded
5.02,15.00104,16.55914,-1.5581,-30.28405,-29.29959,-0.98446,2.9619,2.9875,38.77,0.0094,0.3,degraded
5.03,14.7194,16.2682,-1.54881,-30.39622,-29.4107,-0.98552,2.9943,2.9958,38.61,0.00622,0.3,degraded
5.04,14.4403,15.98829,-1.54799,-30.50564,-29.51476,-0.99088,3.0212,3.0,38.43,0.00518,0.3,degraded
5.05,14.16378,15.71145,-1.54767,-30.61231,-29.62145,-0.99086,3.0088,2.9881,38.37,0.00508,0.3,degraded
5.06,13.88988,15.39627,-1.50639,-30.7162,-29.72992,-0.98628,2.9965,2.986,38.58,0.00427,0.3,degraded
5.07,13.61863,15.10621,-1.48758,-30.81731,-29.84035,-0.97696,3.0087,2.9882,38.76,0.00426,0.3,degraded
5.08,13.35007,14.82872,-1.47865,-30.91562,-29.94935,-0.96627,3.0132,2.9765,38.63,0.00792,0.3,degraded
5.09,13.08422,14.57561,-1.49139,-31.01112,-30.06323,-0.94789,3.012,2.9861,38.77,0.00074,0.3,degraded
5.1,12.82112,14.30528,-1.48416,-31.10379,-30.18284,-0.92095,3.0094,3.0,38.68,0.00398,0.3,degraded
5.11,12.5608,14.05386,-1.49306,-31.19363,-30.28449,-0.90914,2.8428,2.9911,38.84,0.00328,0.3,degraded
5.12,12.30328,13.79468,-1.4914,-31.28063,-30.38879,-0.89185,2.9878,3.0,38.52,0.00939,0.3,degraded
5.13,12.0486,13.49958,-1.45098,-31.36477,-30.48569,-0.87908,2.9873,3.0,39.03,0.00698,0.3,degraded
5.14,11.79677,13.16373,-1.36696,-31.44605,-30.58765,-0.85839,3.009,3.0,38.65,0.00562,0.3,degraded
5.15,11.54782,12.85112,-1.3033,-31.52445,-30.68569,-0.83876,3.0094,2.9904,38.96,0.00492,0.3,degraded
5.16,11.30177,12.55016,-1.24839,-31.59997,-30.7863,-0.81367,3.0082,3.0,38.82,0.00495,0.3,degraded
5.17,11.05864,12.27309,-1.21444,-31.6726,-30.87821,-0.79439,3.0062,3.0,38.87,0.006,0.3,degraded
5.18,10.81846,12.00737,-1.18891,-31.74233,-30.9738,-0.76853,3.0132,2.9959,38.88,0.00496,0.3,degraded
5.19,10.58123,11.76689,-1.18566,-31.80916,-31.06239,-0.74677,3.0014,3.0,38.97,0.00405,0.3,degraded
5.2,10.34697,11.5382,-1.19122,-31.87308,-31.15888,-0.7142,3.0023,3.0,39.02,0.00548,0.3,degraded
5.21,10.11571,11.33394,-1.21823,-31.93409,-31.25177,-0.68232,3.003,2.9661,39.13,0.00752,0.3,degraded
5.22,9.88744,11.11126,-1.22382,-31.99217,-31.3504,-0.64177,3.0034,3.0,39.21,0.00613,0.3,degraded
5.23,9.66219,10.84717,-1.18499,-32.04733,-31.44201,-0.60532,3.0049,2.9967,39.07,0.00503,0.3,degraded
5.24,9.43996,10.59354,-1.15359,-32.09956,-31.53886,-0.5607,2.9925,2.9946,39.3,0.00537,0.3,degraded
5.25,9.22075,10.36657,-1.14582,-32.14885,-31.62938,-0.51947,2.9898,3.0,39.08,0.00383,0.3,degraded
5.26,9.00459,10.14964,-1.14505,-32.19522,-31.72832,-0.4669,2.9726,2.9984,39.24,0.00449,0.3,degraded
5.27,8.79147,9.9537,-1.16224,-32.23864,-31.82136,-0.41729,2.974,3.0,39.17,0.0103,0.3,degraded
5.28,8.58139,9.75568,-1.17429,-32.27913,-31.92332,-0.35581,1.2624,2.9977,39.04,0.00739,0.3,degraded
5.29,8.37436,9.4835,-1.10914,-32.31668,-32.02017,-0.29651,3.0155,2.9903,39.18,0.00493,0.3,degraded
5.3,8.17038,9.22294,-1.05256,-32.35129,-32.12446,-0.22684,2.9763,3.0,39.25,0.00545,0.3,degraded
5.31,7.96945,8.98537,-1.01592,-32.38296,-32.22158,-0.16139,2.9913,3.0,39.19,0.00399,0.3,degraded
5.32,7.77156,8.7603,-0.98874,-32.4117,-32.32594,-0.08575,2.9976,2.995,39.28,0.00485,0.3,degraded
5.33,7.57672,8.56206,-0.98534,-32.4375,-32.42594,-0.01156,2.9933,2.9956,39.37,0.00663,0.3,degraded
5.34,7.38491,8.37625,-0.99134,-32.46036,-32.53263,0.07227,3.0075,3.0,39.25,0.00406,0.3,degraded
5.35,7.19613,8.21652,-1.02039,-32.48029,-32.63212,0.15183,3.0051,3.0,38.83,0.02008,0.3,degraded
5.36,7.01037,8.00334,-0.99297,-32.49729,-32.72963,0.23234,2.9764,1.6121,39.54,0.02153,0.3,degraded
5.37,6.82762,7.74538,-0.91776,-32.51137,-32.73266,0.22129,3.0022,3.0,39.26,0.00407,0.3,degraded
5.38,6.64787,7.50118,-0.85331,-32.52252,-32.74077,0.21825,2.9965,3.0,39.2,0.00419,0.3,degraded
5.39,6.4711,7.28106,-0.80996,-32.53077,-32.74298,0.21222,3.0065,3.0,39.17,0.00614,0.3,degraded
5.4,6.29731,7.07455,-0.77724,-32.5361,-32.75145,0.21535,3.0074,2.9786,39.3,0.00433,0.3,degraded
5.41,6.12648,6.89463,-0.76815,-32.53852,-32.7558,0.21727,3.0057,2.9963,39.28,0.0047,0.3,degraded
5.42,5.95858,6.72764,-0.76906,-32.53805,-32.76723,0.22918,3.0105,2.9922,39.27,0.00607,0.3,degraded
5.43,5.7936,6.58532,-0.79172,-32.53469,-32.7712,0.23651,2.9933,3.0,39.29,0.00545,0.3,degraded
5.44,5.63153,6.45532,-0.82379,-32.52845,-32.78805,0.25961,3.0019,2.98,39.48,0.00331,0.3,degraded
5.45,5.47233,6.34796,-0.87564,-32.51933,-32.79739,0.27806,3.0184,2.9966,39.71,0.00219,0.3,degraded
5.46,5.31598,6.22519,-0.90921,-32.50735,-32.81276,0.30541,3.0105,2.9891,39.54,0.01164,0.3,degraded
5.47,5.16247,6.0139,-0.85143,-32.49251,-32.82246,0.32995,2.9811,2.9998,39.6,0.00929,0.3,degraded
5.48,5.01176,5.80426,-0.79249,-32.47482,-32.83764,0.36282,2.996,3.0,39.39,0.00654,0.3,degraded
5.49,4.86383,5.61943,-0.7556,-32.4543,-32.84232,0.38802,2.9671,2.9988,39.48,0.00465,0.3,degraded
5.5,4.71865,5.44712,-0.72847,-32.43095,-32.85453,0.42358,2.9886,3.0,39.54,0.00485,0.3,degraded
5.51,4.57619,5.30316,-0.72697,-32.4048,-32.86261,0.45781,2.9774,2.9921,39.38,0.00597,0.3,degraded
5.52,4.43642,5.17,-0.73358,-32.37584,-32.87664,0.5008,3.0025,2.9791,39.43,0.00478,0.3,degraded
5.53,4.29931,5.06099,-0.76168,-32.34409,-32.88597,0.54188,3.0009,2.9877,39.63,0.00598,0.3,degraded
5.54,4.16481,4.96189,-0.79708,-32.30957,-32.87292,0.56335,3.0127,2.9938,39.67,0.00776,0.3,degraded
5.55,4.03291,4.85071,-0.81781,-32.27229,-32.848,0.57571,3.0014,3.0,39.53,0.00287,0.3,degraded
5.56,3.90355,4.72848,-0.82493,-32.23226,-32.83078,0.59852,3.0015,3.0,39.34,0.00674,0.3,degraded
5.57,3.77671,4.57904,-0.80234,-32.1895,-32.80664,0.61714,3.0196,2.9927,39.49,0.00819,0.3,degraded
5.58,3.65234,4.39138,-0.73904,-32.14402,-32.78833,0.64431,3.0165,3.0,39.33,0.0053,0.3,degraded
5.59,3.53041,4.22959,-0.69918,-32.09584,-32.76268,0.66684,2.9758,2.9904,39.57,0.00514,0.3,degraded
5.6,3.41087,4.07928,-0.66842,-32.04497,-32.72802,0.68305,3.0033,3.0,39.6,0.00651,0.3,degraded
5.61,3.29368,3.9526,-0.65892,-31.99144,-32.68645,0.69502,2.9998,2.9812,39.53,0.00715,0.3,degraded
5.62,3.1788,3.83902,-0.66022,-31.93525,-32.64468,0.70943,2.9667,2.9953,39.61,0.00517,0.3,degraded
5.63,3.06618,3.74697,-0.68079,-31.87644,-32.58607,0.70963,2.9924,3.0,39.64,0.00232,0.3,degraded
5.64,2.95578,3.65099,-0.6952,-31.815,-32.53037,0.71537,2.9938,3.0,39.62,0.00277,0.3,degraded
5.65,2.84755,3.5599,-0.71234,-31.75097,-32.4666,0.71562,2.99,2.9915,39.41,0.00025,0.3,degraded
5.66,2.74145,3.46284,-0.72139,-31.68437,-32.40826,0.72389,3.0065,3.0,39.56,0.00138,0.3,degraded
5.67,2.63742,3.37166,-0.73424,-31.6152,-32.34193,0.72673,2.9847,3.0,39.66,0.00242,0.3,degraded
5.68,2.53541,3.27472,-0.73931,-31.5435,-32.28066,0.73716,3.0076,2.9979,39.84,0.00481,0.3,degraded
5.69,2.43538,3.17129,-0.73591,-31.46928,-32.21077,0.74149,3.0136,2.9786,39.57,0.00422,0.3,degraded
5.7,2.33727,3.04373,-0.70646,-31.39256,-32.14865,0.75609,2.9949,2.73,39.69,0.00655,0.3,degraded
5.71,2.24103,2.9403,-0.69927,-31.31337,-32.06756,0.75419,2.9919,2.9923,39.75,0.00208,0.3,degraded
5.72,2.1466,2.841,-0.69439,-31.23173,-31.99363,0.76191,2.9632,2.9744,39.59,0.00138,0.3,degraded
5.73,2.05394,2.74947,-0.69553,-31.14765,-31.91284,0.76519,2.973,2.9988,39.79,0.00216,0.3,degraded
5.74,1.96298,2.65198,-0.68899,-31.06116,-31.83657,0.7754,2.9974,3.0,39.8,0.00057,0.3,degraded
5.75,1.87368,2.56336,-0.68968,-30.97229,-31.75531,0.78302,2.992,3.0,39.83,0.00043,0.3,degraded
5.76,1.78597,2.46713,-0.68116,-30.88106,-31.67798,0.79691,3.0152,3.0,39.7,0.003,0.3,degraded
5.77,1.69979,2.37721,-0.67742,-30.78749,-31.59148,0.80399,3.0147,2.9837,39.99,0.00113,0.3,degraded
5.78,1.61509,2.28134,-0.66625,-30.69161,-31.50862,0.81702,2.9885,2.9918,39.54,0.00012,0.3,degraded
5.79,1.53181,2.19109,-0.65928,-30.59343,-31.41584,0.82241,2.9832,2.9858,39.96,0.00409,0.3,degraded
5.8,1.44989,2.09448,-0.64459,-30.49299,-31.31381,0.82082,3.01,2.9871,39.76,0.00263,0.3,degraded
5.81,1.36926,2.00597,-0.63671,-30.39031,-31.20447,0.81416,3.0213,3.0,39.84,0.00096,0.3,degraded
5.82,1.28988,1.91113,-0.62125,-30.28542,-31.10522,0.8198,2.996,2.9953,39.6,0.00216,0.3,degraded
5.83,1.21167,1.82214,-0.61048,-30.17833,-30.99761,0.81928,3.0035,2.9966,39.77,0.00203,0.3,degraded
5.84,1.13457,1.72766,-0.59309,-30.06909,-30.89416,0.82507,3.0254,3.0,39.86,0.00014,0.3,degraded
5.85,1.05852,1.64001,-0.58149,-29.95771,-30.78309,0.82538,2.9933,3.0,39.49,0.00246,0.3,degraded
5.86,0.98346,1.54686,-0.5634,-29.84423,-30.67863,0.83441,2.9923,2.9948,39.63,0.00191,0.3,degraded
5.87,0.90933,1.46141,-0.55208,-29.72866,-30.5691,0.84044,2.9913,2.9835,39.33,0.00047,0.3,degraded
5.88,0.83605,1.36983,-0.53377,-29.61104,-30.46628,0.85524,3.0006,3.0,39.63,0.00167,0.3,degraded
5.89,0.76357,1.28508,-0.52151,-29.49139,-30.35643,0.86504,3.0056,2.9923,39.53,0.00198,0.3,degraded
5.9,0.69182,1.19449,-0.50267,-29.36975,-30.25144,0.8817,2.9948,2.887,39.63,0.00262,0.3,degraded
5.91,0.62074,1.10886,-0.48812,-29.24613,-30.12129,0.87516,2.9858,3.0,40.1,0.00531,0.3,degraded
5.92,0.55025,1.01506,-0.4648,-29.12058,-30.00488,0.8843,3.0016,2.4823,39.92,0.00303,0.3,degraded
5.93,0.4803,0.92585,-0.44555,-28.99312,-29.87174,0.87863,2.972,2.987,39.45,0.0029,0.3,degraded
5.94,0.41082,0.82915,-0.41833,-28.86377,-29.73132,0.86755,3.0164,3.0,39.75,0.00417,0.3,degraded
5.95,0.34173,0.73811,-0.39638,-28.73257,-29.57237,0.8398,2.9942,3.0,39.79,0.00646,0.3,degraded
5.96,0.27299,0.64078,-0.3678,-28.59955,-29.44161,0.84206,3.0045,3.0,39.63,0.00406,0.3,degraded
5.97,0.20451,0.55073,-0.34622,-28.46473,-29.32321,0.85848,3.011,2.9852,39.7,0.00226,0.3,degraded
5.98,0.13623,0.45424,-0.31802,-28.32815,-29.19647,0.86832,3.0074,3.0,39.72,0.00287,0.3,degraded
5.99,0.06808,0.36299,-0.29491,-28.18984,-29.07084,0.88099,3.0049,2.9975,39.48,0.00794,0.3,degraded
6.0,0.0,0.26616,-0.26616,-28.04983,-28.88896,0.83913,2.9823,2.9993,39.53,0.00866,0.3,degraded
6.01,-0.06808,0.17653,-0.24461,-27.90815,-28.68628,0.77813,3.0114,2.993,39.72,0.00582,0.3,degraded
6.02,-0.13623,0.08033,-0.21656,-27.76482,-28.5082,0.74338,2.9974,2.9581,39.72,0.00404,0.3,degraded
6.03,-0.20451,-0.0075,-0.197,-27.61989,-28.34557,0.72568,2.9993,2.9925,39.6,0.00557,0.3,degraded
6.04,-0.27299,-0.10195,-0.17103,-27.47337,-28.2122,0.73883,2.9738,3.0,39.59,0.00654,0.3,degraded
6.05,-0.34173,-0.19129,-0.15045,-27.32531,-28.09543,0.77011,3.0151,3.0,39.7,0.00298,0.3,degraded
6.06,-0.41082,-0.28654,-0.12427,-27.17574,-27.99295,0.81721,2.9692,3.0,39.84,0.00155,0.3,degraded
6.07,-0.4803,-0.37362,-0.10668,-27.02468,-27.88491,0.86023,2.9863,3.0,39.7,0.00605,0.3,degraded
6.08,-0.55025,-0.4644,-0.08586,-26.87217,-27.77434,0.90217,3.0191,2.9904,39.96,0.0022,0.3,degraded
6.09,-0.62074,-0.54669,-0.07405,-26.71824,-27.64759,0.92935,2.9883,3.0,39.61,0.0022,0.3,degraded
6.1,-0.69182,-0.63355,-0.05827,-26.56292,-27.49399,0.93108,2.9682,3.0,39.75,0.00338,0.3,degraded
6.11,-0.76357,-0.71477,-0.04881,-26.40624,-27.34865,0.94241,3.0056,3.0,39.67,0.00491,0.3,degraded
6.12,-0.83605,-0.80307,-0.03299,-26.24824,-27.20832,0.96007,2.9959,3.0,39.82,0.00519,0.3,degraded
6.13,-0.90933,-0.88611,-0.02322,-26.08895,-27.02219,0.93323,3.0044,2.9862,39.62,0.00702,0.3,degraded
6.14,-0.98346,-0.9762,-0.00726,-25.9284,-26.86517,0.93677,2.9864,3.0,40.03,0.00544,0.3,degraded
6.15,-1.05852,-1.06233,0.00381,-25.76663,-26.72322,0.95659,2.9872,2.9974,39.49,0.00947,0.3,degraded
6.16,-1.13457,-1.15354,0.01897,-25.60366,-26.56633,0.96268,2.9883,2.9782,40.01,0.01164,0.3,degraded
6.17,-1.21167,-1.23546,0.02379,-25.43952,-26.3295,0.88998,2.9909,3.0,39.78,0.00636,0.3,degraded
6.18,-1.28988,-1.32322,0.03334,-25.27426,-26.12374,0.84948,2.9973,3.0,39.85,0.0075,0.3,degraded
6.19,-1.36926,-1.39133,0.02206,-25.1079,-25.93612,0.82822,3.0299,3.0,39.98,0.00894,0.3,degraded
6.2,-1.44989,-1.45605,0.00616,-24.94048,-25.77641,0.83594,2.9764,3.0,39.91,0.00707,0.3,degraded
6.21,-1.53181,-1.51773,-0.01408,-24.77202,-25.63638,0.86436,2.9669,2.9946,39.68,0.00428,0.3,degraded
6.22,-1.61509,-1.58589,-0.0292,-24.60256,-25.52636,0.9238,3.0135,3.0,39.88,0.00235,0.3,degraded
6.23,-1.69979,-1.649,-0.05079,-24.43214,-25.40175,0.96961,3.026,3.0,40.07,0.01237,0.3,degraded
6.24,-1.78597,-1.72096,-0.065,-24.26079,-25.27477,1.01399,2.9906,1.5969,39.67,0.00553,0.3,degraded
6.25,-1.87368,-1.78683,-0.08684,-24.08853,-25.07298,0.98445,2.9696,2.982,40.13,0.00658,0.3,degraded
6.26,-1.96298,-1.85862,-0.10437,-23.9154,-24.90055,0.98515,2.9959,3.0,39.87,0.0052,0.3,degraded
6.27,-2.05394,-1.92415,-0.12979,-23.74143,-24.74237,1.00094,3.0015,2.9967,39.76,0.00446,0.3,degraded
6.28,-2.1466,-1.99652,-0.15008,-23.56666,-24.61034,1.04368,2.9926,3.0,39.69,0.01177,0.3,degraded
6.29,-2.24103,-2.06522,-0.1758,-23.39112,-24.39222,1.00111,2.9902,3.0,39.8,0.01215,0.3,degraded
6.3,-2.33727,-2.1416,-0.19567,-23.21483,-24.15791,0.94308,2.9808,3.0,39.55,0.00536,0.3,degraded
6.31,-2.43538,-2.21419,-0.22119,-23.03784,-23.94287,0.90503,2.9906,3.0,39.79,0.00523,0.3,degraded
6.32,-2.53541,-2.29374,-0.24167,-22.86017,-23.75498,0.89481,2.9742,3.0,39.82,0.00537,0.3,degraded
6.33,-2.63742,-2.36744,-0.26997,-22.68185,-23.57967,0.89782,2.9987,3.0,39.7,0.00445,0.3,degraded
6.34,-2.74145,-2.45056,-0.29089,-22.50292,-23.43095,0.92803,3.0208,2.9931,39.98,0.00606,0.3,degraded
6.35,-2.84755,-2.52794,-0.31961,-22.32341,-23.29802,0.97461,2.9905,2.996,39.84,0.00346,0.3,degraded
6.36,-2.95578,-2.61289,-0.34289,-22.14335,-23.18908,1.04573,2.9958,2.7563,39.78,0.00273,0.3,degraded
6.37,-3.06618,-2.69009,-0.37609,-21.96276,-23.05417,1.09141,3.0111,2.9952,39.83,0.00588,0.3,degraded
6.38,-3.1788,-2.77002,-0.40878,-21.7817,-22.9118,1.13011,3.0047,2.9997,39.94,0.00372,0.3,degraded
6.39,-3.29368,-2.84379,-0.44989,-21.60017,-22.74588,1.14571,2.982,3.0,39.9,0.00583,0.3,degraded
6.4,-3.41087,-2.92181,-0.48905,-21.41822,-22.5976,1.17938,3.0,1.5212,39.8,0.00762,0.3,degraded
6.41,-3.53041,-2.9932,-0.5372,-21.23587,-22.36967,1.1338,3.0019,2.9969,39.93,0.00593,0.3,degraded
6.42,-3.65234,-3.0719,-0.58044,-21.05315,-22.16834,1.11519,3.0148,3.0,39.91,0.00389,0.3,degraded
6.43,-3.77671,-3.14445,-0.63226,-20.8701,-21.98087,1.11077,3.0091,2.994,39.75,0.00469,0.3,degraded
6.44,-3.90355,-3.22297,-0.68058,-20.68675,-21.82,1.13326,3.0208,3.0,39.88,0.00226,0.3,degraded
6.45,-4.03291,-3.29534,-0.73757,-20.50312,-21.67134,1.16822,2.9814,2.2826,40.02,0.00196,0.3,degraded
6.46,-4.16481,-3.37737,-0.78744,-20.31924,-21.50567,1.18643,2.9919,3.0,40.03,0.00327,0.3,degraded
6.47,-4.29931,-3.45316,-0.84615,-20.13515,-21.35326,1.21811,2.9861,3.0,39.91,0.00476,0.3,degraded
6.48,-4.43642,-3.53528,-0.90114,-19.95087,-21.17655,1.22567,2.989,3.0,40.05,0.00697,0.3,degraded
6.49,-4.57619,-3.65681,-0.91939,-19.76643,-20.99683,1.2304,2.995,3.0,39.81,0.00657,0.3,degraded
6.5,-4.71865,-3.77287,-0.94578,-19.58186,-20.83647,1.25461,3.0046,1.8806,39.82,0.0078,0.3,degraded
6.51,-4.86383,-3.87592,-0.98792,-19.39719,-20.61564,1.21844,2.9989,2.9668,39.94,0.01244,0.3,degraded
6.52,-5.01176,-4.03426,-0.9775,-19.21245,-20.42591,1.21346,2.9731,3.0,40.21,0.00952,0.3,degraded
6.53,-5.16247,-4.19188,-0.97059,-19.02766,-20.25324,1.22558,2.9742,3.0,40.02,0.00707,0.3,degraded
6.54,-5.31598,-4.33837,-0.97761,-18.84285,-20.09588,1.25303,2.9856,2.979,39.96,0.01637,0.3,degraded
6.55,-5.47233,-4.45956,-1.01277,-18.65805,-19.89967,1.24162,2.9936,2.9995,40.24,0.01518,0.3,degraded
6.56,-5.63153,-4.6544,-0.97713,-18.47329,-19.63846,1.16517,2.9866,2.9998,39.98,0.0124,0.3,degraded
6.57,-5.7936,-4.83795,-0.95565,-18.28859,-19.39308,1.10449,2.9661,2.994,40.37,0.00929,0.3,degraded
6.58,-5.95858,-5.01233,-0.94625,-18.10398,-19.17677,1.07279,2.9854,2.9979,39.97,0.00862,0.3,degraded
6.59,-6.12648,-5.16019,-0.96628,-17.91948,-18.97765,1.05817,3.0127,2.9999,39.91,0.0106,0.3,degraded
6.6,-6.29731,-5.2923,-1.00501,-17.73512,-18.80852,1.0734,2.996,3.0,40.04,0.01482,0.3,degraded
6.61,-6.4711,-5.51123,-0.95987,-17.55093,-18.65571,1.10478,2.9638,2.9997,40.04,0.00998,0.3,degraded
6.62,-6.64787,-5.7321,-0.91577,-17.36693,-18.51412,1.14719,3.0016,3.0,39.97,0.00573,0.3,degraded
6.63,-6.82762,-5.92611,-0.90151,-17.18314,-18.36745,1.18431,2.9964,3.0,40.49,0.01573,0.3,degraded
6.64,-7.01037,-6.10785,-0.90252,-16.99959,-18.12199,1.12239,2.9877,2.9864,40.16,0.01336,0.3,degraded
6.65,-7.19613,-6.26447,-0.93166,-16.81631,-17.88115,1.06484,2.989,2.9791,40.19,0.0108,0.3,degraded
6.66,-7.38491,-6.40619,-0.97872,-16.63331,-17.67093,1.03762,3.0105,3.0,40.06,0.00895,0.3,degraded
6.67,-7.57672,-6.53177,-1.04495,-16.45063,-17.48092,1.03029,2.86,3.0,40.05,0.01815,0.3,degraded
6.68,-7.77156,-6.75674,-1.01482,-16.26827,-17.32309,1.05482,3.0252,3.0,40.3,0.01543,0.3,degraded
6.69,-7.96945,-6.99945,-0.97,-16.08627,-17.18107,1.0948,3.004,2.9988,39.91,0.01096,0.3,degraded
6.7,-8.17038,-7.23227,-0.93811,-15.90465,-17.01918,1.11453,3.0065,2.9956,40.01,0.01023,0.3,degraded
6.71,-8.37436,-7.43707,-0.93729,-15.72343,-16.82091,1.09748,2.9897,3.0,40.15,0.00894,0.3,degraded
6.72,-8.58139,-7.63112,-0.95027,-15.54262,-16.65127,1.10865,3.0117,3.0,40.4,0.01014,0.3,degraded
6.73,-8.79147,-7.79957,-0.99189,-15.36226,-16.49757,1.13531,2.9891,3.0,40.15,0.01152,0.3,degraded
6.74,-9.00459,-7.95468,-1.04991,-15.18236,-16.33955,1.15719,3.0095,2.9907,40.28,0.02006,0.3,degraded
6.75,-9.22075,-8.16753,-1.05322,-15.00294,-16.11928,1.11634,2.9936,2.9988,40.24,0.01974,0.3,degraded
6.76,-9.43996,-8.45272,-0.98723,-14.82403,-15.92659,1.10256,3.0097,3.0,40.45,0.00765,0.3,degraded
6.77,-9.66219,-8.7147,-0.94749,-14.64563,-15.74816,1.10253,3.0181,2.9702,40.03,0.00804,0.3,degraded
6.78,-9.88744,-8.96651,-0.92094,-14.46777,-15.59646,1.12869,3.0023,3.0,40.39,0.00992,0.3,degraded
6.79,-10.11571,-9.19217,-0.92354,-14.29047,-15.45879,1.16832,3.0192,2.9847,40.26,0.01159,0.3,degraded
6.8,-10.34697,-9.40558,-0.94139,-14.11374,-15.25051,1.13677,2.9947,3.0,40.44,0.01107,0.3,degraded
6.81,-10.58123,-9.59145,-0.98978,-13.93761,-15.0485,1.11089,2.9987,3.0,40.19,0.01001,0.3,degraded
6.82,-10.81846,-9.76409,-1.05437,-13.76208,-14.87325,1.11117,2.9865,3.0,40.33,0.00854,0.3,degraded
6.83,-11.05864,-9.91293,-1.14571,-13.58718,-14.71329,1.12611,2.9866,2.9968,40.31,0.02768,0.3,degraded
6.84,-11.30177,-10.10382,-1.19795,-13.41293,-14.57807,1.16514,3.0086,2.995,40.2,0.02481,0.3,degraded
6.85,-11.54782,-10.29168,-1.25613,-13.23933,-14.42072,1.18139,2.9884,3.0,40.18,0.01641,0.3,degraded
6.86,-11.79677,-10.50658,-1.29019,-13.0664,-14.26044,1.19404,2.989,2.9952,40.31,0.01062,0.3,degraded
6.87,-12.0486,-10.75576,-1.29283,-12.89416,-14.05279,1.15863,2.9948,2.9988,40.45,0.00938,0.3,degraded
6.88,-12.30328,-10.99525,-1.30803,-12.72263,-13.87488,1.15225,2.9877,3.0,40.34,0.00916,0.3,degraded
6.89,-12.5608,-11.2106,-1.35019,-12.55181,-13.71617,1.16436,2.9824,2.9908,40.43,0.00163,0.3,degraded
6.9,-12.82112,-11.43104,-1.39008,-12.38172,-13.56976,1.18804,2.9923,2.9963,40.22,0.00307,0.3,degraded
6.91,-13.08422,-11.65804,-1.42618,-12.21237,-13.40735,1.19498,3.0018,3.0,40.47,0.01329,0.3,degraded
6.92,-13.35007,-11.93113,-1.41893,-12.04378,-13.24816,1.20439,3.0329,3.0,40.71,0.01214,0.3,degraded
6.93,-13.61863,-12.27021,-1.34842,-11.87595,-13.08159,1.20564,3.0005,3.0,40.69,0.01358,0.3,degraded
6.94,-13.88988,-12.59487,-1.29501,-11.7089,-12.90445,1.19555,2.9937,2.9878,40.61,0.01379,0.3,degraded
6.95,-14.16378,-12.89323,-1.27055,-11.54264,-12.65346,1.11082,2.9987,3.0,40.69,0.0088,0.3,degraded
6.96,-14.4403,-13.17842,-1.26188,-11.37718,-12.43488,1.0577,3.0298,2.9891,40.56,0.00933,0.3,degraded
6.97,-14.7194,-13.44153,-1.27787,-11.21253,-12.23357,1.02104,2.9996,2.9933,40.96,0.00987,0.3,degraded
6.98,-15.00104,-13.69321,-1.30783,-11.0487,-12.06283,1.01413,2.9932,2.9972,41.05,0.00817,0.3,degraded
6.99,-15.28519,-13.92113,-1.36406,-10.8857,-11.90578,1.02008,3.0125,2.9909,40.79,0.00863,0.3,degraded
7.0,-15.5718,-14.13673,-1.43506,-10.72353,-11.77645,1.05292,2.9836,3.0,41.17,0.00606,0.3,degraded
7.01,-15.86083,-14.36572,-1.49511,-10.56221,-11.61878,1.05657,3.0065,3.0,40.71,0.00809,0.3,degraded
7.02,-16.15224,-14.61377,-1.53847,-10.40174,-11.44714,1.0454,2.9863,3.0,40.65,0.00953,0.3,degraded
7.03,-16.44599,-14.86533,-1.58066,-10.24213,-11.29274,1.05061,3.0023,2.9899,40.75,0.00825,0.3,degraded
7.04,-16.74202,-15.1233,-1.61872,-10.08339,-11.16787,1.08449,2.9988,2.991,40.85,0.01522,0.3,degraded
7.05,-17.0403,-15.42489,-1.61541,-9.92552,-10.98701,1.0615,2.9962,3.0,41.26,0.0142,0.3,degraded
7.06,-17.34077,-15.79375,-1.54702,-9.76852,-10.82708,1.05855,3.007,2.9808,40.91,0.0091,0.3,degraded
7.07,-17.64339,-16.13909,-1.5043,-9.61242,-10.6811,1.06869,2.9877,2.9875,40.85,0.00611,0.3,degraded
7.08,-17.9481,-16.47288,-1.47522,-9.4572,-10.55594,1.09874,2.9853,2.7375,40.87,0.01045,0.3,degraded
7.09,-18.25485,-16.78329,-1.47157,-9.30287,-10.4019,1.09903,3.0,3.0,41.21,0.00952,0.3,degraded
7.1,-18.5636,-17.08109,-1.48251,-9.14944,-10.22077,1.07134,2.9916,2.9803,41.22,0.00829,0.3,degraded
7.11,-18.87428,-17.35434,-1.51994,-8.99691,-10.05661,1.05971,2.9962,2.9849,41.02,0.00811,0.3,degraded
7.12,-19.18684,-17.61848,-1.56836,-8.84528,-9.91975,1.07447,2.9894,3.0,40.84,0.0207,0.3,degraded
7.13,-19.50122,-17.88367,-1.61755,-8.69456,-9.75283,1.05828,2.9978,2.9891,40.97,0.01979,0.3,degraded
7.14,-19.81738,-18.19822,-1.61916,-8.54474,-9.56766,1.02292,2.9908,3.0,41.42,0.0079,0.3,degraded
7.15,-20.13524,-18.48768,-1.64756,-8.39583,-9.39735,1.00152,2.9874,2.9812,41.28,0.00939,0.3,degraded
7.16,-20.45475,-18.76447,-1.69028,-8.24783,-9.25317,1.00534,3.0004,2.9989,41.2,0.00753,0.3,degraded
7.17,-20.77584,-19.06861,-1.70723,-8.10074,-9.12411,1.02337,3.0091,2.9683,41.48,0.00748,0.3,degraded
7.18,-21.09847,-19.36524,-1.73323,-7.95456,-8.95391,0.99934,2.9877,3.0,41.51,0.01212,0.3,degraded
7.19,-21.42256,-19.68256,-1.74,-7.80929,-8.76861,0.95932,3.023,3.0,41.24,0.01067,0.3,degraded
7.2,-21.74805,-20.02976,-1.7183,-7.66493,-8.61327,0.94834,2.9846,3.0,41.26,0.00872,0.3,degraded
7.21,-22.07488,-20.35166,-1.72323,-7.52147,-8.47343,0.95195,2.9859,2.9902,41.19,0.00937,0.3,degraded
7.22,-22.40299,-20.66557,-1.73741,-7.37892,-8.36409,0.98517,3.0209,3.0,41.25,0.00863,0.3,degraded
7.23,-22.7323,-20.95624,-1.77605,-7.23727,-8.21174,0.97446,3.0044,2.9906,41.08,0.0128,0.3,degraded
7.24,-23.06274,-21.35257,-1.71017,-7.09652,-8.06407,0.96754,3.0141,3.0,41.1,0.01552,0.3,degraded
7.25,-23.39426,-21.73611,-1.65816,-6.95667,-7.93197,0.97529,3.006,2.9814,41.09,0.00711,0.3,degraded
7.26,-23.72679,-22.10646,-1.62033,-6.81772,-7.79596,0.97825,3.0049,3.0,41.53,0.00664,0.3,degraded
7.27,-24.06025,-22.45085,-1.60939,-6.67965,-7.64262,0.96297,3.012,2.9921,41.15,0.00989,0.3,degraded
7.28,-24.39457,-22.78305,-1.61152,-6.54246,-7.51642,0.97396,3.0011,3.0,41.69,0.00828,0.3,degraded
7.29,-24.72969,-23.08771,-1.64198,-6.40616,-7.37278,0.96662,3.0095,3.0,41.31,0.0071,0.3,degraded
7.3,-25.06552,-23.37737,-1.68816,-6.27072,-7.22221,0.95149,2.9806,2.9956,41.69,0.01115,0.3,degraded
7.31,-25.40201,-23.69015,-1.71186,-6.13616,-7.08638,0.95022,2.981,3.0,41.4,0.01042,0.3,degraded
7.32,-25.73908,-24.04036,-1.69872,-6.00246,-6.97486,0.9724,3.0093,2.9922,41.23,0.00791,0.3,degraded
7.33,-26.07666,-24.36646,-1.7102,-5.86962,-6.81931,0.94969,3.0112,2.9975,41.68,0.0061,0.3,degraded
7.34,-26.41466,-24.67982,-1.73484,-5.73762,-6.67277,0.93515,2.9768,3.0,41.71,0.01079,0.3,degraded
7.35,-26.75303,-24.97065,-1.78238,-5.60647,-6.54619,0.93972,2.9883,3.0,41.38,0.00874,0.3,degraded
7.36,-27.09167,-25.35038,-1.74129,-5.47614,-6.41104,0.93489,3.006,2.9856,41.49,0.01041,0.3,degraded
7.37,-27.43053,-25.71748,-1.71305,-5.34665,-6.2749,0.92825,2.9901,2.9943,41.42,0.00616,0.3,degraded
7.38,-27.76951,-26.07518,-1.69433,-5.21797,-6.16202,0.94405,3.022,2.3248,41.56,0.00385,0.3,degraded
7.39,-28.10856,-26.4075,-1.70106,-5.09009,-6.02064,0.93055,2.9937,2.9949,41.61,0.00717,0.3,degraded
7.4,-28.44758,-26.72715,-1.72044,-4.96302,-5.90174,0.93873,3.0071,1.9905,41.56,0.00891,0.3,degraded
7.41,-28.78651,-27.01994,-1.76657,-4.83673,-5.73263,0.8959,2.9991,3.0,41.35,0.01645,0.3,degraded
7.42,-29.12527,-27.41111,-1.71416,-4.71122,-5.58991,0.87869,2.9977,3.0,41.56,0.01718,0.3,degraded
7.43,-29.46377,-27.82559,-1.63818,-4.58648,-5.46309,0.87661,2.977,3.0,41.78,0.00837,0.3,degraded
7.44,-29.80195,-28.22965,-1.57231,-4.46249,-5.35899,0.8965,2.9994,2.9911,41.66,0.00462,0.3,degraded
7.45,-30.13973,-28.60888,-1.53084,-4.33925,-5.2474,0.90815,3.0395,3.0,41.66,0.00631,0.3,degraded
7.46,-30.47702,-28.97592,-1.5011,-4.21674,-5.12772,0.91098,3.0131,3.0,41.59,0.0053,0.3,degraded
7.47,-30.81375,-29.3191,-1.49466,-4.09496,-5.00378,0.90882,3.0031,2.9902,41.65,0.00642,0.3,degraded
7.48,-31.14985,-29.65249,-1.49736,-3.97388,-4.88499,0.91111,2.9991,3.0,41.97,0.00848,0.3,degraded
7.49,-31.48522,-29.96307,-1.52215,-3.8535,-4.73344,0.87994,3.0038,3.0,41.61,0.00734,0.3,degraded
7.5,-31.81981,-30.25983,-1.55997,-3.73381,-4.58947,0.85567,3.0023,2.9904,41.9,0.00919,0.3,degraded
7.51,-32.15352,-30.53332,-1.6202,-3.61478,-4.46113,0.84635,2.994,2.9868,41.81,0.00901,0.3,degraded
7.52,-32.48628,-30.801,-1.68527,-3.49641,-4.35586,0.85945,1.5617,3.0,41.86,0.00836,0.3,degraded
7.53,-32.81801,-31.12643,-1.69158,-3.37869,-4.24724,0.86855,2.9941,3.0,41.73,0.00455,0.3,degraded
7.54,-33.14863,-31.44097,-1.70766,-3.26159,-4.14287,0.88128,3.0015,2.9973,41.8,0.0042,0.3,degraded
7.55,-33.47807,-31.73001,-1.74806,-3.14511,-4.02082,0.8757,3.006,3.0,41.86,0.01251,0.3,degraded
7.56,-33.80625,-32.03584,-1.77041,-3.02923,-3.8734,0.84416,2.9908,3.0,41.81,0.0098,0.3,degraded
7.57,-34.13309,-32.37777,-1.75532,-2.91394,-3.72014,0.8062,2.9994,3.0,41.95,0.00817,0.3,degraded
7.58,-34.45852,-32.70586,-1.75266,-2.79922,-3.59309,0.79388,3.0028,3.0,41.99,0.00842,0.3,degraded
7.59,-34.78245,-33.00857,-1.77388,-2.68505,-3.479,0.79396,2.9936,2.9878,42.26,0.00395,0.3,degraded
7.6,-35.10481,-33.30234,-1.80247,-2.57141,-3.37642,0.80501,2.5299,3.0,41.99,0.00039,0.3,degraded
7.61,-35.42553,-33.59992,-1.82561,-2.4583,-3.26995,0.81165,3.0208,2.9873,41.67,0.00258,0.3,degraded
7.62,-35.74452,-33.91887,-1.82565,-2.3457,-3.16965,0.82395,3.0232,3.0,42.15,0.00245,0.3,degraded
7.63,-36.06171,-34.22686,-1.83485,-2.23359,-3.06142,0.82783,3.0123,3.0,41.96,0.00181,0.3,degraded
7.64,-36.37703,-34.53207,-1.84496,-2.12195,-2.95775,0.8358,3.0112,3.0,42.31,0.00423,0.3,degraded
7.65,-36.6904,-34.84235,-1.84805,-2.01077,-2.8462,0.83543,3.0138,2.9912,42.24,0.00352,0.3,degraded
7.66,-37.00175,-35.16639,-1.83536,-1.90003,-2.7406,0.84058,3.0041,2.9811,41.96,0.01043,0.3,degraded
7.67,-37.31101,-35.51545,-1.79555,-1.78971,-2.60378,0.81408,2.9931,3.0,42.17,0.00776,0.3,degraded
7.68,-37.61809,-35.90501,-1.71309,-1.67979,-2.48289,0.8031,2.9836,2.9909,41.99,0.00851,0.3,degraded
7.69,-37.92293,-36.26866,-1.65428,-1.57026,-2.37065,0.80038,3.0096,3.0,42.09,0.00479,0.3,degraded
7.7,-38.22546,-36.61951,-1.60595,-1.4611,-2.26698,0.80588,2.9992,2.9787,42.21,0.00466,0.3,degraded
7.71,-38.5256,-36.94614,-1.57946,-1.3523,-2.15689,0.80459,2.9729,3.0,42.29,0.00518,0.3,degraded
7.72,-38.82329,-37.26068,-1.56261,-1.24382,-2.0527,0.80888,2.9853,2.9974,42.27,0.00449,0.3,degraded
7.73,-39.11844,-37.54933,-1.56912,-1.13566,-1.94174,0.80608,2.9949,2.9985,42.16,0.00438,0.3,degraded
7.74,-39.411,-37.82418,-1.58682,-1.0278,-1.83606,0.80826,3.0147,2.9663,42.54,0.00761,0.3,degraded
7.75,-39.7009,-38.08695,-1.61395,-0.92021,-1.72402,0.8038,1.7615,2.8137,42.13,0.00515,0.3,degraded
7.76,-39.98806,-38.41201,-1.57606,-0.81289,-1.61651,0.80362,2.9982,2.9843,41.96,0.00471,0.3,degraded
7.77,-40.27242,-38.71226,-1.56016,-0.70581,-1.47853,0.77272,2.9888,2.9846,42.0,0.00556,0.3,degraded
7.78,-40.55392,-39.00235,-1.55157,-0.59894,-1.36583,0.76689,3.0228,2.9606,42.45,0.00698,0.3,degraded
7.79,-40.83248,-39.26616,-1.56632,-0.49228,-1.25492,0.76264,3.0056,2.9757,42.22,0.00117,0.3,degraded
7.8,-41.10805,-39.53792,-1.57012,-0.38581,-1.14927,0.76346,2.9891,2.9927,42.27,0.00287,0.3,degraded
7.81,-41.38055,-39.79725,-1.5833,-0.2795,-1.03817,0.75867,2.9866,2.986,42.18,0.0021,0.3,degraded
7.82,-41.64993,-40.07587,-1.57406,-0.17333,-0.93251,0.75918,2.9838,3.0,42.2,0.00025,0.3,degraded
7.83,-41.91613,-40.34121,-1.57492,-0.06729,-0.82219,0.7549,2.9741,2.981,42.17,0.00499,0.3,degraded
7.84,-42.17908,-40.64119,-1.53789,0.03864,-0.71853,0.75717,3.0015,3.0,42.37,0.00474,0.3,degraded
7.85,-42.43872,-40.93497,-1.50375,0.14448,-0.61169,0.75617,3.0073,3.0,42.3,0.006,0.3,degraded
7.86,-42.695,-41.21621,-1.47879,0.25026,-0.48823,0.73849,2.9993,2.9852,42.39,0.0058,0.3,degraded
7.87,-42.94786,-41.47153,-1.47633,0.35599,-0.37476,0.73074,2.9905,3.0,42.39,0.00407,0.3,degraded
7.88,-43.19724,-41.72704,-1.4702,0.46168,-0.27066,0.73234,3.0063,2.9903,42.28,0.00376,0.3,degraded
7.89,-43.44308,-41.97456,-1.46852,0.56737,-0.16077,0.72814,2.2626,2.9809,42.14,0.00343,0.3,degraded
7.9,-43.68533,-42.25389,-1.43144,0.67307,-0.06017,0.73323,3.0149,2.9773,42.14,0.00562,0.3,degraded
7.91,-43.92395,-42.50823,-1.41571,0.77879,0.05071,0.72808,2.9824,3.0,42.84,0.00381,0.3,degraded
7.92,-44.15886,-42.75332,-1.40554,0.88456,0.15549,0.72907,3.0107,2.9933,42.62,0.0028,0.3,degraded
7.93,-44.39003,-42.99256,-1.39747,0.9904,0.26577,0.72463,2.9845,3.0,42.61,0.0079,0.3,degraded
7.94,-44.61741,-43.25986,-1.35755,1.09633,0.37034,0.72598,2.9993,2.9796,42.32,0.00368,0.3,degraded
7.95,-44.84094,-43.53847,-1.30248,1.20236,0.48092,0.72144,2.989,3.0,42.43,0.00472,0.3,degraded
7.96,-45.06059,-43.80438,-1.25621,1.30852,0.5846,0.72391,3.0153,3.0,42.32,0.00565,0.3,degraded
7.97,-45.27629,-44.04784,-1.22845,1.41482,0.69431,0.72051,2.9982,3.0,42.25,0.00384,0.3,degraded
7.98,-45.48801,-44.27973,-1.20829,1.52128,0.79605,0.72523,3.0138,3.0,42.37,0.00529,0.3,degraded
7.99,-45.69571,-44.48482,-1.21089,1.62793,0.90504,0.72289,2.9693,3.0,42.67,0.01025,0.3,degraded
8.0,-45.89935,-44.73802,-1.16133,1.73478,1.00902,0.72576,3.0025,3.0,42.61,0.0081,0.3,degraded
8.01,-46.09887,-45.02351,-1.07536,1.84184,1.11904,0.72281,3.0155,2.9911,42.35,0.00466,0.3,degraded
8.02,-46.29425,-45.2968,-0.99745,1.94915,1.22229,0.72686,3.0066,2.9962,42.46,0.00599,0.3,degraded
8.03,-46.48544,-45.54395,-0.94149,2.05671,1.33017,0.72654,2.9949,2.9987,42.63,0.00443,0.3,degraded
8.04,-46.67242,-45.77804,-0.89438,2.16455,1.43332,0.73124,3.0116,2.9901,42.44,0.00518,0.3,degraded
8.05,-46.85513,-45.98835,-0.86678,2.27268,1.54455,0.72814,3.0245,2.9789,42.55,0.00609,0.3,degraded
8.06,-47.03356,-46.18522,-0.84834,2.38113,1.64935,0.73178,2.9905,3.0,42.6,0.00554,0.3,degraded
8.07,-47.20767,-46.35526,-0.8524,2.4899,1.75972,0.73018,3.0092,2.7527,42.61,0.00486,0.3,degraded
8.08,-47.37742,-46.51319,-0.86423,2.59902,1.86741,0.73161,2.9958,2.9891,42.59,0.00737,0.3,degraded
8.09,-47.54279,-46.64606,-0.89673,2.70851,1.97981,0.72869,2.9948,3.0,42.46,0.00942,0.3,degraded
8.1,-47.70375,-46.85271,-0.85103,2.81838,2.08487,0.73351,2.9996,2.9835,42.48,0.00958,0.3,degraded
8.11,-47.86027,-47.07379,-0.78648,2.92865,2.2097,0.71895,2.9977,2.9805,42.41,0.00831,0.3,degraded
8.12,-48.01233,-47.28224,-0.73009,3.03933,2.32126,0.71807,2.9942,2.9909,42.35,0.00484,0.3,degraded
8.13,-48.15991,-47.46676,-0.69314,3.15045,2.44417,0.70628,3.0074,3.0,42.57,0.00717,0.3,degraded
8.14,-48.30298,-47.64163,-0.66134,3.26203,2.54454,0.71749,2.9863,3.0,42.72,0.0058,0.3,degraded
8.15,-48.44152,-47.79048,-0.65104,3.37406,2.65594,0.71813,2.9854,3.0,42.39,0.00491,0.3,degraded
8.16,-48.57552,-47.92777,-0.64774,3.48659,2.75844,0.72814,2.9685,3.0,42.65,0.00411,0.3,degraded
8.17,-48.70495,-48.04088,-0.66407,3.59961,2.87402,0.72559,3.0165,2.9882,42.72,0.00746,0.3,degraded
8.18,-48.8298,-48.14152,-0.68829,3.71315,2.98028,0.73287,2.9998,2.7738,42.33,0.00217,0.3,degraded
8.19,-48.95007,-48.23351,-0.71655,3.82722,3.09585,0.73136,2.9992,2.9827,42.57,0.00077,0.3,degraded
8.2,-49.06572,-48.33189,-0.73383,3.94183,3.21213,0.7297,3.0062,3.0,42.86,0.00247,0.3,degraded
8.21,-49.17676,-48.42317,-0.75359,4.05701,3.3283,0.72871,2.9765,2.987,42.7,0.00507,0.3,degraded
8.22,-49.28317,-48.52182,-0.76135,4.17276,3.43828,0.73448,2.9969,2.1883,42.34,0.00659,0.3,degraded
8.23,-49.38495,-48.63931,-0.74564,4.2891,3.59074,0.69836,3.0215,3.0,42.72,0.00688,0.3,degraded
8.24,-49.48209,-48.75485,-0.72724,4.40605,3.71311,0.69295,2.9852,3.0,42.51,0.00787,0.3,degraded
8.25,-49.57458,-48.84892,-0.72566,4.52362,3.82199,0.70163,2.9874,2.9774,42.73,0.00178,0.3,degraded
8.26,-49.66242,-48.94735,-0.71507,4.64182,3.9268,0.71501,2.9811,3.0,42.52,0.00123,0.3,degraded
8.27,-49.74561,-49.03902,-0.70659,4.76066,4.0365,0.72416,2.9862,3.0,42.62,0.00432,0.3,degraded
8.28,-49.82416,-49.1374,-0.68676,4.88016,4.15967,0.72049,3.0086,3.0,42.55,0.00053,0.3,degraded
8.29,-49.89805,-49.22814,-0.66991,5.00034,4.27802,0.72232,2.9968,2.9855,42.63,0.00316,0.3,degraded
8.3,-49.96729,-49.32595,-0.64135,5.12119,4.38306,0.73814,3.0255,3.0,42.55,0.00278,0.3,degraded
8.31,-50.0319,-49.41813,-0.61377,5.24275,4.49437,0.74838,2.992,2.9801,42.6,0.00345,0.3,degraded
8.32,-50.09187,-49.51645,-0.57542,5.36501,4.62514,0.73987,3.0239,2.9986,42.46,0.00226,0.3,degraded
8.33,-50.14721,-49.6075,-0.53971,5.48799,4.75423,0.73376,3.0018,2.9878,42.71,0.00566,0.3,degraded
8.34,-50.19793,-49.70356,-0.49437,5.61169,4.86036,0.75134,3.0277,3.0,42.67,0.0004,0.3,degraded
8.35,-50.24405,-49.79251,-0.45153,5.73614,4.98235,0.7538,2.9941,3.0,42.4,0.00531,0.3,degraded
8.36,-50.28557,-49.88919,-0.39637,5.86134,5.11073,0.75061,3.0048,3.0,42.8,0.00359,0.3,degraded
8.37,-50.32251,-49.97737,-0.34514,5.9873,5.25018,0.73712,2.9812,3.0,42.62,0.0047,0.3,degraded
8.38,-50.35488,-50.07263,-0.28225,6.11403,5.36214,0.75189,3.0285,2.9939,42.68,0.00109,0.3,degraded
8.39,-50.3827,-50.16157,-0.22114,6.24154,5.48686,0.75467,3.0132,2.9713,42.77,0.00262,0.3,degraded
8.4,-50.406,-50.25874,-0.14725,6.36983,5.59636,0.77347,2.9788,2.9308,42.7,0.00362,0.3,degraded
8.41,-50.42478,-50.34935,-0.07543,6.49892,5.75355,0.74538,3.0153,3.0,42.83,0.00251,0.3,degraded
8.42,-50.43907,-50.4445,0.00543,6.62882,5.88739,0.74143,3.0058,3.0,42.62,0.00632,0.3,degraded
8.43,-50.4489,-50.53027,0.08138,6.75952,6.00471,0.75481,2.9907,2.9988,42.82,0.002,0.3,degraded
8.44,-50.45428,-50.62044,0.16615,6.89105,6.11283,0.77822,3.0086,2.6012,42.69,0.00389,0.3,degraded
8.45,-50.45525,-50.67977,0.22452,7.0234,6.2381,0.7853,3.0084,2.9899,42.75,0.01894,0.3,degraded
8.46,-50.45183,-50.71713,0.2653,7.15658,6.3551,0.80148,3.009,2.9966,42.74,0.02139,0.3,degraded
8.47,-50.44405,-50.648,0.20395,7.2906,6.55304,0.73756,3.0089,3.0,42.88,0.00564,0.3,degraded
8.48,-50.43194,-50.58611,0.15417,7.42546,6.73164,0.69382,3.0006,3.0,42.82,0.00657,0.3,degraded
8.49,-50.41554,-50.5175,0.10197,7.56117,6.89124,0.66993,3.02,3.0,42.66,0.00613,0.3,degraded
8.5,-50.39487,-50.45481,0.05994,7.69774,7.0233,0.67443,2.9808,3.0,42.64,0.00476,0.3,degraded
8.51,-50.36996,-50.38711,0.01715,7.83516,7.13751,0.69765,3.0131,3.0,42.74,0.00563,0.3,degraded
8.52,-50.34087,-50.33786,-0.003,7.97344,7.23796,0.73548,2.9834,3.0,42.65,0.0034,0.3,degraded
8.53,-50.30761,-50.28681,-0.0208,8.11259,7.34244,0.77015,2.9769,2.9828,42.61,0.00146,0.3,degraded
8.54,-50.27024,-50.24325,-0.02698,8.2526,7.45384,0.79876,2.9948,3.0,42.46,0.00493,0.3,degraded
8.55,-50.22878,-50.19338,-0.03541,8.39348,7.57574,0.81774,3.0057,3.0,42.56,0.00321,0.3,degraded
8.56,-50.18329,-50.15409,-0.0292,8.53523,7.69974,0.83549,2.9888,2.9832,43.1,0.0009,0.3,degraded
8.57,-50.1338,-50.10921,-0.02459,8.67786,7.83822,0.83964,3.0076,2.9931,42.72,0.00189,0.3,degraded
8.58,-50.08036,-50.07204,-0.00832,8.82136,7.96107,0.8603,2.9878,2.9867,43.11,0.00533,0.3,degraded
8.59,-50.02301,-50.02852,0.00551,8.96574,8.13731,0.82842,2.9849,2.997,42.9,0.00349,0.3,degraded
8.6,-49.9618,-49.9917,0.0299,9.11098,8.29451,0.81648,2.9874,2.9883,42.84,0.00593,0.3,degraded
8.61,-49.89678,-49.95116,0.05438,9.25711,8.43362,0.82348,3.0046,2.9996,42.64,0.00365,0.3,degraded
8.62,-49.82798,-49.91834,0.09036,9.40411,8.55396,0.85014,2.9871,3.0,42.87,0.00133,0.3,degraded
8.63,-49.75548,-49.88205,0.12657,9.55197,8.68373,0.86825,2.9854,2.9912,43.17,0.00181,0.3,degraded
8.64,-49.6793,-49.85464,0.17533,9.70071,8.81747,0.88325,3.0046,3.0,43.13,0.00859,0.3,degraded
8.65,-49.59952,-49.82228,0.22276,9.85032,8.95381,0.89651,2.9947,1.9973,42.95,0.00367,0.3,degraded
8.66,-49.51617,-49.79771,0.28154,10.0008,9.12567,0.87513,2.975,2.987,42.75,0.00553,0.3,degraded
8.67,-49.42931,-49.76918,0.33987,10.15213,9.28318,0.86896,2.9819,3.0,42.79,0.00633,0.3,degraded
8.68,-49.339,-49.74629,0.40729,10.30433,9.41379,0.89054,3.0064,2.9838,42.81,0.00235,0.3,degraded
8.69,-49.2453,-49.71845,0.47315,10.45738,9.54498,0.9124,3.0062,2.9926,43.14,0.00329,0.3,degraded
8.7,-49.14826,-49.70062,0.55236,10.61128,9.68816,0.92312,3.0049,3.0,43.21,0.00242,0.3,degraded
8.71,-49.04793,-49.67577,0.62784,10.76602,9.82988,0.93614,2.9935,2.9848,43.0,0.00438,0.3,degraded
8.72,-48.94439,-49.65564,0.71125,10.9216,9.99949,0.92211,2.9912,2.9808,42.94,0.00562,0.3,degraded
8.73,-48.83768,-49.61747,0.77979,11.07802,10.17684,0.90118,3.0033,3.0,43.23,0.01409,0.3,degraded
8.74,-48.72787,-49.52423,0.79636,11.23526,10.32256,0.91271,3.003,2.9998,42.86,0.01391,0.3,degraded
8.75,-48.61502,-49.42726,0.81224,11.39333,10.46408,0.92925,2.9835,1.3146,43.04,0.00834,0.3,degraded
8.76,-48.49919,-49.33639,0.8372,11.5522,10.68416,0.86804,2.9847,2.999,43.12,0.00716,0.3,degraded
8.77,-48.38045,-49.23989,0.85945,11.71188,10.88905,0.82283,3.0022,2.9928,42.94,0.00525,0.3,degraded
8.78,-48.25886,-49.1519,0.89304,11.87236,11.0676,0.80476,3.0372,3.0,42.99,0.00516,0.3,degraded
8.79,-48.13448,-49.0554,0.92092,12.03362,11.22787,0.80575,3.0033,2.9781,42.99,0.00656,0.3,degraded
8.8,-48.00738,-48.96493,0.95755,12.19566,11.36409,0.83157,2.9717,3.0,43.33,0.01348,0.3,degraded
8.81,-47.87763,-48.78442,0.90679,12.35847,11.48769,0.87078,2.9899,2.9997,43.42,0.01783,0.3,degraded
8.82,-47.74528,-48.60734,0.86205,12.52204,11.60706,0.91498,3.0005,1.2092,43.18,0.01456,0.3,degraded
8.83,-47.61042,-48.43908,0.82865,12.68635,11.83012,0.85623,3.0095,2.9828,43.14,0.00898,0.3,degraded
8.84,-47.47311,-48.29227,0.81916,12.8514,12.02259,0.82881,3.003,2.9783,43.11,0.00822,0.3,degraded
8.85,-47.33342,-48.15714,0.82373,13.01717,12.1988,0.81837,2.9926,3.0,43.22,0.01052,0.3,degraded
8.86,-47.19141,-48.04763,0.85622,13.18365,12.34433,0.83933,2.999,3.0,43.15,0.00921,0.3,degraded
8.87,-47.04715,-47.94867,0.90151,13.35083,12.47102,0.87981,3.0282,2.9737,43.23,0.00816,0.3,degraded
8.88,-46.90072,-47.81289,0.91217,13.5187,12.57949,0.93921,2.9845,2.9967,43.33,0.01605,0.3,degraded
8.89,-46.75219,-47.65511,0.90292,13.68724,12.7439,0.94334,2.9906,2.9943,43.23,0.01141,0.3,degraded
8.9,-46.60162,-47.52608,0.92446,13.85643,12.93398,0.92245,3.0155,2.9919,43.28,0.00784,0.3,degraded
8.91,-46.44909,-47.4087,0.9596,14.02627,13.10746,0.91881,2.9905,2.9815,43.3,0.01125,0.3,degraded
8.92,-46.29468,-47.23873,0.94405,14.19674,13.25219,0.94455,3.0229,2.9897,43.3,0.01014,0.3,degraded
8.93,-46.13844,-47.07888,0.94044,14.36782,13.38347,0.98435,3.0015,3.0,43.29,0.0132,0.3,degraded
8.94,-45.98046,-46.94486,0.9644,14.53949,13.57943,0.96006,2.9948,2.9916,43.5,0.01392,0.3,degraded
8.95,-45.82081,-46.79278,0.97197,14.71175,13.80066,0.91108,3.0244,3.0,43.14,0.01038,0.3,degraded
8.96,-45.65955,-46.61915,0.9596,14.88457,13.99166,0.8929,2.9991,2.9886,43.67,0.00703,0.3,degraded
8.97,-45.49677,-46.45704,0.96027,15.05793,14.17017,0.88776,3.0243,3.0,43.47,0.00845,0.3,degraded
8.98,-45.33254,-46.31853,0.98599,15.23183,14.32147,0.91036,2.9986,2.965,43.56,0.00631,0.3,degraded
8.99,-45.16692,-46.17969,1.01277,15.40623,14.45921,0.94702,2.9845,2.9916,43.59,0.00785,0.3,degraded
9.0,-45.0,-46.02806,1.02806,15.58113,14.5743,1.00682,2.9981,2.2482,43.4,0.00381,0.3,degraded
9.01,-44.83184,-45.83785,1.00601,15.75649,14.72343,1.03306,2.9803,3.0,43.39,0.01049,0.3,degraded
9.02,-44.66253,-45.67438,1.01185,15.93232,14.86811,1.06421,3.011,3.0,43.39,0.00742,0.3,degraded
9.03,-44.49212,-45.52419,1.03207,16.10857,15.05309,1.05548,3.0164,3.0,43.53,0.00745,0.3,degraded
9.04,-44.32071,-45.34076,1.02005,16.28524,15.20826,1.07698,3.0111,3.0,43.69,0.00799,0.3,degraded
9.05,-44.14835,-45.17039,1.02204,16.4623,15.34908,1.11322,2.9827,3.0,43.52,0.00673,0.3,degraded
9.06,-43.97513,-45.01925,1.04412,16.63974,15.54919,1.09055,3.0089,2.9829,43.72,0.00646,0.3,degraded
9.07,-43.80111,-44.85553,1.05442,16.81752,15.746,1.07152,3.012,2.9955,43.3,0.01305,0.3,degraded
9.08,-43.62638,-44.63304,1.00666,16.99563,15.91459,1.08104,3.0014,2.987,43.62,0.01119,0.3,degraded
9.09,-43.45099,-44.40275,0.95175,17.17405,16.07319,1.10086,3.0161,2.9797,43.87,0.00457,0.3,degraded
9.1,-43.27504,-44.19589,0.92086,17.35275,16.21994,1.13281,3.0246,2.9895,43.7,0.00568,0.3,degraded
9.11,-43.09857,-43.99876,0.90018,17.53171,16.38702,1.14469,2.9961,3.0,43.62,0.00422,0.3,degraded
9.12,-42.92168,-43.82355,0.90187,17.71091,16.53871,1.1722,2.9875,3.0,43.67,0.00361,0.3,degraded
9.13,-42.74443,-43.66138,0.91695,17.89033,16.70409,1.18624,3.0091,2.9717,43.33,0.00576,0.3,degraded
9.14,-42.5669,-43.52151,0.95462,18.06993,16.87312,1.19681,3.0034,2.9991,43.65,0.00162,0.3,degraded
9.15,-42.38914,-43.36753,0.97839,18.2497,17.03691,1.21279,2.996,3.0,43.98,0.00431,0.3,degraded
9.16,-42.21125,-43.21353,1.00228,18.42961,17.21508,1.21452,2.9894,2.9975,43.76,0.00294,0.3,degraded
9.17,-42.03327,-43.04525,1.01198,18.60963,17.38282,1.22682,3.0147,3.0,43.8,0.00402,0.3,degraded
9.18,-41.85529,-42.8884,1.03311,18.78975,17.54879,1.24096,3.0122,2.9956,43.54,0.0162,0.3,degraded
9.19,-41.67738,-42.70406,1.02669,18.96992,17.78662,1.1833,3.0094,2.9904,43.67,0.01314,0.3,degraded
9.2,-41.49959,-42.50129,1.0017,19.15014,18.03199,1.11815,3.0117,2.9938,44.12,0.0104,0.3,degraded
9.21,-41.32201,-42.31181,0.98981,19.33037,18.25964,1.07073,2.982,3.0,44.06,0.00835,0.3,degraded
9.22,-41.14469,-42.1502,1.0055,19.51058,18.45723,1.05335,2.9931,2.9749,43.79,0.00927,0.3,degraded
9.23,-40.96771,-41.95931,0.9916,19.69075,18.63764,1.05311,2.9974,2.9994,43.92,0.00989,0.3,degraded
9.24,-40.79113,-41.76555,0.97441,19.87086,18.78918,1.08168,3.0185,3.0,44.03,0.01223,0.3,degraded
9.25,-40.61502,-41.58565,0.97063,20.05086,18.95926,1.0916,3.0238,2.977,43.88,0.01346,0.3,degraded
9.26,-40.43944,-41.43081,0.99138,20.23074,19.18886,1.04188,3.0121,3.0,43.78,0.00968,0.3,degraded
9.27,-40.26445,-41.23523,0.97078,20.41047,19.3993,1.01118,3.0108,2.9953,44.08,0.00791,0.3,degraded
9.28,-40.09012,-41.05112,0.961,20.59002,19.58227,1.00775,2.9895,2.9927,44.21,0.00856,0.3,degraded
9.29,-39.91652,-40.87571,0.95919,20.76936,19.74983,1.01953,2.9958,3.0,44.24,0.00958,0.3,degraded
9.3,-39.74369,-40.72177,0.97808,20.94846,19.88845,1.06001,3.0008,3.0,44.3,0.01263,0.3,degraded
9.31,-39.57171,-40.51219,0.94048,21.12729,20.05648,1.07081,3.0327,3.0,43.96,0.01347,0.3,degraded
9.32,-39.40064,-40.28396,0.88332,21.30582,20.24243,1.06339,3.007,3.0,44.23,0.00953,0.3,degraded
9.33,-39.23053,-40.06704,0.83651,21.48403,20.41261,1.07142,3.0113,2.9756,44.2,0.00805,0.3,degraded
9.34,-39.06144,-39.87425,0.81281,21.66188,20.55738,1.1045,2.9991,2.999,44.25,0.01492,0.3,degraded
9.35,-38.89343,-39.6953,0.80187,21.83935,20.73067,1.10868,3.0122,2.9928,44.25,0.0159,0.3,degraded
9.36,-38.72655,-39.54074,0.81419,22.0164,20.977,1.0394,3.0085,3.0,44.21,0.00842,0.3,degraded
9.37,-38.56086,-39.39893,0.83806,22.193,21.20688,0.98612,2.9826,3.0,43.88,0.00594,0.3,degraded
9.38,-38.39642,-39.26404,0.86761,22.36913,21.40877,0.96036,3.0112,3.0,44.53,0.00749,0.3,degraded
9.39,-38.23328,-39.11016,0.87688,22.54475,21.59663,0.94811,2.9652,3.0,44.42,0.00694,0.3,degraded
9.4,-38.07148,-38.97747,0.90599,22.71982,21.75692,0.96291,2.996,3.0,44.17,0.00928,0.3,degraded
9.41,-37.91109,-38.80811,0.89702,22.89433,21.89976,0.99457,2.9746,3.0,44.48,0.00969,0.3,degraded
9.42,-37.75215,-38.63673,0.88458,23.06824,22.01416,1.05408,2.9759,3.0,44.36,0.00343,0.3,degraded
9.43,-37.59471,-38.47238,0.87767,23.24152,22.14268,1.09883,3.0066,3.0,44.38,0.00914,0.3,degraded
9.44,-37.43881,-38.33249,0.89368,23.41413,22.28578,1.12835,3.0015,3.0,44.35,0.00607,0.3,degraded
9.45,-37.28451,-38.16194,0.87743,23.58605,22.44099,1.14505,2.9982,3.0,44.57,0.01121,0.3,degraded
9.46,-37.13185,-37.98975,0.8579,23.75724,22.60251,1.15473,2.9926,2.9811,44.39,0.01182,0.3,degraded
9.47,-36.98087,-37.8301,0.84923,23.92767,22.83054,1.09712,3.0094,2.9914,44.37,0.00962,0.3,degraded
9.48,-36.83162,-37.6935,0.86188,24.09731,23.03043,1.06688,3.0108,3.0,44.72,0.01021,0.3,degraded
9.49,-36.68413,-37.52068,0.83655,24.26613,23.21488,1.05124,3.0303,3.0,44.55,0.00887,0.3,degraded
9.5,-36.53846,-37.34131,0.80285,24.43409,23.36982,1.06427,3.0112,3.0,44.58,0.01005,0.3,degraded
9.51,-36.39463,-37.17186,0.77723,24.60117,23.50749,1.09368,2.9792,3.0,44.72,0.00613,0.3,degraded
9.52,-36.25269,-37.02863,0.77594,24.76733,23.65413,1.1132,3.0129,2.9766,44.53,0.00431,0.3,degraded
9.53,-36.11266,-36.89769,0.78502,24.93253,23.80063,1.13191,3.0142,3.0,44.58,0.01215,0.3,degraded
9.54,-35.9746,-36.75668,0.78208,25.09676,23.98564,1.11112,2.9895,2.9907,44.72,0.01243,0.3,degraded
9.55,-35.83852,-36.57643,0.73791,25.25997,24.1831,1.07687,2.9989,2.9826,44.47,0.00741,0.3,degraded
9.56,-35.70447,-36.41967,0.7152,25.42213,24.35442,1.06771,3.0,2.9923,44.75,0.00939,0.3,degraded
9.57,-35.57247,-36.2745,0.70202,25.58321,24.51247,1.07074,3.0026,2.9954,44.62,0.00973,0.3,degraded
9.58,-35.44256,-36.15477,0.71221,25.74318,24.64071,1.10247,3.018,3.0,44.88,0.00903,0.3,degraded
9.59,-35.31476,-36.04253,0.72777,25.90201,24.84846,1.05354,2.9924,2.985,44.85,0.00803,0.3,degraded
9.6,-35.18909,-35.9293,0.7402,26.05966,25.03812,1.02153,3.0012,3.0,44.85,0.00634,0.3,degraded
9.61,-35.06559,-35.81931,0.75372,26.2161,25.21065,1.00544,3.0123,3.0,44.56,0.00795,0.3,degraded
9.62,-34.94428,-35.65753,0.71325,26.37129,25.352,1.01929,3.0004,3.0,44.81,0.01009,0.3,degraded
9.63,-34.82518,-35.50657,0.6814,26.52522,25.47824,1.04698,2.9984,3.0,44.66,0.01012,0.3,degraded
9.64,-34.70831,-35.37901,0.67071,26.67784,25.66294,1.01491,3.0036,2.9882,44.85,0.00858,0.3,degraded
9.65,-34.59369,-35.26166,0.66798,26.82913,25.84119,0.98793,3.01,3.0,44.53,0.00887,0.3,degraded
9.66,-34.48134,-35.16667,0.68533,26.97904,25.98617,0.99287,2.9971,3.0,44.66,0.00913,0.3,degraded
9.67,-34.37127,-35.04449,0.67322,27.12756,26.11217,1.01539,2.9892,2.9866,45.08,0.00329,0.3,degraded
9.68,-34.26351,-34.92812,0.66461,27.27464,26.22821,1.04643,3.0137,3.0,44.98,0.01174,0.3,degraded
9.69,-34.15806,-34.82536,0.66729,27.42026,26.38444,1.03582,3.0206,3.0,44.88,0.00719,0.3,degraded
9.7,-34.05494,-34.73513,0.68019,27.56438,26.55387,1.01051,2.9976,3.0,44.82,0.00619,0.3,degraded
9.71,-33.95416,-34.61793,0.66377,27.70697,26.70736,0.99961,2.9872,2.9897,44.81,0.0085,0.3,degraded
9.72,-33.85573,-34.51804,0.66231,27.84801,26.82962,1.01838,2.9961,3.0,45.01,0.00352,0.3,degraded
9.73,-33.75965,-34.39645,0.6368,27.98746,26.95423,1.03322,2.9787,2.9945,44.95,0.00619,0.3,degraded
9.74,-33.66593,-34.30022,0.63429,28.12528,27.08107,1.04421,3.0008,2.9977,45.25,0.00328,0.3,degraded
9.75,-33.57458,-34.20477,0.63019,28.26146,27.2146,1.04686,3.0061,3.0,45.0,0.00621,0.3,degraded
9.76,-33.4856,-34.11488,0.62929,28.39595,27.39656,0.99939,2.9911,2.9945,45.05,0.00508,0.3,degraded
9.77,-33.39898,-34.01934,0.62036,28.52874,27.57227,0.95647,2.9996,2.997,44.85,0.0047,0.3,degraded
9.78,-33.31474,-33.93051,0.61577,28.65977,27.71882,0.94096,2.9874,2.9803,45.02,0.00655,0.3,degraded
9.79,-33.23287,-33.83284,0.59996,28.78904,27.84905,0.93999,3.0,3.0,45.12,0.00359,0.3,degraded
9.8,-33.15337,-33.74515,0.59178,28.91651,27.95673,0.95978,2.9945,2.9759,45.05,0.00075,0.3,degraded
9.81,-33.07623,-33.65079,0.57456,29.04214,28.06928,0.97286,2.9974,2.9881,45.04,0.00911,0.3,degraded
9.82,-33.00145,-33.56152,0.56007,29.16591,28.24921,0.9167,2.9947,3.0,45.18,0.0063,0.3,degraded
9.83,-32.92901,-33.46602,0.53701,29.28779,28.42519,0.86261,3.0344,2.9946,45.38,0.00453,0.3,degraded
9.84,-32.85892,-33.37622,0.5173,29.40775,28.57436,0.83339,3.022,3.0,45.19,0.00638,0.3,degraded
9.85,-32.79116,-33.28007,0.48891,29.52577,28.70847,0.8173,3.006,2.9972,45.35,0.0041,0.3,degraded
9.86,-32.72571,-33.19034,0.46462,29.6418,28.81812,0.82368,3.0054,3.0,45.28,0.00142,0.3,degraded
9.87,-32.66258,-33.09546,0.43289,29.75583,28.92961,0.82622,2.9929,3.0,45.37,0.00218,0.3,degraded
9.88,-32.60173,-33.00746,0.40574,29.86783,29.0331,0.83473,3.0086,2.9731,45.13,0.00217,0.3,degraded
9.89,-32.54316,-32.9119,0.36874,29.97777,29.14236,0.83542,3.0078,2.994,45.2,0.0,0.3,degraded
9.9,-32.48684,-32.82285,0.33601,30.08562,29.24381,0.84182,2.9981,3.0,45.21,0.00174,0.3,degraded
9.91,-32.43276,-32.72749,0.29473,30.19136,29.35366,0.8377,3.0039,3.0,45.34,0.00227,0.3,degraded
9.92,-32.38091,-32.63772,0.25681,30.29496,29.45523,0.83973,2.9952,2.9668,45.39,0.00022,0.3,degraded
9.93,-32.33124,-32.54159,0.21035,30.39639,29.56515,0.83124,2.9919,2.9866,45.3,0.00206,0.3,degraded
9.94,-32.28375,-32.45144,0.16769,30.49562,29.67014,0.82548,3.0001,3.0,45.43,0.00219,0.3,degraded
9.95,-32.23841,-32.35642,0.11802,30.59264,29.77899,0.81365,2.995,3.0,45.23,0.00021,0.3,degraded
9.96,-32.19518,-32.2673,0.07211,30.68741,29.88139,0.80602,3.0083,2.9725,45.46,0.00121,0.3,degraded
9.97,-32.15406,-32.17312,0.01907,30.77991,29.99317,0.78675,2.9878,3.0,45.49,0.00255,0.3,degraded
9.98,-32.11499,-32.086,-0.02899,30.87012,30.09533,0.77479,3.0149,2.9857,45.45,0.00075,0.3,degraded
9.99,-32.07796,-31.99142,-0.08655,30.95801,30.20434,0.75368,2.9997,2.9865,45.38,0.0017,0.3,degraded
10.0,-32.04294,-31.90176,-0.14118,31.04356,30.30815,0.73541,3.0174,3.0,45.48,0.00811,0.3,degraded
10.01,-32.00989,-31.83611,-0.17377,31.12674,30.41716,0.70958,3.0018,3.0,45.25,0.00595,0.3,degraded
10.02,-31.97877,-31.8023,-0.17647,31.20753,30.5204,0.68713,3.004,2.9801,45.43,0.00236,0.3,degraded
10.03,-31.94955,-31.76016,-0.18939,31.28592,30.63256,0.65336,3.0051,3.0,45.45,0.00281,0.3,degraded
10.04,-31.9222,-31.7269,-0.1953,31.36186,30.73674,0.62512,2.9851,3.0,45.22,0.00086,0.3,degraded
10.05,-31.89667,-31.686,-0.21067,31.43536,30.84442,0.59094,2.9883,2.9812,45.5,0.00064,0.3,degraded
10.06,-31.87293,-31.65025,-0.22268,31.50637,30.94425,0.56212,2.9952,3.0,45.25,0.00237,0.3,degraded
10.07,-31.85094,-31.60857,-0.24237,31.57489,31.04772,0.52717,2.9895,3.0,45.38,0.00061,0.3,degraded
10.08,-31.83065,-31.57399,-0.25667,31.64089,31.14251,0.49837,3.0068,3.0,45.46,0.00043,0.3,degraded
10.09,-31.81202,-31.53339,-0.27863,31.70434,31.24198,0.46236,2.9951,3.0,45.36,0.00287,0.3,degraded
10.1,-31.79502,-31.50267,-0.29235,31.76524,31.33691,0.42834,2.9991,2.9996,45.49,0.00505,0.3,degraded
10.11,-31.77958,-31.49479,-0.28479,31.82357,31.43482,0.38874,3.0008,3.0,45.5,0.00396,0.3,degraded
10.12,-31.76567,-31.49719,-0.26848,31.87929,31.52513,0.35416,3.002,3.0,45.37,0.00271,0.3,degraded
10.13,-31.75325,-31.49611,-0.25714,31.9324,31.62261,0.30979,2.9963,3.0,45.59,0.00112,0.3,degraded
10.14,-31.74225,-31.50141,-0.24083,31.98288,31.71508,0.2678,3.0028,2.9929,45.4,0.00073,0.3,degraded
10.15,-31.73263,-31.49995,-0.23268,32.0307,31.81275,0.21795,2.9929,3.0,45.86,0.00196,0.3,degraded
10.16,-31.72435,-31.50482,-0.21953,32.07586,31.90331,0.17255,2.9658,3.0,45.51,0.002,0.3,degraded
10.17,-31.71735,-31.50368,-0.21366,32.11833,31.99562,0.12271,2.9929,3.0,45.36,0.00119,0.3,degraded
10.18,-31.71157,-31.5107,-0.20087,32.15811,32.07802,0.08009,2.9678,3.0,45.4,0.00181,0.3,degraded
10.19,-31.70697,-31.51284,-0.19412,32.19517,32.16516,0.03,2.9979,2.992,45.72,0.00228,0.3,degraded
10.2,-31.70348,-31.52147,-0.18201,32.22949,32.24917,-0.01968,3.0112,3.0,45.5,0.00101,0.3,degraded
10.21,-31.70106,-31.52252,-0.17855,32.26108,32.34459,-0.08351,3.0163,3.0,45.36,0.00192,0.3,degraded
10.22,-31.69965,-31.52902,-0.17063,32.2899,32.43581,-0.14591,3.0217,3.0,45.7,0.00186,0.3,degraded
10.23,-31.6992,-31.52966,-0.16954,32.31595,32.53213,-0.21617,3.0137,3.0,45.52,0.00197,0.3,degraded
10.24,-31.69963,-31.53656,-0.16307,32.33922,32.60891,-0.26969,2.9931,3.0,45.69,0.0132,0.3,degraded
10.25,-31.7009,-31.53894,-0.16196,32.35969,32.64984,-0.29015,2.9941,2.9968,45.75,0.01077,0.3,degraded
10.26,-31.70295,-31.54739,-0.15555,32.37735,32.62748,-0.25013,3.0084,2.9935,45.66,0.00081,0.3,degraded
10.27,-31.70571,-31.54991,-0.15579,32.39219,32.6153,-0.22311,2.9988,2.9785,46.0,0.0022,0.3,degraded
10.28,-31.70912,-31.55948,-0.14965,32.4042,32.59568,-0.19148,3.0147,3.0,45.39,0.002,0.3,degraded
10.29,-31.71313,-31.56471,-0.14843,32.41336,32.57886,-0.16549,2.984,2.9844,45.54,0.0006,0.3,degraded
10.3,-31.71768,-31.57699,-0.14069,32.41968,32.55677,-0.13709,3.0031,3.0,45.64,0.00118,0.3,degraded
10.31,-31.72268,-31.5839,-0.13878,32.42313,32.53976,-0.11663,2.9991,2.9988,46.03,0.00288,0.3,degraded
10.32,-31.7281,-31.59784,-0.13026,32.42372,32.51692,-0.0932,3.0128,2.9864,45.98,0.0007,0.3,degraded
10.33,-31.73386,-31.60456,-0.1293,32.42143,32.49958,-0.07815,2.9977,3.0,45.91,0.00121,0.3,degraded
10.34,-31.73989,-31.61806,-0.12182,32.41625,32.47722,-0.06097,3.0159,2.9744,45.62,0.00236,0.3,degraded
10.35,-31.74613,-31.62696,-0.11918,32.40818,32.46306,-0.05487,2.99,3.0,45.65,0.00079,0.3,degraded
10.36,-31.75252,-31.64424,-0.10828,32.39722,32.44289,-0.04568,2.9837,3.0,45.64,0.00122,0.3,degraded
10.37,-31.75899,-31.65451,-0.10448,32.38335,32.42956,-0.04621,2.9916,3.0,45.66,0.00207,0.3,degraded
10.38,-31.76548,-31.66841,-0.09707,32.36657,32.40914,-0.04257,2.9762,3.0,46.02,0.00031,0.3,degraded
10.39,-31.77191,-31.67701,-0.0949,32.34688,32.39598,-0.0491,3.0017,2.9971,45.77,0.00115,0.3,degraded
10.4,-31.77822,-31.69195,-0.08627,32.32427,32.37891,-0.05464,2.9901,2.9891,45.8,0.00284,0.3,degraded
10.41,-31.78435,-31.70165,-0.0827,32.29874,32.37129,-0.07255,3.0199,3.0,45.95,0.00147,0.3,degraded
10.42,-31.79022,-31.715,-0.07522,32.27028,32.35876,-0.08847,2.9948,2.9871,45.6,0.0011,0.3,degraded
10.43,-31.79577,-31.71808,-0.07769,32.2389,32.35298,-0.11408,2.9829,3.0,45.87,0.00288,0.3,degraded
10.44,-31.80092,-31.72586,-0.07506,32.20459,32.34391,-0.13932,3.0002,2.9888,45.71,0.00076,0.3,degraded
10.45,-31.80562,-31.72814,-0.07748,32.16736,32.34157,-0.17421,3.0404,3.0,45.84,0.00088,0.3,degraded
10.46,-31.80979,-31.73476,-0.07503,32.12719,32.3301,-0.20291,2.9907,3.0,45.81,0.00299,0.3,degraded
10.47,-31.81336,-31.73359,-0.07977,32.08409,32.32257,-0.23848,3.0171,2.9821,45.82,0.00173,0.3,degraded
10.48,-31.81627,-31.73705,-0.07921,32.03806,32.30887,-0.27081,3.0005,3.0,45.96,0.00078,0.3,degraded
10.49,-31.81844,-31.73465,-0.08379,31.98911,32.30133,-0.31222,3.0194,2.9918,45.98,0.00213,0.3,degraded
10.5,-31.81981,-31.74002,-0.07978,31.93723,32.28761,-0.35038,2.9986,3.0,45.92,0.00173,0.3,degraded
10.51,-31.8203,-31.74291,-0.07739,31.88242,32.28076,-0.39834,3.0018,3.0,46.03,3e-05,0.3,degraded
10.52,-31.81986,-31.75346,-0.0664,31.82469,32.26605,-0.44136,3.0008,2.9997,45.85,0.0015,0.3,degraded
10.53,-31.8184,-31.75793,-0.06047,31.76405,32.25608,-0.49204,2.9905,2.9842,46.1,0.00145,0.3,degraded
10.54,-31.81587,-31.7694,-0.04646,31.70049,32.24102,-0.54053,2.9924,3.0,45.98,0.00072,0.3,degraded
10.55,-31.81218,-31.77372,-0.03847,31.63402,32.23331,-0.59929,3.0196,2.9837,45.95,0.00183,0.3,degraded
10.56,-31.80729,-31.78437,-0.02292,31.56465,32.22173,-0.65708,2.9896,3.0,45.92,0.00534,0.3,degraded
10.57,-31.8011,-31.78832,-0.01278,31.49237,32.19971,-0.70733,3.0054,2.9949,46.02,0.00484,0.3,degraded
10.58,-31.79357,-31.79887,0.0053,31.41721,32.14773,-0.73052,2.9917,3.0,46.35,0.00216,0.3,degraded
10.59,-31.78461,-31.80206,0.01745,31.33917,32.09914,-0.75998,2.9969,2.9686,46.08,0.00222,0.3,degraded
10.6,-31.77417,-31.81263,0.03846,31.25824,32.04156,-0.78332,2.9957,2.9987,45.93,4e-05,0.3,degraded
10.61,-31.76217,-31.81808,0.05591,31.17445,31.98818,-0.81373,3.0009,2.991,46.26,0.00169,0.3,degraded
10.62,-31.74855,-31.82996,0.0814,31.08779,31.93216,-0.84436,3.0017,3.0,46.07,0.00202,0.3,degraded
10.63,-31.73324,-31.83611,0.10286,30.99829,31.87967,-0.88138,2.9971,3.0,46.2,0.00457,0.3,degraded
10.64,-31.71618,-31.84551,0.12932,30.90594,31.78643,-0.88049,2.9998,3.0,46.08,0.00568,0.3,degraded
10.65,-31.6973,-31.84886,0.15156,30.81077,31.68789,-0.87712,2.9856,2.996,46.38,0.00241,0.3,degraded
10.66,-31.67653,-31.85747,0.18094,30.71277,31.58253,-0.86976,2.98,3.0,46.12,0.00096,0.3,degraded
10.67,-31.65381,-31.86199,0.20818,30.61196,31.48352,-0.87156,2.9954,2.9847,46.44,0.00062,0.3,degraded
10.68,-31.62908,-31.87295,0.24387,30.50836,31.37767,-0.86931,3.0151,3.0,46.09,0.00289,0.3,degraded
10.69,-31.60226,-31.87931,0.27705,30.40197,31.28239,-0.88042,3.0306,3.0,46.22,0.00099,0.3,degraded
10.7,-31.57331,-31.89085,0.31754,30.29282,31.18198,-0.88916,3.0029,2.9924,46.5,0.00093,0.3,degraded
10.71,-31.54215,-31.89281,0.35065,30.1809,31.08914,-0.90823,3.0189,3.0,46.33,0.00223,0.3,degraded
10.72,-31.50873,-31.90255,0.39382,30.06625,30.99084,-0.92459,3.0069,3.0,46.66,0.00071,0.3,degraded
10.73,-31.47298,-31.9066,0.43362,29.94886,30.89992,-0.95106,3.0033,3.0,46.3,0.00118,0.3,degraded
10.74,-31.43485,-31.91441,0.47956,29.82877,30.80202,-0.97325,2.9925,3.0,46.4,0.00868,0.3,degraded
10.75,-31.39426,-31.88792,0.49366,29.70598,30.70759,-1.00162,2.9969,3.0,46.67,0.00586,0.3,degraded
10.76,-31.35118,-31.84986,0.49868,29.5805,30.60197,-1.02147,3.0049,3.0,46.18,0.00351,0.3,degraded
10.77,-31.30552,-31.80673,0.50121,29.45237,30.46712,-1.01475,2.9864,2.9967,46.18,0.00439,0.3,degraded
10.78,-31.25725,-31.77057,0.51332,29.32159,30.3346,-1.01301,2.9865,3.0,46.33,0.00264,0.3,degraded
10.79,-31.2063,-31.72624,0.51994,29.18818,30.21728,-1.0291,3.0045,2.9884,46.6,0.00171,0.3,degraded
10.8,-31.15262,-31.68498,0.53237,29.05216,30.09703,-1.04487,2.9969,3.0,46.26,0.00662,0.3,degraded
10.81,-31.09615,-31.63806,0.54191,28.91355,29.91111,-0.99756,2.9848,2.9802,46.62,0.00605,0.3,degraded
10.82,-31.03683,-31.59633,0.55949,28.77237,29.74156,-0.96919,2.9904,2.9846,46.63,0.00456,0.3,degraded
10.83,-30.97463,-31.54893,0.5743,28.62864,29.60053,-0.97189,3.0046,2.9765,46.88,0.007,0.3,degraded
10.84,-30.90948,-31.50638,0.59691,28.48239,29.47845,-0.99606,3.0087,2.9944,46.76,0.0021,0.3,degraded
10.85,-30.84133,-31.45476,0.61344,28.33362,29.35356,-1.01994,3.0091,3.0,46.68,0.01148,0.3,degraded
10.86,-30.77013,-31.40015,0.63002,28.18236,29.21635,-1.03399,3.0016,3.0,46.86,0.00879,0.3,degraded
10.87,-30.69584,-31.33771,0.64187,28.02864,29.02073,-0.99208,2.9905,3.0,46.76,0.00682,0.3,degraded
10.88,-30.6184,-31.27344,0.65504,27.87248,28.84134,-0.96886,3.0121,2.9963,46.64,0.00615,0.3,degraded
10.89,-30.53778,-31.19426,0.65649,27.7139,28.69391,-0.98002,3.0019,3.0,46.56,0.0069,0.3,degraded
10.9,-30.45392,-31.11956,0.66564,27.55292,28.56372,-1.0108,3.0093,2.9986,46.67,0.00385,0.3,degraded
10.91,-30.36677,-31.03736,0.67059,27.38956,28.45176,-1.0622,3.0152,2.9996,46.78,0.00822,0.3,degraded
10.92,-30.27631,-30.9608,0.68449,27.22386,28.26765,-1.04379,3.0042,3.0,46.84,0.00799,0.3,degraded
10.93,-30.18248,-30.873,0.69052,27.05584,28.09377,-1.03793,3.0092,2.9902,46.52,0.00654,0.3,degraded
10.94,-30.08525,-30.78741,0.70216,26.88551,27.93289,-1.04738,3.0052,2.9917,46.84,0.00505,0.3,degraded
10.95,-29.98457,-30.69696,0.71239,26.71292,27.80101,-1.08809,3.0109,3.0,46.9,0.00549,0.3,degraded
10.96,-29.88041,-30.60104,0.72063,26.53807,27.63566,-1.09759,2.9993,2.9957,47.01,0.00605,0.3,degraded
10.97,-29.77273,-30.49549,0.72276,26.36101,27.46918,-1.10817,3.0056,3.0,47.2,0.00873,0.3,degraded
10.98,-29.66149,-30.35995,0.69847,26.18175,27.31822,-1.13647,2.9889,3.0,47.01,0.01332,0.3,degraded
10.99,-29.54666,-30.22596,0.6793,26.00033,27.13734,-1.13701,3.01,2.9989,46.89,0.01521,0.3,degraded
11.0,-29.4282,-30.11658,0.68838,25.81676,26.89163,-1.07486,3.0221,3.0,46.78,0.00654,0.3,degraded
11.01,-29.30609,-30.01525,0.70916,25.63109,26.67091,-1.03983,2.9998,3.0,47.19,0.00768,0.3,degraded
11.02,-29.1803,-29.89651,0.71621,25.44333,26.46546,-1.02213,3.0103,2.9754,46.99,0.0069,0.3,degraded
11.03,-29.05079,-29.77188,0.72109,25.25352,26.28665,-1.03313,3.0036,2.9985,47.28,0.00929,0.3,degraded
11.04,-28.91753,-29.65307,0.73554,25.06168,26.12139,-1.0597,2.9772,3.0,47.39,0.01017,0.3,degraded
11.05,-28.78051,-29.4762,0.6957,24.86785,25.98294,-1.11509,2.9927,2.9892,46.98,0.00658,0.3,degraded
11.06,-28.63969,-29.32355,0.68386,24.67205,25.82912,-1.15707,2.997,2.991,47.33,0.00539,0.3,degraded
11.07,-28.49505,-29.18205,0.687,24.47432,25.67965,-1.20533,2.9899,3.0,47.47,0.01214,0.3,degraded
11.08,-28.34658,-29.06534,0.71876,24.27469,25.46867,-1.19398,3.0162,3.0,47.47,0.01204,0.3,degraded
11.09,-28.19424,-28.95133,0.75709,24.07317,25.23345,-1.16027,3.0071,2.9952,47.03,0.01531,0.3,degraded
11.1,-28.03802,-28.77879,0.74076,23.86982,25.01504,-1.14522,2.9918,2.9832,47.26,0.01378,0.3,degraded
11.11,-27.87791,-28.56942,0.69151,23.66466,24.82849,-1.16383,2.9861,2.9895,47.23,0.00998,0.3,degraded
11.12,-27.71388,-28.38457,0.67068,23.45771,24.65742,-1.19971,2.9901,3.0,47.53,0.00878,0.3,degraded
11.13,-27.54593,-28.21413,0.6682,23.24902,24.51433,-1.26531,3.0032,3.0,47.55,0.00611,0.3,degraded
11.14,-27.37403,-28.06747,0.69344,23.03861,24.32741,-1.2888,3.0046,2.9888,47.12,0.00691,0.3,degraded
11.15,-27.19818,-27.93104,0.73286,22.82652,24.1671,-1.34058,3.0064,2.9948,47.51,0.00912,0.3,degraded
11.16,-27.01837,-27.8196,0.80123,22.61278,23.97915,-1.36637,2.9934,2.9996,47.7,0.01162,0.3,degraded
11.17,-26.83458,-27.61401,0.77943,22.39742,23.777,-1.37958,3.0011,3.0,47.64,0.01323,0.3,degraded
11.18,-26.64681,-27.43086,0.78405,22.18048,23.59166,-1.41118,3.0232,2.9862,47.68,0.00665,0.3,degraded
11.19,-26.45506,-27.25863,0.80356,21.96199,23.38752,-1.42554,2.9848,2.9811,47.64,0.00506,0.3,degraded
11.2,-26.25932,-27.10963,0.85031,21.74198,23.18782,-1.44584,3.0027,2.9976,47.56,0.00737,0.3,degraded
11.21,-26.05959,-26.97186,0.91227,21.52049,23.00156,-1.48107,2.9923,2.9986,47.75,0.01311,0.3,degraded
11.22,-25.85587,-26.76612,0.91025,21.29755,22.76688,-1.46933,2.9997,3.0,47.8,0.01,0.3,degraded
11.23,-25.64815,-26.57144,0.92329,21.0732,22.52728,-1.45408,3.0038,3.0,47.93,0.00989,0.3,degraded
11.24,-25.43645,-26.40304,0.96659,20.84747,22.30513,-1.45766,2.9934,2.9874,47.98,0.01041,0.3,degraded
11.25,-25.22075,-26.24562,1.02487,20.62039,22.11395,-1.49355,3.0108,3.0,47.92,0.01588,0.3,degraded
11.26,-25.00108,-25.98775,0.98667,20.39201,21.85061,-1.45861,2.9895,3.0,48.11,0.01683,0.3,degraded
11.27,-24.77743,-25.74139,0.96395,20.16235,21.59352,-1.43117,3.0198,3.0,47.94,0.00923,0.3,degraded
11.28,-24.54982,-25.51692,0.9671,19.93145,21.35302,-1.42157,2.9956,2.9951,47.82,0.0084,0.3,degraded
11.29,-24.31825,-25.30349,0.98524,19.69935,21.14181,-1.44246,2.9956,2.985,48.14,0.00974,0.3,degraded
11.3,-24.08273,-25.11788,1.03515,19.46608,20.94787,-1.48179,2.9927,3.0,48.12,0.01607,0.3,degraded
11.31,-23.84329,-24.94638,1.10309,19.23168,20.66629,-1.43461,3.0072,3.0,48.22,0.01691,0.3,degraded
11.32,-23.59992,-24.71438,1.11446,18.99618,20.37189,-1.37571,3.0065,2.9905,48.0,0.01248,0.3,degraded
11.33,-23.35265,-24.47528,1.12263,18.75962,20.108,-1.34838,2.9913,3.0,48.5,0.01068,0.3,degraded
11.34,-23.1015,-24.26034,1.15884,18.52204,19.86353,-1.34149,2.9754,2.9897,48.38,0.00993,0.3,degraded
11.35,-22.84649,-24.06039,1.2139,18.28347,19.64957,-1.3661,2.9811,3.0,48.27,0.01328,0.3,degraded
11.36,-22.58763,-23.79522,1.20759,18.04394,19.45414,-1.4102,2.9991,2.9921,48.21,0.02173,0.3,degraded
11.37,-22.32495,-23.51803,1.19308,17.8035,19.25471,-1.45121,3.0048,3.0,48.56,0.01521,0.3,degraded
11.38,-22.05847,-23.26453,1.20606,17.56218,18.9467,-1.38452,3.018,3.0,48.28,0.00914,0.3,degraded
11.39,-21.78822,-23.02347,1.23526,17.32001,18.66893,-1.34892,2.9965,3.0,48.83,0.01099,0.3,degraded
11.4,-21.51422,-22.80813,1.29391,17.07704,18.41009,-1.33305,3.0112,3.0,48.44,0.00681,0.3,degraded
11.41,-21.2365,-22.57664,1.34014,16.8333,18.17951,-1.34621,3.0114,2.9883,48.83,0.00592,0.3,degraded
11.42,-20.95509,-22.35351,1.39842,16.58882,17.96623,-1.3774,3.001,3.0,48.58,0.01199,0.3,degraded
11.43,-20.67003,-22.04613,1.37611,16.34365,17.77998,-1.43633,3.0174,3.0,48.89,0.01524,0.3,degraded
11.44,-20.38134,-21.76211,1.38078,16.09781,17.58203,-1.48422,2.9986,3.0,48.59,0.01268,0.3,degraded
11.45,-20.08905,-21.4914,1.40234,15.85135,17.31235,-1.46101,3.0027,3.0,48.75,0.01025,0.3,degraded
11.46,-19.79322,-21.24755,1.45433,15.60429,17.05888,-1.45459,2.9772,3.0,48.91,0.01398,0.3,degraded
11.47,-19.49386,-20.94287,1.44901,15.35669,16.8333,-1.47661,2.9909,3.0,48.93,0.0135,0.3,degraded
11.48,-19.19102,-20.61357,1.42255,15.10857,16.62515,-1.51658,3.0094,3.0,49.04,0.00686,0.3,degraded
11.49,-18.88474,-20.29486,1.41012,14.85997,16.43332,-1.57335,3.0296,3.0,48.85,0.00725,0.3,degraded
11.5,-18.57506,-20.0005,1.42544,14.61092,16.20201,-1.59109,2.9667,3.0,48.98,0.00881,0.3,degraded
11.51,-18.26202,-19.7176,1.45558,14.36147,15.99801,-1.63653,2.9769,2.9925,49.2,0.00987,0.3,degraded
11.52,-17.94567,-19.46031,1.51464,14.11165,15.73821,-1.62656,2.9772,2.9898,48.95,0.01063,0.3,degraded
11.53,-17.62605,-19.18064,1.55459,13.86149,15.4903,-1.62881,3.003,3.0,49.19,0.00969,0.3,degraded
11.54,-17.3032,-18.87789,1.57469,13.61103,15.25819,-1.64716,2.9989,2.9998,49.11,0.00977,0.3,degraded
11.55,-16.97718,-18.58785,1.61068,13.3603,15.05228,-1.69197,3.0074,2.9937,49.22,0.01289,0.3,degraded
11.56,-16.64803,-18.31634,1.66831,13.10935,14.7252,-1.61585,2.9884,3.0,49.25,0.0178,0.3,degraded
11.57,-16.3158,-17.9635,1.6477,12.8582,14.42613,-1.56793,2.9978,3.0,49.17,0.01302,0.3,degraded
11.58,-15.98055,-17.61351,1.63296,12.6069,14.14576,-1.53886,3.0162,3.0,49.3,0.0104,0.3,degraded
11.59,-15.64233,-17.27589,1.63356,12.35548,13.89226,-1.53679,3.0198,2.9989,49.41,0.00854,0.3,degraded
11.6,-15.30118,-16.9633,1.66212,12.10396,13.65635,-1.55238,2.9984,2.9957,49.42,0.00923,0.3,degraded
11.61,-14.95718,-16.66301,1.70583,11.8524,13.45252,-1.60012,2.999,3.0,49.71,0.0086,0.3,degraded
11.62,-14.61036,-16.32469,1.71433,11.60081,13.23555,-1.63473,2.9915,2.9974,49.68,0.00721,0.3,degraded
11.63,-14.2608,-15.95734,1.69654,11.34925,13.02683,-1.67758,2.9849,2.9901,49.62,0.01674,0.3,degraded
11.64,-13.90854,-15.61548,1.70694,11.09773,12.76208,-1.66434,2.9975,3.0,49.52,0.01679,0.3,degraded
11.65,-13.55364,-15.28577,1.73213,10.8463,12.43142,-1.58512,2.9941,3.0,49.56,0.00752,0.3,degraded
11.66,-13.19618,-14.9802,1.78402,10.59499,12.11674,-1.52175,3.0066,3.0,50.03,0.01687,0.3,degraded
11.67,-12.8362,-14.59457,1.75836,10.34384,11.82935,-1.48552,2.982,3.0,49.64,0.0173,0.3,degraded
11.68,-12.47378,-14.17167,1.6979,10.09286,11.55466,-1.4618,2.9861,3.0,49.86,0.00767,0.3,degraded
11.69,-12.10896,-13.76103,1.65206,9.84211,11.30705,-1.46493,2.9962,3.0,49.95,0.009,0.3,degraded
11.7,-11.74183,-13.37759,1.63576,9.59162,11.07458,-1.48296,3.0047,3.0,49.9,0.01045,0.3,degraded
11.71,-11.37245,-13.00634,1.6339,9.34141,10.87175,-1.53035,2.9993,3.0,49.84,0.0082,0.3,degraded
11.72,-11.00087,-12.6576,1.65673,9.09151,10.68301,-1.5915,2.984,2.9871,49.92,0.01138,0.3,degraded
11.73,-10.62717,-12.3195,1.69233,8.84197,10.40753,-1.56556,3.0028,3.0,50.0,0.01308,0.3,degraded
11.74,-10.25142,-12.00552,1.7541,8.59281,10.14709,-1.55427,2.9785,2.9969,50.03,0.00867,0.3,degraded
11.75,-9.87368,-11.70532,1.83164,8.34407,9.91582,-1.57175,3.0171,2.9964,50.38,0.00782,0.3,degraded
11.76,-9.49402,-11.35796,1.86394,8.09577,9.6991,-1.60333,2.9915,3.0,50.22,0.00751,0.3,degraded
11.77,-9.11253,-11.01959,1.90706,7.84795,9.49773,-1.64978,2.979,3.0,50.19,0.0057,0.3,degraded
11.78,-8.72925,-10.69098,1.96173,7.60064,9.26383,-1.6632,3.0127,2.9877,50.34,0.00655,0.3,degraded
11.79,-8.34428,-10.326,1.98172,7.35386,9.05661,-1.70275,3.0036,2.9986,50.47,0.00572,0.3,degraded
11.8,-7.95767,-9.98494,2.02726,7.10766,8.83908,-1.73142,3.0151,2.9743,50.36,0.00782,0.3,degraded
11.81,-7.56951,-9.61329,2.04378,6.86205,8.60273,-1.74068,2.9949,2.996,50.6,0.00271,0.3,degraded
11.82,-7.17987,-9.25883,2.07896,6.61707,8.35944,-1.74237,3.0131,2.9873,50.32,0.0078,0.3,degraded
11.83,-6.78882,-8.84963,2.06081,6.37275,8.1395,-1.76675,3.0184,2.9819,50.74,0.01063,0.3,degraded
11.84,-6.39644,-8.46385,2.06742,6.12911,7.87017,-1.74105,2.9873,3.0,50.62,0.00819,0.3,degraded
11.85,-6.0028,-8.08849,2.08569,5.88619,7.59291,-1.70672,2.9969,2.9869,50.67,0.016,0.3,degraded
11.86,-5.60797,-7.68386,2.07589,5.64402,7.33028,-1.68627,3.0157,2.9941,50.63,0.01476,0.3,degraded
11.87,-5.21205,-7.21225,2.0002,5.40261,7.09509,-1.69248,3.0245,3.0,50.6,0.00698,0.3,degraded
11.88,-4.81509,-6.76599,1.9509,5.162,6.87474,-1.71274,3.0164,2.9875,50.59,0.00582,0.3,degraded
11.89,-4.41719,-6.3327,1.91551,4.92222,6.64011,-1.71789,2.987,2.9978,50.78,0.008,0.3,degraded
11.9,-4.01841,-5.92481,1.9064,4.68329,6.41021,-1.72692,3.009,2.9929,51.03,0.00544,0.3,degraded
11.91,-3.61884,-5.52898,1.91014,4.44524,6.18256,-1.73732,2.9957,3.0,50.85,0.00598,0.3,degraded
11.92,-3.21855,-5.15967,1.94112,4.20809,5.93943,-1.73135,2.9612,3.0,50.81,0.00577,0.3,degraded
11.93,-2.81763,-4.80399,1.98636,3.97187,5.70134,-1.72947,3.0148,3.0,50.96,0.0004,0.3,degraded
11.94,-2.41615,-4.45772,2.04157,3.7366,5.4637,-1.7271,3.009,3.0,51.09,0.00251,0.3,degraded
11.95,-2.01419,-4.09868,2.08449,3.50232,5.21057,-1.70825,3.0,2.999,51.14,0.01701,0.3,degraded
11.96,-1.61183,-3.65646,2.04463,3.26904,4.96146,-1.69242,2.9993,2.9991,51.23,0.01826,0.3,degraded
11.97,-1.20915,-3.15884,1.94969,3.03678,4.74156,-1.70478,2.9917,2.9857,51.46,0.00762,0.3,degraded
11.98,-0.80624,-2.6858,1.87956,2.80558,4.46629,-1.66072,3.0005,3.0,51.55,0.00755,0.3,degraded
11.99,-0.40316,-2.22407,1.82091,2.57545,4.22258,-1.64714,3.007,3.0,51.72,0.00886,0.3,degraded
12.0,-0.0,-1.78866,1.78866,2.34641,3.99358,-1.64717,3.0052,2.9997,51.23,0.00683,0.3,degraded
12.01,0.40316,-1.36699,1.77015,2.11849,3.74151,-1.62302,3.0055,2.99,51.4,0.00703,0.3,degraded
12.02,0.80624,-0.96894,1.77517,1.89171,3.49466,-1.60294,3.0048,3.0,51.68,0.00791,0.3,degraded
12.03,1.20915,-0.58288,1.79203,1.6661,3.27467,-1.60857,2.9795,2.9805,51.56,0.00624,0.3,degraded
12.04,1.61183,-0.22291,1.83474,1.44166,3.05061,-1.60895,3.0007,2.9937,51.81,0.00807,0.3,degraded
12.05,2.01419,0.12793,1.88626,1.21843,2.81033,-1.5919,2.9897,2.9919,51.76,0.00938,0.3,degraded
12.06,2.41615,0.45269,1.96346,0.99641,2.58819,-1.59178,2.9677,2.9852,52.01,0.0117,0.3,degraded
12.07,2.81763,0.81748,2.00015,0.77564,2.35175,-1.57611,2.9847,3.0,51.98,0.01429,0.3,degraded
12.08,3.21855,1.23446,1.9841,0.55612,2.10408,-1.54796,2.9862,3.0,52.04,0.00907,0.3,degraded
12.09,3.61884,1.64003,1.97881,0.33788,1.88449,-1.5466,2.9663,2.9921,51.87,0.01041,0.3,degraded
12.1,4.01841,2.01771,2.0007,0.12094,1.63801,-1.51707,3.0006,2.9831,51.97,0.01234,0.3,degraded
12.11,4.41719,2.38451,2.03268,-0.09469,1.35346,-1.44814,3.0085,2.9931,51.99,0.00872,0.3,degraded
12.12,4.81509,2.72634,2.08876,-0.30899,1.08116,-1.39014,3.0053,3.0,51.86,0.01501,0.3,degraded
12.13,5.21205,3.14396,2.06809,-0.52194,0.83539,-1.35734,3.012,2.992,52.36,0.01694,0.3,degraded
12.14,5.60797,3.59547,2.0125,-0.73354,0.6051,-1.33863,2.9848,3.0,52.31,0.00923,0.3,degraded
12.15,6.0028,4.03231,1.97049,-0.94375,0.40127,-1.34503,3.0126,2.9943,52.2,0.00834,0.3,degraded
12.16,6.39644,4.44219,1.95425,-1.15258,0.21526,-1.36784,3.0087,2.9924,52.49,0.01036,0.3,degraded
12.17,6.78882,4.83798,1.95084,-1.36,-0.0135,-1.3465,2.9963,3.0,52.25,0.01007,0.3,degraded
12.18,7.17987,5.20937,1.9705,-1.566,-0.24641,-1.31959,3.0086,2.978,52.12,0.00803,0.3,degraded
12.19,7.56951,5.57042,1.9991,-1.77056,-0.45074,-1.31983,2.9931,3.0,52.59,0.00885,0.3,degraded
12.2,7.95767,5.90696,2.05071,-1.97368,-0.64187,-1.33181,3.0288,2.9925,52.3,0.02274,0.3,degraded
12.21,8.34428,6.298,2.04627,-2.17534,-0.85614,-1.3192,3.0178,3.0,52.52,0.02203,0.3,degraded
12.22,8.72925,6.76142,1.96783,-2.37554,-1.13898,-1.23656,2.9997,3.0,52.64,0.00987,0.3,degraded
12.23,9.11253,7.21345,1.89908,-2.57425,-1.39325,-1.181,2.9871,2.9985,52.72,0.00995,0.3,degraded
12.24,9.49402,7.64223,1.85179,-2.77146,-1.62974,-1.14172,3.0089,2.9974,52.84,0.00821,0.3,degraded
12.25,9.87368,8.05815,1.81553,-2.96718,-1.83792,-1.12926,3.0053,3.0,52.85,0.00898,0.3,degraded
12.26,10.25142,8.44904,1.80238,-3.16138,-2.03151,-1.12987,3.0031,2.9979,52.89,0.00933,0.3,degraded
12.27,10.62717,8.82772,1.79945,-3.35407,-2.19863,-1.15543,2.9832,3.0,52.74,0.00702,0.3,degraded
12.28,11.00087,9.18328,1.81759,-3.54522,-2.35229,-1.19293,2.9927,3.0,52.94,0.00649,0.3,degraded
12.29,11.37245,9.52769,1.84476,-3.73483,-2.49148,-1.24335,3.0033,2.9971,52.72,0.01794,0.3,degraded
12.3,11.74183,9.84724,1.89459,-3.9229,-2.74557,-1.17733,2.995,3.0,53.23,0.01507,0.3,degraded
12.31,12.10896,10.15389,1.95508,-4.10941,-3.00087,-1.10854,3.0145,3.0,52.83,0.007,0.3,degraded
12.32,12.47378,10.46549,2.00829,-4.29436,-3.23899,-1.05538,3.0057,3.0,53.03,0.01516,0.3,degraded
12.33,12.8362,10.82328,2.01292,-4.47775,-3.44448,-1.03327,2.9857,2.985,52.94,0.00818,0.3,degraded
12.34,13.19618,11.18815,2.00803,-4.65957,-3.63431,-1.02526,3.0238,3.0,53.07,0.00888,0.3,degraded
12.35,13.55364,11.54199,2.01165,-4.83981,-3.79584,-1.04397,2.972,2.9658,53.22,0.01051,0.3,degraded
12.36,13.90854,11.86936,2.03918,-5.01846,-3.9428,-1.07566,3.0198,3.0,53.19,0.00579,0.3,degraded
12.37,14.2608,12.20683,2.05396,-5.19554,-4.06133,-1.13421,3.0059,3.0,53.48,0.00566,0.3,degraded
12.38,14.61036,12.5639,2.04647,-5.37102,-4.19992,-1.1711,2.9892,2.9927,53.38,0.00538,0.3,degraded
12.39,14.95718,12.91914,2.03803,-5.54491,-4.33481,-1.2101,2.9939,2.9933,53.32,0.01507,0.3,degraded
12.4,15.30118,13.26608,2.03511,-5.7172,-4.55199,-1.16521,3.0191,3.0,53.42,0.01207,0.3,degraded
12.41,15.64233,13.66727,1.97506,-5.8879,-4.76384,-1.12406,2.9877,2.9975,53.68,0.01021,0.3,degraded
12.42,15.98055,14.04055,1.94,-6.057,-4.95858,-1.09842,3.0164,2.9918,53.68,0.00963,0.3,degraded
12.43,16.3158,14.40122,1.91458,-6.2245,-5.12475,-1.09975,3.0199,3.0,53.41,0.00844,0.3,degraded
12.44,16.64803,14.73813,1.9099,-6.3904,-5.27633,-1.11408,2.9783,3.0,53.52,0.01046,0.3,degraded
12.45,16.97718,15.06169,1.91549,-6.5547,-5.39954,-1.15517,2.9929,3.0,53.74,0.00495,0.3,degraded
12.46,17.3032,15.4243,1.8789,-6.7174,-5.55005,-1.16735,2.9958,2.9921,53.76,0.01577,0.3,degraded
12.47,17.62605,15.79247,1.83357,-6.8785,-5.71781,-1.16069,3.009,2.9879,53.6,0.01252,0.3,degraded
12.48,17.94567,16.13841,1.80726,-7.038,-5.9393,-1.0987,3.0074,3.0,53.92,0.00874,0.3,degraded
12.49,18.26202,16.47273,1.78929,-7.19591,-6.13048,-1.06543,2.9923,3.0,53.72,0.00814,0.3,degraded
12.5,18.57506,16.78404,1.79102,-7.35223,-6.30767,-1.04456,3.0127,2.9952,54.09,0.00962,0.3,degraded
12.51,18.88474,17.08419,1.80055,-7.50695,-6.45519,-1.05176,3.0202,3.0,54.01,0.00858,0.3,degraded
12.52,19.19102,17.40288,1.78814,-7.66009,-6.58659,-1.07349,3.0001,3.0,53.8,0.01212,0.3,degraded
12.53,19.49386,17.73213,1.76173,-7.81164,-6.7462,-1.06544,3.0191,3.0,53.94,0.01472,0.3,degraded
12.54,19.79322,18.03915,1.75406,-7.96161,-6.97355,-0.98806,2.9972,3.0,53.98,0.00615,0.3,degraded
12.55,20.08905,18.33899,1.75006,-8.11001,-7.17141,-0.9386,2.9801,2.9911,54.13,0.00576,0.3,degraded
12.56,20.38134,18.64108,1.74026,-8.25684,-7.35176,-0.90508,2.9845,3.0,54.12,0.00959,0.3,degraded
12.57,20.67003,18.95657,1.71346,-8.40211,-7.5013,-0.90081,2.9835,3.0,54.02,0.00855,0.3,degraded
12.58,20.95509,19.28782,1.66727,-8.54582,-7.63624,-0.90958,2.9799,3.0,54.03,0.00753,0.3,degraded
12.59,21.2365,19.60211,1.63439,-8.68797,-7.74519,-0.94278,3.0028,3.0,54.36,0.00793,0.3,degraded
12.6,21.51422,19.89024,1.62398,-8.82859,-7.85248,-0.97611,2.9983,3.0,54.35,0.00536,0.3,degraded
12.61,21.78822,20.16486,1.62336,-8.96766,-7.95263,-1.01504,3.0157,3.0,54.36,0.00403,0.3,degraded
12.62,22.05847,20.49476,1.56371,-9.10521,-8.0606,-1.04461,3.0222,3.0,54.43,0.01573,0.3,degraded
12.63,22.32495,20.81377,1.51118,-9.24124,-8.22631,-1.01492,3.017,3.0,54.34,0.01357,0.3,degraded
12.64,22.58763,21.10726,1.48037,-9.37575,-8.42454,-0.95121,2.9985,2.9767,54.5,0.0085,0.3,degraded
12.65,22.84649,21.38848,1.45801,-9.50877,-8.59616,-0.9126,3.0188,2.9889,54.9,0.00975,0.3,degraded
12.66,23.1015,21.64332,1.45819,-9.64028,-8.7493,-0.89098,2.986,2.9837,54.73,0.01582,0.3,degraded
12.67,23.35265,21.91116,1.4415,-9.77032,-8.87166,-0.89866,3.0239,3.0,54.55,0.01291,0.3,degraded
12.68,23.59992,22.26013,1.33979,-9.89888,-8.98237,-0.91651,2.9875,3.0,54.56,0.00612,0.3,degraded
12.69,23.84329,22.5951,1.24818,-10.02598,-9.08306,-0.94292,3.0208,3.0,54.25,0.0069,0.3,degraded
12.7,24.08273,22.90497,1.17776,-10.15163,-9.18979,-0.96184,2.9857,2.9904,54.87,0.00464,0.3,degraded
12.71,24.31825,23.2013,1.11695,-10.27584,-9.2899,-0.98594,3.0038,3.0,54.87,0.00399,0.3,degraded
12.72,24.54982,23.4732,1.07662,-10.39862,-9.39452,-1.0041,2.9936,2.9769,54.71,0.00725,0.3,degraded
12.73,24.77743,23.73429,1.04314,-10.51998,-9.50129,-1.01869,2.981,3.0,54.61,0.00997,0.3,degraded
12.74,25.00108,23.97029,1.03079,-10.63994,-9.63732,-1.00263,2.9758,3.0,54.69,0.00736,0.3,degraded
12.75,25.22075,24.19241,1.02835,-10.75852,-9.78988,-0.96863,3.0066,3.0,54.96,0.00975,0.3,degraded
12.76,25.43645,24.39004,1.04641,-10.87571,-9.93159,-0.94412,3.0066,2.9831,54.92,0.00881,0.3,degraded
12.77,25.64815,24.57549,1.07267,-10.99154,-10.04608,-0.94546,2.9854,3.0,55.06,0.00743,0.3,degraded
12.78,25.85587,24.73048,1.12538,-11.10602,-10.15301,-0.95302,2.9793,2.9987,55.0,0.01007,0.3,degraded
12.79,26.05959,24.98884,1.07076,-11.21917,-10.25363,-0.96554,3.0054,3.0,55.17,0.01096,0.3,degraded
12.8,26.25932,25.22359,1.03573,-11.33099,-10.36705,-0.96395,3.0255,3.0,55.11,0.00977,0.3,degraded
12.81,26.45506,25.44647,1.0086,-11.44151,-10.49533,-0.94618,3.0306,3.0,55.22,0.00778,0.3,degraded
12.82,26.64681,25.64475,1.00207,-11.55074,-10.6472,-0.90354,3.002,3.0,54.81,0.00942,0.3,degraded
12.83,26.83458,25.83057,1.00401,-11.6587,-10.77023,-0.88847,2.9983,2.992,54.97,0.00655,0.3,degraded
12.84,27.01837,25.99246,1.02591,-11.76539,-10.87984,-0.88555,2.983,3.0,55.13,0.00673,0.3,degraded
12.85,27.19818,26.14002,1.05816,-11.87084,-10.97993,-0.89091,2.9773,3.0,55.38,0.00655,0.3,degraded
12.86,27.37403,26.35017,1.02387,-11.97507,-11.08636,-0.88871,2.9942,2.9986,55.53,0.00532,0.3,degraded
12.87,27.54593,26.54835,0.99758,-12.07808,-11.18537,-0.89271,3.0093,3.0,55.26,0.00532,0.3,degraded
12.88,27.71388,26.72229,0.99159,-12.17991,-11.28989,-0.89001,2.9756,2.9815,55.22,0.00554,0.3,degraded
12.89,27.87791,26.88253,0.99538,-12.28055,-11.38751,-0.89304,2.9975,3.0,55.05,0.00355,0.3,degraded
12.9,28.03802,27.02007,1.01796,-12.38004,-11.49458,-0.88546,2.9706,3.0,55.5,0.00793,0.3,degraded
12.91,28.19424,27.23474,0.95951,-12.47839,-11.59642,-0.88197,2.983,2.9998,55.32,0.00719,0.3,degraded
12.92,28.34658,27.42576,0.92082,-12.57561,-11.70517,-0.87044,2.9778,3.0,55.87,0.00481,0.3,degraded
12.93,28.49505,27.60531,0.88974,-12.67173,-11.80495,-0.86678,2.9757,2.9839,55.35,0.00636,0.3,degraded
12.94,28.63969,27.76174,0.87795,-12.76676,-11.91518,-0.85159,3.0136,3.0,55.81,0.00572,0.3,degraded
12.95,28.78051,27.90559,0.87491,-12.86073,-12.024,-0.83673,2.993,3.0,55.63,0.00581,0.3,degraded
12.96,28.91753,28.02387,0.89366,-12.95364,-12.12807,-0.82557,3.0027,2.9981,55.39,0.00434,0.3,degraded
12.97,29.05079,28.16572,0.88506,-13.04553,-12.22687,-0.81865,2.9699,2.9929,55.61,0.00609,0.3,degraded
12.98,29.1803,28.32075,0.85954,-13.1364,-12.33332,-0.80307,2.9825,2.9947,55.72,0.00311,0.3,degraded
12.99,29.30609,28.46739,0.8387,-13.22628,-12.4315,-0.79478,3.0271,2.9871,55.6,0.00518,0.3,degraded
13.0,29.4282,28.59052,0.83769,-13.31519,-12.5335,-0.78169,2.9629,2.9794,55.78,0.00707,0.3,degraded
13.01,29.54666,28.7353,0.81136,-13.40314,-12.62732,-0.77582,3.0008,2.9977,55.81,0.00528,0.3,degraded
13.02,29.66149,28.90954,0.75195,-13.49016,-12.72718,-0.76298,2.9867,2.9987,55.81,0.00456,0.3,degraded
13.03,29.77273,29.07249,0.70023,-13.57627,-12.82147,-0.7548,3.0065,3.0,55.74,0.00581,0.3,degraded
13.04,29.88041,29.21103,0.66938,-13.66148,-12.92042,-0.74106,2.9976,3.0,55.6,0.00436,0.3,degraded
13.05,29.98457,29.33839,0.64619,-13.74582,-13.01241,-0.73341,2.9859,3.0,55.79,0.00493,0.3,degraded
13.06,30.08525,29.43884,0.64641,-13.82931,-13.10968,-0.71963,3.006,3.0,55.85,0.00504,0.3,degraded
13.07,30.18248,29.532,0.65048,-13.91196,-13.1997,-0.71226,3.0101,2.9989,55.57,0.0012,0.3,degraded
13.08,30.27631,29.61797,0.65834,-13.9938,-13.29552,-0.69828,2.9999,2.9961,55.9,0.00094,0.3,degraded
13.09,30.36677,29.71262,0.65415,-14.07485,-13.38471,-0.69014,2.9974,3.0,55.89,0.00223,0.3,degraded
13.1,30.45392,29.80066,0.65325,-14.15512,-13.48045,-0.67468,2.9775,2.989,55.73,0.00085,0.3,degraded
13.11,30.53778,29.89603,0.64175,-14.23465,-13.57014,-0.66451,3.0075,3.0,55.9,0.00016,0.3,degraded
13.12,30.6184,29.98039,0.63801,-14.31344,-13.66687,-0.64658,2.9859,2.9678,55.93,0.00262,0.3,degraded
13.13,30.69584,30.06996,0.62588,-14.39153,-13.75741,-0.63412,3.0108,2.9963,56.29,0.00166,0.3,degraded
13.14,30.77013,30.15305,0.61708,-14.46892,-13.85606,-0.61286,3.0088,3.0,56.06,0.00087,0.3,degraded
13.15,30.84133,30.24284,0.59849,-14.54565,-13.94998,-0.59567,2.9614,3.0,56.2,0.002,0.3,degraded
13.16,30.90948,30.32373,0.58575,-14.62172,-14.05006,-0.57167,3.0133,3.0,56.05,0.002,0.3,degraded
13.17,30.97463,30.40892,0.56571,-14.69718,-14.1438,-0.55338,2.9999,2.9985,55.82,0.00037,0.3,degraded
13.18,31.03683,30.48781,0.54903,-14.77202,-14.24287,-0.52915,3.0114,3.0,56.22,0.00148,0.3,degraded
13.19,31.09615,30.57227,0.52388,-14.84628,-14.33338,-0.51291,2.9768,2.9905,56.05,0.00222,0.3,degraded
13.2,31.15262,30.64989,0.50273,-14.91998,-14.42796,-0.49202,3.008,2.996,56.12,0.00043,0.3,degraded
13.21,31.2063,30.73303,0.47327,-14.99313,-14.51885,-0.47429,3.0019,3.0,56.03,0.00247,0.3,degraded
13.22,31.25725,30.81076,0.44649,-15.06576,-14.6179,-0.44786,2.9815,3.0,56.23,0.00293,0.3,degraded
13.23,31.30552,30.89612,0.4094,-15.13789,-14.70944,-0.42845,3.0087,3.0,56.4,0.0008,0.3,degraded
13.24,31.35118,30.97851,0.37267,-15.20954,-14.80378,-0.40576,2.9976,2.9973,56.41,0.00168,0.3,degraded
13.25,31.39426,31.06563,0.32863,-15.28072,-14.89262,-0.38811,2.9947,3.0,56.53,0.00283,0.3,degraded
13.26,31.43485,31.14708,0.28777,-15.35147,-14.9899,-0.36157,3.0135,2.9977,56.57,0.00092,0.3,degraded
13.27,31.47298,31.23547,0.23752,-15.42179,-15.08275,-0.33904,3.0244,3.0,56.03,0.00182,0.3,degraded
13.28,31.50873,31.31708,0.19165,-15.49172,-15.1823,-0.30942,3.0328,3.0,56.18,0.00346,0.3,degraded
13.29,31.54215,31.40939,0.13276,-15.56126,-15.27801,-0.28325,3.0199,2.9826,56.12,0.0008,0.3,degraded
13.3,31.57331,31.49654,0.07677,-15.63045,-15.37743,-0.25303,3.0332,3.0,56.51,0.00212,0.3,degraded
13.31,31.60226,31.59283,0.00944,-15.6993,-15.469,-0.2303,3.0097,2.9872,56.33,0.00198,0.3,degraded
13.32,31.62908,31.68119,-0.05212,-15.76783,-15.56648,-0.20135,2.9941,2.9797,56.39,0.00011,0.3,degraded
13.33,31.65381,31.77736,-0.12355,-15.83606,-15.65723,-0.17882,3.0028,2.9941,56.46,0.00209,0.3,degraded
13.34,31.67653,31.85641,-0.17988,-15.904,-15.75385,-0.15015,2.9949,3.0,56.57,0.00973,0.3,degraded
13.35,31.6973,31.88089,-0.18359,-15.97169,-15.84188,-0.12981,2.9938,3.0,56.31,0.00691,0.3,degraded
13.36,31.71618,31.89294,-0.17675,-16.03914,-15.93668,-0.10246,2.9969,3.0,56.36,0.00067,0.3,degraded
13.37,31.73324,31.91052,-0.17728,-16.10637,-16.02581,-0.08056,3.0075,2.9729,56.57,0.00242,0.3,degraded
13.38,31.74855,31.92202,-0.17346,-16.17339,-16.12077,-0.05262,3.0062,3.0,56.77,0.00099,0.3,degraded
13.39,31.76217,31.94058,-0.17841,-16.24023,-16.20663,-0.0336,2.9926,2.9937,56.61,0.00105,0.3,degraded
13.4,31.77417,31.95501,-0.18084,-16.3069,-16.3,-0.0069,3.0159,2.998,56.51,0.00273,0.3,degraded
13.41,31.78461,31.9753,-0.19068,-16.37343,-16.38681,0.01338,2.9781,3.0,56.33,0.00142,0.3,degraded
13.42,31.79357,31.98638,-0.19281,-16.43983,-16.48019,0.04035,2.984,3.0,56.81,0.00077,0.3,degraded
13.43,31.8011,32.00059,-0.19948,-16.50612,-16.56665,0.06053,3.0041,3.0,56.58,0.00257,0.3,degraded
13.44,31.80729,32.0073,-0.20001,-16.57232,-16.65817,0.08586,2.9926,2.9944,56.54,0.00144,0.3,degraded
13.45,31.81218,32.02379,-0.21161,-16.63844,-16.74629,0.10785,3.0001,3.0,56.47,0.00356,0.3,degraded
13.46,31.81587,32.03353,-0.21767,-16.7045,-16.83614,0.13164,3.0124,2.5541,56.53,0.00552,0.3,degraded
13.47,31.8184,32.04847,-0.23007,-16.77053,-16.89087,0.12034,3.0184,3.0,56.62,0.00128,0.3,degraded
13.48,31.81986,32.05754,-0.23768,-16.83653,-16.95238,0.11585,2.9973,2.9976,56.75,7e-05,0.3,degraded
13.49,31.8203,32.07163,-0.25133,-16.90252,-17.00887,0.10635,2.9952,3.0,56.62,0.00202,0.3,degraded
13.5,31.81981,32.08102,-0.26121,-16.96852,-17.07333,0.10481,3.0088,2.984,56.85,0.00197,0.3,degraded
13.51,31.81844,32.10025,-0.28181,-17.03455,-17.13122,0.09667,3.0094,3.0,56.8,0.00043,0.3,degraded
13.52,31.81627,32.11296,-0.2967,-17.10062,-17.19707,0.09645,3.0135,2.9867,57.19,0.00723,0.3,degraded
13.53,31.81336,32.09797,-0.28461,-17.16675,-17.25284,0.08609,3.0222,3.0,56.61,0.00619,0.3,degraded
13.54,31.80979,32.06325,-0.25346,-17.23295,-17.31584,0.08289,2.9732,2.9823,56.91,0.00075,0.3,degraded
13.55,31.80562,32.03387,-0.22825,-17.29923,-17.37207,0.07283,2.9916,3.0,56.93,0.00167,0.3,degraded
13.56,31.80092,31.99706,-0.19614,-17.36562,-17.43542,0.06979,2.9841,3.0,56.76,0.00185,0.3,degraded
13.57,31.79577,31.96706,-0.1713,-17.43213,-17.49245,0.06033,3.0231,2.9961,56.94,0.0,0.3,degraded
13.58,31.79022,31.93289,-0.14267,-17.49876,-17.55522,0.05646,2.9898,3.0,57.06,0.0016,0.3,degraded
13.59,31.78435,31.90371,-0.11936,-17.56554,-17.61203,0.04648,3.0213,3.0,56.97,0.00179,0.3,degraded
13.6,31.77822,31.86509,-0.08687,-17.63248,-17.67407,0.04159,3.0113,3.0,57.18,0.00148,0.3,degraded
13.61,31.77191,31.83177,-0.05986,-17.69959,-17.7264,0.02681,3.0012,3.0,56.66,0.00232,0.3,degraded
13.62,31.76548,31.79325,-0.02777,-17.76688,-17.78289,0.01602,2.9956,3.0,56.88,0.00221,0.3,degraded
13.63,31.75899,31.76414,-0.00515,-17.83436,-17.8331,-0.00126,2.9946,2.9975,57.24,0.00099,0.3,degraded
13.64,31.75252,31.72839,0.02413,-17.90206,-17.89019,-0.01187,3.0124,2.9757,57.17,0.0008,0.3,degraded
13.65,31.74613,31.7005,0.04563,-17.96997,-17.94087,-0.0291,2.9809,2.9978,57.13,0.00216,0.3,degraded
13.66,31.73989,31.66759,0.0723,-18.03812,-17.99646,-0.04166,2.9812,2.9994,57.25,0.00151,0.3,degraded
13.67,31.73386,31.63829,0.09557,-18.1065,-18.04483,-0.06167,3.0065,2.9733,56.79,0.00126,0.3,degraded
13.68,31.7281,31.60336,0.12474,-18.17514,-18.09668,-0.07846,3.0038,2.989,57.21,0.00318,0.3,degraded
13.69,31.72268,31.57694,0.14574,-18.24404,-18.1403,-0.10374,2.9858,2.9701,57.26,0.00101,0.3,degraded
13.7,31.71768,31.54308,0.1746,-18.31321,-18.1886,-0.12461,2.9954,2.9894,57.02,0.00117,0.3,degraded
13.71,31.71313,31.51576,0.19737,-18.38266,-18.22919,-0.15347,3.016,3.0,57.53,0.00273,0.3,degraded
13.72,31.70912,31.48286,0.22626,-18.45241,-18.27927,-0.17314,3.0225,2.9823,57.18,0.00096,0.3,degraded
13.73,31.70571,31.45795,0.24775,-18.52245,-18.32306,-0.1994,2.9575,2.9967,56.83,0.00424,0.3,degraded
13.74,31.70295,31.43212,0.27083,-18.5928,-18.37493,-0.21788,2.9873,3.0,57.24,0.00542,0.3,degraded
13.75,31.7009,31.43874,0.26216,-18.66347,-18.42346,-0.24001,2.9736,2.9984,57.09,0.00056,0.3,degraded
13.76,31.69963,31.43778,0.26185,-18.73446,-18.47805,-0.2564,2.9803,3.0,57.39,0.00076,0.3,degraded
13.77,31.6992,31.4419,0.25729,-18.80577,-18.52758,-0.2782,2.9952,3.0,57.31,0.00219,0.3,degraded
13.78,31.69965,31.43929,0.26036,-18.87743,-18.5836,-0.29382,3.0269,3.0,57.16,0.00161,0.3,degraded
13.79,31.70106,31.44127,0.25979,-18.94942,-18.63377,-0.31566,3.0009,2.9971,57.49,0.00127,0.3,degraded
13.8,31.70348,31.4362,0.26728,-19.02177,-18.69309,-0.32868,2.9951,2.976,57.42,0.00341,0.3,degraded
13.81,31.70697,31.4391,0.26787,-19.09446,-18.74873,-0.34573,2.9836,3.0,57.17,0.00064,0.3,degraded
13.82,31.71157,31.4351,0.27647,-19.16752,-18.8113,-0.35622,2.984,2.9839,57.29,0.00045,0.3,degraded
13.83,31.71735,31.43866,0.27868,-19.24094,-18.86481,-0.37613,3.0235,2.9952,57.41,0.00295,0.3,degraded
13.84,31.72435,31.43726,0.28708,-19.31472,-18.92039,-0.39434,3.0075,2.9892,57.29,0.00272,0.3,degraded
13.85,31.73263,31.44392,0.28872,-19.38888,-18.96502,-0.42386,3.0025,2.9877,57.31,0.0007,0.3,degraded
13.86,31.74225,31.44439,0.29785,-19.46341,-19.01376,-0.44964,2.9796,2.9813,57.39,0.00265,0.3,degraded
13.87,31.75325,31.45613,0.29712,-19.53831,-19.05437,-0.48394,3.0273,2.9957,57.24,0.003,0.3,degraded
13.88,31.76567,31.4706,0.29507,-19.61359,-19.10145,-0.51214,3.0296,3.0,57.08,0.00075,0.3,degraded
13.89,31.77958,31.49702,0.28256,-19.68926,-19.14549,-0.54376,2.9963,3.0,57.47,0.00136,0.3,degraded
13.9,31.79502,31.51704,0.27798,-19.7653,-19.1955,-0.5698,2.9955,3.0,57.15,0.00279,0.3,degraded
13.91,31.81202,31.54099,0.27103,-19.84173,-19.23862,-0.60311,2.9879,2.9942,57.32,0.0007,0.3,degraded
13.92,31.83065,31.56137,0.26929,-19.91854,-19.28483,-0.63371,3.0217,3.0,57.22,0.00209,0.3,degraded
13.93,31.85094,31.59037,0.26057,-19.99573,-19.32478,-0.67095,3.0002,3.0,57.26,0.00215,0.3,degraded
13.94,31.87293,31.61106,0.26187,-20.0733,-19.36954,-0.70376,3.0108,2.9671,57.59,0.00025,0.3,degraded
13.95,31.89667,31.63924,0.25743,-20.15126,-19.40631,-0.74495,2.9982,2.9978,57.51,0.0011,0.3,degraded
13.96,31.9222,31.66194,0.26026,-20.2296,-19.45104,-0.77855,2.991,3.0,57.52,0.00219,0.3,degraded
13.97,31.94955,31.68876,0.26079,-20.30831,-19.48978,-0.81853,3.007,3.0,57.38,0.00057,0.3,degraded
13.98,31.97877,31.70842,0.27035,-20.3874,-19.53446,-0.85294,2.9971,2.9873,57.49,0.00216,0.3,degraded
13.99,32.00989,31.73303,0.27686,-20.46686,-19.57025,-0.89661,3.0241,2.9876,57.67,0.08327,0.3,degraded
14.0,24.65604,31.71353,-7.05748,-3.42281,-19.56934,16.14653,3.0126,2.9787,57.63,0.3,0.3,degraded
14.01,24.65604,30.70157,-6.04553,-3.42281,-18.12432,14.70151,2.9963,2.9896,57.98,0.24328,0.3,degraded
14.02,24.65604,29.67298,-5.01694,-3.42281,-15.95995,12.53715,2.9965,3.0,58.18,0.11277,0.3,degraded
14.03,24.65604,28.78636,-4.13031,-3.42281,-14.09138,10.66857,3.0079,2.9927,58.14,0.05233,0.3,degraded
14.04,24.65604,28.10076,-3.44472,-3.42281,-12.4695,9.04669,2.9824,2.9791,58.05,0.06849,0.3,degraded
14.05,24.65604,27.51951,-2.86346,-3.42281,-11.12546,7.70266,3.0266,3.0,58.32,0.06607,0.3,degraded
14.06,24.65604,27.02964,-2.3736,-3.42281,-9.9579,6.53509,3.0016,2.9961,58.52,0.05111,0.3,degraded
14.07,24.65604,26.61189,-1.95584,-3.42281,-8.9092,5.48639,3.0059,1.8025,58.5,0.09287,0.3,degraded
14.08,24.65604,26.2554,-1.59936,-3.42281,-8.06513,4.64232,3.0271,3.0,58.51,0.05517,0.3,degraded
14.09,24.65604,25.95157,-1.29553,-3.42281,-7.3352,3.91239,0.9364,2.992,58.73,0.02784,0.3,degraded
14.1,24.65604,25.70031,-1.04426,-3.42281,-6.68368,3.26087,3.016,2.9753,59.12,0.03048,0.3,degraded
14.11,24.65604,25.49467,-0.83863,-3.42281,-6.11335,2.69055,3.0042,2.9944,58.71,0.02832,0.3,degraded
14.12,24.65604,25.39,-0.73396,-3.42281,-5.62396,2.20115,2.9956,2.9931,58.8,0.02942,0.3,degraded
14.13,24.65604,25.29841,-0.64236,-3.42281,-5.26303,1.84023,2.988,3.0,58.62,0.01978,0.3,degraded
14.14,24.65604,25.19893,-0.54289,-3.42281,-4.98911,1.5663,3.0166,2.9979,59.01,0.00653,0.3,degraded
14.15,24.65604,25.1069,-0.45085,-3.42281,-4.73139,1.30858,2.9996,3.0,58.96,0.00609,0.3,degraded
14.16,24.65604,25.00785,-0.35181,-3.42281,-4.50397,1.08117,3.0037,3.0,58.96,0.00428,0.3,degraded
14.17,24.65604,24.9173,-0.26125,-3.42281,-4.29005,0.86724,2.9919,2.9895,59.05,0.01495,0.3,degraded
14.18,24.65604,24.83669,-0.18065,-3.42281,-4.10686,0.68405,3.0112,2.9915,58.79,0.01482,0.3,degraded
14.19,24.65604,24.83532,-0.17928,-3.42281,-3.94171,0.5189,3.011,2.9939,58.82,0.0047,0.3,degraded
14.2,24.65604,24.82775,-0.1717,-3.42281,-3.80401,0.3812,3.0176,3.0,59.13,0.00611,0.3,degraded
14.21,24.65604,24.82831,-0.17227,-3.42281,-3.68442,0.26161,3.0029,3.0,58.98,0.0047,0.3,degraded
14.22,24.65604,24.82203,-0.16598,-3.42281,-3.58219,0.15938,2.9778,2.9903,58.56,0.00079,0.3,degraded
14.23,24.65604,24.82416,-0.16812,-3.42281,-3.47448,0.05167,3.0049,3.0,58.97,0.00376,0.3,degraded
14.24,24.65604,24.82287,-0.16682,-3.42281,-3.37682,-0.04599,3.0021,3.0,58.82,0.00771,0.3,degraded
14.25,24.65604,24.82776,-0.17171,-3.42281,-3.29929,-0.12352,2.9669,3.0,59.05,0.00496,0.3,degraded
14.26,24.65604,24.82359,-0.16754,-3.42281,-3.25461,-0.1682,3.0077,2.9958,58.99,0.00127,0.3,degraded
14.27,24.65604,24.82726,-0.17122,-3.42281,-3.20449,-0.21832,2.9938,2.9849,58.68,0.00111,0.3,degraded
14.28,24.65604,24.8235,-0.16746,-3.42281,-3.16068,-0.26213,2.9922,3.0,58.99,0.00065,0.3,degraded
14.29,24.65604,24.82612,-0.17008,-3.42281,-3.11293,-0.30988,2.9716,3.0,58.99,0.00368,0.3,degraded
14.3,24.65604,24.82214,-0.1661,-3.42281,-3.08491,-0.3379,2.978,2.9972,59.03,0.00319,0.3,degraded
14.31,24.65604,24.82212,-0.16607,-3.42281,-3.05455,-0.36826,3.0054,2.9923,59.07,0.00146,0.3,degraded
14.32,24.65604,24.81715,-0.16111,-3.42281,-3.03669,-0.38611,2.9946,2.9924,59.22,0.00249,0.3,degraded
14.33,24.65604,24.82233,-0.16629,-3.42281,-3.01724,-0.40557,3.0072,2.9994,59.07,0.00396,0.3,degraded
14.34,24.65604,24.81898,-0.16293,-3.42281,-3.01593,-0.40687,2.9916,2.994,59.03,0.00226,0.3,degraded
14.35,24.65604,24.82269,-0.16665,-3.42281,-3.0133,-0.40951,3.0277,2.9875,59.21,0.00091,0.3,degraded
14.36,24.65604,24.82337,-0.16733,-3.42281,-3.01669,-0.40612,2.997,2.9929,59.39,0.0019,0.3,degraded
14.37,24.65604,24.83228,-0.17624,-3.42281,-3.01388,-0.40893,2.9825,2.9983,59.2,0.00127,0.3,degraded
14.38,24.65604,24.8319,-0.17585,-3.42281,-3.01689,-0.40591,3.0163,3.0,59.11,0.00143,0.3,degraded
14.39,24.65604,24.83769,-0.18164,-3.42281,-3.01618,-0.40662,3.0113,3.0,59.16,0.00237,0.3,degraded
14.4,24.65604,24.83643,-0.18039,-3.42281,-3.02345,-0.39935,2.9897,3.0,59.15,0.00137,0.3,degraded
14.41,24.65604,24.84121,-0.18517,-3.42281,-3.0262,-0.39661,2.9806,3.0,59.12,0.00029,0.3,degraded
14.42,24.65604,24.83855,-0.18251,-3.42281,-3.03456,-0.38825,2.9923,2.9677,59.46,0.00374,0.3,degraded
14.43,24.65604,24.84144,-0.1854,-3.42281,-3.03899,-0.38381,2.9953,2.9824,59.04,0.00236,0.3,degraded
14.44,24.65604,24.83964,-0.1836,-3.42281,-3.06113,-0.36167,2.9812,3.0,59.34,0.00086,0.3,degraded
14.45,24.65604,24.84382,-0.18777,-3.42281,-3.07588,-0.34692,2.9793,2.9738,59.16,0.00144,0.3,degraded
14.46,24.65604,24.84154,-0.1855,-3.42281,-3.09614,-0.32666,3.0163,2.9943,58.97,0.00095,0.3,degraded
14.47,24.65604,24.84568,-0.18963,-3.42281,-3.10967,-0.31314,2.9889,3.0,59.18,0.00056,0.3,degraded
14.48,24.65604,24.84346,-0.18741,-3.42281,-3.12919,-0.29362,3.0322,3.0,59.14,0.00212,0.3,degraded
14.49,24.65604,24.84865,-0.19261,-3.42281,-3.14278,-0.28002,3.0051,2.9813,59.32,0.00182,0.3,degraded
14.5,24.65604,24.84866,-0.19262,-3.42281,-3.1619,-0.26091,2.999,2.9937,59.27,0.00081,0.3,degraded
14.51,24.65604,24.85459,-0.19854,-3.42281,-3.17481,-0.248,3.009,3.0,59.11,0.00184,0.3,degraded
14.52,24.65604,24.85648,-0.20043,-3.42281,-3.19616,-0.22664,3.0132,2.9863,59.5,0.002,0.3,degraded
14.53,24.65604,24.86164,-0.20559,-3.42281,-3.21018,-0.21263,2.9835,2.996,59.46,0.00014,0.3,degraded
14.54,24.65604,24.86043,-0.20438,-3.42281,-3.22867,-0.19414,2.976,3.0,59.55,0.00191,0.3,degraded
14.55,24.65604,24.86799,-0.21194,-3.42281,-3.24088,-0.18192,3.0061,3.0,59.36,0.00229,0.3,degraded
14.56,24.65604,24.87059,-0.21455,-3.42281,-3.26105,-0.16176,3.0069,2.9977,59.34,0.00017,0.3,degraded
14.57,24.65604,24.88051,-0.22446,-3.42281,-3.27629,-0.14652,2.998,2.9958,59.46,0.00186,0.3,degraded
14.58,24.65604,24.88312,-0.22708,-3.42281,-3.29641,-0.1264,2.9948,2.984,59.28,0.00183,0.3,degraded
14.59,24.65604,24.89142,-0.23538,-3.42281,-3.30877,-0.11404,2.9817,3.0,59.41,0.00032,0.3,degraded
14.6,24.65604,24.89239,-0.23634,-3.42281,-3.32948,-0.09332,2.9856,2.9912,59.37,0.00177,0.3,degraded
14.61,24.65604,24.89832,-0.24227,-3.42281,-3.34407,-0.07873,2.9875,3.0,59.2,0.0017,0.3,degraded
14.62,24.65604,24.89906,-0.24302,-3.42281,-3.36636,-0.05645,3.0058,2.9935,59.45,0.0001,0.3,degraded
14.63,24.65604,24.90568,-0.24964,-3.42281,-3.38408,-0.03873,3.0032,2.9993,59.38,0.00183,0.3,degraded
14.64,24.65604,24.90313,-0.24709,-3.42281,-3.40636,-0.01645,3.0054,2.9959,59.42,0.00272,0.3,degraded
14.65,24.65604,24.90458,-0.24854,-3.42281,-3.42112,-0.00168,2.9783,2.9936,59.53,0.0002,0.3,degraded
14.66,24.65604,24.89804,-0.242,-3.42281,-3.44215,0.01934,2.9897,3.0,59.68,0.00141,0.3,degraded
14.67,24.65604,24.89756,-0.24151,-3.42281,-3.45423,0.03142,2.9964,3.0,59.38,0.00205,0.3,degraded
14.68,24.65604,24.89046,-0.23442,-3.42281,-3.47272,0.04991,3.0045,3.0,59.47,0.00029,0.3,degraded
14.69,24.65604,24.88602,-0.22998,-3.42281,-3.48574,0.06293,2.9973,3.0,59.42,3e-05,0.3,degraded
14.7,24.65604,24.87787,-0.22183,-3.42281,-3.50553,0.08273,2.9861,2.9803,59.42,0.00289,0.3,degraded
14.71,24.65604,24.87669,-0.22064,-3.42281,-3.51927,0.09646,3.0256,2.9997,59.47,0.00109,0.3,degraded
14.72,24.65604,24.86684,-0.2108,-3.42281,-3.54324,0.12043,2.991,3.0,59.55,0.0005,0.3,degraded
14.73,24.65604,24.86326,-0.20721,-3.42281,-3.5602,0.1374,3.0088,3.0,59.68,0.00317,0.3,degraded
14.74,24.65604,24.85483,-0.19879,-3.42281,-3.57973,0.15692,3.0077,3.0,59.65,0.00391,0.3,degraded
14.75,24.65604,24.85032,-0.19427,-3.42281,-3.59158,0.16877,2.5396,2.9636,59.46,0.00372,0.3,degraded
14.76,24.65604,24.81276,-0.15672,-3.42281,-3.60731,0.1845,3.0092,2.9914,59.82,0.00249,0.3,degraded
14.77,24.65604,24.78061,-0.12457,-3.42281,-3.61767,0.19487,2.9971,3.0,59.78,0.00207,0.3,degraded
14.78,24.65604,24.7432,-0.08716,-3.42281,-3.63125,0.20844,3.0038,2.998,59.52,0.00121,0.3,degraded
14.79,24.65604,24.71026,-0.05421,-3.42281,-3.63771,0.21491,2.9851,2.9863,59.85,0.00302,0.3,degraded
14.8,24.65604,24.66884,-0.01279,-3.42281,-3.65222,0.22941,2.9919,2.9979,59.73,0.00147,0.3,degraded
14.81,24.65604,24.63565,0.0204,-3.42281,-3.65913,0.23632,3.0075,3.0,59.67,0.00062,0.3,degraded
14.82,24.65604,24.5999,0.05614,-3.42281,-3.6732,0.2504,2.9942,2.9876,59.75,0.00219,0.3,degraded
14.83,24.65604,24.56891,0.08714,-3.42281,-3.68328,0.26048,2.9938,2.9877,59.71,0.00141,0.3,degraded
14.84,24.65604,24.53198,0.12407,-3.42281,-3.69904,0.27624,2.9952,2.9791,59.81,1e-05,0.3,degraded
14.85,24.65604,24.49982,0.15623,-3.42281,-3.70719,0.28438,2.9875,2.9827,59.77,0.00197,0.3,degraded
14.86,24.65604,24.46077,0.19528,-3.42281,-3.72068,0.29787,3.0047,2.9844,59.7,0.00197,0.3,degraded
14.87,24.65604,24.42938,0.22666,-3.42281,-3.7245,0.30169,2.9912,2.993,59.46,0.0004,0.3,degraded
14.88,24.65604,24.39144,0.26461,-3.42281,-3.73218,0.30938,2.9924,3.0,59.85,0.00178,0.3,degraded
14.89,24.65604,24.36014,0.2959,-3.42281,-3.73586,0.31305,2.987,3.0,59.73,0.00172,0.3,degraded
14.9,24.65604,24.32388,0.33217,-3.42281,-3.74346,0.32065,3.0195,3.0,59.91,0.00084,0.3,degraded
14.91,24.65604,24.29676,0.35929,-3.42281,-3.74504,0.32223,2.9905,2.9914,59.88,0.00155,0.3,degraded
14.92,24.65604,24.26425,0.3918,-3.42281,-3.75429,0.33148,2.9842,3.0,59.77,0.0049,0.3,degraded
14.93,24.65604,24.25109,0.40495,-3.42281,-3.75774,0.33494,3.0048,2.9714,59.99,0.00396,0.3,degraded
14.94,24.65604,24.25096,0.40509,-3.42281,-3.76576,0.34295,3.0217,3.0,59.88,0.00192,0.3,degraded
14.95,24.65604,24.25851,0.39754,-3.42281,-3.76649,0.34368,3.0109,2.9844,59.89,0.00213,0.3,degraded
14.96,24.65604,24.26293,0.39312,-3.42281,-3.77518,0.35237,2.9925,3.0,59.86,0.00032,0.3,degraded
14.97,24.65604,24.27342,0.38262,-3.42281,-3.77716,0.35435,2.9862,2.9972,60.14,0.00102,0.3,degraded
14.98,24.65604,24.27664,0.3794,-3.42281,-3.78319,0.36039,2.9852,2.9815,59.8,0.00261,0.3,degraded
14.99,24.65604,24.28975,0.3663,-3.42281,-3.7851,0.3623,3.0142,2.9812,59.87,0.00069,0.3,degraded
15.0,24.65604,24.29526,0.36079,-3.42281,-3.79448,0.37167,3.0242,2.9964,59.75,0.00131,0.3,degraded
15.01,24.65604,24.30615,0.34989,-3.42281,-3.79672,0.37392,3.0171,2.9897,60.06,0.00271,0.3,degraded
15.02,24.65604,24.3133,0.34274,-3.42281,-3.80313,0.38033,3.009,3.0,59.88,0.0008,0.3,degraded
15.03,24.65604,24.32804,0.328,-3.42281,-3.80451,0.3817,3.0088,2.9993,59.91,0.00102,0.3,degraded
15.04,24.65604,24.33829,0.31776,-3.42281,-3.81455,0.39174,3.0204,3.0,59.92,0.00268,0.3,degraded
15.05,24.65604,24.35307,0.30298,-3.42281,-3.81639,0.39358,2.957,2.9764,60.02,0.00107,0.3,degraded
15.06,24.65604,24.35956,0.29649,-3.42281,-3.82356,0.40075,2.9944,3.0,59.84,0.00213,0.3,degraded
15.07,24.65604,24.3746,0.28144,-3.42281,-3.82112,0.39832,3.0073,3.0,59.7,0.0035,0.3,degraded
15.08,24.65604,24.38522,0.27082,-3.42281,-3.81572,0.39291,2.9943,3.0,60.12,0.00158,0.3,degraded
15.09,24.65604,24.40469,0.25135,-3.42281,-3.80296,0.38015,2.9966,3.0,59.75,0.00057,0.3,degraded
15.1,24.65604,24.41632,0.23972,-3.42281,-3.80172,0.37891,2.9788,3.0,60.21,0.00244,0.3,degraded
15.11,24.65604,24.43275,0.22329,-3.42281,-3.79653,0.37372,2.9832,2.984,60.33,0.00236,0.3,degraded
15.12,24.65604,24.44155,0.21449,-3.42281,-3.79327,0.37046,2.9729,2.9794,60.08,0.00172,0.3,degraded
15.13,24.65604,24.45445,0.2016,-3.42281,-3.77332,0.35051,2.965,3.0,60.32,0.0019,0.3,degraded
15.14,24.65604,24.4618,0.19425,-3.42281,-3.75964,0.33683,2.9991,2.9944,60.13,0.0016,0.3,degraded
15.15,24.65604,24.47457,0.18147,-3.42281,-3.73803,0.31522,3.002,3.0,60.39,1e-05,0.3,degraded
15.16,24.65604,24.48433,0.17171,-3.42281,-3.72339,0.30058,3.0081,2.9891,60.09,0.00175,0.3,degraded
15.17,24.65604,24.50079,0.15525,-3.42281,-3.70183,0.27902,2.9985,3.0,59.82,0.00116,0.3,degraded
15.18,24.65604,24.51099,0.14505,-3.42281,-3.68851,0.2657,3.0262,2.9918,60.18,0.00094,0.3,degraded
15.19,24.65604,24.52865,0.1274,-3.42281,-3.66895,0.24615,2.9998,3.0,60.46,0.00236,0.3,degraded
15.2,24.65604,24.54123,0.11481,-3.42281,-3.65367,0.23086,2.9786,2.9913,60.3,0.00195,0.3,degraded
15.21,24.65604,24.56026,0.09578,-3.42281,-3.62911,0.2063,2.9949,3.0,60.15,0.00048,0.3,degraded
15.22,24.65604,24.5721,0.08394,-3.42281,-3.61,0.1872,3.0113,2.9797,60.29,0.002,0.3,degraded
15.23,24.65604,24.58908,0.06696,-3.42281,-3.58335,0.16054,2.9988,3.0,60.4,0.00234,0.3,degraded
15.24,24.65604,24.59846,0.05758,-3.42281,-3.56639,0.14359,3.013,2.9661,60.26,0.0,0.3,degraded
15.25,24.65604,24.6149,0.04114,-3.42281,-3.54337,0.12056,2.9853,3.0,60.68,0.00202,0.3,degraded
15.26,24.65604,24.62598,0.03006,-3.42281,-3.52737,0.10457,3.0126,3.0,60.22,0.00265,0.3,degraded
15.27,24.65604,24.64464,0.0114,-3.42281,-3.50729,0.08448,2.9836,3.0,60.46,0.0009,0.3,degraded
15.28,24.65604,24.65807,-0.00203,-3.42281,-3.49566,0.07286,3.0253,3.0,60.44,0.00209,0.3,degraded
15.29,24.65604,24.68112,-0.02508,-3.42281,-3.47414,0.05133,3.0021,3.0,60.23,0.00181,0.3,degraded
15.3,24.65604,24.69968,-0.04363,-3.42281,-3.45796,0.03516,2.9913,2.9641,60.29,0.00052,0.3,degraded
15.31,24.65604,24.72769,-0.07165,-3.42281,-3.43782,0.01502,3.0218,3.0,60.52,0.00158,0.3,degraded
15.32,24.65604,24.75079,-0.09474,-3.42281,-3.42515,0.00234,2.9918,2.9907,60.4,0.00254,0.3,degraded
15.33,24.65604,24.7797,-0.12366,-3.42281,-3.40539,-0.01742,3.0153,3.0,60.44,0.00132,0.3,degraded
15.34,24.65604,24.80245,-0.1464,-3.42281,-3.39638,-0.02642,3.0089,3.0,60.16,0.00183,0.3,degraded
15.35,24.65604,24.83053,-0.17448,-3.42281,-3.38648,-0.03633,2.9999,2.9978,60.52,0.00322,0.3,degraded
15.36,24.65604,24.85286,-0.19681,-3.42281,-3.38672,-0.03609,3.0297,2.9819,60.48,0.001,0.3,degraded
15.37,24.65604,24.88283,-0.22679,-3.42281,-3.38043,-0.04238,2.9889,2.9921,60.44,0.00052,0.3,degraded
15.38,24.65604,24.90524,-0.2492,-3.42281,-3.38054,-0.04227,3.0032,3.0,60.52,0.00314,0.3,degraded
15.39,24.65604,24.93438,-0.27834,-3.42281,-3.37537,-0.04743,2.9892,2.987,60.42,0.0009,0.3,degraded
15.4,24.65604,24.95901,-0.30297,-3.42281,-3.37734,-0.04547,3.0235,3.0,60.41,0.00346,0.3,degraded
15.41,24.65604,24.97366,-0.31762,-3.42281,-3.3739,-0.04891,3.0003,3.0,60.48,0.00584,0.3,degraded
15.42,24.65604,24.96344,-0.3074,-3.42281,-3.37754,-0.04526,2.9747,3.0,60.46,0.00087,0.3,degraded
15.43,24.65604,24.95813,-0.30208,-3.42281,-3.37604,-0.04677,3.0002,3.0,60.87,0.00076,0.3,degraded
15.44,24.65604,24.94513,-0.28908,-3.42281,-3.37815,-0.04466,2.9922,3.0,60.69,0.00296,0.3,degraded
15.45,24.65604,24.93793,-0.28188,-3.42281,-3.37033,-0.05248,2.9904,3.0,60.42,0.00119,0.3,degraded
15.46,24.65604,24.92396,-0.26792,-3.42281,-3.37031,-0.0525,2.9835,3.0,60.88,0.00033,0.3,degraded
15.47,24.65604,24.91343,-0.25739,-3.42281,-3.36376,-0.05904,3.0111,2.9811,60.53,0.00208,0.3,degraded
15.48,24.65604,24.89914,-0.24309,-3.42281,-3.36299,-0.05982,2.9781,2.9772,60.61,0.00066,0.3,degraded
15.49,24.65604,24.88956,-0.23351,-3.42281,-3.35534,-0.06747,2.9833,3.0,60.75,0.0,0.3,degraded
15.5,24.65604,24.87239,-0.21634,-3.42281,-3.35392,-0.06888,3.0246,2.9946,60.33,0.00262,0.3,degraded
15.51,24.65604,24.86484,-0.20879,-3.42281,-3.34858,-0.07423,3.0076,3.0,60.61,0.00244,0.3,degraded
15.52,24.65604,24.85434,-0.19829,-3.42281,-3.35585,-0.06696,2.9936,2.9891,60.57,0.00066,0.3,degraded
15.53,24.65604,24.84853,-0.19249,-3.42281,-3.35921,-0.0636,2.9956,2.9723,60.7,0.00243,0.3,degraded
15.54,24.65604,24.83823,-0.18218,-3.42281,-3.36968,-0.05313,2.9812,2.9888,60.74,0.00166,0.3,degraded
15.55,24.65604,24.83301,-0.17696,-3.42281,-3.37458,-0.04822,3.0031,3.0,60.68,5e-05,0.3,degraded
15.56,24.65604,24.81931,-0.16326,-3.42281,-3.38597,-0.03684,2.9929,3.0,60.69,0.0015,0.3,degraded
15.57,24.65604,24.81283,-0.15678,-3.42281,-3.39291,-0.0299,2.9971,2.9933,60.88,0.00226,0.3,degraded
15.58,24.65604,24.79954,-0.1435,-3.42281,-3.40725,-0.01556,3.0075,2.9821,60.78,0.00114,0.3,degraded
15.59,24.65604,24.79258,-0.13654,-3.42281,-3.41065,-0.01216,3.0079,3.0,60.76,0.00191,0.3,degraded
15.6,24.65604,24.78002,-0.12398,-3.42281,-3.41913,-0.00367,3.0125,3.0,60.79,0.0017,0.3,degraded
15.61,24.65604,24.77314,-0.1171,-3.42281,-3.4228,-1e-05,2.9926,3.0,61.05,0.0009,0.3,degraded
15.62,24.65604,24.75987,-0.10383,-3.42281,-3.43673,0.01392,3.0073,3.0,60.82,0.00194,0.3,degraded
15.63,24.65604,24.75206,-0.09602,-3.42281,-3.44613,0.02332,2.9909,3.0,60.73,0.00216,0.3,degraded
15.64,24.65604,24.73951,-0.08347,-3.42281,-3.4631,0.04029,2.9953,2.9931,60.53,0.00056,0.3,degraded
15.65,24.65604,24.73342,-0.07738,-3.42281,-3.47425,0.05144,3.0078,3.0,60.62,0.0017,0.3,degraded
15.66,24.65604,24.72316,-0.06711,-3.42281,-3.49537,0.07256,2.9881,2.9973,60.78,0.00247,0.3,degraded
15.67,24.65604,24.71973,-0.06368,-3.42281,-3.51227,0.08946,2.9778,2.9959,60.85,0.00027,0.3,degraded
15.68,24.65604,24.71015,-0.0541,-3.42281,-3.53642,0.11361,3.0048,3.0,60.79,0.00178,0.3,degraded
15.69,24.65604,24.70393,-0.04789,-3.42281,-3.55399,0.13118,3.0107,3.0,60.94,0.00314,0.3,degraded
15.7,24.65604,24.68995,-0.03391,-3.42281,-3.5738,0.15099,2.9696,3.0,60.82,0.0033,0.3,degraded
15.71,24.65604,24.68122,-0.02518,-3.42281,-3.56676,0.14395,3.0054,2.9985,60.78,0.00308,0.3,degraded
15.72,24.65604,24.66504,-0.009,-3.42281,-3.56349,0.14069,3.025,3.0,61.02,0.00219,0.3,degraded
15.73,24.65604,24.65495,0.0011,-3.42281,-3.55376,0.13095,3.0009,3.0,61.15,0.00182,0.3,degraded
15.74,24.65604,24.63885,0.01719,-3.42281,-3.54615,0.12334,3.0014,3.0,60.79,0.00119,0.3,degraded
15.75,24.65604,24.62858,0.02746,-3.42281,-3.53096,0.10815,2.9962,2.964,61.0,0.00278,0.3,degraded
15.76,24.65604,24.61358,0.04246,-3.42281,-3.51989,0.09709,3.0048,3.0,60.69,0.00112,0.3,degraded
15.77,24.65604,24.60594,0.05011,-3.42281,-3.50097,0.07817,2.9712,3.0,60.77,0.00037,0.3,degraded
15.78,24.65604,24.59101,0.06503,-3.42281,-3.4887,0.06589,2.9639,3.0,60.91,0.00268,0.3,degraded
15.79,24.65604,24.58335,0.0727,-3.42281,-3.47007,0.04727,3.0091,2.9765,61.18,0.0013,0.3,degraded
15.8,24.65604,24.56821,0.08783,-3.42281,-3.45801,0.0352,3.0026,2.9644,60.91,0.00022,0.3,degraded
15.81,24.65604,24.55866,0.09738,-3.42281,-3.43951,0.01671,2.9973,3.0,60.92,0.00236,0.3,degraded
15.82,24.65604,24.5418,0.11424,-3.42281,-3.42657,0.00377,2.9756,2.9831,61.06,0.00159,0.3,degraded
15.83,24.65604,24.53086,0.12518,-3.42281,-3.40797,-0.01484,2.987,3.0,61.07,0.0,0.3,degraded
15.84,24.65604,24.51408,0.14197,-3.42281,-3.39641,-0.0264,3.0075,3.0,60.96,0.00181,0.3,degraded
15.85,24.65604,24.50304,0.153,-3.42281,-3.37963,-0.04317,2.9899,2.9887,61.38,0.00244,0.3,degraded
15.86,24.65604,24.48878,0.16727,-3.42281,-3.36626,-0.05655,2.9986,3.0,61.06,0.00015,0.3,degraded
15.87,24.65604,24.48322,0.17283,-3.42281,-3.34601,-0.0768,3.0138,3.0,61.13,0.00125,0.3,degraded
15.88,24.65604,24.47036,0.18569,-3.42281,-3.3307,-0.09211,2.9929,3.0,61.06,0.00199,0.3,degraded
15.89,24.65604,24.46174,0.19431,-3.42281,-3.31182,-0.11099,2.9918,2.9888,61.2,0.00114,0.3,degraded
15.9,24.65604,24.44471,0.21133,-3.42281,-3.30267,-0.12013,3.0091,2.9725,61.33,0.00189,0.3,degraded
15.91,24.65604,24.43375,0.22229,-3.42281,-3.28799,-0.13482,2.9805,2.9986,61.41,0.00261,0.3,degraded
15.92,24.65604,24.41649,0.23955,-3.42281,-3.27517,-0.14764,3.0209,3.0,61.06,0.00041,0.3,degraded
15.93,24.65604,24.40385,0.25219,-3.42281,-3.25632,-0.16648,3.0197,2.9814,61.35,0.00123,0.3,degraded
15.94,24.65604,24.38715,0.26889,-3.42281,-3.24199,-0.18082,3.0148,3.0,61.28,0.00181,0.3,degraded
15.95,24.65604,24.37901,0.27704,-3.42281,-3.22301,-0.19979,2.9896,3.0,61.35,0.00038,0.3,degraded
15.96,24.65604,24.36557,0.29048,-3.42281,-3.21265,-0.21016,2.9956,2.9888,61.21,0.00182,0.3,degraded
15.97,24.65604,24.35494,0.30111,-3.42281,-3.19557,-0.22724,3.0079,2.9953,61.2,0.00256,0.3,degraded
15.98,24.65604,24.33637,0.31968,-3.42281,-3.1849,-0.2379,3.0078,2.9986,61.38,0.00484,0.3,degraded
15.99,24.65604,24.36015,0.29589,-3.42281,-3.16746,-0.25535,3.0212,2.9908,61.4,0.00589,0.3,degraded
16.0,45.89935,24.38828,21.51107,-20.22837,-3.15672,-17.07166,3.0178,3.0,61.51,0.3,0.3,degraded
16.01,45.69571,25.55672,20.13899,-20.02658,-4.41207,-15.6145,3.0015,3.0,61.56,0.3,0.3,degraded
16.02,45.48801,28.55832,16.9297,-19.82258,-6.65207,-13.17051,3.0026,2.9734,61.85,0.137,0.3,degraded
16.03,45.27629,31.69433,13.58196,-19.61641,-8.54578,-11.07063,2.9978,3.0,61.76,0.1776,0.3,degraded
16.04,45.06059,34.23204,10.82855,-19.40809,-10.16785,-9.24024,2.9872,3.0,62.11,0.1159,0.3,degraded
16.05,44.84094,36.26055,8.5804,-19.19763,-11.49241,-7.70522,3.022,2.9939,62.49,0.13535,0.3,degraded
16.06,44.61741,37.88743,6.72998,-18.98507,-12.58555,-6.39952,2.9954,2.9606,62.53,0.11624,0.3,degraded
16.07,44.39003,39.19998,5.19006,-18.77041,-13.52094,-5.24947,3.0108,3.0,62.94,0.05367,0.3,degraded
16.08,44.15886,40.22961,3.92925,-18.5537,-14.26679,-4.2869,3.0495,3.0,62.73,0.09647,0.3,degraded
16.09,43.92395,41.01882,2.90512,-18.33494,-14.853,-3.48194,2.9736,3.0,62.92,0.10416,0.3,degraded
16.1,43.68533,41.6354,2.04994,-18.11417,-15.33717,-2.777,3.0051,2.9899,62.98,0.02307,0.3,degraded
16.11,43.44308,42.06001,1.38307,-17.89141,-15.793,-2.09841,2.9938,3.0,63.28,0.01841,0.3,degraded
16.12,43.19724,42.4131,0.78413,-17.66669,-16.1171,-1.5496,1.6051,2.9879,63.05,0.02266,0.3,degraded
16.13,42.94786,42.67454,0.27332,-17.44003,-16.37053,-1.0695,2.9998,2.9955,63.25,0.05964,0.3,degraded
16.14,42.695,42.72761,-0.0326,-17.21146,-16.51336,-0.6981,3.01,3.0,63.23,0.04298,0.3,degraded
16.15,42.43872,42.78702,-0.34829,-16.981,-16.62941,-0.35159,3.0045,3.0,63.35,0.00514,0.3,degraded
16.16,42.17908,42.84052,-0.66144,-16.74869,-16.735,-0.01369,2.9995,2.9815,63.36,0.01837,0.3,degraded
16.17,41.91613,42.81221,-0.89608,-16.51454,-16.78157,0.26703,3.0158,2.9826,63.24,0.04656,0.3,degraded
16.18,41.64993,42.74753,-1.0976,-16.2786,-16.76467,0.48607,2.9825,3.0,63.01,0.04612,0.3,degraded
16.19,41.38055,42.63641,-1.25586,-16.04088,-16.63536,0.59448,3.0178,2.9762,63.24,0.01005,0.3,degraded
16.2,41.10805,42.49053,-1.38248,-15.80142,-16.52724,0.72582,3.0023,2.9902,63.29,0.00656,0.3,degraded
16.21,40.83248,42.32395,-1.49147,-15.56024,-16.41845,0.85822,3.0149,2.9885,63.36,0.00277,0.3,degraded
16.22,40.55392,42.15354,-1.59962,-15.31737,-16.31542,0.99804,2.9913,3.0,63.22,0.02049,0.3,degraded
16.23,40.27242,41.95472,-1.6823,-15.07285,-16.20772,1.13487,0.2132,2.9675,63.53,0.02266,0.3,degraded
16.24,39.98806,41.6082,-1.62014,-14.82671,-16.0897,1.26299,2.9893,2.9945,63.4,0.01214,0.3,degraded
16.25,39.7009,41.28541,-1.58451,-14.57897,-15.90253,1.32357,2.9963,3.0,63.29,0.00984,0.3,degraded
16.26,39.411,40.975,-1.564,-14.32966,-15.74311,1.41345,3.0034,3.0,63.38,0.01356,0.3,degraded
16.27,39.11844,40.69094,-1.57249,-14.07883,-15.54379,1.46496,3.0269,2.9915,63.78,0.01556,0.3,degraded
16.28,38.82329,40.4195,-1.59621,-13.82649,-15.28925,1.46276,2.9951,3.0,63.62,0.00965,0.3,degraded
16.29,38.5256,40.17313,-1.64753,-13.57269,-15.05282,1.48013,2.9975,3.0,63.7,0.00819,0.3,degraded
16.3,38.22546,39.93533,-1.70987,-13.31745,-14.8475,1.53005,2.9943,3.0,63.42,0.00758,0.3,degraded
16.31,37.92293,39.71627,-1.79334,-13.06081,-14.6559,1.59508,2.9992,2.9906,63.5,0.03492,0.3,degraded
16.32,37.61809,39.44986,-1.83177,-12.8028,-14.41109,1.60828,2.9927,3.0,63.54,0.03145,0.3,degraded
16.33,37.31101,39.19253,-1.88152,-12.54346,-14.12593,1.58248,3.0065,3.0,63.72,0.00955,0.3,degraded
16.34,37.00175,38.88668,-1.88493,-12.28281,-13.87061,1.5878,2.9778,2.9813,63.71,0.01088,0.3,degraded
16.35,36.6904,38.59363,-1.90322,-12.02089,-13.63592,1.61502,2.9921,2.9792,63.71,0.00964,0.3,degraded
16.36,36.37703,38.31211,-1.93508,-11.75774,-13.43176,1.67401,2.9803,2.9971,63.77,0.00249,0.3,degraded
16.37,36.06171,38.02144,-1.95973,-11.49339,-13.21287,1.71948,3.0083,3.0,63.75,0.01418,0.3,degraded
16.38,35.74452,37.7121,-1.96758,-11.22788,-13.00255,1.77467,2.9842,2.9746,63.89,0.01655,0.3,degraded
16.39,35.42553,37.33507,-1.90954,-10.96124,-12.70655,1.74531,3.0134,3.0,64.13,0.01159,0.3,degraded
16.4,35.10481,36.96836,-1.86355,-10.6935,-12.41322,1.71972,3.0015,2.9801,63.79,0.01064,0.3,degraded
16.41,34.78245,36.62549,-1.84304,-10.4247,-12.13873,1.71403,3.0003,2.9758,64.12,0.00945,0.3,degraded
16.42,34.45852,36.29549,-1.83697,-10.15488,-11.89459,1.7397,2.9911,2.9723,64.32,0.00923,0.3,degraded
16.43,34.13309,35.9911,-1.858,-9.88408,-11.66708,1.783,3.0181,2.9844,64.13,0.01439,0.3,degraded
16.44,33.80625,35.70182,-1.89557,-9.61232,-11.39253,1.78021,2.9951,2.9845,64.13,0.02048,0.3,degraded
16.45,33.47807,35.31282,-1.83475,-9.33965,-11.08111,1.74146,2.984,3.0,64.4,0.01669,0.3,degraded
16.46,33.14863,34.90638,-1.75775,-9.0661,-10.79553,1.72943,3.0092,3.0,64.17,0.00939,0.3,degraded
16.47,32.81801,34.52264,-1.70463,-8.79171,-10.52374,1.73203,2.9876,3.0,64.36,0.00808,0.3,degraded
16.48,32.48628,34.14749,-1.66122,-8.51651,-10.2803,1.76379,3.02,3.0,64.26,0.00815,0.3,degraded
16.49,32.15352,33.79608,-1.64257,-8.24055,-10.04929,1.80874,2.9747,2.9962,64.18,0.00676,0.3,degraded
16.5,31.81981,33.45973,-1.63993,-7.96386,-9.81567,1.85181,3.0149,3.0,64.49,0.01618,0.3,degraded
16.51,31.48522,33.15035,-1.66513,-7.68648,-9.54481,1.85833,2.9802,3.0,64.37,0.01045,0.3,degraded
16.52,31.14985,32.85424,-1.7044,-7.40844,-9.23638,1.82794,3.0396,2.9861,64.61,0.0095,0.3,degraded
16.53,30.81375,32.58269,-1.76894,-7.12978,-8.94328,1.8135,3.0166,3.0,64.82,0.00528,0.3,degraded
16.54,30.47702,32.30961,-1.83259,-6.85054,-8.67515,1.8246,3.0037,2.9912,64.98,0.01617,0.3,degraded
16.55,30.13973,31.9926,-1.85287,-6.57077,-8.42333,1.85257,3.0236,2.9932,64.77,0.01423,0.3,degraded
16.56,29.80195,31.60931,-1.80735,-6.29048,-8.19114,1.90065,3.0055,2.9815,64.95,0.00679,0.3,degraded
16.57,29.46377,31.25113,-1.78736,-6.00974,-7.92418,1.91444,2.9852,3.0,64.91,0.01615,0.3,degraded
16.58,29.12527,30.90747,-1.78221,-5.72856,-7.65804,1.92948,3.0007,2.9975,64.85,0.0132,0.3,degraded
16.59,28.78651,30.58961,-1.8031,-5.447,-7.30939,1.8624,3.0017,2.9883,64.67,0.01081,0.3,degraded
16.6,28.44758,30.28547,-1.83789,-5.16508,-6.99263,1.82755,2.9977,2.9926,65.25,0.01122,0.3,degraded
16.61,28.10856,29.98604,-1.87748,-4.88285,-6.69448,1.81163,2.9773,3.0,64.9,0.01313,0.3,degraded
16.62,27.76951,29.61055,-1.84104,-4.60035,-6.42291,1.82256,3.0144,3.0,65.32,0.01017,0.3,degraded
16.63,27.43053,29.25717,-1.82664,-4.31761,-6.16713,1.84952,2.9975,3.0,65.24,0.01234,0.3,degraded
16.64,27.09167,28.91499,-1.82331,-4.03467,-5.89089,1.85622,3.0055,3.0,65.06,0.01252,0.3,degraded
16.65,26.75303,28.59384,-1.84081,-3.75157,-5.55538,1.80381,3.002,3.0,65.31,0.01025,0.3,degraded
16.66,26.41466,28.28388,-1.86922,-3.46835,-5.24794,1.77959,2.9768,2.9909,65.63,0.01232,0.3,degraded
16.67,26.07666,27.9545,-1.87784,-3.18505,-4.95433,1.76928,2.9838,2.9927,65.59,0.01196,0.3,degraded
16.68,25.73908,27.5708,-1.83172,-2.9017,-4.6877,1.786,3.0054,3.0,65.34,0.01005,0.3,degraded
16.69,25.40201,27.21088,-1.80886,-2.61834,-4.43433,1.81599,2.9964,2.9823,65.36,0.01173,0.3,degraded
16.7,25.06552,26.86158,-1.79605,-2.33502,-4.16364,1.82861,2.9908,2.9859,65.53,0.01082,0.3,degraded
16.71,24.72969,26.53577,-1.80608,-2.05177,-3.83735,1.78558,3.0049,3.0,65.54,0.01098,0.3,degraded
16.72,24.39457,26.2215,-1.82693,-1.76862,-3.54341,1.77479,2.9672,2.9854,65.8,0.01033,0.3,degraded
16.73,24.06025,25.91725,-1.857,-1.48562,-3.26572,1.7801,2.9729,3.0,65.78,0.00914,0.3,degraded
16.74,23.72679,25.55617,-1.82938,-1.20281,-3.01718,1.81437,2.9845,2.989,65.46,0.00646,0.3,degraded
16.75,23.39426,25.22193,-1.82767,-0.92021,-2.77398,1.85377,3.0159,2.9894,65.83,0.00516,0.3,degraded
16.76,23.06274,24.89938,-1.83664,-0.63788,-2.51968,1.8818,2.9784,2.9986,65.78,0.01626,0.3,degraded
16.77,22.7323,24.60265,-1.87035,-0.35584,-2.21455,1.85871,3.0001,2.9652,65.87,0.02044,0.3,degraded
16.78,22.40299,24.21725,-1.81427,-0.07414,-1.8413,1.76715,2.9935,3.0,65.96,0.01182,0.3,degraded
16.79,22.07488,23.85628,-1.78139,0.20719,-1.48131,1.6885,3.0046,3.0,66.16,0.00746,0.3,degraded
16.8,21.74805,23.50331,-1.75526,0.48811,-1.14948,1.6376,2.9999,2.9845,66.18,0.00919,0.3,degraded
16.81,21.42256,23.17199,-1.74942,0.76859,-0.83434,1.60293,3.0103,2.993,65.97,0.00882,0.3,degraded
16.82,21.09847,22.85027,-1.7518,1.04858,-0.54765,1.59623,3.0008,2.9962,66.12,0.00872,0.3,degraded
16.83,20.77584,22.5515,-1.77566,1.32805,-0.27979,1.60784,2.9676,2.9897,66.11,0.01746,0.3,degraded
16.84,20.45475,22.20692,-1.75218,1.60696,-0.0413,1.64827,2.9966,2.9966,65.98,0.01715,0.3,degraded
16.85,20.13524,21.79609,-1.66086,1.88528,0.18207,1.70321,3.0014,3.0,66.26,0.00628,0.3,degraded
16.86,19.81738,21.39771,-1.58033,2.16298,0.3894,1.77358,2.9875,3.0,66.6,0.00646,0.3,degraded
16.87,19.50122,21.02617,-1.52494,2.44,0.6223,1.8177,3.0039,2.9956,66.12,0.00798,0.3,degraded
16.88,19.18684,20.66752,-1.48068,2.71633,0.85315,1.86318,2.9931,2.9879,66.42,0.00568,0.3,degraded
16.89,18.87428,20.33565,-1.46138,2.99192,1.09968,1.89224,3.0246,3.0,66.46,0.01155,0.3,degraded
16.9,18.5636,20.01582,-1.45223,3.26673,1.38537,1.88136,2.9804,3.0,66.56,0.00918,0.3,degraded
16.91,18.25485,19.7217,-1.46684,3.54074,1.67227,1.86847,3.0061,3.0,66.42,0.00756,0.3,degraded
16.92,17.9481,19.43937,-1.49127,3.81391,1.93359,1.88032,2.9772,3.0,66.4,0.00866,0.3,degraded
16.93,17.64339,19.17976,-1.53637,4.0862,2.18192,1.90428,2.9875,2.9932,66.45,0.01385,0.3,degraded
16.94,17.34077,18.93046,-1.58969,4.35758,2.52902,1.82856,2.9842,2.9872,66.9,0.01217,0.3,degraded
16.95,17.0403,18.6443,-1.604,4.62801,2.86264,1.76538,2.9648,3.0,66.6,0.00954,0.3,degraded
16.96,16.74202,18.35546,-1.61344,4.89747,3.17029,1.72718,3.0106,3.0,66.72,0.00959,0.3,degraded
16.97,16.44599,18.09017,-1.64418,5.16591,3.45965,1.70626,3.0138,3.0,67.16,0.01201,0.3,degraded
16.98,16.15224,17.79447,-1.64223,5.43331,3.72223,1.71108,2.9909,3.0,66.78,0.01102,0.3,degraded
16.99,15.86083,17.46437,-1.60354,5.69962,3.97068,1.72894,2.9855,3.0,66.99,0.01112,0.3,degraded
17.0,15.5718,17.15146,-1.57966,5.96483,4.19062,1.77421,3.0222,2.981,67.14,0.01647,0.3,degraded
17.01,15.28519,16.86678,-1.5816,6.22889,4.55976,1.66914,3.0019,2.9748,67.18,0.01587,0.3,degraded
17.02,15.00104,16.59505,-1.59401,6.49178,4.89746,1.59432,2.9808,2.9767,66.88,0.00707,0.3,degraded
17.03,14.7194,16.33456,-1.61516,6.75346,5.21619,1.53727,3.0011,3.0,67.02,0.00479,0.3,degraded
17.04,14.4403,16.06242,-1.62213,7.01391,5.50692,1.50698,3.0094,3.0,67.22,0.01283,0.3,degraded
17.05,14.16378,15.74913,-1.58535,7.27308,5.77879,1.49429,2.9898,2.9919,67.51,0.01458,0.3,degraded
17.06,13.88988,15.40174,-1.51186,7.53095,6.02056,1.5104,2.9924,3.0,67.16,0.00825,0.3,degraded
17.07,13.61863,15.07655,-1.45792,7.7875,6.248,1.5395,2.9798,2.9921,67.24,0.00866,0.3,degraded
17.08,13.35007,14.76485,-1.41478,8.04268,6.44472,1.59797,2.978,3.0,67.42,0.01547,0.3,degraded
17.09,13.08422,14.47945,-1.39523,8.29648,6.70912,1.58736,3.0049,3.0,67.5,0.01492,0.3,degraded
17.1,12.82112,14.20712,-1.386,8.54886,7.00531,1.54355,3.0066,3.0,67.55,0.00737,0.3,degraded
17.11,12.5608,13.95953,-1.39873,8.79979,7.29061,1.50918,2.9875,2.9814,67.37,0.00967,0.3,degraded
17.12,12.30328,13.72277,-1.41949,9.04925,7.54918,1.50007,3.0181,3.0,67.46,0.00724,0.3,degraded
17.13,12.0486,13.48618,-1.43758,9.2972,7.79269,1.50451,2.9883,2.9891,67.61,0.00615,0.3,degraded
17.14,11.79677,13.22944,-1.43267,9.54363,8.01007,1.53356,3.0018,3.0,67.81,0.01036,0.3,degraded
17.15,11.54782,12.99718,-1.44937,9.78849,8.21258,1.57592,3.0131,2.9722,67.62,0.00356,0.3,degraded
17.16,11.30177,12.75676,-1.45499,10.03178,8.40298,1.62879,3.0168,2.995,67.69,0.01362,0.3,degraded
17.17,11.05864,12.51907,-1.46042,10.27345,8.66555,1.6079,2.9995,3.0,67.59,0.01291,0.3,degraded
17.18,10.81846,12.27521,-1.45675,10.51349,8.95416,1.55933,2.9748,2.9969,68.07,0.00593,0.3,degraded
17.19,10.58123,12.02746,-1.44623,10.75187,9.22767,1.5242,2.9993,3.0,67.85,0.0081,0.3,degraded
17.2,10.34697,11.78884,-1.44186,10.98856,9.46934,1.51922,3.0162,2.9935,68.03,0.00696,0.3,degraded
17.21,10.11571,11.53398,-1.41827,11.22354,9.69058,1.53296,2.9812,3.0,67.92,0.00633,0.3,degraded
17.22,9.88744,11.29313,-1.40569,11.45679,9.88212,1.57467,2.9991,2.997,67.96,0.00417,0.3,degraded
17.23,9.66219,11.03047,-1.36828,11.68829,10.07715,1.61113,2.9978,2.999,67.76,0.00934,0.3,degraded
17.24,9.43996,10.76831,-1.32835,11.918,10.30941,1.60859,2.9825,2.9947,67.71,0.00843,0.3,degraded
17.25,9.22075,10.5324,-1.31164,12.14591,10.54294,1.60297,2.9929,3.0,68.26,0.00769,0.3,degraded
17.26,9.00459,10.3079,-1.30331,12.372,10.74745,1.62455,2.9962,3.0,68.12,0.00516,0.3,degraded
17.27,8.79147,10.08585,-1.29438,12.59624,10.9492,1.64704,3.0226,2.9798,68.18,0.01262,0.3,degraded
17.28,8.58139,9.86786,-1.28647,12.81861,11.25858,1.56004,2.9826,3.0,68.0,0.01015,0.3,degraded
17.29,8.37436,9.63187,-1.25751,13.0391,11.55257,1.48653,3.0111,2.9928,68.1,0.00559,0.3,degraded
17.3,8.17038,9.40666,-1.23628,13.25768,11.82111,1.43657,2.9749,2.9884,68.43,0.00779,0.3,degraded
17.31,7.96945,9.2003,-1.23085,13.47434,12.0757,1.39863,2.9964,3.0,68.58,0.01325,0.3,degraded
17.32,7.77156,8.97508,-1.20352,13.68904,12.29957,1.38948,3.0038,3.0,68.27,0.01123,0.3,degraded
17.33,7.57672,8.69574,-1.11903,13.90179,12.50935,1.39244,3.0049,3.0,68.5,0.0095,0.3,degraded
17.34,7.38491,8.4291,-1.04419,14.11255,12.69277,1.41978,2.997,2.9861,68.47,0.0101,0.3,degraded
17.35,7.19613,8.18991,-0.99378,14.32131,12.88133,1.43998,3.0024,2.9991,68.46,0.00972,0.3,degraded
17.36,7.01037,7.96047,-0.9501,14.52806,13.12323,1.40483,2.9968,2.9826,68.8,0.01013,0.3,degraded
17.37,6.82762,7.756,-0.92838,14.73277,13.34885,1.38393,2.9881,2.9909,68.49,0.00875,0.3,degraded
17.38,6.64787,7.56225,-0.91438,14.93544,13.54464,1.3908,3.0015,3.0,68.78,0.00936,0.3,degraded
17.39,6.4711,7.39042,-0.91931,15.13604,13.71995,1.41609,2.9962,3.0,68.68,0.01172,0.3,degraded
17.4,6.29731,7.23074,-0.93342,15.33456,13.95146,1.3831,2.9853,2.9963,68.66,0.00735,0.3,degraded
17.41,6.12648,7.08341,-0.95694,15.53099,14.18812,1.34287,2.9977,2.9745,68.9,0.0126,0.3,degraded
17.42,5.95858,6.91566,-0.95708,15.72532,14.39408,1.33123,2.9935,2.9877,68.78,0.01001,0.3,degraded
17.43,5.7936,6.71173,-0.91813,15.91752,14.58284,1.33467,2.979,3.0,68.76,0.00966,0.3,degraded
17.44,5.63153,6.5214,-0.88988,16.10759,14.74267,1.36492,2.9918,2.9778,69.01,0.00603,0.3,degraded
17.45,5.47233,6.35616,-0.88383,16.29551,14.91251,1.383,2.9802,3.0,69.02,0.00677,0.3,degraded
17.46,5.31598,6.20218,-0.8862,16.48128,15.08127,1.40001,3.0302,3.0,69.05,0.00647,0.3,degraded
17.47,5.16247,6.05357,-0.8911,16.66488,15.29344,1.37144,2.9916,2.9931,68.32,0.00253,0.3,degraded
17.48,5.01176,5.89011,-0.87835,16.84631,15.47834,1.36796,3.0206,3.0,69.0,0.00755,0.3,degraded
17.49,4.86383,5.75185,-0.88802,17.02554,15.6525,1.37304,3.0263,3.0,69.0,0.00273,0.3,degraded
17.5,4.71865,5.59361,-0.87496,17.20258,15.82145,1.38113,2.9926,2.9888,68.99,0.00377,0.3,degraded
17.51,4.57619,5.45532,-0.87913,17.37741,16.04713,1.33029,2.9979,2.9725,69.12,0.00464,0.3,degraded
17.52,4.43642,5.30968,-0.87326,17.55003,16.24305,1.30699,2.9882,2.9929,69.1,0.00604,0.3,degraded
17.53,4.29931,5.16895,-0.86965,17.72043,16.42403,1.2964,2.9898,2.9928,69.2,0.01157,0.3,degraded
17.54,4.16481,5.01493,-0.85012,17.8886,16.60057,1.28802,2.9975,2.9993,69.1,0.01028,0.3,degraded
17.55,4.03291,4.83342,-0.80052,18.05453,16.84735,1.20717,2.9808,3.0,69.4,0.0108,0.3,degraded
17.56,3.90355,4.66561,-0.76206,18.21822,17.0623,1.15591,2.995,3.0,69.33,0.00866,0.3,degraded
17.57,3.77671,4.52295,-0.74625,18.37966,17.26069,1.11897,2.9879,2.978,69.32,0.00929,0.3,degraded
17.58,3.65234,4.39434,-0.742,18.53885,17.42957,1.10928,2.9932,3.0,69.34,0.00702,0.3,degraded
17.59,3.53041,4.26411,-0.73371,18.69578,17.5817,1.11407,3.0135,2.992,69.47,0.00775,0.3,degraded
17.6,3.41087,4.12809,-0.71722,18.85045,17.74872,1.10173,2.9878,3.0,69.49,0.00955,0.3,degraded
17.61,3.29368,4.00878,-0.7151,19.00285,17.96839,1.03447,3.0347,2.9986,69.35,0.00716,0.3,degraded
17.62,3.1788,3.86357,-0.68477,19.15299,18.1602,0.99279,2.9874,3.0,69.55,0.00897,0.3,degraded
17.63,3.06618,3.74592,-0.67974,19.30086,18.33438,0.96648,3.001,2.9939,69.46,0.01079,0.3,degraded
17.64,2.95578,3.60822,-0.65244,19.44646,18.47735,0.96911,2.984,2.9846,69.75,0.01093,0.3,degraded
17.65,2.84755,3.4467,-0.59914,19.58978,18.60135,0.98843,3.0183,3.0,69.65,0.0068,0.3,degraded
17.66,2.74145,3.29944,-0.558,19.73084,18.71716,1.01368,3.0224,2.9831,69.43,0.0068,0.3,degraded
17.67,2.63742,3.17481,-0.53739,19.86962,18.86461,1.005,3.0172,2.9978,69.9,0.0103,0.3,degraded
17.68,2.53541,3.05877,-0.52336,20.00612,18.98227,1.02385,2.9693,3.0,69.26,0.00621,0.3,degraded
17.69,2.43538,2.96459,-0.52921,20.14036,19.16483,0.97553,3.0134,2.9903,69.7,0.00452,0.3,degraded
17.7,2.33727,2.86396,-0.52669,20.27232,19.31922,0.9531,2.9904,3.0,69.53,0.00653,0.3,degraded
17.71,2.24103,2.76942,-0.52839,20.40202,19.45852,0.94349,3.012,3.0,69.94,0.00511,0.3,degraded
17.72,2.1466,2.67154,-0.52494,20.52945,19.5681,0.96134,3.017,3.0,69.72,0.00207,0.3,degraded
17.73,2.05394,2.5841,-0.53016,20.65461,19.67945,0.97516,3.0006,2.9833,69.59,0.00434,0.3,degraded
17.74,1.96298,2.49425,-0.53127,20.77752,19.79043,0.98709,2.9855,2.9946,69.69,0.00889,0.3,degraded
17.75,1.87368,2.4121,-0.53842,20.89817,19.95724,0.94093,2.992,2.9951,69.65,0.00571,0.3,degraded
17.76,1.78597,2.3247,-0.53873,21.01657,20.13424,0.88233,3.0061,2.9869,69.74,0.00636,0.3,degraded
17.77,1.69979,2.24234,-0.54255,21.13273,20.29344,0.83929,3.0028,3.0,69.77,0.00578,0.3,degraded
17.78,1.61509,2.15633,-0.54124,21.24664,20.42456,0.82209,3.0065,3.0,69.73,0.00421,0.3,degraded
17.79,1.53181,2.07611,-0.5443,21.35833,20.54272,0.8156,2.9855,3.0,69.91,0.00308,0.3,degraded
17.8,1.44989,1.9897,-0.53981,21.46778,20.64868,0.8191,2.9899,2.9855,69.95,0.00138,0.3,degraded
17.81,1.36926,1.91078,-0.54152,21.57501,20.75907,0.81595,3.0038,3.0,69.77,7e-05,0.3,degraded
17.82,1.28988,1.82359,-0.53371,21.68003,20.86287,0.81717,2.9843,2.992,69.69,0.00256,0.3,degraded
17.83,1.21167,1.7443,-0.53263,21.78285,20.97185,0.811,2.9885,2.968,70.01,0.00189,0.3,degraded
17.84,1.13457,1.65952,-0.52495,21.88347,21.0732,0.81027,3.0019,2.9859,70.07,0.00119,0.3,degraded
17.85,1.05852,1.57562,-0.5171,21.9819,21.18152,0.80039,2.9866,3.0,70.12,0.00263,0.3,degraded
17.86,0.98346,1.48163,-0.49816,22.07816,21.28384,0.79432,2.9818,3.0,70.12,0.00155,0.3,degraded
17.87,0.90933,1.39166,-0.48233,22.17225,21.39557,0.77667,3.001,2.982,70.3,0.00017,0.3,degraded
17.88,0.83605,1.29614,-0.46009,22.26417,21.5013,0.76287,2.9841,2.9955,70.24,0.00179,0.3,degraded
17.89,0.76357,1.21112,-0.44754,22.35396,21.61354,0.74042,3.001,2.9822,70.51,0.00193,0.3,degraded
17.9,0.69182,1.11927,-0.42745,22.4416,21.72083,0.72078,2.9889,3.0,70.6,0.0,0.3,degraded
17.91,0.62074,1.03535,-0.41461,22.52713,21.83258,0.69455,2.9929,2.9929,69.9,0.00194,0.3,degraded
17.92,0.55025,0.94358,-0.39332,22.61054,21.9359,0.67464,3.0114,2.9946,69.86,0.00244,0.3,degraded
17.93,0.4803,0.85564,-0.37534,22.69185,22.04442,0.64744,3.0136,3.0,70.21,0.00078,0.3,degraded
17.94,0.41082,0.76139,-0.35057,22.77108,22.14604,0.62504,2.9882,2.9881,70.31,0.00179,0.3,degraded
17.95,0.34173,0.6736,-0.33187,22.84824,22.25476,0.59348,2.9948,2.983,70.25,0.00228,0.3,degraded
17.96,0.27299,0.57967,-0.30669,22.92333,22.3573,0.56603,3.0133,2.9899,70.39,0.00055,0.3,degraded
17.97,0.20451,0.49214,-0.28764,22.99638,22.46726,0.52912,2.9762,3.0,70.27,0.00135,0.3,degraded
17.98,0.13623,0.39718,-0.26095,23.06741,22.57134,0.49607,2.9921,2.9964,70.23,0.00215,0.3,degraded
17.99,0.06808,0.3096,-0.24152,23.13641,22.68239,0.45403,2.9995,3.0,70.28,0.00072,0.3,degraded
18.0,0.0,0.21598,-0.21598,23.20342,22.78946,0.41396,2.9881,2.9979,70.35,0.00141,0.3,degraded
18.01,-0.06808,0.13323,-0.20131,23.26844,22.89918,0.36926,3.0195,2.9913,70.54,0.00201,0.3,degraded
18.02,-0.13623,0.04212,-0.17834,23.3315,23.00284,0.32866,2.9842,3.0,70.36,0.00103,0.3,degraded
18.03,-0.20451,-0.04256,-0.16195,23.39261,23.11588,0.27673,2.977,2.9779,70.42,0.001,0.3,degraded
18.04,-0.27299,-0.13015,-0.14284,23.45178,23.222,0.22978,3.0064,2.987,70.57,0.00295,0.3,degraded
18.05,-0.34173,-0.21057,-0.13116,23.50903,23.33347,0.17556,3.0002,3.0,70.48,0.00146,0.3,degraded
18.06,-0.41082,-0.298,-0.11282,23.56439,23.4355,0.12889,3.0041,2.9981,70.7,0.00067,0.3,degraded
18.07,-0.4803,-0.37984,-0.10046,23.61786,23.54294,0.07493,3.0008,2.9669,70.42,0.00261,0.3,degraded
18.08,-0.55025,-0.46927,-0.08099,23.66947,23.64505,0.02442,3.0116,3.0,70.41,0.00043,0.3,degraded
18.09,-0.62074,-0.55576,-0.06498,23.71924,23.75492,-0.03568,2.9863,2.9813,70.65,0.001,0.3,degraded
18.1,-0.69182,-0.64779,-0.04403,23.76718,23.85943,-0.09225,2.9948,2.989,70.69,0.0053,0.3,degraded
18.11,-0.76357,-0.73571,-0.02786,23.81331,23.95781,-0.1445,3.0046,3.0,70.52,0.00492,0.3,degraded
18.12,-0.83605,-0.83046,-0.00559,23.85766,24.02465,-0.16699,2.9779,3.0,70.88,0.00049,0.3,degraded
18.13,-0.90933,-0.9182,0.00887,23.90024,24.09587,-0.19563,2.9993,3.0,70.99,0.00263,0.3,degraded
18.14,-0.98346,-1.01221,0.02875,23.94108,24.16023,-0.21915,3.0234,2.9862,70.63,0.00169,0.3,degraded
18.15,-1.05852,-1.10042,0.0419,23.98018,24.22891,-0.24873,3.0002,3.0,70.97,0.00132,0.3,degraded
18.16,-1.13457,-1.19056,0.05599,24.01758,24.28604,-0.26846,3.0021,2.9795,70.41,0.0029,0.3,degraded
18.17,-1.21167,-1.27559,0.06392,24.0533,24.33986,-0.28656,3.017,3.0,70.95,0.00159,0.3,degraded
18.18,-1.28988,-1.36507,0.07519,24.08735,24.38715,-0.2998,3.0129,3.0,70.68,0.00861,0.3,degraded
18.19,-1.36926,-1.39109,0.02182,24.11975,24.4369,-0.31715,3.0187,2.9823,70.97,0.01182,0.3,degraded
18.2,-1.44989,-1.40072,-0.04917,24.15054,24.46589,-0.31535,3.0023,3.0,70.69,0.00321,0.3,degraded
18.21,-1.53181,-1.40328,-0.12853,24.17973,24.49306,-0.31333,3.0001,2.9825,70.84,0.00038,0.3,degraded
18.22,-1.61509,-1.41391,-0.20118,24.20733,24.51479,-0.30745,3.0214,3.0,70.75,0.00156,0.3,degraded
18.23,-1.69979,-1.41769,-0.2821,24.23339,24.54306,-0.30967,3.016,3.0,70.85,0.00322,0.3,degraded
18.24,-1.78597,-1.42664,-0.35933,24.25791,24.56079,-0.30288,2.9731,2.9954,71.17,0.00876,0.3,degraded
18.25,-1.87368,-1.46222,-0.41146,24.28092,24.58316,-0.30224,3.0048,3.0,70.9,0.01045,0.3,degraded
18.26,-1.96298,-1.55865,-0.40434,24.30244,24.59754,-0.29511,2.9973,3.0,71.25,0.0026,0.3,degraded
18.27,-2.05394,-1.65134,-0.4026,24.32249,24.61882,-0.29632,3.0095,2.9962,70.9,0.00028,0.3,degraded
18.28,-2.1466,-1.75163,-0.39497,24.34111,24.63203,-0.29092,2.9984,2.9918,71.2,0.00115,0.3,degraded
18.29,-2.24103,-1.84534,-0.39568,24.35831,24.65231,-0.294,2.9867,3.0,70.75,0.00217,0.3,degraded
18.3,-2.33727,-1.94647,-0.3908,24.37411,24.66583,-0.29172,3.0268,2.9922,70.97,0.00061,0.3,degraded
18.31,-2.43538,-2.03929,-0.39609,24.38854,24.68495,-0.29642,2.9846,3.0,70.96,0.0029,0.3,degraded
18.32,-2.53541,-2.13609,-0.39933,24.40162,24.68395,-0.28233,2.9857,2.9972,71.29,0.003,0.3,degraded
18.33,-2.63742,-2.22447,-0.41295,24.41338,24.69059,-0.27721,2.9901,2.9874,71.1,0.00138,0.3,degraded
18.34,-2.74145,-2.31877,-0.42267,24.42384,24.69414,-0.2703,3.0109,3.0,70.78,0.00122,0.3,degraded
18.35,-2.84755,-2.40747,-0.44008,24.43302,24.70551,-0.2725,2.971,2.9913,70.92,0.00245,0.3,degraded
18.36,-2.95578,-2.50165,-0.45413,24.44095,24.71036,-0.26942,2.9997,3.0,70.98,0.00089,0.3,degraded
18.37,-3.06618,-2.59044,-0.47574,24.44765,24.71827,-0.27062,2.9884,2.9968,71.29,0.00023,0.3,degraded
18.38,-3.1788,-2.68416,-0.49464,24.45314,24.71963,-0.26648,3.0135,2.9989,71.29,0.00387,0.3,degraded
18.39,-3.29368,-2.77251,-0.52117,24.45746,24.72796,-0.27049,2.9961,2.7224,71.14,0.00234,0.3,degraded
18.4,-3.41087,-2.86744,-0.54343,24.46063,24.71529,-0.25467,2.9916,2.9807,71.12,0.00088,0.3,degraded
18.41,-3.53041,-2.95547,-0.57494,24.46266,24.70688,-0.24423,3.0021,3.0,71.33,0.00204,0.3,degraded
18.42,-3.65234,-3.05128,-0.60106,24.46358,24.69337,-0.22978,2.9929,2.9953,71.07,0.00109,0.3,degraded
18.43,-3.77671,-3.13904,-0.63766,24.46343,24.68394,-0.22051,3.007,2.9932,71.33,0.00096,0.3,degraded
18.44,-3.90355,-3.23309,-0.67046,24.46221,24.66491,-0.2027,3.0018,3.0,71.33,0.00225,0.3,degraded
18.45,-4.03291,-3.32271,-0.7102,24.45996,24.65173,-0.19176,2.9924,2.9802,71.26,0.00133,0.3,degraded
18.46,-4.16481,-3.42008,-0.74473,24.45671,24.63015,-0.17344,3.0095,3.0,71.37,0.00037,0.3,degraded
18.47,-4.29931,-3.51066,-0.78864,24.45247,24.61512,-0.16265,2.9804,2.9698,71.35,0.00652,0.3,degraded
18.48,-4.43642,-3.6405,-0.79592,24.44727,24.59371,-0.14644,3.0037,3.0,71.43,0.00512,0.3,degraded
18.49,-4.57619,-3.77316,-0.80303,24.44114,24.5812,-0.14006,2.9969,3.0,71.17,0.00498,0.3,degraded
18.5,-4.71865,-3.89413,-0.82452,24.43409,24.56552,-0.13143,3.0066,2.9959,71.48,0.00647,0.3,degraded
18.51,-4.86383,-4.03638,-0.82745,24.42616,24.55702,-0.13086,2.994,3.0,71.57,0.00562,0.3,degraded
18.52,-5.01176,-4.19707,-0.81469,24.41736,24.54593,-0.12857,3.0115,2.9949,71.49,0.00473,0.3,degraded
18.53,-5.16247,-4.33194,-0.83053,24.40773,24.54248,-0.13475,2.985,2.9964,71.55,0.00505,0.3,degraded
18.54,-5.31598,-4.45661,-0.85938,24.39728,24.53491,-0.13762,3.0158,2.991,71.46,0.00817,0.3,degraded
18.55,-5.47233,-4.62808,-0.84424,24.38605,24.53164,-0.14559,3.0212,2.9929,71.64,0.0059,0.3,degraded
18.56,-5.63153,-4.80716,-0.82436,24.37405,24.51795,-0.14391,3.0155,2.9891,71.53,0.0058,0.3,degraded
18.57,-5.7936,-4.96222,-0.83138,24.3613,24.50994,-0.14864,2.9921,3.0,71.37,0.00553,0.3,degraded
18.58,-5.95858,-5.10636,-0.85222,24.34784,24.49513,-0.14729,3.0272,2.9945,71.69,0.00162,0.3,degraded
18.59,-6.12648,-5.23106,-0.89541,24.33368,24.48422,-0.15053,3.0134,2.9959,71.34,0.00419,0.3,degraded
18.6,-6.29731,-5.38128,-0.91603,24.31885,24.46461,-0.14575,2.9929,3.0,71.65,0.00253,0.3,degraded
18.61,-6.4711,-5.5222,-0.9489,24.30338,24.44869,-0.14531,2.9986,3.0,71.57,0.00035,0.3,degraded
18.62,-6.64787,-5.67985,-0.96802,24.28728,24.42815,-0.14087,3.003,3.0,71.58,0.00433,0.3,degraded
18.63,-6.82762,-5.8347,-0.99292,24.27058,24.41351,-0.14293,2.9832,2.9941,71.7,0.00185,0.3,degraded
18.64,-7.01037,-5.99708,-1.01328,24.25329,24.39415,-0.14086,2.9914,3.0,71.59,0.00115,0.3,degraded
18.65,-7.19613,-6.16723,-1.0289,24.23546,24.38294,-0.14749,2.9834,2.9945,71.8,0.00888,0.3,degraded
18.66,-7.38491,-6.35007,-1.03484,24.21709,24.3658,-0.14871,2.9812,3.0,71.75,0.00719,0.3,degraded
18.67,-7.57672,-6.57616,-1.00056,24.19821,24.35559,-0.15738,3.0028,3.0,71.68,0.00467,0.3,degraded
18.68,-7.77156,-6.79094,-0.98062,24.17884,24.33708,-0.15824,3.0096,3.0,72.0,0.00459,0.3,degraded
18.69,-7.96945,-6.98166,-0.98779,24.15901,24.32544,-0.16644,3.0354,3.0,71.85,0.00578,0.3,degraded
18.7,-8.17038,-7.1609,-1.00948,24.13873,24.31111,-0.17239,3.0048,2.9856,71.94,0.00283,0.3,degraded
18.71,-8.37436,-7.32513,-1.04923,24.11802,24.30233,-0.18431,2.9897,3.0,72.08,0.00664,0.3,degraded
18.72,-8.58139,-7.55217,-1.02922,24.09692,24.28558,-0.18866,2.9785,2.9942,72.1,0.00615,0.3,degraded
18.73,-8.79147,-7.7673,-1.02416,24.07543,24.27419,-0.19876,2.999,3.0,72.0,0.00492,0.3,degraded
18.74,-9.00459,-7.96675,-1.03784,24.05359,24.25643,-0.20284,2.9958,3.0,71.9,0.00447,0.3,degraded
18.75,-9.22075,-8.14113,-1.07962,24.03141,24.24609,-0.21468,3.0071,3.0,71.75,0.01007,0.3,degraded
18.76,-9.43996,-8.35721,-1.08274,24.0089,24.22952,-0.22062,2.9724,2.9959,72.02,0.0087,0.3,degraded
18.77,-9.66219,-8.60855,-1.05364,23.9861,24.22141,-0.23531,2.9956,2.9974,72.19,0.0042,0.3,degraded
18.78,-9.88744,-8.84649,-1.04095,23.96302,24.20581,-0.24278,2.9971,2.9789,72.1,0.00553,0.3,degraded
18.79,-10.11571,-9.06212,-1.05359,23.93969,24.19277,-0.25309,2.9891,2.9959,71.56,0.00532,0.3,degraded
18.8,-10.34697,-9.26756,-1.07942,23.91611,24.1718,-0.2557,2.9701,2.9862,72.23,0.00348,0.3,degraded
18.81,-10.58123,-9.44707,-1.13416,23.89231,24.15797,-0.26566,3.0108,3.0,72.26,0.01182,0.3,degraded
18.82,-10.81846,-9.75027,-1.06818,23.86831,24.13638,-0.26807,3.0097,3.0,72.1,0.01099,0.3,degraded
18.83,-11.05864,-10.02682,-1.03182,23.84413,24.12166,-0.27753,3.009,3.0,72.33,0.00345,0.3,degraded
18.84,-11.30177,-10.29521,-1.00656,23.81978,24.10038,-0.2806,2.9995,2.977,72.3,0.00555,0.3,degraded
18.85,-11.54782,-10.53983,-1.00799,23.79528,24.08213,-0.28684,2.96,2.9869,72.13,0.00595,0.3,degraded
18.86,-11.79677,-10.77123,-1.02554,23.77066,24.05489,-0.28424,3.0016,3.0,72.45,0.00398,0.3,degraded
18.87,-12.0486,-10.98021,-1.06839,23.74592,24.03249,-0.28657,2.9955,2.9911,72.09,0.00535,0.3,degraded
18.88,-12.30328,-11.1797,-1.12359,23.72109,24.00506,-0.28397,2.9828,2.9857,72.3,0.00395,0.3,degraded
18.89,-12.5608,-11.3602,-1.2006,23.69617,23.98539,-0.28922,3.0121,3.0,72.31,0.00306,0.3,degraded
18.9,-12.82112,-11.58791,-1.23321,23.6712,23.95749,-0.2863,3.008,2.9933,72.23,0.01331,0.3,degraded
18.91,-13.08422,-11.80831,-1.27591,23.64617,23.93676,-0.29059,2.9822,2.894,72.43,0.00686,0.3,degraded
18.92,-13.35007,-12.08784,-1.26223,23.62112,23.90766,-0.28654,2.9929,3.0,72.61,0.00486,0.3,degraded
18.93,-13.61863,-12.34302,-1.27561,23.59605,23.88684,-0.2908,2.9937,3.0,72.63,0.00665,0.3,degraded
18.94,-13.88988,-12.58372,-1.30616,23.57097,23.85059,-0.27962,3.0202,2.9986,72.57,0.00739,0.3,degraded
18.95,-14.16378,-12.81611,-1.34767,23.54591,23.81807,-0.27216,2.9933,3.0,72.24,0.00479,0.3,degraded
18.96,-14.4403,-13.10201,-1.33829,23.52088,23.78151,-0.26063,2.9867,2.9991,72.32,0.005,0.3,degraded
18.97,-14.7194,-13.36256,-1.35684,23.49588,23.74775,-0.25187,2.9855,3.0,72.57,0.00573,0.3,degraded
18.98,-15.00104,-13.6119,-1.38914,23.47094,23.70989,-0.23895,2.9889,3.0,72.57,0.01221,0.3,degraded
18.99,-15.28519,-13.8982,-1.38699,23.44606,23.67799,-0.23193,3.0071,2.9924,72.53,0.0131,0.3,degraded
19.0,-15.5718,-14.26374,-1.30806,23.42127,23.64056,-0.2193,2.9963,2.9988,72.93,0.00639,0.3,degraded
19.01,-15.86083,-14.60374,-1.25709,23.39656,23.61072,-0.21416,2.9991,2.9621,72.69,0.00467,0.3,degraded
19.02,-16.15224,-14.93095,-1.22129,23.37196,23.57323,-0.20127,2.98,3.0,72.78,0.00496,0.3,degraded
19.03,-16.44599,-15.23281,-1.21318,23.34747,23.53984,-0.19237,2.9973,2.9778,72.88,0.00631,0.3,degraded
19.04,-16.74202,-15.52247,-1.21955,23.3231,23.50012,-0.17702,3.0012,2.998,72.77,0.00409,0.3,degraded
19.05,-17.0403,-15.78726,-1.25304,23.29887,23.46789,-0.16902,2.9818,2.9975,73.18,0.00494,0.3,degraded
19.06,-17.34077,-16.04083,-1.29994,23.27478,23.43534,-0.16056,3.0098,2.9785,72.67,0.00529,0.3,degraded
19.07,-17.64339,-16.26995,-1.37344,23.25085,23.40926,-0.15841,2.9761,2.9975,72.75,0.01165,0.3,degraded
19.08,-17.9481,-16.54578,-1.40232,23.22708,23.37846,-0.15138,2.9997,2.9845,72.73,0.01191,0.3,degraded
19.09,-18.25485,-16.88239,-1.37246,23.20349,23.35663,-0.15315,3.0236,2.9965,73.14,0.00553,0.3,degraded
19.1,-18.5636,-17.20935,-1.35425,23.18007,23.33134,-0.15127,2.9879,3.0,73.06,0.00529,0.3,degraded
19.11,-18.87428,-17.51197,-1.36231,23.15685,23.31513,-0.15828,2.9761,3.0,72.89,0.00382,0.3,degraded
19.12,-19.18684,-17.8026,-1.38424,23.13381,23.2938,-0.15999,3.0008,2.9951,72.87,0.00517,0.3,degraded
19.13,-19.50122,-18.06951,-1.43171,23.11099,23.27795,-0.16696,3.0007,3.0,73.23,0.00458,0.3,degraded
19.14,-19.81738,-18.3271,-1.49028,23.08837,23.2572,-0.16883,2.981,3.0,73.11,0.0023,0.3,degraded
19.15,-20.13524,-18.58076,-1.55448,23.06597,23.2427,-0.17673,3.0145,2.9732,73.29,0.00319,0.3,degraded
19.16,-20.45475,-18.85395,-1.6008,23.04379,23.21996,-0.17618,3.012,3.0,73.1,0.00826,0.3,degraded
19.17,-20.77584,-19.16397,-1.61187,23.02183,23.20389,-0.18206,2.9893,2.9687,73.22,0.00699,0.3,degraded
19.18,-21.09847,-19.50234,-1.59613,23.00011,23.1816,-0.18149,3.0109,3.0,73.22,0.00559,0.3,degraded
19.19,-21.42256,-19.81688,-1.60568,22.97862,23.16375,-0.18513,2.9804,3.0,73.11,0.00565,0.3,degraded
19.2,-21.74805,-20.11838,-1.62968,22.95738,23.14327,-0.18589,3.0034,2.9603,73.21,0.00449,0.3,degraded
19.21,-22.07488,-20.39079,-1.68409,22.93637,23.12746,-0.19108,3.0064,3.0,73.09,0.00953,0.3,degraded
19.22,-22.40299,-20.77421,-1.62877,22.91562,23.10445,-0.18884,2.9724,2.998,73.37,0.01067,0.3,degraded
19.23,-22.7323,-21.1296,-1.6027,22.89511,23.0901,-0.19499,2.9894,2.9843,73.45,0.0042,0.3,degraded
19.24,-23.06274,-21.47242,-1.59033,22.87485,23.06948,-0.19463,2.9988,3.0,73.51,0.00526,0.3,degraded
19.25,-23.39426,-21.78946,-1.6048,22.85485,23.05476,-0.19992,2.9988,2.9953,73.5,0.00595,0.3,degraded
19.26,-23.72679,-22.09349,-1.63329,22.83509,23.032,-0.19691,3.0059,3.0,73.41,0.00359,0.3,degraded
19.27,-24.06025,-22.37261,-1.68764,22.8156,23.01723,-0.20163,3.0162,2.9924,73.69,0.00518,0.3,degraded
19.28,-24.39457,-22.70214,-1.69243,22.79635,22.99781,-0.20146,3.0096,2.9972,73.62,0.00613,0.3,degraded
19.29,-24.72969,-23.02336,-1.70633,22.77737,22.98413,-0.20677,2.9858,3.0,73.73,0.00416,0.3,degraded
19.3,-25.06552,-23.33679,-1.72874,22.75863,22.96338,-0.20475,2.9783,3.0,73.77,0.01614,0.3,degraded
19.31,-25.40201,-23.65905,-1.74296,22.74015,22.94709,-0.20694,2.9995,2.9989,73.57,0.01359,0.3,degraded
19.32,-25.73908,-24.09517,-1.64391,22.72192,22.92343,-0.20151,2.9812,3.0,73.69,0.00638,0.3,degraded
19.33,-26.07666,-24.50092,-1.57574,22.70394,22.9072,-0.20326,3.0124,2.994,73.78,0.00441,0.3,degraded
19.34,-26.41466,-24.89505,-1.51961,22.68621,22.88171,-0.1955,2.968,3.0,73.53,0.00586,0.3,degraded
19.35,-26.75303,-25.26311,-1.48992,22.66872,22.86541,-0.19669,2.9603,2.9866,73.57,0.00426,0.3,degraded
19.36,-27.09167,-25.61781,-1.47387,22.65147,22.84125,-0.18978,2.9926,2.9925,73.58,0.00423,0.3,degraded
19.37,-27.43053,-25.94797,-1.48256,22.63446,22.82253,-0.18806,2.9924,2.9839,73.79,0.00553,0.3,degraded
19.38,-27.76951,-26.26818,-1.50133,22.61768,22.79553,-0.17785,2.9929,3.0,73.78,0.00481,0.3,degraded
19.39,-28.10856,-26.5611,-1.54746,22.60113,22.77559,-0.17445,2.978,2.9813,73.65,0.00473,0.3,degraded
19.4,-28.44758,-26.84069,-1.60689,22.58481,22.74895,-0.16414,2.9958,2.9942,73.91,0.01392,0.3,degraded
19.41,-28.78651,-27.12527,-1.66125,22.5687,22.7292,-0.1605,3.0011,3.0,73.91,0.01269,0.3,degraded
19.42,-29.12527,-27.52148,-1.60379,22.5528,22.70143,-0.14863,2.9949,2.9841,74.14,0.00405,0.3,degraded
19.43,-29.46377,-27.89409,-1.56968,22.53711,22.68021,-0.14311,3.0088,3.0,74.3,0.00595,0.3,degraded
19.44,-29.80195,-28.25365,-1.5483,22.52161,22.65214,-0.13053,2.9868,2.9926,74.1,0.00519,0.3,degraded
19.45,-30.13973,-28.58787,-1.55185,22.50631,22.63105,-0.12474,3.0025,3.0,73.96,0.0048,0.3,degraded
19.46,-30.47702,-28.90743,-1.56959,22.49119,22.605,-0.1138,3.0065,2.9847,74.19,0.00596,0.3,degraded
19.47,-30.81375,-29.20386,-1.60989,22.47625,22.58771,-0.11146,2.9936,2.9913,74.13,0.00471,0.3,degraded
19.48,-31.14985,-29.48854,-1.6613,22.46147,22.5629,-0.10143,2.9918,3.0,74.12,0.00336,0.3,degraded
19.49,-31.48522,-29.76227,-1.72295,22.44685,22.54284,-0.09598,2.991,3.0,74.05,0.00474,0.3,degraded
19.5,-31.81981,-30.07735,-1.74246,22.43238,22.51471,-0.08233,2.9986,3.0,74.14,0.00529,0.3,degraded
19.51,-32.15352,-30.3685,-1.78502,22.41805,22.49395,-0.07591,2.9972,3.0,74.22,0.00561,0.3,degraded
19.52,-32.48628,-30.70225,-1.78402,22.40385,22.46622,-0.06237,3.0033,2.9738,74.4,0.00823,0.3,degraded
19.53,-32.81801,-31.04912,-1.76888,22.38976,22.44655,-0.05679,3.0134,2.9927,74.39,0.00501,0.3,degraded
19.54,-33.14863,-31.38439,-1.76424,22.37578,22.42256,-0.04677,2.9939,3.0,74.62,0.00392,0.3,degraded
19.55,-33.47807,-31.69312,-1.78496,22.3619,22.40379,-0.04189,2.9912,2.9852,74.47,0.00414,0.3,degraded
19.56,-33.80625,-32.00081,-1.80545,22.3481,22.38196,-0.03385,2.9758,3.0,74.47,0.0044,0.3,degraded
19.57,-34.13309,-32.33296,-1.80014,22.33438,22.36577,-0.03139,3.0097,2.9972,74.39,0.00383,0.3,degraded
19.58,-34.45852,-32.65436,-1.80416,22.32071,22.34608,-0.02536,2.9914,3.0,74.31,0.00529,0.3,degraded
19.59,-34.78245,-32.95106,-1.83139,22.30709,22.33446,-0.02736,2.9742,3.0,74.42,0.01072,0.3,degraded
19.6,-35.10481,-33.36061,-1.7442,22.29351,22.31761,-0.0241,2.9897,3.0,74.43,0.00853,0.3,degraded
19.61,-35.42553,-33.74495,-1.68057,22.27994,22.30823,-0.02828,3.0106,3.0,74.19,0.00508,0.3,degraded
19.62,-35.74452,-34.11644,-1.62808,22.26638,22.29371,-0.02732,2.9976,3.0,74.46,0.00589,0.3,degraded
19.63,-36.06171,-34.46324,-1.59847,22.25281,22.28894,-0.03612,2.9945,2.9896,74.88,0.00399,0.3,degraded
19.64,-36.37703,-34.7959,-1.58113,22.23922,22.27782,-0.0386,3.0139,3.0,74.73,0.00491,0.3,degraded
19.65,-36.6904,-35.10348,-1.58693,22.22559,22.27544,-0.04985,3.0145,3.0,74.65,0.00661,0.3,degraded
19.66,-37.00175,-35.39722,-1.60454,22.21191,22.27023,-0.05832,2.9669,3.0,74.8,0.00415,0.3,degraded
19.67,-37.31101,-35.66845,-1.64256,22.19816,22.27133,-0.07317,3.0094,2.9811,74.47,0.00551,0.3,degraded
19.68,-37.61809,-35.96155,-1.65654,22.18432,22.26427,-0.07995,2.9802,3.0,74.84,0.00661,0.3,degraded
19.69,-37.92293,-36.27388,-1.64905,22.17039,22.26418,-0.0938,2.9997,3.0,75.02,0.00456,0.3,degraded
19.7,-38.22546,-36.57391,-1.65155,22.15633,22.25751,-0.10118,3.0094,2.9917,74.84,0.0051,0.3,degraded
19.71,-38.5256,-36.84567,-1.67993,22.14214,22.25606,-0.11392,3.0107,2.9888,74.63,0.00486,0.3,degraded
19.72,-38.82329,-37.16444,-1.65885,22.1278,22.24611,-0.11831,2.976,2.985,74.86,0.00185,0.3,degraded
19.73,-39.11844,-37.45449,-1.66395,22.11329,22.24236,-0.12908,2.9832,2.9981,75.14,0.00358,0.3,degraded
19.74,-39.411,-37.75655,-1.65446,22.09859,22.23517,-0.13658,3.0031,3.0,75.03,0.00558,0.3,degraded
19.75,-39.7009,-38.07568,-1.62522,22.08368,22.23727,-0.15359,3.0034,2.9911,74.81,0.00537,0.3,degraded
19.76,-39.98806,-38.38073,-1.60733,22.06855,22.23293,-0.16437,2.9995,3.0,75.41,0.0067,0.3,degraded
19.77,-40.27242,-38.66015,-1.61227,22.05318,22.221,-0.16782,3.0102,2.9993,74.89,0.00953,0.3,degraded
19.78,-40.55392,-38.96076,-1.59315,22.03755,22.19215,-0.1546,3.0133,2.9905,75.07,0.00629,0.3,degraded
19.79,-40.83248,-39.28994,-1.54255,22.02164,22.16675,-0.14511,2.9954,2.9986,74.99,0.00434,0.3,degraded
19.8,-41.10805,-39.60498,-1.50307,22.00543,22.13393,-0.1285,2.99,3.0,75.02,0.00667,0.3,degraded
19.81,-41.38055,-39.89371,-1.48684,21.9889,22.1128,-0.1239,2.9963,2.9847,75.13,0.00537,0.3,degraded
19.82,-41.64993,-40.17066,-1.47928,21.97203,22.08397,-0.11194,2.9954,2.9949,75.33,0.00396,0.3,degraded
19.83,-41.91613,-40.42379,-1.49234,21.9548,22.06317,-0.10836,2.9848,3.0,75.45,0.00232,0.3,degraded
19.84,-42.17908,-40.68736,-1.49172,21.9372,22.03729,-0.10009,2.9922,3.0,75.23,0.00134,0.3,degraded
19.85,-42.43872,-40.93832,-1.50041,21.91919,22.0193,-0.10011,2.9977,2.9731,75.16,0.00223,0.3,degraded
19.86,-42.695,-41.19381,-1.50119,21.90076,21.99665,-0.09589,2.9787,2.9744,75.41,0.00995,0.3,degraded
19.87,-42.94786,-41.52039,-1.42747,21.8819,21.97762,-0.09573,3.0143,2.9804,75.45,0.00729,0.3,degraded
19.88,-43.19724,-41.83455,-1.36268,21.86257,21.95188,-0.08931,3.0054,3.0,75.44,0.00398,0.3,degraded
19.89,-43.44308,-42.12384,-1.31924,21.84275,21.93236,-0.08961,3.0038,2.9929,75.47,0.00554,0.3,degraded
19.9,-43.68533,-42.39976,-1.28557,21.82243,21.90409,-0.08165,3.0069,3.0,75.44,0.00645,0.3,degraded
19.91,-43.92395,-42.64912,-1.27483,21.80159,21.88036,-0.07877,3.0086,2.9964,75.5,0.00352,0.3,degraded
19.92,-44.15886,-42.88547,-1.2734,21.7802,21.85042,-0.07022,2.997,3.0,75.48,0.00546,0.3,degraded
19.93,-44.39003,-43.096,-1.29403,21.75824,21.82808,-0.06984,2.9975,3.0,75.7,0.00697,0.3,degraded
19.94,-44.61741,-43.36504,-1.25237,21.73569,21.79947,-0.06379,2.9996,3.0,75.9,0.00509,0.3,degraded
19.95,-44.84094,-43.62747,-1.21347,21.71252,21.77823,-0.06571,3.005,2.9898,75.62,0.00498,0.3,degraded
19.96,-45.06059,-43.87583,-1.18476,21.68872,21.75098,-0.06226,2.988,2.9893,75.62,0.0065,0.3,degraded
19.97,-45.27629,-44.09666,-1.17963,21.66426,21.7288,-0.06454,3.0083,2.9853,75.68,0.00454,0.3,degraded
19.98,-45.48801,-44.30361,-1.1844,21.63912,21.70154,-0.06242,3.0011,3.0,75.57,0.0038,0.3,degraded
19.99,-45.69571,-44.49062,-1.20509,21.61328,21.68258,-0.0693,3.0086,2.9866,75.8,0.0035,0.3,degraded
20.0,-45.89935,-44.71457,-1.18477,21.58671,21.65762,-0.07091,3.0106,2.9862,75.78,0.00095,0.3,degraded
20.01,-46.09887,-44.91442,-1.18445,21.55939,21.63692,-0.07752,3.0163,2.9758,75.68,0.00337,0.3,degraded
20.02,-46.29425,-45.12768,-1.16657,21.53131,21.61022,-0.07892,3.0057,3.0,75.9,0.00372,0.3,degraded
20.03,-46.48544,-45.35119,-1.13425,21.50243,21.59112,-0.0887,3.0017,2.9833,75.79,0.00454,0.3,degraded
20.04,-46.67242,-45.5617,-1.11072,21.47273,21.56754,-0.09481,2.9927,2.9955,75.67,0.00518,0.3,degraded
20.05,-46.85513,-45.7471,-1.10803,21.4422,21.54973,-0.10753,2.9856,2.9963,75.89,0.00339,0.3,degraded
20.06,-47.03356,-45.95893,-1.07463,21.4108,21.52643,-0.11562,3.0093,2.9899,75.9,0.00263,0.3,degraded
20.07,-47.20767,-46.15691,-1.05076,21.37853,21.50722,-0.12869,2.9933,2.9999,76.03,0.00339,0.3,degraded
20.08,-47.37742,-46.34497,-1.03245,21.34534,21.48026,-0.13492,3.0057,3.0,76.03,0.0049,0.3,degraded
20.09,-47.54279,-46.51284,-1.02995,21.31122,21.46303,-0.15181,2.9991,3.0,75.91,0.00796,0.3,degraded
20.1,-47.70375,-46.75129,-0.95245,21.27615,21.4392,-0.16305,3.0102,3.0,75.89,0.00708,0.3,degraded
20.11,-47.86027,-46.98591,-0.87436,21.24011,21.42045,-0.18034,3.0184,2.9827,75.98,0.0054,0.3,degraded
20.12,-48.01233,-47.21207,-0.80026,21.20307,21.39475,-0.19168,2.9931,3.0,76.06,0.00452,0.3,degraded
20.13,-48.15991,-47.4147,-0.7452,21.165,21.37595,-0.21094,2.9998,2.9736,76.11,0.00515,0.3,degraded
20.14,-48.30298,-47.60553,-0.69745,21.12589,21.34775,-0.22186,3.0052,3.0,76.1,0.00534,0.3,degraded
20.15,-48.44152,-47.77322,-0.6683,21.08572,21.32699,-0.24127,3.0055,2.9976,76.06,0.00506,0.3,degraded
20.16,-48.57552,-47.92875,-0.64677,21.04445,21.29765,-0.25319,2.9803,2.9965,76.25,0.00361,0.3,degraded
20.17,-48.70495,-48.05929,-0.64565,21.00208,21.27301,-0.27093,2.9949,3.0,76.02,0.0056,0.3,degraded
20.18,-48.8298,-48.17925,-0.65056,20.95857,21.24195,-0.28338,3.02,3.0,76.51,0.00429,0.3,degraded
20.19,-48.95007,-48.27638,-0.67369,20.9139,21.21767,-0.30377,2.967,3.0,76.27,0.0011,0.3,degraded
20.2,-49.06572,-48.37854,-0.68718,20.86806,21.18674,-0.31868,3.0113,3.0,76.0,0.00198,0.3,degraded
20.21,-49.17676,-48.4714,-0.70536,20.82102,21.16393,-0.34292,2.9964,2.9956,76.22,0.00209,0.3,degraded
20.22,-49.28317,-48.57074,-0.71243,20.77275,21.13534,-0.36259,3.0085,3.0,76.32,0.0024,0.3,degraded
20.23,-49.38495,-48.6759,-0.70905,20.72324,21.10873,-0.3855,3.0035,2.9894,76.17,0.00223,0.3,degraded
20.24,-49.48209,-48.77838,-0.70371,20.67246,21.06949,-0.39703,3.0138,2.9904,76.02,0.00355,0.3,degraded
20.25,-49.57458,-48.89079,-0.68379,20.62039,21.03649,-0.41609,2.9959,3.0,76.1,0.00233,0.3,degraded
20.26,-49.66242,-49.00671,-0.65571,20.56702,20.99334,-0.42632,3.0033,3.0,76.36,0.00511,0.3,degraded
20.27,-49.74561,-49.102,-0.64361,20.51231,20.94717,-0.43486,2.9978,2.9817,76.03,0.00265,0.3,degraded
20.28,-49.82416,-49.2027,-0.62146,20.45625,20.89486,-0.43861,2.9818,3.0,76.09,0.0009,0.3,degraded
20.29,-49.89805,-49.29322,-0.60483,20.39882,20.84977,-0.45094,3.0222,2.9721,76.4,0.00097,0.3,degraded
20.3,-49.96729,-49.38989,-0.5774,20.34,20.7986,-0.4586,2.9834,3.0,76.31,0.00245,0.3,degraded
20.31,-50.0319,-49.47862,-0.55328,20.27976,20.75199,-0.47223,3.0111,3.0,76.25,0.00137,0.3,degraded
20.32,-50.09187,-49.57261,-0.51926,20.21809,20.69256,-0.47447,3.0052,2.9884,76.3,0.00173,0.3,degraded
20.33,-50.14721,-49.66046,-0.48675,20.15496,20.63629,-0.48133,2.9945,2.9996,76.17,0.00254,0.3,degraded
20.34,-50.19793,-49.75354,-0.4444,20.09036,20.57418,-0.48382,3.0341,3.0,76.47,0.00071,0.3,degraded
20.35,-50.24405,-49.84133,-0.40272,20.02427,20.52051,-0.49625,2.9842,2.9602,76.3,0.001,0.3,degraded
20.36,-50.28557,-49.93501,-0.35056,19.95666,20.4585,-0.50184,2.9781,2.9851,76.35,0.00273,0.3,degraded
20.37,-50.32251,-50.02234,-0.30016,19.88752,20.40243,-0.51491,3.0071,2.9899,76.5,0.00102,0.3,degraded
20.38,-50.35488,-50.11811,-0.23677,19.81682,20.33753,-0.5207,3.0062,2.9649,76.42,0.00089,0.3,degraded
20.39,-50.3827,-50.20826,-0.17444,19.74456,20.27867,-0.53411,3.0094,2.9975,76.37,0.00288,0.3,degraded
20.4,-50.406,-50.30549,-0.10051,19.67071,20.21045,-0.53974,3.01,3.0,76.19,0.00184,0.3,degraded
20.41,-50.42478,-50.39721,-0.02756,19.59525,20.14686,-0.5516,2.9883,3.0,76.56,0.00198,0.3,degraded
20.42,-50.43907,-50.49368,0.05461,19.51817,20.06903,-0.55086,3.016,3.0,76.53,0.00304,0.3,degraded
20.43,-50.4489,-50.58457,0.13567,19.43944,19.99382,-0.55437,2.988,3.0,76.46,0.01341,0.3,degraded
20.44,-50.45428,-50.62118,0.1669,19.35906,19.9116,-0.55254,3.0281,2.9874,76.39,0.01313,0.3,degraded
20.45,-50.45525,-50.59069,0.13544,19.277,19.83441,-0.55741,3.0284,3.0,76.55,0.00261,0.3,degraded
20.46,-50.45183,-50.56294,0.11111,19.19324,19.75217,-0.55893,3.0102,3.0,76.63,0.00159,0.3,degraded
20.47,-50.44405,-50.52752,0.08347,19.10778,19.67739,-0.56961,3.0055,2.9984,76.58,0.00121,0.3,degraded
20.48,-50.43194,-50.50273,0.07078,19.02059,19.59704,-0.57645,2.9869,2.9742,76.82,0.00181,0.3,degraded
20.49,-50.41554,-50.47258,0.05704,18.93166,19.52357,-0.59191,2.9742,3.0,76.68,0.00286,0.3,degraded
20.5,-50.39487,-50.44977,0.0549,18.84098,19.42838,-0.5874,2.9701,3.0,76.57,0.00244,0.3,degraded
20.51,-50.36996,-50.41793,0.04797,18.74852,19.33227,-0.58375,2.9918,3.0,76.7,0.00209,0.3,degraded
20.52,-50.34087,-50.39106,0.0502,18.65428,19.22872,-0.57444,2.9866,3.0,76.6,0.00124,0.3,degraded
20.53,-50.30761,-50.35714,0.04953,18.55824,19.13202,-0.57379,3.0242,3.0,76.61,0.00047,0.3,degraded
20.54,-50.27024,-50.33022,0.05999,18.46038,19.02773,-0.56735,3.0069,3.0,76.8,0.00171,0.3,degraded
20.55,-50.22878,-50.29784,0.06906,18.3607,18.93158,-0.57088,3.0123,3.0,76.47,0.00166,0.3,degraded
20.56,-50.18329,-50.27238,0.08909,18.25918,18.83011,-0.57093,3.0065,2.9827,76.62,0.00114,0.3,degraded
20.57,-50.1338,-50.24265,0.10884,18.1558,18.73515,-0.57934,2.9845,2.9975,76.8,0.00204,0.3,degraded
20.58,-50.08036,-50.21956,0.1392,18.05056,18.63778,-0.58721,3.023,3.0,76.67,0.00234,0.3,degraded
20.59,-50.02301,-50.18986,0.16685,17.94345,18.54291,-0.59946,3.0006,2.9999,76.58,0.0,0.3,degraded
20.6,-49.9618,-50.16513,0.20333,17.83444,18.44271,-0.60826,3.0021,3.0,76.38,0.00126,0.3,degraded
20.61,-49.89678,-50.13573,0.23896,17.72354,18.35098,-0.62744,3.0057,3.0,76.3,0.00214,0.3,degraded
20.62,-49.82798,-50.11268,0.2847,17.61073,18.25277,-0.64204,2.9849,3.0,76.96,0.00108,0.3,degraded
20.63,-49.75548,-50.08537,0.32989,17.49599,18.16193,-0.66594,2.9709,3.0,76.7,0.00138,0.3,degraded
20.64,-49.6793,-50.0658,0.38649,17.37933,18.0686,-0.68927,2.968,2.9772,76.58,0.00583,0.3,degraded
20.65,-49.59952,-50.03655,0.43704,17.26073,17.96111,-0.70038,3.0119,3.0,76.72,0.00144,0.3,degraded
20.66,-49.51617,-50.01488,0.49871,17.14018,17.84296,-0.70278,3.0115,3.0,76.53,0.00318,0.3,degraded
20.67,-49.42931,-49.98597,0.55666,17.01768,17.74223,-0.72455,2.9855,2.9885,76.63,0.00247,0.3,degraded
20.68,-49.339,-49.96259,0.62358,16.89321,17.63655,-0.74335,3.0005,2.9932,76.54,0.00039,0.3,degraded
20.69,-49.2453,-49.93026,0.68496,16.76677,17.53611,-0.76935,3.0323,3.0,76.48,0.00653,0.3,degraded
20.7,-49.14826,-49.88704,0.73878,16.63835,17.43038,-0.79203,2.9953,3.0,76.38,0.00934,0.3,degraded
20.71,-49.04793,-49.79348,0.74554,16.50794,17.31906,-0.81112,2.9722,3.0,76.45,0.00599,0.3,degraded
20.72,-48.94439,-49.70703,0.76264,16.37555,17.17835,-0.80281,3.0043,2.9963,76.85,0.00264,0.3,degraded
20.73,-48.83768,-49.61654,0.77886,16.24116,17.03371,-0.79256,2.9965,3.0,76.55,0.00709,0.3,degraded
20.74,-48.72787,-49.53114,0.80328,16.10476,16.9068,-0.80204,2.9946,3.0,76.78,0.00325,0.3,degraded
20.75,-48.61502,-49.4401,0.82509,15.96636,16.79402,-0.82766,3.0071,2.9708,76.85,0.00345,0.3,degraded
20.76,-48.49919,-49.35737,0.85818,15.82595,16.65206,-0.82611,3.0232,3.0,76.71,0.00283,0.3,degraded
20.77,-48.38045,-49.26819,0.88774,15.68353,16.52642,-0.84289,3.0042,3.0,76.67,0.00447,0.3,degraded
20.78,-48.25886,-49.18345,0.92459,15.53909,16.40446,-0.86537,2.9977,3.0,76.73,0.01771,0.3,degraded
20.79,-48.13448,-49.05026,0.91578,15.39263,16.23942,-0.8468,3.0054,2.9914,76.66,0.01528,0.3,degraded
20.8,-48.00738,-48.84983,0.84245,15.24414,16.08303,-0.83888,3.0001,2.9943,76.92,0.00937,0.3,degraded
20.81,-47.87763,-48.6631,0.78548,15.09364,15.95656,-0.86292,3.0001,2.9873,77.02,0.00913,0.3,degraded
20.82,-47.74528,-48.50204,0.75675,14.94111,15.79856,-0.85745,3.0095,3.0,76.97,0.01068,0.3,degraded
20.83,-47.61042,-48.35443,0.744,14.78655,15.62453,-0.83798,2.9987,3.0,76.44,0.00994,0.3,degraded
20.84,-47.47311,-48.23061,0.7575,14.62997,15.46701,-0.83703,3.0027,3.0,76.7,0.00884,0.3,degraded
20.85,-47.33342,-48.11913,0.78571,14.47137,15.34344,-0.87207,2.9974,3.0,76.77,0.00751,0.3,degraded
20.86,-47.19141,-48.03061,0.8392,14.31074,15.18343,-0.8727,2.9975,2.9982,76.84,0.00549,0.3,degraded
20.87,-47.04715,-47.93675,0.8896,14.14808,15.02809,-0.88,3.015,3.0,76.52,0.01498,0.3,degraded
20.88,-46.90072,-47.83265,0.93193,13.98341,14.88892,-0.90551,1.4517,2.9975,76.53,0.01042,0.3,degraded
20.89,-46.75219,-47.64671,0.89452,13.81672,14.75197,-0.93524,2.9876,2.995,76.99,0.00649,0.3,degraded
20.9,-46.60162,-47.48604,0.88442,13.64802,14.60473,-0.9567,2.9915,3.0,76.72,0.00853,0.3,degraded
20.91,-46.44909,-47.33838,0.88929,13.47731,14.44638,-0.96907,3.0037,3.0,76.59,0.00875,0.3,degraded
20.92,-46.29468,-47.21589,0.92121,13.30459,14.261,-0.95641,3.0164,3.0,76.65,0.00828,0.3,degraded
20.93,-46.13844,-47.0974,0.95895,13.12986,14.1019,-0.97204,2.9855,2.9948,76.88,0.00925,0.3,degraded
20.94,-45.98046,-46.94906,0.9686,12.95314,13.95667,-1.00352,2.993,3.0,76.71,0.01236,0.3,degraded
20.95,-45.82081,-46.79458,0.97377,12.77443,13.81366,-1.03923,3.013,1.3549,76.88,0.01382,0.3,degraded
20.96,-45.65955,-46.66531,1.00576,12.59374,13.58036,-0.98662,2.85,3.0,76.71,0.01227,0.3,degraded
20.97,-45.49677,-46.50899,1.01222,12.41107,13.37746,-0.96639,3.0069,2.9826,76.61,0.01133,0.3,degraded
20.98,-45.33254,-46.31514,0.9826,12.22642,13.19306,-0.96664,3.0136,3.0,77.09,0.01048,0.3,degraded
20.99,-45.16692,-46.13616,0.96924,12.03982,13.03729,-0.99747,2.9969,3.0,76.95,0.0085,0.3,degraded
21.0,-45.0,-45.98246,0.98246,11.85125,12.89681,-1.04555,2.9748,2.9796,76.84,0.0082,0.3,degraded
21.01,-44.83184,-45.84003,1.00819,11.66075,12.71076,-1.05001,3.0107,2.9791,76.82,0.00592,0.3,degraded
21.02,-44.66253,-45.69899,1.03646,11.46831,12.53342,-1.06512,2.7274,2.9986,77.13,0.01749,0.3,degraded
21.03,-44.49212,-45.51874,1.02661,11.27394,12.3848,-1.11086,2.9994,3.0,77.01,0.01521,0.3,degraded
21.04,-44.32071,-45.27558,0.95487,11.07766,12.18323,-1.10557,3.0058,2.9786,77.11,0.01073,0.3,degraded
21.05,-44.14835,-45.04329,0.89494,10.87947,11.98029,-1.10082,3.004,2.9887,76.87,0.00876,0.3,degraded
21.06,-43.97513,-44.83632,0.86119,10.67939,11.79165,-1.11226,3.0196,3.0,76.97,0.00857,0.3,degraded
21.07,-43.80111,-44.64323,0.84211,10.47743,11.63115,-1.15371,2.991,2.9971,77.04,0.00845,0.3,degraded
21.08,-43.62638,-44.47439,0.84801,10.27361,11.47848,-1.20488,2.9882,3.0,76.9,0.01595,0.3,degraded
21.09,-43.45099,-44.3164,0.86541,10.06793,11.21682,-1.14889,2.9973,2.9886,76.98,0.01309,0.3,degraded
21.1,-43.27504,-44.18155,0.90652,9.8604,10.95643,-1.09602,2.9996,2.9856,76.92,0.00822,0.3,degraded
21.11,-43.09857,-44.0504,0.95182,9.65106,10.72244,-1.07138,2.0205,3.0,77.08,0.00765,0.3,degraded
21.12,-42.92168,-43.88909,0.96741,9.4399,10.50481,-1.06491,3.0121,2.9993,76.84,0.00863,0.3,degraded
21.13,-42.74443,-43.74234,0.99791,9.22694,10.31482,-1.08787,2.9942,3.0,77.13,0.00934,0.3,degraded
21.14,-42.5669,-43.56722,1.00033,9.01221,10.14017,-1.12796,3.0074,2.9916,77.1,0.00821,0.3,degraded
21.15,-42.38914,-43.38317,0.99403,8.79571,9.99125,-1.19554,2.998,2.9872,77.03,0.00661,0.3,degraded
21.16,-42.21125,-43.22418,1.01294,8.57746,9.81264,-1.23517,2.9869,3.0,77.14,0.00485,0.3,degraded
21.17,-42.03327,-43.07108,1.03781,8.35749,9.64192,-1.28443,2.2999,2.9747,77.03,0.00918,0.3,degraded
21.18,-41.85529,-42.9026,1.04731,8.1358,9.43117,-1.29537,3.0184,3.0,77.0,0.01141,0.3,degraded
21.19,-41.67738,-42.73908,1.0617,7.91242,9.19219,-1.27977,1.7913,3.0,77.2,0.01012,0.3,degraded
21.2,-41.49959,-42.53309,1.0335,7.68736,8.96904,-1.28168,3.011,3.0,77.22,0.01039,0.3,degraded
21.21,-41.32201,-42.34144,1.01943,7.46065,8.77244,-1.31179,3.0118,3.0,77.06,0.00762,0.3,degraded
21.22,-41.14469,-42.17597,1.03128,7.23231,8.59188,-1.35957,2.9909,3.0,77.06,0.01375,0.3,degraded
21.23,-40.96771,-42.01152,1.0438,7.00235,8.35899,-1.35665,1.5576,2.997,77.14,0.01419,0.3,degraded
21.24,-40.79113,-41.78831,0.99717,6.77079,8.1078,-1.337,3.0033,2.9974,77.1,0.00906,0.3,degraded
21.25,-40.61502,-41.57797,0.96295,6.53766,7.88859,-1.35093,3.0188,3.0,77.43,0.01035,0.3,degraded
21.26,-40.43944,-41.39284,0.9534,6.30299,7.68956,-1.38657,3.0106,3.0,77.26,0.01352,0.3,degraded
21.27,-40.26445,-41.21953,0.95508,6.06678,7.50539,-1.43861,2.9898,1.1736,77.23,0.01226,0.3,degraded
21.28,-40.09012,-41.07006,0.97994,5.82907,7.22113,-1.39206,2.9952,2.9869,77.1,0.01515,0.3,degraded
21.29,-39.91652,-40.87008,0.95356,5.58987,6.96628,-1.37641,2.9989,3.0,77.37,0.0155,0.3,degraded
21.3,-39.74369,-40.62872,0.88502,5.34922,6.72697,-1.37775,3.0199,2.9997,77.19,0.00823,0.3,degraded
21.31,-39.57171,-40.40105,0.82933,5.10713,6.5139,-1.40677,3.0241,3.0,77.19,0.00952,0.3,degraded
21.32,-39.40064,-40.1997,0.79906,4.86363,6.3171,-1.45347,3.0053,3.0,77.42,0.02042,0.3,degraded
21.33,-39.23053,-40.00936,0.77883,4.61875,6.05312,-1.43437,2.9928,3.0,77.38,0.01898,0.3,degraded
21.34,-39.06144,-39.84453,0.78309,4.3725,5.70702,-1.33451,3.0338,2.9945,76.97,0.0088,0.3,degraded
21.35,-38.89343,-39.69371,0.80029,4.12493,5.38859,-1.26366,2.9975,3.0,77.34,0.01027,0.3,degraded
21.36,-38.72655,-39.56969,0.84314,3.87604,5.08576,-1.20972,2.9923,3.0,77.39,0.00559,0.3,degraded
21.37,-38.56086,-39.44498,0.88412,3.62588,4.80965,-1.18377,2.9862,2.9978,77.34,0.00579,0.3,degraded
21.38,-38.39642,-39.30963,0.91321,3.37446,4.54872,-1.17426,2.9801,3.0,77.42,0.00692,0.3,degraded
21.39,-38.23328,-39.17216,0.93888,3.12181,4.31353,-1.19172,3.0247,2.9818,77.14,0.00979,0.3,degraded
21.4,-38.07148,-39.02817,0.95669,2.86797,4.09414,-1.22618,2.9942,2.9981,77.0,0.00809,0.3,degraded
21.41,-37.91109,-38.85174,0.94065,2.61295,3.90292,-1.28997,2.9994,3.0,77.29,0.00953,0.3,degraded
21.42,-37.75215,-38.69927,0.94712,2.3568,3.72542,-1.36862,3.0088,2.9971,77.48,0.0088,0.3,degraded
21.43,-37.59471,-38.55846,0.96375,2.09953,3.56697,-1.46743,2.9968,1.7806,76.97,0.00792,0.3,degraded
21.44,-37.43881,-38.37544,0.93662,1.84119,3.34599,-1.5048,2.9804,2.9917,77.34,0.0101,0.3,degraded
21.45,-37.28451,-38.19623,0.91172,1.58179,3.15251,-1.57073,2.9786,3.0,77.19,0.01786,0.3,degraded
21.46,-37.13185,-38.04295,0.9111,1.32136,2.92286,-1.6015,2.9981,2.9986,77.46,0.01644,0.3,degraded
21.47,-36.98087,-37.90151,0.92064,1.05995,2.60115,-1.5412,3.0081,2.9822,77.8,0.01596,0.3,degraded
21.48,-36.83162,-37.69135,0.85973,0.79757,2.29628,-1.49871,3.0067,2.996,77.5,0.01525,0.3,degraded
21.49,-36.68413,-37.45338,0.76925,0.53427,2.01698,-1.48271,2.9891,2.9913,77.54,0.00666,0.3,degraded
21.5,-36.53846,-37.23893,0.70047,0.27007,1.75266,-1.48259,3.0069,2.9892,77.69,0.0092,0.3,degraded
21.51,-36.39463,-37.03757,0.64294,0.005,1.51381,-1.50881,2.9929,2.9966,77.59,0.00924,0.3,degraded
21.52,-36.25269,-36.86019,0.60751,-0.2609,1.29051,-1.55141,2.9911,2.9988,77.56,0.00792,0.3,degraded
21.53,-36.11266,-36.69393,0.58126,-0.52761,1.09557,-1.62317,2.9989,3.0,77.74,0.00699,0.3,degraded
21.54,-35.9746,-36.55409,0.57949,-0.79508,0.89824,-1.69332,3.0263,3.0,77.69,0.01304,0.3,degraded
21.55,-35.83852,-36.42873,0.5902,-1.06328,0.68533,-1.74861,3.0087,3.0,77.67,0.00767,0.3,degraded
21.56,-35.70447,-36.32914,0.62467,-1.33219,0.43317,-1.76536,3.0032,3.0,77.61,0.00878,0.3,degraded
21.57,-35.57247,-36.23467,0.66219,-1.60177,0.21029,-1.81206,3.0093,2.9943,77.59,0.00786,0.3,degraded
21.58,-35.44256,-36.14602,0.70346,-1.87197,-0.04745,-1.82452,3.0264,2.9839,77.79,0.0055,0.3,degraded
21.59,-35.31476,-36.05283,0.73807,-2.14278,-0.32496,-1.81782,2.9804,2.9688,77.62,0.00539,0.3,degraded
21.6,-35.18909,-35.96797,0.77888,-2.41416,-0.58969,-1.82447,3.0104,2.9719,77.86,0.00707,0.3,degraded
21.61,-35.06559,-35.86681,0.80122,-2.68606,-0.82489,-1.86117,2.9958,3.0,77.53,0.02295,0.3,degraded
21.62,-34.94428,-35.67504,0.73076,-2.95846,-1.12143,-1.83703,3.0056,2.9973,77.92,0.02072,0.3,degraded
21.63,-34.82518,-35.48457,0.65939,-3.23132,-1.46661,-1.76471,2.9795,3.0,77.8,0.01125,0.3,degraded
21.64,-34.70831,-35.31901,0.6107,-3.50461,-1.79308,-1.71153,3.0102,2.9937,77.6,0.00943,0.3,degraded
21.65,-34.59369,-35.16561,0.57192,-3.77828,-2.09043,-1.68785,2.9892,3.0,77.84,0.00944,0.3,degraded
21.66,-34.48134,-35.03706,0.55572,-4.05231,-2.36975,-1.68256,3.0074,3.0,77.67,0.00978,0.3,degraded
21.67,-34.37127,-34.92065,0.54938,-4.32666,-2.62029,-1.70637,3.0067,2.9766,77.79,0.00814,0.3,degraded
21.68,-34.26351,-34.82896,0.56545,-4.60128,-2.85537,-1.74591,2.9952,2.9877,77.72,0.00356,0.3,degraded
21.69,-34.15806,-34.73675,0.57869,-4.87615,-3.0676,-1.80855,2.9944,2.2613,77.78,0.00307,0.3,degraded
21.7,-34.05494,-34.64958,0.59464,-5.15123,-3.31333,-1.8379,3.0072,3.0,77.95,0.00126,0.3,degraded
21.71,-33.95416,-34.55849,0.60433,-5.42648,-3.5368,-1.88968,2.9922,2.5014,77.9,0.00081,0.3,degraded
21.72,-33.85573,-34.47367,0.61794,-5.70187,-3.78414,-1.91772,3.0239,2.9993,77.66,0.01166,0.3,degraded
21.73,-33.75965,-34.38258,0.62293,-5.97735,-4.09789,-1.87946,3.0002,2.9776,77.68,0.00937,0.3,degraded
21.74,-33.66593,-34.29628,0.63035,-6.25289,-4.43603,-1.81686,2.984,3.0,77.9,0.00513,0.3,degraded
21.75,-33.57458,-34.20521,0.63063,-6.52846,-4.7456,-1.78286,3.0039,3.0,77.92,0.00687,0.3,degraded
21.76,-33.4856,-34.12206,0.63647,-6.80402,-5.03612,-1.7679,2.9686,2.9853,77.78,0.00566,0.3,degraded
21.77,-33.39898,-34.03363,0.63465,-7.07952,-5.29579,-1.78373,3.0108,2.9774,78.13,0.00469,0.3,degraded
21.78,-33.31474,-33.95076,0.63601,-7.35493,-5.53827,-1.81666,3.0174,3.0,78.02,0.00264,0.3,degraded
21.79,-33.23287,-33.8618,0.62892,-7.63022,-5.76991,-1.86031,3.0013,2.9874,77.82,0.0026,0.3,degraded
21.8,-33.15337,-33.78333,0.62996,-7.90534,-6.02516,-1.88018,3.013,3.0,77.81,0.01156,0.3,degraded
21.81,-33.07623,-33.70043,0.6242,-8.18026,-6.2696,-1.91066,3.0095,0.8855,77.9,0.01329,0.3,degraded
21.82,-33.00145,-33.62476,0.62331,-8.45494,-6.63317,-1.82178,3.016,2.9926,77.91,0.00657,0.3,degraded
21.83,-32.92901,-33.54629,0.61728,-8.72935,-6.96918,-1.76017,2.9841,3.0,78.16,0.00481,0.3,degraded
21.84,-32.85892,-33.4741,0.61518,-9.00344,-7.28837,-1.71507,2.9979,2.9887,78.13,0.00583,0.3,degraded
21.85,-32.79116,-33.39578,0.60463,-9.27718,-7.57856,-1.69862,2.9959,3.0,78.0,0.00598,0.3,degraded
21.86,-32.72571,-33.32424,0.59852,-9.55052,-7.85191,-1.69861,3.0008,3.0,78.11,0.00451,0.3,degraded
21.87,-32.66258,-33.24434,0.58176,-9.82344,-8.09641,-1.72703,2.9773,3.0,78.14,0.00668,0.3,degraded
21.88,-32.60173,-33.16819,0.56646,-10.09589,-8.32215,-1.77374,3.0128,2.9966,78.03,0.00286,0.3,degraded
21.89,-32.54316,-33.08346,0.5403,-10.36784,-8.54663,-1.82121,3.0136,2.9811,78.1,0.00668,0.3,degraded
21.9,-32.48684,-33.0032,0.51636,-10.63924,-8.78787,-1.85137,3.0018,2.9851,78.14,0.00394,0.3,degraded
21.91,-32.43276,-32.916,0.48324,-10.91006,-9.04736,-1.86271,2.9982,2.9967,78.13,0.00622,0.3,degraded
21.92,-32.38091,-32.83716,0.45626,-11.18027,-9.29372,-1.88655,2.9903,2.9921,77.95,0.00578,0.3,degraded
21.93,-32.33124,-32.75344,0.4222,-11.44982,-9.57707,-1.87275,3.0013,2.9677,77.98,0.00658,0.3,degraded
21.94,-32.28375,-32.67925,0.3955,-11.71868,-9.87311,-1.84557,2.9959,2.9937,78.05,0.00691,0.3,degraded
21.95,-32.23841,-32.60043,0.36203,-11.98681,-10.14055,-1.84625,2.9956,2.9835,78.0,0.00458,0.3,degraded
21.96,-32.19518,-32.52812,0.33294,-12.25417,-10.39492,-1.85925,3.0062,2.9999,77.89,0.00555,0.3,degraded
21.97,-32.15406,-32.44991,0.29585,-12.52072,-10.63322,-1.8875,2.9991,1.8372,78.23,0.0066,0.3,degraded
21.98,-32.11499,-32.37904,0.26405,-12.78644,-10.93321,-1.85323,2.9939,3.0,78.19,0.00496,0.3,degraded
21.99,-32.07796,-32.30047,0.22251,-13.05127,-11.20254,-1.84873,2.994,3.0,77.95,0.00549,0.3,degraded
22.0,-32.04294,-32.22436,0.18142,-13.31519,-11.45584,-1.85935,2.9977,2.9914,78.13,0.01025,0.3,degraded
22.01,-32.00989,-32.13739,0.12751,-13.57815,-11.71725,-1.8609,2.9958,3.0,78.15,0.00717,0.3,degraded
22.02,-31.97877,-32.05474,0.07597,-13.84012,-12.0419,-1.79822,3.0122,2.9932,78.22,0.00535,0.3,degraded
22.03,-31.94955,-31.96361,0.01406,-14.10107,-12.33818,-1.76289,3.0002,2.9972,78.04,0.00574,0.3,degraded
22.04,-31.9222,-31.87827,-0.04393,-14.36096,-12.61944,-1.74152,3.0292,3.0,78.01,0.00471,0.3,degraded
22.05,-31.89667,-31.78764,-0.10904,-14.61974,-12.87297,-1.74677,3.0113,2.9793,78.3,0.00785,0.3,degraded
22.06,-31.87293,-31.72495,-0.14798,-14.87739,-13.11323,-1.76416,2.9893,2.9663,78.0,0.01698,0.3,degraded
22.07,-31.85094,-31.67143,-0.17951,-15.13387,-13.37196,-1.76191,2.989,2.9944,78.22,0.01158,0.3,degraded
22.08,-31.83065,-31.62067,-0.20998,-15.38914,-13.72184,-1.6673,2.9997,2.9903,78.22,0.00446,0.3,degraded
22.09,-31.81202,-31.56504,-0.24698,-15.64317,-14.04184,-1.60133,3.0085,2.9728,78.27,0.0104,0.3,degraded
22.1,-31.79502,-31.55277,-0.24224,-15.89592,-14.34617,-1.54975,3.0047,2.9978,78.34,0.00926,0.3,degraded
22.11,-31.77958,-31.53314,-0.24645,-16.14736,-14.62046,-1.5269,3.0006,3.0,78.56,0.00625,0.3,degraded
22.12,-31.76567,-31.51735,-0.24833,-16.39746,-14.87423,-1.52323,2.9894,2.9874,78.09,0.00655,0.3,degraded
22.13,-31.75325,-31.4933,-0.25994,-16.64617,-15.09907,-1.5471,3.012,2.9912,78.47,0.00533,0.3,degraded
22.14,-31.74225,-31.47477,-0.26748,-16.89347,-15.31056,-1.58291,3.0017,2.9889,77.98,0.0097,0.3,degraded
22.15,-31.73263,-31.44856,-0.28407,-17.13931,-15.50791,-1.63141,2.9822,1.2363,78.58,0.012,0.3,degraded
22.16,-31.72435,-31.43255,-0.2918,-17.38368,-15.80324,-1.58044,2.9842,3.0,78.08,0.00833,0.3,degraded
22.17,-31.71735,-31.42814,-0.2892,-17.62652,-16.06913,-1.55739,3.0071,3.0,78.77,0.00411,0.3,degraded
22.18,-31.71157,-31.43171,-0.27986,-17.86782,-16.31967,-1.54815,3.0181,3.0,78.36,0.0055,0.3,degraded
22.19,-31.70697,-31.42872,-0.27824,-18.10753,-16.54308,-1.56446,3.0105,2.9731,78.62,0.00647,0.3,degraded
22.2,-31.70348,-31.42867,-0.27481,-18.34563,-16.75023,-1.59541,3.0288,3.0,78.61,0.0026,0.3,degraded
22.21,-31.70106,-31.42309,-0.27797,-18.58208,-16.93889,-1.64319,3.007,3.0,78.39,0.00813,0.3,degraded
22.22,-31.69965,-31.42491,-0.27474,-18.81685,-17.18222,-1.63464,3.0081,3.0,78.42,0.006,0.3,degraded
22.23,-31.6992,-31.41828,-0.28092,-19.04991,-17.42047,-1.62944,2.9945,2.9956,78.36,0.00433,0.3,degraded
22.24,-31.69963,-31.41754,-0.28209,-19.28123,-17.64175,-1.63948,2.9989,3.0,78.62,0.00603,0.3,degraded
22.25,-31.7009,-31.41973,-0.28117,-19.51078,-17.85635,-1.65442,3.0123,2.9785,78.45,0.00527,0.3,degraded
22.26,-31.70295,-31.43273,-0.27022,-19.73852,-18.10593,-1.63259,2.9855,3.0,78.41,0.00436,0.3,degraded
22.27,-31.70571,-31.43858,-0.26712,-19.96443,-18.32728,-1.63714,2.9987,2.9906,78.62,0.00259,0.3,degraded
22.28,-31.70912,-31.45228,-0.25684,-20.18847,-18.53773,-1.65074,2.9924,2.1575,78.42,0.00412,0.3,degraded
22.29,-31.71313,-31.45702,-0.25611,-20.41062,-18.77242,-1.6382,2.979,2.987,78.52,0.00481,0.3,degraded
22.3,-31.71768,-31.46609,-0.25159,-20.63085,-18.98972,-1.64113,2.9981,3.0,78.6,0.00363,0.3,degraded
22.31,-31.72268,-31.46801,-0.25467,-20.84913,-19.19219,-1.65694,2.9907,2.9902,78.5,0.00635,0.3,degraded
22.32,-31.7281,-31.49896,-0.22914,-21.06543,-19.42057,-1.64485,3.0168,2.9936,78.54,0.00653,0.3,degraded
22.33,-31.73386,-31.53163,-0.20223,-21.27972,-19.63326,-1.64646,2.9902,2.9957,78.86,0.00168,0.3,degraded
22.34,-31.73989,-31.57172,-0.16817,-21.49198,-19.85845,-1.63353,2.9834,3.0,78.62,0.00458,0.3,degraded
22.35,-31.74613,-31.60405,-0.14208,-21.70218,-20.06297,-1.63921,3.0046,2.9983,78.61,0.00188,0.3,degraded
22.36,-31.75252,-31.64534,-0.10718,-21.91029,-20.27779,-1.6325,3.0048,2.9985,78.65,0.00378,0.3,degraded
22.37,-31.75899,-31.6802,-0.0788,-22.11628,-20.5136,-1.60268,2.9795,2.9909,78.76,0.00353,0.3,degraded
22.38,-31.76548,-31.71996,-0.04552,-22.32014,-20.73886,-1.58128,3.0009,3.0,78.55,0.00399,0.3,degraded
22.39,-31.77191,-31.75392,-0.01799,-22.52183,-20.93946,-1.58237,2.9938,2.9899,78.79,0.00373,0.3,degraded
22.4,-31.77822,-31.79237,0.01414,-22.72133,-21.17845,-1.54288,3.0091,3.0,78.78,0.00423,0.3,degraded
22.41,-31.78435,-31.82492,0.04057,-22.91862,-21.40954,-1.50908,3.018,3.0,78.49,0.00486,0.3,degraded
22.42,-31.79022,-31.86387,0.07365,-23.11367,-21.62324,-1.49043,2.9834,2.9738,79.04,0.00179,0.3,degraded
22.43,-31.79577,-31.89584,0.10008,-23.30646,-21.82656,-1.47991,2.9941,3.0,79.01,0.0034,0.3,degraded
22.44,-31.80092,-31.93288,0.13195,-23.49697,-22.05466,-1.44231,3.006,2.9994,78.68,0.00611,0.3,degraded
22.45,-31.80562,-31.96631,0.16069,-23.68517,-22.25275,-1.43242,2.9787,3.0,78.65,0.00132,0.3,degraded
22.46,-31.80979,-32.00675,0.19696,-23.87104,-22.4513,-1.41974,2.9972,2.9904,78.87,0.00213,0.3,degraded
22.47,-31.81336,-32.04084,0.22748,-24.05456,-22.6564,-1.39816,2.9906,2.9935,78.64,0.00552,0.3,degraded
22.48,-31.81627,-32.08036,0.2641,-24.23571,-22.84777,-1.38794,3.004,3.0,79.07,0.00236,0.3,degraded
22.49,-31.81844,-32.11265,0.29421,-24.41447,-23.02987,-1.3846,2.9902,2.9813,78.81,0.00708,0.3,degraded
22.5,-31.81981,-32.14942,0.32961,-24.59081,-23.22601,-1.36481,3.0067,3.0,79.14,0.00439,0.3,degraded
22.51,-31.8203,-32.17917,0.35887,-24.76473,-23.43707,-1.32766,3.0005,3.0,78.78,0.00605,0.3,degraded
22.52,-31.81986,-32.20576,0.3859,-24.9362,-23.63073,-1.30547,2.9795,2.9819,78.9,0.00447,0.3,degraded
22.53,-31.8184,-32.21752,0.39912,-25.1052,-23.80311,-1.30209,2.9852,3.0,79.12,0.00514,0.3,degraded
22.54,-31.81587,-32.23105,0.41518,-25.27171,-23.98166,-1.29005,2.7739,3.0,78.89,0.00336,0.3,degraded
22.55,-31.81218,-32.223,0.41081,-25.43572,-24.15278,-1.28294,2.9965,3.0,78.99,0.00294,0.3,degraded
22.56,-31.80729,-32.22094,0.41365,-25.59721,-24.33318,-1.26403,3.0145,3.0,79.13,0.0026,0.3,degraded
22.57,-31.8011,-32.2152,0.41409,-25.75616,-24.50374,-1.25242,3.0023,2.9979,78.89,0.00295,0.3,degraded
22.58,-31.79357,-32.21639,0.42282,-25.91257,-24.6698,-1.24277,2.9972,3.0,78.8,0.00524,0.3,degraded
22.59,-31.78461,-32.20822,0.4236,-26.0664,-24.86899,-1.19741,2.9172,2.9911,78.78,0.00511,0.3,degraded
22.6,-31.77417,-32.20143,0.42725,-26.21765,-25.05806,-1.15959,2.9793,3.0,79.1,0.00489,0.3,degraded
22.61,-31.76217,-32.18597,0.4238,-26.36631,-25.22124,-1.14506,2.9925,3.0,79.08,0.01024,0.3,degraded
22.62,-31.74855,-32.17088,0.42233,-26.51235,-25.37837,-1.13398,2.3238,1.8193,79.19,0.00955,0.3,degraded
22.63,-31.73324,-32.11255,0.37931,-26.65578,-25.58196,-1.07382,2.9831,3.0,78.99,0.00615,0.3,degraded
22.64,-31.71618,-32.05802,0.34184,-26.79656,-25.76634,-1.03022,3.0143,3.0,78.83,0.00575,0.3,degraded
22.65,-31.6973,-31.99719,0.29989,-26.9347,-25.92175,-1.01296,3.0087,3.0,78.7,0.00601,0.3,degraded
22.66,-31.67653,-31.94412,0.26759,-27.07019,-26.06163,-1.00855,2.9914,3.0,79.48,0.00337,0.3,degraded
22.67,-31.65381,-31.88251,0.2287,-27.203,-26.21126,-0.99174,2.9643,3.0,79.14,0.00377,0.3,degraded
22.68,-31.62908,-31.82583,0.19676,-27.33313,-26.37954,-0.95359,3.0011,3.0,79.09,0.0069,0.3,degraded
22.69,-31.60226,-31.76427,0.16201,-27.46058,-26.51551,-0.94506,3.0252,2.9956,79.11,0.00483,0.3,degraded
22.7,-31.57331,-31.71216,0.13885,-27.58533,-26.63675,-0.94858,2.995,2.9152,78.86,0.00881,0.3,degraded
22.71,-31.54215,-31.65376,0.11161,-27.70737,-26.81627,-0.8911,2.9853,3.0,78.97,0.0087,0.3,degraded
22.72,-31.50873,-31.60114,0.09241,-27.82669,-27.01385,-0.81284,3.0141,3.0,79.36,0.00499,0.3,degraded
22.73,-31.47298,-31.54379,0.07081,-27.9433,-27.1837,-0.75959,2.9855,2.9854,79.2,0.00503,0.3,degraded
22.74,-31.43485,-31.49255,0.0577,-28.05717,-27.33549,-0.72168,3.0106,3.0,78.99,0.00758,0.3,degraded
22.75,-31.39426,-31.43817,0.0439,-28.16831,-27.45697,-0.71135,2.9895,2.9881,78.93,0.00443,0.3,degraded
22.76,-31.35118,-31.39145,0.04027,-28.27671,-27.56554,-0.71117,2.9853,2.9987,79.04,0.002,0.3,degraded
22.77,-31.30552,-31.33843,0.0329,-28.38237,-27.66362,-0.71875,3.0027,3.0,79.07,0.00154,0.3,degraded
22.78,-31.25725,-31.29241,0.03516,-28.48527,-27.76913,-0.71614,2.9932,3.0,79.43,0.00118,0.3,degraded
22.79,-31.2063,-31.23825,0.03195,-28.58542,-27.86645,-0.71897,3.0149,3.0,79.1,0.00014,0.3,degraded
22.8,-31.15262,-31.19158,0.03896,-28.68281,-27.97062,-0.71219,3.0181,2.9823,78.95,0.002,0.3,degraded
22.81,-31.09615,-31.13886,0.04271,-28.77745,-28.0703,-0.70715,2.9803,3.0,79.13,0.00146,0.3,degraded
22.82,-31.03683,-31.09214,0.05531,-28.86932,-28.17335,-0.69596,3.0144,3.0,79.18,0.0002,0.3,degraded
22.83,-30.97463,-31.03901,0.06438,-28.95842,-28.27058,-0.68785,3.0135,3.0,78.95,0.00126,0.3,degraded
22.84,-30.90948,-30.99358,0.0841,-29.04476,-28.3763,-0.66846,3.0023,2.9922,79.21,0.00167,0.3,degraded
22.85,-30.84133,-30.94297,0.10164,-29.12834,-28.47433,-0.65401,2.9964,3.0,79.33,4e-05,0.3,degraded
22.86,-30.77013,-30.89701,0.12688,-29.20915,-28.57834,-0.63082,2.998,2.9997,79.18,0.00202,0.3,degraded
22.87,-30.69584,-30.84517,0.14933,-29.2872,-28.6749,-0.6123,3.0029,2.994,79.04,0.00179,0.3,degraded
22.88,-30.6184,-30.79956,0.18116,-29.36248,-28.77752,-0.58496,3.0202,2.9804,79.09,0.00054,0.3,degraded
22.89,-30.53778,-30.74932,0.21155,-29.435,-28.87652,-0.55848,2.989,2.9853,78.92,0.00154,0.3,degraded
22.9,-30.45392,-30.70474,0.25083,-29.50476,-28.98408,-0.52068,2.991,2.9864,79.15,0.00242,0.3,degraded
22.91,-30.36677,-30.6526,0.28583,-29.57177,-29.08188,-0.48989,2.9916,2.9983,79.22,0.00018,0.3,degraded
22.92,-30.27631,-30.60773,0.33142,-29.63602,-29.18791,-0.44811,3.0104,3.0,79.05,0.00126,0.3,degraded
22.93,-30.18248,-30.55638,0.3739,-29.69753,-29.28574,-0.41178,2.9905,2.9951,79.48,0.00206,0.3,degraded
22.94,-30.08525,-30.51233,0.42708,-29.75629,-29.38913,-0.36715,2.9749,2.9923,79.31,0.00033,0.3,degraded
22.95,-29.98457,-30.46276,0.47819,-29.81231,-29.48833,-0.32397,2.9862,2.9969,78.93,0.00095,0.3,degraded
22.96,-29.88041,-30.41853,0.53812,-29.86559,-29.59277,-0.27282,2.987,3.0,78.93,0.00197,0.3,degraded
22.97,-29.77273,-30.36965,0.59692,-29.91615,-29.68935,-0.2268,2.9897,3.0,79.06,0.00037,0.3,degraded
22.98,-29.66149,-30.32794,0.66646,-29.96399,-29.79126,-0.17274,3.0164,2.9992,79.44,0.00402,0.3,degraded
22.99,-29.54666,-30.26227,0.71561,-30.00912,-29.88687,-0.12225,2.9842,3.0,79.34,0.00644,0.3,degraded
23.0,-29.4282,-30.18509,0.75688,-30.05154,-29.99144,-0.0601,3.0239,3.0,79.46,0.00133,0.3,degraded
23.01,-29.30609,-30.1012,0.79511,-30.09126,-30.08966,-0.0016,2.9985,3.0,79.22,0.01053,0.3,degraded
23.02,-29.1803,-30.01346,0.83316,-30.1283,-30.19176,0.06346,1.4854,2.9782,79.19,0.00959,0.3,degraded
23.03,-29.05079,-29.84441,0.79362,-30.16266,-30.28561,0.12295,2.997,2.9992,79.04,0.00694,0.3,degraded
23.04,-28.91753,-29.70086,0.78333,-30.19435,-30.3664,0.17205,3.0206,3.0,79.29,0.00643,0.3,degraded
23.05,-28.78051,-29.57097,0.79046,-30.22338,-30.43789,0.21451,3.0174,2.9884,79.21,0.01019,0.3,degraded
23.06,-28.63969,-29.46797,0.82828,-30.24976,-30.47958,0.22982,2.9884,2.9837,79.21,0.00618,0.3,degraded
23.07,-28.49505,-29.35229,0.85723,-30.27351,-30.50686,0.23335,2.9993,3.0,79.49,0.00185,0.3,degraded
23.08,-28.34658,-29.23597,0.88939,-30.29463,-30.53707,0.24244,2.9944,3.0,79.24,0.00251,0.3,degraded
23.09,-28.19424,-29.1097,0.91545,-30.31315,-30.55872,0.24557,2.9973,2.9933,79.47,0.00213,0.3,degraded
23.1,-28.03802,-28.98999,0.95197,-30.32906,-30.5823,0.25323,3.0301,3.0,79.04,0.00409,0.3,degraded
23.11,-27.87791,-28.82956,0.95165,-30.3424,-30.60015,0.25775,3.0137,3.0,79.69,0.00519,0.3,degraded
23.12,-27.71388,-28.67581,0.96193,-30.35316,-30.62243,0.26928,2.9963,2.9996,79.24,0.00507,0.3,degraded
23.13,-27.54593,-28.53286,0.98693,-30.36136,-30.6351,0.27374,3.0318,3.0,79.41,0.00044,0.3,degraded
23.14,-27.37403,-28.38142,1.00739,-30.36702,-30.65405,0.28703,3.0042,2.9745,79.44,0.00994,0.3,degraded
23.15,-27.19818,-28.21299,1.01481,-30.37016,-30.66888,0.29872,3.0103,3.0,79.25,0.00627,0.3,degraded
23.16,-27.01837,-28.00971,0.99135,-30.37079,-30.68781,0.31702,2.9797,2.9994,79.46,0.0033,0.3,degraded
23.17,-26.83458,-27.81683,0.98225,-30.36892,-30.7011,0.33218,3.0076,3.0,79.48,0.0054,0.3,degraded
23.18,-26.64681,-27.64697,1.00016,-30.36457,-30.72081,0.35623,2.9832,2.9995,79.26,0.00592,0.3,degraded
23.19,-26.45506,-27.49003,1.03496,-30.35777,-30.72921,0.37144,3.0064,3.0,79.27,0.01045,0.3,degraded
23.2,-26.25932,-27.29289,1.03357,-30.34852,-30.73543,0.3869,2.9986,2.9996,79.4,0.01065,0.3,degraded
23.21,-26.05959,-27.05159,0.99199,-30.33685,-30.72736,0.39051,3.0287,3.0,79.39,0.00613,0.3,degraded
23.22,-25.85587,-26.83468,0.97881,-30.32278,-30.72681,0.40403,3.0078,2.9934,79.63,0.00363,0.3,degraded
23.23,-25.64815,-26.62851,0.98036,-30.30631,-30.71911,0.4128,2.9709,3.0,79.54,0.0061,0.3,degraded
23.24,-25.43645,-26.44526,1.00881,-30.28748,-30.70922,0.42174,2.9906,3.0,79.44,0.00711,0.3,degraded
23.25,-25.22075,-26.27141,1.05066,-30.2663,-30.68882,0.42251,2.9981,3.0,79.55,0.00151,0.3,degraded
23.26,-25.00108,-26.10647,1.10539,-30.2428,-30.67252,0.42972,2.9897,3.0,79.17,0.00327,0.3,degraded
23.27,-24.77743,-25.92001,1.14258,-30.21698,-30.6524,0.43542,2.9791,2.9882,79.4,0.01286,0.3,degraded
23.28,-24.54982,-25.69097,1.14115,-30.18888,-30.62386,0.43498,3.0188,3.0,79.56,0.01076,0.3,degraded
23.29,-24.31825,-25.4102,1.09195,-30.15852,-30.5896,0.43108,3.0076,2.981,79.7,0.00548,0.3,degraded
23.3,-24.08273,-25.15674,1.074,-30.12591,-30.56596,0.44005,3.0194,2.9958,79.58,0.00553,0.3,degraded
23.31,-23.84329,-24.91438,1.0711,-30.09108,-30.53643,0.44535,3.0016,3.0,79.79,0.00659,0.3,degraded
23.32,-23.59992,-24.6938,1.09388,-30.05404,-30.49353,0.43949,3.0229,3.0,79.72,0.00685,0.3,degraded
23.33,-23.35265,-24.4876,1.13495,-30.01484,-30.43322,0.41839,3.0025,2.9847,79.53,0.00641,0.3,degraded
23.34,-23.1015,-24.30567,1.20417,-29.97348,-30.38303,0.40955,2.9782,2.9677,79.6,0.01472,0.3,degraded
23.35,-22.84649,-24.01001,1.16352,-29.92998,-30.32696,0.39697,2.9798,3.0,79.71,0.01459,0.3,degraded
23.36,-22.58763,-23.68488,1.09725,-29.88439,-30.27502,0.39064,3.0051,2.9745,79.6,0.00587,0.3,degraded
23.37,-22.32495,-23.37139,1.04644,-29.8367,-30.21595,0.37924,2.9801,3.0,79.92,0.00463,0.3,degraded
23.38,-22.05847,-23.08286,1.02439,-29.78696,-30.15911,0.37215,2.9849,2.9851,79.55,0.00457,0.3,degraded
23.39,-21.78822,-22.80573,1.01752,-29.73519,-30.09589,0.3607,3.0023,3.0,79.78,0.00614,0.3,degraded
23.4,-21.51422,-22.55312,1.0389,-29.68141,-30.0413,0.3599,3.0081,2.9887,79.87,0.0048,0.3,degraded
23.41,-21.2365,-22.31245,1.07595,-29.62564,-29.97994,0.3543,3.0052,2.9806,79.73,0.00455,0.3,degraded
23.42,-20.95509,-22.09799,1.1429,-29.56791,-29.92378,0.35587,2.9998,3.0,79.71,0.00607,0.3,degraded
23.43,-20.67003,-21.89627,1.22625,-29.50825,-29.86003,0.35177,3.0055,2.9979,79.8,0.0033,0.3,degraded
23.44,-20.38134,-21.71612,1.33478,-29.44669,-29.80388,0.35719,3.0032,2.9976,79.95,0.01214,0.3,degraded
23.45,-20.08905,-21.43954,1.35049,-29.38324,-29.74202,0.35879,2.9895,2.9942,79.78,0.01233,0.3,degraded
23.46,-19.79322,-21.14606,1.35284,-29.31794,-29.68628,0.36835,2.9766,3.0,79.71,0.00497,0.3,degraded
23.47,-19.49386,-20.86519,1.37133,-29.25081,-29.62591,0.37511,2.962,2.9704,80.07,0.00387,0.3,degraded
23.48,-19.19102,-20.60911,1.41809,-29.18187,-29.57174,0.38986,3.0088,2.9849,79.98,0.0057,0.3,degraded
23.49,-18.88474,-20.36456,1.47982,-29.11117,-29.50823,0.39706,2.9923,3.0,80.09,0.01582,0.3,degraded
23.5,-18.57506,-20.12478,1.54972,-29.03872,-29.4548,0.41608,0.2988,3.0,80.08,0.01469,0.3,degraded
23.51,-18.26202,-19.7416,1.47958,-28.96454,-29.40027,0.43573,3.0051,2.9922,80.32,0.00634,0.3,degraded
23.52,-17.94567,-19.38387,1.4382,-28.88868,-29.35667,0.468,3.005,2.9764,80.19,0.00494,0.3,degraded
23.53,-17.62605,-19.03889,1.41284,-28.81115,-29.3062,0.49505,2.9953,2.9904,79.94,0.00425,0.3,degraded
23.54,-17.3032,-18.71828,1.41508,-28.73198,-29.26204,0.53005,3.0131,3.0,80.14,0.0066,0.3,degraded
23.55,-16.97718,-18.40997,1.43279,-28.65121,-29.1989,0.54769,2.9943,2.9921,80.01,0.0071,0.3,degraded
23.56,-16.64803,-18.12662,1.47859,-28.56886,-29.14305,0.57419,3.0289,3.0,80.05,0.00336,0.3,degraded
23.57,-16.3158,-17.85594,1.54014,-28.48495,-29.07948,0.59453,3.0031,3.0,79.92,0.00747,0.3,degraded
23.58,-15.98055,-17.60548,1.62493,-28.39952,-29.01001,0.61049,3.0141,3.0,80.11,0.0059,0.3,degraded
23.59,-15.64233,-17.34165,1.69933,-28.3126,-28.91786,0.60526,2.9959,2.9817,80.26,0.01046,0.3,degraded
23.6,-15.30118,-17.07071,1.76953,-28.22421,-28.83282,0.60861,1.5142,3.0,80.2,0.00685,0.3,degraded
23.61,-14.95718,-16.72659,1.76942,-28.13438,-28.74159,0.6072,3.0157,2.9807,80.07,0.00508,0.3,degraded
23.62,-14.61036,-16.40631,1.79595,-28.04315,-28.65737,0.61422,3.0159,3.0,80.03,0.00332,0.3,degraded
23.63,-14.2608,-16.09626,1.83546,-27.95054,-28.56456,0.61402,2.9947,2.9933,80.61,0.00274,0.3,degraded
23.64,-13.90854,-15.79336,1.88483,-27.85658,-28.48115,0.62457,3.0034,2.9918,80.36,0.00347,0.3,degraded
23.65,-13.55364,-15.46564,1.91199,-27.76129,-28.39148,0.63019,3.0209,3.0,80.22,0.00786,0.3,degraded
23.66,-13.19618,-15.13139,1.93521,-27.66472,-28.30589,0.64117,3.0003,2.9916,80.44,0.00722,0.3,degraded
23.67,-12.8362,-14.73477,1.89857,-27.56688,-28.21395,0.64707,2.9848,2.9969,80.73,0.00592,0.3,degraded
23.68,-12.47378,-14.36409,1.89031,-27.46781,-28.12869,0.66088,3.01,2.9703,80.53,0.00485,0.3,degraded
23.69,-12.10896,-14.00603,1.89706,-27.36753,-28.03938,0.67185,2.9928,2.999,80.04,0.00415,0.3,degraded
23.7,-11.74183,-13.67026,1.92843,-27.26608,-27.95653,0.69045,3.0234,2.9953,80.89,0.00705,0.3,degraded
23.71,-11.37245,-13.34651,1.97406,-27.16349,-27.86164,0.69816,2.9858,3.0,80.24,0.00785,0.3,degraded
23.72,-11.00087,-12.95947,1.9586,-27.05978,-27.76563,0.70585,3.0037,2.9734,80.52,0.00671,0.3,degraded
23.73,-10.62717,-12.57533,1.94816,-26.95498,-27.66686,0.71188,3.0294,2.9942,80.41,0.00574,0.3,degraded
23.74,-10.25142,-12.21562,1.96421,-26.84912,-27.57706,0.72794,2.9703,3.0,80.5,0.00424,0.3,degraded
23.75,-9.87368,-11.86573,1.99205,-26.74224,-27.47689,0.73465,3.013,2.9795,80.68,0.00657,0.3,degraded
23.76,-9.49402,-11.51592,2.02189,-26.63436,-27.38036,0.746,3.0187,2.9852,80.36,0.00811,0.3,degraded
23.77,-9.11253,-11.11799,2.00546,-26.52551,-27.27132,0.74582,2.9919,3.0,80.69,0.0047,0.3,degraded
23.78,-8.72925,-10.74542,2.01616,-26.41571,-27.16733,0.75162,2.9845,2.9999,80.9,0.00303,0.3,degraded
23.79,-8.34428,-10.38309,2.03881,-26.30501,-27.05696,0.75195,2.998,3.0,80.63,0.01293,0.3,degraded
23.8,-7.95767,-10.03,2.07233,-26.19342,-26.95167,0.75825,0.7661,2.9976,80.59,0.01203,0.3,degraded
23.81,-7.56951,-9.56113,1.99162,-26.08098,-26.8397,0.75872,3.0049,3.0,80.81,0.00478,0.3,degraded
23.82,-7.17987,-9.1171,1.93723,-25.96771,-26.73288,0.76517,2.9952,2.9986,80.82,0.00591,0.3,degraded
23.83,-6.78882,-8.68513,1.89631,-25.85365,-26.62175,0.7681,3.0154,2.9988,80.81,0.00566,0.3,degraded
23.84,-6.39644,-8.27752,1.88108,-25.73882,-26.51717,0.77835,3.0054,2.9951,80.76,0.00406,0.3,degraded
23.85,-6.0028,-7.88025,1.87745,-25.62324,-26.40036,0.77711,3.0072,2.9981,81.04,0.00677,0.3,degraded
23.86,-5.60797,-7.50779,1.89981,-25.50696,-26.28862,0.78166,3.0111,2.9951,81.09,0.00738,0.3,degraded
23.87,-5.21205,-7.1506,1.93855,-25.39,-26.17018,0.78018,2.9763,2.9793,80.87,0.00436,0.3,degraded
23.88,-4.81509,-6.81821,2.00312,-25.27237,-26.05637,0.784,2.9978,2.9707,80.92,0.00814,0.3,degraded
23.89,-4.41719,-6.43167,2.01448,-25.15413,-25.92855,0.77442,3.0129,3.0,81.11,0.01189,0.3,degraded
23.9,-4.01841,-6.04153,2.02312,-25.03528,-25.79199,0.75671,2.9965,3.0,80.98,0.00583,0.3,degraded
23.91,-3.61884,-5.66417,2.04533,-24.91586,-25.64249,0.72664,2.9993,3.0,81.18,0.00859,0.3,degraded
23.92,-3.21855,-5.31168,2.09313,-24.79589,-25.51999,0.7241,2.9843,3.0,81.41,0.01237,0.3,degraded
23.93,-2.81763,-4.93432,2.11669,-24.67541,-25.40596,0.73055,3.0073,3.0,81.21,0.00779,0.3,degraded
23.94,-2.41615,-4.50736,2.09121,-24.55444,-25.30022,0.74578,3.0137,2.9936,81.07,0.01001,0.3,degraded
23.95,-2.01419,-4.09563,2.08144,-24.433,-25.1812,0.7482,2.9775,2.9983,81.35,0.00792,0.3,degraded
23.96,-1.61183,-3.70699,2.09516,-24.31113,-25.04045,0.72932,2.9803,3.0,81.3,0.008,0.3,degraded
23.97,-1.20915,-3.32756,2.11841,-24.18884,-24.9157,0.72686,2.9946,3.0,81.33,0.00556,0.3,degraded
23.98,-0.80624,-2.97114,2.16491,-24.06617,-24.80985,0.74368,3.0008,2.979,81.46,0.00547,0.3,degraded
23.99,-0.40316,-2.57394,2.17078,-23.94314,-24.69813,0.75499,3.0036,2.9796,81.52,0.00488,0.3,degraded
24.0,-0.0,-2.18341,2.18341,-23.81978,-24.5852,0.76542,2.9596,3.0,81.46,0.00453,0.3,degraded
24.01,0.40316,-1.80377,2.20692,-23.6961,-24.46611,0.77001,2.9928,3.0,81.47,0.0083,0.3,degraded
24.02,0.80624,-1.36135,2.16759,-23.57215,-24.35702,0.78487,2.9922,2.9998,81.83,0.00598,0.3,degraded
24.03,1.20915,-0.92167,2.13082,-23.44794,-24.23783,0.7899,3.026,3.0,81.73,0.00478,0.3,degraded
24.04,1.61183,-0.50741,2.11925,-23.32349,-24.11391,0.79042,2.9861,2.9885,81.71,0.00574,0.3,degraded
24.05,2.01419,-0.10686,2.12105,-23.19883,-23.9945,0.79567,2.9729,2.9719,81.64,0.01087,0.3,degraded
24.06,2.41615,0.26948,2.14667,-23.07399,-23.81277,0.73878,2.9984,2.9959,81.5,0.00793,0.3,degraded
24.07,2.81763,0.64021,2.17742,-22.94899,-23.62573,0.67674,2.9006,2.9863,81.86,0.02172,0.3,degraded
24.08,3.21855,1.11728,2.10127,-22.82384,-23.46756,0.64372,2.9813,2.9956,81.75,0.01472,0.3,degraded
24.09,3.61884,1.59753,2.02131,-22.69859,-23.32699,0.6284,2.9834,2.9903,81.68,0.01237,0.3,degraded
24.1,4.01841,2.0439,1.97451,-22.57324,-23.2141,0.64087,3.0106,3.0,81.77,0.00658,0.3,degraded
24.11,4.41719,2.47856,1.93863,-22.44782,-23.10074,0.65293,2.9867,2.9998,81.69,0.0044,0.3,degraded
24.12,4.81509,2.88998,1.92511,-22.32235,-22.99422,0.67187,2.9878,3.0,82.03,0.00428,0.3,degraded
24.13,5.21205,3.28839,1.92365,-22.19685,-22.88192,0.68507,2.9858,2.997,82.01,0.00597,0.3,degraded
24.14,5.60797,3.65932,1.94865,-22.07135,-22.77507,0.70372,3.018,2.9963,81.96,0.00522,0.3,degraded
24.15,6.0028,4.01743,1.98537,-21.94587,-22.66229,0.71643,2.9852,3.0,81.96,0.00419,0.3,degraded
24.16,6.39644,4.35153,2.0449,-21.82042,-22.55787,0.73745,3.0106,2.9881,81.89,0.0146,0.3,degraded
24.17,6.78882,4.81983,1.96899,-21.69503,-22.45163,0.7566,3.0084,3.0,81.71,0.01386,0.3,degraded
24.18,7.17987,5.28022,1.89965,-21.56972,-22.35066,0.78094,3.0247,3.0,81.85,0.00425,0.3,degraded
24.19,7.56951,5.72669,1.84283,-21.4445,-22.23881,0.79431,3.0028,3.0,81.99,0.00589,0.3,degraded
24.2,7.95767,6.14546,1.81221,-21.3194,-22.13161,0.81221,2.9812,3.0,82.0,0.00641,0.3,degraded
24.21,8.34428,6.55008,1.7942,-21.19443,-22.01078,0.81635,3.0301,3.0,82.21,0.01507,0.3,degraded
24.22,8.72925,6.92865,1.80061,-21.06962,-21.83458,0.76496,2.9925,3.0,82.32,0.01338,0.3,degraded
24.23,9.11253,7.29236,1.82017,-20.94498,-21.62521,0.68023,3.0335,3.0,82.22,0.01014,0.3,degraded
24.24,9.49402,7.63198,1.86204,-20.82053,-21.44582,0.62529,2.9958,3.0,82.48,0.00789,0.3,degraded
24.25,9.87368,7.95892,1.91476,-20.69629,-21.28232,0.58603,2.9908,2.9902,82.18,0.00849,0.3,degraded
24.26,10.25142,8.28097,1.97045,-20.57227,-21.15015,0.57789,3.0069,3.0,82.31,0.00901,0.3,degraded
24.27,10.62717,8.64108,1.98609,-20.44848,-21.03072,0.58224,2.9952,2.9966,82.35,0.00652,0.3,degraded
24.28,11.00087,8.976,2.02487,-20.32496,-20.92607,0.60111,3.0076,3.0,82.55,0.01412,0.3,degraded
24.29,11.37245,9.37954,1.99291,-20.20171,-20.81472,0.61302,2.987,2.9888,82.44,0.01527,0.3,degraded
24.3,11.74183,9.84313,1.89871,-20.07874,-20.71347,0.63473,2.9995,3.0,82.48,0.0048,0.3,degraded
24.31,12.10896,10.29279,1.81617,-19.95608,-20.60299,0.64691,2.9978,3.0,82.25,0.00495,0.3,degraded
24.32,12.47378,10.71851,1.75527,-19.83373,-20.49954,0.66582,2.9818,3.0,82.39,0.0049,0.3,degraded
24.33,12.8362,11.13255,1.70365,-19.71171,-20.38788,0.67617,2.988,3.0,82.73,0.00432,0.3,degraded
24.34,13.19618,11.52322,1.67296,-19.59004,-20.28248,0.69244,2.9883,3.0,82.28,0.00446,0.3,degraded
24.35,13.55364,11.90278,1.65087,-19.46872,-20.1731,0.70438,3.0262,3.0,82.83,0.00578,0.3,degraded
24.36,13.90854,12.25725,1.65129,-19.34777,-20.0705,0.72273,3.0017,3.0,82.73,0.00445,0.3,degraded
24.37,14.2608,12.60144,1.65936,-19.2272,-19.96479,0.73759,3.0202,2.9951,82.57,0.00467,0.3,degraded
24.38,14.61036,12.92188,1.68848,-19.10703,-19.86956,0.76253,3.0235,3.0,82.58,0.00579,0.3,degraded
24.39,14.95718,13.23047,1.72671,-18.98726,-19.76865,0.78139,2.9869,3.0,83.02,0.00548,0.3,degraded
24.4,15.30118,13.51603,1.78516,-18.86791,-19.67139,0.80348,2.9972,2.9754,82.97,0.00441,0.3,degraded
24.41,15.64233,13.79277,1.84956,-18.74898,-19.55818,0.8092,3.017,3.0,82.77,0.01103,0.3,degraded
24.42,15.98055,14.16418,1.81637,-18.63049,-19.45136,0.82086,2.9848,3.0,82.84,0.00983,0.3,degraded
24.43,16.3158,14.53115,1.78465,-18.51245,-19.34166,0.82921,3.0034,2.9968,82.75,0.00531,0.3,degraded
24.44,16.64803,14.87511,1.77292,-18.39486,-19.23294,0.83808,3.0167,2.9843,82.9,0.00579,0.3,degraded
24.45,16.97718,15.2087,1.76847,-18.27773,-19.11164,0.8339,2.9789,3.0,82.8,0.00671,0.3,degraded
24.46,17.3032,15.51599,1.78721,-18.16108,-18.97767,0.81659,2.9984,3.0,82.92,0.00476,0.3,degraded
24.47,17.62605,15.81236,1.81369,-18.0449,-18.84053,0.79563,3.0033,3.0,83.23,0.00623,0.3,degraded
24.48,17.94567,16.09344,1.85223,-17.92921,-18.7317,0.80249,3.006,3.0,82.97,0.00989,0.3,degraded
24.49,18.26202,16.39085,1.87117,-17.81401,-18.61953,0.80552,1.7558,2.9895,82.86,0.00405,0.3,degraded
24.5,18.57506,16.73245,1.84261,-17.69931,-18.51369,0.81438,2.9753,2.986,82.84,0.00536,0.3,degraded
24.51,18.88474,17.06319,1.82155,-17.58512,-18.40154,0.81642,2.9876,3.0,83.09,0.00457,0.3,degraded
24.52,19.19102,17.37104,1.81998,-17.47144,-18.29451,0.82307,2.9698,2.9945,82.98,0.0049,0.3,degraded
24.53,19.49386,17.66549,1.82837,-17.35827,-18.16289,0.80462,2.9878,2.9887,83.16,0.01359,0.3,degraded
24.54,19.79322,18.04718,1.74603,-17.24562,-18.05488,0.80926,3.0077,2.9882,82.92,0.01544,0.3,degraded
24.55,20.08905,18.46429,1.62476,-17.13349,-17.93883,0.80534,2.984,3.0,83.29,0.00742,0.3,degraded
24.56,20.38134,18.85567,1.52567,-17.0219,-17.81569,0.7938,2.9734,2.9914,83.07,0.00809,0.3,degraded
24.57,20.67003,19.21689,1.45314,-16.91083,-17.67849,0.76766,2.9882,3.0,83.26,0.01073,0.3,degraded
24.58,20.95509,19.55261,1.40248,-16.80029,-17.56805,0.76776,3.0011,2.9867,83.23,0.00564,0.3,degraded
24.59,21.2365,19.87495,1.36155,-16.69029,-17.45422,0.76392,3.0198,2.989,83.57,0.00492,0.3,degraded
24.6,21.51422,20.17373,1.34049,-16.58083,-17.34976,0.76893,3.0077,2.9845,83.36,0.00631,0.3,degraded
24.61,21.78822,20.46174,1.32647,-16.4719,-17.23561,0.76371,3.0057,3.0,83.65,0.00394,0.3,degraded
24.62,22.05847,20.72539,1.33308,-16.36352,-17.12748,0.76396,2.9877,3.0,83.47,0.00573,0.3,degraded
24.63,22.32495,20.97754,1.34741,-16.25567,-17.01512,0.75945,3.0073,3.0,83.62,0.00598,0.3,degraded
24.64,22.58763,21.2066,1.38103,-16.14835,-16.91136,0.76301,3.0008,3.0,83.4,0.0063,0.3,degraded
24.65,22.84649,21.42704,1.41945,-16.04158,-16.79602,0.75444,3.0097,3.0,83.5,0.00613,0.3,degraded
24.66,23.1015,21.63104,1.47047,-15.93534,-16.68128,0.74594,1.7041,3.0,83.66,0.00799,0.3,degraded
24.67,23.35265,21.89448,1.45817,-15.82964,-16.56888,0.73924,2.9996,2.9909,83.64,0.00519,0.3,degraded
24.68,23.59992,22.13337,1.46655,-15.72447,-16.46303,0.73856,2.9924,2.997,83.6,0.00503,0.3,degraded
24.69,23.84329,22.35843,1.48485,-15.61983,-16.35408,0.73425,3.0138,3.0,83.49,0.00461,0.3,degraded
24.7,24.08273,22.5898,1.49293,-15.51572,-16.25056,0.73484,3.0146,2.9913,83.54,0.00348,0.3,degraded
24.71,24.31825,22.84059,1.47766,-15.41213,-16.13973,0.7276,2.9996,2.9928,83.76,0.00392,0.3,degraded
24.72,24.54982,23.06523,1.48458,-15.30907,-16.03621,0.72715,3.0078,3.0,83.81,0.00317,0.3,degraded
24.73,24.77743,23.30472,1.47271,-15.20652,-15.92619,0.71967,2.9817,3.0,83.55,0.00269,0.3,degraded
24.74,25.00108,23.54665,1.45443,-15.10448,-15.81948,0.715,3.003,3.0,83.55,0.00436,0.3,degraded
24.75,25.22075,23.778,1.44275,-15.00294,-15.70693,0.70399,3.0027,3.0,83.54,0.00913,0.3,degraded
24.76,25.43645,23.9964,1.44005,-14.90191,-15.6009,0.69899,1.3606,2.9958,83.83,0.00857,0.3,degraded
24.77,25.64815,24.29675,1.3514,-14.80138,-15.48858,0.68721,2.9922,3.0,83.59,0.00423,0.3,degraded
24.78,25.85587,24.57314,1.28273,-14.70133,-15.38229,0.68096,2.9997,2.9862,83.88,0.00572,0.3,degraded
24.79,26.05959,24.83814,1.22145,-14.60176,-15.27169,0.66993,2.9974,3.0,83.86,0.0052,0.3,degraded
24.8,26.25932,25.07963,1.1797,-14.50267,-15.16689,0.66422,3.0315,2.978,83.72,0.00451,0.3,degraded
24.81,26.45506,25.30754,1.14752,-14.40405,-15.05385,0.64981,2.9982,2.9713,84.06,0.00549,0.3,degraded
24.82,26.64681,25.51186,1.13496,-14.30588,-14.9483,0.64242,2.9978,3.0,83.62,0.00518,0.3,degraded
24.83,26.83458,25.70331,1.13127,-14.20817,-14.83426,0.62609,3.0012,3.0,84.11,0.00381,0.3,degraded
24.84,27.01837,25.87011,1.14826,-14.1109,-14.73021,0.61932,2.9873,3.0,83.93,0.0015,0.3,degraded
24.85,27.19818,26.04443,1.15375,-14.01406,-14.62048,0.60643,2.9953,3.0,83.59,0.00159,0.3,degraded
24.86,27.37403,26.21343,1.1606,-13.91764,-14.51825,0.6006,3.0241,2.9935,84.16,0.00146,0.3,degraded
24.87,27.54593,26.3944,1.15153,-13.82164,-14.40873,0.58709,3.034,2.9759,84.08,0.00279,0.3,degraded
24.88,27.71388,26.57489,1.13899,-13.72604,-14.3077,0.58166,2.9933,3.0,83.89,0.00529,0.3,degraded
24.89,27.87791,26.74374,1.13417,-13.63083,-14.19904,0.56821,2.9792,3.0,83.83,0.00066,0.3,degraded
24.9,28.03802,26.92371,1.11432,-13.53601,-14.09621,0.5602,2.9892,3.0,83.76,0.00181,0.3,degraded
24.91,28.19424,27.10051,1.09373,-13.44155,-13.98981,0.54826,3.0288,3.0,84.37,0.00511,0.3,degraded
24.92,28.34658,27.25985,1.08673,-13.34746,-13.88905,0.54159,2.0478,3.0,83.89,0.00286,0.3,degraded
24.93,28.49505,27.46219,1.03286,-13.25371,-13.78126,0.52755,2.99,3.0,83.86,0.00472,0.3,degraded
24.94,28.63969,27.63988,0.99981,-13.16029,-13.67922,0.51892,3.0139,2.9982,84.11,0.00592,0.3,degraded
24.95,28.78051,27.8063,0.9742,-13.0672,-13.56981,0.50261,3.0001,2.9829,83.84,0.00432,0.3,degraded
24.96,28.91753,27.94886,0.96867,-12.97441,-13.46611,0.4917,3.0235,2.9866,83.95,0.00513,0.3,degraded
24.97,29.05079,28.13171,0.91908,-12.88192,-13.35353,0.47161,3.0245,2.9881,84.27,0.0065,0.3,degraded
24.98,29.1803,28.31394,0.86636,-12.78971,-13.24559,0.45588,3.0231,2.9866,84.21,0.00373,0.3,degraded
24.99,29.30609,28.48482,0.82127,-12.69777,-13.13253,0.43476,3.0073,2.9665,84.1,0.00438,0.3,degraded
25.0,29.4282,28.62995,0.79825,-12.60608,-13.02871,0.42263,3.0004,3.0,84.18,0.00612,0.3,degraded
25.01,29.54666,28.76431,0.78235,-12.51463,-12.91577,0.40114,2.991,3.0,84.12,0.00415,0.3,degraded
25.02,29.66149,28.87128,0.79021,-12.4234,-12.80988,0.38648,2.9808,2.9949,84.19,0.00439,0.3,degraded
25.03,29.77273,29.00678,0.76595,-12.33238,-12.69859,0.36621,3.0179,2.9793,84.11,0.0065,0.3,degraded
25.04,29.88041,29.15631,0.7241,-12.24155,-12.59436,0.35281,3.0139,2.9732,84.15,0.00475,0.3,degraded
25.05,29.98457,29.29226,0.69231,-12.1509,-12.48607,0.33517,2.9938,2.9947,84.16,0.00447,0.3,degraded
25.06,30.08525,29.40246,0.68279,-12.06041,-12.38342,0.32301,3.0075,2.9939,84.16,0.00517,0.3,degraded
25.07,30.18248,29.50228,0.6802,-11.97007,-12.27381,0.30374,2.9773,2.9857,84.44,0.00148,0.3,degraded
25.08,30.27631,29.59048,0.68583,-11.87986,-12.17229,0.29243,2.9973,2.9788,84.41,0.00072,0.3,degraded
25.09,30.36677,29.68536,0.68141,-11.78975,-12.06426,0.2745,2.9994,3.0,84.17,0.00211,0.3,degraded
25.1,30.45392,29.77363,0.68028,-11.69974,-11.96359,0.26384,2.9872,2.9961,84.14,0.00109,0.3,degraded
25.11,30.53778,29.86889,0.66889,-11.60981,-11.8582,0.24838,2.9921,3.0,84.31,0.0,0.3,degraded
25.12,30.6184,29.95779,0.66061,-11.51994,-11.7588,0.23886,2.988,3.0,84.67,0.0031,0.3,degraded
25.13,30.69584,30.05249,0.64335,-11.43012,-11.64973,0.21962,3.0248,2.9995,84.21,0.00238,0.3,degraded
25.14,30.77013,30.1378,0.63233,-11.34031,-11.54326,0.20295,3.0113,3.0,84.35,0.00052,0.3,degraded
25.15,30.84133,30.22576,0.61556,-11.25052,-11.42944,0.17892,2.9849,2.9976,84.4,0.00245,0.3,degraded
25.16,30.90948,30.30545,0.60402,-11.16071,-11.32563,0.16491,3.0048,3.0,84.39,0.00115,0.3,degraded
25.17,30.97463,30.39078,0.58385,-11.07088,-11.21656,0.14568,3.0035,2.9831,84.35,0.0,0.3,degraded
25.18,31.03683,30.46838,0.56846,-10.981,-11.11357,0.13257,2.9934,3.0,84.6,0.0016,0.3,degraded
25.19,31.09615,30.55528,0.54087,-10.89105,-11.00466,0.11361,2.9964,3.0,84.51,0.00155,0.3,degraded
25.2,31.15262,30.63586,0.51676,-10.80102,-10.90144,0.10042,3.0061,3.0,84.58,0.00041,0.3,degraded
25.21,31.2063,30.72537,0.48093,-10.71088,-10.79045,0.07956,2.9983,3.0,84.56,0.00159,0.3,degraded
25.22,31.25725,30.80698,0.45027,-10.62062,-10.68619,0.06557,3.0201,2.998,84.62,0.00252,0.3,degraded
25.23,31.30552,30.89238,0.41315,-10.53022,-10.57753,0.04731,2.9988,3.0,84.74,0.00029,0.3,degraded
25.24,31.35118,30.97008,0.3811,-10.43966,-10.47618,0.03652,2.995,2.9947,84.71,0.0015,0.3,degraded
25.25,31.39426,31.05335,0.34091,-10.34891,-10.3678,0.01889,3.0133,3.0,84.88,0.00224,0.3,degraded
25.26,31.43485,31.13014,0.3047,-10.25797,-10.26338,0.00541,2.9987,3.0,84.72,0.00153,0.3,degraded
25.27,31.47298,31.21238,0.2606,-10.16681,-10.16233,-0.00448,2.9955,2.9933,84.45,0.00244,0.3,degraded
25.28,31.50873,31.28855,0.22018,-10.0754,-10.07404,-0.00137,2.9948,3.0,84.69,0.00223,0.3,degraded
25.29,31.54215,31.37079,0.17136,-9.98374,-9.98011,-0.00363,2.9738,3.0,84.69,0.0005,0.3,degraded
25.3,31.57331,31.44836,0.12495,-9.8918,-9.894,0.0022,3.0047,3.0,84.88,0.00122,0.3,degraded
25.31,31.60226,31.5311,0.07116,-9.79956,-9.80159,0.00202,3.0006,2.9912,84.46,0.00246,0.3,degraded
25.32,31.62908,31.60794,0.02113,-9.70701,-9.7165,0.00949,3.015,3.0,84.7,0.00194,0.3,degraded
25.33,31.65381,31.68659,-0.03278,-9.61411,-9.62974,0.01563,2.9934,2.9955,84.53,0.00155,0.3,degraded
25.34,31.67653,31.75705,-0.08053,-9.52086,-9.55442,0.03357,3.0017,3.0,84.72,0.00252,0.3,degraded
25.35,31.6973,31.83258,-0.13529,-9.42723,-9.47197,0.04474,3.014,3.0,84.63,0.001,0.3,degraded
25.36,31.71618,31.89998,-0.1838,-9.3332,-9.39697,0.06377,3.0133,3.0,84.74,0.00292,0.3,degraded
25.37,31.73324,31.96573,-0.23249,-9.23875,-9.31467,0.07592,2.9856,2.9672,84.47,0.00431,0.3,degraded
25.38,31.74855,32.01065,-0.2621,-9.14386,-9.2407,0.09684,2.9941,3.0,84.82,0.00308,0.3,degraded
25.39,31.76217,32.04971,-0.28754,-9.04852,-9.16036,0.11184,3.0264,3.0,84.75,0.00262,0.3,degraded
25.4,31.77417,32.07349,-0.29932,-8.9527,-9.08819,0.13549,2.9778,2.9997,84.76,0.00222,0.3,degraded
25.41,31.78461,32.1041,-0.31948,-8.85638,-9.0117,0.15532,2.9896,3.0,85.0,0.00187,0.3,degraded
25.42,31.79357,32.1222,-0.32863,-8.75954,-8.94041,0.18086,3.0034,2.9982,84.71,0.00114,0.3,degraded
25.43,31.8011,32.13936,-0.33826,-8.66217,-8.86446,0.2023,3.0055,2.9993,84.83,0.00304,0.3,degraded
25.44,31.80729,32.14964,-0.34236,-8.56424,-8.79706,0.23283,2.9926,2.9932,84.81,0.00453,0.3,degraded
25.45,31.81218,32.1506,-0.33842,-8.46573,-8.72742,0.26169,2.9854,3.0,84.84,0.00332,0.3,degraded
25.46,31.81587,32.13441,-0.31855,-8.36662,-8.66832,0.30169,3.0071,3.0,85.0,0.00178,0.3,degraded
25.47,31.8184,32.12378,-0.30538,-8.26691,-8.60191,0.335,3.0031,2.9945,84.86,0.00158,0.3,degraded
25.48,31.81986,32.10577,-0.28592,-8.16655,-8.54104,0.37449,2.9755,2.9995,84.78,4e-05,0.3,degraded
25.49,31.8203,32.09348,-0.27317,-8.06554,-8.47196,0.40642,3.0098,3.0,85.0,0.00279,0.3,degraded
25.5,31.81981,32.07388,-0.25407,-7.96386,-8.41359,0.44973,2.9988,3.0,84.86,0.00115,0.3,degraded
25.51,31.81844,32.0601,-0.24167,-7.86148,-8.34916,0.48767,3.0158,3.0,84.68,0.0,0.3,degraded
25.52,31.81627,32.04108,-0.22481,-7.7584,-8.29044,0.53204,3.0191,3.0,84.83,0.00249,0.3,degraded
25.53,31.81336,32.02609,-0.21273,-7.65458,-8.22926,0.57467,2.995,3.0,84.77,0.00187,0.3,degraded
25.54,31.80979,32.0023,-0.19251,-7.55002,-8.17203,0.62202,3.0011,2.9962,84.7,2e-05,0.3,degraded
25.55,31.80562,31.98598,-0.18036,-7.44468,-8.10925,0.66457,2.9977,3.0,84.94,0.00187,0.3,degraded
25.56,31.80092,31.96601,-0.16509,-7.33857,-8.05212,0.71355,3.0095,2.9843,85.0,0.00284,0.3,degraded
25.57,31.79577,31.95379,-0.15802,-7.23165,-7.98848,0.75683,2.9837,3.0,85.0,0.00067,0.3,degraded
25.58,31.79022,31.93674,-0.14652,-7.1239,-7.92622,0.80231,3.0033,2.9949,85.0,0.00097,0.3,degraded
25.59,31.78435,31.92822,-0.14387,-7.01532,-7.85922,0.8439,3.0036,3.0,85.0,0.00161,0.3,degraded
25.6,31.77822,31.91324,-0.13502,-6.90588,-7.79909,0.8932,2.9743,2.9995,84.94,0.0,0.3,degraded
25.61,31.77191,31.90466,-0.13275,-6.79557,-7.73251,0.93695,3.0013,2.9743,85.0,0.00163,0.3,degraded
25.62,31.76548,31.89179,-0.12631,-6.68437,-7.6748,0.99044,3.0161,2.9911,85.0,0.00303,0.3,degraded
25.63,31.75899,31.88815,-0.12915,-6.57225,-7.61681,1.04456,3.0235,3.0,85.0,0.00115,0.3,degraded
25.64,31.75252,31.87295,-0.12042,-6.45922,-7.55832,1.0991,3.0208,2.978,85.0,0.00398,0.3,degraded
25.65,31.74613,31.86244,-0.11631,-6.34524,-7.47995,1.13472,3.0227,2.9857,84.97,0.00366,0.3,degraded
25.66,31.73989,31.84534,-0.10545,-6.2303,-7.39953,1.16923,2.9989,2.9907,85.0,0.00287,0.3,degraded
25.67,31.73386,31.83433,-0.10047,-6.11439,-7.29773,1.18334,2.9912,3.0,85.0,0.00344,0.3,degraded
25.68,31.7281,31.8153,-0.0872,-5.9975,-7.19165,1.19416,3.0008,2.9851,85.0,0.00208,0.3,degraded
25.69,31.72268,31.80317,-0.08049,-5.87959,-7.08021,1.20062,2.9999,2.9902,85.0,0.00054,0.3,degraded
25.7,31.71768,31.78421,-0.06654,-5.76067,-6.97712,1.21645,3.0232,3.0,85.0,0.00138,0.3,degraded
25.71,31.71313,31.77062,-0.05748,-5.64072,-6.86433,1.22361,3.0162,3.0,85.0,0.00646,0.3,degraded
25.72,31.70912,31.74981,-0.04068,-5.51971,-6.73891,1.2192,2.9909,2.9811,85.0,0.0033,0.3,degraded
25.73,31.70571,31.73504,-0.02933,-5.39765,-6.59367,1.19603,2.9915,3.0,85.0,0.0041,0.3,degraded
25.74,31.70295,31.71608,-0.01313,-5.2745,-6.47227,1.19777,3.0168,2.9834,85.0,0.00537,0.3,degraded
25.75,31.7009,31.70016,0.00074,-5.15027,-6.30942,1.15915,3.0102,2.9853,85.0,0.00367,0.3,degraded
25.76,31.69963,31.67673,0.0229,-5.02493,-6.16105,1.13612,3.0207,2.9981,85.0,0.00478,0.3,degraded
25.77,31.6992,31.66132,0.03788,-4.89848,-6.02678,1.1283,3.0041,3.0,85.0,0.00441,0.3,degraded
25.78,31.69965,31.64018,0.05947,-4.77089,-5.91635,1.14546,3.0026,2.9983,85.0,0.00193,0.3,degraded
25.79,31.70106,31.62755,0.07351,-4.64217,-5.79534,1.15317,3.0038,2.9963,85.0,0.00179,0.3,degraded
25.8,31.70348,31.60796,0.09552,-4.51229,-5.67309,1.1608,3.0108,3.0,85.0,0.00613,0.3,degraded
25.81,31.70697,31.59267,0.11429,-4.38124,-5.53453,1.15329,3.0134,2.983,85.0,0.00201,0.3,degraded
25.82,31.71157,31.56961,0.14196,-4.24902,-5.39971,1.15069,2.9961,2.9908,85.0,0.00046,0.3,degraded
25.83,31.71735,31.55197,0.16537,-4.11562,-5.25122,1.13561,3.0075,2.9993,85.0,0.00185,0.3,degraded
25.84,31.72435,31.52973,0.19462,-3.98101,-5.12205,1.14104,3.0036,3.0,85.0,0.00253,0.3,degraded
25.85,31.73263,31.5133,0.21933,-3.8452,-4.97877,1.13357,3.0028,3.0,85.0,0.00077,0.3,degraded
25.86,31.74225,31.49164,0.25061,-3.70817,-4.84361,1.13544,2.9827,3.0,85.0,0.00348,0.3,degraded
25.87,31.75325,31.47795,0.2753,-3.56991,-4.66917,1.09926,3.0064,2.9885,85.0,0.00428,0.3,degraded
25.88,31.76567,31.4551,0.31058,-3.43042,-4.50886,1.07844,3.0116,3.0,85.0,0.00486,0.3,degraded
25.89,31.77958,31.43729,0.34229,-3.28968,-4.36278,1.07309,3.0027,2.9883,85.0,0.00296,0.3,degraded
25.9,31.79502,31.41367,0.38135,-3.1477,-4.23302,1.08532,2.9882,3.0,85.0,0.00636,0.3,degraded
25.91,31.81202,31.42636,0.38566,-3.00445,-4.0992,1.09475,3.0226,2.9929,85.0,0.00932,0.3,degraded
25.92,31.83065,31.4348,0.39585,-2.85993,-3.89102,1.03108,2.9739,3.0,85.0,0.00638,0.3,degraded
25.93,31.85094,31.45011,0.40083,-2.71414,-3.69981,0.98567,3.0066,2.9988,85.0,0.00764,0.3,degraded
25.94,31.87293,31.45767,0.41526,-2.56707,-3.54317,0.9761,3.0019,2.9891,85.0,0.00498,0.3,degraded
25.95,31.89667,31.47152,0.42516,-2.41872,-3.40451,0.98579,2.99,3.0,85.0,0.00454,0.3,degraded
25.96,31.9222,31.47856,0.44364,-2.26907,-3.29171,1.02264,3.0025,3.0,85.0,0.00587,0.3,degraded
25.97,31.94955,31.50012,0.44943,-2.11812,-3.13736,1.01923,3.0106,3.0,85.0,0.00315,0.3,degraded
25.98,31.97877,31.53266,0.4461,-1.96588,-3.01132,1.04544,2.9784,3.0,85.0,0.00248,0.3,degraded
25.99,32.00989,31.5722,0.43768,-1.81232,-2.84249,1.03017,3.009,2.9908,85.0,0.00351,0.3,degraded
26.0,32.04294,31.60353,0.43941,-1.65746,-2.70217,1.0447,3.0107,3.0,85.0,0.00838,0.3,degraded
26.01,32.07796,31.63985,0.43812,-1.50129,-2.55091,1.04962,2.9779,2.9807,85.0,0.00803,0.3,degraded
26.02,32.11499,31.67199,0.443,-1.3438,-2.33441,0.99061,2.9894,3.0,85.0,0.00696,0.3,degraded
26.03,32.15406,31.71092,0.44314,-1.18499,-2.13539,0.9504,3.0052,2.9978,85.0,0.00553,0.3,degraded
26.04,32.19518,31.74347,0.45171,-1.02486,-1.96725,0.94239,2.9915,2.9998,85.0,0.00548,0.3,degraded
26.05,32.23841,31.78182,0.45659,-0.86341,-1.81812,0.95471,2.9862,3.0,85.0,0.00604,0.3,degraded
26.06,32.28375,31.81325,0.4705,-0.70063,-1.69508,0.99445,2.9678,3.0,85.0,0.00833,0.3,degraded
26.07,32.33124,31.8726,0.45864,-0.53654,-1.53304,0.9965,2.9936,2.9974,85.0,0.00718,0.3,degraded
26.08,32.38091,31.93347,0.44744,-0.37112,-1.36516,0.99404,2.9932,3.0,85.0,0.00749,0.3,degraded
26.09,32.43276,31.99812,0.43465,-0.20438,-1.21382,1.00944,3.0174,2.9703,85.0,0.00515,0.3,degraded
26.1,32.48684,32.05498,0.43187,-0.03631,-1.09092,1.05461,2.9991,3.0,85.0,0.00279,0.3,degraded
26.11,32.54316,32.11601,0.42715,0.13307,-0.92665,1.05972,3.0007,2.9927,85.0,0.00396,0.3,degraded
26.12,32.60173,32.17014,0.43158,0.30377,-0.77773,1.0815,2.9828,3.0,85.0,0.00491,0.3,degraded
26.13,32.66258,32.23236,0.43022,0.47579,-0.61315,1.08894,2.9914,3.0,85.0,0.0037,0.3,degraded
26.14,32.72571,32.28924,0.43647,0.64912,-0.42853,1.07765,3.0161,3.0,85.0,0.00659,0.3,degraded
26.15,32.79116,32.35017,0.44099,0.82376,-0.25778,1.08154,3.0167,3.0,85.0,0.00582,0.3,degraded
26.16,32.85892,32.40246,0.45646,0.9997,-0.11649,1.1162,2.9917,3.0,85.0,0.00604,0.3,degraded
26.17,32.92901,32.45904,0.46998,1.17695,0.09704,1.07991,3.0044,3.0,85.0,0.00856,0.3,degraded
26.18,33.00145,32.50593,0.49552,1.35549,0.30373,1.05176,3.0168,2.9967,85.0,0.00988,0.3,degraded
26.19,33.07623,32.59647,0.47976,1.53533,0.49389,1.04143,3.0043,3.0,85.0,0.00812,0.3,degraded
26.2,33.15337,32.67879,0.47458,1.71645,0.65343,1.06301,2.9851,3.0,85.0,0.00749,0.3,degraded
26.21,33.23287,32.76652,0.46636,1.89884,0.79527,1.10357,3.0118,3.0,85.0,0.01366,0.3,degraded
26.22,33.31474,32.84672,0.46802,2.08251,1.04396,1.03855,3.0094,3.0,85.0,0.01271,0.3,degraded
26.23,33.39898,32.93216,0.46683,2.26744,1.3095,0.95794,2.9988,3.0,85.0,0.00664,0.3,degraded
26.24,33.4856,33.01038,0.47522,2.45363,1.54622,0.90741,3.0045,2.9994,85.0,0.00631,0.3,degraded
26.25,33.57458,33.09941,0.47516,2.64107,1.76679,0.87428,2.9957,3.0,85.0,0.00399,0.3,degraded
26.26,33.66593,33.18233,0.4836,2.82974,1.96021,0.86953,3.0173,3.0,85.0,0.0056,0.3,degraded
26.27,33.75965,33.26932,0.49033,3.01965,2.14091,0.87873,3.0356,3.0,85.0,0.00654,0.3,degraded
26.28,33.85573,33.34926,0.50647,3.21077,2.29461,0.91616,3.0097,3.0,85.0,0.00473,0.3,degraded
26.29,33.95416,33.43586,0.5183,3.4031,2.4316,0.9715,2.9983,2.991,85.0,0.00447,0.3,degraded
26.3,34.05494,33.51768,0.53727,3.59664,2.54241,1.05423,3.0096,2.9863,85.0,0.00535,0.3,degraded
26.31,34.15806,33.60705,0.55102,3.79135,2.69036,1.10099,2.9892,3.0,85.0,0.00237,0.3,degraded
26.32,34.26351,33.69076,0.57275,3.98725,2.8207,1.16655,3.014,3.0,85.0,0.00584,0.3,degraded
26.33,34.37127,33.78152,0.58976,4.1843,3.0306,1.1537,2.9842,3.0,85.0,0.0082,0.3,degraded
26.34,34.48134,33.86853,0.61281,4.38251,3.21337,1.16914,2.9968,3.0,85.0,0.00521,0.3,degraded
26.35,34.59369,33.95854,0.63515,4.58185,3.38014,1.20171,2.9745,2.9837,85.0,0.00485,0.3,degraded
26.36,34.70831,34.04815,0.66016,4.78232,3.55026,1.23205,3.0159,3.0,85.0,0.00746,0.3,degraded
26.37,34.82518,34.15744,0.66774,4.98389,3.7604,1.22349,2.9909,2.994,85.0,0.00718,0.3,degraded
26.38,34.94428,34.26844,0.67584,5.18655,3.94278,1.24378,2.9971,3.0,85.0,0.0044,0.3,degraded
26.39,35.06559,34.37838,0.68721,5.3903,4.11255,1.27775,2.9891,3.0,85.0,0.01487,0.3,degraded
26.4,35.18909,34.56826,0.62083,5.5951,4.31019,1.28491,3.0063,2.9997,85.0,0.01351,0.3,degraded
26.41,35.31476,34.75531,0.55944,5.80095,4.53034,1.27061,3.0257,2.9967,85.0,0.00767,0.3,degraded
26.42,35.44256,34.91648,0.52608,6.00783,4.72503,1.28281,2.9991,2.9954,85.0,0.00949,0.3,degraded
26.43,35.57247,35.06591,0.50657,6.21572,4.90376,1.31196,2.9726,3.0,85.0,0.00954,0.3,degraded
26.44,35.70447,35.19075,0.51373,6.42461,5.09269,1.33191,3.0209,3.0,85.0,0.00935,0.3,degraded
26.45,35.83852,35.30077,0.53775,6.63447,5.32165,1.31282,2.9956,3.0,85.0,0.00939,0.3,degraded
26.46,35.9746,35.38753,0.58707,6.84528,5.5255,1.31979,2.9969,2.9944,85.0,0.00705,0.3,degraded
26.47,36.11266,35.47789,0.63478,7.05704,5.7123,1.34474,3.0072,2.9927,85.0,0.00552,0.3,degraded
26.48,36.25269,35.57736,0.67533,7.26971,5.88104,1.38868,3.0096,3.0,85.0,0.01059,0.3,degraded
26.49,36.39463,35.68466,0.70997,7.48329,6.12412,1.35917,2.9856,2.9844,85.0,0.01808,0.3,degraded
26.5,36.53846,35.89892,0.63954,7.69774,6.35832,1.33942,2.9908,3.0,85.0,0.01527,0.3,degraded
26.51,36.68413,36.11611,0.56803,7.91304,6.57839,1.33465,3.0004,3.0,85.0,0.00942,0.3,degraded
26.52,36.83162,36.30692,0.5247,8.12919,6.77213,1.35705,2.9974,2.9872,85.0,0.00968,0.3,degraded
26.53,36.98087,36.48353,0.49734,8.34614,6.95082,1.39532,2.9901,3.0,85.0,0.00788,0.3,degraded
26.54,37.13185,36.6347,0.49715,8.56389,7.18931,1.37458,2.9993,2.9997,85.0,0.00886,0.3,degraded
26.55,37.28451,36.77335,0.51116,8.78241,7.40921,1.3732,3.0003,3.0,85.0,0.01077,0.3,degraded
26.56,37.43881,36.88396,0.55485,9.00167,7.59859,1.40309,3.0142,3.0,85.0,0.00827,0.3,degraded
26.57,37.59471,36.98131,0.6134,9.22166,7.82451,1.39715,3.0019,2.9777,85.0,0.00783,0.3,degraded
26.58,37.75215,37.06406,0.68809,9.44235,8.05849,1.38386,3.0218,2.981,85.0,0.01553,0.3,degraded
26.59,37.91109,37.17923,0.73186,9.66371,8.27478,1.38892,2.9918,3.0,85.0,0.01265,0.3,degraded
26.6,38.07148,37.34671,0.72477,9.88571,8.46362,1.4221,2.9842,2.9967,85.0,0.00662,0.3,degraded
26.61,38.23328,37.502,0.73128,10.10835,8.66871,1.43964,2.9946,3.0,85.0,0.00777,0.3,degraded
26.62,38.39642,37.63626,0.76016,10.33158,8.88337,1.44821,2.9895,3.0,85.0,0.00842,0.3,degraded
26.63,38.56086,37.75753,0.80333,10.55539,9.08231,1.47307,2.998,2.988,85.0,0.00097,0.3,degraded
26.64,38.72655,37.872,0.85455,10.77974,9.29632,1.48342,2.9912,3.0,85.0,0.02695,0.3,degraded
26.65,38.89343,38.03095,0.86248,11.00461,9.51934,1.48527,3.02,3.0,85.0,0.01738,0.3,degraded
26.66,39.06144,38.25645,0.80499,11.22998,9.81088,1.4191,2.9985,3.0,85.0,0.00824,0.3,degraded
26.67,39.23053,38.47016,0.76036,11.45581,10.08728,1.36853,3.0198,3.0,85.0,0.00961,0.3,degraded
26.68,39.40064,38.66038,0.74026,11.68209,10.33491,1.34718,3.0151,2.9839,85.0,0.00751,0.3,degraded
26.69,39.57171,38.8425,0.72921,11.90877,10.56753,1.34123,3.0087,2.9888,85.0,0.0087,0.3,degraded
26.7,39.74369,39.0014,0.74229,12.13583,10.7675,1.36833,2.9894,3.0,85.0,0.00936,0.3,degraded
26.71,39.91652,39.14722,0.7693,12.36325,10.95048,1.41277,3.0012,3.0,85.0,0.01126,0.3,degraded
26.72,40.09012,39.26656,0.82356,12.591,11.19062,1.40038,3.0294,3.0,85.0,0.0107,0.3,degraded
26.73,40.26445,39.4204,0.84405,12.81903,11.4327,1.38633,2.9969,3.0,85.0,0.01227,0.3,degraded
26.74,40.43944,39.59631,0.84313,13.04734,11.64582,1.40152,3.0117,3.0,85.0,0.00942,0.3,degraded
26.75,40.61502,39.76031,0.85471,13.27588,11.84251,1.43337,2.9914,2.997,85.0,0.00498,0.3,degraded
26.76,40.79113,39.89874,0.89239,13.50462,12.05779,1.44683,2.9932,3.0,85.0,0.00426,0.3,degraded
26.77,40.96771,40.03925,0.92847,13.73355,12.26711,1.46644,3.0181,2.9937,85.0,0.0033,0.3,degraded
26.78,41.14469,40.1908,0.95389,13.96261,12.46735,1.49526,2.981,3.0,85.0,0.01094,0.3,degraded
26.79,41.32201,40.33321,0.9888,14.19179,12.68114,1.51065,3.0126,2.997,85.0,0.01655,0.3,degraded
26.8,41.49959,40.57742,0.92217,14.42105,12.93263,1.48842,3.0126,3.0,85.0,0.01538,0.3,degraded
26.81,41.67738,40.82381,0.85356,14.65036,13.16855,1.48182,2.9854,3.0,85.0,0.00802,0.3,degraded
26.82,41.85529,41.04306,0.81224,14.87969,13.37789,1.5018,2.9743,2.9998,85.0,0.01088,0.3,degraded
26.83,42.03327,41.24902,0.78425,15.10901,13.62599,1.48302,2.9959,3.0,85.0,0.00984,0.3,degraded
26.84,42.21125,41.42854,0.78271,15.33828,13.8837,1.45459,2.9934,2.993,85.0,0.00827,0.3,degraded
26.85,42.38914,41.59589,0.79326,15.56748,14.12512,1.44236,2.9857,2.9886,85.0,0.00987,0.3,degraded
26.86,42.5669,41.7376,0.82929,15.79656,14.33747,1.45908,3.0118,3.0,85.0,0.00973,0.3,degraded
26.87,42.74443,41.87053,0.8739,16.0255,14.55123,1.47427,2.9911,3.0,85.0,0.0057,0.3,degraded
26.88,42.92168,41.99378,0.92791,16.25426,14.81021,1.44405,3.0013,3.0,85.0,0.00629,0.3,degraded
26.89,43.09857,42.13318,0.9654,16.48281,15.05535,1.42746,3.0097,2.9783,85.0,0.01251,0.3,degraded
26.9,43.27504,42.32043,0.9546,16.71112,15.27196,1.43916,3.0012,3.0,85.0,0.01095,0.3,degraded
26.91,43.45099,42.52587,0.92512,16.93916,15.4714,1.46775,3.0061,2.9952,85.0,0.00674,0.3,degraded
26.92,43.62638,42.70522,0.92116,17.16688,15.66934,1.49753,3.0146,2.977,85.0,0.01482,0.3,degraded
26.93,43.80111,42.87023,0.93088,17.39425,15.96395,1.4303,2.9792,2.9661,85.0,0.01023,0.3,degraded
26.94,43.97513,43.01139,0.96374,17.62125,16.22652,1.39474,2.9938,2.9893,85.0,0.01365,0.3,degraded
26.95,44.14835,43.15695,0.9914,17.84784,16.47287,1.37497,1.3445,3.0,85.0,0.01429,0.3,degraded
26.96,44.32071,43.37819,0.94251,18.07398,16.69186,1.38211,3.0047,2.9906,85.0,0.00838,0.3,degraded
26.97,44.49212,43.5856,0.90653,18.29963,16.89392,1.40572,2.9958,2.9929,85.0,0.01169,0.3,degraded
26.98,44.66253,43.76664,0.89589,18.52477,17.11237,1.4124,2.9914,3.0,85.0,0.01183,0.3,degraded
26.99,44.83184,43.93685,0.895,18.74936,17.3831,1.36626,2.9766,3.0,85.0,0.00788,0.3,degraded
27.0,45.0,44.08313,0.91687,18.97337,17.62469,1.34867,3.0168,2.998,85.0,0.00856,0.3,degraded
27.01,45.16692,44.21749,0.94943,19.19675,17.84991,1.34684,2.9972,3.0,85.0,0.01106,0.3,degraded
27.02,45.33254,44.39727,0.93527,19.41948,18.04536,1.37412,2.9931,2.9769,85.0,0.01271,0.3,degraded
27.03,45.49677,44.57266,0.92411,19.64152,18.24885,1.39267,3.0072,2.9937,85.0,0.01217,0.3,degraded
27.04,45.65955,44.72268,0.93688,19.86283,18.52791,1.33492,3.0164,2.983,85.0,0.00977,0.3,degraded
27.05,45.82081,44.86024,0.96057,20.08338,18.78957,1.29381,2.9464,3.0,85.0,0.00931,0.3,degraded
27.06,45.98046,45.04592,0.93454,20.30314,19.02203,1.2811,3.0151,2.9774,85.0,0.0092,0.3,degraded
27.07,46.13844,45.22414,0.91431,20.52206,19.2369,1.28517,2.9901,3.0,85.0,0.01069,0.3,degraded
27.08,46.29468,45.37832,0.91635,20.74013,19.42296,1.31717,3.0022,2.9815,85.0,0.01016,0.3,degraded
27.09,46.44909,45.52147,0.92763,20.95729,19.61104,1.34625,2.9975,3.0,85.0,0.00951,0.3,degraded
27.1,46.60162,45.67586,0.92576,21.17351,19.85639,1.31712,3.0085,3.0,85.0,0.00988,0.3,degraded
27.11,46.75219,45.85235,0.89984,21.38877,20.08352,1.30524,3.0004,3.0,85.0,0.00991,0.3,degraded
27.12,46.90072,46.00215,0.89857,21.60302,20.28134,1.32168,3.0087,2.9893,85.0,0.00907,0.3,degraded
27.13,47.04715,46.13832,0.90883,21.81623,20.46087,1.35535,3.0112,3.0,85.0,0.00332,0.3,degraded
27.14,47.19141,46.27585,0.91556,22.02836,20.64427,1.38409,2.9758,3.0,85.0,0.01034,0.3,degraded
27.15,47.33342,46.4202,0.91322,22.23938,20.84678,1.3926,2.9935,3.0,85.0,0.0027,0.3,degraded
27.16,47.47311,46.55606,0.91705,22.44926,21.06332,1.38594,2.9824,3.0,85.0,0.00773,0.3,degraded
27.17,47.61042,46.69569,0.91474,22.65796,21.26442,1.39353,2.9819,2.9955,85.0,0.00645,0.3,degraded
27.18,47.74528,46.86327,0.88201,22.86544,21.46172,1.40371,2.9734,3.0,85.0,0.00414,0.3,degraded
27.19,47.87763,47.02508,0.85255,23.07167,21.68166,1.39001,2.9934,3.0,85.0,0.01,0.3,degraded
27.2,48.00738,47.16114,0.84624,23.27662,21.87422,1.4024,3.0167,2.9831,85.0,0.00361,0.3,degraded
27.21,48.13448,47.2919,0.84258,23.48025,22.073,1.40725,2.1007,2.987,85.0,0.00287,0.3,degraded
27.22,48.25886,47.45142,0.80744,23.68253,22.26052,1.42201,2.9867,2.9892,85.0,0.00991,0.3,degraded
27.23,48.38045,47.59876,0.78169,23.88342,22.50481,1.37861,2.9946,2.9981,85.0,0.01071,0.3,degraded
27.24,48.49919,47.71899,0.7802,24.0829,22.73948,1.34341,3.0244,3.0,85.0,0.00544,0.3,degraded
27.25,48.61502,47.8434,0.77162,24.28092,22.95979,1.32112,3.0014,2.9921,85.0,0.00882,0.3,degraded
27.26,48.72787,47.96252,0.76535,24.47745,23.14913,1.32832,2.9809,2.9879,85.0,0.00283,0.3,degraded
27.27,48.83768,48.09715,0.74053,24.67246,23.33553,1.33693,3.0005,2.9987,85.0,0.00479,0.3,degraded
27.28,48.94439,48.20644,0.73795,24.86591,23.5172,1.34871,2.9936,2.9985,85.0,0.00359,0.3,degraded
27.29,49.04793,48.33039,0.71754,25.05778,23.73236,1.32541,3.0109,3.0,85.0,0.00509,0.3,degraded
27.3,49.14826,48.43389,0.71437,25.24803,23.93513,1.31289,3.0211,3.0,85.0,0.00828,0.3,degraded
27.31,49.2453,48.59073,0.65457,25.43662,24.12523,1.31139,3.0178,2.9942,85.0,0.00483,0.3,degraded
27.32,49.339,48.73208,0.60692,25.62353,24.30291,1.32062,2.982,2.9952,85.0,0.00669,0.3,degraded
27.33,49.42931,48.85887,0.57045,25.80872,24.48546,1.32325,3.0065,2.9858,85.0,0.0078,0.3,degraded
27.34,49.51617,48.95882,0.55734,25.99216,24.71369,1.27847,2.9942,2.9927,85.0,0.00638,0.3,degraded
27.35,49.59952,49.05148,0.54803,26.17382,24.92567,1.24815,2.9899,2.9808,85.0,0.00701,0.3,degraded
27.36,49.6793,49.13607,0.54323,26.35366,25.10877,1.24489,3.0099,2.9989,85.0,0.00529,0.3,degraded
27.37,49.75548,49.22396,0.53152,26.53166,25.278,1.25367,3.0084,2.988,85.0,0.00426,0.3,degraded
27.38,49.82798,49.305,0.52298,26.70779,25.49177,1.21602,2.9897,3.0,85.0,0.00562,0.3,degraded
27.39,49.89678,49.39067,0.50611,26.88201,25.69151,1.1905,2.9995,2.9833,85.0,0.00507,0.3,degraded
27.4,49.9618,49.4714,0.4904,27.05429,25.86367,1.19062,3.0119,3.0,85.0,0.00155,0.3,degraded
27.41,50.02301,49.56135,0.46166,27.22461,26.02796,1.19665,3.0201,2.9921,85.0,0.00362,0.3,degraded
27.42,50.08036,49.64562,0.43474,27.39293,26.18648,1.20645,3.0015,2.9804,85.0,0.00241,0.3,degraded
27.43,50.1338,49.73855,0.39525,27.55922,26.38827,1.17095,2.9937,2.9946,85.0,0.00147,0.3,degraded
27.44,50.18329,49.82597,0.35732,27.72346,26.55856,1.16491,2.9846,3.0,85.0,0.00379,0.3,degraded
27.45,50.22878,49.91697,0.31181,27.88562,26.72546,1.16016,3.0004,2.9756,85.0,0.00216,0.3,degraded
27.46,50.27024,50.00111,0.26913,28.04566,26.90716,1.13849,3.0264,3.0,85.0,0.00525,0.3,degraded
27.47,50.30761,50.09167,0.21595,28.20356,27.07267,1.13089,2.9988,3.0,85.0,0.00431,0.3,degraded
27.48,50.34087,50.17382,0.16704,28.35929,27.25077,1.10852,2.9953,3.0,85.0,0.00408,0.3,degraded
27.49,50.36996,50.26258,0.10739,28.51283,27.44325,1.06958,3.003,3.0,85.0,0.00411,0.3,degraded
27.5,50.39487,50.34408,0.05079,28.66414,27.61224,1.0519,3.0082,3.0,85.0,0.00587,0.3,degraded
27.51,50.41554,50.43086,-0.01532,28.81321,27.76743,1.04578,3.0173,3.0,85.0,0.00968,0.3,degraded
27.52,50.43194,50.50954,-0.0776,28.96,27.94305,1.01694,2.9954,3.0,85.0,0.00718,0.3,degraded
27.53,50.44405,50.59431,-0.15026,29.10448,28.17307,0.93141,2.9869,3.0,85.0,0.01178,0.3,degraded
27.54,50.45183,50.63631,-0.18447,29.24664,28.37649,0.87015,3.0051,3.0,85.0,0.01095,0.3,degraded
27.55,50.45525,50.66229,-0.20704,29.38645,28.56715,0.8193,2.9984,2.9844,85.0,0.00441,0.3,degraded
27.56,50.45428,50.68251,-0.22823,29.52388,28.72798,0.7959,3.0061,3.0,85.0,0.00546,0.3,degraded
27.57,50.4489,50.70872,-0.25983,29.6589,28.87367,0.78524,2.9851,3.0,85.0,0.00564,0.3,degraded
27.58,50.43907,50.7308,-0.29173,29.7915,28.99322,0.79829,2.9667,3.0,85.0,0.00287,0.3,degraded
27.59,50.42478,50.75942,-0.33464,29.92166,29.10609,0.81556,3.0154,3.0,85.0,0.00202,0.3,degraded
27.6,50.406,50.77959,-0.37359,30.04934,29.21252,0.83682,3.0242,2.9813,85.0,0.00572,0.3,degraded
27.61,50.3827,50.76854,-0.38584,30.17452,29.32506,0.84946,3.0086,2.9959,85.0,0.00332,0.3,degraded
27.62,50.35488,50.75159,-0.39671,30.29719,29.43227,0.86492,2.999,2.9902,85.0,0.0023,0.3,degraded
27.63,50.32251,50.74265,-0.42014,30.41732,29.54041,0.87692,3.0045,3.0,85.0,0.00193,0.3,degraded
27.64,50.28557,50.72912,-0.44356,30.5349,29.64112,0.89378,3.0126,3.0,85.0,0.00305,0.3,degraded
27.65,50.24405,50.71665,-0.4726,30.64989,29.76303,0.88686,3.0082,2.9842,85.0,0.00819,0.3,degraded
27.66,50.19793,50.68268,-0.48475,30.76228,29.86947,0.89281,2.9825,2.9817,85.0,0.00974,0.3,degraded
27.67,50.14721,50.60257,-0.45536,30.87205,29.98477,0.88728,3.0266,2.9864,85.0,0.00094,0.3,degraded
27.68,50.09187,50.51791,-0.42605,30.97918,30.0909,0.88828,3.0202,3.0,85.0,0.00049,0.3,degraded
27.69,50.0319,50.43929,-0.40739,31.08366,30.20253,0.88113,2.9904,2.9874,85.0,0.00232,0.3,degraded
27.7,49.96729,50.35367,-0.38638,31.18545,30.31026,0.87519,3.013,3.0,85.0,0.00098,0.3,degraded
27.71,49.89805,50.27297,-0.37492,31.28456,30.42359,0.86097,2.9936,3.0,85.0,0.00047,0.3,degraded
27.72,49.82416,50.18486,-0.3607,31.38095,30.53101,0.84994,3.0149,3.0,85.0,0.0025,0.3,degraded
27.73,49.74561,50.10627,-0.36066,31.47462,30.64319,0.83143,3.0049,2.9986,85.0,0.00038,0.3,degraded
27.74,49.66242,50.01884,-0.35642,31.56554,30.74931,0.81623,3.0086,3.0,85.0,0.00078,0.3,degraded
27.75,49.57458,49.94122,-0.36664,31.6537,30.86215,0.79155,3.0078,2.9666,85.0,0.00315,0.3,degraded
27.76,49.48209,49.8614,-0.37931,31.73909,30.96871,0.77037,2.9997,3.0,85.0,0.00209,0.3,degraded
27.77,49.38495,49.7931,-0.40815,31.82168,31.0829,0.73878,3.0063,2.9991,85.0,0.00087,0.3,degraded
27.78,49.28317,49.71977,-0.4366,31.90147,31.18846,0.71302,2.9892,3.0,85.0,0.00199,0.3,degraded
27.79,49.17676,49.65469,-0.47793,31.97845,31.30149,0.67697,3.0144,3.0,85.0,0.00158,0.3,degraded
27.8,49.06572,49.58328,-0.51755,32.0526,31.40771,0.64489,2.9711,2.9726,85.0,0.00058,0.3,degraded
27.81,48.95007,49.51888,-0.56881,32.1239,31.51578,0.60812,2.983,2.9983,85.0,0.00184,0.3,degraded
27.82,48.8298,49.44816,-0.61836,32.19235,31.61669,0.57566,3.0137,2.9925,85.0,0.00237,0.3,degraded
27.83,48.70495,49.3851,-0.68015,32.25793,31.72393,0.534,2.9859,3.0,85.0,0.0075,0.3,degraded
27.84,48.57552,49.23214,-0.65663,32.32064,31.82457,0.49607,2.9932,2.9966,85.0,0.00752,0.3,degraded
27.85,48.44152,49.10558,-0.66407,32.38046,31.92894,0.45152,2.9925,3.0,85.0,0.00458,0.3,degraded
27.86,48.30298,48.98846,-0.68549,32.43738,32.02532,0.41206,3.0166,3.0,85.0,0.00211,0.3,degraded
27.87,48.15991,48.89115,-0.73125,32.49139,32.12963,0.36176,3.0045,3.0,85.0,0.00245,0.3,degraded
27.88,48.01233,48.79079,-0.77846,32.5425,32.22952,0.31297,3.0063,3.0,85.0,0.00454,0.3,degraded
27.89,47.86027,48.67883,-0.81857,32.59068,32.33693,0.25375,2.9898,3.0,85.0,0.00098,0.3,degraded
27.9,47.70375,48.56227,-0.85852,32.63593,32.43573,0.2002,2.9976,2.9865,85.0,0.00811,0.3,degraded
27.91,47.54279,48.36241,-0.81962,32.67824,32.54039,0.13785,2.983,3.0,85.0,0.00866,0.3,degraded
27.92,47.37742,48.17558,-0.79816,32.71762,32.6389,0.07872,2.9839,3.0,85.0,0.00478,0.3,degraded
27.93,47.20767,48.01615,-0.80848,32.75404,32.74758,0.00646,3.0027,3.0,85.0,0.0051,0.3,degraded
27.94,47.03356,47.87019,-0.83663,32.78751,32.84774,-0.06023,3.0099,3.0,85.0,0.00578,0.3,degraded
27.95,46.85513,47.74716,-0.89202,32.81803,32.95204,-0.13402,2.9936,2.9818,85.0,0.01105,0.3,degraded
27.96,46.67242,47.52428,-0.85186,32.84558,33.04956,-0.20398,2.9972,3.0,85.0,0.01208,0.3,degraded
27.97,46.48544,47.30005,-0.81461,32.87016,33.14815,-0.27799,3.0016,2.9845,85.0,0.00941,0.3,degraded
27.98,46.29425,47.08735,-0.7931,32.89178,33.21636,-0.32458,3.0162,2.9937,85.0,0.00717,0.3,degraded
27.99,46.09887,46.90205,-0.80318,32.91043,33.28732,-0.37689,2.9901,2.9911,85.0,0.05033,0.3,degraded
28.0,32.27381,46.72895,-14.45514,11.05261,33.28598,-22.23337,2.9969,3.0,85.0,0.3,0.3,degraded
28.01,32.27381,45.44124,-13.16742,11.05261,31.84015,-20.78754,2.9983,3.0,85.0,0.3,0.3,degraded
28.02,32.27381,43.06467,-10.79085,11.05261,28.87411,-17.8215,2.9932,2.9802,85.0,0.04826,0.3,degraded
28.03,32.27381,41.09592,-8.82211,11.05261,26.24121,-15.1886,3.0072,3.0,85.0,0.14901,0.3,degraded
28.04,32.27381,39.42872,-7.15491,11.05261,24.00979,-12.95718,2.9923,2.9958,85.0,0.09896,0.3,degraded
28.05,32.27381,38.10019,-5.82638,11.05261,22.08623,-11.03362,2.998,3.0,85.0,0.10591,0.3,degraded
28.06,32.27381,36.99871,-4.72489,11.05261,20.44708,-9.39447,2.9955,3.0,85.0,0.06535,0.3,degraded
28.07,32.27381,36.05447,-3.78066,11.05261,19.05515,-8.00254,2.9823,2.9889,85.0,0.05896,0.3,degraded
28.08,32.27381,35.35042,-3.0766,11.05261,17.86999,-6.81738,2.9786,2.984,85.0,0.09602,0.3,degraded
28.09,32.27381,34.74169,-2.46788,11.05261,16.81793,-5.76532,3.0165,2.9844,85.0,0.03839,0.3,degraded
28.1,32.27381,34.25037,-1.97656,11.05261,15.95381,-4.9012,2.9884,3.0,85.0,0.04684,0.3,degraded
28.11,32.27381,33.82149,-1.54768,11.05261,15.20317,-4.15056,2.9961,2.9937,85.0,0.05745,0.3,degraded
28.12,32.27381,33.55554,-1.28173,11.05261,14.52675,-3.47414,2.9882,3.0,85.0,0.02141,0.3,degraded
28.13,32.27381,33.31438,-1.04056,11.05261,13.93273,-2.88013,3.0141,3.0,85.0,0.03677,0.3,degraded
28.14,32.27381,33.08433,-0.81052,11.05261,13.43199,-2.37938,3.0174,2.991,85.0,0.04982,0.3,degraded
28.15,32.27381,32.87703,-0.60322,11.05261,13.08688,-2.03427,2.988,3.0,85.0,0.02445,0.3,degraded
28.16,32.27381,32.68143,-0.40762,11.05261,12.76021,-1.7076,3.0122,3.0,85.0,0.01007,0.3,degraded
28.17,32.27381,32.51216,-0.23835,11.05261,12.46412,-1.41151,3.0042,2.9833,85.0,0.00759,0.3,degraded
28.18,32.27381,32.35585,-0.08203,11.05261,12.18209,-1.12948,2.9991,2.9948,85.0,0.01611,0.3,degraded
28.19,32.27381,32.30348,-0.02967,11.05261,11.92636,-0.87375,3.0222,3.0,85.0,0.01926,0.3,degraded
28.2,32.27381,32.24365,0.03016,11.05261,11.72241,-0.6698,2.9945,2.9735,85.0,0.009,0.3,degraded
28.21,32.27381,32.19052,0.08329,11.05261,11.55356,-0.50095,3.0274,3.0,85.0,0.00519,0.3,degraded
28.22,32.27381,32.13154,0.14227,11.05261,11.39754,-0.34493,2.9679,2.9975,85.0,0.00672,0.3,degraded
28.23,32.27381,32.0774,0.19642,11.05261,11.27234,-0.21973,3.0169,2.9862,85.0,0.00432,0.3,degraded
28.24,32.27381,32.01619,0.25762,11.05261,11.16279,-0.11018,3.0234,2.9976,85.0,0.01214,0.3,degraded
28.25,32.27381,31.99755,0.27626,11.05261,11.06572,-0.01311,2.9863,3.0,85.0,0.01762,0.3,degraded
28.26,32.27381,32.02466,0.24915,11.05261,11.01732,0.03529,2.996,2.999,85.0,0.00733,0.3,degraded
28.27,32.27381,32.05792,0.2159,11.05261,10.98875,0.06386,3.0,3.0,85.0,0.00126,0.3,degraded
28.28,32.27381,32.08481,0.18901,11.05261,10.9562,0.09641,2.9995,2.9905,85.0,0.0027,0.3,degraded
28.29,32.27381,32.11443,0.15938,11.05261,10.93221,0.1204,2.9937,3.0,85.0,0.00087,0.3,degraded
28.3,32.27381,32.13889,0.13492,11.05261,10.90226,0.15035,3.0451,2.9881,85.0,0.00074,0.3,degraded
28.31,32.27381,32.17216,0.10166,11.05261,10.87837,0.17424,3.0043,3.0,85.0,0.00309,0.3,degraded
28.32,32.27381,32.20152,0.07229,11.05261,10.84713,0.20548,3.0068,2.9686,85.0,0.0022,0.3,degraded
28.33,32.27381,32.23909,0.03472,11.05261,10.81878,0.23383,3.0082,2.9792,85.0,0.00174,0.3,degraded
28.34,32.27381,32.2685,0.00531,11.05261,10.77982,0.27279,3.0201,2.979,85.0,0.0064,0.3,degraded
28.35,32.27381,32.30446,-0.03064,11.05261,10.78832,0.26429,2.9986,3.0,85.0,0.00491,0.3,degraded
28.36,32.27381,32.33424,-0.06043,11.05261,10.79032,0.26229,2.9933,3.0,85.0,0.00079,0.3,degraded
28.37,32.27381,32.37142,-0.0976,11.05261,10.79931,0.2533,2.9745,3.0,85.0,0.00231,0.3,degraded
28.38,32.27381,32.40108,-0.12727,11.05261,10.80054,0.25207,2.9662,2.9998,85.0,0.00443,0.3,degraded
28.39,32.27381,32.4211,-0.14729,11.05261,10.80909,0.24352,2.9998,2.9761,85.0,0.00291,0.3,degraded
28.4,32.27381,32.42135,-0.14753,11.05261,10.81492,0.23769,2.9986,2.991,85.0,0.00181,0.3,degraded
28.41,32.27381,32.42724,-0.15343,11.05261,10.82584,0.22677,3.0133,3.0,85.0,0.00153,0.3,degraded
28.42,32.27381,32.4313,-0.15749,11.05261,10.82953,0.22308,3.0015,3.0,85.0,0.00102,0.3,degraded
28.43,32.27381,32.4425,-0.16868,11.05261,10.8392,0.21341,3.0115,3.0,85.0,0.00195,0.3,degraded
28.44,32.27381,32.44801,-0.1742,11.05261,10.83961,0.213,3.0156,2.9831,85.0,0.0014,0.3,degraded
28.45,32.27381,32.46282,-0.18901,11.05261,10.84473,0.20788,2.9444,2.9984,85.0,0.00056,0.3,degraded
28.46,32.27381,32.46744,-0.19363,11.05261,10.8418,0.21081,3.0017,3.0,85.0,0.00337,0.3,degraded
28.47,32.27381,32.47306,-0.19925,11.05261,10.84374,0.20887,3.0278,2.9871,85.0,0.00203,0.3,degraded
28.48,32.27381,32.46329,-0.18948,11.05261,10.83979,0.21282,2.9943,2.9734,85.0,0.0,0.3,degraded
28.49,32.27381,32.45855,-0.18474,11.05261,10.84151,0.2111,2.9974,2.9948,85.0,0.0019,0.3,degraded
28.5,32.27381,32.44644,-0.17263,11.05261,10.83727,0.21533,3.0138,2.9847,85.0,0.00178,0.3,degraded
28.51,32.27381,32.44253,-0.16871,11.05261,10.83734,0.21527,2.9991,2.9965,85.0,0.00062,0.3,degraded
28.52,32.27381,32.4323,-0.15848,11.05261,10.82838,0.22423,2.9859,3.0,85.0,0.00237,0.3,degraded
28.53,32.27381,32.42638,-0.15257,11.05261,10.82455,0.22806,3.0077,3.0,85.0,0.00165,0.3,degraded
28.54,32.27381,32.41458,-0.14076,11.05261,10.81448,0.23813,2.9921,2.9972,85.0,0.0,0.3,degraded
28.55,32.27381,32.40916,-0.13535,11.05261,10.81027,0.24234,3.0152,2.9847,85.0,0.00265,0.3,degraded
28.56,32.27381,32.39762,-0.12381,11.05261,10.80932,0.24329,2.9893,3.0,85.0,0.00282,0.3,degraded
28.57,32.27381,32.39302,-0.1192,11.05261,10.81471,0.2379,2.9845,3.0,85.0,0.00136,0.3,degraded
28.58,32.27381,32.37812,-0.1043,11.05261,10.81118,0.24143,3.0144,3.0,85.0,0.0039,0.3,degraded
28.59,32.27381,32.36867,-0.09486,11.05261,10.83268,0.21993,3.0213,3.0,85.0,0.00531,0.3,degraded
28.6,32.27381,32.35444,-0.08063,11.05261,10.85677,0.19584,3.0026,2.9909,85.0,4e-05,0.3,degraded
28.61,32.27381,32.34675,-0.07294,11.05261,10.88593,0.16668,2.9886,3.0,85.0,0.00164,0.3,degraded
28.62,32.27381,32.32977,-0.05596,11.05261,10.91021,0.1424,2.9815,2.9984,85.0,0.00282,0.3,degraded
28.63,32.27381,32.31874,-0.04493,11.05261,10.93861,0.114,2.9915,3.0,85.0,0.00043,0.3,degraded
28.64,32.27381,32.30242,-0.02861,11.05261,10.96081,0.0918,2.9897,2.9806,85.0,0.00125,0.3,degraded
28.65,32.27381,32.29504,-0.02123,11.05261,10.98959,0.06302,2.9789,2.9976,85.0,0.00254,0.3,degraded
28.66,32.27381,32.28243,-0.00861,11.05261,11.01081,0.0418,3.0268,2.9885,85.0,0.00108,0.3,degraded
28.67,32.27381,32.27915,-0.00533,11.05261,11.03784,0.01477,2.9647,2.9792,85.0,0.00136,0.3,degraded
28.68,32.27381,32.27008,0.00373,11.05261,11.05584,-0.00323,3.002,2.9982,85.0,0.0027,0.3,degraded
28.69,32.27381,32.26944,0.00438,11.05261,11.07708,-0.02447,3.0124,2.9936,85.0,0.00108,0.3,degraded
28.7,32.27381,32.26421,0.0096,11.05261,11.09168,-0.03907,2.9913,3.0,85.0,0.0006,0.3,degraded
28.71,32.27381,32.26501,0.00881,11.05261,11.11418,-0.06157,2.9959,3.0,85.0,0.00231,0.3,degraded
28.72,32.27381,32.25921,0.0146,11.05261,11.1299,-0.07729,2.9788,2.999,85.0,0.00133,0.3,degraded
28.73,32.27381,32.25851,0.0153,11.05261,11.15435,-0.10174,3.0027,2.987,85.0,0.00077,0.3,degraded
28.74,32.27381,32.24915,0.02467,11.05261,11.17172,-0.11911,3.0091,2.9801,85.0,0.00257,0.3,degraded
28.75,32.27381,32.24693,0.02688,11.05261,11.19197,-0.13937,3.0091,3.0,85.0,0.00183,0.3,degraded
28.76,32.27381,32.23984,0.03398,11.05261,11.20443,-0.15182,3.0088,3.0,85.0,0.00078,0.3,degraded
28.77,32.27381,32.23984,0.03398,11.05261,11.22307,-0.17046,3.0087,3.0,85.0,0.00175,0.3,degraded
28.78,32.27381,32.23316,0.04065,11.05261,11.23578,-0.18317,3.0013,2.9985,85.0,0.00138,0.3,degraded
28.79,32.27381,32.23502,0.0388,11.05261,11.25613,-0.20352,3.0046,2.9857,85.0,0.0,0.3,degraded
28.8,32.27381,32.23041,0.0434,11.05261,11.26953,-0.21692,2.99,3.0,85.0,0.00222,0.3,degraded
28.81,32.27381,32.23007,0.04375,11.05261,11.28866,-0.23605,2.99,3.0,85.0,0.00174,0.3,degraded
28.82,32.27381,32.22332,0.0505,11.05261,11.30258,-0.24997,2.9863,3.0,85.0,0.00013,0.3,degraded
28.83,32.27381,32.22306,0.05075,11.05261,11.32175,-0.26914,3.0093,3.0,85.0,0.00186,0.3,degraded
28.84,32.27381,32.21568,0.05813,11.05261,11.33374,-0.28113,2.9992,2.996,85.0,0.00152,0.3,degraded
28.85,32.27381,32.21476,0.05906,11.05261,11.35465,-0.30204,2.98,2.9847,85.0,0.00038,0.3,degraded
28.86,32.27381,32.20745,0.06636,11.05261,11.36925,-0.31664,2.9815,3.0,85.0,0.00244,0.3,degraded
28.87,32.27381,32.20712,0.06669,11.05261,11.39389,-0.34128,3.0038,3.0,85.0,0.00195,0.3,degraded
28.88,32.27381,32.19884,0.07497,11.05261,11.41619,-0.36358,3.0167,3.0,85.0,0.00026,0.3,degraded
28.89,32.27381,32.19582,0.078,11.05261,11.44288,-0.39027,3.0107,3.0,85.0,0.00148,0.3,degraded
28.9,32.27381,32.18707,0.08674,11.05261,11.4625,-0.40989,2.9926,2.9887,85.0,0.00213,0.3,degraded
28.91,32.27381,32.1856,0.08821,11.05261,11.48727,-0.43466,3.0027,2.989,85.0,0.0008,0.3,degraded
28.92,32.27381,32.17822,0.09559,11.05261,11.50414,-0.45153,3.0087,3.0,85.0,0.00168,0.3,degraded
28.93,32.27381,32.17839,0.09543,11.05261,11.5253,-0.47269,2.9902,2.9767,85.0,0.00221,0.3,degraded
28.94,32.27381,32.17104,0.10277,11.05261,11.53837,-0.48577,3.0059,2.9774,85.0,0.00094,0.3,degraded
28.95,32.27381,32.16706,0.10676,11.05261,11.55536,-0.50275,2.9939,3.0,85.0,0.00181,0.3,degraded
28.96,32.27381,32.15697,0.11684,11.05261,11.56407,-0.51146,3.0039,3.0,85.0,0.0022,0.3,degraded
28.97,32.27381,32.15327,0.12054,11.05261,11.57808,-0.52547,2.9873,3.0,85.0,0.00498,0.3,degraded
28.98,32.27381,32.14391,0.12991,11.05261,11.57223,-0.51962,3.0027,3.0,85.0,0.00471,0.3,degraded
28.99,32.27381,32.13855,0.13526,11.05261,11.542,-0.48939,2.9835,2.9718,85.0,0.00297,0.3,degraded
29.0,32.27381,32.12663,0.14718,11.05261,11.51028,-0.45767,3.0019,2.9996,85.0,0.00088,0.3,degraded
29.01,32.27381,32.12043,0.15338,11.05261,11.48541,-0.4328,3.0073,2.9687,85.0,0.00109,0.3,degraded
29.02,32.27381,32.1088,0.16501,11.05261,11.45414,-0.40153,3.0079,3.0,85.0,0.00265,0.3,degraded
29.03,32.27381,32.102,0.17181,11.05261,11.42857,-0.37596,3.022,2.9808,85.0,0.00092,0.3,degraded
29.04,32.27381,32.09099,0.18282,11.05261,11.39761,-0.345,2.9927,2.9717,85.0,0.00125,0.3,degraded
29.05,32.27381,32.0883,0.18552,11.05261,11.37256,-0.31995,2.9899,3.0,85.0,0.00287,0.3,degraded
29.06,32.27381,32.08069,0.19312,11.05261,11.34264,-0.29003,3.0075,3.0,85.0,0.00101,0.3,degraded
29.07,32.27381,32.08129,0.19253,11.05261,11.31906,-0.26645,3.0456,2.9999,85.0,0.00082,0.3,degraded
29.08,32.27381,32.08038,0.19343,11.05261,11.28859,-0.23598,3.0151,3.0,85.0,0.00255,0.3,degraded
29.09,32.27381,32.08735,0.18647,11.05261,11.26754,-0.21493,3.0232,3.0,85.0,0.0017,0.3,degraded
29.1,32.27381,32.08775,0.18606,11.05261,11.24177,-0.18916,2.9902,2.9943,85.0,2e-05,0.3,degraded
29.11,32.27381,32.09394,0.17987,11.05261,11.21955,-0.16694,3.0146,3.0,85.0,0.0016,0.3,degraded
29.12,32.27381,32.09231,0.18151,11.05261,11.19469,-0.14208,2.9984,3.0,85.0,0.00119,0.3,degraded
29.13,32.27381,32.09704,0.17677,11.05261,11.17718,-0.12457,3.0079,3.0,85.0,0.00057,0.3,degraded
29.14,32.27381,32.09787,0.17594,11.05261,11.15609,-0.10348,2.9924,3.0,85.0,0.00237,0.3,degraded
29.15,32.27381,32.10566,0.16815,11.05261,11.14418,-0.09157,2.9986,3.0,85.0,0.00148,0.3,degraded
29.16,32.27381,32.10888,0.16493,11.05261,11.12314,-0.07053,2.982,2.9961,85.0,0.0,0.3,degraded
29.17,32.27381,32.11709,0.15673,11.05261,11.10917,-0.05656,3.014,3.0,85.0,0.00162,0.3,degraded
29.18,32.27381,32.11941,0.1544,11.05261,11.08885,-0.03624,3.0195,2.9904,85.0,0.00171,0.3,degraded
29.19,32.27381,32.12856,0.14525,11.05261,11.07509,-0.02248,3.0081,2.9862,85.0,0.0,0.3,degraded
29.2,32.27381,32.13069,0.14312,11.05261,11.05573,-0.00312,2.9846,2.9964,85.0,0.00146,0.3,degraded
29.21,32.27381,32.13794,0.13587,11.05261,11.0433,0.00931,2.9947,2.9713,85.0,0.0022,0.3,degraded
29.22,32.27381,32.13866,0.13515,11.05261,11.02231,0.0303,2.9879,3.0,85.0,0.00023,0.3,degraded
29.23,32.27381,32.14405,0.12976,11.05261,11.00614,0.04647,3.0069,2.9881,85.0,0.00162,0.3,degraded
29.24,32.27381,32.14411,0.1297,11.05261,10.98044,0.07217,3.0309,2.9923,85.0,0.00262,0.3,degraded
29.25,32.27381,32.14721,0.1266,11.05261,10.96113,0.09148,3.0008,2.9881,85.0,0.0013,0.3,degraded
29.26,32.27381,32.14346,0.13036,11.05261,10.9382,0.11441,2.973,3.0,85.0,0.00115,0.3,degraded
29.27,32.27381,32.14621,0.12761,11.05261,10.92054,0.13207,2.9709,3.0,85.0,0.00184,0.3,degraded
29.28,32.27381,32.14119,0.13262,11.05261,10.89515,0.15746,2.9945,2.9851,85.0,0.00068,0.3,degraded
29.29,32.27381,32.14465,0.12916,11.05261,10.87358,0.17903,3.0147,3.0,85.0,0.00165,0.3,degraded
29.3,32.27381,32.14409,0.12973,11.05261,10.84587,0.20674,3.0016,3.0,85.0,0.00283,0.3,degraded
29.31,32.27381,32.1519,0.12191,11.05261,10.82609,0.22652,3.0048,2.9972,85.0,0.00138,0.3,degraded
29.32,32.27381,32.15532,0.11849,11.05261,10.80112,0.25149,3.0227,2.9843,85.0,0.00157,0.3,degraded
29.33,32.27381,32.16442,0.1094,11.05261,10.782,0.27061,3.0202,2.9818,85.0,0.00161,0.3,degraded
29.34,32.27381,32.16732,0.10649,11.05261,10.75784,0.29477,3.0031,3.0,85.0,0.0011,0.3,degraded
29.35,32.27381,32.1764,0.09741,11.05261,10.74254,0.31007,3.0053,3.0,85.0,0.0012,0.3,degraded
29.36,32.27381,32.17914,0.09467,11.05261,10.7221,0.33051,3.0006,2.9981,85.0,0.00211,0.3,degraded
29.37,32.27381,32.18944,0.08437,11.05261,10.70638,0.34623,3.0063,3.0,85.0,0.00113,0.3,degraded
29.38,32.27381,32.19333,0.08048,11.05261,10.68573,0.36688,3.0112,2.9847,85.0,0.00098,0.3,degraded
29.39,32.27381,32.20156,0.07225,11.05261,10.67373,0.37887,3.0218,3.0,85.0,0.00417,0.3,degraded
29.4,32.27381,32.20329,0.07052,11.05261,10.66828,0.38433,3.0019,2.9761,85.0,0.00307,0.3,degraded
29.41,32.27381,32.2108,0.06301,11.05261,10.67122,0.38139,3.0235,3.0,85.0,0.00141,0.3,degraded
29.42,32.27381,32.2174,0.05641,11.05261,10.6668,0.38581,2.9941,3.0,85.0,0.00262,0.3,degraded
29.43,32.27381,32.23265,0.04116,11.05261,10.66629,0.38632,3.0296,3.0,85.0,0.00144,0.3,degraded
29.44,32.27381,32.24104,0.03277,11.05261,10.66241,0.3902,3.0077,3.0,85.0,0.00181,0.3,degraded
29.45,32.27381,32.25597,0.01784,11.05261,10.67082,0.38179,2.958,3.0,85.0,0.00165,0.3,degraded
29.46,32.27381,32.26421,0.0096,11.05261,10.6719,0.38071,2.9749,2.9901,85.0,0.00493,0.3,degraded
29.47,32.27381,32.27941,-0.00559,11.05261,10.69127,0.36134,2.9981,2.9903,85.0,0.00339,0.3,degraded
29.48,32.27381,32.28612,-0.01231,11.05261,10.72751,0.3251,3.0112,2.9843,85.0,0.00235,0.3,degraded
29.49,32.27381,32.29655,-0.02274,11.05261,10.76566,0.28695,3.0129,2.9909,85.0,0.00248,0.3,degraded
29.5,32.27381,32.30038,-0.02657,11.05261,10.79713,0.25548,3.0062,2.9878,85.0,0.00077,0.3,degraded
29.51,32.27381,32.30751,-0.03369,11.05261,10.83532,0.21729,3.0201,2.9884,85.0,0.00216,0.3,degraded
29.52,32.27381,32.30749,-0.03367,11.05261,10.86815,0.18446,2.9921,3.0,85.0,0.00143,0.3,degraded
29.53,32.27381,32.31295,-0.03914,11.05261,10.90884,0.14377,3.0044,3.0,85.0,0.0,0.3,degraded
29.54,32.27381,32.31367,-0.03986,11.05261,10.94383,0.10877,3.007,3.0,85.0,0.00192,0.3,degraded
29.55,32.27381,32.32272,-0.04891,11.05261,10.9853,0.06731,2.9848,2.9972,85.0,0.00233,0.3,degraded
29.56,32.27381,32.32134,-0.04753,11.05261,11.01993,0.03268,2.9823,3.0,85.0,4e-05,0.3,degraded
29.57,32.27381,32.32409,-0.05028,11.05261,11.06238,-0.00977,3.0009,3.0,85.0,0.00135,0.3,degraded
29.58,32.27381,32.32031,-0.04649,11.05261,11.09878,-0.04617,3.0166,2.9887,85.0,0.00233,0.3,degraded
29.59,32.27381,32.32215,-0.04833,11.05261,11.1432,-0.09059,2.9929,3.0,85.0,0.00082,0.3,degraded
29.6,32.27381,32.3204,-0.04659,11.05261,11.18126,-0.12865,3.0399,3.0,85.0,0.0015,0.3,degraded
29.61,32.27381,32.32645,-0.05263,11.05261,11.22611,-0.1735,2.9953,2.9953,85.0,0.00272,0.3,degraded
29.62,32.27381,32.32952,-0.05571,11.05261,11.26344,-0.21083,3.0007,3.0,85.0,0.0005,0.3,degraded
29.63,32.27381,32.33993,-0.06611,11.05261,11.30606,-0.25345,3.0171,2.9999,85.0,0.00097,0.3,degraded
29.64,32.27381,32.34603,-0.07222,11.05261,11.34287,-0.29026,3.0086,3.0,85.0,0.00298,0.3,degraded
29.65,32.27381,32.36045,-0.08664,11.05261,11.3839,-0.33129,3.0074,2.9712,85.0,0.00145,0.3,degraded
29.66,32.27381,32.37244,-0.09863,11.05261,11.41863,-0.36602,2.9952,2.9799,85.0,0.00137,0.3,degraded
29.67,32.27381,32.3941,-0.12029,11.05261,11.46084,-0.40823,2.9979,3.0,85.0,0.0021,0.3,degraded
29.68,32.27381,32.40718,-0.13336,11.05261,11.49782,-0.44521,2.9934,3.0,85.0,0.00297,0.3,degraded
29.69,32.27381,32.42656,-0.15274,11.05261,11.51935,-0.46674,3.0016,3.0,85.0,0.00316,0.3,degraded
29.7,32.27381,32.44032,-0.1665,11.05261,11.53297,-0.48036,2.9867,2.9691,85.0,0.00193,0.3,degraded
29.71,32.27381,32.45998,-0.18617,11.05261,11.55275,-0.50014,3.0208,2.9988,85.0,0.00201,0.3,degraded
29.72,32.27381,32.4742,-0.20039,11.05261,11.56534,-0.51273,2.9851,2.8079,85.0,0.00207,0.3,degraded
29.73,32.27381,32.4933,-0.21949,11.05261,11.57013,-0.51752,3.0299,3.0,85.0,0.00391,0.3,degraded
29.74,32.27381,32.49729,-0.22348,11.05261,11.56553,-0.51292,2.9884,2.9779,85.0,0.00192,0.3,degraded
29.75,32.27381,32.50474,-0.23093,11.05261,11.56719,-0.51458,3.0129,3.0,85.0,0.00095,0.3,degraded
29.76,32.27381,32.50863,-0.23482,11.05261,11.56169,-0.50908,2.9874,3.0,85.0,0.00299,0.3,degraded
29.77,32.27381,32.51601,-0.24219,11.05261,11.56651,-0.5139,2.9804,3.0,85.0,0.00458,0.3,degraded
29.78,32.27381,32.51112,-0.2373,11.05261,11.54192,-0.48931,2.9909,3.0,85.0,0.00337,0.3,degraded
29.79,32.27381,32.51057,-0.23676,11.05261,11.52189,-0.46928,3.0033,2.9747,85.0,0.00251,0.3,degraded
29.8,32.27381,32.50264,-0.22883,11.05261,11.491,-0.43839,3.0087,3.0,85.0,0.00143,0.3,degraded
29.81,32.27381,32.50205,-0.22823,11.05261,11.4687,-0.41609,3.0089,2.9933,85.0,0.00016,0.3,degraded
29.82,32.27381,32.49484,-0.22103,11.05261,11.44217,-0.38956,3.016,3.0,85.0,0.00177,0.3,degraded
29.83,32.27381,32.49395,-0.22014,11.05261,11.41726,-0.36465,3.0233,2.971,85.0,0.00114,0.3,degraded
29.84,32.27381,32.48679,-0.21298,11.05261,11.38751,-0.3349,3.0034,3.0,85.0,0.00425,0.3,degraded
29.85,32.27381,32.48333,-0.20952,11.05261,11.36896,-0.31635,2.5963,3.0,85.0,0.00438,0.3,degraded
29.86,32.27381,32.45054,-0.17672,11.05261,11.3457,-0.29309,2.9926,3.0,85.0,0.00229,0.3,degraded
29.87,32.27381,32.42676,-0.15295,11.05261,11.33039,-0.27778,2.9861,3.0,85.0,0.00055,0.3,degraded
29.88,32.27381,32.39637,-0.12256,11.05261,11.31116,-0.25855,2.9702,2.9832,85.0,0.00137,0.3,degraded
29.89,32.27381,32.37506,-0.10125,11.05261,11.29849,-0.24588,3.0076,3.0,85.0,0.00186,0.3,degraded
29.9,32.27381,32.34582,-0.07201,11.05261,11.28091,-0.2283,3.0071,2.9988,85.0,0.00027,0.3,degraded
29.91,32.27381,32.32421,-0.0504,11.05261,11.26928,-0.21667,2.998,2.9963,85.0,0.00142,0.3,degraded
29.92,32.27381,32.29311,-0.0193,11.05261,11.25156,-0.19895,3.0009,3.0,85.0,0.0022,0.3,degraded
29.93,32.27381,32.26617,0.00764,11.05261,11.24056,-0.18795,3.0151,2.9845,85.0,0.00067,0.3,degraded
29.94,32.27381,32.23317,0.04064,11.05261,11.22435,-0.17174,3.0227,3.0,85.0,0.00134,0.3,degraded
29.95,32.27381,32.20818,0.06563,11.05261,11.21632,-0.16371,2.9698,2.9897,85.0,0.00243,0.3,degraded
29.96,32.27381,32.17641,0.0974,11.05261,11.19952,-0.14691,2.9795,3.0,85.0,0.00096,0.3,degraded
29.97,32.27381,32.14936,0.12446,11.05261,11.1915,-0.13889,2.9881,3.0,85.0,0.00103,0.3,degraded
29.98,32.27381,32.11422,0.15959,11.05261,11.17642,-0.12381,2.9795,2.9938,85.0,0.00249,0.3,degraded
29.99,32.27381,32.08515,0.18866,11.05261,11.16566,-0.11305,3.0007,3.0,85.0,0.08163,0.3,degraded
30.0,0.0,32.01063,-32.01063,2.34641,11.10681,-8.7604,2.994,2.9896,85.0,0.3,0.3,degraded
30.01,-0.06808,30.66315,-30.73123,2.19638,9.99786,-7.80148,2.9939,2.9821,85.0,0.3,0.3,degraded
30.02,-0.13623,27.4359,-27.57212,2.04746,8.81495,-6.76749,3.0033,3.0,85.0,0.28552,0.3,degraded
30.03,-0.20451,22.6092,-22.8137,1.89966,7.77816,-5.8785,2.9768,3.0,85.0,0.00696,0.3,degraded
30.04,-0.27299,18.25243,-18.52542,1.75296,6.88898,-5.13603,2.9906,2.9923,85.0,0.15567,0.3,degraded
30.05,-0.34173,14.65583,-14.99756,1.60736,6.11474,-4.50738,2.993,3.0,85.0,0.16968,0.3,degraded
30.06,-0.41082,11.72005,-12.13087,1.46285,5.36081,-3.89796,3.0013,1.8151,85.0,0.12257,0.3,degraded
30.07,-0.4803,9.28127,-9.76157,1.31944,4.71035,-3.39091,2.9933,3.0,85.0,0.08802,0.3,degraded
30.08,-0.55025,7.29224,-7.84249,1.17711,4.1457,-2.96859,3.001,2.9795,85.0,0.07333,0.3,degraded
30.09,-0.62074,5.63003,-6.25077,1.03585,3.64293,-2.60707,3.0069,2.9957,85.0,0.06171,0.3,degraded
30.1,-0.69182,4.25047,-4.94229,0.89567,3.15638,-2.26071,3.0148,3.0,85.0,0.05508,0.3,degraded
30.11,-0.76357,3.12973,-3.89331,0.75655,2.72812,-1.97157,2.4951,2.9874,85.0,0.05847,0.3,degraded
30.12,-0.83605,2.20183,-3.03788,0.61849,2.35971,-1.74122,2.9927,3.0,85.0,0.04766,0.3,degraded
30.13,-0.90933,1.42622,-2.33555,0.48147,2.06168,-1.58022,2.9959,2.9961,85.0,0.04404,0.3,degraded
30.14,-0.98346,0.80843,-1.7919,0.34549,1.78185,-1.43636,3.0223,3.0,85.0,0.04828,0.3,degraded
30.15,-1.05852,0.29511,-1.35363,0.21054,1.52981,-1.31927,2.9865,3.0,85.0,0.00874,0.3,degraded
30.16,-1.13457,-0.20435,-0.93022,0.07661,1.29615,-1.21955,3.0069,3.0,85.0,0.01084,0.3,degraded
30.17,-1.21167,-0.56601,-0.64566,-0.05632,1.09359,-1.14991,2.9838,2.9841,85.0,0.00993,0.3,degraded
30.18,-1.28988,-0.91446,-0.37541,-0.18824,0.90828,-1.09652,3.0001,3.0,85.0,0.01469,0.3,degraded
30.19,-1.36926,-1.20289,-0.16637,-0.31917,0.75196,-1.07113,2.9791,2.9884,85.0,0.0164,0.3,degraded
30.2,-1.44989,-1.44692,-0.00297,-0.44912,0.6118,-1.06092,2.9894,3.0,85.0,0.00919,0.3,degraded
30.21,-1.53181,-1.66833,0.13652,-0.57811,0.49917,-1.07728,3.0059,3.0,85.0,0.00777,0.3,degraded
30.22,-1.61509,-1.87058,0.25549,-0.70614,0.39224,-1.09838,2.9883,2.9937,85.0,0.00758,0.3,degraded
30.23,-1.69979,-2.02965,0.32986,-0.83323,0.29296,-1.12619,3.0068,3.0,85.0,0.00529,0.3,degraded
30.24,-1.78597,-2.17647,0.3905,-0.95939,0.18824,-1.14763,2.9941,3.0,85.0,0.00893,0.3,degraded
30.25,-1.87368,-2.29913,0.42545,-1.08463,0.06728,-1.15191,3.006,3.0,85.0,0.00776,0.3,degraded
30.26,-1.96298,-2.40974,0.44675,-1.20896,-0.07651,-1.13245,3.0051,3.0,85.0,0.00795,0.3,degraded
30.27,-2.05394,-2.50452,0.45058,-1.3324,-0.19371,-1.13869,3.0021,3.0,85.0,0.0031,0.3,degraded
30.28,-2.1466,-2.60371,0.45711,-1.45497,-0.30898,-1.14598,3.0113,2.9784,85.0,0.0087,0.3,degraded
30.29,-2.24103,-2.69856,0.45753,-1.57666,-0.50914,-1.06753,2.9893,3.0,85.0,0.00887,0.3,degraded
30.3,-2.33727,-2.79806,0.4608,-1.69751,-0.69529,-1.00222,2.9841,3.0,85.0,0.00527,0.3,degraded
30.31,-2.43538,-2.88516,0.44978,-1.81752,-0.855,-0.96252,2.9803,2.987,85.0,0.00976,0.3,degraded
30.32,-2.53541,-2.95645,0.42104,-1.93671,-0.99905,-0.93766,3.0087,3.0,85.0,0.01041,0.3,degraded
30.33,-2.63742,-2.99982,0.36241,-2.05509,-1.11371,-0.94139,3.0061,3.0,85.0,0.00325,0.3,degraded
30.34,-2.74145,-3.04975,0.30831,-2.17269,-1.22082,-0.95186,2.9905,2.9822,85.0,0.00109,0.3,degraded
30.35,-2.84755,-3.09447,0.24692,-2.2895,-1.32174,-0.96776,2.9928,3.0,85.0,0.00256,0.3,degraded
30.36,-2.95578,-3.1464,0.19061,-2.40556,-1.42585,-0.97971,3.0025,2.9924,85.0,0.00158,0.3,degraded
30.37,-3.06618,-3.19004,0.12386,-2.52087,-1.52208,-0.99879,3.0035,2.9994,85.0,0.00097,0.3,degraded
30.38,-3.1788,-3.24103,0.06223,-2.63546,-1.62641,-1.00905,3.0041,3.0,85.0,0.00268,0.3,degraded
30.39,-3.29368,-3.28412,-0.00956,-2.74933,-1.72625,-1.02308,3.0014,3.0,85.0,0.00195,0.3,degraded
30.4,-3.41087,-3.33273,-0.07813,-2.86252,-1.83585,-1.02666,3.0075,3.0,85.0,0.00667,0.3,degraded
30.41,-3.53041,-3.37383,-0.15658,-2.97502,-1.96247,-1.01255,3.0118,2.9888,85.0,0.00598,0.3,degraded
30.42,-3.65234,-3.41929,-0.23305,-3.08686,-2.11718,-0.96969,3.0199,2.9923,85.0,0.00561,0.3,degraded
30.43,-3.77671,-3.462,-0.31471,-3.19807,-2.24559,-0.95248,2.9916,2.9908,85.0,0.00427,0.3,degraded
30.44,-3.90355,-3.51468,-0.38887,-3.30864,-2.35665,-0.95199,2.9874,2.9918,85.0,0.0139,0.3,degraded
30.45,-4.03291,-3.62484,-0.40806,-3.41861,-2.45469,-0.96392,2.9934,2.9984,85.0,0.00922,0.3,degraded
30.46,-4.16481,-3.76857,-0.39625,-3.52799,-2.55934,-0.96865,2.9982,3.0,85.0,0.00879,0.3,degraded
30.47,-4.29931,-3.88668,-0.41263,-3.6368,-2.68683,-0.94997,2.9789,2.9954,85.0,0.00661,0.3,degraded
30.48,-4.43642,-3.99455,-0.44187,-3.74506,-2.82412,-0.92094,2.9982,3.0,85.0,0.00687,0.3,degraded
30.49,-4.57619,-4.08897,-0.48722,-3.85278,-2.93324,-0.91954,2.9804,2.9924,85.0,0.00342,0.3,degraded
30.5,-4.71865,-4.18533,-0.53332,-3.95999,-3.03576,-0.92422,2.9796,2.9961,85.0,0.00203,0.3,degraded
30.51,-4.86383,-4.27534,-0.58849,-4.0667,-3.13314,-0.93355,2.9793,3.0,85.0,0.00196,0.3,degraded
30.52,-5.01176,-4.37086,-0.6409,-4.17293,-3.23955,-0.93338,3.0372,2.9954,85.0,0.0046,0.3,degraded
30.53,-5.16247,-4.47814,-0.68433,-4.2787,-3.35002,-0.92867,3.0015,3.0,85.0,0.00796,0.3,degraded
30.54,-5.31598,-4.59843,-0.71755,-4.38403,-3.4782,-0.90583,3.0409,3.0,85.0,0.00844,0.3,degraded
30.55,-5.47233,-4.76623,-0.7061,-4.48893,-3.61079,-0.87815,2.9946,3.0,85.0,0.00884,0.3,degraded
30.56,-5.63153,-4.93583,-0.69569,-4.59344,-3.72953,-0.86391,3.0054,2.9912,85.0,0.00718,0.3,degraded
30.57,-5.7936,-5.08237,-0.71124,-4.69756,-3.83106,-0.8665,3.0026,3.0,85.0,0.00632,0.3,degraded
30.58,-5.95858,-5.2167,-0.74188,-4.80132,-3.93672,-0.8646,2.9892,2.9978,85.0,0.00166,0.3,degraded
30.59,-6.12648,-5.35903,-0.76745,-4.90474,-4.03554,-0.86919,3.0016,3.0,85.0,0.0034,0.3,degraded
30.6,-6.29731,-5.50932,-0.78799,-5.00783,-4.14173,-0.8661,3.0305,2.9749,85.0,0.01356,0.3,degraded
30.61,-6.4711,-5.66594,-0.80516,-5.11061,-4.24081,-0.8698,2.9881,2.9963,85.0,0.01214,0.3,degraded
30.62,-6.64787,-5.93186,-0.71601,-5.21311,-4.34681,-0.8663,2.995,2.9948,85.0,0.00485,0.3,degraded
30.63,-6.82762,-6.17068,-0.65694,-5.31534,-4.44748,-0.86786,3.0022,2.9645,85.0,0.0075,0.3,degraded
30.64,-7.01037,-6.3973,-0.61307,-5.41733,-4.56057,-0.85675,2.9845,3.0,85.0,0.00366,0.3,degraded
30.65,-7.19613,-6.60019,-0.59594,-5.51908,-4.67073,-0.84835,2.9996,3.0,85.0,0.00557,0.3,degraded
30.66,-7.38491,-6.79223,-0.59268,-5.62063,-4.7933,-0.82733,3.0255,2.9812,85.0,0.00638,0.3,degraded
30.67,-7.57672,-6.95849,-0.61823,-5.722,-4.91547,-0.80653,2.9885,2.9878,85.0,0.00759,0.3,degraded
30.68,-7.77156,-7.11169,-0.65987,-5.82319,-5.02525,-0.79794,3.0023,3.0,85.0,0.00517,0.3,degraded
30.69,-7.96945,-7.24068,-0.72877,-5.92423,-5.12528,-0.79896,2.9871,3.0,85.0,0.00595,0.3,degraded
30.7,-8.17038,-7.35803,-0.81235,-6.02515,-5.22972,-0.79543,3.002,2.9892,85.0,0.00819,0.3,degraded
30.71,-8.37436,-7.56564,-0.80872,-6.12596,-5.32674,-0.79922,2.9945,2.9873,85.0,0.00898,0.3,degraded
30.72,-8.58139,-7.76308,-0.81831,-6.22667,-5.43079,-0.79588,3.0176,2.9866,85.0,0.00527,0.3,degraded
30.73,-8.79147,-7.93891,-0.85256,-6.32731,-5.52941,-0.7979,2.9918,3.0,85.0,0.00463,0.3,degraded
30.74,-9.00459,-8.10353,-0.90106,-6.4279,-5.63539,-0.79252,3.0032,3.0,85.0,0.00182,0.3,degraded
30.75,-9.22075,-8.24788,-0.97288,-6.52846,-5.73664,-0.79182,2.9917,3.0,85.0,0.01865,0.3,degraded
30.76,-9.43996,-8.43716,-1.0028,-6.62901,-5.84197,-0.78704,2.9829,2.9871,85.0,0.01577,0.3,degraded
30.77,-9.66219,-8.74429,-0.9179,-6.72956,-5.94151,-0.78805,3.0036,3.0,85.0,0.00407,0.3,degraded
30.78,-9.88744,-9.03728,-0.85017,-6.83013,-6.05043,-0.7797,2.9973,2.9827,85.0,0.00662,0.3,degraded
30.79,-10.11571,-9.3039,-0.81181,-6.93075,-6.15034,-0.78041,2.9763,3.0,85.0,0.00467,0.3,degraded
30.8,-10.34697,-9.55692,-0.79006,-7.03142,-6.25534,-0.77609,2.9917,2.9886,85.0,0.00375,0.3,degraded
30.81,-10.58123,-9.78744,-0.79379,-7.13218,-6.35507,-0.77711,3.0029,2.9853,85.0,0.00536,0.3,degraded
30.82,-10.81846,-10.00548,-0.81298,-7.23304,-6.4625,-0.77053,2.9867,2.9967,85.0,0.00523,0.3,degraded
30.83,-11.05864,-10.19574,-0.86291,-7.33401,-6.5633,-0.7707,3.0026,2.9982,85.0,0.00446,0.3,degraded
30.84,-11.30177,-10.37311,-0.92866,-7.43511,-6.67046,-0.76466,3.0033,3.0,85.0,0.00558,0.3,degraded
30.85,-11.54782,-10.52403,-1.02379,-7.53637,-6.77076,-0.76562,3.0018,2.9989,85.0,0.01551,0.3,degraded
30.86,-11.79677,-10.72812,-1.06864,-7.6378,-6.90239,-0.73541,3.0329,2.9942,85.0,0.01281,0.3,degraded
30.87,-12.0486,-11.00405,-1.04454,-7.73942,-7.0132,-0.72622,2.9744,2.9792,85.0,0.0073,0.3,degraded
30.88,-12.30328,-11.26906,-1.03422,-7.84124,-7.11818,-0.72307,3.0037,2.9928,85.0,0.0055,0.3,degraded
30.89,-12.5608,-11.50793,-1.05287,-7.94329,-7.21777,-0.72552,2.9939,3.0,85.0,0.0039,0.3,degraded
30.9,-12.82112,-11.73239,-1.08873,-8.04557,-7.32358,-0.722,3.016,3.0,85.0,0.00439,0.3,degraded
30.91,-13.08422,-11.93269,-1.15153,-8.14811,-7.42202,-0.72609,3.0051,2.9961,85.0,0.00529,0.3,degraded
30.92,-13.35007,-12.1227,-1.22736,-8.25092,-7.52554,-0.72539,3.0006,3.0,85.0,0.0088,0.3,degraded
30.93,-13.61863,-12.36065,-1.25798,-8.35402,-7.62501,-0.72902,2.996,3.0,85.0,0.00988,0.3,degraded
30.94,-13.88988,-12.63338,-1.2565,-8.45743,-7.7324,-0.72503,3.0098,2.9976,85.0,0.00593,0.3,degraded
30.95,-14.16378,-12.88094,-1.28284,-8.56116,-7.83189,-0.72926,3.0135,3.0,85.0,0.00354,0.3,degraded
30.96,-14.4403,-13.11875,-1.32155,-8.66522,-7.9374,-0.72782,2.9939,2.9936,85.0,0.00415,0.3,degraded
30.97,-14.7194,-13.33374,-1.38566,-8.76963,-8.03551,-0.73413,2.9941,2.988,85.0,0.00841,0.3,degraded
30.98,-15.00104,-13.59691,-1.40413,-8.87441,-8.14182,-0.73259,3.011,3.0,85.0,0.00635,0.3,degraded
30.99,-15.28519,-13.87556,-1.40963,-8.97958,-8.24229,-0.73728,2.991,2.978,85.0,0.00358,0.3,degraded
31.0,-15.5718,-14.14325,-1.42855,-9.08513,-8.34985,-0.73528,2.9717,2.9883,85.0,0.00561,0.3,degraded
31.01,-15.86083,-14.38741,-1.47342,-9.1911,-8.45112,-0.73998,2.9904,2.9948,85.0,0.00644,0.3,degraded
31.02,-16.15224,-14.65253,-1.49971,-9.29749,-8.57802,-0.71947,3.0043,2.9796,85.0,0.00578,0.3,degraded
31.03,-16.44599,-14.94721,-1.49878,-9.40432,-8.67817,-0.72615,3.0221,3.0,85.0,0.00584,0.3,degraded
31.04,-16.74202,-15.22984,-1.51219,-9.5116,-8.79291,-0.71869,3.009,3.0,85.0,0.00476,0.3,degraded
31.05,-17.0403,-15.48592,-1.55438,-9.61934,-8.89285,-0.72649,2.9945,3.0,85.0,0.00042,0.3,degraded
31.06,-17.34077,-15.75463,-1.58614,-9.72756,-8.99899,-0.72857,3.0029,3.0,85.0,0.00485,0.3,degraded
31.07,-17.64339,-16.01814,-1.62525,-9.83627,-9.10315,-0.73312,3.0131,2.9905,85.0,0.00197,0.3,degraded
31.08,-17.9481,-16.294,-1.6541,-9.94548,-9.20997,-0.73551,2.9965,3.0,85.0,0.01274,0.3,degraded
31.09,-18.25485,-16.64088,-1.61397,-10.0552,-9.32675,-0.72844,2.9895,2.9642,85.0,0.01216,0.3,degraded
31.1,-18.5636,-16.97599,-1.58761,-10.16544,-9.49097,-0.67447,2.9848,3.0,85.0,0.00835,0.3,degraded
31.11,-18.87428,-17.28746,-1.58682,-10.27622,-9.62783,-0.64839,2.9786,2.9855,85.0,0.00839,0.3,degraded
31.12,-19.18684,-17.58773,-1.5991,-10.38754,-9.74573,-0.64182,3.0074,2.9925,85.0,0.00822,0.3,degraded
31.13,-19.50122,-17.86422,-1.637,-10.49942,-9.84409,-0.65533,3.0024,2.977,85.0,0.00277,0.3,degraded
31.14,-19.81738,-18.16092,-1.65645,-10.61187,-9.94886,-0.66301,3.0015,2.9845,85.0,0.00185,0.3,degraded
31.15,-20.13524,-18.45361,-1.68162,-10.72489,-10.04593,-0.67896,3.0039,3.0,85.0,0.00339,0.3,degraded
31.16,-20.45475,-18.75608,-1.69866,-10.83849,-10.15106,-0.68743,3.002,2.9915,85.0,0.0025,0.3,degraded
31.17,-20.77584,-19.06275,-1.7131,-10.95268,-10.24917,-0.70351,2.9879,2.9836,85.0,0.00898,0.3,degraded
31.18,-21.09847,-19.38082,-1.71765,-11.06748,-10.35415,-0.71332,3.0094,3.0,85.0,0.00977,0.3,degraded
31.19,-21.42256,-19.77333,-1.64923,-11.18288,-10.45103,-0.73185,3.0123,3.0,85.0,0.00546,0.3,degraded
31.2,-21.74805,-20.15246,-1.59559,-11.2989,-10.55545,-0.74346,2.9966,3.0,85.0,0.00589,0.3,degraded
31.21,-22.07488,-20.50906,-1.56582,-11.41555,-10.66715,-0.74839,3.0171,3.0,85.0,0.00524,0.3,degraded
31.22,-22.40299,-20.85437,-1.54861,-11.53282,-10.78058,-0.75224,3.0079,2.9867,85.0,0.00715,0.3,degraded
31.23,-22.7323,-21.1742,-1.5581,-11.65073,-10.89137,-0.75936,2.9762,2.992,85.0,0.00662,0.3,degraded
31.24,-23.06274,-21.48162,-1.58112,-11.76928,-11.02402,-0.74527,3.0194,2.9957,85.0,0.0045,0.3,degraded
31.25,-23.39426,-21.7635,-1.63076,-11.88848,-11.13711,-0.75137,2.9864,3.0,85.0,0.00374,0.3,degraded
31.26,-23.72679,-22.04511,-1.68168,-12.00834,-11.27353,-0.73481,2.9966,3.0,85.0,0.00462,0.3,degraded
31.27,-24.06025,-22.35928,-1.70097,-12.12885,-11.3887,-0.74015,2.994,3.0,85.0,0.0061,0.3,degraded
31.28,-24.39457,-22.67256,-1.72201,-12.25002,-11.5018,-0.74822,3.0145,2.9886,85.0,0.00934,0.3,degraded
31.29,-24.72969,-22.96346,-1.76622,-12.37186,-11.61255,-0.75931,2.9987,2.9994,85.0,0.01126,0.3,degraded
31.3,-25.06552,-23.36818,-1.69734,-12.49436,-11.75429,-0.74007,3.0118,2.9946,85.0,0.01342,0.3,degraded
31.31,-25.40201,-23.74663,-1.65538,-12.61754,-11.86797,-0.74957,3.0145,2.9689,85.0,0.00809,0.3,degraded
31.32,-25.73908,-24.11209,-1.62699,-12.74139,-11.97592,-0.76547,2.9749,3.0,85.0,0.00715,0.3,degraded
31.33,-26.07666,-24.45299,-1.62367,-12.86592,-12.10895,-0.75697,3.0336,3.0,85.0,0.00431,0.3,degraded
31.34,-26.41466,-24.78222,-1.63244,-12.99112,-12.23618,-0.75495,3.0068,2.9938,85.0,0.00842,0.3,degraded
31.35,-26.75303,-25.08734,-1.66568,-13.117,-12.33916,-0.77785,3.0087,3.0,85.0,0.00882,0.3,degraded
31.36,-27.09167,-25.38066,-1.71101,-13.24357,-12.50579,-0.73777,2.9876,3.0,85.0,0.00388,0.3,degraded
31.37,-27.43053,-25.67583,-1.75469,-13.37081,-12.64412,-0.72668,3.004,2.9992,85.0,0.00812,0.3,degraded
31.38,-27.76951,-25.98623,-1.78329,-13.49873,-12.76378,-0.73494,3.0059,2.9868,85.0,0.0173,0.3,degraded
31.39,-28.10856,-26.38995,-1.71861,-13.62732,-12.86348,-0.76384,3.0043,2.9793,85.0,0.01294,0.3,degraded
31.4,-28.44758,-26.81204,-1.63554,-13.7566,-12.98143,-0.77517,3.031,2.9866,85.0,0.00778,0.3,degraded
31.41,-28.78651,-27.21465,-1.57186,-13.88655,-13.09177,-0.79478,3.0065,3.0,85.0,0.00567,0.3,degraded
31.42,-29.12527,-27.60608,-1.51919,-14.01717,-13.21302,-0.80415,2.9996,2.9847,85.0,0.0041,0.3,degraded
31.43,-29.46377,-27.97345,-1.49033,-14.14847,-13.34262,-0.80584,2.9978,3.0,85.0,0.00554,0.3,degraded
31.44,-29.80195,-28.32882,-1.47313,-14.28043,-13.45897,-0.82145,3.0116,3.0,85.0,0.00654,0.3,degraded
31.45,-30.13973,-28.65937,-1.48036,-14.41305,-13.60417,-0.80888,2.9948,3.0,85.0,0.00532,0.3,degraded
31.46,-30.47702,-28.97659,-1.50043,-14.54634,-13.73457,-0.81177,2.9836,3.0,85.0,0.01372,0.3,degraded
31.47,-30.81375,-29.26773,-1.54602,-14.68027,-13.86691,-0.81337,2.9724,2.9961,85.0,0.01305,0.3,degraded
31.48,-31.14985,-29.548,-1.60185,-14.81486,-14.08266,-0.7322,3.0301,2.9972,85.0,0.00776,0.3,degraded
31.49,-31.48522,-29.80627,-1.67895,-14.9501,-14.26695,-0.68314,2.9922,3.0,85.0,0.01606,0.3,degraded
31.5,-31.81981,-30.18129,-1.63851,-15.08597,-14.43348,-0.65249,2.9839,2.9869,85.0,0.01461,0.3,degraded
31.51,-32.15352,-30.52951,-1.62401,-15.22248,-14.57223,-0.65025,3.0075,3.0,85.0,0.00848,0.3,degraded
31.52,-32.48628,-30.86448,-1.62179,-15.35961,-14.6954,-0.66421,2.9952,2.9903,85.0,0.00744,0.3,degraded
31.53,-32.81801,-31.17071,-1.6473,-15.49736,-14.79696,-0.70039,3.012,3.0,85.0,0.00671,0.3,degraded
31.54,-33.14863,-31.4631,-1.68553,-15.63571,-14.90265,-0.73307,3.0103,3.0,85.0,0.00254,0.3,degraded
31.55,-33.47807,-31.75415,-1.72392,-15.77468,-15.00036,-0.77431,2.9975,2.9962,85.0,0.00365,0.3,degraded
31.56,-33.80625,-32.06709,-1.73916,-15.91423,-15.1063,-0.80793,2.9935,3.0,85.0,0.00548,0.3,degraded
31.57,-34.13309,-32.35544,-1.77766,-16.05437,-15.20635,-0.84802,2.9885,3.0,85.0,0.01417,0.3,degraded
31.58,-34.45852,-32.8019,-1.65662,-16.19508,-15.33333,-0.86176,2.984,2.9929,85.0,0.02551,0.3,degraded
31.59,-34.78245,-33.22163,-1.56082,-16.33636,-15.4824,-0.85396,2.9737,3.0,85.0,0.01244,0.3,degraded
31.6,-35.10481,-33.62659,-1.47822,-16.47819,-15.68379,-0.7944,2.9898,3.0,85.0,0.00875,0.3,degraded
31.61,-35.42553,-34.00455,-1.42098,-16.62056,-15.85554,-0.76503,2.9926,3.0,85.0,0.00957,0.3,degraded
31.62,-35.74452,-34.37065,-1.37387,-16.76347,-16.01065,-0.75282,3.0033,2.9894,85.0,0.01033,0.3,degraded
31.63,-36.06171,-34.71236,-1.34935,-16.90689,-16.13663,-0.77026,3.0002,2.9956,85.0,0.00822,0.3,degraded
31.64,-36.37703,-35.03946,-1.33757,-17.05082,-16.24926,-0.80155,3.0072,2.9951,85.0,0.0061,0.3,degraded
31.65,-36.6904,-35.34151,-1.3489,-17.19524,-16.34869,-0.84655,3.0061,3.0,85.0,0.00772,0.3,degraded
31.66,-37.00175,-35.63238,-1.36938,-17.34015,-16.46589,-0.87425,2.996,3.0,85.0,0.00451,0.3,degraded
31.67,-37.31101,-35.89931,-1.4117,-17.48552,-16.57915,-0.90636,2.9861,3.0,85.0,0.00555,0.3,degraded
31.68,-37.61809,-36.15599,-1.4621,-17.63134,-16.73867,-0.89267,3.0076,2.9806,85.0,0.00664,0.3,degraded
31.69,-37.92293,-36.38854,-1.5344,-17.7776,-16.86757,-0.91003,3.0027,3.0,85.0,0.01769,0.3,degraded
31.7,-38.22546,-36.6758,-1.54966,-17.92428,-17.03442,-0.88986,3.0089,3.0,85.0,0.01593,0.3,degraded
31.71,-38.5256,-36.98157,-1.54403,-18.07137,-17.25555,-0.81582,2.992,3.0,85.0,0.01011,0.3,degraded
31.72,-38.82329,-37.27483,-1.54846,-18.21885,-17.46086,-0.75799,3.0091,2.9822,85.0,0.00762,0.3,degraded
31.73,-39.11844,-37.54754,-1.5709,-18.3667,-17.64148,-0.72522,2.9893,2.9901,85.0,0.00792,0.3,degraded
31.74,-39.411,-37.81016,-1.60085,-18.51492,-17.80692,-0.708,3.007,3.0,85.0,0.00672,0.3,degraded
31.75,-39.7009,-38.0641,-1.6368,-18.66347,-17.94248,-0.72099,2.9961,3.0,85.0,0.00509,0.3,degraded
31.76,-39.98806,-38.32663,-1.66143,-18.81234,-18.06359,-0.74876,3.0143,3.0,85.0,0.00879,0.3,degraded
31.77,-40.27242,-38.61135,-1.66108,-18.96152,-18.16512,-0.7964,2.9844,2.9817,85.0,0.00794,0.3,degraded
31.78,-40.55392,-38.93084,-1.62308,-19.11099,-18.26917,-0.84182,2.9907,3.0,85.0,0.00531,0.3,degraded
31.79,-40.83248,-39.22386,-1.60862,-19.26072,-18.36834,-0.89238,2.9878,2.9946,85.0,0.00493,0.3,degraded
31.8,-41.10805,-39.50362,-1.60443,-19.4107,-18.47503,-0.93567,2.9779,3.0,85.0,0.00824,0.3,degraded
31.81,-41.38055,-39.75939,-1.62116,-19.5609,-18.59901,-0.9619,2.9894,3.0,85.0,0.00293,0.3,degraded
31.82,-41.64993,-40.02364,-1.6263,-19.71132,-18.72594,-0.98538,2.9834,3.0,85.0,0.00961,0.3,degraded
31.83,-41.91613,-40.34492,-1.57121,-19.86192,-18.88477,-0.97716,3.0067,2.9742,85.0,0.00889,0.3,degraded
31.84,-42.17908,-40.65486,-1.52422,-20.01269,-19.04172,-0.97097,3.0002,2.9923,85.0,0.00951,0.3,degraded
31.85,-42.43872,-40.94082,-1.4979,-20.16361,-19.17112,-0.99249,2.9806,2.9913,85.0,0.00765,0.3,degraded
31.86,-42.695,-41.21309,-1.48191,-20.31465,-19.3346,-0.98005,2.9967,2.9761,85.0,0.00938,0.3,degraded
31.87,-42.94786,-41.45924,-1.48862,-20.46579,-19.50267,-0.96312,3.0163,3.0,85.0,0.00622,0.3,degraded
31.88,-43.19724,-41.71178,-1.48546,-20.61701,-19.65594,-0.96107,2.9789,2.9924,85.0,0.00501,0.3,degraded
31.89,-43.44308,-41.96633,-1.47675,-20.76828,-19.78411,-0.98418,3.0018,3.0,85.0,0.01138,0.3,degraded
31.9,-43.68533,-42.21918,-1.46616,-20.91959,-19.94559,-0.974,3.0101,2.9925,85.0,0.01125,0.3,degraded
31.91,-43.92395,-42.49652,-1.42742,-21.07091,-20.14576,-0.92515,2.9856,2.9975,85.0,0.00836,0.3,degraded
31.92,-44.15886,-42.7616,-1.39727,-21.22222,-20.33179,-0.89043,2.9798,3.0,85.0,0.00931,0.3,degraded
31.93,-44.39003,-42.99866,-1.39138,-21.37349,-20.49182,-0.88167,3.0174,2.9876,85.0,0.00618,0.3,degraded
31.94,-44.61741,-43.23163,-1.38578,-21.5247,-20.63713,-0.88757,3.005,3.0,85.0,0.00475,0.3,degraded
31.95,-44.84094,-43.46666,-1.37428,-21.67582,-20.75493,-0.92088,3.0126,3.0,85.0,0.0041,0.3,degraded
31.96,-45.06059,-43.71143,-1.34915,-21.82683,-20.86696,-0.95986,3.0131,2.9912,85.0,0.00869,0.3,degraded
31.97,-45.27629,-43.96514,-1.31115,-21.9777,-20.99541,-0.98229,3.0087,3.0,85.0,0.00496,0.3,degraded
31.98,-45.48801,-44.20744,-1.28058,-22.12841,-21.13914,-0.98928,2.9937,2.9873,85.0,0.01685,0.3,degraded
31.99,-45.69571,-44.423,-1.27271,-22.27894,-21.28812,-0.99082,3.0103,3.0,85.0,0.02293,0.3,degraded
32.0,-45.89935,-44.69522,-1.20412,-22.42925,-21.56128,-0.86796,3.0153,2.9567,85.0,0.01236,0.3,degraded
32.01,-46.09887,-44.98856,-1.11031,-22.57931,-21.80788,-0.77143,3.0092,2.9778,85.0,0.0097,0.3,degraded
32.02,-46.29425,-45.2676,-1.02665,-22.72912,-22.03462,-0.6945,2.9967,2.991,85.0,0.01111,0.3,degraded
32.03,-46.48544,-45.52034,-0.9651,-22.87862,-22.22971,-0.64892,3.0224,3.0,85.0,0.00856,0.3,degraded
32.04,-46.67242,-45.7631,-0.90932,-23.02781,-22.40843,-0.61939,2.9932,3.0,85.0,0.008,0.3,degraded
32.05,-46.85513,-45.98162,-0.87351,-23.17665,-22.5595,-0.61715,2.9837,3.0,85.0,0.01086,0.3,degraded
32.06,-47.03356,-46.18645,-0.84711,-23.32511,-22.69517,-0.62994,3.002,2.9675,85.0,0.0085,0.3,degraded
32.07,-47.20767,-46.36678,-0.84089,-23.47317,-22.79937,-0.6738,3.0051,3.0,85.0,0.00567,0.3,degraded
32.08,-47.37742,-46.53463,-0.84279,-23.62079,-22.90392,-0.71687,2.9918,3.0,85.0,0.00633,0.3,degraded
32.09,-47.54279,-46.67723,-0.86556,-23.76796,-23.00293,-0.76503,3.0357,3.0,85.0,0.00505,0.3,degraded
32.1,-47.70375,-46.8077,-0.89605,-23.91464,-23.10935,-0.80528,3.0332,3.0,85.0,0.00055,0.3,degraded
32.11,-47.86027,-46.95474,-0.90553,-24.0608,-23.20978,-0.85102,2.996,2.99,85.0,0.0034,0.3,degraded
32.12,-48.01233,-47.09081,-0.92152,-24.20641,-23.3143,-0.89211,3.0143,2.9937,85.0,0.01255,0.3,degraded
32.13,-48.15991,-47.32159,-0.83832,-24.35145,-23.41447,-0.93697,2.9926,3.0,85.0,0.01057,0.3,degraded
32.14,-48.30298,-47.56882,-0.73415,-24.49588,-23.52092,-0.97495,2.9787,2.9873,85.0,0.00514,0.3,degraded
32.15,-48.44152,-47.79183,-0.64969,-24.63968,-23.62127,-1.01841,2.9941,3.0,85.0,0.00523,0.3,degraded
32.16,-48.57552,-48.00288,-0.57264,-24.78281,-23.73576,-1.04705,3.0115,2.9946,85.0,0.01502,0.3,degraded
32.17,-48.70495,-48.19172,-0.51323,-24.92525,-23.88619,-1.03906,2.997,2.989,85.0,0.0141,0.3,degraded
32.18,-48.8298,-48.36693,-0.46287,-25.06697,-24.09841,-0.96856,2.9864,2.9834,85.0,0.00903,0.3,degraded
32.19,-48.95007,-48.51659,-0.43347,-25.20794,-24.28332,-0.92462,2.9919,2.9975,85.0,0.00837,0.3,degraded
32.2,-49.06572,-48.65321,-0.41251,-25.34813,-24.45175,-0.89638,2.9909,2.984,85.0,0.00938,0.3,degraded
32.21,-49.17676,-48.7638,-0.41296,-25.4875,-24.59472,-0.89278,2.9998,3.0,85.0,0.00857,0.3,degraded
32.22,-49.28317,-48.86635,-0.41682,-25.62603,-24.72113,-0.9049,2.9998,3.0,85.0,0.0044,0.3,degraded
32.23,-49.38495,-48.95919,-0.42576,-25.76368,-24.82451,-0.93917,2.995,3.0,85.0,0.00318,0.3,degraded
32.24,-49.48209,-49.05319,-0.4289,-25.90043,-24.92957,-0.97086,2.9824,3.0,85.0,0.00216,0.3,degraded
32.25,-49.57458,-49.14039,-0.43419,-26.03625,-25.02655,-1.0097,3.0048,2.9736,85.0,0.00336,0.3,degraded
32.26,-49.66242,-49.23371,-0.42871,-26.1711,-25.16473,-1.00637,3.0094,2.9951,85.0,0.00254,0.3,degraded
32.27,-49.74561,-49.32057,-0.42504,-26.30496,-25.28641,-1.01855,3.0062,3.0,85.0,0.0044,0.3,degraded
32.28,-49.82416,-49.41303,-0.41112,-26.43779,-25.40508,-1.03271,3.006,3.0,85.0,0.00617,0.3,degraded
32.29,-49.89805,-49.49789,-0.40016,-26.56957,-25.55254,-1.01703,3.0093,3.0,85.0,0.0047,0.3,degraded
32.3,-49.96729,-49.58633,-0.38096,-26.70026,-25.71589,-0.98436,3.0085,2.9948,85.0,0.00607,0.3,degraded
32.31,-50.0319,-49.66721,-0.36469,-26.82983,-25.85333,-0.9765,3.0004,3.0,85.0,0.00507,0.3,degraded
32.32,-50.09187,-49.75408,-0.33779,-26.95825,-25.97511,-0.98314,2.9928,2.9948,85.0,0.00711,0.3,degraded
32.33,-50.14721,-49.83041,-0.3168,-27.08549,-26.09364,-0.99185,2.9851,3.0,85.0,0.00801,0.3,degraded
32.34,-50.19793,-49.91043,-0.2875,-27.21152,-26.27282,-0.93871,2.9861,2.9712,85.0,0.00481,0.3,degraded
32.35,-50.24405,-49.98596,-0.25809,-27.33632,-26.42199,-0.91433,3.0056,3.0,85.0,0.00465,0.3,degraded
32.36,-50.28557,-50.06719,-0.21838,-27.45984,-26.55595,-0.90389,3.013,3.0,85.0,0.0063,0.3,degraded
32.37,-50.32251,-50.14115,-0.18136,-27.58206,-26.66202,-0.92004,2.9994,3.0,85.0,0.00284,0.3,degraded
32.38,-50.35488,-50.22045,-0.13443,-27.70295,-26.76671,-0.93624,3.0007,2.9715,85.0,0.00081,0.3,degraded
32.39,-50.3827,-50.2941,-0.0886,-27.82247,-26.86499,-0.95748,2.985,2.9907,85.0,0.0042,0.3,degraded
32.4,-50.406,-50.37114,-0.03486,-27.94061,-26.99869,-0.94191,3.0235,3.0,85.0,0.00217,0.3,degraded
32.41,-50.42478,-50.44347,0.01869,-28.05732,-27.10696,-0.95036,2.9884,3.0,85.0,0.00698,0.3,degraded
32.42,-50.43907,-50.51491,0.07584,-28.17257,-27.21925,-0.95332,2.1537,3.0,85.0,0.01623,0.3,degraded
32.43,-50.4489,-50.53041,0.08151,-28.28634,-27.36071,-0.92563,3.0043,2.986,85.0,0.00781,0.3,degraded
32.44,-50.45428,-50.55306,0.09878,-28.3986,-27.54656,-0.85204,2.9684,3.0,85.0,0.00375,0.3,degraded
32.45,-50.45525,-50.56944,0.11419,-28.50932,-27.70621,-0.80311,3.0051,3.0,85.0,0.00533,0.3,degraded
32.46,-50.45183,-50.59183,0.14,-28.61846,-27.85184,-0.76663,2.9958,3.0,85.0,0.00485,0.3,degraded
32.47,-50.44405,-50.60815,0.1641,-28.726,-27.97319,-0.75282,2.9972,3.0,85.0,0.00366,0.3,degraded
32.48,-50.43194,-50.63176,0.19982,-28.83191,-28.08301,-0.7489,2.9935,2.9965,85.0,0.00299,0.3,degraded
32.49,-50.41554,-50.64898,0.23344,-28.93616,-28.1807,-0.75546,3.0173,3.0,85.0,0.00646,0.3,degraded
32.5,-50.39487,-50.66834,0.27348,-29.03872,-28.28443,-0.75429,2.3171,2.9808,85.0,0.00389,0.3,degraded
32.51,-50.36996,-50.6454,0.27544,-29.13955,-28.38274,-0.75681,2.9995,2.9927,85.0,0.00221,0.3,degraded
32.52,-50.34087,-50.62892,0.28806,-29.23864,-28.48688,-0.75176,3.0179,3.0,85.0,0.00191,0.3,degraded
32.53,-50.30761,-50.60502,0.29741,-29.33595,-28.58295,-0.753,2.9904,3.0,85.0,0.0,0.3,degraded
32.54,-50.27024,-50.58887,0.31864,-29.43146,-28.68417,-0.74728,3.0114,3.0,85.0,0.00188,0.3,degraded
32.55,-50.22878,-50.56858,0.33979,-29.52513,-28.77903,-0.7461,3.0044,2.9749,85.0,0.00257,0.3,degraded
32.56,-50.18329,-50.5561,0.37281,-29.61694,-28.87868,-0.73826,3.0107,3.0,85.0,0.00042,0.3,degraded
32.57,-50.1338,-50.53611,0.40231,-29.70686,-28.97215,-0.7347,2.9841,2.9814,85.0,0.00417,0.3,degraded
32.58,-50.08036,-50.50278,0.42242,-29.79486,-29.07399,-0.72087,2.9809,2.9885,85.0,0.00472,0.3,degraded
32.59,-50.02301,-50.45984,0.43683,-29.88092,-29.17115,-0.70977,2.9968,3.0,85.0,0.00031,0.3,degraded
32.6,-49.9618,-50.42139,0.45959,-29.96501,-29.27363,-0.69138,2.9905,2.9883,85.0,0.00161,0.3,degraded
32.61,-49.89678,-50.37685,0.48007,-30.0471,-29.36736,-0.67974,2.9849,3.0,85.0,0.00285,0.3,degraded
32.62,-49.82798,-50.33149,0.5035,-30.12717,-29.46499,-0.66218,3.0188,2.9956,85.0,0.0025,0.3,degraded
32.63,-49.75548,-50.27686,0.52138,-30.20518,-29.55621,-0.64897,2.7474,3.0,85.0,0.00275,0.3,degraded
32.64,-49.6793,-50.21491,0.53561,-30.28112,-29.65183,-0.62929,2.9722,2.9765,85.0,0.0026,0.3,degraded
32.65,-49.59952,-50.14392,0.54441,-30.35496,-29.73629,-0.61867,3.0189,2.9932,85.0,0.00014,0.3,degraded
32.66,-49.51617,-50.07942,0.56325,-30.42667,-29.82829,-0.59838,2.9802,2.993,85.0,0.00117,0.3,degraded
32.67,-49.42931,-50.00658,0.57727,-30.49622,-29.91547,-0.58075,2.9953,3.0,85.0,0.00365,0.3,degraded
32.68,-49.339,-49.93248,0.59348,-30.5636,-30.00999,-0.55362,3.0166,3.0,85.0,0.00209,0.3,degraded
32.69,-49.2453,-49.84637,0.60107,-30.62878,-30.09813,-0.53065,2.9787,2.9856,85.0,0.0009,0.3,degraded
32.7,-49.14826,-49.76679,0.61853,-30.69173,-30.19176,-0.49997,2.9909,2.9752,85.0,0.00169,0.3,degraded
32.71,-49.04793,-49.68024,0.6323,-30.75244,-30.27714,-0.47529,2.9972,3.0,85.0,0.00182,0.3,degraded
32.72,-48.94439,-49.58735,0.64296,-30.81087,-30.36759,-0.44327,3.0142,2.9721,85.0,0.00583,0.3,degraded
32.73,-48.83768,-49.48877,0.65109,-30.867,-30.45104,-0.41596,2.2135,3.0,85.0,0.00406,0.3,degraded
32.74,-48.72787,-49.36869,0.64082,-30.92082,-30.53966,-0.38116,2.9948,2.9967,85.0,0.00597,0.3,degraded
32.75,-48.61502,-49.26231,0.64729,-30.97229,-30.61904,-0.35326,3.0231,2.9882,85.0,0.00354,0.3,degraded
32.76,-48.49919,-49.13462,0.63543,-31.02141,-30.70456,-0.31685,2.9976,3.0,85.0,0.00497,0.3,degraded
32.77,-48.38045,-48.99941,0.61896,-31.06814,-30.78275,-0.28539,3.0072,3.0,85.0,0.00497,0.3,degraded
32.78,-48.25886,-48.88867,0.62982,-31.11246,-30.87044,-0.24202,2.9961,3.0,85.0,0.00097,0.3,degraded
32.79,-48.13448,-48.78869,0.65421,-31.15436,-30.94982,-0.20455,2.6507,2.9783,85.0,0.00266,0.3,degraded
32.8,-48.00738,-48.6902,0.68282,-31.19382,-31.03243,-0.16138,2.9882,3.0,85.0,0.01036,0.3,degraded
32.81,-47.87763,-48.51836,0.64073,-31.23081,-31.10711,-0.12369,2.9881,3.0,85.0,0.0077,0.3,degraded
32.82,-47.74528,-48.34089,0.59561,-31.26531,-31.18866,-0.07666,2.9982,2.9875,85.0,0.00583,0.3,degraded
32.83,-47.61042,-48.17798,0.56756,-31.29731,-31.2615,-0.03581,2.9863,3.0,85.0,0.00469,0.3,degraded
32.84,-47.47311,-48.03804,0.56492,-31.32679,-31.34293,0.01614,2.9778,2.9878,85.0,0.00384,0.3,degraded
32.85,-47.33342,-47.90822,0.57481,-31.35373,-31.4189,0.06518,3.0013,2.9749,85.0,0.00478,0.3,degraded
32.86,-47.19141,-47.80183,0.61043,-31.37811,-31.50023,0.12213,2.9827,2.9782,85.0,0.00535,0.3,degraded
32.87,-47.04715,-47.70726,0.66011,-31.39991,-31.57487,0.17496,3.0034,2.9931,85.0,0.00457,0.3,degraded
32.88,-46.90072,-47.5814,0.68068,-31.41912,-31.6534,0.23427,2.9979,2.9987,85.0,0.00785,0.3,degraded
32.89,-46.75219,-47.44667,0.69448,-31.43573,-31.71715,0.28142,2.9961,2.9907,85.0,0.00903,0.3,degraded
32.9,-46.60162,-47.33731,0.73568,-31.44971,-31.76593,0.31623,2.9903,2.9796,85.0,0.00451,0.3,degraded
32.91,-46.44909,-47.20976,0.76066,-31.46105,-31.80527,0.34423,2.9842,2.9955,85.0,0.00481,0.3,degraded
32.92,-46.29468,-47.06504,0.77036,-31.46973,-31.84903,0.3793,3.0048,3.0,85.0,0.00616,0.3,degraded
32.93,-46.13844,-46.93307,0.79463,-31.47575,-31.88412,0.40837,3.0184,2.9892,85.0,0.0072,0.3,degraded
32.94,-45.98046,-46.76485,0.78439,-31.47909,-31.90276,0.42368,2.9965,3.0,85.0,0.00786,0.3,degraded
32.95,-45.82081,-46.58287,0.76207,-31.47973,-31.91405,0.43432,3.0269,2.9915,85.0,0.00537,0.3,degraded
32.96,-45.65955,-46.42522,0.76567,-31.47766,-31.93041,0.45275,3.0275,2.9908,85.0,0.00646,0.3,degraded
32.97,-45.49677,-46.27897,0.7822,-31.47287,-31.93465,0.46178,3.028,2.9881,85.0,0.01284,0.3,degraded
32.98,-45.33254,-46.14637,0.81383,-31.46535,-31.92674,0.46139,0.7625,2.9989,85.0,0.01236,0.3,degraded
32.99,-45.16692,-45.89996,0.73303,-31.45509,-31.91392,0.45884,3.0002,2.9961,85.0,0.00404,0.3,degraded
33.0,-45.0,-45.67625,0.67625,-31.44207,-31.90814,0.46607,2.9831,2.9834,85.0,0.00408,0.3,degraded
33.01,-44.83184,-45.46191,0.63006,-31.42629,-31.89401,0.46773,3.0106,3.0,85.0,0.00586,0.3,degraded
33.02,-44.66253,-45.27268,0.61015,-31.40773,-31.8875,0.47977,3.0027,2.9894,85.0,0.005,0.3,degraded
33.03,-44.49212,-45.09404,0.60191,-31.38639,-31.87191,0.48552,3.0012,2.9745,85.0,0.00416,0.3,degraded
33.04,-44.32071,-44.93877,0.61806,-31.36225,-31.8613,0.49904,3.004,2.9949,85.0,0.00509,0.3,degraded
33.05,-44.14835,-44.79252,0.64416,-31.33532,-31.8448,0.50948,2.9913,2.9929,85.0,0.00434,0.3,degraded
33.06,-43.97513,-44.66802,0.69289,-31.30558,-31.82885,0.52327,2.9926,3.0,85.0,0.00624,0.3,degraded
33.07,-43.80111,-44.55547,0.75436,-31.27302,-31.79048,0.51745,3.0119,3.0,85.0,0.00815,0.3,degraded
33.08,-43.62638,-44.42935,0.80297,-31.23765,-31.75613,0.51849,3.0033,2.9963,85.0,0.00493,0.3,degraded
33.09,-43.45099,-44.27509,0.82409,-31.19944,-31.71436,0.51492,2.9998,2.9925,85.0,0.00446,0.3,degraded
33.1,-43.27504,-44.14544,0.87041,-31.15841,-31.68109,0.52268,3.0104,3.0,85.0,0.00484,0.3,degraded
33.11,-43.09857,-43.99932,0.90075,-31.11454,-31.64423,0.5297,3.0159,2.9736,85.0,0.0034,0.3,degraded
33.12,-42.92168,-43.84965,0.92796,-31.06782,-31.61315,0.54533,2.9874,3.0,85.0,0.00852,0.3,degraded
33.13,-42.74443,-43.7051,0.96067,-31.01826,-31.5695,0.55124,1.8928,2.3794,85.0,0.01009,0.3,degraded
33.14,-42.5669,-43.52216,0.95527,-30.96586,-31.49362,0.52777,3.0142,2.9873,85.0,0.00602,0.3,degraded
33.15,-42.38914,-43.35155,0.96241,-30.9106,-31.41338,0.50278,3.0079,2.9895,85.0,0.00294,0.3,degraded
33.16,-42.21125,-43.20622,0.99497,-30.85249,-31.34099,0.4885,2.7912,3.0,85.0,0.01008,0.3,degraded
33.17,-42.03327,-43.00728,0.97401,-30.79153,-31.26087,0.46935,2.9996,3.0,85.0,0.00796,0.3,degraded
33.18,-41.85529,-42.7808,0.9255,-30.72771,-31.18898,0.46127,2.9986,3.0,85.0,0.00418,0.3,degraded
33.19,-41.67738,-42.56669,0.88932,-30.66104,-31.10975,0.44871,3.0115,2.9901,85.0,0.00593,0.3,degraded
33.2,-41.49959,-42.37764,0.87805,-30.59151,-31.03266,0.44115,2.9881,2.9794,85.0,0.00587,0.3,degraded
33.21,-41.32201,-42.19972,0.87772,-30.51914,-30.94772,0.42858,2.9897,2.9863,85.0,0.00333,0.3,degraded
33.22,-41.14469,-42.04514,0.90044,-30.44391,-30.86545,0.42154,2.9985,3.0,85.0,0.00516,0.3,degraded
33.23,-40.96771,-41.9015,0.93379,-30.36583,-30.77475,0.40892,3.0173,2.9769,85.0,0.01031,0.3,degraded
33.24,-40.79113,-41.70022,0.90908,-30.2849,-30.69067,0.40577,2.9961,3.0,85.0,0.00835,0.3,degraded
33.25,-40.61502,-41.47593,0.86091,-30.20113,-30.60035,0.39922,2.9819,3.0,85.0,0.00549,0.3,degraded
33.26,-40.43944,-41.27699,0.83755,-30.11452,-30.52141,0.40688,3.0091,3.0,85.0,0.00645,0.3,degraded
33.27,-40.26445,-41.09376,0.82931,-30.02508,-30.4356,0.41052,2.9903,2.9829,85.0,0.00454,0.3,degraded
33.28,-40.09012,-40.93393,0.8438,-29.9328,-30.35556,0.42276,2.9942,2.9996,85.0,0.00504,0.3,degraded
33.29,-39.91652,-40.78696,0.87044,-29.8377,-30.26862,0.43091,2.9901,2.9822,85.0,0.00597,0.3,degraded
33.3,-39.74369,-40.66442,0.92073,-29.73979,-30.19134,0.45155,2.9913,2.9886,85.0,0.01028,0.3,degraded
33.31,-39.57171,-40.43482,0.86311,-29.63906,-30.10874,0.46969,2.9968,3.0,85.0,0.01007,0.3,degraded
33.32,-39.40064,-40.21844,0.8178,-29.53552,-30.03226,0.49674,3.0001,2.9892,85.0,0.00619,0.3,degraded
33.33,-39.23053,-40.01475,0.78422,-29.42919,-29.94811,0.51892,3.0083,3.0,85.0,0.00468,0.3,degraded
33.34,-39.06144,-39.83614,0.7747,-29.32008,-29.87356,0.55348,3.0211,2.9997,85.0,0.00519,0.3,degraded
33.35,-38.89343,-39.67071,0.77729,-29.20818,-29.79491,0.58673,3.0098,2.9923,85.0,0.00516,0.3,degraded
33.36,-38.72655,-39.52928,0.80273,-29.09352,-29.72218,0.62867,2.9811,3.0,85.0,0.00516,0.3,degraded
33.37,-38.56086,-39.40306,0.84219,-28.97609,-29.64085,0.66476,2.997,3.0,85.0,0.00142,0.3,degraded
33.38,-38.39642,-39.27869,0.88227,-28.85592,-29.56549,0.70958,3.0157,2.9859,85.0,0.0035,0.3,degraded
33.39,-38.23328,-39.14127,0.90799,-28.73301,-29.48256,0.74955,3.0103,2.9824,85.0,0.00051,0.3,degraded
33.4,-38.07148,-39.00859,0.9371,-28.60737,-29.40552,0.79815,3.02,3.0,85.0,0.0008,0.3,degraded
33.41,-37.91109,-38.86958,0.95849,-28.47903,-29.31756,0.83853,2.9928,3.0,85.0,0.00837,0.3,degraded
33.42,-37.75215,-38.6843,0.93215,-28.34798,-29.22112,0.87314,3.0133,3.0,85.0,0.00815,0.3,degraded
33.43,-37.59471,-38.50332,0.90862,-28.21425,-29.1116,0.89736,2.9937,3.0,85.0,0.00381,0.3,degraded
33.44,-37.43881,-38.34328,0.90447,-28.07784,-29.00641,0.92857,3.0148,2.9972,85.0,0.00569,0.3,degraded
33.45,-37.28451,-38.19791,0.9134,-27.93878,-28.89307,0.9543,2.9882,3.0,85.0,0.00325,0.3,degraded
33.46,-37.13185,-38.06382,0.93197,-27.79707,-28.75671,0.95964,3.0073,2.9894,85.0,0.00111,0.3,degraded
33.47,-36.98087,-37.91404,0.93317,-27.65274,-28.63122,0.97848,2.9732,2.9916,85.0,0.01536,0.3,degraded
33.48,-36.83162,-37.75677,0.92515,-27.5058,-28.43736,0.93156,2.9949,2.9893,85.0,0.01373,0.3,degraded
33.49,-36.68413,-37.53948,0.85535,-27.35627,-28.25018,0.89391,3.0078,2.9983,85.0,0.0089,0.3,degraded
33.5,-36.53846,-37.34766,0.8092,-27.20416,-28.09378,0.88962,2.9906,2.9974,85.0,0.00915,0.3,degraded
33.51,-36.39463,-37.16858,0.77395,-27.04949,-27.94905,0.89956,3.0164,2.9995,85.0,0.00927,0.3,degraded
33.52,-36.25269,-37.01666,0.76398,-26.89228,-27.83032,0.93804,2.9773,3.0,85.0,0.01391,0.3,degraded
33.53,-36.11266,-36.87641,0.76374,-26.73255,-27.70495,0.9724,2.9816,1.265,85.0,0.01441,0.3,degraded
33.54,-35.9746,-36.76411,0.78951,-26.57032,-27.4916,0.92128,2.9945,3.0,85.0,0.00693,0.3,degraded
33.55,-35.83852,-36.65128,0.81276,-26.40561,-27.29293,0.88732,3.0019,3.0,85.0,0.0073,0.3,degraded
33.56,-35.70447,-36.54398,0.83951,-26.23844,-27.12192,0.88348,2.5873,2.9755,85.0,0.00579,0.3,degraded
33.57,-35.57247,-36.41917,0.8467,-26.06882,-26.9652,0.89637,2.9967,2.9849,85.0,0.01342,0.3,degraded
33.58,-35.44256,-36.24456,0.802,-25.89679,-26.84156,0.94477,2.9889,3.0,85.0,0.00703,0.3,degraded
33.59,-35.31476,-36.0504,0.73564,-25.72237,-26.71737,0.995,2.9974,2.9934,85.0,0.00551,0.3,degraded
33.6,-35.18909,-35.88047,0.69138,-25.54556,-26.58583,1.04027,3.0036,2.9974,85.0,0.00669,0.3,degraded
33.61,-35.06559,-35.72419,0.6586,-25.36641,-26.45194,1.08554,2.9938,3.0,85.0,0.00998,0.3,degraded
33.62,-34.94428,-35.59213,0.64785,-25.18493,-26.28266,1.09773,2.9947,3.0,85.0,0.00794,0.3,degraded
33.63,-34.82518,-35.47406,0.64888,-25.00114,-26.1055,1.10436,2.9879,2.9903,85.0,0.00982,0.3,degraded
33.64,-34.70831,-35.38141,0.6731,-24.81507,-25.95543,1.14035,2.9775,2.9888,85.0,0.00945,0.3,degraded
33.65,-34.59369,-35.28847,0.69478,-24.62675,-25.74007,1.11332,2.9869,3.0,85.0,0.00857,0.3,degraded
33.66,-34.48134,-35.20105,0.71971,-24.4362,-25.5197,1.0835,2.9748,3.0,85.0,0.00663,0.3,degraded
33.67,-34.37127,-35.10819,0.73692,-24.24344,-25.31567,1.07222,2.9843,3.0,85.0,0.01058,0.3,degraded
33.68,-34.26351,-34.99859,0.73508,-24.04851,-25.13915,1.09065,3.0025,2.9837,85.0,0.00868,0.3,degraded
33.69,-34.15806,-34.85465,0.69659,-23.85142,-24.97595,1.12453,2.9949,3.0,85.0,0.01176,0.3,degraded
33.7,-34.05494,-34.73543,0.68048,-23.65221,-24.81054,1.15833,3.0015,3.0,85.0,0.00985,0.3,degraded
33.71,-33.95416,-34.63231,0.67815,-23.4509,-24.59667,1.14577,3.0141,3.0,85.0,0.00824,0.3,degraded
33.72,-33.85573,-34.5471,0.69137,-23.24752,-24.41344,1.16592,2.9841,3.0,85.0,0.00634,0.3,degraded
33.73,-33.75965,-34.4545,0.69485,-23.04209,-24.24467,1.20258,2.9905,3.0,85.0,0.00694,0.3,degraded
33.74,-33.66593,-34.36837,0.70243,-22.83466,-24.05464,1.21998,3.0038,3.0,85.0,0.00544,0.3,degraded
33.75,-33.57458,-34.27501,0.70043,-22.62524,-23.83009,1.20486,2.978,3.0,85.0,0.00812,0.3,degraded
33.76,-33.4856,-34.16529,0.6797,-22.41386,-23.63746,1.2236,3.0,3.0,85.0,0.00585,0.3,degraded
33.77,-33.39898,-34.06306,0.66407,-22.20056,-23.46164,1.26108,3.0031,3.0,85.0,0.00349,0.3,degraded
33.78,-33.31474,-33.97716,0.66241,-21.98536,-23.29171,1.30635,2.9999,3.0,85.0,0.00632,0.3,degraded
33.79,-33.23287,-33.88445,0.65158,-21.7683,-23.10257,1.33427,3.0001,2.9928,85.0,0.00199,0.3,degraded
33.8,-33.15337,-33.79855,0.64518,-21.5494,-22.91756,1.36816,2.9762,2.9937,85.0,0.00066,0.3,degraded
33.81,-33.07623,-33.70891,0.63268,-21.3287,-22.73198,1.40328,2.9806,3.0,85.0,0.01596,0.3,degraded
33.82,-33.00145,-33.62371,0.62226,-21.10622,-22.47995,1.37372,2.9724,2.9939,85.0,0.01228,0.3,degraded
33.83,-32.92901,-33.53219,0.60318,-20.88201,-22.16629,1.28429,2.9697,3.0,85.0,0.00512,0.3,degraded
33.84,-32.85892,-33.4486,0.58968,-20.65608,-21.88485,1.22876,2.9915,2.9935,85.0,0.00638,0.3,degraded
33.85,-32.79116,-33.35919,0.56803,-20.42848,-21.62087,1.19238,2.9849,3.0,85.0,0.00646,0.3,degraded
33.86,-32.72571,-33.27806,0.55235,-20.19924,-21.38301,1.18377,2.9854,2.9846,85.0,0.00444,0.3,degraded
33.87,-32.66258,-33.19114,0.52857,-19.96839,-21.16042,1.19203,3.0101,2.9859,85.0,0.00595,0.3,degraded
33.88,-32.60173,-33.11112,0.50939,-19.73595,-20.9653,1.22935,2.9915,3.0,85.0,0.00621,0.3,degraded
33.89,-32.54316,-33.02606,0.48291,-19.50198,-20.78726,1.28528,2.9732,3.0,85.0,0.00238,0.3,degraded
33.9,-32.48684,-32.94328,0.45644,-19.26649,-20.62729,1.3608,2.9857,2.9933,85.0,0.00851,0.3,degraded
33.91,-32.43276,-32.85365,0.42089,-19.02953,-20.42328,1.39375,2.9968,2.9894,85.0,0.00717,0.3,degraded
33.92,-32.38091,-32.77162,0.39071,-18.79112,-20.20182,1.4107,3.0049,2.9771,85.0,0.00384,0.3,degraded
33.93,-32.33124,-32.68359,0.35235,-18.55131,-19.99406,1.44275,3.0027,2.9952,85.0,0.00125,0.3,degraded
33.94,-32.28375,-32.60227,0.31852,-18.31012,-19.80084,1.49072,2.9834,3.0,85.0,0.00238,0.3,degraded
33.95,-32.23841,-32.51283,0.27442,-18.0676,-19.59378,1.52618,3.0123,3.0,85.0,0.00861,0.3,degraded
33.96,-32.19518,-32.43116,0.23598,-17.82377,-19.32363,1.49986,2.9808,2.9887,85.0,0.00972,0.3,degraded
33.97,-32.15406,-32.34049,0.18644,-17.57867,-19.02949,1.45082,2.9792,2.9852,85.0,0.00698,0.3,degraded
33.98,-32.11499,-32.25655,0.14156,-17.33234,-18.76542,1.43307,2.9997,3.0,85.0,0.00499,0.3,degraded
33.99,-32.07796,-32.16545,0.08748,-17.08482,-18.51801,1.43319,3.0129,2.9846,85.0,0.00493,0.3,degraded
34.0,-32.04294,-32.07925,0.03631,-16.83613,-18.29739,1.46125,2.994,3.0,85.0,0.006,0.3,degraded
34.01,-32.00989,-31.98552,-0.02436,-16.58632,-18.09052,1.50419,3.0091,3.0,85.0,0.01294,0.3,degraded
34.02,-31.97877,-31.89935,-0.07942,-16.33542,-17.83051,1.49509,2.9832,2.997,85.0,0.01296,0.3,degraded
34.03,-31.94955,-31.8102,-0.13935,-16.08347,-17.50579,1.42232,2.9908,2.9906,85.0,0.01155,0.3,degraded
34.04,-31.9222,-31.74851,-0.17369,-15.8305,-17.20909,1.37858,3.006,2.9857,85.0,0.00972,0.3,degraded
34.05,-31.89667,-31.71124,-0.18543,-15.57655,-16.92657,1.35002,2.9891,2.9848,85.0,0.00516,0.3,degraded
34.06,-31.87293,-31.67871,-0.19422,-15.32166,-16.67679,1.35513,2.9801,3.0,85.0,0.00744,0.3,degraded
34.07,-31.85094,-31.63918,-0.21176,-15.06587,-16.44416,1.37829,3.0063,2.986,85.0,0.00562,0.3,degraded
34.08,-31.83065,-31.60646,-0.22419,-14.8092,-16.24078,1.43158,3.0027,2.9995,85.0,0.00439,0.3,degraded
34.09,-31.81202,-31.56689,-0.24513,-14.5517,-16.04999,1.49829,3.005,3.0,85.0,0.00596,0.3,degraded
34.1,-31.79502,-31.5345,-0.26051,-14.29341,-15.833,1.53959,3.0039,3.0,85.0,0.00436,0.3,degraded
34.11,-31.77958,-31.49791,-0.28167,-14.03436,-15.60955,1.57519,2.9937,3.0,85.0,0.00747,0.3,degraded
34.12,-31.76567,-31.50042,-0.26526,-13.77459,-15.41173,1.63714,2.9877,2.9995,85.0,0.01299,0.3,degraded
34.13,-31.75325,-31.50276,-0.25048,-13.51413,-15.14558,1.63144,2.9881,2.9963,85.0,0.0074,0.3,degraded
34.14,-31.74225,-31.50909,-0.23316,-13.25303,-14.87382,1.62079,3.0201,3.0,85.0,0.00426,0.3,degraded
34.15,-31.73263,-31.50957,-0.22307,-12.99132,-14.61809,1.62677,2.9836,2.9965,85.0,0.00605,0.3,degraded
34.16,-31.72435,-31.51537,-0.20898,-12.72904,-14.38983,1.66079,3.0282,2.9851,85.0,0.00589,0.3,degraded
34.17,-31.71735,-31.51374,-0.20361,-12.46622,-14.16645,1.70023,3.0026,1.8293,85.0,0.00484,0.3,degraded
34.18,-31.71157,-31.52057,-0.191,-12.20291,-13.89322,1.69032,3.0,2.9841,85.0,0.0061,0.3,degraded
34.19,-31.70697,-31.52409,-0.18288,-11.93913,-13.63684,1.6977,2.9898,2.9816,85.0,0.00571,0.3,degraded
34.2,-31.70348,-31.53481,-0.16868,-11.67494,-13.40752,1.73258,3.0251,2.9835,85.0,0.00214,0.3,degraded
34.21,-31.70106,-31.53685,-0.16422,-11.41035,-13.14854,1.73818,3.0146,2.9893,85.0,0.0029,0.3,degraded
34.22,-31.69965,-31.54561,-0.15405,-11.14542,-12.89788,1.75246,3.01,3.0,85.0,0.00777,0.3,degraded
34.23,-31.6992,-31.55012,-0.14908,-10.88018,-12.6546,1.77442,3.0089,1.5193,85.0,0.00629,0.3,degraded
34.24,-31.69963,-31.56161,-0.13802,-10.61467,-12.34452,1.72985,2.9953,2.9855,85.0,0.00579,0.3,degraded
34.25,-31.7009,-31.56762,-0.13328,-10.34891,-12.04988,1.70097,3.0171,2.9746,85.0,0.00658,0.3,degraded
34.26,-31.70295,-31.58082,-0.12213,-10.08296,-11.78317,1.70021,2.9745,2.9996,85.0,0.00465,0.3,degraded
34.27,-31.70571,-31.58506,-0.12065,-9.81684,-11.53289,1.71605,3.0149,2.9811,85.0,0.00314,0.3,degraded
34.28,-31.70912,-31.59547,-0.11365,-9.5506,-11.30384,1.75324,2.9955,2.0511,85.0,0.00428,0.3,degraded
34.29,-31.71313,-31.59969,-0.11344,-9.28427,-11.02961,1.74534,2.9864,3.0,85.0,0.00514,0.3,degraded
34.3,-31.71768,-31.60862,-0.10905,-9.01788,-10.78491,1.76702,2.9995,2.9975,85.0,0.00968,0.3,degraded
34.31,-31.72268,-31.61106,-0.11162,-8.75148,-10.53823,1.78675,3.0375,1.1604,85.0,0.01119,0.3,degraded
34.32,-31.7281,-31.61999,-0.10811,-8.4851,-10.20143,1.71633,3.029,2.9927,85.0,0.00435,0.3,degraded
34.33,-31.73386,-31.62217,-0.11168,-8.21877,-9.87964,1.66087,2.9943,2.9917,85.0,0.00458,0.3,degraded
34.34,-31.73989,-31.63035,-0.10953,-7.95253,-9.58455,1.63201,3.004,2.9931,85.0,0.00688,0.3,degraded
34.35,-31.74613,-31.63343,-0.11271,-7.68643,-9.30607,1.61964,2.9844,2.9934,85.0,0.00634,0.3,degraded
34.36,-31.75252,-31.64278,-0.10975,-7.42048,-9.05788,1.63741,3.008,3.0,85.0,0.00525,0.3,degraded
34.37,-31.75899,-31.64944,-0.10955,-7.15473,-8.82711,1.67238,3.0175,3.0,85.0,0.01004,0.3,degraded
34.38,-31.76548,-31.6634,-0.10208,-6.88922,-8.56108,1.67186,2.9766,2.9937,85.0,0.00852,0.3,degraded
34.39,-31.77191,-31.67094,-0.10097,-6.62397,-8.25048,1.62651,3.0178,3.0,85.0,0.00583,0.3,degraded
34.4,-31.77822,-31.68737,-0.09085,-6.35903,-7.97202,1.61299,3.0154,2.9713,85.0,0.00685,0.3,degraded
34.41,-31.78435,-31.69929,-0.08506,-6.09443,-7.70947,1.61504,3.0072,2.9828,85.0,0.00579,0.3,degraded
34.42,-31.79022,-31.72022,-0.07,-5.8302,-7.4771,1.6469,2.9763,3.0,85.0,0.00732,0.3,degraded
34.43,-31.79577,-31.73335,-0.06241,-5.56637,-7.25122,1.68485,2.9977,1.3027,85.0,0.00972,0.3,degraded
34.44,-31.80092,-31.75312,-0.0478,-5.30299,-6.94309,1.6401,3.0415,3.0,85.0,0.00601,0.3,degraded
34.45,-31.80562,-31.7701,-0.03552,-5.04008,-6.65006,1.60998,3.0048,3.0,85.0,0.00417,0.3,degraded
34.46,-31.80979,-31.79308,-0.0167,-4.77768,-6.38619,1.60852,3.0084,3.0,85.0,0.00638,0.3,degraded
34.47,-31.81336,-31.80845,-0.00491,-4.51581,-6.14019,1.62438,2.9896,2.9979,85.0,0.00698,0.3,degraded
34.48,-31.81627,-31.82614,0.00988,-4.25453,-5.92452,1.66999,2.9911,3.0,85.0,0.00666,0.3,degraded
34.49,-31.81844,-31.83997,0.02153,-3.99385,-5.64431,1.65047,2.9999,2.999,85.0,0.00879,0.3,degraded
34.5,-31.81981,-31.86125,0.04145,-3.73381,-5.3606,1.6268,2.9978,3.0,85.0,0.00628,0.3,degraded
34.51,-31.8203,-31.87498,0.05468,-3.47443,-5.09171,1.61727,3.0242,3.0,85.0,0.00485,0.3,degraded
34.52,-31.81986,-31.89566,0.0758,-3.21577,-4.85403,1.63826,2.9883,3.0,85.0,0.00633,0.3,degraded
34.53,-31.8184,-31.90669,0.08829,-2.95783,-4.63594,1.67811,2.9909,2.9918,85.0,0.00625,0.3,degraded
34.54,-31.81587,-31.92103,0.10516,-2.70066,-4.37043,1.66977,2.9735,3.0,85.0,0.00384,0.3,degraded
34.55,-31.81218,-31.9298,0.11762,-2.44429,-4.11459,1.6703,2.9921,3.0,85.0,0.00565,0.3,degraded
34.56,-31.80729,-31.94389,0.1366,-2.18874,-3.88877,1.70003,3.0183,2.989,85.0,0.01148,0.3,degraded
34.57,-31.8011,-31.95208,0.15098,-1.93405,-3.60731,1.67327,3.0275,3.0,85.0,0.00992,0.3,degraded
34.58,-31.79357,-31.96907,0.1755,-1.68024,-3.28565,1.60542,3.006,3.0,85.0,0.00646,0.3,degraded
34.59,-31.78461,-31.98047,0.19586,-1.42735,-2.98296,1.55562,2.9962,2.9633,85.0,0.00711,0.3,degraded
34.6,-31.77417,-32.00041,0.22624,-1.1754,-2.70906,1.53366,3.0318,3.0,85.0,0.00495,0.3,degraded
34.61,-31.76217,-32.01521,0.25304,-0.92442,-2.4514,1.52698,3.0134,2.9916,85.0,0.00479,0.3,degraded
34.62,-31.74855,-32.03518,0.28663,-0.67445,-2.21893,1.54448,2.9843,3.0,85.0,0.00587,0.3,degraded
34.63,-31.73324,-32.04947,0.31622,-0.42551,-2.00308,1.57758,2.9865,2.9775,85.0,0.00193,0.3,degraded
34.64,-31.71618,-32.06758,0.35139,-0.17762,-1.79913,1.62151,3.0106,2.9986,85.0,0.00227,0.3,degraded
34.65,-31.6973,-32.07887,0.38158,0.06919,-1.57341,1.6426,2.9894,3.0,85.0,0.01501,0.3,degraded
34.66,-31.67653,-32.07124,0.39471,0.31489,-1.34482,1.65971,2.9896,3.0,85.0,0.01329,0.3,degraded
34.67,-31.65381,-32.00313,0.34932,0.55945,-1.06515,1.6246,3.0018,3.0,85.0,0.00631,0.3,degraded
34.68,-31.62908,-31.94579,0.31672,0.80285,-0.81711,1.61996,2.9859,3.0,85.0,0.00767,0.3,degraded
34.69,-31.60226,-31.88557,0.2833,1.04506,-0.58735,1.63241,2.9905,3.0,85.0,0.00845,0.3,degraded
34.7,-31.57331,-31.8348,0.26149,1.28606,-0.35379,1.63985,3.0172,3.0,85.0,0.0089,0.3,degraded
34.71,-31.54215,-31.77993,0.23778,1.52582,-0.05601,1.58183,3.0027,3.0,85.0,0.0064,0.3,degraded
34.72,-31.50873,-31.73152,0.22278,1.76432,0.21473,1.54959,2.987,3.0,85.0,0.00514,0.3,degraded
34.73,-31.47298,-31.67581,0.20282,2.00154,0.46884,1.5327,3.0163,2.9922,85.0,0.00426,0.3,degraded
34.74,-31.43485,-31.62453,0.18968,2.23745,0.69694,1.54051,2.9991,2.9939,85.0,0.00525,0.3,degraded
34.75,-31.39426,-31.56713,0.17287,2.47202,0.91233,1.55969,3.0107,2.998,85.0,0.01201,0.3,degraded
34.76,-31.35118,-31.51458,0.1634,2.70525,1.14303,1.56223,3.0003,2.9982,85.0,0.01066,0.3,degraded
34.77,-31.30552,-31.45062,0.14509,2.9371,1.45803,1.47908,3.0105,3.0,85.0,0.00716,0.3,degraded
34.78,-31.25725,-31.39215,0.1349,3.16756,1.74369,1.42387,2.9956,2.996,85.0,0.00643,0.3,degraded
34.79,-31.2063,-31.32802,0.12172,3.3966,2.01054,1.38605,2.9876,2.9928,85.0,0.00434,0.3,degraded
34.8,-31.15262,-31.26958,0.11697,3.6242,2.24909,1.37511,3.0113,3.0,85.0,0.00602,0.3,degraded
34.81,-31.09615,-31.20835,0.1122,3.85035,2.47277,1.37757,2.9841,2.9693,85.0,0.00673,0.3,degraded
34.82,-31.03683,-31.15541,0.11857,4.07501,2.66845,1.40657,2.9792,3.0,85.0,0.00482,0.3,degraded
34.83,-30.97463,-31.09445,0.11982,4.29819,2.8457,1.45249,3.0002,3.0,85.0,0.00817,0.3,degraded
34.84,-30.90948,-31.04015,0.13068,4.51985,3.09738,1.42246,3.0129,2.9851,85.0,0.0082,0.3,degraded
34.85,-30.84133,-30.97983,0.13851,4.73997,3.34312,1.39686,3.0029,3.0,85.0,0.00486,0.3,degraded
34.86,-30.77013,-30.92703,0.1569,4.95855,3.55907,1.39948,3.0109,2.9967,85.0,0.00639,0.3,degraded
34.87,-30.69584,-30.86772,0.17189,5.17556,3.75834,1.41722,2.9989,3.0,85.0,0.00212,0.3,degraded
34.88,-30.6184,-30.81422,0.19582,5.39099,3.93217,1.45882,2.9992,2.401,85.0,0.00044,0.3,degraded
34.89,-30.53778,-30.75193,0.21416,5.60482,4.13025,1.47457,2.9986,3.0,85.0,0.0099,0.3,degraded
34.9,-30.45392,-30.69676,0.24284,5.81704,4.33874,1.4783,2.9959,3.0,85.0,0.00995,0.3,degraded
34.91,-30.36677,-30.6333,0.26652,6.02762,4.61685,1.41078,3.0116,2.99,85.0,0.00547,0.3,degraded
34.92,-30.27631,-30.57603,0.29972,6.23657,4.86378,1.37278,3.0011,2.9885,85.0,0.0062,0.3,degraded
34.93,-30.18248,-30.51104,0.32856,6.44385,5.09644,1.34742,3.01,2.9769,85.0,0.00549,0.3,degraded
34.94,-30.08525,-30.45252,0.36727,6.64947,5.30449,1.34498,2.9949,2.9799,85.0,0.00477,0.3,degraded
34.95,-29.98457,-30.3875,0.40293,6.8534,5.49777,1.35563,2.9887,3.0,85.0,0.00535,0.3,degraded
34.96,-29.88041,-30.32777,0.44736,7.05563,5.66236,1.39327,3.0035,3.0,85.0,0.0074,0.3,degraded
34.97,-29.77273,-30.26184,0.48912,7.25616,5.89696,1.3592,3.0342,2.9986,85.0,0.00584,0.3,degraded
34.98,-29.66149,-30.20297,0.54149,7.45497,6.11504,1.33993,2.9922,2.9769,85.0,0.00473,0.3,degraded
34.99,-29.54666,-30.13698,0.59033,7.65204,6.31996,1.33209,2.9837,2.9911,85.0,0.00715,0.3,degraded
35.0,-29.4282,-30.07638,0.64818,7.84738,6.49662,1.35077,3.0108,3.0,85.0,0.00429,0.3,degraded
35.01,-29.30609,-30.01013,0.70403,8.04097,6.68146,1.35951,2.9815,3.0,85.0,0.00462,0.3,degraded
35.02,-29.1803,-29.94841,0.76812,8.2328,6.89495,1.33784,3.0085,3.0,85.0,0.00593,0.3,degraded
35.03,-29.05079,-29.87839,0.82761,8.42286,7.09481,1.32804,2.9986,2.9886,85.0,0.00877,0.3,degraded
35.04,-28.91753,-29.78371,0.86618,8.61114,7.26841,1.34273,2.9901,3.0,85.0,0.00397,0.3,degraded
35.05,-28.78051,-29.68422,0.90372,8.79764,7.43879,1.35885,3.0056,2.9895,85.0,0.00946,0.3,degraded
35.06,-28.63969,-29.58099,0.9413,8.98235,7.62061,1.36173,3.0199,2.9917,85.0,0.00526,0.3,degraded
35.07,-28.49505,-29.44763,0.95258,9.16526,7.81149,1.35377,2.9895,2.9685,85.0,0.0067,0.3,degraded
35.08,-28.34658,-29.33544,0.98886,9.34637,7.97756,1.36881,2.9814,3.0,85.0,0.01394,0.3,degraded
35.09,-28.19424,-29.1856,0.99136,9.52566,8.20267,1.32299,3.0107,3.0,85.0,0.0117,0.3,degraded
35.1,-28.03802,-29.05365,1.01563,9.70315,8.4637,1.23945,3.0073,3.0,85.0,0.01678,0.3,degraded
35.11,-27.87791,-28.85499,0.97708,9.87882,8.70834,1.17047,2.998,2.9864,85.0,0.01861,0.3,degraded
35.12,-27.71388,-28.5994,0.88552,10.05266,8.92645,1.12621,2.9987,3.0,85.0,0.0085,0.3,degraded
35.13,-27.54593,-28.35465,0.80873,10.22468,9.13113,1.09355,3.003,2.992,85.0,0.00732,0.3,degraded
35.14,-27.37403,-28.13317,0.75914,10.39486,9.30995,1.08491,3.0117,3.0,85.0,0.00921,0.3,degraded
35.15,-27.19818,-27.92413,0.72595,10.56322,9.4733,1.08992,2.9823,3.0,85.0,0.00934,0.3,degraded
35.16,-27.01837,-27.73987,0.7215,10.72975,9.60682,1.12292,2.99,3.0,85.0,0.00377,0.3,degraded
35.17,-26.83458,-27.568,0.73342,10.89444,9.75513,1.13931,3.0164,3.0,85.0,0.00605,0.3,degraded
35.18,-26.64681,-27.41861,0.7718,11.05729,9.88845,1.16884,2.9877,2.7681,85.0,0.0121,0.3,degraded
35.19,-26.45506,-27.27723,0.82216,11.21831,10.05405,1.16425,2.9614,3.0,85.0,0.00879,0.3,degraded
35.2,-26.25932,-27.15453,0.8952,11.37749,10.26239,1.1151,2.9758,3.0,85.0,0.0097,0.3,degraded
35.21,-26.05959,-27.04451,0.98492,11.53484,10.45161,1.08323,2.9982,2.9753,85.0,0.0177,0.3,degraded
35.22,-25.85587,-26.81268,0.95681,11.69035,10.61249,1.07786,3.0137,2.9982,85.0,0.0168,0.3,degraded
35.23,-25.64815,-26.57829,0.93013,11.84403,10.75763,1.08641,3.0305,2.9937,85.0,0.0106,0.3,degraded
35.24,-25.43645,-26.37025,0.9338,11.99589,10.90614,1.08974,2.9976,2.9946,85.0,0.01119,0.3,degraded
35.25,-25.22075,-26.173,0.95225,12.14591,11.11211,1.0338,2.995,2.9783,85.0,0.00941,0.3,degraded
35.26,-25.00108,-26.00026,0.99918,12.29411,11.28554,1.00857,3.0128,2.9906,85.0,0.0082,0.3,degraded
35.27,-24.77743,-25.83842,1.06099,12.44049,11.44417,0.99633,2.9829,3.0,85.0,0.00969,0.3,degraded
35.28,-24.54982,-25.69931,1.14949,12.58506,11.5726,1.01246,2.9945,3.0,85.0,0.00398,0.3,degraded
35.29,-24.31825,-25.52608,1.20783,12.72781,11.68936,1.03845,3.0047,2.736,85.0,0.02326,0.3,degraded
35.3,-24.08273,-25.3343,1.25157,12.86875,11.83045,1.03831,3.0286,3.0,85.0,0.01625,0.3,degraded
35.31,-23.84329,-25.06682,1.22353,13.0079,12.02748,0.98041,2.9963,3.0,85.0,0.00926,0.3,degraded
35.32,-23.59992,-24.82648,1.22656,13.14524,12.19458,0.95067,3.0021,2.982,85.0,0.00881,0.3,degraded
35.33,-23.35265,-24.59811,1.24546,13.2808,12.34705,0.93376,2.9994,2.9938,85.0,0.01053,0.3,degraded
35.34,-23.1015,-24.3946,1.2931,13.41458,12.47155,0.94303,3.0039,2.9901,85.0,0.00757,0.3,degraded
35.35,-22.84649,-24.20456,1.35807,13.54658,12.58555,0.96103,3.02,2.989,85.0,0.00781,0.3,degraded
35.36,-22.58763,-23.95332,1.36569,13.67682,12.68823,0.9886,2.9932,3.0,85.0,0.00927,0.3,degraded
35.37,-22.32495,-23.70295,1.378,13.8053,12.80123,1.00407,2.992,3.0,85.0,0.00703,0.3,degraded
35.38,-22.05847,-23.47516,1.41669,13.93203,12.92649,1.00554,3.0102,3.0,85.0,0.00585,0.3,degraded
35.39,-21.78822,-23.25851,1.47029,14.05702,13.05521,1.0018,3.0043,2.983,85.0,0.00939,0.3,degraded
35.4,-21.51422,-22.96885,1.45463,14.18027,13.18479,0.99548,3.0023,2.9853,85.0,0.01468,0.3,degraded
35.41,-21.2365,-22.68105,1.44455,14.30181,13.33137,0.97044,2.9846,2.9992,85.0,0.00937,0.3,degraded
35.42,-20.95509,-22.41424,1.45915,14.42163,13.52471,0.89693,2.9731,3.0,85.0,0.01006,0.3,degraded
35.43,-20.67003,-22.15713,1.48711,14.53976,13.7015,0.83826,2.993,3.0,85.0,0.01002,0.3,degraded
35.44,-20.38134,-21.92813,1.54679,14.6562,13.84933,0.80687,3.0026,3.0,85.0,0.01337,0.3,degraded
35.45,-20.08905,-21.60578,1.51673,14.77095,13.97641,0.79454,2.9833,3.0,85.0,0.01339,0.3,degraded
35.46,-19.79322,-21.29868,1.50547,14.88405,14.08125,0.8028,3.0045,2.9997,85.0,0.00587,0.3,degraded
35.47,-19.49386,-21.00167,1.50781,14.99549,14.19209,0.80341,3.0111,2.9959,85.0,0.00343,0.3,degraded
35.48,-19.19102,-20.72863,1.5376,15.10529,14.29649,0.8088,3.0076,3.0,85.0,0.00551,0.3,degraded
35.49,-18.88474,-20.46884,1.58409,15.21347,14.40469,0.80878,2.9907,2.9941,85.0,0.00236,0.3,degraded
35.5,-18.57506,-20.21941,1.64435,15.32003,14.50491,0.81512,2.9993,3.0,85.0,0.00769,0.3,degraded
35.51,-18.26202,-19.9279,1.66588,15.42499,14.61207,0.81292,2.982,2.9631,85.0,0.00583,0.3,degraded
35.52,-17.94567,-19.62022,1.67455,15.52837,14.71193,0.81645,2.9975,3.0,85.0,0.00537,0.3,degraded
35.53,-17.62605,-19.32492,1.69888,15.63018,14.81449,0.81569,2.998,2.9974,85.0,0.0028,0.3,degraded
35.54,-17.3032,-19.05188,1.74868,15.73043,14.91267,0.81776,2.8995,3.0,85.0,0.0032,0.3,degraded
35.55,-16.97718,-18.76347,1.7863,15.82914,15.0171,0.81204,2.998,3.0,85.0,0.00827,0.3,degraded
35.56,-16.64803,-18.47197,1.82394,15.92633,15.11353,0.8128,2.2373,2.9793,85.0,0.00298,0.3,degraded
35.57,-16.3158,-18.14133,1.82553,16.022,15.21486,0.80714,3.0132,2.9919,85.0,0.00424,0.3,degraded
35.58,-15.98055,-17.83317,1.85262,16.11619,15.31182,0.80437,3.0074,2.9648,85.0,0.00263,0.3,degraded
35.59,-15.64233,-17.50761,1.86528,16.20889,15.41502,0.79387,2.9994,2.9821,85.0,0.00295,0.3,degraded
35.6,-15.30118,-17.1938,1.89261,16.30014,15.51324,0.78691,2.5175,3.0,85.0,0.00146,0.3,degraded
35.61,-14.95718,-16.86388,1.9067,16.38995,15.61607,0.77388,3.0219,3.0,85.0,0.00721,0.3,degraded
35.62,-14.61036,-16.49611,1.88574,16.47833,15.71299,0.76533,3.0016,3.0,85.0,0.00605,0.3,degraded
35.63,-14.2608,-16.11557,1.85477,16.5653,15.81334,0.75196,2.9865,2.9846,85.0,0.00459,0.3,degraded
35.64,-13.90854,-15.76084,1.8523,16.65088,15.9066,0.74429,2.9999,2.9956,85.0,0.00664,0.3,degraded
35.65,-13.55364,-15.41854,1.8649,16.7351,16.00956,0.72554,3.0003,3.0,85.0,0.00363,0.3,degraded
35.66,-13.19618,-15.09592,1.89974,16.81795,16.10597,0.71199,2.9919,2.9904,85.0,0.0054,0.3,degraded
35.67,-12.8362,-14.72741,1.89121,16.89948,16.20734,0.69214,2.986,3.0,85.0,0.00663,0.3,degraded
35.68,-12.47378,-14.36022,1.88644,16.97969,16.30245,0.67724,3.0009,3.0,85.0,0.00398,0.3,degraded
35.69,-12.10896,-14.00311,1.89415,17.0586,16.40446,0.65414,3.0005,3.0,85.0,0.0036,0.3,degraded
35.7,-11.74183,-13.66938,1.92754,17.13623,16.5002,0.63603,2.9941,3.0,85.0,0.00288,0.3,degraded
35.71,-11.37245,-13.32575,1.95331,17.21261,16.6011,0.61151,2.9792,3.0,85.0,0.01537,0.3,degraded
35.72,-11.00087,-12.95071,1.94984,17.28775,16.69568,0.59206,2.9965,3.0,85.0,0.01248,0.3,degraded
35.73,-10.62717,-12.47762,1.85045,17.36167,16.79587,0.5658,3.0384,2.9681,85.0,0.00577,0.3,degraded
35.74,-10.25142,-12.03043,1.77901,17.43439,16.89025,0.54414,3.0027,2.9947,85.0,0.00469,0.3,degraded
35.75,-9.87368,-11.59518,1.7215,17.50593,16.99267,0.51326,3.0012,2.983,85.0,0.00437,0.3,degraded
35.76,-9.49402,-11.1843,1.69027,17.57632,17.0881,0.48822,2.9992,3.0,85.0,0.00514,0.3,degraded
35.77,-9.11253,-10.78296,1.67043,17.64557,17.18837,0.4572,3.0084,3.0,85.0,0.00491,0.3,degraded
35.78,-8.72925,-10.40536,1.6761,17.7137,17.28275,0.43095,2.9912,3.0,85.0,0.00402,0.3,degraded
35.79,-8.34428,-10.03968,1.69541,17.78074,17.38359,0.39715,3.0092,3.0,85.0,0.00596,0.3,degraded
35.8,-7.95767,-9.6987,1.74102,17.8467,17.48066,0.36604,2.9916,2.9983,85.0,0.0052,0.3,degraded
35.81,-7.56951,-9.37076,1.80124,17.91161,17.58734,0.32427,2.9884,3.0,85.0,0.00383,0.3,degraded
35.82,-7.17987,-9.06406,1.88419,17.97549,17.68509,0.2904,3.0169,2.9979,85.0,0.01086,0.3,degraded
35.83,-6.78882,-8.68551,1.89669,18.03836,17.78844,0.24992,3.0395,2.9934,85.0,0.01023,0.3,degraded
35.84,-6.39644,-8.29597,1.89953,18.10023,17.88324,0.21699,3.0238,2.9967,85.0,0.00357,0.3,degraded
35.85,-6.0028,-7.91862,1.91582,18.16114,17.98494,0.17621,2.9959,2.9987,85.0,0.00468,0.3,degraded
35.86,-5.60797,-7.56365,1.95567,18.22111,18.08137,0.13973,2.9996,2.9932,85.0,0.00527,0.3,degraded
35.87,-5.21205,-7.22108,2.00903,18.28014,18.18629,0.09386,3.0092,3.0,85.0,0.0094,0.3,degraded
35.88,-4.81509,-6.83839,2.0233,18.33828,18.28322,0.05506,3.0088,3.0,85.0,0.01146,0.3,degraded
35.89,-4.41719,-6.40164,1.98445,18.39553,18.38822,0.00731,2.9859,2.9896,85.0,0.00591,0.3,degraded
35.9,-4.01841,-5.98966,1.97125,18.45192,18.48991,-0.03799,2.9723,2.9801,85.0,0.00405,0.3,degraded
35.91,-3.61884,-5.5901,1.97126,18.50748,18.60018,-0.0927,3.0266,2.9666,85.0,0.00862,0.3,degraded
35.92,-3.21855,-5.21936,2.0008,18.56222,18.69283,-0.13061,3.0206,2.9748,85.0,0.009,0.3,degraded
35.93,-2.81763,-4.8644,2.04677,18.61616,18.77574,-0.15958,3.0185,3.0,85.0,0.00261,0.3,degraded
35.94,-2.41615,-4.51561,2.09946,18.66933,18.85437,-0.18503,2.9893,3.0,85.0,0.00389,0.3,degraded
35.95,-2.01419,-4.13894,2.12475,18.72176,18.93604,-0.21428,3.0031,3.0,85.0,0.00673,0.3,degraded
35.96,-1.61183,-3.77888,2.16705,18.77345,18.99845,-0.225,1.9909,3.0,85.0,0.00548,0.3,degraded
35.97,-1.20915,-3.37303,2.16387,18.82443,19.05936,-0.23493,3.0081,2.9929,85.0,0.00506,0.3,degraded
35.98,-0.80624,-2.99461,2.18837,18.87473,19.11669,-0.24196,2.9957,3.0,85.0,0.00443,0.3,degraded
35.99,-0.40316,-2.61971,2.21655,18.92437,19.17766,-0.25329,3.0203,2.9899,85.0,0.00509,0.3,degraded
36.0,-0.0,-2.22103,2.22103,18.97337,19.22811,-0.25474,3.0024,3.0,85.0,0.00408,0.3,degraded
36.01,0.40316,-1.82027,2.22343,19.02174,19.27374,-0.252,2.9797,2.9916,85.0,0.01113,0.3,degraded
36.02,0.80624,-1.43239,2.23862,19.06952,19.31726,-0.24775,1.1157,2.9903,85.0,0.01307,0.3,degraded
36.03,1.20915,-0.95055,2.15971,19.11671,19.33893,-0.22221,2.9787,2.9979,85.0,0.00887,0.3,degraded
36.04,1.61183,-0.49252,2.10435,19.16335,19.33424,-0.17088,2.9907,3.0,85.0,0.0058,0.3,degraded
36.05,2.01419,-0.04711,2.0613,19.20946,19.33428,-0.12482,3.0036,3.0,85.0,0.00436,0.3,degraded
36.06,2.41615,0.37646,2.03969,19.25506,19.32536,-0.07031,2.9807,3.0,85.0,0.00429,0.3,degraded
36.07,2.81763,0.78967,2.02796,19.30016,19.32321,-0.02306,3.0191,3.0,85.0,0.00606,0.3,degraded
36.08,3.21855,1.17883,2.03973,19.34478,19.31262,0.03216,3.0257,3.0,85.0,0.00431,0.3,degraded
36.09,3.61884,1.55269,2.06615,19.38896,19.31017,0.07879,2.988,3.0,85.0,0.00384,0.3,degraded
36.1,4.01841,1.90682,2.11159,19.43271,19.30184,0.13087,3.0288,3.0,85.0,0.00243,0.3,degraded
36.11,4.41719,2.28142,2.13577,19.47605,19.29998,0.17607,2.9923,2.9911,85.0,0.01307,0.3,degraded
36.12,4.81509,2.67024,2.14485,19.519,19.29486,0.22414,3.0025,2.9921,85.0,0.00834,0.3,degraded
36.13,5.21205,3.12805,2.084,19.56158,19.29782,0.26376,2.9961,3.0,85.0,0.00589,0.3,degraded
36.14,5.60797,3.56247,2.0455,19.60381,19.2951,0.30871,2.9886,3.0,85.0,0.00546,0.3,degraded
36.15,6.0028,3.98533,2.01746,19.64571,19.30151,0.3442,3.0098,3.0,85.0,0.00394,0.3,degraded
36.16,6.39644,4.3859,2.01054,19.68731,19.29953,0.38778,2.993,2.9961,85.0,0.00531,0.3,degraded
36.17,6.78882,4.77471,2.01411,19.72861,19.30229,0.42632,3.0241,3.0,85.0,0.00507,0.3,degraded
36.18,7.17987,5.13888,2.04099,19.76964,19.2982,0.47144,2.9937,2.973,85.0,0.00395,0.3,degraded
36.19,7.56951,5.49248,2.07704,19.81042,19.30352,0.50691,2.9742,2.9902,85.0,0.0088,0.3,degraded
36.2,7.95767,5.86235,2.09533,19.85097,19.30219,0.54878,3.0112,3.0,85.0,0.0091,0.3,degraded
36.21,8.34428,6.28696,2.05732,19.8913,19.30742,0.58388,3.0083,3.0,85.0,0.00647,0.3,degraded
36.22,8.72925,6.68945,2.03981,19.93144,19.32531,0.60614,3.0076,3.0,85.0,0.0075,0.3,degraded
36.23,9.11253,7.08059,2.03194,19.9714,19.35731,0.6141,2.9901,3.0,85.0,0.00571,0.3,degraded
36.24,9.49402,7.4476,2.04642,20.0112,19.38053,0.63067,2.9825,3.0,85.0,0.00369,0.3,degraded
36.25,9.87368,7.80328,2.07039,20.05086,19.41107,0.63979,2.9882,2.9994,85.0,0.00819,0.3,degraded
36.26,10.25142,8.21305,2.03837,20.0904,19.43442,0.65597,3.0034,3.0,85.0,0.0155,0.3,degraded
36.27,10.62717,8.6457,1.98147,20.12982,19.51483,0.61499,2.9913,2.9999,85.0,0.00977,0.3,degraded
36.28,11.00087,9.05271,1.94816,20.16916,19.59405,0.57511,3.0023,2.9841,85.0,0.00471,0.3,degraded
36.29,11.37245,9.44935,1.9231,20.20842,19.67697,0.53146,3.0267,2.9914,85.0,0.00541,0.3,degraded
36.3,11.74183,9.82095,1.92088,20.24763,19.75084,0.49679,2.9946,3.0,85.0,0.00614,0.3,degraded
36.31,12.10896,10.18134,1.92762,20.28679,19.82407,0.46272,2.9883,2.9912,85.0,0.00566,0.3,degraded
36.32,12.47378,10.51084,1.96293,20.32593,19.89046,0.43547,2.9808,3.0,85.0,0.00656,0.3,degraded
36.33,12.8362,10.88239,1.95381,20.36505,19.96651,0.39855,3.0037,2.9886,85.0,0.00483,0.3,degraded
36.34,13.19618,11.25259,1.94359,20.40419,20.03937,0.36481,2.9994,3.0,85.0,0.00448,0.3,degraded
36.35,13.55364,11.61055,1.94309,20.44334,20.11676,0.32657,2.9856,3.0,85.0,0.00609,0.3,degraded
36.36,13.90854,11.9462,1.96234,20.48252,20.18497,0.29755,3.0026,3.0,85.0,0.00314,0.3,degraded
36.37,14.2608,12.27818,1.98261,20.52175,20.25688,0.26487,2.9856,2.9719,85.0,0.00062,0.3,degraded
36.38,14.61036,12.61351,1.99686,20.56104,20.32168,0.23937,3.0171,3.0,85.0,0.01041,0.3,degraded
36.39,14.95718,13.00774,1.94944,20.60041,20.39316,0.20725,2.9867,3.0,85.0,0.00666,0.3,degraded
36.4,15.30118,13.40598,1.89521,20.63986,20.45644,0.18343,3.0177,2.9897,85.0,0.00489,0.3,degraded
36.41,15.64233,13.79188,1.85044,20.67942,20.52488,0.15454,2.997,3.0,85.0,0.00608,0.3,degraded
36.42,15.98055,14.15421,1.82634,20.71909,20.58553,0.13355,3.028,3.0,85.0,0.00494,0.3,degraded
36.43,16.3158,14.50218,1.81363,20.75888,20.65297,0.10591,3.02,3.0,85.0,0.00414,0.3,degraded
36.44,16.64803,14.82312,1.82491,20.79881,20.71049,0.08832,2.9978,3.0,85.0,0.00882,0.3,degraded
36.45,16.97718,15.14001,1.83717,20.83889,20.77311,0.06577,1.3615,3.0,85.0,0.00795,0.3,degraded
36.46,17.3032,15.52559,1.77761,20.87912,20.83118,0.04794,2.9991,3.0,85.0,0.00361,0.3,degraded
36.47,17.62605,15.90132,1.72472,20.91953,20.89685,0.02268,2.9832,2.9708,85.0,0.00504,0.3,degraded
36.48,17.94567,16.25483,1.69084,20.96011,20.95914,0.00097,3.0012,2.9988,85.0,0.00461,0.3,degraded
36.49,18.26202,16.5985,1.66352,21.00088,21.02613,-0.02525,3.0232,3.0,85.0,0.00398,0.3,degraded
36.5,18.57506,16.91704,1.65802,21.04185,21.08569,-0.04384,2.9792,3.0,85.0,0.00536,0.3,degraded
36.51,18.88474,17.22376,1.66098,21.08303,21.14977,-0.06675,2.9893,3.0,85.0,0.0062,0.3,degraded
36.52,19.19102,17.504,1.68702,21.12442,21.20621,-0.08179,3.0126,2.9919,85.0,0.0072,0.3,degraded
36.53,19.49386,17.82585,1.66801,21.16603,21.27144,-0.10541,3.0042,3.0,85.0,0.00818,0.3,degraded
36.54,19.79322,18.17544,1.61778,21.20788,21.33034,-0.12246,3.0034,2.9863,85.0,0.0053,0.3,degraded
36.55,20.08905,18.51268,1.57638,21.24996,21.39529,-0.14533,3.0231,2.9945,85.0,0.00639,0.3,degraded
36.56,20.38134,18.82477,1.55656,21.29229,21.43962,-0.14733,3.0017,3.0,85.0,0.00667,0.3,degraded
36.57,20.67003,19.12489,1.54514,21.33487,21.48229,-0.14743,2.9935,3.0,85.0,0.00631,0.3,degraded
36.58,20.95509,19.39819,1.5569,21.3777,21.52032,-0.14262,3.0122,3.0,85.0,0.00428,0.3,degraded
36.59,21.2365,19.65889,1.57761,21.4208,21.56305,-0.14225,2.9901,3.0,85.0,0.00738,0.3,degraded
36.6,21.51422,19.9679,1.54631,21.46416,21.60009,-0.13592,2.9849,3.0,85.0,0.00849,0.3,degraded
36.61,21.78822,20.29675,1.49147,21.5078,21.64276,-0.13496,3.0051,3.0,85.0,0.00459,0.3,degraded
36.62,22.05847,20.59843,1.46004,21.55172,21.67507,-0.12335,2.9894,3.0,85.0,0.00518,0.3,degraded
36.63,22.32495,20.88676,1.43819,21.59591,21.71356,-0.11765,2.999,3.0,85.0,0.00591,0.3,degraded
36.64,22.58763,21.15074,1.43689,21.64039,21.74259,-0.1022,3.0237,3.0,85.0,0.00437,0.3,degraded
36.65,22.84649,21.40248,1.44401,21.68515,21.77963,-0.09448,2.9906,3.0,85.0,0.00085,0.3,degraded
36.66,23.1015,21.63153,1.46998,21.73021,21.81154,-0.08134,2.3026,3.0,85.0,0.00259,0.3,degraded
36.67,23.35265,21.88557,1.46708,21.77555,21.84759,-0.07204,3.0225,2.9831,85.0,0.00438,0.3,degraded
36.68,23.59992,22.11654,1.48338,21.82119,21.87871,-0.05752,2.9884,3.0,85.0,0.00832,0.3,degraded
36.69,23.84329,22.43018,1.4131,21.86712,21.91815,-0.05103,3.0029,3.0,85.0,0.00914,0.3,degraded
36.7,24.08273,22.73148,1.35125,21.91334,21.95234,-0.039,2.989,3.0,85.0,0.00401,0.3,degraded
36.71,24.31825,23.02176,1.29649,21.95986,21.99221,-0.03235,2.9993,3.0,85.0,0.00462,0.3,degraded
36.72,24.54982,23.28733,1.26248,22.00667,22.02609,-0.01942,2.9966,2.9906,85.0,0.00557,0.3,degraded
36.73,24.77743,23.54099,1.23644,22.05377,22.0673,-0.01353,2.9931,3.0,85.0,0.0045,0.3,degraded
36.74,25.00108,23.77285,1.22823,22.10117,22.10226,-0.00109,3.0016,2.9954,85.0,0.00368,0.3,degraded
36.75,25.22075,23.9934,1.22736,22.14885,22.14503,0.00382,3.012,3.0,85.0,0.00551,0.3,degraded
36.76,25.43645,24.18825,1.24819,22.19683,22.18004,0.01679,2.9802,2.9943,85.0,0.0046,0.3,degraded
36.77,25.64815,24.39384,1.25431,22.24509,22.21877,0.02632,3.0066,2.9823,85.0,0.00403,0.3,degraded
36.78,25.85587,24.62237,1.2335,22.29363,22.24929,0.04435,2.9947,2.9952,85.0,0.00552,0.3,degraded
36.79,26.05959,24.84213,1.21746,22.34245,22.28413,0.05832,2.9992,2.972,85.0,0.00454,0.3,degraded
36.8,26.25932,25.03798,1.22134,22.39155,22.31472,0.07683,3.0127,3.0,85.0,0.00895,0.3,degraded
36.81,26.45506,25.23503,1.22003,22.44092,22.35075,0.09017,1.0302,3.0,85.0,0.01076,0.3,degraded
36.82,26.64681,25.51999,1.12682,22.49055,22.37996,0.11059,2.9989,2.9993,85.0,0.00542,0.3,degraded
36.83,26.83458,25.79017,1.04441,22.54045,22.41354,0.12691,3.0007,3.0,85.0,0.00357,0.3,degraded
36.84,27.01837,26.03654,0.98183,22.59059,22.44026,0.15033,2.9817,3.0,85.0,0.0056,0.3,degraded
36.85,27.19818,26.27067,0.92751,22.64099,22.47368,0.16731,2.9856,3.0,85.0,0.00598,0.3,degraded
36.86,27.37403,26.47778,0.89625,22.69163,22.502,0.18963,3.0228,3.0,85.0,0.0039,0.3,degraded
36.87,27.54593,26.67276,0.87316,22.74251,22.5373,0.20521,2.9946,2.9964,85.0,0.00546,0.3,degraded
36.88,27.71388,26.84183,0.87206,22.79361,22.56513,0.22848,2.9954,2.9913,85.0,0.00538,0.3,degraded
36.89,27.87791,26.99978,0.87814,22.84493,22.59904,0.24589,2.9933,3.0,85.0,0.00331,0.3,degraded
36.9,28.03802,27.13475,0.90327,22.89647,22.62679,0.26968,2.9819,2.9876,85.0,0.00494,0.3,degraded
36.91,28.19424,27.25815,0.93609,22.9482,22.6594,0.2888,2.9877,3.0,85.0,0.01472,0.3,degraded
36.92,28.34658,27.50137,0.8452,23.00013,22.682,0.31814,2.9959,3.0,85.0,0.0129,0.3,degraded
36.93,28.49505,27.74856,0.74649,23.05225,22.70843,0.34381,2.9975,3.0,85.0,0.00476,0.3,degraded
36.94,28.63969,27.97234,0.66735,23.10453,22.73046,0.37407,2.9956,3.0,85.0,0.00577,0.3,degraded
36.95,28.78051,28.18341,0.5971,23.15698,22.76119,0.39579,2.9907,2.9941,85.0,0.00456,0.3,degraded
36.96,28.91753,28.36833,0.5492,23.20958,22.78237,0.42721,3.0139,3.0,85.0,0.00515,0.3,degraded
36.97,29.05079,28.53999,0.51079,23.26232,22.80755,0.45477,2.9742,3.0,85.0,0.0056,0.3,degraded
36.98,29.1803,28.68733,0.49296,23.31519,22.82752,0.48767,2.9985,3.0,85.0,0.00458,0.3,degraded
36.99,29.30609,28.82295,0.48314,23.36818,22.85323,0.51495,3.0082,2.9963,85.0,0.00532,0.3,degraded
37.0,29.4282,28.93269,0.49552,23.42127,22.87406,0.54721,2.9988,2.995,85.0,0.00601,0.3,degraded
37.01,29.54666,29.02742,0.51923,23.47445,22.90122,0.57322,2.9983,3.0,85.0,0.00305,0.3,degraded
37.02,29.66149,29.11029,0.5512,23.5277,22.91867,0.60904,3.0102,2.981,85.0,0.00065,0.3,degraded
37.03,29.77273,29.20056,0.57216,23.58102,22.94545,0.63558,2.997,3.0,85.0,0.00226,0.3,degraded
37.04,29.88041,29.28492,0.59549,23.63439,22.96576,0.66864,3.0014,2.9844,85.0,0.00064,0.3,degraded
37.05,29.98457,29.37407,0.6105,23.6878,22.99416,0.69364,2.9931,3.0,85.0,0.0005,0.3,degraded
37.06,30.08525,29.45566,0.62959,23.74122,23.01238,0.72884,3.0099,3.0,85.0,0.00269,0.3,degraded
37.07,30.18248,29.54398,0.63851,23.79465,23.03235,0.7623,2.9894,3.0,85.0,0.00128,0.3,degraded
37.08,30.27631,29.62304,0.65327,23.84807,23.04443,0.80364,2.985,2.9683,85.0,0.0006,0.3,degraded
37.09,30.36677,29.70802,0.65875,23.90146,23.06314,0.83832,3.0192,2.9909,85.0,0.00538,0.3,degraded
37.1,30.45392,29.78424,0.66967,23.9548,23.10337,0.85143,3.0148,3.0,85.0,0.00453,0.3,degraded
37.11,30.53778,29.86759,0.67019,24.00808,23.15366,0.85442,2.9956,2.9957,85.0,0.0,0.3,degraded
37.12,30.6184,29.94426,0.67414,24.06129,23.19747,0.86382,3.0033,2.999,85.0,0.00218,0.3,degraded
37.13,30.69584,30.02645,0.66939,24.1144,23.2477,0.86669,3.0102,2.9838,85.0,0.00194,0.3,degraded
37.14,30.77013,30.10347,0.66666,24.16739,23.29133,0.87607,3.0046,2.9781,85.0,0.00034,0.3,degraded
37.15,30.84133,30.18511,0.65622,24.22026,23.33997,0.88029,2.9847,2.9991,85.0,0.00375,0.3,degraded
37.16,30.90948,30.25909,0.65038,24.27297,23.39392,0.87906,2.993,2.9974,85.0,0.00382,0.3,degraded
37.17,30.97463,30.34235,0.63228,24.32552,23.46677,0.85874,3.0233,2.9809,85.0,0.00038,0.3,degraded
37.18,31.03683,30.41843,0.61841,24.37787,23.53317,0.8447,2.9943,3.0,85.0,0.00164,0.3,degraded
37.19,31.09615,30.49922,0.59693,24.43002,23.60343,0.82659,2.9982,3.0,85.0,0.00141,0.3,degraded
37.2,31.15262,30.57281,0.57981,24.48194,23.66929,0.81265,2.9892,2.9812,85.0,0.0,0.3,degraded
37.21,31.2063,30.65249,0.55381,24.53361,23.74185,0.79176,2.9832,3.0,85.0,0.00167,0.3,degraded
37.22,31.25725,30.72715,0.5301,24.58501,23.80882,0.77619,3.0023,3.0,85.0,0.00261,0.3,degraded
37.23,31.30552,30.80659,0.49894,24.63612,23.88115,0.75497,3.0199,3.0,85.0,0.00098,0.3,degraded
37.24,31.35118,30.87816,0.47301,24.68693,23.94504,0.74188,3.0321,2.9695,85.0,0.00181,0.3,degraded
37.25,31.39426,30.95504,0.43923,24.7374,24.01481,0.72259,3.0108,3.0,85.0,0.00263,0.3,degraded
37.26,31.43485,31.02382,0.41103,24.78751,24.07396,0.71355,2.9956,3.0,85.0,0.00079,0.3,degraded
37.27,31.47298,31.10152,0.37147,24.83726,24.13972,0.69754,2.974,2.9753,85.0,0.00095,0.3,degraded
37.28,31.50873,31.17308,0.33565,24.88661,24.19969,0.68692,3.0148,3.0,85.0,0.0018,0.3,degraded
37.29,31.54215,31.25035,0.2918,24.93553,24.26651,0.66902,3.0072,2.9967,85.0,0.00048,0.3,degraded
37.3,31.57331,31.32136,0.25195,24.98402,24.32715,0.65687,3.0009,2.979,85.0,0.00099,0.3,degraded
37.31,31.60226,31.39855,0.20372,25.03204,24.39361,0.63843,2.9935,2.9914,85.0,0.00287,0.3,degraded
37.32,31.62908,31.46972,0.15935,25.07958,24.45329,0.62629,2.9862,3.0,85.0,0.00072,0.3,degraded
37.33,31.65381,31.54851,0.1053,25.1266,24.51807,0.60853,2.9866,3.0,85.0,0.00045,0.3,degraded
37.34,31.67653,31.61992,0.05661,25.17309,24.5767,0.59639,2.9761,2.9769,85.0,0.00239,0.3,degraded
37.35,31.6973,31.6965,0.0008,25.21903,24.64341,0.57562,3.0008,2.9989,85.0,0.00083,0.3,degraded
37.36,31.71618,31.76704,-0.05085,25.26438,24.70324,0.56114,3.0259,2.9881,85.0,0.00059,0.3,degraded
37.37,31.73324,31.84347,-0.11023,25.30913,24.77184,0.53728,3.0068,3.0,85.0,0.00737,0.3,degraded
37.38,31.74855,31.87424,-0.12569,25.35324,24.83537,0.51787,2.9786,2.9913,85.0,0.00504,0.3,degraded
37.39,31.76217,31.90413,-0.14196,25.39671,24.90587,0.49084,2.9917,2.9978,85.0,0.00043,0.3,degraded
37.4,31.77417,31.92819,-0.15402,25.4395,24.97105,0.46844,2.9939,3.0,85.0,0.00242,0.3,degraded
37.41,31.78461,31.95783,-0.17321,25.48158,25.04312,0.43846,3.023,3.0,85.0,0.00169,0.3,degraded
37.42,31.79357,31.98164,-0.18807,25.52294,25.11046,0.41248,2.9896,2.9981,85.0,0.00085,0.3,degraded
37.43,31.8011,32.00968,-0.20857,25.56354,25.18495,0.3786,2.9905,3.0,85.0,0.00271,0.3,degraded
37.44,31.80729,32.03097,-0.22368,25.60337,25.25624,0.34713,2.9944,3.0,85.0,0.00147,0.3,degraded
37.45,31.81218,32.05813,-0.24595,25.6424,25.33148,0.31092,2.9966,3.0,85.0,0.00628,0.3,degraded
37.46,31.81587,32.03514,-0.21927,25.6806,25.397,0.2836,3.0059,2.9946,85.0,0.00783,0.3,degraded
37.47,31.8184,32.00628,-0.18788,25.71795,25.47,0.24795,2.9933,3.0,85.0,0.00127,0.3,degraded
37.48,31.81986,31.97246,-0.1526,25.75442,25.53648,0.21794,2.9948,2.9866,85.0,0.00036,0.3,degraded
37.49,31.8203,31.94468,-0.12438,25.78998,25.61255,0.17744,2.9846,3.0,85.0,0.00249,0.3,degraded
37.5,31.81981,31.90663,-0.08683,25.82462,25.68039,0.14423,3.0009,3.0,85.0,0.00236,0.3,degraded
37.51,31.81844,31.87364,-0.05521,25.8583,25.75489,0.10341,2.9941,3.0,85.0,7e-05,0.3,degraded
37.52,31.81627,31.83218,-0.01591,25.89101,25.82171,0.0693,2.9956,3.0,85.0,0.0016,0.3,degraded
37.53,31.81336,31.79831,0.01505,25.9227,25.89463,0.02807,3.0116,2.9914,85.0,0.00228,0.3,degraded
37.54,31.80979,31.75557,0.05422,25.95337,25.96226,-0.00889,3.0131,3.0,85.0,0.00049,0.3,degraded
37.55,31.80562,31.71889,0.08673,25.98298,26.03693,-0.05395,2.9986,3.0,85.0,0.00168,0.3,degraded
37.56,31.80092,31.67422,0.1267,26.01151,26.10552,-0.09401,2.9924,3.0,85.0,0.00242,0.3,degraded
37.57,31.79577,31.63513,0.16063,26.03892,26.18,-0.14108,3.0144,2.9998,85.0,0.00047,0.3,degraded
37.58,31.79022,31.59025,0.19997,26.06521,26.24838,-0.18317,3.0223,3.0,85.0,0.00119,0.3,degraded
37.59,31.78435,31.55092,0.23343,26.09033,26.32394,-0.23361,3.0001,2.9732,85.0,0.01295,0.3,degraded
37.6,31.77822,31.52181,0.25641,26.11427,26.34881,-0.23454,3.0118,3.0,85.0,0.0107,0.3,degraded
37.61,31.77191,31.51691,0.255,26.137,26.34938,-0.21239,3.0094,2.9555,85.0,0.00162,0.3,degraded
37.62,31.76548,31.50764,0.25784,26.15849,26.3428,-0.18432,2.998,3.0,85.0,0.00251,0.3,degraded
37.63,31.75899,31.50403,0.25496,26.17871,26.34184,-0.16313,2.9734,3.0,85.0,5e-05,0.3,degraded
37.64,31.75252,31.49608,0.25644,26.19765,26.33307,-0.13542,2.9815,2.9918,85.0,0.00147,0.3,degraded
37.65,31.74613,31.49357,0.25257,26.21528,26.33013,-0.11486,3.0022,2.9995,85.0,0.00283,0.3,degraded
37.66,31.73989,31.48406,0.25582,26.23156,26.31787,-0.08631,3.0158,2.9917,85.0,0.0007,0.3,degraded
37.67,31.73386,31.47962,0.25424,26.24648,26.31259,-0.06611,2.9939,2.9978,85.0,0.00118,0.3,degraded
37.68,31.7281,31.47043,0.25767,26.26001,26.30345,-0.04343,2.9969,2.9812,85.0,0.0031,0.3,degraded
37.69,31.72268,31.46964,0.25305,26.27213,26.30447,-0.03234,3.0003,3.0,85.0,0.00076,0.3,degraded
37.7,31.71768,31.46426,0.25342,26.28281,26.29981,-0.017,2.9961,2.9829,85.0,0.00055,0.3,degraded
37.71,31.71313,31.46369,0.24944,26.29202,26.30091,-0.00888,2.9684,2.9639,85.0,0.00216,0.3,degraded
37.72,31.70912,31.45464,0.25449,26.29975,26.29653,0.00322,3.0058,2.9937,85.0,0.00131,0.3,degraded
37.73,31.70571,31.45197,0.25374,26.30596,26.29688,0.00907,2.9818,2.9927,85.0,0.00015,0.3,degraded
37.74,31.70295,31.44203,0.26091,26.31063,26.29089,0.01973,2.9774,3.0,85.0,0.00255,0.3,degraded
37.75,31.7009,31.44007,0.26083,26.31374,26.28962,0.02412,3.0076,2.9869,85.0,0.00139,0.3,degraded
37.76,31.69963,31.43174,0.26789,26.31526,26.28375,0.0315,3.0163,3.0,85.0,0.00185,0.3,degraded
37.77,31.6992,31.43561,0.26358,26.31517,26.28424,0.03093,2.987,3.0,85.0,0.00373,0.3,degraded
37.78,31.69965,31.44395,0.2557,26.31344,26.27876,0.03469,2.9807,3.0,85.0,0.00193,0.3,degraded
37.79,31.70106,31.45723,0.24384,26.31006,26.27979,0.03028,3.0205,3.0,85.0,0.00026,0.3,degraded
37.8,31.70348,31.46462,0.23887,26.305,26.2773,0.0277,3.0123,3.0,85.0,0.00241,0.3,degraded
37.81,31.70697,31.47522,0.23175,26.29823,26.27979,0.01844,2.9745,3.0,85.0,0.00199,0.3,degraded
37.82,31.71157,31.48019,0.23138,26.28974,26.27623,0.01351,2.9913,3.0,85.0,0.00084,0.3,degraded
37.83,31.71735,31.49274,0.22461,26.27949,26.27896,0.00053,3.0072,3.0,85.0,0.00203,0.3,degraded
37.84,31.72435,31.50034,0.22401,26.26747,26.27461,-0.00714,2.9925,2.976,85.0,0.00169,0.3,degraded
37.85,31.73263,31.51526,0.21738,26.25366,26.27516,-0.0215,3.0207,2.9839,85.0,0.0,0.3,degraded
37.86,31.74225,31.52351,0.21874,26.23803,26.26782,-0.02979,2.9879,3.0,85.0,0.00131,0.3,degraded
37.87,31.75325,31.53679,0.21645,26.22056,26.26594,-0.04538,3.0105,3.0,85.0,0.0022,0.3,degraded
37.88,31.76567,31.54229,0.22338,26.20123,26.25742,-0.05619,2.9847,3.0,85.0,0.00053,0.3,degraded
37.89,31.77958,31.55204,0.22754,26.18002,26.25589,-0.07587,2.976,3.0,85.0,0.00123,0.3,degraded
37.9,31.79502,31.55659,0.23843,26.1569,26.24857,-0.09167,3.0071,3.0,85.0,0.00232,0.3,degraded
37.91,31.81202,31.5743,0.23773,26.13187,26.24698,-0.11511,2.9875,2.9721,85.0,0.00156,0.3,degraded
37.92,31.83065,31.59076,0.23989,26.10489,26.23821,-0.13332,3.003,2.9953,85.0,0.00095,0.3,degraded
37.93,31.85094,31.61455,0.23639,26.07594,26.23862,-0.16268,2.99,3.0,85.0,0.0022,0.3,degraded
37.94,31.87293,31.63195,0.24099,26.04502,26.23222,-0.1872,2.9637,2.9847,85.0,0.001,0.3,degraded
37.95,31.89667,31.65833,0.23834,26.01209,26.23209,-0.22001,2.9855,2.9774,85.0,0.00085,0.3,degraded
37.96,31.9222,31.67808,0.24412,25.97714,26.22345,-0.24631,3.0016,2.9948,85.0,0.00238,0.3,degraded
37.97,31.94955,31.7041,0.24545,25.94015,26.21795,-0.2778,2.9706,2.9742,85.0,0.00061,0.3,degraded
37.98,31.97877,31.72437,0.2544,25.9011,26.20825,-0.30715,3.0013,2.9764,85.0,0.00163,0.3,degraded
37.99,32.00989,31.7513,0.25858,25.85998,26.20824,-0.34826,3.0108,2.9964,85.0,0.00223,0.3,degraded
38.0,32.04294,31.76989,0.27305,25.81676,26.20262,-0.38586,2.9873,2.9911,85.0,0.00551,0.3,degraded
38.01,32.07796,31.80816,0.2698,25.77143,26.20701,-0.43558,2.9996,2.9856,85.0,0.0045,0.3,degraded
38.02,32.11499,31.86897,0.24603,25.72398,26.20604,-0.48206,3.0149,3.0,85.0,0.00202,0.3,degraded
38.03,32.15406,31.93594,0.21811,25.67438,26.21179,-0.53741,2.9973,2.978,85.0,0.00464,0.3,degraded
38.04,32.19518,31.99704,0.19815,25.62262,26.16961,-0.54699,2.9925,3.0,85.0,0.00469,0.3,degraded
38.05,32.23841,32.06578,0.17263,25.56868,26.13107,-0.56239,3.0016,3.0,85.0,0.00247,0.3,degraded
38.06,32.28375,32.1285,0.15525,25.51255,26.08521,-0.57266,3.0153,3.0,85.0,0.00119,0.3,degraded
38.07,32.33124,32.19722,0.13403,25.45422,26.04823,-0.59401,2.9929,2.9978,85.0,0.00063,0.3,degraded
38.08,32.38091,32.25981,0.12109,25.39366,26.00781,-0.61415,2.9849,2.995,85.0,0.00239,0.3,degraded
38.09,32.43276,32.33114,0.10162,25.33087,25.97475,-0.64387,2.9915,3.0,85.0,0.00204,0.3,degraded
38.1,32.48684,32.39336,0.09348,25.26584,25.93194,-0.6661,3.0272,3.0,85.0,0.00176,0.3,degraded
38.11,32.54316,32.46105,0.0821,25.19854,25.89097,-0.69243,3.0032,2.9819,85.0,0.0025,0.3,degraded
38.12,32.60173,32.52105,0.08068,25.12896,25.84287,-0.71391,2.9968,2.9919,85.0,0.00332,0.3,degraded
38.13,32.66258,32.59131,0.07126,25.0571,25.78695,-0.72985,3.0219,2.9978,85.0,0.00278,0.3,degraded
38.14,32.72571,32.65513,0.07059,24.98295,25.71556,-0.73262,2.9913,3.0,85.0,0.00244,0.3,degraded
38.15,32.79116,32.72513,0.06603,24.90648,25.64771,-0.74123,2.9931,3.0,85.0,0.00154,0.3,degraded
38.16,32.85892,32.78903,0.06989,24.82769,25.57494,-0.74725,2.9992,2.9927,85.0,0.00044,0.3,degraded
38.17,32.92901,32.86083,0.06818,24.74657,25.50855,-0.76198,3.0062,3.0,85.0,0.00149,0.3,degraded
38.18,33.00145,32.92791,0.07354,24.66312,25.43534,-0.77223,2.9932,2.9725,85.0,0.0034,0.3,degraded
38.19,33.07623,33.00205,0.07418,24.57731,25.36122,-0.78391,3.0005,2.9857,85.0,0.00217,0.3,degraded
38.2,33.15337,33.07079,0.08258,24.48914,25.26834,-0.7792,2.9859,2.9812,85.0,0.00228,0.3,degraded
38.21,33.23287,33.14729,0.08558,24.3986,25.18094,-0.78233,2.9919,3.0,85.0,0.00231,0.3,degraded
38.22,33.31474,33.216,0.09875,24.30569,25.08822,-0.78253,2.9903,2.9889,85.0,0.00134,0.3,degraded
38.23,33.39898,33.28967,0.10931,24.2104,25.00542,-0.79503,3.0253,3.0,85.0,0.00166,0.3,degraded
38.24,33.4856,33.35475,0.13084,24.11271,24.91524,-0.80252,2.9976,3.0,85.0,0.0025,0.3,degraded
38.25,33.57458,33.42337,0.15121,24.01263,24.82967,-0.81704,2.9963,2.9979,85.0,0.0,0.3,degraded
38.26,33.66593,33.48675,0.17918,23.91015,24.73807,-0.82792,3.0157,3.0,85.0,0.00155,0.3,degraded
38.27,33.75965,33.55745,0.2022,23.80526,24.64858,-0.84332,3.0074,2.9949,85.0,0.00238,0.3,degraded
38.28,33.85573,33.62205,0.23368,23.69795,24.55053,-0.85258,3.0089,2.9796,85.0,0.00166,0.3,degraded
38.29,33.95416,33.69234,0.26182,23.58823,24.45137,-0.86314,3.003,3.0,85.0,0.00188,0.3,degraded
38.3,34.05494,33.75765,0.2973,23.47609,24.34394,-0.86785,3.0034,2.994,85.0,0.00239,0.3,degraded
38.31,34.15806,33.82971,0.32835,23.36152,24.24233,-0.88081,2.9981,3.0,85.0,0.00405,0.3,degraded
38.32,34.26351,33.89372,0.36979,23.24453,24.12161,-0.87709,2.9697,2.9759,85.0,0.00121,0.3,degraded
38.33,34.37127,33.96252,0.40876,23.1251,24.00487,-0.87977,2.9873,2.993,85.0,0.00453,0.3,degraded
38.34,34.48134,34.02459,0.45674,23.00324,23.89483,-0.89159,3.0017,2.9744,85.0,0.00127,0.3,degraded
38.35,34.59369,34.09269,0.50099,22.87896,23.78382,-0.90487,3.0059,3.0,85.0,0.01231,0.3,degraded
38.36,34.70831,34.1547,0.55361,22.75223,23.5448,-0.79257,2.9963,2.9987,85.0,0.0121,0.3,degraded
38.37,34.82518,34.22233,0.60285,22.62308,23.3344,-0.71133,2.9726,2.9955,85.0,0.00546,0.3,degraded
38.38,34.94428,34.28782,0.65646,22.49149,23.13935,-0.64786,3.0195,3.0,85.0,0.00527,0.3,degraded
38.39,35.06559,34.3613,0.70429,22.35747,22.97405,-0.61659,3.0237,2.9928,85.0,0.01135,0.3,degraded
38.4,35.18909,34.43333,0.75576,22.22101,22.82531,-0.60429,2.3164,2.9928,85.0,0.00742,0.3,degraded
38.41,35.31476,34.53858,0.77618,22.08213,22.70261,-0.62048,2.9809,3.0,85.0,0.00615,0.3,degraded
38.42,35.44256,34.62936,0.8132,21.94083,22.59297,-0.65215,2.1397,3.0,85.0,0.00539,0.3,degraded
38.43,35.57247,34.76329,0.80918,21.7971,22.49178,-0.69469,2.9977,2.9777,85.0,0.00501,0.3,degraded
38.44,35.70447,34.87181,0.83266,21.65095,22.3878,-0.73686,2.9753,2.9779,85.0,0.00687,0.3,degraded
38.45,35.83852,35.01996,0.81856,21.50238,22.29097,-0.78858,3.009,2.9977,85.0,0.00864,0.3,degraded
38.46,35.9746,35.19484,0.77975,21.35141,22.19154,-0.84013,3.0051,2.9992,85.0,0.00509,0.3,degraded
38.47,36.11266,35.35765,0.75502,21.19803,22.09853,-0.9005,3.001,2.9838,85.0,0.00448,0.3,degraded
38.48,36.25269,35.49306,0.75963,21.04225,21.99103,-0.94878,2.991,2.9786,85.0,0.00913,0.3,degraded
38.49,36.39463,35.6133,0.78133,20.88408,21.865,-0.98092,3.001,3.0,85.0,0.01698,0.3,degraded
38.5,36.53846,35.71924,0.81922,20.72353,21.71552,-0.99199,1.1138,2.9891,85.0,0.011,0.3,degraded
38.51,36.68413,35.92004,0.76409,20.5606,21.55137,-0.99078,3.0105,2.9974,85.0,0.01002,0.3,degraded
38.52,36.83162,36.09425,0.73737,20.39529,21.40412,-1.00883,2.995,3.0,85.0,0.00716,0.3,degraded
38.53,36.98087,36.25755,0.72332,20.22763,21.27166,-1.04403,3.0093,2.9679,85.0,0.0053,0.3,degraded
38.54,37.13185,36.39616,0.73569,20.05762,21.10757,-1.04995,2.9785,3.0,85.0,0.00846,0.3,degraded
38.55,37.28451,36.52546,0.75905,19.88526,20.96916,-1.0839,3.0175,3.0,85.0,0.00904,0.3,degraded
38.56,37.43881,36.63135,0.80746,19.71057,20.77674,-1.06617,2.9692,2.996,85.0,0.01126,0.3,degraded
38.57,37.59471,36.77963,0.81507,19.53356,20.59948,-1.06591,2.9948,3.0,85.0,0.01237,0.3,degraded
38.58,37.75215,36.95687,0.79528,19.35425,20.43566,-1.08141,2.9968,2.9873,85.0,0.00925,0.3,degraded
38.59,37.91109,37.12335,0.78774,19.17263,20.29831,-1.12567,3.0118,3.0,85.0,0.01406,0.3,degraded
38.6,38.07148,37.26442,0.80706,18.98874,20.02819,-1.03945,2.9883,3.0,85.0,0.01564,0.3,degraded
38.61,38.23328,37.39289,0.84039,18.80257,19.78404,-0.98148,3.0309,3.0,85.0,0.0079,0.3,degraded
38.62,38.39642,37.50424,0.89218,18.61414,19.55521,-0.94107,2.9945,2.9841,85.0,0.01273,0.3,degraded
38.63,38.56086,37.64841,0.91245,18.42347,19.35598,-0.93251,2.9884,3.0,85.0,0.01025,0.3,degraded
38.64,38.72655,37.82607,0.90048,18.23057,19.17489,-0.94431,2.9981,3.0,85.0,0.0101,0.3,degraded
38.65,38.89343,37.99509,0.89833,18.03546,19.0226,-0.98714,2.9706,2.9886,85.0,0.00833,0.3,degraded
38.66,39.06144,38.14168,0.91976,17.83815,18.88725,-1.0491,2.9991,3.0,85.0,0.00922,0.3,degraded
38.67,39.23053,38.27834,0.95219,17.63866,18.70469,-1.06603,2.34,2.9884,85.0,0.01043,0.3,degraded
38.68,39.40064,38.42826,0.97238,17.43701,18.48849,-1.05148,2.9989,2.9802,85.0,0.00763,0.3,degraded
38.69,39.57171,38.58583,0.98589,17.23321,18.29986,-1.06665,3.006,2.9656,85.0,0.00696,0.3,degraded
38.7,39.74369,38.76111,0.98259,17.02728,18.12519,-1.09791,2.9864,2.9866,85.0,0.00941,0.3,degraded
38.71,39.91652,38.92337,0.99315,16.81924,17.97831,-1.15907,3.0101,3.0,85.0,0.00816,0.3,degraded
38.72,40.09012,39.06619,1.02393,16.60911,17.82513,-1.21603,2.9969,3.0,85.0,0.00714,0.3,degraded
38.73,40.26445,39.25554,1.00891,16.3969,17.63406,-1.23715,3.0217,2.9924,85.0,0.00915,0.3,degraded
38.74,40.43944,39.42461,1.01483,16.18265,17.46066,-1.27801,3.0082,2.9912,85.0,0.01396,0.3,degraded
38.75,40.61502,39.58183,1.03319,15.96636,17.25604,-1.28968,2.9943,2.9941,85.0,0.01768,0.3,degraded
38.76,40.79113,39.80464,0.98649,15.74807,16.97981,-1.23175,2.9699,3.0,85.0,0.01197,0.3,degraded
38.77,40.96771,40.0266,0.94111,15.52778,16.73203,-1.20425,3.0145,2.9849,85.0,0.00854,0.3,degraded
38.78,41.14469,40.22527,0.91942,15.30553,16.49801,-1.19249,2.9969,2.9957,85.0,0.00764,0.3,degraded
38.79,41.32201,40.41259,0.90942,15.08133,16.29226,-1.21093,2.9848,3.0,85.0,0.00975,0.3,degraded
38.8,41.49959,40.57535,0.92425,14.85521,16.10056,-1.24535,3.002,3.0,85.0,0.00946,0.3,degraded
38.81,41.67738,40.72356,0.95381,14.6272,15.93528,-1.30809,2.9914,2.9819,85.0,0.00654,0.3,degraded
38.82,41.85529,40.91283,0.94247,14.39731,15.75615,-1.35885,3.0019,2.9978,85.0,0.00795,0.3,degraded
38.83,42.03327,41.11988,0.91339,14.16557,15.58491,-1.41934,2.9806,2.9901,85.0,0.0064,0.3,degraded
38.84,42.21125,41.30452,0.90673,13.932,15.36839,-1.43639,2.9769,2.9791,85.0,0.00529,0.3,degraded
38.85,42.38914,41.47618,0.91297,13.69664,15.18182,-1.48519,2.9836,3.0,85.0,0.01323,0.3,degraded
38.86,42.5669,41.62113,0.94576,13.4595,14.90866,-1.44916,2.9918,3.0,85.0,0.01838,0.3,degraded
38.87,42.74443,41.79267,0.95176,13.22061,14.63769,-1.41708,2.9739,3.0,85.0,0.01355,0.3,degraded
38.88,42.92168,42.0288,0.89288,12.98,14.38276,-1.40276,2.9783,2.99,85.0,0.01004,0.3,degraded
38.89,43.09857,42.25139,0.84718,12.7377,14.16061,-1.42291,3.0155,3.0,85.0,0.01076,0.3,degraded
38.9,43.27504,42.45049,0.82455,12.49373,13.95725,-1.46352,2.9971,3.0,85.0,0.00659,0.3,degraded
38.91,43.45099,42.63678,0.81422,12.24812,13.77812,-1.52999,3.002,2.9932,85.0,0.00978,0.3,degraded
38.92,43.62638,42.80105,0.82532,12.0009,13.51757,-1.51666,3.0024,2.9893,85.0,0.01003,0.3,degraded
38.93,43.80111,42.95466,0.84646,11.7521,13.28683,-1.53473,2.9998,2.9988,85.0,0.00815,0.3,degraded
38.94,43.97513,43.08301,0.89212,11.50175,13.07192,-1.57017,2.9778,3.0,85.0,0.01736,0.3,degraded
38.95,44.14835,43.23564,0.91271,11.24988,12.83113,-1.58126,3.0096,3.0,85.0,0.01785,0.3,degraded
38.96,44.32071,43.44221,0.87849,10.99651,12.53184,-1.53534,2.994,3.0,85.0,0.00907,0.3,degraded
38.97,44.49212,43.63433,0.85779,10.74167,12.26333,-1.52166,3.0157,2.9949,85.0,0.00929,0.3,degraded
38.98,44.66253,43.80261,0.85992,10.48541,12.00968,-1.52427,2.9708,3.0,85.0,0.01002,0.3,degraded
38.99,44.83184,43.96035,0.87149,10.22774,11.7861,-1.55836,2.9844,2.9942,85.0,0.00882,0.3,degraded
39.0,45.0,44.09285,0.90715,9.9687,11.58186,-1.61316,2.9842,2.989,85.0,0.00807,0.3,degraded
39.01,45.16692,44.22836,0.93856,9.70833,11.29286,-1.58453,2.9759,2.9965,85.0,0.00944,0.3,degraded
39.02,45.33254,44.36669,0.96585,9.44665,11.02021,-1.57356,3.008,3.0,85.0,0.00838,0.3,degraded
39.03,45.49677,44.52843,0.96834,9.18369,10.77763,-1.59394,3.0349,2.9825,85.0,0.00807,0.3,degraded
39.04,45.65955,44.69481,0.96474,8.91949,10.55585,-1.63636,2.9994,3.0,85.0,0.00972,0.3,degraded
39.05,45.82081,44.84847,0.97234,8.65408,10.3095,-1.65541,2.9909,3.0,85.0,0.00921,0.3,degraded
39.06,45.98046,45.01674,0.96372,8.3875,10.04129,-1.65379,2.9871,2.9999,85.0,0.00899,0.3,degraded
39.07,46.13844,45.21183,0.92662,8.11978,9.8038,-1.68402,3.0109,2.9817,85.0,0.00936,0.3,degraded
39.08,46.29468,45.38426,0.91042,7.85095,9.58131,-1.73036,2.9887,2.9871,85.0,0.01225,0.3,degraded
39.09,46.44909,45.54618,0.90292,7.58104,9.26812,-1.68708,3.0221,2.9883,85.0,0.01026,0.3,degraded
39.1,46.60162,45.68327,0.91835,7.3101,8.97335,-1.66325,2.9902,2.9801,85.0,0.01369,0.3,degraded
39.11,46.75219,45.84305,0.90914,7.03815,8.71206,-1.67391,2.9983,3.0,85.0,0.01395,0.3,degraded
39.12,46.90072,46.05117,0.84955,6.76523,8.46901,-1.70378,2.993,3.0,85.0,0.00421,0.3,degraded
39.13,47.04715,46.24629,0.80086,6.49138,8.24044,-1.74906,2.9946,3.0,85.0,0.00535,0.3,degraded
39.14,47.19141,46.41764,0.77377,6.21663,8.00315,-1.78651,2.949,2.9938,85.0,0.01118,0.3,degraded
39.15,47.33342,46.5796,0.75382,5.94102,7.7294,-1.78838,3.022,2.9981,85.0,0.00991,0.3,degraded
39.16,47.47311,46.71531,0.7578,5.66458,7.43392,-1.76934,2.9954,3.0,85.0,0.01027,0.3,degraded
39.17,47.61042,46.83771,0.77272,5.38735,7.16718,-1.77983,3.0086,3.0,85.0,0.00889,0.3,degraded
39.18,47.74528,46.94373,0.80156,5.10936,6.91724,-1.80787,2.0616,2.9916,85.0,0.00291,0.3,degraded
39.19,47.87763,47.09118,0.78645,4.83066,6.67406,-1.8434,2.9824,3.0,85.0,0.00577,0.3,degraded
39.2,48.00738,47.21306,0.79432,4.55127,6.42031,-1.86904,2.9969,3.0,85.0,0.0103,0.3,degraded
39.21,48.13448,47.32917,0.80531,4.27124,6.10244,-1.8312,2.0638,3.0,85.0,0.00942,0.3,degraded
39.22,48.25886,47.47471,0.78415,3.99061,5.77777,-1.78716,2.9814,2.9821,85.0,0.00827,0.3,degraded
39.23,48.38045,47.61339,0.76706,3.7094,5.48051,-1.77111,3.0007,3.0,85.0,0.00965,0.3,degraded
39.24,48.49919,47.72776,0.77143,3.42766,5.19759,-1.76993,3.0129,3.0,85.0,0.00672,0.3,degraded
39.25,48.61502,47.84012,0.7749,3.14542,4.94241,-1.79699,3.0092,3.0,85.0,0.01726,0.3,degraded
39.26,48.72787,47.96377,0.7641,2.86273,4.67629,-1.81356,3.0076,3.0,85.0,0.01641,0.3,degraded
39.27,48.83768,48.13353,0.70415,2.57962,4.32499,-1.74537,3.0037,3.0,85.0,0.00771,0.3,degraded
39.28,48.94439,48.27904,0.66534,2.29612,3.98593,-1.68981,2.9858,2.9961,85.0,0.00909,0.3,degraded
39.29,49.04793,48.41315,0.63478,2.01229,3.67721,-1.66493,3.0173,3.0,85.0,0.01049,0.3,degraded
39.3,49.14826,48.52209,0.62616,1.72814,3.38569,-1.65755,3.0121,3.0,85.0,0.00796,0.3,degraded
39.31,49.2453,48.61957,0.62573,1.44373,3.12143,-1.6777,3.0163,3.0,85.0,0.00634,0.3,degraded
39.32,49.339,48.70479,0.63421,1.15909,2.8709,-1.71182,3.0129,3.0,85.0,0.0068,0.3,degraded
39.33,49.42931,48.79429,0.63502,0.87425,2.64937,-1.77511,2.9954,3.0,85.0,0.00117,0.3,degraded
39.34,49.51617,48.87737,0.6388,0.58927,2.39375,-1.80448,2.9878,2.9854,85.0,0.00631,0.3,degraded
39.35,49.59952,48.9679,0.63162,0.30416,2.14656,-1.84239,3.0103,2.975,85.0,0.00215,0.3,degraded
39.36,49.6793,49.05218,0.62713,0.01899,1.8848,-1.86581,3.0099,2.9964,85.0,0.01152,0.3,degraded
39.37,49.75548,49.14188,0.6136,-0.26623,1.59142,-1.85765,3.0094,2.9813,85.0,0.01192,0.3,degraded
39.38,49.82798,49.22636,0.60163,-0.55144,1.22291,-1.77435,3.0225,2.9868,85.0,0.00645,0.3,degraded
39.39,49.89678,49.31874,0.57804,-0.83662,0.88119,-1.71781,2.981,2.9824,85.0,0.00623,0.3,degraded
39.4,49.9618,49.40365,0.55815,-1.12171,0.5576,-1.67931,2.997,3.0,85.0,0.00484,0.3,degraded
39.41,50.02301,49.49416,0.52885,-1.4067,0.26322,-1.66991,2.9837,3.0,85.0,0.00694,0.3,degraded
39.42,50.08036,49.58006,0.5003,-1.69152,-0.0126,-1.67892,2.993,2.9954,85.0,0.00643,0.3,degraded
39.43,50.1338,49.67012,0.46368,-1.97616,-0.25624,-1.71991,3.0239,3.0,85.0,0.00499,0.3,degraded
39.44,50.18329,49.75416,0.42913,-2.26056,-0.48331,-1.77725,3.0126,3.0,85.0,0.00901,0.3,degraded
39.45,50.22878,49.84573,0.38305,-2.54469,-0.75772,-1.78697,2.995,3.0,85.0,0.00944,0.3,degraded
39.46,50.27024,49.93147,0.33877,-2.82852,-1.06251,-1.76601,3.0017,2.95,85.0,0.00528,0.3,degraded
39.47,50.30761,50.02386,0.28375,-3.112,-1.33957,-1.77243,2.9748,3.0,85.0,0.00649,0.3,degraded
39.48,50.34087,50.10999,0.23088,-3.3951,-1.5984,-1.7967,2.9895,3.0,85.0,0.00675,0.3,degraded
39.49,50.36996,50.20214,0.16782,-3.67777,-1.82765,-1.85012,3.0113,2.9988,85.0,0.01027,0.3,degraded
39.5,50.39487,50.28424,0.11062,-3.95999,-2.18466,-1.77532,3.0075,3.0,85.0,0.01214,0.3,degraded
39.51,50.41554,50.37179,0.04375,-4.2417,-2.51284,-1.72887,2.9871,2.9981,85.0,0.00609,0.3,degraded
39.52,50.43194,50.45294,-0.021,-4.52289,-2.82451,-1.69838,3.0116,3.0,85.0,0.00473,0.3,degraded
39.53,50.44405,50.54235,-0.0983,-4.8035,-3.11015,-1.69334,2.9993,2.9845,85.0,0.0133,0.3,degraded
39.54,50.45183,50.59126,-0.13942,-5.0835,-3.38066,-1.70284,3.0082,3.0,85.0,0.01461,0.3,degraded
39.55,50.45525,50.594,-0.13875,-5.36285,-3.62328,-1.73957,2.9926,3.0,85.0,0.00478,0.3,degraded
39.56,50.45428,50.59121,-0.13693,-5.64152,-3.84899,-1.79253,3.0078,3.0,85.0,0.00671,0.3,degraded
39.57,50.4489,50.59401,-0.14511,-5.91947,-4.10961,-1.80986,2.9905,2.9846,85.0,0.00825,0.3,degraded
39.58,50.43907,50.58861,-0.14953,-6.19666,-4.39179,-1.80487,2.997,3.0,85.0,0.0042,0.3,degraded
39.59,50.42478,50.58734,-0.16256,-6.47306,-4.64532,-1.82774,2.9873,2.9934,85.0,0.00528,0.3,degraded
39.6,50.406,50.58,-0.17401,-6.74863,-4.88297,-1.86565,2.9861,2.9994,85.0,0.00812,0.3,degraded
39.61,50.3827,50.57851,-0.19581,-7.02333,-5.19597,-1.82736,2.9883,3.0,85.0,0.00572,0.3,degraded
39.62,50.35488,50.57112,-0.21624,-7.29713,-5.49024,-1.80688,2.9884,3.0,85.0,0.00622,0.3,degraded
39.63,50.32251,50.57092,-0.24841,-7.56999,-5.75313,-1.81686,3.0022,3.0,85.0,0.0072,0.3,degraded
39.64,50.28557,50.56904,-0.28347,-7.84187,-5.99836,-1.84352,2.9898,3.0,85.0,0.00639,0.3,degraded
39.65,50.24405,50.5756,-0.33156,-8.11275,-6.2744,-1.83835,3.0291,2.9762,85.0,0.00637,0.3,degraded
39.66,50.19793,50.57624,-0.37831,-8.38259,-6.57455,-1.80803,2.9803,3.0,85.0,0.0117,0.3,degraded
39.67,50.14721,50.57404,-0.42683,-8.65134,-6.84766,-1.80368,2.9943,2.9883,85.0,0.01041,0.3,degraded
39.68,50.09187,50.52126,-0.42939,-8.91899,-7.10319,-1.8158,3.0169,2.9978,85.0,0.00769,0.3,degraded
39.69,50.0319,50.47213,-0.44024,-9.18548,-7.35445,-1.83104,2.9957,2.994,85.0,0.00988,0.3,degraded
39.7,49.96729,50.41761,-0.45032,-9.4508,-7.68751,-1.76329,3.0207,3.0,85.0,0.00577,0.3,degraded
39.71,49.89805,50.36762,-0.46957,-9.7149,-7.99265,-1.72225,3.0172,2.9786,85.0,0.00501,0.3,degraded
39.72,49.82416,50.31117,-0.48701,-9.97776,-8.28044,-1.69732,3.0159,3.0,85.0,0.00596,0.3,degraded
39.73,49.74561,50.26009,-0.51447,-10.23934,-8.5423,-1.69704,3.0036,3.0,85.0,0.00588,0.3,degraded
39.74,49.66242,50.20391,-0.54149,-10.4996,-8.7873,-1.7123,3.0004,2.9899,85.0,0.00529,0.3,degraded
39.75,49.57458,50.15165,-0.57707,-10.75852,-9.00055,-1.75797,3.0018,2.991,85.0,0.01342,0.3,degraded
39.76,49.48209,50.09287,-0.61078,-11.01606,-9.35401,-1.66204,3.0057,3.0,85.0,0.01716,0.3,degraded
39.77,49.38495,50.00645,-0.6215,-11.27219,-9.6768,-1.59539,2.9932,3.0,85.0,0.00842,0.3,degraded
39.78,49.28317,49.90145,-0.61828,-11.52688,-9.9822,-1.54468,2.9934,3.0,85.0,0.00708,0.3,degraded
39.79,49.17676,49.80772,-0.63096,-11.7801,-10.2613,-1.5188,2.9994,3.0,85.0,0.00561,0.3,degraded
39.8,49.06572,49.71105,-0.64533,-12.03182,-10.52717,-1.50465,3.0051,3.0,85.0,0.00477,0.3,degraded
39.81,48.95007,49.61984,-0.66977,-12.28201,-10.76491,-1.51709,2.9802,2.9972,85.0,0.00642,0.3,degraded
39.82,48.8298,49.52476,-0.69496,-12.53064,-10.98467,-1.54597,3.0165,2.9934,85.0,0.00631,0.3,degraded
39.83,48.70495,49.43551,-0.73056,-12.77767,-11.17127,-1.6064,3.01,2.9965,85.0,0.00156,0.3,degraded
39.84,48.57552,49.33733,-0.76181,-13.02309,-11.37981,-1.64328,3.0064,2.9754,85.0,0.0092,0.3,degraded
39.85,48.44152,49.23118,-0.78966,-13.26686,-11.58239,-1.68446,2.9973,3.0,85.0,0.00775,0.3,degraded
39.86,48.30298,49.08896,-0.78598,-13.50895,-11.80988,-1.69907,3.0178,2.9949,85.0,0.01062,0.3,degraded
39.87,48.15991,48.9705,-0.81059,-13.74934,-12.03009,-1.71925,2.9921,3.0,85.0,0.00355,0.3,degraded
39.88,48.01233,48.83355,-0.82122,-13.98799,-12.28872,-1.69928,3.0185,3.0,85.0,0.00677,0.3,degraded
39.89,47.86027,48.7126,-0.85233,-14.22489,-12.51952,-1.70536,3.0002,3.0,85.0,0.00498,0.3,degraded
39.9,47.70375,48.53634,-0.83259,-14.46,-12.74742,-1.71258,2.9938,2.9939,85.0,0.00545,0.3,degraded
39.91,47.54279,48.38478,-0.84199,-14.6933,-12.9941,-1.6992,2.9981,3.0,85.0,0.01036,0.3,degraded
39.92,47.37742,48.24472,-0.86731,-14.92476,-13.22073,-1.70404,2.9896,3.0,85.0,0.0126,0.3,degraded
39.93,47.20767,48.05632,-0.84866,-15.15437,-13.48985,-1.66451,3.0104,3.0,85.0,0.01392,0.3,degraded
39.94,47.03356,47.85648,-0.82292,-15.38208,-13.78797,-1.59411,3.0003,2.9811,85.0,0.00982,0.3,degraded
39.95,46.85513,47.67843,-0.8233,-15.60789,-14.05349,-1.5544,3.0227,3.0,85.0,0.00868,0.3,degraded
39.96,46.67242,47.51501,-0.8426,-15.83176,-14.30435,-1.52741,3.0076,3.0,85.0,0.0087,0.3,degraded
39.97,46.48544,47.37827,-0.89283,-16.05367,-14.52731,-1.52636,3.006,2.9899,85.0,0.01321,0.3,degraded
39.98,46.29425,47.16351,-0.86926,-16.2736,-14.73731,-1.53629,3.0023,3.0,85.0,0.01396,0.3,degraded
39.99,46.09887,46.95109,-0.85222,-16.49152,-14.94154,-1.54998,3.0085,2.9703,85.0,0.00947,0.3,degraded
40.0,45.89935,46.75223,-0.85288,-16.70743,-15.21066,-1.49677,2.9997,2.981,85.0,0.01067,0.3,degraded
40.01,45.69571,46.58104,-0.88533,-16.92128,-15.45219,-1.46909,3.0111,2.9998,85.0,0.00849,0.3,degraded
40.02,45.48801,46.42194,-0.93393,-17.13307,-15.67993,-1.45314,3.0047,2.9977,85.0,0.01056,0.3,degraded
40.03,45.27629,46.22689,-0.9506,-17.34277,-15.88144,-1.46133,2.9971,2.9905,85.0,0.00915,0.3,degraded
40.04,45.06059,46.001,-0.94042,-17.55036,-16.07337,-1.47699,3.0068,3.0,85.0,0.00481,0.3,degraded
40.05,44.84094,45.79849,-0.95755,-17.75583,-16.26734,-1.48849,3.0118,3.0,85.0,0.00475,0.3,degraded
40.06,44.61741,45.60989,-0.99248,-17.95915,-16.4722,-1.48695,3.0091,2.9845,85.0,0.00538,0.3,degraded
40.07,44.39003,45.44502,-1.05499,-18.16031,-16.66466,-1.49564,3.0111,2.984,85.0,0.01796,0.3,degraded
40.08,44.15886,45.15168,-0.99281,-18.35928,-16.85433,-1.50495,3.0238,2.9905,85.0,0.02076,0.3,degraded
40.09,43.92395,44.84831,-0.92437,-18.55605,-17.11256,-1.44349,3.0207,3.0,85.0,0.01031,0.3,degraded
40.1,43.68533,44.55611,-0.87078,-18.75061,-17.3552,-1.39541,2.9866,2.9887,85.0,0.00921,0.3,degraded
40.11,43.44308,44.28862,-0.84554,-18.94294,-17.56997,-1.37297,2.9952,2.9906,85.0,0.00872,0.3,degraded
40.12,43.19724,44.03237,-0.83513,-19.13302,-17.76824,-1.36478,2.9918,3.0,85.0,0.00906,0.3,degraded
40.13,42.94786,43.80106,-0.8532,-19.32083,-17.94125,-1.37958,3.0105,3.0,85.0,0.00553,0.3,degraded
40.14,42.695,43.58377,-0.88876,-19.50637,-18.12402,-1.38235,2.9834,3.0,85.0,0.00932,0.3,degraded
40.15,42.43872,43.3891,-0.95038,-19.68962,-18.3064,-1.38322,2.9883,2.9787,85.0,0.00668,0.3,degraded
40.16,42.17908,43.20268,-1.0236,-19.87056,-18.52587,-1.34469,3.0102,3.0,85.0,0.00858,0.3,degraded
40.17,41.91613,43.03611,-1.11998,-20.04918,-18.71731,-1.33187,2.9736,3.0,85.0,0.02311,0.3,degraded
40.18,41.64993,42.86579,-1.21585,-20.22547,-18.89683,-1.32865,2.9994,3.0,85.0,0.01599,0.3,degraded
40.19,41.38055,42.58045,-1.1999,-20.39942,-19.12709,-1.27233,2.9989,3.0,85.0,0.0199,0.3,degraded
40.2,41.10805,42.2965,-1.18846,-20.57102,-19.39352,-1.1775,2.9993,2.981,85.0,0.00849,0.3,degraded
40.21,40.83248,42.03772,-1.20523,-20.74025,-19.63166,-1.10859,2.9816,3.0,85.0,0.00903,0.3,degraded
40.22,40.55392,41.79045,-1.23653,-20.9071,-19.8554,-1.0517,3.0011,2.9829,85.0,0.01065,0.3,degraded
40.23,40.27242,41.56853,-1.29611,-21.07158,-20.04452,-1.02706,2.9847,3.0,85.0,0.00828,0.3,degraded
40.24,39.98806,41.35751,-1.36944,-21.23365,-20.21829,-1.01536,3.0127,3.0,85.0,0.01809,0.3,degraded
40.25,39.7009,41.01551,-1.31461,-21.39333,-20.36396,-1.02936,2.9926,3.0,85.0,0.01895,0.3,degraded
40.26,39.411,40.66969,-1.25869,-21.55059,-20.49879,-1.0518,2.9971,3.0,85.0,0.00611,0.3,degraded
40.27,39.11844,40.34908,-1.23063,-21.70544,-20.63141,-1.07403,3.005,2.9826,85.0,0.00644,0.3,degraded
40.28,38.82329,40.03874,-1.21546,-21.85786,-20.78442,-1.07344,3.0355,2.9889,85.0,0.00967,0.3,degraded
40.29,38.5256,39.75447,-1.22887,-22.00785,-20.9113,-1.09655,3.0124,2.9762,85.0,0.01417,0.3,degraded
40.3,38.22546,39.48391,-1.25844,-22.15541,-21.1356,-1.01981,2.9933,3.0,85.0,0.01484,0.3,degraded
40.31,37.92293,39.23986,-1.31692,-22.30052,-21.3602,-0.94032,2.9921,3.0,85.0,0.01069,0.3,degraded
40.32,37.61809,39.00769,-1.3896,-22.44319,-21.56731,-0.87587,3.008,3.0,85.0,0.01331,0.3,degraded
40.33,37.31101,38.76823,-1.45722,-22.5834,-21.74285,-0.84055,2.9841,3.0,85.0,0.01294,0.3,degraded
40.34,37.00175,38.45992,-1.45817,-22.72116,-21.89886,-0.8223,3.0069,3.0,85.0,0.01105,0.3,degraded
40.35,36.6904,38.17934,-1.48893,-22.85647,-22.02521,-0.83125,2.9909,3.0,85.0,0.00874,0.3,degraded
40.36,36.37703,37.9124,-1.53537,-22.98931,-22.13566,-0.85365,2.9743,3.0,85.0,0.005,0.3,degraded
40.37,36.06171,37.667,-1.60529,-23.11969,-22.23768,-0.88202,3.0006,2.9673,85.0,0.0065,0.3,degraded
40.38,35.74452,37.36765,-1.62313,-23.24761,-22.34309,-0.90452,3.0174,2.9951,85.0,0.00468,0.3,degraded
40.39,35.42553,37.08606,-1.66053,-23.37307,-22.44006,-0.93301,2.9853,2.9789,85.0,0.00297,0.3,degraded
40.4,35.10481,36.81338,-1.70857,-23.49606,-22.54349,-0.95257,2.9833,2.9829,85.0,0.01507,0.3,degraded
40.41,34.78245,36.41393,-1.63148,-23.61659,-22.64044,-0.97615,3.0022,2.9907,85.0,0.01346,0.3,degraded
40.42,34.45852,36.01225,-1.55373,-23.73466,-22.74944,-0.98522,3.0251,2.9907,85.0,0.00423,0.3,degraded
40.43,34.13309,35.63688,-1.50379,-23.85026,-22.85244,-0.99782,2.9951,2.9875,85.0,0.00941,0.3,degraded
40.44,33.80625,35.27309,-1.46683,-23.96341,-23.00486,-0.95855,2.9932,2.9722,85.0,0.00621,0.3,degraded
40.45,33.47807,34.93363,-1.45556,-24.0741,-23.12893,-0.94517,2.9875,3.0,85.0,0.00751,0.3,degraded
40.46,33.14863,34.60637,-1.45773,-24.18233,-23.23843,-0.94391,3.013,3.0,85.0,0.00666,0.3,degraded
40.47,32.81801,34.30498,-1.48698,-24.28812,-23.34198,-0.94613,2.9942,3.0,85.0,0.00566,0.3,degraded
40.48,32.48628,34.01578,-1.52951,-24.39146,-23.46084,-0.93062,3.0195,2.9847,85.0,0.00605,0.3,degraded
40.49,32.15352,33.75196,-1.59845,-24.49235,-23.56168,-0.93067,3.0068,2.9822,85.0,0.01068,0.3,degraded
40.5,31.81981,33.48649,-1.66668,-24.59081,-23.66718,-0.92363,1.0176,2.9839,85.0,0.01111,0.3,degraded
40.51,31.48522,33.13192,-1.6467,-24.68685,-23.76736,-0.91948,2.9913,2.9981,85.0,0.00367,0.3,degraded
40.52,31.14985,32.78803,-1.63818,-24.78045,-23.87393,-0.90652,3.0111,2.9993,85.0,0.00544,0.3,degraded
40.53,30.81375,32.47011,-1.65636,-24.87164,-23.97478,-0.89686,3.0187,3.0,85.0,0.00562,0.3,degraded
40.54,30.47702,32.16527,-1.68825,-24.96042,-24.08039,-0.88003,2.9846,2.9903,85.0,0.0037,0.3,degraded
40.55,30.13973,31.88482,-1.74509,-25.04679,-24.17811,-0.86868,2.9793,3.0,85.0,0.00964,0.3,degraded
40.56,29.80195,31.55514,-1.75318,-25.13077,-24.28421,-0.84656,3.0108,2.9912,85.0,0.01002,0.3,degraded
40.57,29.46377,31.18973,-1.72595,-25.21236,-24.38333,-0.82903,3.0007,3.0,85.0,0.00366,0.3,degraded
40.58,29.12527,30.83758,-1.71231,-25.29158,-24.49006,-0.80152,2.99,2.9871,85.0,0.00518,0.3,degraded
40.59,28.78651,30.51021,-1.72369,-25.36843,-24.58743,-0.781,3.0059,3.0,85.0,0.00608,0.3,degraded
40.6,28.44758,30.19546,-1.74787,-25.44292,-24.68912,-0.7538,3.0087,3.0,85.0,0.00411,0.3,degraded
40.61,28.10856,29.90516,-1.79661,-25.51507,-24.78402,-0.73104,2.9771,3.0,85.0,0.01018,0.3,degraded
40.62,27.76951,29.53562,-1.76611,-25.58488,-24.88432,-0.70056,2.9986,3.0,85.0,0.01199,0.3,degraded
40.63,27.43053,29.14987,-1.71934,-25.65236,-24.97565,-0.67671,3.0003,3.0,85.0,0.0039,0.3,degraded
40.64,27.09167,28.77426,-1.68259,-25.71754,-25.07517,-0.64237,2.9941,3.0,85.0,0.00468,0.3,degraded
40.65,26.75303,28.42246,-1.66943,-25.78041,-25.17241,-0.60801,3.032,2.9978,85.0,0.00657,0.3,degraded
40.66,26.41466,28.08459,-1.66993,-25.841,-25.27774,-0.56327,3.0062,2.9911,85.0,0.00467,0.3,degraded
40.67,26.07666,27.77254,-1.69588,-25.89932,-25.3745,-0.52481,2.991,2.9449,85.0,0.00503,0.3,degraded
40.68,25.73908,27.47444,-1.73536,-25.95538,-25.47421,-0.48117,2.9981,3.0,85.0,0.00417,0.3,degraded
40.69,25.40201,27.19782,-1.79581,-26.00919,-25.56873,-0.44046,3.0009,3.0,85.0,0.00417,0.3,degraded
40.7,25.06552,26.87241,-1.80688,-26.06077,-25.67132,-0.38945,2.9959,3.0,85.0,0.00221,0.3,degraded
40.71,24.72969,26.56715,-1.83747,-26.11013,-25.76862,-0.34152,2.9747,2.9828,85.0,0.00934,0.3,degraded
40.72,24.39457,26.21766,-1.82309,-26.1573,-25.872,-0.2853,3.0067,2.9833,85.0,0.00917,0.3,degraded
40.73,24.06025,25.83746,-1.77721,-26.20228,-25.96754,-0.23474,3.0117,2.9914,85.0,0.00395,0.3,degraded
40.74,23.72679,25.46761,-1.74082,-26.2451,-26.06971,-0.17538,3.0045,2.9989,85.0,0.00606,0.3,degraded
40.75,23.39426,25.12346,-1.7292,-26.28576,-26.16509,-0.12067,3.0037,2.9896,85.0,0.00519,0.3,degraded
40.76,23.06274,24.79212,-1.72938,-26.32429,-26.26687,-0.05742,2.9965,3.0,85.0,0.0038,0.3,degraded
40.77,22.7323,24.48366,-1.75137,-26.3607,-26.36194,0.00124,3.0061,2.975,85.0,0.00553,0.3,degraded
40.78,22.40299,24.18584,-1.78285,-26.39502,-26.46091,0.06589,2.9832,3.0,85.0,0.00873,0.3,degraded
40.79,22.07488,23.83863,-1.76374,-26.42725,-26.55464,0.12739,2.9912,2.9814,85.0,0.00717,0.3,degraded
40.8,21.74805,23.47245,-1.7244,-26.45743,-26.65428,0.19686,2.9995,2.9825,85.0,0.01155,0.3,degraded
40.81,21.42256,23.1298,-1.70724,-26.48556,-26.71532,0.22977,2.9994,2.9884,85.0,0.01103,0.3,degraded
40.82,21.09847,22.79772,-1.69925,-26.51166,-26.75206,0.2404,3.0098,2.9714,85.0,0.00328,0.3,degraded
40.83,20.77584,22.48844,-1.7126,-26.53576,-26.7819,0.24614,2.9968,2.9822,85.0,0.00526,0.3,degraded
40.84,20.45475,22.19007,-1.73533,-26.55788,-26.81841,0.26053,2.9961,3.0,85.0,0.01152,0.3,degraded
40.85,20.13524,21.8985,-1.76327,-26.57804,-26.85449,0.27645,1.1185,2.9942,85.0,0.00967,0.3,degraded
40.86,19.81738,21.50759,-1.69021,-26.59625,-26.89653,0.30028,2.9946,2.9989,85.0,0.00545,0.3,degraded
40.87,19.50122,21.14014,-1.63891,-26.61253,-26.93047,0.31793,2.9667,3.0,85.0,0.00507,0.3,degraded
40.88,19.18684,20.78492,-1.59808,-26.62692,-26.97186,0.34494,3.003,3.0,85.0,0.00434,0.3,degraded
40.89,18.87428,20.45396,-1.57969,-26.63943,-27.00568,0.36625,3.0098,2.9946,85.0,0.00495,0.3,degraded
40.9,18.5636,20.13631,-1.57271,-26.65007,-27.04574,0.39566,3.0054,3.0,85.0,0.00819,0.3,degraded
40.91,18.25485,19.8436,-1.58874,-26.65889,-27.05676,0.39788,2.9932,3.0,85.0,0.00591,0.3,degraded
40.92,17.9481,19.56425,-1.61615,-26.66588,-27.07584,0.40995,3.0035,2.9808,85.0,0.00326,0.3,degraded
40.93,17.64339,19.30203,-1.65865,-26.67109,-27.08687,0.41578,2.9985,2.9824,85.0,0.01449,0.3,degraded
40.94,17.34077,18.94291,-1.60214,-26.67453,-27.10218,0.42765,2.9832,2.9883,85.0,0.01062,0.3,degraded
40.95,17.0403,18.56622,-1.52592,-26.67622,-27.11084,0.43463,3.0159,2.9902,85.0,0.00509,0.3,degraded
40.96,16.74202,18.19847,-1.45645,-26.67618,-27.12365,0.44747,2.9887,3.0,85.0,0.00709,0.3,degraded
40.97,16.44599,17.85664,-1.41065,-26.67445,-27.12408,0.44963,2.9979,2.9729,85.0,0.00535,0.3,degraded
40.98,16.15224,17.52562,-1.37338,-26.67105,-27.12149,0.45045,2.9865,3.0,85.0,0.00394,0.3,degraded
40.99,15.86083,17.21836,-1.35753,-26.66599,-27.11384,0.44786,3.018,2.9783,85.0,0.00522,0.3,degraded
41.0,15.5718,16.92164,-1.34984,-26.6593,-27.11393,0.45463,3.0137,3.0,85.0,0.00535,0.3,degraded
41.01,15.28519,16.65091,-1.36572,-26.65101,-27.09973,0.44872,2.9949,3.0,85.0,0.00551,0.3,degraded
41.02,15.00104,16.3939,-1.39286,-26.64114,-27.0889,0.44776,3.0011,3.0,85.0,0.00635,0.3,degraded
41.03,14.7194,16.1638,-1.4444,-26.62971,-27.06819,0.43848,3.0152,2.983,85.0,0.00524,0.3,degraded
41.04,14.4403,15.9063,-1.46601,-26.61676,-27.05224,0.43548,3.0068,2.9938,85.0,0.0049,0.3,degraded
41.05,14.16378,15.63195,-1.46817,-26.6023,-27.03148,0.42918,2.9925,3.0,85.0,0.00582,0.3,degraded
41.06,13.88988,15.36915,-1.47927,-26.58636,-27.02136,0.435,3.0017,2.9945,85.0,0.00483,0.3,degraded
41.07,13.61863,15.13077,-1.51214,-26.56897,-27.00175,0.43279,3.0039,2.9958,85.0,0.0118,0.3,degraded
41.08,13.35007,14.83285,-1.48278,-26.55014,-26.96198,0.41184,3.0141,2.9958,85.0,0.01368,0.3,degraded
41.09,13.08422,14.52996,-1.44574,-26.52991,-26.88638,0.35646,3.0067,2.9896,85.0,0.00507,0.3,degraded
41.1,12.82112,14.23865,-1.41753,-26.5083,-26.81637,0.30806,2.9935,3.0,85.0,0.00308,0.3,degraded
41.11,12.5608,13.97022,-1.40942,-26.48534,-26.74313,0.25778,2.9849,2.995,85.0,0.00536,0.3,degraded
41.12,12.30328,13.71205,-1.40877,-26.46105,-26.67657,0.21552,3.0024,2.9884,85.0,0.0057,0.3,degraded
41.13,12.0486,13.47938,-1.43079,-26.43546,-26.6051,0.16964,3.0137,2.992,85.0,0.00499,0.3,degraded
41.14,11.79677,13.21613,-1.41936,-26.4086,-26.54014,0.13154,2.9944,2.9819,85.0,0.00703,0.3,degraded
41.15,11.54782,12.93187,-1.38406,-26.38048,-26.47053,0.09006,3.011,3.0,85.0,0.00517,0.3,degraded
41.16,11.30177,12.65893,-1.35716,-26.35114,-26.40809,0.05696,3.0,2.9855,85.0,0.00368,0.3,degraded
41.17,11.05864,12.40796,-1.34932,-26.3206,-26.34176,0.02117,2.9976,2.9944,85.0,0.00511,0.3,degraded
41.18,10.81846,12.16772,-1.34926,-26.28888,-26.28225,-0.00663,3.0143,2.9949,85.0,0.00573,0.3,degraded
41.19,10.58123,11.95385,-1.37262,-26.25602,-26.21864,-0.03738,2.9783,3.0,85.0,0.00026,0.3,degraded
41.2,10.34697,11.72045,-1.37347,-26.22204,-26.1604,-0.06165,3.0193,3.0,85.0,0.00864,0.3,degraded
41.21,10.11571,11.48696,-1.37125,-26.18697,-26.09737,-0.08961,2.9926,3.0,85.0,0.00502,0.3,degraded
41.22,9.88744,11.21501,-1.32757,-26.15083,-26.04053,-0.1103,3.0005,2.9839,85.0,0.00451,0.3,degraded
41.23,9.66219,10.97104,-1.30885,-26.11364,-25.97642,-0.13723,2.989,2.9987,85.0,0.00555,0.3,degraded
41.24,9.43996,10.74178,-1.30182,-26.07544,-25.91976,-0.15568,3.0125,3.0,85.0,0.00655,0.3,degraded
41.25,9.22075,10.5298,-1.30905,-26.03625,-25.85866,-0.17759,1.5715,2.9994,85.0,0.00577,0.3,degraded
41.26,9.00459,10.24684,-1.24225,-25.99609,-25.80368,-0.19241,3.0002,2.9786,85.0,0.00479,0.3,degraded
41.27,8.79147,9.98782,-1.19635,-25.955,-25.74312,-0.21188,3.0124,2.9883,85.0,0.00594,0.3,degraded
41.28,8.58139,9.74065,-1.15926,-25.91299,-25.68555,-0.22744,3.035,2.978,85.0,0.00662,0.3,degraded
41.29,8.37436,9.51752,-1.14315,-25.87009,-25.62839,-0.2417,2.9961,3.0,85.0,0.00608,0.3,degraded
41.3,8.17038,9.30255,-1.13217,-25.82634,-25.59919,-0.22715,2.993,3.0,85.0,0.00572,0.3,degraded
41.31,7.96945,9.11116,-1.14171,-25.78174,-25.56301,-0.21873,3.0016,3.0,85.0,0.00176,0.3,degraded
41.32,7.77156,8.91811,-1.14655,-25.73634,-25.53483,-0.20151,2.9932,2.9945,85.0,0.00226,0.3,degraded
41.33,7.57672,8.71277,-1.13605,-25.69015,-25.4995,-0.19065,3.0167,2.9984,85.0,0.0053,0.3,degraded
41.34,7.38491,8.51722,-1.13231,-25.6432,-25.46948,-0.17372,2.9895,3.0,85.0,0.00355,0.3,degraded
41.35,7.19613,8.32618,-1.13005,-25.59552,-25.43271,-0.16281,2.9937,2.988,85.0,0.00357,0.3,degraded
41.36,7.01037,8.10148,-1.09111,-25.54712,-25.40181,-0.14531,3.0142,3.0,85.0,0.00568,0.3,degraded
41.37,6.82762,7.90278,-1.07516,-25.49804,-25.36527,-0.13277,2.9936,2.9796,85.0,0.00551,0.3,degraded
41.38,6.64787,7.71804,-1.07017,-25.4483,-25.33491,-0.1134,3.0006,3.0,85.0,0.0069,0.3,degraded
41.39,6.4711,7.52831,-1.0572,-25.39793,-25.30127,-0.09665,3.0188,3.0,85.0,0.00831,0.3,degraded
41.4,6.29731,7.28433,-0.98702,-25.34694,-25.27384,-0.0731,2.9943,2.9984,85.0,0.00443,0.3,degraded
41.41,6.12648,7.06336,-0.93688,-25.29536,-25.2415,-0.05386,2.9696,3.0,85.0,0.00416,0.3,degraded
41.42,5.95858,6.85243,-0.89385,-25.24323,-25.21639,-0.02684,2.9774,2.9823,85.0,0.00558,0.3,degraded
41.43,5.7936,6.66505,-0.87145,-25.19055,-25.18319,-0.00736,3.011,3.0,85.0,0.00563,0.3,degraded
41.44,5.63153,6.49211,-0.86058,-25.13735,-25.15881,0.02145,3.0135,3.0,85.0,0.00445,0.3,degraded
41.45,5.47233,6.34689,-0.87457,-25.08367,-25.12745,0.04378,2.9959,3.0,85.0,0.00975,0.3,degraded
41.46,5.31598,6.2022,-0.88622,-25.02951,-25.10482,0.0753,1.0547,3.0,85.0,0.01039,0.3,degraded
41.47,5.16247,5.97328,-0.81081,-24.97491,-25.07403,0.09912,2.9959,3.0,85.0,0.00373,0.3,degraded
41.48,5.01176,5.75325,-0.74149,-24.91989,-25.04804,0.12815,2.9927,3.0,85.0,0.00535,0.3,degraded
41.49,4.86383,5.55784,-0.69401,-24.86446,-25.01564,0.15118,3.0258,2.9958,85.0,0.00576,0.3,degraded
41.5,4.71865,5.37549,-0.65683,-24.80866,-24.98975,0.18109,3.0136,2.9989,85.0,0.00415,0.3,degraded
41.51,4.57619,5.21706,-0.64087,-24.7525,-24.95682,0.20431,3.0157,3.0,85.0,0.00478,0.3,degraded
41.52,4.43642,5.07003,-0.6336,-24.69601,-24.93033,0.23433,2.9814,2.9984,85.0,0.00532,0.3,degraded
41.53,4.29931,4.94855,-0.64925,-24.6392,-24.89821,0.25901,2.9841,2.983,85.0,0.003,0.3,degraded
41.54,4.16481,4.83975,-0.67494,-24.5821,-24.87342,0.29132,2.9883,3.0,85.0,0.00349,0.3,degraded
41.55,4.03291,4.7437,-0.7108,-24.52473,-24.84446,0.31973,2.9899,2.9931,85.0,0.00271,0.3,degraded
41.56,3.90355,4.64188,-0.73833,-24.46711,-24.82104,0.35393,2.9928,2.9956,85.0,0.00064,0.3,degraded
41.57,3.77671,4.54521,-0.7685,-24.40926,-24.7862,0.37694,3.0096,2.9864,85.0,0.0056,0.3,degraded
41.58,3.65234,4.41842,-0.76608,-24.3512,-24.76187,0.41068,2.994,2.999,85.0,0.00443,0.3,degraded
41.59,3.53041,4.28637,-0.75597,-24.29295,-24.72896,0.43601,3.0053,2.9924,85.0,0.00431,0.3,degraded
41.6,3.41087,4.16711,-0.75624,-24.23453,-24.70124,0.46671,2.9861,3.0,85.0,0.00095,0.3,degraded
41.61,3.29368,4.05427,-0.76059,-24.17596,-24.66779,0.49183,3.0013,3.0,85.0,0.0031,0.3,degraded
41.62,3.1788,3.93748,-0.75868,-24.11725,-24.64085,0.52359,3.0159,2.9899,85.0,0.00133,0.3,degraded
41.63,3.06618,3.80299,-0.73681,-24.05844,-24.60542,0.54699,3.0068,3.0,85.0,0.00178,0.3,degraded
41.64,2.95578,3.67625,-0.72047,-23.99952,-24.57974,0.58022,3.0143,3.0,85.0,0.00618,0.3,degraded
41.65,2.84755,3.57639,-0.72884,-23.94053,-24.55011,0.60958,2.997,2.9983,85.0,0.00817,0.3,degraded
41.66,2.74145,3.44807,-0.70662,-23.88148,-24.52847,0.64699,2.9977,3.0,85.0,0.00701,0.3,degraded
41.67,2.63742,3.28269,-0.64527,-23.82238,-24.50191,0.67953,2.9959,2.9772,85.0,0.0058,0.3,degraded
41.68,2.53541,3.12772,-0.59231,-23.76326,-24.48374,0.72048,2.9953,3.0,85.0,0.00494,0.3,degraded
41.69,2.43538,2.99652,-0.56114,-23.70413,-24.46043,0.7563,3.0064,3.0,85.0,0.00728,0.3,degraded
41.7,2.33727,2.87543,-0.53816,-23.64501,-24.41662,0.77161,2.9734,2.9915,85.0,0.00825,0.3,degraded
41.71,2.24103,2.77819,-0.53716,-23.5859,-24.36331,0.77741,3.0035,2.9838,85.0,0.00271,0.3,degraded
41.72,2.1466,2.67821,-0.5316,-23.52683,-24.31721,0.79037,3.0029,2.9861,85.0,0.00027,0.3,degraded
41.73,2.05394,2.58617,-0.53223,-23.46782,-24.26588,0.79806,2.997,2.9881,85.0,0.00206,0.3,degraded
41.74,1.96298,2.48622,-0.52324,-23.40887,-24.22106,0.81219,2.9996,3.0,85.0,0.00132,0.3,degraded
41.75,1.87368,2.39125,-0.51758,-23.35,-24.16904,0.81904,3.0358,2.984,85.0,0.00106,0.3,degraded
41.76,1.78597,2.29247,-0.5065,-23.29123,-24.12016,0.82893,3.0066,2.9875,85.0,0.00233,0.3,degraded
41.77,1.69979,2.20461,-0.50482,-23.23256,-24.06484,0.83228,2.9993,2.9935,85.0,0.00451,0.3,degraded
41.78,1.61509,2.11165,-0.49656,-23.17401,-24.00522,0.83121,3.0014,3.0,85.0,0.00334,0.3,degraded
41.79,1.53181,2.02551,-0.4937,-23.1156,-23.91942,0.80382,3.0155,2.9919,85.0,0.00233,0.3,degraded
41.8,1.44989,1.93533,-0.48544,-23.05733,-23.84331,0.78598,2.9831,3.0,85.0,0.0017,0.3,degraded
41.81,1.36926,1.84818,-0.47892,-22.99922,-23.76407,0.76485,3.0242,3.0,85.0,0.0003,0.3,degraded
41.82,1.28988,1.75394,-0.46406,-22.94127,-23.69154,0.75027,3.0051,3.0,85.0,0.00241,0.3,degraded
41.83,1.21167,1.66472,-0.45306,-22.88351,-23.61153,0.72802,3.0037,3.0,85.0,0.00276,0.3,degraded
41.84,1.13457,1.5676,-0.43303,-22.82593,-23.53468,0.70874,3.0004,2.9981,85.0,0.00036,0.3,degraded
41.85,1.05852,1.47467,-0.41615,-22.76855,-23.45373,0.68517,2.9801,2.9951,85.0,0.00214,0.3,degraded
41.86,0.98346,1.3763,-0.39284,-22.71139,-23.37984,0.66845,3.0064,2.982,85.0,0.00187,0.3,degraded
41.87,0.90933,1.28322,-0.37389,-22.65444,-23.29908,0.64465,2.996,3.0,85.0,0.00014,0.3,degraded
41.88,0.83605,1.18409,-0.34803,-22.59771,-23.22924,0.63153,2.9872,3.0,85.0,0.00119,0.3,degraded
41.89,0.76357,1.08956,-0.32598,-22.54122,-23.15343,0.61221,2.987,2.9944,85.0,0.00215,0.3,degraded
41.9,0.69182,0.98869,-0.29687,-22.48497,-23.08393,0.59895,2.9775,3.0,85.0,0.00053,0.3,degraded
41.91,0.62074,0.89488,-0.27414,-22.42898,-23.00822,0.57925,3.0099,2.9912,85.0,0.0017,0.3,degraded
41.92,0.55025,0.79789,-0.24764,-22.37323,-22.93833,0.5651,2.981,2.989,85.0,0.00203,0.3,degraded
41.93,0.4803,0.70516,-0.22485,-22.31776,-22.86526,0.5475,2.9753,3.0,85.0,0.00062,0.3,degraded
41.94,0.41082,0.60557,-0.19475,-22.26255,-22.79912,0.53657,3.0109,2.9944,85.0,0.00104,0.3,degraded
41.95,0.34173,0.51268,-0.17094,-22.20761,-22.72732,0.51971,3.0394,2.9858,85.0,0.00248,0.3,degraded
41.96,0.27299,0.41393,-0.14094,-22.15296,-22.66443,0.51147,3.0103,3.0,85.0,0.00063,0.3,degraded
41.97,0.20451,0.32241,-0.1179,-22.09859,-22.59775,0.49916,2.9837,2.9816,85.0,0.00095,0.3,degraded
41.98,0.13623,0.22743,-0.0912,-22.04451,-22.53653,0.49203,3.0028,2.9885,85.0,0.00304,0.3,degraded
41.99,0.06808,0.14159,-0.07351,-21.99072,-22.47097,0.48025,3.0121,3.0,85.0,0.08105,0.3,degraded
42.0,-36.52404,0.00995,-36.53399,26.63485,-22.37,49.00485,3.0173,3.0,85.0,0.3,0.3,degraded
42.01,-36.52404,-1.39481,-35.12923,26.63485,-20.82443,47.45928,3.0039,3.0,85.0,0.3,0.3,degraded
42.02,-36.52404,-4.6834,-31.84064,26.63485,-17.1726,43.80745,3.0165,2.999,85.0,0.3,0.3,degraded
42.03,-36.52404,-9.80255,-26.72149,26.63485,-11.44726,38.08211,2.9988,2.9845,85.0,0.17015,0.3,degraded
42.04,-36.52404,-14.93916,-21.58488,26.63485,-5.53149,32.16634,3.0083,2.9946,85.0,0.3,0.3,degraded
42.05,-36.52404,-19.10848,-17.41556,26.63485,-0.47983,27.11468,0.6187,3.0,85.0,0.3,0.3,degraded
42.06,-36.52404,-22.5251,-13.99893,26.63485,3.80648,22.82837,2.9871,3.0,85.0,0.23014,0.3,degraded
42.07,-36.52404,-25.34349,-11.18055,26.63485,7.47874,19.15611,3.0027,2.997,85.0,0.18448,0.3,degraded
42.08,-36.52404,-27.65158,-8.87246,26.63485,10.59104,16.04381,3.006,2.9987,85.0,0.20307,0.3,degraded
42.09,-36.52404,-29.55163,-6.97241,26.63485,13.24116,13.39369,3.011,2.9964,85.0,0.16146,0.3,degraded
42.1,-36.52404,-31.09341,-5.43063,26.63485,15.50371,11.13114,3.0211,2.994,85.0,0.12305,0.3,degraded
42.11,-36.52404,-32.30479,-4.21925,26.63485,17.45916,9.17569,2.9968,3.0,85.0,0.10822,0.3,degraded
42.12,-36.52404,-33.32241,-3.20162,26.63485,19.08313,7.55172,3.0041,3.0,85.0,0.07557,0.3,degraded
42.13,-36.52404,-34.18379,-2.34025,26.63485,20.47727,6.15758,3.0028,2.9789,85.0,0.06043,0.3,degraded
42.14,-36.52404,-34.83862,-1.68542,26.63485,21.62436,5.01049,3.0407,2.9968,85.0,0.09039,0.3,degraded
42.15,-36.52404,-35.39416,-1.12988,26.63485,22.62568,4.00917,2.981,2.9993,85.0,0.04709,0.3,degraded
42.16,-36.52404,-35.78284,-0.7412,26.63485,23.51009,3.12476,2.9891,2.9978,85.0,0.05331,0.3,degraded
42.17,-36.52404,-36.14715,-0.37689,26.63485,24.16043,2.47442,3.0109,2.997,85.0,0.06453,0.3,degraded
42.18,-36.52404,-36.47199,-0.05204,26.63485,24.78406,1.85079,3.0043,2.9982,85.0,0.03664,0.3,degraded
42.19,-36.52404,-36.67333,0.14929,26.63485,25.29447,1.34038,3.0191,2.9901,85.0,0.02562,0.3,degraded
42.2,-36.52404,-36.86381,0.33977,26.63485,25.71209,0.92276,3.0001,2.9775,85.0,0.00943,0.3,degraded
42.21,-36.52404,-37.0301,0.50607,26.63485,26.11397,0.52088,2.9971,2.9978,85.0,0.02683,0.3,degraded
42.22,-36.52404,-37.18499,0.66095,26.63485,26.41334,0.22151,3.0102,3.0,85.0,0.0353,0.3,degraded
42.23,-36.52404,-37.29943,0.7754,26.63485,26.58487,0.04998,3.0023,3.0,85.0,0.01644,0.3,degraded
42.24,-36.52404,-37.35268,0.82864,26.63485,26.72558,-0.09073,3.0017,3.0,85.0,0.00564,0.3,degraded
42.25,-36.52404,-37.39596,0.87193,26.63485,26.8523,-0.21745,3.0282,3.0,85.0,0.00434,0.3,degraded
42.26,-36.52404,-37.44394,0.9199,26.63485,26.95457,-0.31972,3.0222,2.9869,85.0,0.00354,0.3,degraded
42.27,-36.52404,-37.48667,0.96263,26.63485,27.05792,-0.42306,3.0138,2.9976,85.0,0.00673,0.3,degraded
42.28,-36.52404,-37.52107,0.99704,26.63485,27.151,-0.51615,2.9853,3.0,85.0,0.00692,0.3,degraded
42.29,-36.52404,-37.50751,0.98347,26.63485,27.25047,-0.61562,3.004,3.0,85.0,0.00238,0.3,degraded
42.3,-36.52404,-37.50071,0.97667,26.63485,27.34255,-0.7077,3.0084,3.0,85.0,0.00193,0.3,degraded
42.31,-36.52404,-37.48819,0.96415,26.63485,27.43661,-0.80176,3.0096,2.9961,85.0,0.00162,0.3,degraded
42.32,-36.52404,-37.48128,0.95724,26.63485,27.52219,-0.88733,3.0136,3.0,85.0,0.00192,0.3,degraded
42.33,-36.52404,-37.46761,0.94357,26.63485,27.61312,-0.97827,2.9802,3.0,85.0,0.00627,0.3,degraded
42.34,-36.52404,-37.46027,0.93623,26.63485,27.65082,-1.01597,2.9878,2.9969,85.0,0.00719,0.3,degraded
42.35,-36.52404,-37.44376,0.91972,26.63485,27.68123,-1.04638,2.9878,3.0,85.0,0.00191,0.3,degraded
42.36,-36.52404,-37.43359,0.90955,26.63485,27.70168,-1.06683,3.0027,3.0,85.0,0.00118,0.3,degraded
42.37,-36.52404,-37.41415,0.89011,26.63485,27.72929,-1.09443,3.0096,2.9693,85.0,0.00073,0.3,degraded
42.38,-36.52404,-37.4001,0.87606,26.63485,27.74895,-1.11409,2.9988,2.9971,85.0,0.00231,0.3,degraded
42.39,-36.52404,-37.37981,0.85577,26.63485,27.77368,-1.13883,2.9854,3.0,85.0,0.00687,0.3,degraded
42.4,-36.52404,-37.36773,0.84369,26.63485,27.76219,-1.12734,2.9904,2.9823,85.0,0.00509,0.3,degraded
42.41,-36.52404,-37.35131,0.82727,26.63485,27.74022,-1.10537,3.0082,3.0,85.0,0.00437,0.3,degraded
42.42,-36.52404,-37.311,0.78696,26.63485,27.71212,-1.07727,3.0103,3.0,85.0,0.00413,0.3,degraded
42.43,-36.52404,-37.26575,0.74172,26.63485,27.68807,-1.05322,3.0156,3.0,85.0,0.00061,0.3,degraded
42.44,-36.52404,-37.22752,0.70348,26.63485,27.65607,-1.02122,3.0251,3.0,85.0,0.0018,0.3,degraded
42.45,-36.52404,-37.18318,0.65915,26.63485,27.63084,-0.99599,2.9834,3.0,85.0,0.0019,0.3,degraded
42.46,-36.52404,-37.14318,0.61914,26.63485,27.59929,-0.96443,2.9858,3.0,85.0,0.00073,0.3,degraded
42.47,-36.52404,-37.09936,0.57532,26.63485,27.57144,-0.93659,3.0035,2.9909,85.0,0.00225,0.3,degraded
42.48,-36.52404,-37.05987,0.53583,26.63485,27.54001,-0.90516,2.9941,2.9902,85.0,0.00161,0.3,degraded
42.49,-36.52404,-37.01405,0.49001,26.63485,27.5134,-0.87855,3.0017,3.0,85.0,0.00099,0.3,degraded
42.5,-36.52404,-36.97629,0.45225,26.63485,27.47982,-0.84497,3.0099,3.0,85.0,0.00171,0.3,degraded
42.51,-36.52404,-36.93269,0.40865,26.63485,27.45102,-0.81616,2.9797,3.0,85.0,0.00253,0.3,degraded
42.52,-36.52404,-36.89719,0.37315,26.63485,27.41245,-0.7776,3.021,2.996,85.0,0.00031,0.3,degraded
42.53,-36.52404,-36.85318,0.32914,26.63485,27.3797,-0.74485,3.0056,3.0,85.0,0.00109,0.3,degraded
42.54,-36.52404,-36.81456,0.29052,26.63485,27.34025,-0.7054,3.0006,2.9856,85.0,0.00208,0.3,degraded
42.55,-36.52404,-36.7696,0.24557,26.63485,27.30789,-0.67304,3.0146,2.9856,85.0,0.00111,0.3,degraded
42.56,-36.52404,-36.72977,0.20573,26.63485,27.2699,-0.63505,2.9976,3.0,85.0,0.00127,0.3,degraded
42.57,-36.52404,-36.68376,0.15972,26.63485,27.23977,-0.60491,2.9837,2.9973,85.0,0.0027,0.3,degraded
42.58,-36.52404,-36.64217,0.11813,26.63485,27.20514,-0.57029,3.0026,3.0,85.0,0.00011,0.3,degraded
42.59,-36.52404,-36.59439,0.07035,26.63485,27.17609,-0.54124,2.9969,3.0,85.0,0.00068,0.3,degraded
42.6,-36.52404,-36.55216,0.02813,26.63485,27.14045,-0.5056,3.0143,2.9907,85.0,0.0023,0.3,degraded
42.61,-36.52404,-36.50591,-0.01813,26.63485,27.1101,-0.47525,3.0111,3.0,85.0,0.00057,0.3,degraded
42.62,-36.52404,-36.46593,-0.05811,26.63485,27.07234,-0.43749,2.9793,2.993,85.0,0.00337,0.3,degraded
42.63,-36.52404,-36.43484,-0.0892,26.63485,27.03875,-0.4039,2.9892,3.0,85.0,0.00565,0.3,degraded
42.64,-36.52404,-36.41845,-0.10558,26.63485,26.99313,-0.35828,2.997,3.0,85.0,0.00178,0.3,degraded
42.65,-36.52404,-36.39982,-0.12421,26.63485,26.94888,-0.31403,3.0152,2.9944,85.0,0.001,0.3,degraded
42.66,-36.52404,-36.38855,-0.13548,26.63485,26.89657,-0.26172,3.0244,3.0,85.0,0.00217,0.3,degraded
42.67,-36.52404,-36.37189,-0.15215,26.63485,26.85324,-0.21839,2.9839,3.0,85.0,0.00058,0.3,degraded
42.68,-36.52404,-36.36128,-0.16276,26.63485,26.80385,-0.169,3.0063,3.0,85.0,0.00321,0.3,degraded
42.69,-36.52404,-36.35773,-0.16631,26.63485,26.76137,-0.12651,2.9984,2.988,85.0,0.00415,0.3,degraded
42.7,-36.52404,-36.37212,-0.15192,26.63485,26.7112,-0.07635,3.0076,2.9703,85.0,0.00104,0.3,degraded
42.71,-36.52404,-36.37934,-0.1447,26.63485,26.66491,-0.03006,2.9897,2.9894,85.0,0.00065,0.3,degraded
42.72,-36.52404,-36.3926,-0.13144,26.63485,26.61518,0.01967,3.004,2.995,85.0,0.00269,0.3,degraded
42.73,-36.52404,-36.39964,-0.1244,26.63485,26.57026,0.06459,2.9738,2.9851,85.0,0.00159,0.3,degraded
42.74,-36.52404,-36.41174,-0.11229,26.63485,26.51902,0.11583,3.0117,2.9948,85.0,0.0005,0.3,degraded
42.75,-36.52404,-36.41773,-0.10631,26.63485,26.47449,0.16036,2.9924,2.9946,85.0,0.00602,0.3,degraded
42.76,-36.52404,-36.43146,-0.09258,26.63485,26.43638,0.19847,2.9902,3.0,85.0,0.00602,0.3,degraded
42.77,-36.52404,-36.4426,-0.08144,26.63485,26.43323,0.20162,3.0065,2.9786,85.0,0.00097,0.3,degraded
42.78,-36.52404,-36.46285,-0.06119,26.63485,26.4235,0.21135,2.9861,3.0,85.0,0.00132,0.3,degraded
42.79,-36.52404,-36.47837,-0.04567,26.63485,26.41973,0.21512,3.018,2.9963,85.0,0.00189,0.3,degraded
42.8,-36.52404,-36.49401,-0.03003,26.63485,26.41054,0.22431,2.9811,2.9987,85.0,0.00124,0.3,degraded
42.81,-36.52404,-36.50302,-0.02102,26.63485,26.41023,0.22462,3.005,2.9966,85.0,0.00197,0.3,degraded
42.82,-36.52404,-36.51585,-0.00819,26.63485,26.40421,0.23064,2.9947,2.9959,85.0,0.0022,0.3,degraded
42.83,-36.52404,-36.52204,-0.002,26.63485,26.40391,0.23094,2.9942,3.0,85.0,0.00048,0.3,degraded
42.84,-36.52404,-36.53243,0.0084,26.63485,26.39565,0.2392,2.9909,2.9987,85.0,0.00153,0.3,degraded
42.85,-36.52404,-36.53865,0.01461,26.63485,26.39339,0.24146,3.0008,2.9994,85.0,0.00201,0.3,degraded
42.86,-36.52404,-36.55179,0.02775,26.63485,26.38537,0.24948,2.9932,2.9969,85.0,0.0004,0.3,degraded
42.87,-36.52404,-36.5569,0.03286,26.63485,26.38351,0.25135,3.0148,3.0,85.0,0.00226,0.3,degraded
42.88,-36.52404,-36.56882,0.04479,26.63485,26.37062,0.26424,2.9953,2.9976,85.0,0.00416,0.3,degraded
42.89,-36.52404,-36.57327,0.04923,26.63485,26.37389,0.26096,2.9806,2.975,85.0,0.00268,0.3,degraded
42.9,-36.52404,-36.5857,0.06166,26.63485,26.38368,0.25117,3.0278,2.9983,85.0,0.00121,0.3,degraded
42.91,-36.52404,-36.59032,0.06628,26.63485,26.39668,0.23817,2.9917,2.9858,85.0,0.00223,0.3,degraded
42.92,-36.52404,-36.60135,0.07731,26.63485,26.40738,0.22747,2.9954,2.9933,85.0,6e-05,0.3,degraded
42.93,-36.52404,-36.60631,0.08227,26.63485,26.4252,0.20965,3.0103,3.0,85.0,0.00106,0.3,degraded
42.94,-36.52404,-36.61508,0.09105,26.63485,26.43556,0.19929,2.979,2.9972,85.0,0.00213,0.3,degraded
42.95,-36.52404,-36.61861,0.09457,26.63485,26.45405,0.1808,3.0028,3.0,85.0,0.00137,0.3,degraded
42.96,-36.52404,-36.62917,0.10513,26.63485,26.46739,0.16746,2.9946,2.9812,85.0,0.00205,0.3,degraded
42.97,-36.52404,-36.63686,0.11282,26.63485,26.48919,0.14566,2.9826,3.0,85.0,0.00285,0.3,degraded
42.98,-36.52404,-36.65426,0.13023,26.63485,26.50593,0.12892,3.0057,2.9967,85.0,0.00154,0.3,degraded
42.99,-36.52404,-36.66727,0.14323,26.63485,26.52759,0.10726,3.0126,2.9967,85.0,0.00102,0.3,degraded
43.0,-36.52404,-36.68812,0.16408,26.63485,26.54074,0.09411,3.0016,2.989,85.0,0.00194,0.3,degraded
43.01,-36.52404,-36.7016,0.17756,26.63485,26.56002,0.07483,2.9693,2.9885,85.0,0.00128,0.3,degraded
43.02,-36.52404,-36.7203,0.19626,26.63485,26.57454,0.06031,3.006,3.0,85.0,0.00081,0.3,degraded
43.03,-36.52404,-36.72895,0.20492,26.63485,26.59928,0.03557,3.0031,2.9921,85.0,0.00254,0.3,degraded
43.04,-36.52404,-36.74137,0.21734,26.63485,26.62006,0.0148,2.9971,3.0,85.0,0.00185,0.3,degraded
43.05,-36.52404,-36.74476,0.22072,26.63485,26.64778,-0.01293,2.9952,3.0,85.0,0.0003,0.3,degraded
43.06,-36.52404,-36.75346,0.22942,26.63485,26.67077,-0.03592,3.0021,2.9833,85.0,0.00223,0.3,degraded
43.07,-36.52404,-36.75758,0.23354,26.63485,26.70255,-0.0677,2.9993,2.9975,85.0,0.00135,0.3,degraded
43.08,-36.52404,-36.76778,0.24375,26.63485,26.73018,-0.09533,3.0039,3.0,85.0,0.00057,0.3,degraded
43.09,-36.52404,-36.77445,0.25041,26.63485,26.76525,-0.1304,2.9876,2.9923,85.0,0.00237,0.3,degraded
43.1,-36.52404,-36.78779,0.26375,26.63485,26.79662,-0.16176,2.9962,3.0,85.0,0.00159,0.3,degraded
43.11,-36.52404,-36.79461,0.27057,26.63485,26.83472,-0.19987,3.0299,2.9938,85.0,0.00054,0.3,degraded
43.12,-36.52404,-36.80879,0.28475,26.63485,26.86889,-0.23404,3.011,2.9909,85.0,0.00257,0.3,degraded
43.13,-36.52404,-36.81612,0.29208,26.63485,26.91183,-0.27698,3.0025,2.9876,85.0,0.00174,0.3,degraded
43.14,-36.52404,-36.82976,0.30572,26.63485,26.94894,-0.31409,2.9996,3.0,85.0,0.00014,0.3,degraded
43.15,-36.52404,-36.83867,0.31463,26.63485,26.99566,-0.36081,3.0004,3.0,85.0,0.00228,0.3,degraded
43.16,-36.52404,-36.85615,0.33211,26.63485,27.03511,-0.40026,2.9961,3.0,85.0,0.00158,0.3,degraded
43.17,-36.52404,-36.86649,0.34246,26.63485,27.08122,-0.44637,3.0126,2.9699,85.0,0.00281,0.3,degraded
43.18,-36.52404,-36.88078,0.35675,26.63485,27.10637,-0.47152,3.0163,3.0,85.0,0.00471,0.3,degraded
43.19,-36.52404,-36.88647,0.36243,26.63485,27.12669,-0.49184,2.9907,2.9764,85.0,0.00481,0.3,degraded
43.2,-36.52404,-36.89436,0.37032,26.63485,27.13971,-0.50486,2.9963,2.9917,85.0,0.00319,0.3,degraded
43.21,-36.52404,-36.87102,0.34698,26.63485,27.16173,-0.52688,2.9855,2.9961,85.0,0.00405,0.3,degraded
43.22,-36.52404,-36.85556,0.33153,26.63485,27.15492,-0.52007,3.0257,3.0,85.0,0.00527,0.3,degraded
43.23,-36.52404,-36.8337,0.30966,26.63485,27.14853,-0.51368,2.9829,2.9956,85.0,5e-05,0.3,degraded
43.24,-36.52404,-36.81912,0.29508,26.63485,27.13495,-0.5001,3.0223,2.9942,85.0,0.00125,0.3,degraded
43.25,-36.52404,-36.79996,0.27592,26.63485,27.12852,-0.49367,3.0218,2.9792,85.0,0.00247,0.3,degraded
43.26,-36.52404,-36.78687,0.26283,26.63485,27.11615,-0.48129,2.991,3.0,85.0,0.0004,0.3,degraded
43.27,-36.52404,-36.77069,0.24665,26.63485,27.10836,-0.47351,2.9925,2.9991,85.0,0.00133,0.3,degraded
43.28,-36.52404,-36.75917,0.23513,26.63485,27.09444,-0.45959,3.0088,3.0,85.0,0.00173,0.3,degraded
43.29,-36.52404,-36.74041,0.21637,26.63485,27.086,-0.45114,2.9883,3.0,85.0,0.00061,0.3,degraded
43.3,-36.52404,-36.72839,0.20435,26.63485,27.07316,-0.4383,2.9945,3.0,85.0,0.00044,0.3,degraded
43.31,-36.52404,-36.71046,0.18642,26.63485,27.06496,-0.43011,2.9948,2.972,85.0,0.00244,0.3,degraded
43.32,-36.52404,-36.70051,0.17647,26.63485,27.05604,-0.42119,2.9856,3.0,85.0,0.00184,0.3,degraded
43.33,-36.52404,-36.68405,0.16001,26.63485,27.05694,-0.42209,3.0143,2.9771,85.0,0.00126,0.3,degraded
43.34,-36.52404,-36.67421,0.15018,26.63485,27.05272,-0.41787,2.9784,3.0,85.0,0.0029,0.3,degraded
43.35,-36.52404,-36.6593,0.13526,26.63485,27.05577,-0.42092,2.9949,2.9891,85.0,0.00091,0.3,degraded
43.36,-36.52404,-36.6501,0.12606,26.63485,27.04909,-0.41424,2.9898,3.0,85.0,0.00016,0.3,degraded
43.37,-36.52404,-36.6346,0.11056,26.63485,27.04911,-0.41425,2.9966,2.9975,85.0,0.00232,0.3,degraded
43.38,-36.52404,-36.62466,0.10062,26.63485,27.03911,-0.40425,2.9778,2.9855,85.0,0.00172,0.3,degraded
43.39,-36.52404,-36.60816,0.08412,26.63485,27.03514,-0.40028,2.9967,2.9878,85.0,0.00034,0.3,degraded
43.4,-36.52404,-36.59616,0.07212,26.63485,27.02436,-0.3895,3.0033,3.0,85.0,0.00198,0.3,degraded
43.41,-36.52404,-36.5779,0.05387,26.63485,27.0206,-0.38575,3.0188,2.9967,85.0,0.00156,0.3,degraded
43.42,-36.52404,-36.56487,0.04083,26.63485,27.00635,-0.3715,3.0042,3.0,85.0,0.00181,0.3,degraded
43.43,-36.52404,-36.54633,0.0223,26.63485,26.9917,-0.35685,2.9811,2.9896,85.0,0.00254,0.3,degraded
43.44,-36.52404,-36.53992,0.01588,26.63485,26.97173,-0.33688,3.0051,2.976,85.0,0.00224,0.3,degraded
43.45,-36.52404,-36.52835,0.00431,26.63485,26.95661,-0.32176,2.9711,2.9871,85.0,0.00067,0.3,degraded
43.46,-36.52404,-36.52458,0.00054,26.63485,26.9327,-0.29785,2.994,2.9991,85.0,0.00219,0.3,degraded
43.47,-36.52404,-36.51544,-0.0086,26.63485,26.91621,-0.28136,2.9821,2.9909,85.0,0.00143,0.3,degraded
43.48,-36.52404,-36.5127,-0.01134,26.63485,26.89405,-0.2592,2.9981,2.9755,85.0,0.00041,0.3,degraded
43.49,-36.52404,-36.50413,-0.01991,26.63485,26.87676,-0.24191,2.9964,3.0,85.0,0.00153,0.3,degraded
43.5,-36.52404,-36.50232,-0.02172,26.63485,26.8526,-0.21775,2.9874,3.0,85.0,0.00234,0.3,degraded
43.51,-36.52404,-36.49473,-0.02931,26.63485,26.83576,-0.2009,3.0178,3.0,85.0,0.00015,0.3,degraded
43.52,-36.52404,-36.49208,-0.03196,26.63485,26.81558,-0.18073,3.0063,2.9894,85.0,0.0018,0.3,degraded
43.53,-36.52404,-36.48263,-0.04141,26.63485,26.80466,-0.16981,2.9943,2.9805,85.0,0.00288,0.3,degraded
43.54,-36.52404,-36.47858,-0.04546,26.63485,26.78871,-0.15386,2.9765,2.9797,85.0,0.00062,0.3,degraded
43.55,-36.52404,-36.4706,-0.05344,26.63485,26.77678,-0.14193,2.9918,3.0,85.0,0.0014,0.3,degraded
43.56,-36.52404,-36.47054,-0.0535,26.63485,26.76143,-0.12658,2.9784,2.9832,85.0,0.00186,0.3,degraded
43.57,-36.52404,-36.4643,-0.05973,26.63485,26.75191,-0.11706,3.0261,3.0,85.0,2e-05,0.3,degraded
43.58,-36.52404,-36.46548,-0.05856,26.63485,26.7384,-0.10355,3.0153,3.0,85.0,0.00251,0.3,degraded
43.59,-36.52404,-36.45646,-0.06758,26.63485,26.72603,-0.09118,3.013,2.9933,85.0,0.00276,0.3,degraded
43.6,-36.52404,-36.45038,-0.07365,26.63485,26.70776,-0.07291,2.9874,3.0,85.0,0.00097,0.3,degraded
43.61,-36.52404,-36.4383,-0.08574,26.63485,26.6975,-0.06265,3.0068,3.0,85.0,0.00143,0.3,degraded
43.62,-36.52404,-36.43089,-0.09315,26.63485,26.68072,-0.04587,2.9925,3.0,85.0,0.0025,0.3,degraded
43.63,-36.52404,-36.41413,-0.10991,26.63485,26.67165,-0.03679,2.997,2.9825,85.0,0.00108,0.3,degraded
43.64,-36.52404,-36.40526,-0.11878,26.63485,26.6575,-0.02265,2.9955,3.0,85.0,0.0012,0.3,degraded
43.65,-36.52404,-36.38997,-0.13407,26.63485,26.64637,-0.01152,3.0194,2.9974,85.0,0.00214,0.3,degraded
43.66,-36.52404,-36.38233,-0.14171,26.63485,26.62781,0.00704,3.027,3.0,85.0,0.00039,0.3,degraded
43.67,-36.52404,-36.3687,-0.15534,26.63485,26.61467,0.02018,2.9828,3.0,85.0,0.0008,0.3,degraded
43.68,-36.52404,-36.36034,-0.1637,26.63485,26.59368,0.04117,2.9827,3.0,85.0,0.00245,0.3,degraded
43.69,-36.52404,-36.34461,-0.17942,26.63485,26.57835,0.0565,3.0048,2.9992,85.0,0.00076,0.3,degraded
43.7,-36.52404,-36.33673,-0.18731,26.63485,26.55557,0.07928,2.9986,3.0,85.0,0.00092,0.3,degraded
43.71,-36.52404,-36.32214,-0.2019,26.63485,26.54235,0.0925,2.9921,2.9938,85.0,0.00224,0.3,degraded
43.72,-36.52404,-36.31491,-0.20913,26.63485,26.52242,0.11243,3.0302,2.9951,85.0,0.00147,0.3,degraded
43.73,-36.52404,-36.30062,-0.22342,26.63485,26.50887,0.12598,3.0168,2.9845,85.0,0.00131,0.3,degraded
43.74,-36.52404,-36.29528,-0.22875,26.63485,26.49386,0.14099,3.0139,3.0,85.0,0.00259,0.3,degraded
43.75,-36.52404,-36.28142,-0.24262,26.63485,26.48811,0.14674,2.9832,3.0,85.0,0.00129,0.3,degraded
43.76,-36.52404,-36.27541,-0.24863,26.63485,26.47591,0.15894,3.0073,2.9961,85.0,0.0005,0.3,degraded
43.77,-36.52404,-36.26498,-0.25906,26.63485,26.46941,0.16544,3.0043,2.9759,85.0,0.00296,0.3,degraded
43.78,-36.52404,-36.2639,-0.26014,26.63485,26.45521,0.17964,2.9916,2.9865,85.0,0.00171,0.3,degraded
43.79,-36.52404,-36.25554,-0.2685,26.63485,26.446,0.18885,2.9954,3.0,85.0,0.00035,0.3,degraded
43.8,-36.52404,-36.25508,-0.26896,26.63485,26.43086,0.20399,2.9917,2.9933,85.0,0.00366,0.3,degraded
43.81,-36.52404,-36.25467,-0.26937,26.63485,26.42279,0.21206,2.9948,2.9956,85.0,0.00365,0.3,degraded
43.82,-36.52404,-36.2712,-0.25284,26.63485,26.41007,0.22478,3.0094,2.9935,85.0,0.00077,0.3,degraded
43.83,-36.52404,-36.28294,-0.2411,26.63485,26.40486,0.22999,2.996,2.9892,85.0,0.00176,0.3,degraded
43.84,-36.52404,-36.30194,-0.2221,26.63485,26.39501,0.23984,2.9905,3.0,85.0,0.00199,0.3,degraded
43.85,-36.52404,-36.31435,-0.20969,26.63485,26.38988,0.24497,2.9868,2.9969,85.0,0.00064,0.3,degraded
43.86,-36.52404,-36.33319,-0.19085,26.63485,26.37645,0.25841,2.999,2.9977,85.0,0.00142,0.3,degraded
43.87,-36.52404,-36.3458,-0.17824,26.63485,26.36787,0.26698,3.0173,2.9913,85.0,0.00223,0.3,degraded
43.88,-36.52404,-36.36363,-0.16041,26.63485,26.35322,0.28163,3.0058,3.0,85.0,0.00118,0.3,degraded
43.89,-36.52404,-36.37421,-0.14983,26.63485,26.3472,0.28765,2.9989,2.9815,85.0,0.00166,0.3,degraded
43.9,-36.52404,-36.39064,-0.1334,26.63485,26.33996,0.2949,2.9882,2.9996,85.0,0.00243,0.3,degraded
43.91,-36.52404,-36.40181,-0.12223,26.63485,26.33898,0.29588,2.9876,3.0,85.0,0.00022,0.3,degraded
43.92,-36.52404,-36.41899,-0.10505,26.63485,26.33212,0.30273,3.0135,2.9825,85.0,0.00121,0.3,degraded
43.93,-36.52404,-36.42804,-0.096,26.63485,26.32904,0.30581,2.994,2.994,85.0,0.00195,0.3,degraded
43.94,-36.52404,-36.44239,-0.08164,26.63485,26.32038,0.31447,2.9872,3.0,85.0,0.00075,0.3,degraded
43.95,-36.52404,-36.4517,-0.07234,26.63485,26.31754,0.31732,3.0011,2.979,85.0,0.00114,0.3,degraded
43.96,-36.52404,-36.47017,-0.05387,26.63485,26.30566,0.32919,3.0089,2.9734,85.0,0.00287,0.3,degraded
43.97,-36.52404,-36.48356,-0.04048,26.63485,26.29878,0.33607,2.9895,3.0,85.0,0.00111,0.3,degraded
43.98,-36.52404,-36.50522,-0.01882,26.63485,26.28512,0.34973,2.9779,3.0,85.0,0.00085,0.3,degraded
43.99,-36.52404,-36.52266,-0.00138,26.63485,26.27769,0.35716,3.0105,2.9945,85.0,0.04127,0.3,degraded
44.0,-45.89935,-36.58623,-9.31311,-1.65746,26.26204,-27.9195,3.0041,3.0,85.0,0.3,0.3,degraded
44.01,-46.09887,-37.84953,-8.24934,-1.4234,24.98217,-26.40557,2.9804,3.0,85.0,0.3,0.3,degraded
44.02,-46.29425,-39.40327,-6.89098,-1.18805,21.6709,-22.85895,3.0147,2.9945,85.0,0.12686,0.3,degraded
44.03,-46.48544,-40.69762,-5.78783,-0.95143,18.26831,-19.21974,2.5199,3.0,85.0,0.16457,0.3,degraded
44.04,-46.67242,-41.77945,-4.89296,-0.71356,15.40064,-16.1142,3.0144,3.0,85.0,0.14844,0.3,degraded
44.05,-46.85513,-42.72389,-4.13124,-0.47448,12.99695,-13.47142,2.9835,3.0,85.0,0.12261,0.3,degraded
44.06,-47.03356,-43.52912,-3.50444,-0.23419,10.93332,-11.16752,2.989,0.036,85.0,0.09177,0.3,degraded
44.07,-47.20767,-44.20438,-3.00328,0.00726,9.26809,-9.26083,2.9948,3.0,85.0,0.05248,0.3,degraded
44.08,-47.37742,-44.84474,-2.53267,0.24987,7.83914,-7.58928,3.0202,2.9737,85.0,0.02783,0.3,degraded
44.09,-47.54279,-45.37348,-2.1693,0.49359,6.65522,-6.16163,3.0119,3.0,85.0,0.07693,0.3,degraded
44.1,-47.70375,-45.86669,-1.83706,0.73842,5.69977,-4.96136,2.9991,2.9908,85.0,0.07174,0.3,degraded
44.11,-47.86027,-46.28329,-1.57697,0.98431,4.8872,-3.90289,3.0101,3.0,85.0,0.02894,0.3,degraded
44.12,-48.01233,-46.67279,-1.33954,1.23125,4.19901,-2.96776,3.0163,3.0,85.0,0.01449,0.3,degraded
44.13,-48.15991,-47.00066,-1.15924,1.4792,3.75507,-2.27587,3.0196,3.0,85.0,0.00758,0.3,degraded
44.14,-48.30298,-47.32132,-0.98166,1.72815,3.32607,-1.59793,2.9803,2.9822,85.0,0.03251,0.3,degraded
44.15,-48.44152,-47.58222,-0.8593,1.97805,3.05388,-1.07583,2.9888,3.0,85.0,0.03223,0.3,degraded
44.16,-48.57552,-47.8199,-0.75561,2.22889,2.85169,-0.6228,3.0086,2.9913,85.0,0.00852,0.3,degraded
44.17,-48.70495,-48.03408,-0.67087,2.48063,2.67814,-0.1975,3.0022,2.9782,85.0,0.01749,0.3,degraded
44.18,-48.8298,-48.2344,-0.5954,2.73325,2.52967,0.20359,3.0171,1.8749,85.0,0.01563,0.3,degraded
44.19,-48.95007,-48.40925,-0.54082,2.98672,2.46944,0.51728,2.9789,3.0,85.0,0.02281,0.3,degraded
44.2,-49.06572,-48.57065,-0.49508,3.241,2.49845,0.74255,2.997,2.9938,85.0,0.02205,0.3,degraded
44.21,-49.17676,-48.70839,-0.46837,3.49607,2.61608,0.87999,2.9777,3.0,85.0,0.0071,0.3,degraded
44.22,-49.28317,-48.83309,-0.45008,3.7519,2.7207,1.0312,3.0152,2.9787,85.0,0.00332,0.3,degraded
44.23,-49.38495,-48.93626,-0.44869,4.00846,2.83236,1.1761,2.99,2.9909,85.0,0.00263,0.3,degraded
44.24,-49.48209,-49.03898,-0.44311,4.2657,2.93674,1.32896,2.9886,3.0,85.0,0.00282,0.3,degraded
44.25,-49.57458,-49.13264,-0.44194,4.52362,3.04426,1.47936,3.0118,3.0,85.0,0.01178,0.3,degraded
44.26,-49.66242,-49.23095,-0.43147,4.78216,3.15441,1.62775,2.9898,1.3589,85.0,0.01053,0.3,degraded
44.27,-49.74561,-49.3201,-0.42552,5.04131,3.35979,1.68152,3.0067,2.9969,85.0,0.00655,0.3,degraded
44.28,-49.82416,-49.41594,-0.40822,5.30102,3.53705,1.76397,2.9918,2.9927,85.0,0.00176,0.3,degraded
44.29,-49.89805,-49.50705,-0.391,5.56127,3.70159,1.85968,3.0019,2.5884,85.0,0.01945,0.3,degraded
44.3,-49.96729,-49.60386,-0.36343,5.82202,3.92351,1.89852,2.9884,2.9916,85.0,0.01745,0.3,degraded
44.31,-50.0319,-49.69632,-0.33558,6.08324,4.26864,1.8146,3.0011,2.9984,85.0,0.00554,0.3,degraded
44.32,-50.09187,-49.79679,-0.29508,6.3449,4.58666,1.75824,3.0233,3.0,85.0,0.00467,0.3,degraded
44.33,-50.14721,-49.89082,-0.25639,6.60696,4.88947,1.71749,2.9789,3.0,85.0,0.00637,0.3,degraded
44.34,-50.19793,-49.99276,-0.20517,6.86939,5.16615,1.70324,3.0046,2.9812,85.0,0.00519,0.3,degraded
44.35,-50.24405,-50.08718,-0.15687,7.13216,5.42726,1.70489,2.9809,2.9592,85.0,0.00648,0.3,degraded
44.36,-50.28557,-50.18643,-0.09913,7.39522,5.65751,1.73771,3.0118,3.0,85.0,0.00694,0.3,degraded
44.37,-50.32251,-50.27836,-0.04415,7.65855,5.8683,1.79025,2.9965,3.0,85.0,0.01161,0.3,degraded
44.38,-50.35488,-50.31917,-0.03571,7.92211,6.05288,1.86923,2.9953,2.9936,85.0,0.01576,0.3,degraded
44.39,-50.3827,-50.34547,-0.03723,8.18587,6.28869,1.89718,2.9938,3.0,85.0,0.01131,0.3,degraded
44.4,-50.406,-50.37634,-0.02966,8.44979,6.56232,1.88747,3.0186,3.0,85.0,0.00583,0.3,degraded
44.41,-50.42478,-50.40012,-0.02465,8.71383,6.81991,1.89393,2.9931,3.0,85.0,0.00427,0.3,degraded
44.42,-50.43907,-50.42927,-0.0098,8.97797,7.04798,1.92999,3.0021,2.9983,85.0,0.00577,0.3,degraded
44.43,-50.4489,-50.4514,0.0025,9.24216,7.26341,1.97875,3.0141,2.9817,85.0,0.01247,0.3,degraded
44.44,-50.45428,-50.48172,0.02744,9.50637,7.52668,1.97969,2.9719,2.9968,85.0,0.01068,0.3,degraded
44.45,-50.45525,-50.50365,0.0484,9.77056,7.85104,1.91951,3.0009,2.9956,85.0,0.00614,0.3,degraded
44.46,-50.45183,-50.53182,0.07999,10.03469,8.14669,1.888,3.0178,3.0,85.0,0.00544,0.3,degraded
44.47,-50.44405,-50.55638,0.11232,10.29874,8.42927,1.86947,2.9934,2.9867,85.0,0.00404,0.3,degraded
44.48,-50.43194,-50.58611,0.15416,10.56266,8.68623,1.87643,2.9933,3.0,85.0,0.00652,0.3,degraded
44.49,-50.41554,-50.61049,0.19496,10.82642,8.92675,1.89966,3.0003,2.9863,85.0,0.00638,0.3,degraded
44.5,-50.39487,-50.63768,0.24281,11.08998,9.1372,1.95278,3.0076,3.0,85.0,0.00797,0.3,degraded
44.51,-50.36996,-50.64293,0.27296,11.3533,9.39895,1.95435,2.9985,3.0,85.0,0.00922,0.3,degraded
44.52,-50.34087,-50.65028,0.30941,11.61635,9.66217,1.95418,2.8155,3.0,85.0,0.00727,0.3,degraded
44.53,-50.30761,-50.6419,0.33429,11.87909,9.90846,1.97063,2.9928,3.0,85.0,0.00936,0.3,degraded
44.54,-50.27024,-50.61547,0.34523,12.14148,10.1264,2.01508,3.0095,3.0,85.0,0.01291,0.3,degraded
44.55,-50.22878,-50.55762,0.32884,12.40349,10.43345,1.97004,2.9844,2.989,85.0,0.00837,0.3,degraded
44.56,-50.18329,-50.50822,0.32493,12.66508,10.72126,1.94382,3.0056,3.0,85.0,0.00562,0.3,degraded
44.57,-50.1338,-50.45305,0.31925,12.92621,10.98858,1.93763,2.9961,3.0,85.0,0.00636,0.3,degraded
44.58,-50.08036,-50.40365,0.32329,13.18684,11.22408,1.96276,3.0082,3.0,85.0,0.008,0.3,degraded
44.59,-50.02301,-50.34834,0.32533,13.44694,11.4765,1.97044,3.006,3.0,85.0,0.00638,0.3,degraded
44.6,-49.9618,-50.29952,0.33772,13.70647,11.77677,1.92971,3.0223,2.9984,85.0,0.00586,0.3,degraded
44.61,-49.89678,-50.24601,0.34923,13.9654,12.0589,1.9065,2.9986,3.0,85.0,0.00702,0.3,degraded
44.62,-49.82798,-50.19991,0.37192,14.22368,12.31215,1.91154,3.019,2.9966,85.0,0.00512,0.3,degraded
44.63,-49.75548,-50.14916,0.39368,14.48128,12.54937,1.93191,2.9878,2.9962,85.0,0.00217,0.3,degraded
44.64,-49.6793,-50.10461,0.42531,14.73817,12.77657,1.96159,3.0231,3.0,85.0,0.01048,0.3,degraded
44.65,-49.59952,-50.05119,0.45167,14.99429,13.03317,1.96112,3.0222,3.0,85.0,0.00684,0.3,degraded
44.66,-49.51617,-50.00506,0.48889,15.24963,13.32891,1.92072,2.9891,2.9878,85.0,0.00811,0.3,degraded
44.67,-49.42931,-49.94706,0.51775,15.50414,13.60663,1.89751,2.9864,2.992,85.0,0.00845,0.3,degraded
44.68,-49.339,-49.87895,0.53994,15.75778,13.85628,1.9015,2.996,2.994,85.0,0.00461,0.3,degraded
44.69,-49.2453,-49.80448,0.55918,16.01051,14.0917,1.91882,2.9968,3.0,85.0,0.00444,0.3,degraded
44.7,-49.14826,-49.73312,0.58486,16.26231,14.37159,1.89072,2.9963,2.9731,85.0,0.00573,0.3,degraded
44.71,-49.04793,-49.65734,0.60941,16.51314,14.64363,1.86951,2.994,3.0,85.0,0.00624,0.3,degraded
44.72,-48.94439,-49.57824,0.63385,16.76294,14.88736,1.87558,3.0038,3.0,85.0,0.00726,0.3,degraded
44.73,-48.83768,-49.48522,0.64754,17.0117,15.12009,1.89161,2.9987,2.9924,85.0,0.01102,0.3,degraded
44.74,-48.72787,-49.39001,0.66214,17.25938,15.40775,1.85162,2.9964,2.9815,85.0,0.00963,0.3,degraded
44.75,-48.61502,-49.29667,0.68165,17.50593,15.71557,1.79036,2.9924,2.9938,85.0,0.00924,0.3,degraded
44.76,-48.49919,-49.14863,0.64944,17.75133,15.99674,1.75458,2.9908,2.9905,85.0,0.01075,0.3,degraded
44.77,-48.38045,-49.00325,0.6228,17.99553,16.2607,1.73483,2.9918,3.0,85.0,0.00913,0.3,degraded
44.78,-48.25886,-48.88176,0.6229,18.2385,16.49622,1.74228,3.0165,3.0,85.0,0.00793,0.3,degraded
44.79,-48.13448,-48.77395,0.63947,18.48021,16.71693,1.76328,3.0,3.0,85.0,0.00556,0.3,degraded
44.8,-48.00738,-48.68657,0.6792,18.72062,16.9607,1.75992,2.9901,3.0,85.0,0.01363,0.3,degraded
44.81,-47.87763,-48.57683,0.69921,18.95969,17.19675,1.76294,1.2506,3.0,85.0,0.01737,0.3,degraded
44.82,-47.74528,-48.38966,0.64438,19.1974,17.44447,1.75293,3.0119,2.9917,85.0,0.01328,0.3,degraded
44.83,-47.61042,-48.2132,0.60278,19.4337,17.764,1.6697,2.9924,2.9934,85.0,0.00937,0.3,degraded
44.84,-47.47311,-48.05847,0.58536,19.66856,18.05368,1.61488,2.9979,2.9809,85.0,0.00849,0.3,degraded
44.85,-47.33342,-47.91604,0.58262,19.90194,18.32662,1.57533,3.0043,3.0,85.0,0.01018,0.3,degraded
44.86,-47.19141,-47.79906,0.60765,20.13382,18.56854,1.56528,2.9834,3.0,85.0,0.0098,0.3,degraded
44.87,-47.04715,-47.6945,0.64735,20.36416,18.79505,1.56911,2.9771,2.9924,85.0,0.00713,0.3,degraded
44.88,-46.90072,-47.60834,0.70762,20.59292,18.99145,1.60148,2.8989,3.0,85.0,0.01313,0.3,degraded
44.89,-46.75219,-47.45412,0.70194,20.82008,19.20212,1.61796,2.9758,3.0,85.0,0.0123,0.3,degraded
44.9,-46.60162,-47.26142,0.6598,21.04559,19.40371,1.64188,3.001,3.0,85.0,0.01166,0.3,degraded
44.91,-46.44909,-47.08158,0.63249,21.26943,19.70305,1.56639,2.9866,2.985,85.0,0.01431,0.3,degraded
44.92,-46.29468,-46.9261,0.63142,21.49156,19.99016,1.50141,2.9887,2.9828,85.0,0.00864,0.3,degraded
44.93,-46.13844,-46.7814,0.64296,21.71196,20.26592,1.44604,3.0136,3.0,85.0,0.00881,0.3,degraded
44.94,-45.98046,-46.66003,0.67957,21.93058,20.51366,1.41693,2.9906,2.976,85.0,0.00777,0.3,degraded
44.95,-45.82081,-46.55006,0.72925,22.14741,20.7488,1.3986,3.002,2.9763,85.0,0.01002,0.3,degraded
44.96,-45.65955,-46.42813,0.76857,22.3624,20.95484,1.40756,3.0004,3.0,85.0,0.00819,0.3,degraded
44.97,-45.49677,-46.284,0.78722,22.57552,21.14544,1.43008,3.0224,3.0,85.0,0.00508,0.3,degraded
44.98,-45.33254,-46.16396,0.83143,22.78676,21.32427,1.46248,3.005,3.0,85.0,0.01283,0.3,degraded
44.99,-45.16692,-45.95636,0.78944,22.99607,21.5202,1.47587,2.9854,3.0,85.0,0.01245,0.3,degraded
45.0,-45.0,-45.72865,0.72865,23.20342,21.70244,1.50098,2.9993,3.0,85.0,0.00538,0.3,degraded
45.01,-44.83184,-45.51161,0.67977,23.40879,21.89523,1.51356,2.9991,2.9964,85.0,0.00741,0.3,degraded
45.02,-44.66253,-45.31772,0.65519,23.61215,22.08233,1.52982,3.0038,3.0,85.0,0.01089,0.3,degraded
45.03,-44.49212,-45.13626,0.64414,23.81346,22.35561,1.45785,3.0149,3.0,85.0,0.00995,0.3,degraded
45.04,-44.32071,-44.97949,0.65878,24.01271,22.61129,1.40142,2.9957,3.0,85.0,0.01003,0.3,degraded
45.05,-44.14835,-44.8367,0.68835,24.20986,22.85136,1.3585,2.9896,2.9912,85.0,0.00944,0.3,degraded
45.06,-43.97513,-44.71886,0.74373,24.40488,23.06165,1.34323,2.9929,2.9831,85.0,0.00822,0.3,degraded
45.07,-43.80111,-44.61216,0.81105,24.59776,23.25621,1.34155,3.0114,2.9861,85.0,0.00698,0.3,degraded
45.08,-43.62638,-44.50407,0.87769,24.78845,23.42192,1.36653,3.0061,3.0,85.0,0.01054,0.3,degraded
45.09,-43.45099,-44.36329,0.9123,24.97694,23.64107,1.33587,3.0063,3.0,85.0,0.01178,0.3,degraded
45.1,-43.27504,-44.22786,0.95282,25.16319,23.86056,1.30264,3.0081,2.9967,85.0,0.00772,0.3,degraded
45.11,-43.09857,-44.06795,0.96937,25.34719,24.06343,1.28376,2.9871,2.9952,85.0,0.00943,0.3,degraded
45.12,-42.92168,-43.92958,1.0079,25.52891,24.23826,1.29065,2.9865,3.0,85.0,0.01531,0.3,degraded
45.13,-42.74443,-43.70035,0.95591,25.70833,24.40615,1.30218,3.005,1.3544,85.0,0.01638,0.3,degraded
45.14,-42.5669,-43.48381,0.91691,25.88541,24.65235,1.23306,3.0049,3.0,85.0,0.00914,0.3,degraded
45.15,-42.38914,-43.27998,0.89083,26.06014,24.88279,1.17735,3.0127,3.0,85.0,0.00832,0.3,degraded
45.16,-42.21125,-43.10179,0.89055,26.2325,25.08385,1.14865,3.0132,3.0,85.0,0.00959,0.3,degraded
45.17,-42.03327,-42.93714,0.90387,26.40245,25.2711,1.13135,2.9681,3.0,85.0,0.00995,0.3,degraded
45.18,-41.85529,-42.79825,0.94295,26.56998,25.42973,1.14025,3.0049,2.9929,85.0,0.00968,0.3,degraded
45.19,-41.67738,-42.6287,0.95133,26.73507,25.57196,1.16312,3.0157,2.9927,85.0,0.00794,0.3,degraded
45.2,-41.49959,-42.43955,0.93996,26.8977,25.70915,1.18854,2.9987,2.9983,85.0,0.01279,0.3,degraded
45.21,-41.32201,-42.26171,0.9397,27.05784,25.88334,1.1745,3.0074,2.9684,85.0,0.00774,0.3,degraded
45.22,-41.14469,-42.10626,0.96157,27.21547,26.07252,1.14296,3.023,3.0,85.0,0.0098,0.3,degraded
45.23,-40.96771,-41.96463,0.99691,27.37059,26.24341,1.12717,3.0115,2.9882,85.0,0.01564,0.3,degraded
45.24,-40.79113,-41.73697,0.94584,27.52315,26.38709,1.13606,3.021,3.0,85.0,0.0166,0.3,degraded
45.25,-40.61502,-41.50859,0.89357,27.67316,26.55124,1.12191,2.9708,2.9831,85.0,0.01259,0.3,degraded
45.26,-40.43944,-41.30519,0.86575,27.82058,26.77316,1.04742,3.0016,2.9984,85.0,0.01102,0.3,degraded
45.27,-40.26445,-41.11553,0.85108,27.9654,26.98045,0.98495,3.0162,3.0,85.0,0.00719,0.3,degraded
45.28,-40.09012,-40.94897,0.85885,28.10761,27.16076,0.94685,2.9705,2.9896,85.0,0.00858,0.3,degraded
45.29,-39.91652,-40.79228,0.87576,28.24719,27.32722,0.91997,3.0209,3.0,85.0,0.0109,0.3,degraded
45.3,-39.74369,-40.66277,0.91908,28.38412,27.46134,0.92277,2.9757,2.9745,85.0,0.00797,0.3,degraded
45.31,-39.57171,-40.50821,0.93649,28.51838,27.58066,0.93772,3.0185,2.9961,85.0,0.00637,0.3,degraded
45.32,-39.40064,-40.34412,0.94348,28.64996,27.68618,0.96378,3.0145,2.9974,85.0,0.00549,0.3,degraded
45.33,-39.23053,-40.18921,0.95869,28.77886,27.79592,0.98293,3.015,3.0,85.0,0.00622,0.3,degraded
45.34,-39.06144,-40.04993,0.98849,28.90504,27.89677,1.00828,1.6363,3.0,85.0,0.00638,0.3,degraded
45.35,-38.89343,-39.84347,0.95004,29.02851,28.01432,1.01418,2.9892,2.9956,85.0,0.01532,0.3,degraded
45.36,-38.72655,-39.65908,0.93253,29.14924,28.12897,1.02027,3.0204,1.6714,85.0,0.01102,0.3,degraded
45.37,-38.56086,-39.49004,0.92918,29.26722,28.31769,0.94953,3.0096,2.98,85.0,0.00851,0.3,degraded
45.38,-38.39642,-39.34362,0.9472,29.38245,28.47758,0.90488,2.9835,3.0,85.0,0.00735,0.3,degraded
45.39,-38.23328,-39.2046,0.97132,29.49491,28.62132,0.87359,2.3358,3.0,85.0,0.00586,0.3,degraded
45.4,-38.07148,-39.04916,0.97768,29.6046,28.73712,0.86747,3.0082,2.9855,85.0,0.00879,0.3,degraded
45.41,-37.91109,-38.89713,0.98604,29.71149,28.84681,0.86468,1.3802,2.9838,85.0,0.0088,0.3,degraded
45.42,-37.75215,-38.67727,0.92512,29.81559,28.94858,0.86701,3.023,2.9838,85.0,0.0048,0.3,degraded
45.43,-37.59471,-38.46858,0.87388,29.91688,29.05854,0.85833,2.9991,3.0,85.0,0.00417,0.3,degraded
45.44,-37.43881,-38.28571,0.8469,30.01535,29.15855,0.8568,2.9909,3.0,85.0,0.00637,0.3,degraded
45.45,-37.28451,-38.11851,0.834,30.111,29.26602,0.84498,3.0052,3.0,85.0,0.0054,0.3,degraded
45.46,-37.13185,-37.97543,0.84358,30.20382,29.36566,0.83817,3.0135,2.9849,85.0,0.00341,0.3,degraded
45.47,-36.98087,-37.84284,0.86197,30.29381,29.47021,0.8236,2.997,3.0,85.0,0.01206,0.3,degraded
45.48,-36.83162,-37.69104,0.85942,30.38095,29.56816,0.8128,3.0367,3.0,85.0,0.01265,0.3,degraded
45.49,-36.68413,-37.45062,0.76649,30.46525,29.67112,0.79413,2.9746,2.997,85.0,0.00351,0.3,degraded
45.5,-36.53846,-37.23234,0.69388,30.54669,29.76657,0.78012,2.9969,2.9878,85.0,0.00533,0.3,degraded
45.51,-36.39463,-37.02584,0.63121,30.62528,29.86593,0.75935,3.0025,2.9978,85.0,0.00582,0.3,degraded
45.52,-36.25269,-36.84361,0.59092,30.70101,29.95635,0.74466,2.9931,2.996,85.0,0.00412,0.3,degraded
45.53,-36.11266,-36.67199,0.55932,30.77387,30.05055,0.72332,2.9973,2.9932,85.0,0.00522,0.3,degraded
45.54,-35.9746,-36.52643,0.55183,30.84387,30.13863,0.70524,2.9911,2.9779,85.0,0.00589,0.3,degraded
45.55,-35.83852,-36.39357,0.55504,30.91101,30.2316,0.67941,2.9834,3.0,85.0,0.00379,0.3,degraded
45.56,-35.70447,-36.28548,0.58101,30.97527,30.31692,0.65835,2.9975,2.9881,85.0,0.00425,0.3,degraded
45.57,-35.57247,-36.18921,0.61674,31.03666,30.40703,0.62963,2.9942,2.9976,85.0,0.00406,0.3,degraded
45.58,-35.44256,-36.10482,0.66226,31.09519,30.49106,0.60412,2.9693,3.0,85.0,0.00026,0.3,degraded
45.59,-35.31476,-36.01223,0.69747,31.15084,30.58216,0.56868,2.9943,3.0,85.0,0.00103,0.3,degraded
45.6,-35.18909,-35.92891,0.73982,31.20363,30.66709,0.53654,3.0319,2.9882,85.0,0.00553,0.3,degraded
45.61,-35.06559,-35.84179,0.7762,31.25355,30.75884,0.4947,2.3225,3.0,85.0,0.00199,0.3,degraded
45.62,-34.94428,-35.73616,0.79188,31.3006,30.84414,0.45647,3.0088,3.0,85.0,0.0025,0.3,degraded
45.63,-34.82518,-35.63762,0.81245,31.3448,30.9365,0.40829,3.0207,2.987,85.0,0.00246,0.3,degraded
45.64,-34.70831,-35.53936,0.83106,31.38613,31.02138,0.36476,2.9941,3.0,85.0,0.00065,0.3,degraded
45.65,-34.59369,-35.43147,0.83779,31.42462,31.1116,0.31302,3.0211,3.0,85.0,0.0039,0.3,degraded
45.66,-34.48134,-35.29141,0.81007,31.46025,31.19595,0.2643,3.0095,2.9968,85.0,0.00471,0.3,degraded
45.67,-34.37127,-35.15743,0.78616,31.49304,31.28716,0.20587,2.998,2.9845,85.0,0.00511,0.3,degraded
45.68,-34.26351,-35.04408,0.78057,31.52298,31.37593,0.14706,2.9883,3.0,85.0,0.0057,0.3,degraded
45.69,-34.15806,-34.93443,0.77637,31.5501,31.47499,0.07511,1.7143,2.9981,85.0,0.00611,0.3,degraded
45.7,-34.05494,-34.7796,0.72466,31.57439,31.57054,0.00385,2.9939,2.9931,85.0,0.00519,0.3,degraded
45.71,-33.95416,-34.63556,0.6814,31.59585,31.67455,-0.0787,3.0035,2.9986,85.0,0.00381,0.3,degraded
45.72,-33.85573,-34.51481,0.65908,31.61451,31.77491,-0.16039,3.0022,3.0,85.0,0.00849,0.3,degraded
45.73,-33.75965,-34.40777,0.64812,31.63036,31.86857,-0.2382,3.0049,3.0,85.0,0.00777,0.3,degraded
45.74,-33.66593,-34.32114,0.65521,31.64342,31.93351,-0.29008,3.0031,2.9868,85.0,0.00071,0.3,degraded
45.75,-33.57458,-34.22885,0.65427,31.6537,32.00519,-0.35149,2.9867,3.0,85.0,0.00262,0.3,degraded
45.76,-33.4856,-34.14306,0.65746,31.6612,32.06337,-0.40217,2.9938,2.9985,85.0,0.00779,0.3,degraded
45.77,-33.39898,-34.0506,0.65162,31.66593,32.07104,-0.40511,2.9994,3.0,85.0,0.0061,0.3,degraded
45.78,-33.31474,-33.96507,0.65033,31.66792,32.07345,-0.40553,3.0059,2.9984,85.0,0.00197,0.3,degraded
45.79,-33.23287,-33.87356,0.64069,31.66716,32.08084,-0.41368,3.0217,2.9803,85.0,0.0013,0.3,degraded
45.8,-33.15337,-33.7895,0.63613,31.66367,32.08314,-0.41947,2.9752,2.9837,85.0,0.0007,0.3,degraded
45.81,-33.07623,-33.6987,0.62247,31.65746,32.09364,-0.43619,2.9974,2.9951,85.0,0.0019,0.3,degraded
45.82,-33.00145,-33.61582,0.61438,31.64855,32.09479,-0.44624,3.015,2.9825,85.0,0.00227,0.3,degraded
45.83,-32.92901,-33.52772,0.5987,31.63694,32.10241,-0.46546,3.0261,2.9966,85.0,0.00078,0.3,degraded
45.84,-32.85892,-33.44753,0.58861,31.62267,32.10543,-0.48277,3.0219,3.0,85.0,0.00248,0.3,degraded
45.85,-32.79116,-33.36186,0.5707,31.60573,32.11615,-0.51043,3.0004,3.0,85.0,0.00207,0.3,degraded
45.86,-32.72571,-33.2837,0.55799,31.58614,32.11786,-0.53172,3.0187,2.9824,85.0,0.00362,0.3,degraded
45.87,-32.66258,-33.20136,0.53878,31.56392,32.10879,-0.54487,3.015,3.0,85.0,0.00498,0.3,degraded
45.88,-32.60173,-33.12508,0.52335,31.53909,32.07838,-0.5393,2.989,3.0,85.0,0.00203,0.3,degraded
45.89,-32.54316,-33.0404,0.49724,31.51165,32.0553,-0.54365,3.0087,3.0,85.0,0.00098,0.3,degraded
45.9,-32.48684,-32.96519,0.47834,31.48164,32.02649,-0.54485,3.0096,3.0,85.0,0.00044,0.3,degraded
45.91,-32.43276,-32.88262,0.44986,31.44906,32.00252,-0.55346,2.9979,3.0,85.0,0.00237,0.3,degraded
45.92,-32.38091,-32.80507,0.42417,31.41394,31.97055,-0.55662,3.0139,3.0,85.0,0.00069,0.3,degraded
45.93,-32.33124,-32.72028,0.38904,31.37628,31.94593,-0.56964,3.0079,2.9827,85.0,0.00135,0.3,degraded
45.94,-32.28375,-32.63963,0.35588,31.33612,31.9158,-0.57968,2.9968,2.9944,85.0,0.00207,0.3,degraded
45.95,-32.23841,-32.55428,0.31587,31.29347,31.89424,-0.60077,3.0018,2.9884,85.0,0.00244,0.3,degraded
45.96,-32.19518,-32.47356,0.27838,31.24834,31.8466,-0.59826,2.9958,2.9846,85.0,0.00315,0.3,degraded
45.97,-32.15406,-32.38436,0.2303,31.20077,31.80493,-0.60416,2.9997,3.0,85.0,0.00272,0.3,degraded
45.98,-32.11499,-32.29985,0.18485,31.15077,31.75742,-0.60665,2.99,3.0,85.0,0.00124,0.3,degraded
45.99,-32.07796,-32.20614,0.12818,31.09836,31.71328,-0.61492,3.0104,3.0,85.0,0.00113,0.3,degraded
46.0,-32.04294,-32.12273,0.07979,31.04356,31.66194,-0.61838,2.9808,3.0,85.0,0.00305,0.3,degraded
46.01,-32.00989,-32.03376,0.02387,30.98639,31.61623,-0.62983,2.9913,3.0,85.0,0.00111,0.3,degraded
46.02,-31.97877,-31.95089,-0.02788,30.92689,31.56177,-0.63488,3.0019,2.985,85.0,0.00101,0.3,degraded
46.03,-31.94955,-31.86236,-0.08719,30.86506,31.51664,-0.65158,3.0245,2.9893,85.0,0.00678,0.3,degraded
46.04,-31.9222,-31.78644,-0.13576,30.80093,31.45995,-0.65902,3.0,3.0,85.0,0.00569,0.3,degraded
46.05,-31.89667,-31.72968,-0.16699,30.73453,31.39483,-0.6603,3.0056,2.9957,85.0,0.00068,0.3,degraded
46.06,-31.87293,-31.68122,-0.19172,30.66587,31.32657,-0.6607,3.0105,3.0,85.0,0.00257,0.3,degraded
46.07,-31.85094,-31.62908,-0.22186,30.59499,31.26535,-0.67036,3.0193,2.9962,85.0,0.00218,0.3,degraded
46.08,-31.83065,-31.5843,-0.24635,30.52191,31.20124,-0.67934,2.9624,2.9746,85.0,0.00471,0.3,degraded
46.09,-31.81202,-31.55832,-0.2537,30.44665,31.1213,-0.67466,2.9898,3.0,85.0,0.0059,0.3,degraded
46.1,-31.79502,-31.53672,-0.2583,30.36923,31.03575,-0.66652,3.0314,3.0,85.0,0.0021,0.3,degraded
46.11,-31.77958,-31.50559,-0.27399,30.28968,30.95688,-0.66719,2.9948,3.0,85.0,0.0032,0.3,degraded
46.12,-31.76567,-31.51074,-0.25494,30.20804,30.87163,-0.66359,2.9913,3.0,85.0,0.00616,0.3,degraded
46.13,-31.75325,-31.51986,-0.23339,30.12431,30.79595,-0.67163,3.0003,2.9903,85.0,0.00207,0.3,degraded
46.14,-31.74225,-31.53545,-0.2068,30.03854,30.71406,-0.67552,3.0196,3.0,85.0,0.001,0.3,degraded
46.15,-31.73263,-31.54569,-0.18694,29.95074,30.63763,-0.68689,3.0084,3.0,85.0,0.0023,0.3,degraded
46.16,-31.72435,-31.56274,-0.1616,29.86095,30.55347,-0.69252,3.0094,2.9945,85.0,0.00154,0.3,degraded
46.17,-31.71735,-31.57432,-0.14302,29.76918,30.47525,-0.70608,3.0041,3.0,85.0,0.00086,0.3,degraded
46.18,-31.71157,-31.59009,-0.12148,29.67547,30.39338,-0.71791,2.9784,3.0,85.0,0.00169,0.3,degraded
46.19,-31.70697,-31.59838,-0.10859,29.57985,30.31677,-0.73692,2.9974,3.0,85.0,0.00309,0.3,degraded
46.2,-31.70348,-31.61114,-0.09234,29.48233,30.22856,-0.74623,2.9839,2.9999,85.0,0.00088,0.3,degraded
46.21,-31.70106,-31.61832,-0.08274,29.38296,30.14217,-0.75921,2.9776,2.9976,85.0,0.00257,0.3,degraded
46.22,-31.69965,-31.63063,-0.06902,29.28176,30.04407,-0.76231,2.9759,3.0,85.0,0.00376,0.3,degraded
46.23,-31.6992,-31.63669,-0.0625,29.17875,29.94433,-0.76557,2.9875,2.9775,85.0,0.00098,0.3,degraded
46.24,-31.69963,-31.64789,-0.05174,29.07398,29.84318,-0.7692,2.9845,2.9809,85.0,0.00251,0.3,degraded
46.25,-31.7009,-31.65032,-0.05058,28.96745,29.7533,-0.78585,2.9755,2.999,85.0,0.00397,0.3,degraded
46.26,-31.70295,-31.65658,-0.04637,28.85921,29.62012,-0.76091,3.0059,2.9985,85.0,0.00213,0.3,degraded
46.27,-31.70571,-31.65606,-0.04965,28.74928,29.51492,-0.76563,2.9831,2.9956,85.0,0.00269,0.3,degraded
46.28,-31.70912,-31.66055,-0.04857,28.6377,29.40745,-0.76975,2.9662,2.9848,85.0,0.0028,0.3,degraded
46.29,-31.71313,-31.65995,-0.05318,28.52448,29.31069,-0.78621,3.0009,3.0,85.0,0.00062,0.3,degraded
46.3,-31.71768,-31.66574,-0.05194,28.40967,29.20662,-0.79694,2.9942,3.0,85.0,0.00192,0.3,degraded
46.31,-31.72268,-31.66367,-0.05902,28.29329,29.107,-0.81371,2.9801,3.0,85.0,0.00222,0.3,degraded
46.32,-31.7281,-31.66797,-0.06013,28.17537,28.99918,-0.82381,3.0008,2.9991,85.0,0.00311,0.3,degraded
46.33,-31.73386,-31.66713,-0.06673,28.05595,28.88686,-0.83091,3.003,3.0,85.0,0.00054,0.3,degraded
46.34,-31.73989,-31.6736,-0.06629,27.93504,28.76937,-0.83432,3.0044,3.0,85.0,0.00654,0.3,degraded
46.35,-31.74613,-31.67414,-0.07199,27.81269,28.61498,-0.80229,3.0083,2.9987,85.0,0.00408,0.3,degraded
46.36,-31.75252,-31.68318,-0.06934,27.68893,28.46323,-0.77431,3.015,3.0,85.0,0.00619,0.3,degraded
46.37,-31.75899,-31.68395,-0.07505,27.56377,28.3424,-0.77863,2.9832,3.0,85.0,0.00595,0.3,degraded
46.38,-31.76548,-31.69089,-0.07459,27.43726,28.2336,-0.79634,2.9997,3.0,85.0,0.00189,0.3,degraded
46.39,-31.77191,-31.6921,-0.07982,27.30943,28.12605,-0.81663,2.9911,3.0,85.0,0.00017,0.3,degraded
46.4,-31.77822,-31.69811,-0.08011,27.1803,28.01162,-0.83133,3.0043,2.9921,85.0,0.00259,0.3,degraded
46.41,-31.78435,-31.69844,-0.08591,27.0499,27.89911,-0.8492,2.991,2.9933,85.0,0.00427,0.3,degraded
46.42,-31.79022,-31.70208,-0.08813,26.91828,27.76807,-0.84979,2.9799,2.9869,85.0,3e-05,0.3,degraded
46.43,-31.79577,-31.6984,-0.09737,26.78545,27.64858,-0.86312,3.0072,3.0,85.0,0.00284,0.3,degraded
46.44,-31.80092,-31.70287,-0.09805,26.65146,27.50009,-0.84863,3.0104,2.9874,85.0,0.00239,0.3,degraded
46.45,-31.80562,-31.70216,-0.10346,26.51632,27.37147,-0.85515,2.9744,3.0,85.0,0.00767,0.3,degraded
46.46,-31.80979,-31.70834,-0.10145,26.38007,27.21025,-0.83018,2.9956,3.0,85.0,0.0094,0.3,degraded
46.47,-31.81336,-31.70636,-0.107,26.24275,27.00421,-0.76146,3.0098,3.0,85.0,0.00671,0.3,degraded
46.48,-31.81627,-31.7107,-0.10557,26.10438,26.81529,-0.71091,2.977,3.0,85.0,0.00453,0.3,degraded
46.49,-31.81844,-31.70981,-0.10863,25.96499,26.65506,-0.69007,3.0017,3.0,85.0,0.00569,0.3,degraded
46.5,-31.81981,-31.71479,-0.10502,25.82462,26.50979,-0.68517,2.9893,2.9943,85.0,0.00515,0.3,degraded
46.51,-31.8203,-31.7144,-0.1059,25.68329,26.38861,-0.70531,3.0143,3.0,85.0,0.00331,0.3,degraded
46.52,-31.81986,-31.72163,-0.09822,25.54104,26.27891,-0.73786,2.9828,3.0,85.0,0.0025,0.3,degraded
46.53,-31.8184,-31.72528,-0.09312,25.3979,26.17917,-0.78127,2.9958,2.9997,85.0,0.0019,0.3,degraded
46.54,-31.81587,-31.73634,-0.07953,25.2539,26.075,-0.82111,2.9938,3.0,85.0,0.0,0.3,degraded
46.55,-31.81218,-31.7395,-0.07268,25.10906,25.97707,-0.868,3.0003,2.9849,85.0,0.00268,0.3,degraded
46.56,-31.80729,-31.7483,-0.05898,24.96342,25.84502,-0.8816,3.029,3.0,85.0,0.00755,0.3,degraded
46.57,-31.8011,-31.75018,-0.05093,24.81702,25.71648,-0.89947,3.0156,3.0,85.0,0.00179,0.3,degraded
46.58,-31.79357,-31.76068,-0.03289,24.66987,25.56947,-0.8996,2.9994,2.9774,85.0,0.0054,0.3,degraded
46.59,-31.78461,-31.76548,-0.01914,24.52201,25.45081,-0.92881,3.023,2.9915,85.0,0.00662,0.3,degraded
46.6,-31.77417,-31.77653,0.00236,24.37347,25.26383,-0.89036,3.0268,3.0,85.0,0.00459,0.3,degraded
46.61,-31.76217,-31.78169,0.01952,24.22428,25.10314,-0.87886,2.9873,3.0,85.0,0.00561,0.3,degraded
46.62,-31.74855,-31.79317,0.04462,24.07447,24.9571,-0.88263,2.9902,2.9996,85.0,0.00645,0.3,degraded
46.63,-31.73324,-31.79679,0.06354,23.92407,24.84016,-0.91609,2.9957,2.9961,85.0,0.00341,0.3,degraded
46.64,-31.71618,-31.80519,0.08901,23.7731,24.67689,-0.90378,3.0015,2.9922,85.0,0.00445,0.3,degraded
46.65,-31.6973,-31.80439,0.10709,23.62161,24.52629,-0.90469,2.9916,3.0,85.0,0.0062,0.3,degraded
46.66,-31.67653,-31.80752,0.13099,23.46961,24.38948,-0.91987,3.0037,2.9961,85.0,0.00221,0.3,degraded
46.67,-31.65381,-31.80163,0.14782,23.31714,24.26738,-0.95024,3.009,2.9895,85.0,0.00356,0.3,degraded
46.68,-31.62908,-31.80164,0.17257,23.16422,24.12619,-0.96197,3.0163,3.0,85.0,0.00183,0.3,degraded
46.69,-31.60226,-31.79634,0.19407,23.01088,23.9845,-0.97362,3.0017,2.9952,85.0,0.00116,0.3,degraded
46.7,-31.57331,-31.79598,0.22267,22.85716,23.8421,-0.98494,3.0016,3.0,85.0,0.0006,0.3,degraded
46.71,-31.54215,-31.7886,0.24645,22.70307,23.70119,-0.99812,2.992,2.9935,85.0,0.00363,0.3,degraded
46.72,-31.50873,-31.78912,0.28039,22.54866,23.54356,-0.99491,3.0242,3.0,85.0,0.00255,0.3,degraded
46.73,-31.47298,-31.78534,0.31236,22.39393,23.39042,-0.99648,2.9913,3.0,85.0,0.00494,0.3,degraded
46.74,-31.43485,-31.78729,0.35244,22.23893,23.25319,-1.01425,2.9963,2.9971,85.0,0.00561,0.3,degraded
46.75,-31.39426,-31.78429,0.39002,22.08368,23.06063,-0.97695,2.9879,2.9993,85.0,0.00564,0.3,degraded
46.76,-31.35118,-31.78904,0.43786,21.92821,22.88294,-0.95474,3.0065,3.0,85.0,0.00456,0.3,degraded
46.77,-31.30552,-31.78868,0.48315,21.77254,22.73258,-0.96004,2.988,2.9907,85.0,0.01124,0.3,degraded
46.78,-31.25725,-31.7897,0.53245,21.61669,22.60021,-0.98351,2.3012,2.9801,85.0,0.00799,0.3,degraded
46.79,-31.2063,-31.74169,0.53539,21.46071,22.43096,-0.97025,2.9892,2.9792,85.0,0.00314,0.3,degraded
46.8,-31.15262,-31.69716,0.54454,21.3046,22.27799,-0.97339,2.9818,2.965,85.0,0.00603,0.3,degraded
46.81,-31.09615,-31.64567,0.54952,21.1484,22.15296,-1.00456,2.9779,3.0,85.0,0.00651,0.3,degraded
46.82,-31.03683,-31.601,0.56417,20.99214,21.951,-0.95887,3.0051,3.0,85.0,0.00474,0.3,degraded
46.83,-30.97463,-31.5485,0.57387,20.83583,21.77811,-0.94228,3.0067,2.9902,85.0,0.00627,0.3,degraded
46.84,-30.90948,-31.50104,0.59156,20.6795,21.62062,-0.94112,2.9974,3.0,85.0,0.00667,0.3,degraded
46.85,-30.84133,-31.44658,0.60525,20.52318,21.49235,-0.96918,2.9958,3.0,85.0,0.00469,0.3,degraded
46.86,-30.77013,-31.39567,0.62554,20.36688,21.32006,-0.95317,3.0279,2.9658,85.0,0.00654,0.3,degraded
46.87,-30.69584,-31.34154,0.6457,20.21064,21.14174,-0.9311,2.9933,3.0,85.0,0.00638,0.3,degraded
46.88,-30.6184,-31.29244,0.67404,20.05448,20.97926,-0.92478,3.0324,3.0,85.0,0.00826,0.3,degraded
46.89,-30.53778,-31.19866,0.66088,19.89842,20.84366,-0.94524,3.0002,2.9947,85.0,0.00731,0.3,degraded
46.9,-30.45392,-31.11254,0.65862,19.74247,20.70961,-0.96714,3.0133,3.0,85.0,0.0045,0.3,degraded
46.91,-30.36677,-31.02009,0.65332,19.58668,20.54502,-0.95834,3.0061,3.0,85.0,0.00419,0.3,degraded
46.92,-30.27631,-30.9359,0.65958,19.43105,20.39674,-0.96569,3.0112,2.9885,85.0,0.00815,0.3,degraded
46.93,-30.18248,-30.84896,0.66647,19.2756,20.25582,-0.98022,3.0012,3.0,85.0,0.00998,0.3,degraded
46.94,-30.08525,-30.77089,0.68564,19.12037,20.03645,-0.91609,2.9746,2.9896,85.0,0.00576,0.3,degraded
46.95,-29.98457,-30.68731,0.70274,18.96536,19.84572,-0.88036,3.0139,3.0,85.0,0.00542,0.3,degraded
46.96,-29.88041,-30.6135,0.73309,18.8106,19.67121,-0.86061,2.9519,2.9837,85.0,0.00673,0.3,degraded
46.97,-29.77273,-30.52816,0.75543,18.65612,19.525,-0.86889,2.9974,2.9803,85.0,0.01107,0.3,degraded
46.98,-29.66149,-30.43497,0.77349,18.50192,19.39556,-0.89364,2.1057,2.9915,85.0,0.00859,0.3,degraded
46.99,-29.54666,-30.2973,0.75064,18.34803,19.2915,-0.94347,3.0131,2.9946,85.0,0.00984,0.3,degraded
47.0,-29.4282,-30.18208,0.75387,18.19447,19.15422,-0.95975,2.9868,2.9992,85.0,0.00817,0.3,degraded
47.01,-29.30609,-30.07697,0.77088,18.04125,19.00551,-0.96426,2.9952,3.0,85.0,0.0125,0.3,degraded
47.02,-29.1803,-29.95515,0.77485,17.8884,18.87102,-0.98262,3.0138,2.9943,85.0,0.01254,0.3,degraded
47.03,-29.05079,-29.78061,0.72982,17.73593,18.72051,-0.98459,2.9882,2.9858,85.0,0.00784,0.3,degraded
47.04,-28.91753,-29.63221,0.71468,17.58385,18.55792,-0.97407,3.0338,2.991,85.0,0.00922,0.3,degraded
47.05,-28.78051,-29.49872,0.71821,17.43219,18.42588,-0.99368,2.9852,3.0,85.0,0.01614,0.3,degraded
47.06,-28.63969,-29.3913,0.75161,17.28096,18.25157,-0.9706,3.0111,3.0,85.0,0.01951,0.3,degraded
47.07,-28.49505,-29.23936,0.7443,17.13018,18.01722,-0.88704,3.025,3.0,85.0,0.01247,0.3,degraded
47.08,-28.34658,-29.05344,0.70686,16.97986,17.80059,-0.82073,3.0038,3.0,85.0,0.00979,0.3,degraded
47.09,-28.19424,-28.87946,0.68522,16.83002,17.61236,-0.78235,2.9847,3.0,85.0,0.00943,0.3,degraded
47.1,-28.03802,-28.72895,0.69092,16.68066,17.44166,-0.761,3.0015,2.987,85.0,0.00806,0.3,degraded
47.11,-27.87791,-28.58871,0.7108,16.53182,17.30131,-0.76949,3.0061,2.9946,85.0,0.0098,0.3,degraded
47.12,-27.71388,-28.46992,0.75604,16.38349,17.17713,-0.79364,2.9676,2.9887,85.0,0.00711,0.3,degraded
47.13,-27.54593,-28.36132,0.81539,16.23569,17.07575,-0.84006,2.9945,3.0,85.0,0.0129,0.3,degraded
47.14,-27.37403,-28.13273,0.75869,16.08844,16.96826,-0.87982,3.0008,2.9981,85.0,0.0145,0.3,degraded
47.15,-27.19818,-27.90006,0.70188,15.94175,16.86943,-0.92768,2.9969,2.9634,85.0,0.00902,0.3,degraded
47.16,-27.01837,-27.69518,0.67681,15.79562,16.75202,-0.9564,3.0129,2.9735,85.0,0.00559,0.3,degraded
47.17,-26.83458,-27.50536,0.67078,15.65007,16.63323,-0.98316,3.016,3.0,85.0,0.00634,0.3,degraded
47.18,-26.64681,-27.3395,0.69269,15.50512,16.50974,-1.00462,2.9984,2.9885,85.0,0.00637,0.3,degraded
47.19,-26.45506,-27.18423,0.72917,15.36077,16.38733,-1.02657,2.9933,3.0,85.0,0.01293,0.3,degraded
47.2,-26.25932,-27.05529,0.79597,15.21702,16.22749,-1.01046,2.9989,2.9841,85.0,0.01113,0.3,degraded
47.21,-26.05959,-26.93902,0.87942,15.0739,16.03499,-0.96108,2.9898,2.982,85.0,0.00624,0.3,degraded
47.22,-25.85587,-26.8123,0.95643,14.93141,15.85791,-0.9265,2.9834,2.9614,85.0,0.00817,0.3,degraded
47.23,-25.64815,-26.674,1.02585,14.78955,15.70867,-0.91911,2.9927,2.9631,85.0,0.00815,0.3,degraded
47.24,-25.43645,-26.51623,1.07978,14.64834,15.57686,-0.92852,3.014,3.0,85.0,0.02045,0.3,degraded
47.25,-25.22075,-26.34492,1.12417,14.50779,15.47261,-0.96482,0.8609,3.0,85.0,0.01235,0.3,degraded
47.26,-25.00108,-26.07294,1.07186,14.36789,15.35914,-0.99125,2.9919,3.0,85.0,0.01048,0.3,degraded
47.27,-24.77743,-25.81027,1.03283,14.22866,15.19783,-0.96916,2.9958,2.9894,85.0,0.00922,0.3,degraded
47.28,-24.54982,-25.57155,1.02174,14.09011,15.03633,-0.94622,2.989,3.0,85.0,0.00883,0.3,degraded
47.29,-24.31825,-25.34682,1.02858,13.95223,14.90525,-0.95302,3.0163,2.9688,85.0,0.00805,0.3,degraded
47.3,-24.08273,-25.14554,1.06281,13.81504,14.7901,-0.97506,3.0132,2.983,85.0,0.00657,0.3,degraded
47.31,-23.84329,-24.9538,1.11051,13.67854,14.67365,-0.99511,2.9911,2.9982,85.0,0.00737,0.3,degraded
47.32,-23.59992,-24.78127,1.18134,13.54273,14.5211,-0.97837,1.7015,2.9887,85.0,0.00479,0.3,degraded
47.33,-23.35265,-24.54931,1.19666,13.40762,14.39868,-0.99107,3.0079,2.9994,85.0,0.00699,0.3,degraded
47.34,-23.1015,-24.34165,1.24014,13.2732,14.242,-0.9688,2.9928,2.994,85.0,0.00303,0.3,degraded
47.35,-22.84649,-24.14287,1.29638,13.13949,14.10328,-0.96379,2.5272,3.0,85.0,0.00943,0.3,degraded
47.36,-22.58763,-23.93709,1.34946,13.00649,13.9771,-0.97062,2.1442,2.9921,85.0,0.01184,0.3,degraded
47.37,-22.32495,-23.6939,1.36895,12.87419,13.77795,-0.90375,2.9969,2.989,85.0,0.01036,0.3,degraded
47.38,-22.05847,-23.47415,1.41568,12.7426,13.56788,-0.82527,2.5154,2.9869,85.0,0.00509,0.3,degraded
47.39,-21.78822,-23.23746,1.44924,12.61172,13.38608,-0.77436,2.9699,2.9924,85.0,0.00703,0.3,degraded
47.4,-21.51422,-23.00005,1.48583,12.48155,13.22125,-0.7397,3.0141,2.9859,85.0,0.00691,0.3,degraded
47.41,-21.2365,-22.75594,1.51944,12.35209,13.08398,-0.73188,2.9963,3.0,85.0,0.01441,0.3,degraded
47.42,-20.95509,-22.43254,1.47745,12.22334,12.96162,-0.73828,3.0097,3.0,85.0,0.01131,0.3,degraded
47.43,-20.67003,-22.11069,1.44067,12.0953,12.86327,-0.76797,2.9908,2.988,85.0,0.00672,0.3,degraded
47.44,-20.38134,-21.81567,1.43434,11.96797,12.76196,-0.79399,2.9815,3.0,85.0,0.00493,0.3,degraded
47.45,-20.08905,-21.53654,1.44749,11.84134,12.66533,-0.82399,3.0,2.9824,85.0,0.00619,0.3,degraded
47.46,-19.79322,-21.28455,1.49134,11.71541,12.5626,-0.84718,3.0121,2.9963,85.0,0.00479,0.3,degraded
47.47,-19.49386,-21.01327,1.51941,11.59019,12.46627,-0.87608,2.9966,3.0,85.0,0.00306,0.3,degraded
47.48,-19.19102,-20.73301,1.54199,11.46566,12.36289,-0.89723,3.0043,2.9924,85.0,0.00536,0.3,degraded
47.49,-18.88474,-20.46607,1.58133,11.34183,12.2644,-0.92257,2.9986,3.0,85.0,0.00308,0.3,degraded
47.5,-18.57506,-20.20151,1.62645,11.21868,12.15768,-0.939,3.0086,2.9832,85.0,0.01989,0.3,degraded
47.51,-18.26202,-19.79558,1.53356,11.09623,12.03896,-0.94274,3.0056,2.9962,85.0,0.01545,0.3,degraded
47.52,-17.94567,-19.3957,1.45003,10.97445,11.90891,-0.93446,3.0039,3.0,85.0,0.00892,0.3,degraded
47.53,-17.62605,-19.00749,1.38144,10.85335,11.75668,-0.90333,3.0412,2.9955,85.0,0.00814,0.3,degraded
47.54,-17.3032,-18.64414,1.34094,10.73291,11.58568,-0.85276,3.0025,3.0,85.0,0.00908,0.3,degraded
47.55,-16.97718,-18.29316,1.31598,10.61314,11.4403,-0.82716,3.0213,2.9984,85.0,0.00947,0.3,degraded
47.56,-16.64803,-17.96869,1.32066,10.49403,11.30973,-0.8157,3.0069,3.0,85.0,0.00779,0.3,degraded
47.57,-16.3158,-17.65702,1.34121,10.37557,11.20482,-0.82926,2.9969,2.9956,85.0,0.00558,0.3,degraded
47.58,-15.98055,-17.37104,1.39048,10.25775,11.09801,-0.84026,2.9704,3.0,85.0,0.00478,0.3,degraded
47.59,-15.64233,-17.09413,1.4518,10.14056,10.9972,-0.85664,3.0143,3.0,85.0,0.00363,0.3,degraded
47.6,-15.30118,-16.84126,1.54008,10.024,10.89024,-0.86623,2.9895,2.9843,85.0,0.00298,0.3,degraded
47.61,-14.95718,-16.58417,1.62699,9.90806,10.79136,-0.88329,3.0191,2.9989,85.0,0.00331,0.3,degraded
47.62,-14.61036,-16.31709,1.70672,9.79273,10.68521,-0.89248,3.0055,3.0,85.0,0.00429,0.3,degraded
47.63,-14.2608,-16.0189,1.75811,9.67799,10.55422,-0.87622,2.9703,3.0,85.0,0.01895,0.3,degraded
47.64,-13.90854,-15.69394,1.7854,9.56385,10.42841,-0.86456,2.9967,3.0,85.0,0.01764,0.3,degraded
47.65,-13.55364,-15.26676,1.71311,9.45029,10.32708,-0.87679,3.0114,2.9985,85.0,0.00508,0.3,degraded
47.66,-13.19618,-14.86255,1.66637,9.33729,10.22,-0.88271,3.0035,3.0,85.0,0.00412,0.3,degraded
47.67,-12.8362,-14.47068,1.63448,9.22486,10.10667,-0.88181,3.008,3.0,85.0,0.00582,0.3,degraded
47.68,-12.47378,-14.10309,1.62931,9.11297,9.99151,-0.87854,2.9978,2.9843,85.0,0.00615,0.3,degraded
47.69,-12.10896,-13.74668,1.63771,9.00162,9.85579,-0.85417,2.9895,2.9932,85.0,0.0047,0.3,degraded
47.7,-11.74183,-13.41713,1.6753,8.89079,9.73205,-0.84126,3.0085,3.0,85.0,0.00808,0.3,degraded
47.71,-11.37245,-13.10353,1.73109,8.78047,9.63016,-0.84969,3.0014,2.9897,85.0,0.00643,0.3,degraded
47.72,-11.00087,-12.81503,1.81416,8.67066,9.50673,-0.83608,2.9857,3.0,85.0,0.0014,0.3,degraded
47.73,-10.62717,-12.50449,1.87732,8.56132,9.39572,-0.8344,3.0097,3.0,85.0,0.00831,0.3,degraded
47.74,-10.25142,-12.19968,1.94826,8.45247,9.28843,-0.83596,2.5562,3.0,85.0,0.01562,0.3,degraded
47.75,-9.87368,-11.86666,1.99298,8.34407,9.18383,-0.83976,0.551,2.9789,85.0,0.01171,0.3,degraded
47.76,-9.49402,-11.42026,1.92623,8.23612,9.07284,-0.83673,2.9899,3.0,85.0,0.01,0.3,degraded
47.77,-9.11253,-10.9877,1.87517,8.1286,8.94235,-0.81375,2.9769,2.9841,85.0,0.00679,0.3,degraded
47.78,-8.72925,-10.57788,1.84863,8.02149,8.80568,-0.78419,2.982,2.9988,85.0,0.00826,0.3,degraded
47.79,-8.34428,-10.1795,1.83523,7.9148,8.69948,-0.78468,2.9997,3.0,85.0,0.00673,0.3,degraded
47.8,-7.95767,-9.80768,1.85,7.80848,8.59293,-0.78445,3.0281,2.9989,85.0,0.00551,0.3,degraded
47.81,-7.56951,-9.44787,1.87835,7.70255,8.49339,-0.79084,3.0121,2.985,85.0,0.00378,0.3,degraded
47.82,-7.17987,-9.11303,1.93316,7.59696,8.38679,-0.78983,2.9865,2.997,85.0,0.0052,0.3,degraded
47.83,-6.78882,-8.78866,1.99984,7.49173,8.28717,-0.79545,2.9665,2.9877,85.0,0.01188,0.3,degraded
47.84,-6.39644,-8.41191,2.01548,7.38681,8.17841,-0.7916,3.0025,3.0,85.0,0.00714,0.3,degraded
47.85,-6.0028,-8.01689,2.0141,7.28221,8.06414,-0.78193,3.0038,2.9912,85.0,0.00841,0.3,degraded
47.86,-5.60797,-7.65041,2.04244,7.1779,7.95678,-0.77888,3.0194,3.0,85.0,0.0058,0.3,degraded
47.87,-5.21205,-7.29483,2.08279,7.07386,7.85768,-0.78382,2.9776,2.9856,85.0,0.01214,0.3,degraded
47.88,-4.81509,-6.91787,2.10277,6.97009,7.74876,-0.77867,3.0118,3.0,85.0,0.01277,0.3,degraded
47.89,-4.41719,-6.44803,2.03084,6.86656,7.64726,-0.7807,3.0035,3.0,85.0,0.0067,0.3,degraded
47.9,-4.01841,-6.00281,1.9844,6.76325,7.53546,-0.77221,2.9863,2.9979,85.0,0.00392,0.3,degraded
47.91,-3.61884,-5.57215,1.95331,6.66015,7.433,-0.77285,3.0053,3.0,85.0,0.00586,0.3,degraded
47.92,-3.21855,-5.1669,1.94835,6.55724,7.32705,-0.76981,2.9906,3.0,85.0,0.00637,0.3,degraded
47.93,-2.81763,-4.77418,1.95654,6.4545,7.22633,-0.77183,3.0011,2.9887,85.0,0.00413,0.3,degraded
47.94,-2.41615,-4.40862,1.99247,6.35192,7.11993,-0.768,3.0003,2.9806,85.0,0.00511,0.3,degraded
47.95,-2.01419,-4.05521,2.04102,6.24948,7.01738,-0.7679,3.0141,3.0,85.0,0.0057,0.3,degraded
47.96,-1.61183,-3.71965,2.10782,6.14715,6.90913,-0.76198,1.9084,2.9926,85.0,0.00358,0.3,degraded
47.97,-1.20915,-3.33497,2.12582,6.04492,6.80754,-0.76262,2.9779,2.9849,85.0,0.00539,0.3,degraded
47.98,-0.80624,-2.97403,2.1678,5.94278,6.6946,-0.75183,3.009,3.0,85.0,0.00737,0.3,degraded
47.99,-0.40316,-2.58009,2.17693,5.84069,6.59154,-0.75085,3.0077,3.0,85.0,0.0068,0.3,degraded
48.0,-0.0,-2.1666,2.1666,5.73865,6.48521,-0.74656,2.9811,2.997,85.0,0.00427,0.3,degraded
48.01,0.40316,-1.76427,2.16743,5.63663,6.38145,-0.74481,2.993,3.0,85.0,0.00564,0.3,degraded
48.02,0.80624,-1.38553,2.19176,5.53462,6.27342,-0.7388,3.0094,3.0,85.0,0.01124,0.3,degraded
48.03,1.20915,-1.00727,2.21642,5.4326,6.17386,-0.74126,0.8647,2.9888,85.0,0.01019,0.3,degraded
48.04,1.61183,-0.53312,2.14495,5.33054,6.06709,-0.73655,2.9965,2.9843,85.0,0.00586,0.3,degraded
48.05,2.01419,-0.07272,2.08691,5.22843,5.96571,-0.73728,2.9961,3.0,85.0,0.00644,0.3,degraded
48.06,2.41615,0.35878,2.05737,5.12625,5.8582,-0.73194,3.0103,3.0,85.0,0.0042,0.3,degraded
48.07,2.81763,0.77876,2.03887,5.02398,5.75648,-0.7325,2.9704,2.9859,85.0,0.00652,0.3,degraded
48.08,3.21855,1.17497,2.04359,4.9216,5.64912,-0.72752,3.0218,2.9868,85.0,0.00565,0.3,degraded
48.09,3.61884,1.55948,2.05936,4.81909,5.54602,-0.72693,3.0038,2.9787,85.0,0.00479,0.3,degraded
48.1,4.01841,1.91779,2.10062,4.71643,5.43752,-0.72109,3.0101,3.0,85.0,0.00716,0.3,degraded
48.11,4.41719,2.27337,2.14382,4.61361,5.33884,-0.72523,1.7498,3.0,85.0,0.00588,0.3,degraded
48.12,4.81509,2.67516,2.13994,4.51059,5.23196,-0.72137,3.0,3.0,85.0,0.00482,0.3,degraded
48.13,5.21205,3.06141,2.15063,4.40737,5.12947,-0.7221,2.9853,3.0,85.0,0.00595,0.3,degraded
48.14,5.60797,3.42401,2.18396,4.30392,5.02378,-0.71986,3.0284,2.9933,85.0,0.00371,0.3,degraded
48.15,6.0028,3.82145,2.18135,4.20022,4.92017,-0.71995,3.0072,3.0,85.0,0.00126,0.3,degraded
48.16,6.39644,4.19931,2.19713,4.09626,4.81296,-0.7167,3.0206,2.9956,85.0,0.00453,0.3,degraded
48.17,6.78882,4.57645,2.21237,3.99201,4.69103,-0.69902,2.9855,2.9922,85.0,0.00252,0.3,degraded
48.18,7.17987,4.94813,2.23174,3.88745,4.57847,-0.69102,2.9965,3.0,85.0,0.00735,0.3,degraded
48.19,7.56951,5.35682,2.21269,3.78258,4.47807,-0.69549,2.9997,2.9813,85.0,0.0049,0.3,degraded
48.2,7.95767,5.77951,2.17816,3.67735,4.37444,-0.69709,3.0245,3.0,85.0,0.00535,0.3,degraded
48.21,8.34428,6.18899,2.15529,3.57177,4.2774,-0.70563,2.9802,2.9791,85.0,0.00388,0.3,degraded
48.22,8.72925,6.57392,2.15533,3.4658,4.17328,-0.70747,2.9855,2.9783,85.0,0.00409,0.3,degraded
48.23,9.11253,6.94755,2.16498,3.35944,4.06937,-0.70993,2.9593,2.9797,85.0,0.00446,0.3,degraded
48.24,9.49402,7.32488,2.16915,3.25265,3.95963,-0.70698,2.9891,2.9869,85.0,0.00145,0.3,degraded
48.25,9.87368,7.70159,2.17209,3.14542,3.85585,-0.71043,2.9768,2.9828,85.0,0.00935,0.3,degraded
48.26,10.25142,8.12288,2.12854,3.03774,3.74883,-0.71109,2.9875,2.971,85.0,0.0075,0.3,degraded
48.27,10.62717,8.55874,2.06843,2.92958,3.64797,-0.71839,3.0013,2.9976,85.0,0.00414,0.3,degraded
48.28,11.00087,8.96854,2.03233,2.82093,3.54056,-0.71963,2.9807,2.9878,85.0,0.00662,0.3,degraded
48.29,11.37245,9.366,2.00645,2.71176,3.40605,-0.69429,2.9881,2.9986,85.0,0.00631,0.3,degraded
48.3,11.74183,9.74034,2.00149,2.60206,3.28602,-0.68397,2.9999,3.0,85.0,0.00598,0.3,degraded
48.31,12.10896,10.10326,2.00571,2.49181,3.18491,-0.6931,3.0114,2.9942,85.0,0.00179,0.3,degraded
48.32,12.47378,10.45444,2.01933,2.38099,3.07931,-0.69832,3.0002,2.9901,85.0,0.00264,0.3,degraded
48.33,12.8362,10.82715,2.00905,2.26959,2.9813,-0.7117,3.002,2.9886,85.0,0.0045,0.3,degraded
48.34,13.19618,11.17681,2.01937,2.15759,2.87525,-0.71766,2.9881,3.0,85.0,0.01022,0.3,degraded
48.35,13.55364,11.59168,1.96196,2.04497,2.75344,-0.70847,2.9968,2.9986,85.0,0.00953,0.3,degraded
48.36,13.90854,12.01568,1.89286,1.9317,2.63817,-0.70646,3.0126,2.9882,85.0,0.00648,0.3,degraded
48.37,14.2608,12.42863,1.83216,1.81779,2.53765,-0.71986,2.9988,2.9852,85.0,0.00385,0.3,degraded
48.38,14.61036,12.81807,1.79229,1.7032,2.4232,-0.71999,3.0004,2.9882,85.0,0.00891,0.3,degraded
48.39,14.95718,13.19826,1.75892,1.58793,2.30739,-0.71946,3.0135,2.9956,85.0,0.00578,0.3,degraded
48.4,15.30118,13.55319,1.74799,1.47195,2.17782,-0.70587,2.9935,3.0,85.0,0.00725,0.3,degraded
48.41,15.64233,13.89286,1.74947,1.35526,2.0738,-0.71854,2.9907,3.0,85.0,0.00667,0.3,degraded
48.42,15.98055,14.21004,1.77051,1.23782,1.96818,-0.73035,3.0017,3.0,85.0,0.01018,0.3,degraded
48.43,16.3158,14.51644,1.79937,1.11964,1.84268,-0.72304,3.0067,3.0,85.0,0.01207,0.3,degraded
48.44,16.64803,14.87871,1.76932,1.00069,1.69172,-0.69103,3.0092,2.9867,85.0,0.01433,0.3,degraded
48.45,16.97718,15.26444,1.71273,0.88096,1.57102,-0.69006,2.9887,2.9922,85.0,0.00805,0.3,degraded
48.46,17.3032,15.62935,1.67385,0.76043,1.46236,-0.70193,3.01,2.9696,85.0,0.00454,0.3,degraded
48.47,17.62605,15.98311,1.64293,0.63909,1.36131,-0.72222,3.0194,3.0,85.0,0.00544,0.3,degraded
48.48,17.94567,16.31284,1.63283,0.51693,1.25494,-0.73802,2.9742,3.0,85.0,0.00671,0.3,degraded
48.49,18.26202,16.6311,1.63092,0.39392,1.15022,-0.75629,3.0098,3.0,85.0,0.00963,0.3,degraded
48.5,18.57506,16.92507,1.64999,0.27007,1.02518,-0.75511,2.9783,2.9898,85.0,0.00593,0.3,degraded
48.51,18.88474,17.20893,1.67581,0.14535,0.88179,-0.73645,3.0071,2.9862,85.0,0.01711,0.3,degraded
48.52,19.19102,17.53519,1.65583,0.01975,0.75712,-0.73738,2.9902,3.0,85.0,0.01348,0.3,degraded
48.53,19.49386,17.91931,1.57455,-0.10675,0.65098,-0.75773,2.9989,2.9886,85.0,0.00447,0.3,degraded
48.54,19.79322,18.28198,1.51123,-0.23414,0.53457,-0.76872,3.0119,2.999,85.0,0.0092,0.3,degraded
48.55,20.08905,18.62955,1.45951,-0.36245,0.40792,-0.77037,2.9983,3.0,85.0,0.00535,0.3,degraded
48.56,20.38134,18.94975,1.43159,-0.49169,0.28041,-0.77211,2.9945,3.0,85.0,0.00766,0.3,degraded
48.57,20.67003,19.2565,1.41353,-0.62187,0.13638,-0.75825,2.984,3.0,85.0,0.00829,0.3,degraded
48.58,20.95509,19.54044,1.41465,-0.753,-0.02096,-0.73204,2.9992,2.9974,85.0,0.00874,0.3,degraded
48.59,21.2365,19.81304,1.42346,-0.88509,-0.14728,-0.73781,2.989,2.969,85.0,0.00814,0.3,degraded
48.6,21.51422,20.05999,1.45423,-1.01814,-0.25858,-0.75957,3.0263,3.0,85.0,0.0065,0.3,degraded
48.61,21.78822,20.29378,1.49444,-1.15218,-0.36458,-0.78761,2.9988,2.9994,85.0,0.02294,0.3,degraded
48.62,22.05847,20.61062,1.44785,-1.28721,-0.54381,-0.7434,2.9927,2.9909,85.0,0.02133,0.3,degraded
48.63,22.32495,20.96216,1.36279,-1.42324,-0.74526,-0.67797,2.9986,2.9982,85.0,0.00922,0.3,degraded
48.64,22.58763,21.28769,1.29994,-1.56027,-0.93377,-0.6265,2.9599,2.9992,85.0,0.00841,0.3,degraded
48.65,22.84649,21.60291,1.24358,-1.69832,-1.09547,-0.60285,2.9908,3.0,85.0,0.00861,0.3,degraded
48.66,23.1015,21.89316,1.20834,-1.8374,-1.24125,-0.59615,3.0054,2.9908,85.0,0.01059,0.3,degraded
48.67,23.35265,22.16841,1.18425,-1.9775,-1.35837,-0.61913,2.9644,2.9778,85.0,0.00782,0.3,degraded
48.68,23.59992,22.41863,1.18129,-2.11865,-1.46206,-0.65659,3.0145,2.9854,85.0,0.00432,0.3,degraded
48.69,23.84329,22.6585,1.18479,-2.26083,-1.55636,-0.70447,3.016,3.0,85.0,0.00574,0.3,degraded
48.7,24.08273,22.87446,1.20827,-2.40407,-1.65795,-0.74612,2.9996,3.0,85.0,0.00468,0.3,degraded
48.71,24.31825,23.07798,1.24027,-2.54837,-1.75602,-0.79235,3.0055,2.9901,85.0,0.00326,0.3,degraded
48.72,24.54982,23.25838,1.29144,-2.69373,-1.86011,-0.83362,2.9862,3.0,85.0,0.00418,0.3,degraded
48.73,24.77743,23.45283,1.3246,-2.84015,-1.97442,-0.86573,3.0043,2.9995,85.0,0.01437,0.3,degraded
48.74,25.00108,23.64646,1.35462,-2.98765,-2.09979,-0.88786,1.3406,3.0,85.0,0.00989,0.3,degraded
48.75,25.22075,23.92367,1.29708,-3.13622,-2.2229,-0.91332,2.9866,2.9739,85.0,0.00565,0.3,degraded
48.76,25.43645,24.17531,1.26114,-3.28587,-2.36218,-0.92369,3.0008,2.9857,85.0,0.01332,0.3,degraded
48.77,25.64815,24.41725,1.2309,-3.43661,-2.52627,-0.91034,2.9935,3.0,85.0,0.01185,0.3,degraded
48.78,25.85587,24.63562,1.22025,-3.58843,-2.74998,-0.83845,3.004,3.0,85.0,0.00855,0.3,degraded
48.79,26.05959,24.84473,1.21486,-3.74134,-2.9474,-0.79394,3.0111,2.9978,85.0,0.00851,0.3,degraded
48.8,26.25932,25.02959,1.22973,-3.89533,-3.132,-0.76333,2.9963,2.9851,85.0,0.01251,0.3,degraded
48.81,26.45506,25.21466,1.2404,-4.05042,-3.28839,-0.76203,1.0868,3.0,85.0,0.01341,0.3,degraded
48.82,26.64681,25.4826,1.16422,-4.2066,-3.43099,-0.77561,2.9986,2.9994,85.0,0.0099,0.3,degraded
48.83,26.83458,25.73664,1.09794,-4.36387,-3.54687,-0.817,2.9719,2.993,85.0,0.00647,0.3,degraded
48.84,27.01837,25.96659,1.05177,-4.52223,-3.65254,-0.86969,2.9932,3.0,85.0,0.00838,0.3,degraded
48.85,27.19818,26.18595,1.01223,-4.68169,-3.76151,-0.92017,3.0076,3.0,85.0,0.00764,0.3,degraded
48.86,27.37403,26.37914,0.99489,-4.84223,-3.90089,-0.94134,2.9835,2.999,85.0,0.00491,0.3,degraded
48.87,27.54593,26.55893,0.98699,-5.00386,-4.0259,-0.97796,3.0132,3.0,85.0,0.00591,0.3,degraded
48.88,27.71388,26.71263,1.00126,-5.16658,-4.15613,-1.01045,3.0129,2.9883,85.0,0.01188,0.3,degraded
48.89,27.87791,26.85209,1.02582,-5.33038,-4.35851,-0.97188,3.0144,3.0,85.0,0.0142,0.3,degraded
48.9,28.03802,27.0527,0.98532,-5.49527,-4.54496,-0.9503,3.0179,3.0,85.0,0.01514,0.3,degraded
48.91,28.19424,27.27794,0.9163,-5.66123,-4.70196,-0.95927,2.9914,2.9919,85.0,0.00997,0.3,degraded
48.92,28.34658,27.48223,0.86435,-5.82827,-4.84386,-0.9844,2.9785,2.9877,85.0,0.00838,0.3,degraded
48.93,28.49505,27.67411,0.82094,-5.99637,-4.99508,-1.00129,3.0164,3.0,85.0,0.00907,0.3,degraded
48.94,28.63969,27.84264,0.79705,-6.16554,-5.18612,-0.97943,3.011,2.9897,85.0,0.0099,0.3,degraded
48.95,28.78051,27.99949,0.78102,-6.33577,-5.3463,-0.98947,2.989,3.0,85.0,0.00884,0.3,degraded
48.96,28.91753,28.13078,0.78675,-6.50705,-5.49011,-1.01695,3.0148,3.0,85.0,0.00735,0.3,degraded
48.97,29.05079,28.25171,0.79908,-6.67938,-5.64037,-1.03901,3.0044,2.9677,85.0,0.00887,0.3,degraded
48.98,29.1803,28.35041,0.82988,-6.85275,-5.82232,-1.03043,3.019,3.0,85.0,0.00531,0.3,degraded
48.99,29.30609,28.44584,0.86025,-7.02715,-5.97489,-1.05226,2.69,2.9778,85.0,0.00626,0.3,degraded
49.0,29.4282,28.55419,0.87402,-7.20258,-6.11559,-1.08699,3.0064,2.992,85.0,0.00847,0.3,degraded
49.01,29.54666,28.68086,0.8658,-7.37903,-6.27848,-1.10054,2.9972,2.9782,85.0,0.00618,0.3,degraded
49.02,29.66149,28.78774,0.87374,-7.55648,-6.47315,-1.08332,2.0648,3.0,85.0,0.00714,0.3,degraded
49.03,29.77273,28.93734,0.83538,-7.73493,-6.63865,-1.09628,2.9844,2.9971,85.0,0.00933,0.3,degraded
49.04,29.88041,29.06642,0.81399,-7.91437,-6.78963,-1.12474,3.0001,3.0,85.0,0.01106,0.3,degraded
49.05,29.98457,29.1864,0.79818,-8.09478,-6.99994,-1.09484,2.9809,3.0,85.0,0.00962,0.3,degraded
49.06,30.08525,29.28375,0.8015,-8.27617,-7.2169,-1.05927,3.0221,3.0,85.0,0.00667,0.3,degraded
49.07,30.18248,29.38866,0.79383,-8.45851,-7.40562,-1.05289,3.0094,2.9665,85.0,0.00602,0.3,degraded
49.08,30.27631,29.48417,0.79215,-8.6418,-7.57516,-1.06664,2.857,2.9859,85.0,0.00611,0.3,degraded
49.09,30.36677,29.58679,0.77998,-8.82601,-7.71213,-1.11388,2.9951,3.0,85.0,0.00878,0.3,degraded
49.1,30.45392,29.68102,0.7729,-9.01115,-7.8892,-1.12195,2.2011,2.9988,85.0,0.00595,0.3,degraded
49.11,30.53778,29.81478,0.723,-9.1972,-8.05143,-1.14576,3.003,3.0,85.0,0.00698,0.3,degraded
49.12,30.6184,29.9241,0.6943,-9.38413,-8.21471,-1.16942,2.9977,3.0,85.0,0.00854,0.3,degraded
49.13,30.69584,30.02358,0.67226,-9.57195,-8.41688,-1.15506,3.0262,2.9975,85.0,0.0072,0.3,degraded
49.14,30.77013,30.11109,0.65904,-9.76063,-8.60186,-1.15877,3.0006,2.9799,85.0,0.00513,0.3,degraded
49.15,30.84133,30.20378,0.63754,-9.95016,-8.7551,-1.19506,2.9837,2.9881,85.0,0.00771,0.3,degraded
49.16,30.90948,30.29175,0.61773,-10.14052,-8.97536,-1.16516,2.9947,3.0,85.0,0.00786,0.3,degraded
49.17,30.97463,30.38549,0.58914,-10.3317,-9.18762,-1.14408,2.9953,2.9925,85.0,0.00506,0.3,degraded
49.18,31.03683,30.47297,0.56387,-10.52368,-9.38329,-1.14039,2.9919,3.0,85.0,0.00572,0.3,degraded
49.19,31.09615,30.56681,0.52934,-10.71644,-9.55059,-1.16585,3.002,2.9986,85.0,0.00535,0.3,degraded
49.2,31.15262,30.65467,0.49795,-10.90997,-9.70564,-1.20434,3.0272,3.0,85.0,0.00505,0.3,degraded
49.21,31.2063,30.74787,0.45843,-11.10425,-9.86711,-1.23714,2.9966,2.998,85.0,0.00611,0.3,degraded
49.22,31.25725,30.83592,0.42133,-11.29926,-10.07225,-1.22701,2.9924,3.0,85.0,0.00566,0.3,degraded
49.23,31.30552,30.92851,0.37701,-11.49498,-10.251,-1.24399,2.9989,3.0,85.0,0.00112,0.3,degraded
49.24,31.35118,31.01495,0.33622,-11.6914,-10.42449,-1.26691,3.0285,2.9821,85.0,0.00171,0.3,degraded
49.25,31.39426,31.10911,0.28515,-11.88848,-10.60887,-1.27961,3.0026,2.9641,85.0,0.00248,0.3,degraded
49.26,31.43485,31.19615,0.23869,-12.08622,-10.78736,-1.29886,3.0,3.0,85.0,0.00111,0.3,degraded
49.27,31.47298,31.28863,0.18435,-12.28459,-10.97689,-1.3077,3.004,2.9883,85.0,0.00437,0.3,degraded
49.28,31.50873,31.37475,0.13398,-12.48358,-11.16646,-1.31712,3.0176,2.9937,85.0,0.00684,0.3,degraded
49.29,31.54215,31.4658,0.07635,-12.68315,-11.39775,-1.2854,2.997,2.9951,85.0,0.0044,0.3,degraded
49.3,31.57331,31.55125,0.02206,-12.88329,-11.61288,-1.27041,3.0177,3.0,85.0,0.00527,0.3,degraded
49.31,31.60226,31.64287,-0.04061,-13.08398,-11.79783,-1.28615,2.9844,3.0,85.0,0.00577,0.3,degraded
49.32,31.62908,31.72571,-0.09663,-13.28519,-11.98199,-1.3032,3.0294,2.9801,85.0,0.00938,0.3,degraded
49.33,31.65381,31.77386,-0.12005,-13.4869,-12.20024,-1.28666,3.0061,3.0,85.0,0.00914,0.3,degraded
49.34,31.67653,31.8056,-0.12907,-13.68909,-12.40336,-1.28574,3.0149,2.9866,85.0,0.00584,0.3,degraded
49.35,31.6973,31.84276,-0.14547,-13.89173,-12.58089,-1.31084,2.9889,2.9903,85.0,0.00616,0.3,degraded
49.36,31.71618,31.87488,-0.1587,-14.09481,-12.79957,-1.29524,3.0,2.9911,85.0,0.00539,0.3,degraded
49.37,31.73324,31.91409,-0.18085,-14.29828,-13.02531,-1.27297,3.033,2.9946,85.0,0.00666,0.3,degraded
49.38,31.74855,31.94871,-0.20016,-14.50214,-13.2353,-1.26684,3.009,3.0,85.0,0.00623,0.3,degraded
49.39,31.76217,31.98992,-0.22775,-14.70635,-13.4137,-1.29265,2.9906,3.0,85.0,0.00583,0.3,degraded
49.4,31.77417,31.97911,-0.20494,-14.91089,-13.59715,-1.31374,3.0082,2.9935,85.0,0.00834,0.3,degraded
49.41,31.78461,31.96456,-0.17995,-15.11573,-13.78144,-1.33429,2.9936,3.0,85.0,0.01246,0.3,degraded
49.42,31.79357,31.94346,-0.1499,-15.32085,-14.01438,-1.30648,3.0137,2.9994,85.0,0.01217,0.3,degraded
49.43,31.8011,31.92583,-0.12473,-15.52623,-14.31478,-1.21145,2.9976,2.9921,85.0,0.00588,0.3,degraded
49.44,31.80729,31.89973,-0.09244,-15.73182,-14.60108,-1.13074,2.9998,3.0,85.0,0.00585,0.3,degraded
49.45,31.81218,31.87922,-0.06704,-15.93761,-14.86138,-1.07623,2.9799,3.0,85.0,0.00395,0.3,degraded
49.46,31.81587,31.85279,-0.03693,-16.14357,-15.10952,-1.03405,3.0064,3.0,85.0,0.00537,0.3,degraded
49.47,31.8184,31.83233,-0.01393,-16.34967,-15.33179,-1.01788,3.0025,2.994,85.0,0.00581,0.3,degraded
49.48,31.81986,31.8057,0.01415,-16.55588,-15.54002,-1.01586,3.0083,3.0,85.0,0.00521,0.3,degraded
49.49,31.8203,31.78625,0.03405,-16.76217,-15.71812,-1.04405,2.9952,3.0,85.0,0.00661,0.3,degraded
49.5,31.81981,31.75981,0.06,-16.96852,-15.87783,-1.0907,3.0051,2.994,85.0,0.00646,0.3,degraded
49.51,31.81844,31.73823,0.08021,-17.1749,-16.00721,-1.16768,2.9708,3.0,85.0,0.00916,0.3,degraded
49.52,31.81627,31.70949,0.10678,-17.38127,-16.23018,-1.15109,2.9951,2.9749,85.0,0.01055,0.3,degraded
49.53,31.81336,31.68537,0.12799,-17.58761,-16.45303,-1.13458,2.9998,3.0,85.0,0.00641,0.3,degraded
49.54,31.80979,31.65463,0.15516,-17.79388,-16.66038,-1.1335,2.9966,2.9835,85.0,0.00425,0.3,degraded
49.55,31.80562,31.63089,0.17473,-18.00006,-16.83959,-1.16047,2.9891,3.0,85.0,0.00599,0.3,degraded
49.56,31.80092,31.60295,0.19797,-18.20612,-17.00108,-1.20504,2.9839,3.0,85.0,0.00363,0.3,degraded
49.57,31.79577,31.58297,0.2128,-18.41202,-17.14247,-1.26955,2.9858,3.0,85.0,0.00137,0.3,degraded
49.58,31.79022,31.5579,0.23232,-18.61774,-17.29565,-1.32209,2.9807,2.9852,85.0,0.01205,0.3,degraded
49.59,31.78435,31.53804,0.24631,-18.82324,-17.58306,-1.24018,2.9681,2.9863,85.0,0.01489,0.3,degraded
49.6,31.77822,31.51284,0.26538,-19.02849,-17.85504,-1.17346,2.9938,2.9992,85.0,0.00862,0.3,degraded
49.61,31.77191,31.52095,0.25096,-19.23347,-18.10107,-1.13239,3.0001,3.0,85.0,0.00896,0.3,degraded
49.62,31.76548,31.53531,0.23017,-19.43813,-18.33162,-1.10651,2.9939,2.9956,85.0,0.00699,0.3,degraded
49.63,31.75899,31.55754,0.20145,-19.64245,-18.53317,-1.10927,2.9874,2.9735,85.0,0.0049,0.3,degraded
49.64,31.75252,31.57401,0.17851,-19.84639,-18.72168,-1.12471,3.0133,2.998,85.0,0.0055,0.3,degraded
49.65,31.74613,31.59703,0.1491,-20.04993,-18.87915,-1.17078,2.9637,3.0,85.0,0.0072,0.3,degraded
49.66,31.73989,31.61142,0.12846,-20.25303,-19.01766,-1.23537,3.0185,3.0,85.0,0.00601,0.3,degraded
49.67,31.73386,31.63291,0.10095,-20.45565,-19.20819,-1.24746,2.9849,3.0,85.0,0.00767,0.3,degraded
49.68,31.7281,31.6489,0.0792,-20.65778,-19.40775,-1.25002,3.0048,3.0,85.0,0.00609,0.3,degraded
49.69,31.72268,31.66996,0.05272,-20.85936,-19.57764,-1.28172,3.0026,3.0,85.0,0.00622,0.3,degraded
49.7,31.71768,31.68436,0.03331,-21.06037,-19.72891,-1.33146,3.0119,2.9874,85.0,0.00074,0.3,degraded
49.71,31.71313,31.70546,0.00767,-21.26078,-19.89259,-1.36819,2.9959,2.9962,85.0,0.01513,0.3,degraded
49.72,31.70912,31.7175,-0.00838,-21.46055,-20.07067,-1.38988,3.0051,3.0,85.0,0.01014,0.3,degraded
49.73,31.70571,31.73432,-0.02861,-21.65965,-20.32037,-1.33928,2.991,3.0,85.0,0.00476,0.3,degraded
49.74,31.70295,31.74276,-0.03982,-21.85805,-20.55534,-1.30271,3.0031,3.0,85.0,0.00654,0.3,degraded
49.75,31.7009,31.75596,-0.05506,-22.05571,-20.76395,-1.29176,3.0101,2.992,85.0,0.00604,0.3,degraded
49.76,31.69963,31.76207,-0.06244,-22.2526,-20.95508,-1.29751,2.9851,2.9925,85.0,0.00512,0.3,degraded
49.77,31.6992,31.77145,-0.07225,-22.44868,-21.11798,-1.3307,3.0138,3.0,85.0,0.0061,0.3,degraded
49.78,31.69965,31.77441,-0.07476,-22.64393,-21.29908,-1.34484,2.9807,3.0,85.0,0.00545,0.3,degraded
49.79,31.70106,31.78307,-0.082,-22.8383,-21.50489,-1.33342,3.0043,3.0,85.0,0.00531,0.3,degraded
49.8,31.70348,31.78501,-0.08153,-23.03177,-21.69536,-1.33641,2.9877,2.9956,85.0,0.00627,0.3,degraded
49.81,31.70697,31.79383,-0.08686,-23.22431,-21.85492,-1.36938,3.0066,3.0,85.0,0.00186,0.3,degraded
49.82,31.71157,31.79905,-0.08748,-23.41587,-22.0357,-1.38017,2.9768,2.9904,85.0,0.00387,0.3,degraded
49.83,31.71735,31.80846,-0.09111,-23.60642,-22.20403,-1.40239,2.9967,3.0,85.0,0.00175,0.3,degraded
49.84,31.72435,31.81062,-0.08627,-23.79593,-22.38873,-1.4072,3.0097,2.9763,85.0,0.00586,0.3,degraded
49.85,31.73263,31.81786,-0.08522,-23.98437,-22.57947,-1.4049,2.9862,2.9986,85.0,0.00391,0.3,degraded
49.86,31.74225,31.82097,-0.07872,-24.1717,-22.80294,-1.36876,3.005,3.0,85.0,0.00619,0.3,degraded
49.87,31.75325,31.82853,-0.07528,-24.35789,-22.99712,-1.36077,3.0147,3.0,85.0,0.00639,0.3,degraded
49.88,31.76567,31.82485,-0.05918,-24.5429,-23.17452,-1.36839,3.0032,3.0,85.0,0.00732,0.3,degraded
49.89,31.77958,31.82686,-0.04727,-24.72671,-23.36954,-1.35717,3.0065,3.0,85.0,0.00804,0.3,degraded
49.9,31.79502,31.82381,-0.02879,-24.90927,-23.61204,-1.29723,2.9897,2.9952,85.0,0.00634,0.3,degraded
49.91,31.81202,31.82753,-0.01551,-25.09056,-23.8269,-1.26366,2.9894,3.0,85.0,0.0054,0.3,degraded
49.92,31.83065,31.82714,0.00351,-25.27054,-24.02271,-1.24784,2.9986,2.9967,85.0,0.00572,0.3,degraded
49.93,31.85094,31.83361,0.01733,-25.44918,-24.19059,-1.25859,3.0066,2.9945,85.0,0.00192,0.3,degraded
49.94,31.87293,31.83319,0.03975,-25.62644,-24.35062,-1.27582,2.9816,2.9991,85.0,0.00128,0.3,degraded
49.95,31.89667,31.83936,0.05731,-25.8023,-24.51391,-1.28839,3.0107,2.9995,85.0,0.0032,0.3,degraded
49.96,31.9222,31.83824,0.08396,-25.97671,-24.69024,-1.28647,3.0029,3.0,85.0,0.004,0.3,degraded
49.97,31.94955,31.84372,0.10583,-26.14965,-24.87601,-1.27364,2.9797,2.9856,85.0,0.0056,0.3,degraded
49.98,31.97877,31.84525,0.13352,-26.32108,-25.04401,-1.27708,2.9661,2.9834,85.0,0.00386,0.3,degraded
49.99,32.00989,31.85644,0.15344,-26.49098,-25.20332,-1.28766,2.9816,2.9693,85.0,0.01245,0.3,degraded
50.0,32.04294,31.86069,0.18225,-26.6593,-25.42259,-1.23671,2.9882,2.9853,85.0,0.00902,0.3,degraded
50.01,32.07796,31.86779,0.21017,-26.82602,-25.66166,-1.16435,3.0053,2.9979,85.0,0.00549,0.3,degraded
50.02,32.11499,31.8681,0.2469,-26.9911,-25.88106,-1.11004,3.0122,3.0,85.0,0.00683,0.3,degraded
50.03,32.15406,31.8775,0.27656,-27.15452,-26.07133,-1.08319,2.9805,3.0,85.0,0.00569,0.3,degraded
50.04,32.19518,31.88303,0.31215,-27.31623,-26.24753,-1.0687,2.9886,2.9852,85.0,0.00448,0.3,degraded
50.05,32.23841,31.89579,0.34261,-27.47622,-26.39616,-1.08005,3.0266,2.9848,85.0,0.00675,0.3,degraded
50.06,32.28375,31.89995,0.3838,-27.63444,-26.52645,-1.10799,2.9967,3.0,85.0,0.00234,0.3,degraded
50.07,32.33124,31.90951,0.42173,-27.79087,-26.67102,-1.11986,2.9196,2.997,85.0,0.01248,0.3,degraded
50.08,32.38091,31.93298,0.44792,-27.94548,-26.82532,-1.12016,3.001,3.0,85.0,0.00956,0.3,degraded
50.09,32.43276,31.99748,0.43528,-28.09824,-26.9936,-1.10463,2.9903,3.0,85.0,0.00685,0.3,degraded
50.1,32.48684,32.05668,0.43017,-28.2491,-27.14485,-1.10426,2.9785,3.0,85.0,0.0076,0.3,degraded
50.11,32.54316,32.12271,0.42045,-28.39806,-27.29122,-1.10684,3.0053,3.0,85.0,0.00946,0.3,degraded
50.12,32.60173,32.18186,0.41987,-28.54507,-27.51733,-1.02774,3.0214,3.0,85.0,0.00633,0.3,degraded
50.13,32.66258,32.24312,0.41945,-28.69011,-27.71337,-0.97674,3.0025,2.996,85.0,0.00464,0.3,degraded
50.14,32.72571,32.29978,0.42593,-28.83314,-27.89204,-0.94111,2.9755,2.9727,85.0,0.00525,0.3,degraded
50.15,32.79116,32.36381,0.42735,-28.97415,-28.04508,-0.92907,2.9855,3.0,85.0,0.0066,0.3,degraded
50.16,32.85892,32.41932,0.4396,-29.11309,-28.18022,-0.93287,2.9946,2.9941,85.0,0.00408,0.3,degraded
50.17,32.92901,32.48025,0.44876,-29.24994,-28.28566,-0.96428,2.9635,2.9976,85.0,0.0036,0.3,degraded
50.18,33.00145,32.53476,0.46669,-29.38468,-28.39042,-0.99426,2.9988,3.0,85.0,0.00675,0.3,degraded
50.19,33.07623,32.59693,0.4793,-29.51727,-28.52309,-0.99419,2.9927,3.0,85.0,0.00295,0.3,degraded
50.2,33.15337,32.65365,0.49973,-29.6477,-28.6646,-0.9831,2.9987,2.9978,85.0,0.00583,0.3,degraded
50.21,33.23287,32.71829,0.51458,-29.77592,-28.77613,-0.99979,2.9803,3.0,85.0,0.0047,0.3,degraded
50.22,33.31474,32.77602,0.53873,-29.90192,-28.89475,-1.00717,2.9996,2.981,85.0,0.00414,0.3,degraded
50.23,33.39898,32.84122,0.55777,-30.02567,-29.04147,-0.98419,2.9985,2.9999,85.0,0.00238,0.3,degraded
50.24,33.4856,32.89859,0.58701,-30.14714,-29.17242,-0.97472,3.0148,3.0,85.0,0.00579,0.3,degraded
50.25,33.57458,32.98546,0.58912,-30.2663,-29.28559,-0.98071,3.0016,3.0,85.0,0.01151,0.3,degraded
50.26,33.66593,33.06765,0.59829,-30.38314,-29.41814,-0.965,3.0071,2.9729,85.0,0.00563,0.3,degraded
50.27,33.75965,33.15581,0.60383,-30.49763,-29.60116,-0.89647,2.9731,3.0,85.0,0.00666,0.3,degraded
50.28,33.85573,33.23909,0.61664,-30.60974,-29.76546,-0.84428,3.0001,3.0,85.0,0.00494,0.3,degraded
50.29,33.95416,33.32841,0.62575,-30.71945,-29.9015,-0.81795,2.9833,2.9833,85.0,0.00538,0.3,degraded
50.3,34.05494,33.41301,0.64193,-30.82673,-30.02346,-0.80328,2.9644,3.0,85.0,0.00475,0.3,degraded
50.31,34.15806,33.50417,0.6539,-30.93157,-30.12337,-0.8082,2.9854,2.9973,85.0,0.00196,0.3,degraded
50.32,34.26351,33.58641,0.6771,-31.03394,-30.22761,-0.80633,2.9745,2.9913,85.0,0.00366,0.3,degraded
50.33,34.37127,33.6925,0.67877,-31.13381,-30.32346,-0.81035,2.9888,2.9888,85.0,0.00439,0.3,degraded
50.34,34.48134,33.79778,0.68355,-31.23117,-30.42338,-0.80779,2.9982,3.0,85.0,0.00338,0.3,degraded
50.35,34.59369,33.8984,0.69529,-31.326,-30.51642,-0.80958,2.9808,2.9994,85.0,0.00088,0.3,degraded
50.36,34.70831,33.99725,0.71105,-31.41827,-30.61459,-0.80368,2.9733,2.9893,85.0,0.00587,0.3,degraded
50.37,34.82518,34.13677,0.68841,-31.50796,-30.70636,-0.8016,2.9993,2.9937,85.0,0.00242,0.3,degraded
50.38,34.94428,34.25914,0.68513,-31.59505,-30.80511,-0.78994,3.0093,2.9784,85.0,0.00437,0.3,degraded
50.39,35.06559,34.36669,0.6989,-31.67953,-30.89697,-0.78256,2.9878,3.0,85.0,0.00206,0.3,degraded
50.4,35.18909,34.47976,0.70933,-31.76137,-30.99563,-0.76573,2.9901,3.0,85.0,0.00994,0.3,degraded
50.41,35.31476,34.6105,0.70426,-31.84055,-31.08682,-0.75373,2.9991,3.0,85.0,0.00605,0.3,degraded
50.42,35.44256,34.78157,0.66099,-31.91707,-31.18332,-0.73374,2.9979,2.9987,85.0,0.00468,0.3,degraded
50.43,35.57247,34.94438,0.62809,-31.99089,-31.27437,-0.71652,2.9958,2.988,85.0,0.00495,0.3,degraded
50.44,35.70447,35.08243,0.62204,-32.06201,-31.37183,-0.69018,3.0069,3.0,85.0,0.00411,0.3,degraded
50.45,35.83852,35.20733,0.63119,-32.1304,-31.46359,-0.66681,2.9921,3.0,85.0,0.00499,0.3,degraded
50.46,35.9746,35.30863,0.66597,-32.19605,-31.5626,-0.63345,2.9941,3.0,85.0,0.00294,0.3,degraded
50.47,36.11266,35.42433,0.68833,-32.25895,-31.65681,-0.60214,3.001,3.0,85.0,0.0014,0.3,degraded
50.48,36.25269,35.54002,0.71266,-32.31907,-31.75634,-0.56273,3.0033,3.0,85.0,0.00946,0.3,degraded
50.49,36.39463,35.67709,0.71754,-32.37641,-31.84587,-0.53055,2.9914,3.0,85.0,0.01004,0.3,degraded
50.5,36.53846,35.8653,0.67316,-32.43095,-31.94038,-0.49057,3.0059,2.9748,85.0,0.00388,0.3,degraded
50.51,36.68413,36.04272,0.64141,-32.48268,-32.02655,-0.45613,2.9996,3.0,85.0,0.005,0.3,degraded
50.52,36.83162,36.19149,0.64013,-32.53159,-32.11996,-0.41163,2.985,2.9754,85.0,0.00667,0.3,degraded
50.53,36.98087,36.32731,0.65356,-32.57765,-32.2038,-0.37385,3.0038,3.0,85.0,0.00336,0.3,degraded
50.54,37.13185,36.44087,0.69098,-32.62086,-32.29392,-0.32694,2.9774,3.0,85.0,0.01068,0.3,degraded
50.55,37.28451,36.55557,0.72894,-32.66122,-32.37825,-0.28297,1.0081,3.0,85.0,0.0109,0.3,degraded
50.56,37.43881,36.75744,0.68137,-32.6987,-32.46806,-0.23064,2.9753,2.9921,85.0,0.00512,0.3,degraded
50.57,37.59471,36.94763,0.64708,-32.7333,-32.5495,-0.18379,3.0137,2.9995,85.0,0.00562,0.3,degraded
50.58,37.75215,37.11096,0.64119,-32.765,-32.63605,-0.12895,2.9984,2.9953,85.0,0.00612,0.3,degraded
50.59,37.91109,37.25802,0.65307,-32.79381,-32.71583,-0.07798,3.0034,2.9817,85.0,0.00452,0.3,degraded
50.6,38.07148,37.3799,0.69159,-32.8197,-32.79917,-0.02053,2.9793,3.0,85.0,0.00387,0.3,degraded
50.61,38.23328,37.49296,0.74031,-32.84268,-32.87565,0.03297,3.0116,3.0,85.0,0.01045,0.3,degraded
50.62,38.39642,37.64137,0.75505,-32.86273,-32.95842,0.09569,2.9807,3.0,85.0,0.00952,0.3,degraded
50.63,38.56086,37.83693,0.72393,-32.87985,-33.03175,0.15191,2.9855,2.9973,85.0,0.0043,0.3,degraded
50.64,38.72655,38.01049,0.71606,-32.89403,-33.10807,0.21404,3.0087,2.9992,85.0,0.00588,0.3,degraded
50.65,38.89343,38.17359,0.71983,-32.90526,-33.17515,0.26989,2.9858,3.0,85.0,0.00564,0.3,degraded
50.66,39.06144,38.31291,0.74853,-32.91355,-33.24529,0.33174,3.0024,2.998,85.0,0.00681,0.3,degraded
50.67,39.23053,38.44087,0.78966,-32.91888,-33.29594,0.37706,2.9833,2.952,85.0,0.0187,0.3,degraded
50.68,39.40064,38.56421,0.83643,-32.92126,-33.34251,0.42125,0.2593,2.8716,85.0,0.01749,0.3,degraded
50.69,39.57171,38.83189,0.73983,-32.92067,-33.3727,0.45203,3.007,2.659,85.0,0.00619,0.3,degraded
50.7,39.74369,39.0708,0.6729,-32.91712,-33.38967,0.47255,3.0293,3.0,85.0,0.00643,0.3,degraded
50.71,39.91652,39.29809,0.61842,-32.9106,-33.40114,0.49053,2.9799,3.0,85.0,0.00458,0.3,degraded
50.72,40.09012,39.5018,0.58832,-32.90112,-33.41901,0.51789,2.9851,3.0,85.0,0.00574,0.3,degraded
50.73,40.26445,39.69169,0.57276,-32.88866,-33.41666,0.528,2.9769,3.0,85.0,0.00758,0.3,degraded
50.74,40.43944,39.85656,0.58288,-32.87324,-33.41664,0.5434,3.0154,2.9968,85.0,0.00537,0.3,degraded
50.75,40.61502,40.00773,0.60728,-32.85485,-33.41003,0.55518,2.9941,2.9775,85.0,0.00466,0.3,degraded
50.76,40.79113,40.13305,0.65808,-32.83348,-33.40672,0.57323,2.9997,3.0,85.0,0.00855,0.3,degraded
50.77,40.96771,40.24503,0.72269,-32.80915,-33.38243,0.57328,3.0134,3.0,85.0,0.0066,0.3,degraded
50.78,41.14469,40.33627,0.80843,-32.78186,-33.3557,0.57384,2.974,3.0,85.0,0.00082,0.3,degraded
50.79,41.32201,40.43461,0.8874,-32.7516,-33.3235,0.57191,2.9905,2.9908,85.0,0.01387,0.3,degraded
50.8,41.49959,40.63354,0.86606,-32.71838,-33.29692,0.57854,2.9776,3.0,85.0,0.01142,0.3,degraded
50.81,41.67738,40.83648,0.84089,-32.6822,-33.26417,0.58197,3.0199,2.993,85.0,0.00365,0.3,degraded
50.82,41.85529,41.01356,0.84173,-32.64307,-33.23776,0.59469,3.0022,2.9923,85.0,0.00488,0.3,degraded
50.83,42.03327,41.17901,0.85427,-32.60099,-33.20397,0.60297,2.9842,2.992,85.0,0.00602,0.3,degraded
50.84,42.21125,41.31987,0.89138,-32.55597,-33.17091,0.61494,2.9937,3.0,85.0,0.00531,0.3,degraded
50.85,42.38914,41.44616,0.94298,-32.50802,-33.12712,0.6191,3.0078,2.9817,85.0,0.01046,0.3,degraded
50.86,42.5669,41.63425,0.93264,-32.45713,-33.08718,0.63005,3.019,3.0,85.0,0.01363,0.3,degraded
50.87,42.74443,41.84812,0.89632,-32.40332,-33.03705,0.63372,3.0007,2.6339,85.0,0.00578,0.3,degraded
50.88,42.92168,42.03987,0.88181,-32.3466,-32.96979,0.6232,2.9978,3.0,85.0,0.00474,0.3,degraded
50.89,43.09857,42.22159,0.87698,-32.28697,-32.89569,0.60872,3.0296,3.0,85.0,0.00531,0.3,degraded
50.9,43.27504,42.38117,0.89386,-32.22444,-32.82766,0.60323,2.9906,3.0,85.0,0.00374,0.3,degraded
50.91,43.45099,42.52599,0.925,-32.15902,-32.75307,0.59405,2.9887,3.0,85.0,0.00499,0.3,degraded
50.92,43.62638,42.64676,0.97962,-32.09072,-32.6845,0.59378,2.9842,3.0,85.0,0.01004,0.3,degraded
50.93,43.80111,42.85696,0.94415,-32.01955,-32.60712,0.58757,3.0073,2.9813,85.0,0.00719,0.3,degraded
50.94,43.97513,43.0526,0.92253,-31.94553,-32.5351,0.58958,3.0303,2.9904,85.0,0.00546,0.3,degraded
50.95,44.14835,43.23579,0.91256,-31.86866,-32.45676,0.5881,2.9888,3.0,85.0,0.0062,0.3,degraded
50.96,44.32071,43.39242,0.92829,-31.78896,-32.38544,0.59648,3.0134,2.9872,85.0,0.00511,0.3,degraded
50.97,44.49212,43.53513,0.957,-31.70643,-32.30974,0.6033,2.9921,3.0,85.0,0.00166,0.3,degraded
50.98,44.66253,43.66642,0.99611,-31.6211,-32.24217,0.62107,3.0118,3.0,85.0,0.00252,0.3,degraded
50.99,44.83184,43.81507,1.01678,-31.53297,-32.16918,0.6362,3.0032,2.9852,85.0,0.00397,0.3,degraded
51.0,45.0,43.98568,1.01432,-31.44207,-32.102,0.65993,2.9875,3.0,85.0,0.00415,0.3,degraded
51.01,45.16692,44.16766,0.99926,-31.3484,-32.02677,0.67837,3.0031,3.0,85.0,0.00571,0.3,degraded
51.02,45.33254,44.32753,1.00501,-31.25198,-31.95787,0.70589,2.9998,2.9902,85.0,0.00628,0.3,degraded
51.03,45.49677,44.47687,1.0199,-31.15283,-31.87798,0.72515,2.9838,2.7019,85.0,0.00366,0.3,degraded
51.04,45.65955,44.63725,1.0223,-31.05096,-31.78376,0.7328,2.9947,2.9881,85.0,0.00326,0.3,degraded
51.05,45.82081,44.79793,1.02287,-30.94639,-31.68042,0.73403,3.017,2.9804,85.0,0.00905,0.3,degraded
51.06,45.98046,44.96623,1.01423,-30.83914,-31.58255,0.74341,3.014,2.9755,85.0,0.00694,0.3,degraded
51.07,46.13844,45.19836,0.94008,-30.72922,-31.47974,0.75052,3.0118,3.0,85.0,0.00583,0.3,degraded
51.08,46.29468,45.40217,0.89251,-30.61666,-31.38268,0.76602,3.0038,3.0,85.0,0.00565,0.3,degraded
51.09,46.44909,45.59273,0.85637,-30.50147,-31.27998,0.77851,3.0068,2.9835,85.0,0.00447,0.3,degraded
51.1,46.60162,45.75765,0.84397,-30.38368,-31.18073,0.79705,2.9841,2.9876,85.0,0.00605,0.3,degraded
51.11,46.75219,45.90879,0.8434,-30.2633,-31.07486,0.81157,3.019,3.0,85.0,0.00599,0.3,degraded
51.12,46.90072,46.03212,0.86861,-30.14035,-30.97604,0.83569,2.9909,2.9824,85.0,0.00994,0.3,degraded
51.13,47.04715,46.18145,0.8657,-30.01485,-30.86073,0.84588,2.9855,3.0,85.0,0.0111,0.3,degraded
51.14,47.19141,46.39549,0.79591,-29.88683,-30.75409,0.86726,3.0009,3.0,85.0,0.0133,0.3,degraded
51.15,47.33342,46.59728,0.73614,-29.75631,-30.62989,0.87358,3.0059,1.8497,85.0,0.00954,0.3,degraded
51.16,47.47311,46.77369,0.69942,-29.62331,-30.45678,0.83347,2.9758,2.9999,85.0,0.00901,0.3,degraded
51.17,47.61042,46.93956,0.67086,-29.48785,-30.29709,0.80924,3.017,2.9939,85.0,0.00967,0.3,degraded
51.18,47.74528,47.07931,0.66597,-29.34995,-30.1655,0.81555,2.9806,2.9618,85.0,0.00777,0.3,degraded
51.19,47.87763,47.20728,0.67035,-29.20965,-30.0469,0.83725,3.0233,2.9934,85.0,0.00658,0.3,degraded
51.2,48.00738,47.30951,0.69787,-29.06696,-29.9394,0.87245,3.0072,2.9933,85.0,0.00682,0.3,degraded
51.21,48.13448,47.40417,0.73031,-28.9219,-29.80081,0.87891,2.9809,2.9956,85.0,0.00162,0.3,degraded
51.22,48.25886,47.49146,0.7674,-28.77451,-29.67941,0.9049,2.9963,2.9774,85.0,0.00962,0.3,degraded
51.23,48.38045,47.58878,0.79167,-28.62481,-29.47014,0.84532,2.99,3.0,85.0,0.01692,0.3,degraded
51.24,48.49919,47.69327,0.80592,-28.47283,-29.278,0.80518,1.6323,3.0,85.0,0.00962,0.3,degraded
51.25,48.61502,47.86015,0.75487,-28.31858,-29.10345,0.78487,2.9944,3.0,85.0,0.00958,0.3,degraded
51.26,48.72787,48.00158,0.72629,-28.1621,-28.95609,0.79399,2.9812,3.0,85.0,0.00978,0.3,degraded
51.27,48.83768,48.13436,0.70332,-28.00342,-28.82703,0.82361,2.9893,3.0,85.0,0.00721,0.3,degraded
51.28,48.94439,48.24382,0.70057,-27.84255,-28.72181,0.87926,2.9924,2.9914,85.0,0.0174,0.3,degraded
51.29,49.04793,48.34366,0.70427,-27.67954,-28.59185,0.91231,3.0199,0.9639,85.0,0.01677,0.3,degraded
51.3,49.14826,48.4288,0.71946,-27.5144,-28.35649,0.84209,3.0039,3.0,85.0,0.00554,0.3,degraded
51.31,49.2453,48.51785,0.72746,-27.34717,-28.1362,0.78903,2.995,3.0,85.0,0.00405,0.3,degraded
51.32,49.339,48.60185,0.73715,-27.17787,-27.94179,0.76391,3.0027,2.9824,85.0,0.00634,0.3,degraded
51.33,49.42931,48.69523,0.73409,-27.00654,-27.75864,0.7521,2.9732,2.9937,85.0,0.0059,0.3,degraded
51.34,49.51617,48.78205,0.73412,-26.8332,-27.60623,0.77304,2.9959,2.9923,85.0,0.0056,0.3,degraded
51.35,49.59952,48.88329,0.71622,-26.65788,-27.46666,0.80878,3.0074,3.0,85.0,0.00592,0.3,degraded
51.36,49.6793,48.97403,0.70527,-26.48061,-27.3524,0.87179,2.9885,3.0,85.0,0.00509,0.3,degraded
51.37,49.75548,49.06651,0.68896,-26.30143,-27.24263,0.94121,3.0157,2.9973,85.0,0.00381,0.3,degraded
51.38,49.82798,49.15199,0.67599,-26.12036,-27.10761,0.98725,2.997,2.9823,85.0,0.00399,0.3,degraded
51.39,49.89678,49.24288,0.6539,-25.93743,-26.97352,1.03609,2.9786,3.0,85.0,0.00592,0.3,degraded
51.4,49.9618,49.32845,0.63335,-25.75268,-26.78261,1.02993,2.9917,2.9759,85.0,0.00527,0.3,degraded
51.41,50.02301,49.42001,0.603,-25.56614,-26.59541,1.02927,3.003,3.0,85.0,0.00598,0.3,degraded
51.42,50.08036,49.50414,0.57622,-25.37784,-26.43646,1.05862,3.0326,2.9861,85.0,0.00591,0.3,degraded
51.43,50.1338,49.59462,0.53918,-25.18781,-26.29325,1.10544,3.0078,3.0,85.0,0.00739,0.3,degraded
51.44,50.18329,49.67956,0.50373,-24.99608,-26.07198,1.0759,2.9996,2.9718,85.0,0.0091,0.3,degraded
51.45,50.22878,49.7698,0.45899,-24.80269,-25.8538,1.05111,3.0126,3.0,85.0,0.00612,0.3,degraded
51.46,50.27024,49.85311,0.41713,-24.60767,-25.6649,1.05723,3.003,2.9841,85.0,0.00384,0.3,degraded
51.47,50.30761,49.94408,0.36353,-24.41104,-25.49127,1.08023,2.9991,2.9876,85.0,0.00557,0.3,degraded
51.48,50.34087,50.02633,0.31453,-24.21286,-25.34537,1.13251,2.9944,2.9633,85.0,0.00868,0.3,degraded
51.49,50.36996,50.11328,0.25668,-24.01314,-25.15826,1.14512,3.0075,2.9944,85.0,0.00677,0.3,degraded
51.5,50.39487,50.19104,0.20383,-23.81192,-24.94734,1.13542,2.9943,3.0,85.0,0.00703,0.3,degraded
51.51,50.41554,50.27506,0.14048,-23.60923,-24.75842,1.14919,2.9902,3.0,85.0,0.00756,0.3,degraded
51.52,50.43194,50.34984,0.08211,-23.40512,-24.60397,1.19884,2.9779,2.9962,85.0,0.00701,0.3,degraded
51.53,50.44405,50.43158,0.01247,-23.19961,-24.38424,1.18463,2.9755,3.0,85.0,0.00899,0.3,degraded
51.54,50.45183,50.50995,-0.05812,-22.99274,-24.15603,1.1633,3.0092,3.0,85.0,0.00639,0.3,degraded
51.55,50.45525,50.59382,-0.13857,-22.78453,-23.94379,1.15926,3.0015,3.0,85.0,0.01094,0.3,degraded
51.56,50.45428,50.64473,-0.19045,-22.57504,-23.75741,1.18237,2.9988,2.9795,85.0,0.01213,0.3,degraded
51.57,50.4489,50.65883,-0.20993,-22.36428,-23.58606,1.22178,2.994,2.9934,85.0,0.00289,0.3,degraded
51.58,50.43907,50.66773,-0.22866,-22.1523,-23.43371,1.28141,2.9803,2.7066,85.0,0.00837,0.3,degraded
51.59,50.42478,50.68402,-0.25924,-21.93913,-23.24582,1.30669,2.997,3.0,85.0,0.00554,0.3,degraded
51.6,50.406,50.69374,-0.28774,-21.7248,-23.02417,1.29937,3.0187,2.9976,85.0,0.00726,0.3,degraded
51.61,50.3827,50.71032,-0.32762,-21.50936,-22.81899,1.30964,3.0352,2.9941,85.0,0.00517,0.3,degraded
51.62,50.35488,50.71954,-0.36466,-21.29282,-22.64414,1.35131,2.984,3.0,85.0,0.00074,0.3,degraded
51.63,50.32251,50.73617,-0.41367,-21.07524,-22.44485,1.36961,2.9985,2.9868,85.0,0.0155,0.3,degraded
51.64,50.28557,50.73777,-0.4522,-20.85665,-22.25693,1.40029,3.0023,1.2554,85.0,0.01217,0.3,degraded
51.65,50.24405,50.71699,-0.47294,-20.63707,-21.97151,1.33444,2.9926,3.0,85.0,0.00739,0.3,degraded
51.66,50.19793,50.68975,-0.49181,-20.41655,-21.71574,1.29919,3.0152,2.9837,85.0,0.00718,0.3,degraded
51.67,50.14721,50.66997,-0.52276,-20.19512,-21.47837,1.28325,2.9982,2.9896,85.0,0.00722,0.3,degraded
51.68,50.09187,50.63802,-0.54616,-19.97282,-21.27118,1.29837,3.0347,3.0,85.0,0.00613,0.3,degraded
51.69,50.0319,50.6052,-0.5733,-19.74967,-21.08215,1.33248,3.003,2.9883,85.0,0.00926,0.3,degraded
51.7,49.96729,50.51886,-0.55157,-19.52573,-20.89753,1.3718,2.9881,2.9983,85.0,0.00878,0.3,degraded
51.71,49.89805,50.43808,-0.54003,-19.30101,-20.67863,1.37762,3.012,2.9843,85.0,0.00444,0.3,degraded
51.72,49.82416,50.35379,-0.52964,-19.07557,-20.48713,1.41156,2.98,2.9816,85.0,0.00904,0.3,degraded
51.73,49.74561,50.27698,-0.53136,-18.84942,-20.25434,1.40491,2.989,2.9874,85.0,0.00794,0.3,degraded
51.74,49.66242,50.19547,-0.53305,-18.62262,-19.99305,1.37044,2.9906,3.0,85.0,0.00571,0.3,degraded
51.75,49.57458,50.1233,-0.54873,-18.39518,-19.74776,1.35257,3.0194,3.0,85.0,0.00729,0.3,degraded
51.76,49.48209,50.04705,-0.56496,-18.16716,-19.53177,1.36461,2.9862,2.9983,85.0,0.00547,0.3,degraded
51.77,49.38495,49.97506,-0.59011,-17.93857,-19.33197,1.3934,3.0115,3.0,85.0,0.00226,0.3,degraded
51.78,49.28317,49.89622,-0.61305,-17.70947,-19.12928,1.41981,3.0113,3.0,85.0,0.0039,0.3,degraded
51.79,49.17676,49.82398,-0.64722,-17.47987,-18.90907,1.4292,2.999,3.0,85.0,0.0062,0.3,degraded
51.8,49.06572,49.74538,-0.67966,-17.24983,-18.71911,1.46928,3.0048,2.987,85.0,0.00432,0.3,degraded
51.81,48.95007,49.65052,-0.70046,-17.01937,-18.48359,1.46422,3.0012,2.9946,85.0,0.00544,0.3,degraded
51.82,48.8298,49.55024,-0.72044,-16.78852,-18.27183,1.48332,2.9857,2.9749,85.0,0.00332,0.3,degraded
51.83,48.70495,49.45902,-0.75407,-16.55732,-18.05884,1.50152,2.9951,3.0,85.0,0.00238,0.3,degraded
51.84,48.57552,49.34743,-0.77191,-16.32581,-17.83247,1.50666,3.0005,2.9812,85.0,0.0064,0.3,degraded
51.85,48.44152,49.23739,-0.79587,-16.09402,-17.62193,1.52791,3.0132,3.0,85.0,0.00986,0.3,degraded
51.86,48.30298,49.05438,-0.75141,-15.86198,-17.41559,1.55362,3.0093,2.9813,85.0,0.00715,0.3,degraded
51.87,48.15991,48.89805,-0.73814,-15.62972,-17.2001,1.57038,3.0035,2.9947,85.0,0.01146,0.3,degraded
51.88,48.01233,48.75662,-0.74429,-15.39729,-16.98409,1.5868,2.9947,2.1191,85.0,0.00809,0.3,degraded
51.89,47.86027,48.63858,-0.77831,-15.16471,-16.7265,1.56179,2.9901,3.0,85.0,0.01324,0.3,degraded
51.9,47.70375,48.45594,-0.7522,-14.93202,-16.49424,1.56221,2.9907,3.0,85.0,0.01246,0.3,degraded
51.91,47.54279,48.24608,-0.70329,-14.69925,-16.27417,1.57492,2.9998,2.825,85.0,0.01449,0.3,degraded
51.92,47.37742,48.0504,-0.67298,-14.46644,-16.01173,1.5453,2.9947,3.0,85.0,0.01155,0.3,degraded
51.93,47.20767,47.87939,-0.67173,-14.2336,-15.7056,1.472,2.9999,2.9938,85.0,0.00816,0.3,degraded
51.94,47.03356,47.71971,-0.68615,-14.00079,-15.42596,1.42517,3.0145,3.0,85.0,0.00947,0.3,degraded
51.95,46.85513,47.58087,-0.72574,-13.76803,-15.16313,1.3951,2.974,2.9696,85.0,0.00807,0.3,degraded
51.96,46.67242,47.45433,-0.78191,-13.53535,-14.9253,1.38995,2.9769,3.0,85.0,0.01372,0.3,degraded
51.97,46.48544,47.30382,-0.81838,-13.30278,-14.7023,1.39952,3.0134,3.0,85.0,0.01376,0.3,degraded
51.98,46.29425,47.0962,-0.80195,-13.07036,-14.50592,1.43556,2.9808,2.9878,85.0,0.00736,0.3,degraded
51.99,46.09887,46.91459,-0.81572,-12.83812,-14.29392,1.4558,2.9864,3.0,85.0,0.00546,0.3,degraded
52.0,45.89935,46.74509,-0.84575,-12.60608,-14.08318,1.4771,3.0061,3.0,85.0,0.00732,0.3,degraded
52.01,45.69571,46.59804,-0.90232,-12.37428,-13.86774,1.49346,2.9857,3.0,85.0,0.00625,0.3,degraded
52.02,45.48801,46.43671,-0.94869,-12.14275,-13.63605,1.4933,2.9855,2.9983,85.0,0.00798,0.3,degraded
52.03,45.27629,46.25775,-0.98146,-11.91152,-13.42019,1.50867,2.9949,3.0,85.0,0.00734,0.3,degraded
52.04,45.06059,46.09173,-1.03114,-11.68062,-13.20088,1.52026,2.9958,3.0,85.0,0.00919,0.3,degraded
52.05,44.84094,45.86631,-1.02537,-11.45007,-12.9668,1.51672,3.0013,2.9976,85.0,0.00755,0.3,degraded
52.06,44.61741,45.63124,-1.01383,-11.21992,-12.75868,1.53876,3.0082,2.5044,85.0,0.00572,0.3,degraded
52.07,44.39003,45.41992,-1.02989,-10.99018,-12.53444,1.54426,2.9821,2.9895,85.0,0.00579,0.3,degraded
52.08,44.15886,45.22077,-1.06191,-10.76088,-12.29895,1.53807,2.9853,3.0,85.0,0.00485,0.3,degraded
52.09,43.92395,45.04473,-1.12078,-10.53205,-12.06371,1.53166,3.0273,3.0,85.0,0.01034,0.3,degraded
52.1,43.68533,44.81773,-1.1324,-10.30373,-11.84652,1.54279,2.9933,1.7306,85.0,0.00949,0.3,degraded
52.11,43.44308,44.60012,-1.15704,-10.07593,-11.56703,1.4911,3.0206,2.9912,85.0,0.00856,0.3,degraded
52.12,43.19724,44.39308,-1.19585,-9.84869,-11.31907,1.47038,2.9929,2.9976,85.0,0.00901,0.3,degraded
52.13,42.94786,44.169,-1.22114,-9.62203,-11.08612,1.46409,2.9832,3.0,85.0,0.00914,0.3,degraded
52.14,42.695,43.92777,-1.23277,-9.39598,-10.87988,1.4839,3.0077,2.9694,85.0,0.00509,0.3,degraded
52.15,42.43872,43.70781,-1.26909,-9.17056,-10.64649,1.47593,3.001,2.9909,85.0,0.01053,0.3,degraded
52.16,42.17908,43.45576,-1.27668,-8.9458,-10.42624,1.48043,2.9982,2.9953,85.0,0.01836,0.3,degraded
52.17,41.91613,43.16032,-1.24419,-8.72173,-10.20891,1.48718,2.9987,1.1228,85.0,0.01326,0.3,degraded
52.18,41.64993,42.87809,-1.22816,-8.49836,-9.89767,1.39931,2.9983,3.0,85.0,0.0097,0.3,degraded
52.19,41.38055,42.62203,-1.24148,-8.27573,-9.60218,1.32645,2.9877,2.9953,85.0,0.00985,0.3,degraded
52.2,41.10805,42.37621,-1.26816,-8.05386,-9.33916,1.2853,3.0036,3.0,85.0,0.00814,0.3,degraded
52.21,40.83248,42.15563,-1.32314,-7.83277,-9.09232,1.25955,2.9883,2.9896,85.0,0.00855,0.3,degraded
52.22,40.55392,41.89753,-1.34361,-7.61248,-8.87295,1.26047,3.0113,2.9851,85.0,0.00888,0.3,degraded
52.23,40.27242,41.65199,-1.37956,-7.39302,-8.66799,1.27497,2.9854,3.0,85.0,0.00601,0.3,degraded
52.24,39.98806,41.39939,-1.41132,-7.17441,-8.49342,1.31901,2.9791,2.9783,85.0,0.0053,0.3,degraded
52.25,39.7009,41.14233,-1.44143,-6.95667,-8.27627,1.3196,3.0034,3.0,85.0,0.01476,0.3,degraded
52.26,39.411,40.84905,-1.43805,-6.73983,-8.06083,1.321,2.9956,2.9879,85.0,0.01377,0.3,degraded
52.27,39.11844,40.50368,-1.38524,-6.5239,-7.86006,1.33616,2.9967,2.9998,85.0,0.00593,0.3,degraded
52.28,38.82329,40.17133,-1.34805,-6.3089,-7.68112,1.37222,2.9781,2.1876,85.0,0.00676,0.3,degraded
52.29,38.5256,39.86294,-1.33734,-6.09486,-7.46584,1.37098,2.9978,2.9903,85.0,0.00858,0.3,degraded
52.3,38.22546,39.56761,-1.34215,-5.88179,-7.28155,1.39975,2.9953,2.9864,85.0,0.00543,0.3,degraded
52.31,37.92293,39.29803,-1.3751,-5.66972,-7.07703,1.4073,3.0039,3.0,85.0,0.02016,0.3,degraded
52.32,37.61809,39.03917,-1.42108,-5.45866,-6.88049,1.42183,3.0178,0.9689,85.0,0.02148,0.3,degraded
52.33,37.31101,38.77635,-1.46534,-5.24863,-6.57146,1.32283,2.9964,2.9792,85.0,0.01587,0.3,degraded
52.34,37.00175,38.41061,-1.40885,-5.03965,-6.29097,1.25132,3.0056,2.9954,85.0,0.00926,0.3,degraded
52.35,36.6904,38.06945,-1.37905,-4.83174,-6.02457,1.19284,3.0157,2.99,85.0,0.00903,0.3,degraded
52.36,36.37703,37.74095,-1.36392,-4.6249,-5.78606,1.16115,3.0014,2.9971,85.0,0.00902,0.3,degraded
52.37,36.06171,37.43647,-1.37476,-4.41917,-5.56631,1.14714,2.9969,2.9784,85.0,0.00998,0.3,degraded
52.38,35.74452,37.14159,-1.39707,-4.21455,-5.37632,1.16177,3.0352,3.0,85.0,0.00954,0.3,degraded
52.39,35.42553,36.87192,-1.4464,-4.01107,-5.2022,1.19113,3.0053,2.9939,85.0,0.01101,0.3,degraded
52.4,35.10481,36.6181,-1.51329,-3.80873,-5.0468,1.23808,2.9935,1.4408,85.0,0.01662,0.3,degraded
52.41,34.78245,36.29284,-1.51039,-3.60754,-4.81008,1.20254,3.0205,3.0,85.0,0.01459,0.3,degraded
52.42,34.45852,35.95434,-1.49582,-3.40754,-4.60414,1.1966,2.984,2.9989,85.0,0.00927,0.3,degraded
52.43,34.13309,35.64069,-1.50759,-3.20872,-4.4156,1.20688,3.0069,3.0,85.0,0.01023,0.3,degraded
52.44,33.80625,35.34074,-1.53449,-3.0111,-4.2594,1.24831,3.0026,3.0,85.0,0.01205,0.3,degraded
52.45,33.47807,35.06838,-1.5903,-2.81469,-4.09873,1.28404,3.0128,1.6877,85.0,0.01035,0.3,degraded
52.46,33.14863,34.77747,-1.62884,-2.61951,-3.87546,1.25595,2.9973,3.0,85.0,0.00962,0.3,degraded
52.47,32.81801,34.46974,-1.65173,-2.42556,-3.67013,1.24457,2.9853,3.0,85.0,0.01022,0.3,degraded
52.48,32.48628,34.17511,-1.68883,-2.23287,-3.49191,1.25905,2.9952,2.9785,85.0,0.01155,0.3,degraded
52.49,32.15352,33.83696,-1.68345,-2.04143,-3.32678,1.28535,2.9981,3.0,85.0,0.01726,0.3,degraded
52.5,31.81981,33.46493,-1.64513,-1.85125,-3.10025,1.249,2.9714,2.9908,85.0,0.01314,0.3,degraded
52.51,31.48522,33.12229,-1.63707,-1.66236,-2.85477,1.19241,3.0067,3.0,85.0,0.00955,0.3,degraded
52.52,31.14985,32.79502,-1.64517,-1.47475,-2.64046,1.16571,2.9741,2.9984,85.0,0.01032,0.3,degraded
52.53,30.81375,32.49579,-1.68204,-1.28844,-2.4422,1.15376,3.0092,2.9978,85.0,0.01233,0.3,degraded
52.54,30.47702,32.19107,-1.71405,-1.10343,-2.27599,1.17256,3.0038,3.0,85.0,0.00971,0.3,degraded
52.55,30.13973,31.83625,-1.69652,-0.91973,-2.12657,1.20685,2.9935,2.9995,85.0,0.00952,0.3,degraded
52.56,29.80195,31.49598,-1.69403,-0.73735,-1.96769,1.23034,2.9853,2.9883,85.0,0.00961,0.3,degraded
52.57,29.46377,31.18075,-1.71697,-0.55629,-1.77522,1.21894,3.0054,2.9958,85.0,0.00809,0.3,degraded
52.58,29.12527,30.87668,-1.75141,-0.37656,-1.60981,1.23325,2.9841,2.9755,85.0,0.00752,0.3,degraded
52.59,28.78651,30.55163,-1.76511,-0.19816,-1.4327,1.23454,2.9891,2.9919,85.0,0.00868,0.3,degraded
52.6,28.44758,30.22856,-1.78097,-0.02111,-1.21853,1.19742,2.987,2.9909,85.0,0.00954,0.3,degraded
52.61,28.10856,29.89781,-1.78925,0.1546,-1.0211,1.1757,2.9843,3.0,85.0,0.01027,0.3,degraded
52.62,27.76951,29.53138,-1.76187,0.32896,-0.85771,1.18667,2.9981,3.0,85.0,0.01649,0.3,degraded
52.63,27.43053,29.19238,-1.76186,0.50197,-0.69746,1.19943,3.0105,0.9341,85.0,0.01501,0.3,degraded
52.64,27.09167,28.86703,-1.77535,0.67362,-0.43332,1.10694,2.9881,2.9894,85.0,0.00779,0.3,degraded
52.65,26.75303,28.56298,-1.80996,0.84392,-0.18566,1.02958,3.0091,3.0,85.0,0.00891,0.3,degraded
52.66,26.41466,28.21893,-1.80426,1.01286,0.03235,0.98051,3.0069,2.9837,85.0,0.00641,0.3,degraded
52.67,26.07666,27.8983,-1.82165,1.18043,0.23598,0.94446,2.9961,3.0,85.0,0.00544,0.3,degraded
52.68,25.73908,27.56503,-1.82595,1.34665,0.41325,0.9334,2.9753,3.0,85.0,0.01733,0.3,degraded
52.69,25.40201,27.2271,-1.82509,1.5115,0.57854,0.93296,2.9938,3.0,85.0,0.01245,0.3,degraded
52.7,25.06552,26.80724,-1.74172,1.67499,0.71897,0.95602,3.0095,3.0,85.0,0.00799,0.3,degraded
52.71,24.72969,26.41062,-1.68094,1.83711,0.84506,0.99206,3.0198,3.0,85.0,0.00811,0.3,degraded
52.72,24.39457,26.0254,-1.63083,1.99788,0.95003,1.04785,2.9761,2.9894,85.0,0.00952,0.3,degraded
52.73,24.06025,25.66583,-1.60558,2.15728,1.09013,1.06715,3.0124,2.9903,85.0,0.00676,0.3,degraded
52.74,23.72679,25.31835,-1.59156,2.31533,1.23601,1.07933,2.9929,3.0,85.0,0.00965,0.3,degraded
52.75,23.39426,24.99505,-1.60079,2.47202,1.36809,1.10393,3.0,2.9926,85.0,0.01047,0.3,degraded
52.76,23.06274,24.68336,-1.62061,2.62736,1.56096,1.0664,3.004,3.0,85.0,0.00916,0.3,degraded
52.77,22.7323,24.397,-1.66471,2.78136,1.74799,1.03337,3.0051,2.9861,85.0,0.01125,0.3,degraded
52.78,22.40299,24.06829,-1.66531,2.934,1.90676,1.02724,2.9834,3.0,85.0,0.01121,0.3,degraded
52.79,22.07488,23.73063,-1.65574,3.0853,2.04892,1.03638,2.9877,3.0,85.0,0.01055,0.3,degraded
52.8,21.74805,23.40419,-1.65613,3.23527,2.17471,1.06056,3.0143,1.4547,85.0,0.01159,0.3,degraded
52.81,21.42256,23.10384,-1.68128,3.3839,2.37978,1.00412,3.0043,3.0,85.0,0.00833,0.3,degraded
52.82,21.09847,22.79545,-1.69698,3.53121,2.55457,0.97665,2.9959,3.0,85.0,0.00641,0.3,degraded
52.83,20.77584,22.47924,-1.7034,3.6772,2.71222,0.96498,2.9996,2.9737,85.0,0.00875,0.3,degraded
52.84,20.45475,22.1745,-1.71976,3.82188,2.84561,0.97627,3.0086,2.9976,85.0,0.00659,0.3,degraded
52.85,20.13524,21.87957,-1.74434,3.96524,2.96548,0.99976,3.0202,2.9805,85.0,0.00886,0.3,degraded
52.86,19.81738,21.48992,-1.67254,4.10731,3.0775,1.02981,2.9975,2.9972,85.0,0.01435,0.3,degraded
52.87,19.50122,21.12445,-1.62322,4.24809,3.20586,1.04223,3.0334,2.0389,85.0,0.00843,0.3,degraded
52.88,19.18684,20.77407,-1.58723,4.38758,3.36969,1.01789,2.9985,3.0,85.0,0.00875,0.3,degraded
52.89,18.87428,20.45044,-1.57616,4.5258,3.51603,1.00977,3.0049,2.9894,85.0,0.00818,0.3,degraded
52.9,18.5636,20.13774,-1.57414,4.66275,3.63503,1.02771,2.9975,2.7655,85.0,0.01314,0.3,degraded
52.91,18.25485,19.85279,-1.59794,4.79844,3.7818,1.01664,3.0096,3.0,85.0,0.0058,0.3,degraded
52.92,17.9481,19.56252,-1.61442,4.93289,3.96711,0.96578,2.9921,3.0,85.0,0.00536,0.3,degraded
52.93,17.64339,19.26936,-1.62597,5.06609,4.13668,0.92941,2.9832,2.9998,85.0,0.01124,0.3,degraded
52.94,17.34077,18.95563,-1.61486,5.19808,4.2796,0.91848,2.9932,3.0,85.0,0.00945,0.3,degraded
52.95,17.0403,18.61468,-1.57438,5.32884,4.40771,0.92113,3.0121,2.9714,85.0,0.00715,0.3,degraded
52.96,16.74202,18.28837,-1.54635,5.4584,4.51222,0.94618,3.0192,2.9883,85.0,0.00703,0.3,degraded
52.97,16.44599,17.98879,-1.54281,5.58677,4.62283,0.96394,3.0147,3.0,85.0,0.00966,0.3,degraded
52.98,16.15224,17.70268,-1.55044,5.71395,4.73455,0.9794,2.9944,2.3374,85.0,0.00379,0.3,degraded
52.99,15.86083,17.43138,-1.57055,5.83997,4.88038,0.95959,2.9989,2.9922,85.0,0.00596,0.3,degraded
53.0,15.5718,17.15416,-1.58237,5.96483,4.99824,0.96659,2.9966,2.9892,85.0,0.00979,0.3,degraded
53.01,15.28519,16.85116,-1.56598,6.08855,5.11809,0.97046,3.01,3.0,85.0,0.01692,0.3,degraded
53.02,15.00104,16.50035,-1.49931,6.21113,5.30505,0.90609,2.9776,3.0,85.0,0.01401,0.3,degraded
53.03,14.7194,16.1784,-1.459,6.3326,5.5128,0.81981,3.0054,2.997,85.0,0.00892,0.3,degraded
53.04,14.4403,15.86833,-1.42803,6.45297,5.69288,0.76009,3.0079,2.9908,85.0,0.00875,0.3,degraded
53.05,14.16378,15.58279,-1.41901,6.57225,5.85768,0.71457,3.0012,3.0,85.0,0.0111,0.3,degraded
53.06,13.88988,15.31198,-1.4221,6.69046,5.9934,0.69706,3.0004,2.9864,85.0,0.00841,0.3,degraded
53.07,13.61863,15.06549,-1.44686,6.8076,6.11345,0.69416,3.0207,2.9975,85.0,0.00279,0.3,degraded
53.08,13.35007,14.8098,-1.45974,6.92371,6.22097,0.70274,3.0044,2.9743,85.0,0.00997,0.3,degraded
53.09,13.08422,14.52058,-1.43636,7.03878,6.33378,0.705,3.0034,2.9844,85.0,0.00714,0.3,degraded
53.1,12.82112,14.20706,-1.38594,7.15284,6.439,0.71384,2.9889,3.0,85.0,0.00361,0.3,degraded
53.11,12.5608,13.91753,-1.35674,7.26591,6.55188,0.71403,3.0151,3.0,85.0,0.00559,0.3,degraded
53.12,12.30328,13.63782,-1.33453,7.378,6.65548,0.72252,3.0022,2.9744,85.0,0.00561,0.3,degraded
53.13,12.0486,13.38091,-1.33231,7.48912,6.7611,0.72802,2.9849,3.0,85.0,0.00338,0.3,degraded
53.14,11.79677,13.13381,-1.33704,7.59929,6.85678,0.74251,2.9894,2.9837,85.0,0.00438,0.3,degraded
53.15,11.54782,12.89918,-1.35136,7.70853,6.95711,0.75142,2.9866,3.0,85.0,0.00458,0.3,degraded
53.16,11.30177,12.62575,-1.32398,7.81686,7.04775,0.76912,2.9902,3.0,85.0,0.004,0.3,degraded
53.17,11.05864,12.37734,-1.3187,7.9243,7.14506,0.77924,3.0113,3.0,85.0,0.0054,0.3,degraded
53.18,10.81846,12.13995,-1.32149,8.03085,7.23298,0.79787,3.0232,2.9993,85.0,0.00979,0.3,degraded
53.19,10.58123,11.88227,-1.30104,8.13655,7.32278,0.81376,2.9884,2.995,85.0,0.00987,0.3,degraded
53.2,10.34697,11.56997,-1.223,8.2414,7.41426,0.82714,3.0088,3.0,85.0,0.00762,0.3,degraded
53.21,10.11571,11.28275,-1.16704,8.34543,7.52854,0.81689,3.0087,3.0,85.0,0.0056,0.3,degraded
53.22,9.88744,11.00757,-1.12013,8.44865,7.63501,0.81364,3.0203,3.0,85.0,0.00407,0.3,degraded
53.23,9.66219,10.7578,-1.09561,8.55109,7.74567,0.80542,3.0111,2.9761,85.0,0.00525,0.3,degraded
53.24,9.43996,10.51767,-1.07771,8.65275,7.84776,0.80499,2.9936,3.0,85.0,0.00469,0.3,degraded
53.25,9.22075,10.30041,-1.07966,8.75367,7.95716,0.79652,3.0064,2.9931,85.0,0.0045,0.3,degraded
53.26,9.00459,10.09405,-1.08946,8.85386,8.06353,0.79032,2.9806,2.9862,85.0,0.00481,0.3,degraded
53.27,8.79147,9.91273,-1.12126,8.95333,8.17307,0.78026,2.9842,2.974,85.0,0.0025,0.3,degraded
53.28,8.58139,9.71485,-1.13346,9.05211,8.27581,0.7763,2.9995,2.9732,85.0,0.00094,0.3,degraded
53.29,8.37436,9.53234,-1.15798,9.15022,8.38349,0.76673,3.0038,3.0,85.0,0.00544,0.3,degraded
53.3,8.17038,9.28007,-1.10969,9.24767,8.48707,0.76061,3.0231,3.0,85.0,0.00594,0.3,degraded
53.31,7.96945,9.05439,-1.08494,9.34449,8.59525,0.74924,3.012,2.9861,85.0,0.00478,0.3,degraded
53.32,7.77156,8.84346,-1.0719,9.4407,8.69756,0.74314,3.0092,2.9974,85.0,0.0043,0.3,degraded
53.33,7.57672,8.6565,-1.07979,9.53631,8.80669,0.72962,3.0065,2.9992,85.0,0.00557,0.3,degraded
53.34,7.38491,8.47934,-1.09443,9.63134,8.90993,0.72141,2.9962,2.9619,85.0,0.00866,0.3,degraded
53.35,7.19613,8.20936,-1.01323,9.72582,9.02314,0.70268,2.9789,2.981,85.0,0.00853,0.3,degraded
53.36,7.01037,7.9528,-0.94243,9.81977,9.13045,0.68932,2.9853,2.9932,85.0,0.00573,0.3,degraded
53.37,6.82762,7.72065,-0.89303,9.9132,9.24254,0.67066,2.9747,3.0,85.0,0.00494,0.3,degraded
53.38,6.64787,7.50294,-0.85507,10.00613,9.34797,0.65816,2.9851,2.9832,85.0,0.00416,0.3,degraded
53.39,6.4711,7.31199,-0.84089,10.09859,9.45952,0.63907,3.0258,2.9931,85.0,0.00569,0.3,degraded
53.4,6.29731,7.13266,-0.83534,10.19059,9.56463,0.62596,3.0062,3.0,85.0,0.00504,0.3,degraded
53.41,6.12648,6.97737,-0.8509,10.28216,9.6769,0.60526,3.0072,2.9959,85.0,0.00353,0.3,degraded
53.42,5.95858,6.83466,-0.87608,10.37331,9.78221,0.5911,2.9797,2.9828,85.0,0.01243,0.3,degraded
53.43,5.7936,6.65993,-0.86633,10.46407,9.89489,0.56918,3.0054,3.0,85.0,0.0126,0.3,degraded
53.44,5.63153,6.40976,-0.77824,10.55445,10.00066,0.55379,3.0207,2.9825,85.0,0.00392,0.3,degraded
53.45,5.47233,6.18067,-0.70834,10.64448,10.11246,0.53201,2.9854,3.0,85.0,0.00555,0.3,degraded
53.46,5.31598,5.9643,-0.64832,10.73417,10.21915,0.51502,2.9956,2.9933,85.0,0.00513,0.3,degraded
53.47,5.16247,5.77198,-0.60951,10.82354,10.33259,0.49095,2.9979,3.0,85.0,0.0041,0.3,degraded
53.48,5.01176,5.59311,-0.58134,10.91262,10.44014,0.47248,2.9955,3.0,85.0,0.00565,0.3,degraded
53.49,4.86383,5.43862,-0.57478,11.00143,10.55211,0.44932,2.9965,2.9917,85.0,0.00533,0.3,degraded
53.5,4.71865,5.29885,-0.5802,11.08998,10.65713,0.43285,3.0082,2.9895,85.0,0.00396,0.3,degraded
53.51,4.57619,5.18186,-0.60566,11.17829,10.76798,0.41031,2.9954,2.9866,85.0,0.00524,0.3,degraded
53.52,4.43642,5.07754,-0.64112,11.26639,10.87295,0.39344,2.9955,3.0,85.0,0.00378,0.3,degraded
53.53,4.29931,4.98498,-0.68568,11.35429,10.98091,0.37338,2.9948,2.9986,85.0,0.0,0.3,degraded
53.54,4.16481,4.8863,-0.72148,11.44201,11.08379,0.35822,3.0165,2.9753,85.0,0.00155,0.3,degraded
53.55,4.03291,4.79139,-0.75849,11.52957,11.19379,0.33578,3.008,2.9913,85.0,0.00247,0.3,degraded
53.56,3.90355,4.69016,-0.78661,11.61699,11.29383,0.32316,3.0034,2.9862,85.0,0.00115,0.3,degraded
53.57,3.77671,4.58295,-0.80624,11.7043,11.40025,0.30405,3.0224,3.0,85.0,0.00895,0.3,degraded
53.58,3.65234,4.45797,-0.80563,11.7915,11.50018,0.29132,2.9902,2.9656,85.0,0.00704,0.3,degraded
53.59,3.53041,4.28933,-0.75892,11.87862,11.60816,0.27046,3.0146,3.0,85.0,0.00466,0.3,degraded
53.6,3.41087,4.13149,-0.72062,11.96567,11.70654,0.25913,2.9973,2.9872,85.0,0.00414,0.3,degraded
53.61,3.29368,4.00099,-0.70731,12.05268,11.81142,0.24126,3.0032,2.9899,85.0,0.00604,0.3,degraded
53.62,3.1788,3.88205,-0.70325,12.13967,11.9112,0.22846,3.0073,2.9896,85.0,0.00396,0.3,degraded
53.63,3.06618,3.78644,-0.72026,12.22664,12.02009,0.20655,3.0097,2.9903,85.0,0.00149,0.3,degraded
53.64,2.95578,3.68473,-0.72895,12.31362,12.12292,0.1907,2.9974,2.9945,85.0,0.00235,0.3,degraded
53.65,2.84755,3.58937,-0.74182,12.40063,12.23078,0.16984,3.0016,2.9992,85.0,0.00449,0.3,degraded
53.66,2.74145,3.48024,-0.73879,12.48768,12.33284,0.15484,3.0079,2.9951,85.0,0.00236,0.3,degraded
53.67,2.63742,3.36066,-0.72324,12.57479,12.43774,0.13705,3.0056,2.9619,85.0,0.00552,0.3,degraded
53.68,2.53541,3.25398,-0.71857,12.66198,12.53279,0.12919,3.0013,2.9933,85.0,0.00288,0.3,degraded
53.69,2.43538,3.15973,-0.72435,12.74927,12.63065,0.11862,2.9926,3.0,85.0,0.00373,0.3,degraded
53.7,2.33727,3.02904,-0.69177,12.83666,12.71972,0.11694,2.9921,2.9826,85.0,0.00297,0.3,degraded
53.71,2.24103,2.91397,-0.67294,12.92419,12.81545,0.10874,3.0243,3.0,85.0,0.00469,0.3,degraded
53.72,2.1466,2.80879,-0.66219,13.01185,12.90601,0.10584,3.0342,2.9658,85.0,0.00196,0.3,degraded
53.73,2.05394,2.71424,-0.6603,13.09968,13.00599,0.09369,2.9846,3.0,85.0,0.00218,0.3,degraded
53.74,1.96298,2.61682,-0.65384,13.18768,13.0976,0.09008,2.9859,3.0,85.0,0.00164,0.3,degraded
53.75,1.87368,2.52711,-0.65343,13.27588,13.19759,0.07829,3.0115,3.0,85.0,0.00088,0.3,degraded
53.76,1.78597,2.43237,-0.6464,13.36428,13.28772,0.07656,3.025,2.9875,85.0,0.00287,0.3,degraded
53.77,1.69979,2.33817,-0.63838,13.4529,13.38188,0.07102,3.0065,2.994,85.0,0.00222,0.3,degraded
53.78,1.61509,2.23647,-0.62138,13.54175,13.46999,0.07176,3.0005,3.0,85.0,0.00089,0.3,degraded
53.79,1.53181,2.14244,-0.61063,13.63086,13.56415,0.06671,2.9952,2.9924,85.0,0.0025,0.3,degraded
53.8,1.44989,2.0455,-0.59561,13.72022,13.65172,0.06851,2.9996,3.0,85.0,0.00264,0.3,degraded
53.81,1.36926,1.95464,-0.58538,13.80987,13.73682,0.07305,3.0031,2.9918,85.0,0.00204,0.3,degraded
53.82,1.28988,1.85634,-0.56647,13.8998,13.81228,0.08752,3.0056,3.0,85.0,0.00138,0.3,degraded
53.83,1.21167,1.76431,-0.55264,13.99003,13.89415,0.09588,2.9735,2.9806,85.0,0.00294,0.3,degraded
53.84,1.13457,1.66705,-0.53248,14.08058,13.97155,0.10903,2.9744,2.997,85.0,0.0008,0.3,degraded
53.85,1.05852,1.5793,-0.52077,14.17146,14.05339,0.11807,3.0115,2.9907,85.0,0.00172,0.3,degraded
53.86,0.98346,1.48577,-0.50231,14.26268,14.12786,0.13482,3.0093,2.9886,85.0,0.00209,0.3,degraded
53.87,0.90933,1.39771,-0.48838,14.35425,14.20714,0.14711,3.0077,2.9965,85.0,0.00102,0.3,degraded
53.88,0.83605,1.30331,-0.46726,14.44617,14.27719,0.16899,2.9771,3.0,85.0,0.00211,0.3,degraded
53.89,0.76357,1.21813,-0.45456,14.53848,14.35252,0.18596,2.9938,2.9842,85.0,0.00248,0.3,degraded
53.9,0.69182,1.12964,-0.43782,14.63116,14.4194,0.21176,2.9696,2.9843,85.0,0.00049,0.3,degraded
53.91,0.62074,1.05067,-0.42993,14.72424,14.49329,0.23095,2.9883,2.9944,85.0,0.00128,0.3,degraded
53.92,0.55025,0.96663,-0.41638,14.81772,14.56161,0.25611,2.9882,2.9881,85.0,0.0025,0.3,degraded
53.93,0.4803,0.89054,-0.41024,14.91162,14.63655,0.27507,3.0097,3.0,85.0,0.0,0.3,degraded
53.94,0.41082,0.80697,-0.39615,15.00593,14.70418,0.30176,3.0032,3.0,85.0,0.00115,0.3,degraded
53.95,0.34173,0.7261,-0.38436,15.10068,14.7776,0.32308,3.0255,3.0,85.0,0.00342,0.3,degraded
53.96,0.27299,0.63712,-0.36413,15.19586,14.84274,0.35312,3.0185,3.0,85.0,0.00083,0.3,degraded
53.97,0.20451,0.55594,-0.35143,15.29149,14.91148,0.38002,3.0179,2.9831,85.0,0.00093,0.3,degraded
53.98,0.13623,0.4683,-0.33208,15.38757,14.97436,0.41321,3.0083,2.9782,85.0,0.00243,0.3,degraded
53.99,0.06808,0.38792,-0.31984,15.48412,15.04692,0.4372,3.0044,2.9815,85.0,0.00104,0.3,degraded
54.0,0.0,0.30251,-0.30251,15.58113,15.11558,0.46554,2.991,3.0,85.0,0.00065,0.3,degraded
54.01,-0.06808,0.22192,-0.29,15.67861,15.18833,0.49028,2.9954,3.0,85.0,0.00362,0.3,degraded
54.02,-0.13623,0.13673,-0.27295,15.77657,15.25243,0.52414,2.9974,2.9906,85.0,0.00137,0.3,degraded
54.03,-0.20451,0.05857,-0.26307,15.87501,15.31786,0.55715,3.0041,2.9976,85.0,4e-05,0.3,degraded
54.04,-0.27299,-0.02423,-0.24876,15.97395,15.37556,0.59839,2.9879,2.9862,85.0,0.00185,0.3,degraded
54.05,-0.34173,-0.1009,-0.24083,16.07337,15.43913,0.63424,3.0113,2.9932,85.0,0.00165,0.3,degraded
54.06,-0.41082,-0.18513,-0.22568,16.1733,15.49641,0.67689,3.0207,3.0,85.0,0.0,0.3,degraded
54.07,-0.4803,-0.26399,-0.21631,16.27372,15.55948,0.71424,2.9904,3.0,85.0,0.00242,0.3,degraded
54.08,-0.55025,-0.34992,-0.20034,16.37465,15.61511,0.75954,3.0011,2.9944,85.0,0.00142,0.3,degraded
54.09,-0.62074,-0.42838,-0.19236,16.47608,15.67879,0.79729,3.0172,2.9846,85.0,0.00062,0.3,degraded
54.1,-0.69182,-0.51097,-0.18085,16.57802,15.73643,0.84159,2.9955,3.0,85.0,0.00218,0.3,degraded
54.11,-0.76357,-0.58564,-0.17793,16.68047,15.79911,0.88136,2.9754,3.0,85.0,0.00186,0.3,degraded
54.12,-0.83605,-0.66244,-0.17361,16.78344,15.85603,0.92741,3.0098,2.9941,85.0,0.00045,0.3,degraded
54.13,-0.90933,-0.73273,-0.1766,16.88692,15.91941,0.9675,2.9794,2.9973,85.0,0.0016,0.3,degraded
54.14,-0.98346,-0.81051,-0.17296,16.99091,15.97585,1.01505,2.9872,2.9936,85.0,0.00225,0.3,degraded
54.15,-1.05852,-0.88187,-0.17665,17.09541,16.04132,1.05409,2.997,2.9825,85.0,0.00645,0.3,degraded
54.16,-1.13457,-0.95965,-0.17492,17.20042,16.11936,1.08106,3.0033,2.9925,85.0,0.00626,0.3,degraded
54.17,-1.21167,-1.03103,-0.18064,17.30595,16.23972,1.06623,2.9848,2.9934,85.0,0.00412,0.3,degraded
54.18,-1.28988,-1.10979,-0.18009,17.41199,16.34439,1.0676,2.9921,2.9955,85.0,0.00063,0.3,degraded
54.19,-1.36926,-1.18369,-0.18557,17.51853,16.45319,1.06535,3.0014,3.0,85.0,0.00136,0.3,degraded
54.2,-1.44989,-1.26157,-0.18832,17.62558,16.55397,1.07162,3.0105,2.9967,85.0,0.00363,0.3,degraded
54.21,-1.53181,-1.33207,-0.19974,17.73314,16.65955,1.07358,3.0294,3.0,85.0,0.00045,0.3,degraded
54.22,-1.61509,-1.4101,-0.20499,17.84119,16.75697,1.08422,2.9699,2.9766,85.0,0.00113,0.3,degraded
54.23,-1.69979,-1.48302,-0.21677,17.94974,16.86204,1.0877,2.9993,2.9904,85.0,0.00243,0.3,degraded
54.24,-1.78597,-1.56301,-0.22295,18.05878,16.96284,1.09595,2.9946,2.9962,85.0,0.00052,0.3,degraded
54.25,-1.87368,-1.63887,-0.23481,18.16831,17.07233,1.09599,3.0009,3.0,85.0,0.00114,0.3,degraded
54.26,-1.96298,-1.71933,-0.24366,18.27832,17.17433,1.10399,2.993,3.0,85.0,0.00376,0.3,degraded
54.27,-2.05394,-1.79298,-0.26096,18.38881,17.27785,1.11096,2.9806,3.0,85.0,0.00115,0.3,degraded
54.28,-2.1466,-1.86853,-0.27807,18.49977,17.37417,1.1256,2.9954,3.0,85.0,0.00247,0.3,degraded
54.29,-2.24103,-1.93531,-0.30572,18.61119,17.48324,1.12795,3.0068,2.9869,85.0,0.00283,0.3,degraded
54.3,-2.33727,-2.00909,-0.32818,18.72307,17.59,1.13307,2.9861,3.0,85.0,0.0008,0.3,degraded
54.31,-2.43538,-2.07553,-0.35985,18.8354,17.70402,1.13138,3.006,3.0,85.0,0.00226,0.3,degraded
54.32,-2.53541,-2.14838,-0.38703,18.94817,17.82741,1.12076,3.0066,3.0,85.0,0.00438,0.3,degraded
54.33,-2.63742,-2.21729,-0.42013,19.06137,17.95333,1.10804,2.9853,2.9864,85.0,0.00269,0.3,degraded
54.34,-2.74145,-2.29155,-0.44989,19.175,18.0718,1.1032,3.0159,2.9985,85.0,0.00571,0.3,degraded
54.35,-2.84755,-2.36378,-0.48377,19.28904,18.25853,1.03051,3.006,3.0,85.0,0.00738,0.3,degraded
54.36,-2.95578,-2.44179,-0.51399,19.40349,18.42669,0.97681,3.0346,2.9899,85.0,0.00564,0.3,degraded
54.37,-3.06618,-2.51498,-0.5512,19.51834,18.57755,0.94079,2.9986,3.0,85.0,0.00517,0.3,degraded
54.38,-3.1788,-2.59662,-0.58218,19.63357,18.70141,0.93216,2.9687,3.0,85.0,0.00478,0.3,degraded
54.39,-3.29368,-2.67187,-0.6218,19.74917,18.81573,0.93344,3.0118,2.9912,85.0,0.00251,0.3,degraded
54.4,-3.41087,-2.7551,-0.65576,19.86513,18.92054,0.94459,3.0144,2.9891,85.0,0.00626,0.3,degraded
54.41,-3.53041,-2.86836,-0.66205,19.98145,19.03305,0.9484,3.01,3.0,85.0,0.00524,0.3,degraded
54.42,-3.65234,-2.99962,-0.65272,20.0981,19.13683,0.96127,3.0062,3.0,85.0,0.00443,0.3,degraded
54.43,-3.77671,-3.10766,-0.66905,20.21508,19.24452,0.97056,3.0019,2.978,85.0,0.00256,0.3,degraded
54.44,-3.90355,-3.20986,-0.69369,20.33237,19.34726,0.98511,3.0318,2.8289,85.0,0.00287,0.3,degraded
54.45,-4.03291,-3.30305,-0.72986,20.44996,19.45975,0.99021,3.0085,2.9916,85.0,0.00833,0.3,degraded
54.46,-4.16481,-3.44724,-0.71757,20.56783,19.56722,1.00061,2.9957,2.9944,85.0,0.00905,0.3,degraded
54.47,-4.29931,-3.59629,-0.70301,20.68597,19.72827,0.95769,2.9898,3.0,85.0,0.00772,0.3,degraded
54.48,-4.43642,-3.73253,-0.7039,20.80436,19.86845,0.93591,2.9917,3.0,85.0,0.01022,0.3,degraded
54.49,-4.57619,-3.84373,-0.73246,20.92299,19.98981,0.93319,3.0029,3.0,85.0,0.00449,0.3,degraded
54.5,-4.71865,-3.95851,-0.76015,21.04185,20.09496,0.94689,3.0012,3.0,85.0,0.00561,0.3,degraded
54.51,-4.86383,-4.07659,-0.78725,21.16091,20.20623,0.95468,3.0158,2.9821,85.0,0.00897,0.3,degraded
54.52,-5.01176,-4.22159,-0.79017,21.28017,20.3247,0.95546,3.0062,2.9931,85.0,0.00515,0.3,degraded
54.53,-5.16247,-4.35531,-0.80716,21.39959,20.46278,0.93681,2.9871,3.0,85.0,0.00746,0.3,degraded
54.54,-5.31598,-4.53475,-0.78123,21.51917,20.57372,0.94545,2.9914,2.9003,85.0,0.00658,0.3,degraded
54.55,-5.47233,-4.69242,-0.7799,21.63889,20.70049,0.9384,3.0164,2.981,85.0,0.00701,0.3,degraded
54.56,-5.63153,-4.83725,-0.79428,21.75873,20.82019,0.93854,3.0132,2.4389,85.0,0.00294,0.3,degraded
54.57,-5.7936,-4.97004,-0.82357,21.87867,20.95665,0.92202,3.0083,2.995,85.0,0.00368,0.3,degraded
54.58,-5.95858,-5.11124,-0.84734,21.99869,21.07589,0.9228,3.005,2.9795,85.0,0.00818,0.3,degraded
54.59,-6.12648,-5.31557,-0.81091,22.11877,21.2066,0.91217,3.022,2.9791,85.0,0.01009,0.3,degraded
54.6,-6.29731,-5.5307,-0.76661,22.23889,21.32582,0.91307,3.003,2.9771,85.0,0.00827,0.3,degraded
54.61,-6.4711,-5.72098,-0.75012,22.35904,21.46172,0.89732,3.0036,3.0,85.0,0.00441,0.3,degraded
54.62,-6.64787,-5.90018,-0.74769,22.47919,21.5921,0.88709,2.9843,3.0,85.0,0.00656,0.3,degraded
54.63,-6.82762,-6.05291,-0.77471,22.59932,21.71155,0.88777,3.0008,3.0,85.0,0.00673,0.3,degraded
54.64,-7.01037,-6.19413,-0.81623,22.71941,21.82236,0.89706,2.9871,2.9807,85.0,0.00609,0.3,degraded
54.65,-7.19613,-6.33487,-0.86126,22.83944,21.98253,0.85692,3.0079,2.9904,85.0,0.00484,0.3,degraded
54.66,-7.38491,-6.4996,-0.88531,22.95939,22.12245,0.83695,3.0084,2.9953,85.0,0.01511,0.3,degraded
54.67,-7.57672,-6.66439,-0.91233,23.07923,22.2468,0.83243,2.9857,3.0,85.0,0.01229,0.3,degraded
54.68,-7.77156,-6.91621,-0.85535,23.19895,22.34932,0.84962,2.973,2.9974,85.0,0.00611,0.3,degraded
54.69,-7.96945,-7.14098,-0.82847,23.31851,22.46652,0.85199,3.0108,3.0,85.0,0.00591,0.3,degraded
54.7,-8.17038,-7.35489,-0.8155,23.4379,22.58019,0.85771,3.0024,3.0,85.0,0.00758,0.3,degraded
54.71,-8.37436,-7.54551,-0.82885,23.55709,22.70653,0.85056,2.9905,3.0,85.0,0.0064,0.3,degraded
54.72,-8.58139,-7.72667,-0.85473,23.67606,22.84685,0.82921,3.0124,3.0,85.0,0.00929,0.3,degraded
54.73,-8.79147,-7.88569,-0.90578,23.79479,22.97319,0.8216,3.009,3.0,85.0,0.00734,0.3,degraded
54.74,-9.00459,-8.03531,-0.96928,23.91324,23.07774,0.8355,2.9998,3.0,85.0,0.00921,0.3,degraded
54.75,-9.22075,-8.28231,-0.93845,24.03141,23.18916,0.84224,2.9951,2.9746,85.0,0.01012,0.3,degraded
54.76,-9.43996,-8.51475,-0.9252,24.14925,23.29738,0.85187,3.024,3.0,85.0,0.01186,0.3,degraded
54.77,-9.66219,-8.7234,-0.93879,24.26675,23.41697,0.84978,3.0182,2.0629,85.0,0.00733,0.3,degraded
54.78,-9.88744,-8.91918,-0.96826,24.38388,23.57331,0.81057,3.0182,2.983,85.0,0.01039,0.3,degraded
54.79,-10.11571,-9.09037,-1.02533,24.50062,23.71278,0.78784,2.993,3.0,85.0,0.0125,0.3,degraded
54.8,-10.34697,-9.2908,-1.05618,24.61694,23.82275,0.79419,2.9785,3.0,85.0,0.00836,0.3,degraded
54.81,-10.58123,-9.52907,-1.05216,24.73281,23.93374,0.79907,2.9925,3.0,85.0,0.00499,0.3,degraded
54.82,-10.81846,-9.75623,-1.06223,24.84821,24.03783,0.81037,2.9894,2.8693,85.0,0.00536,0.3,degraded
54.83,-11.05864,-9.96119,-1.09746,24.9631,24.14935,0.81376,2.9717,3.0,85.0,0.00385,0.3,degraded
54.84,-11.30177,-10.15377,-1.148,25.07748,24.25421,0.82326,3.0142,3.0,85.0,0.01443,0.3,degraded
54.85,-11.54782,-10.36396,-1.18386,25.1913,24.36792,0.82338,3.005,3.0,85.0,0.02094,0.3,degraded
54.86,-11.79677,-10.68791,-1.10886,25.30454,24.51504,0.7895,3.0089,2.9893,85.0,0.00757,0.3,degraded
54.87,-12.0486,-10.98535,-1.06325,25.41717,24.66789,0.74929,3.0156,3.0,85.0,0.00984,0.3,degraded
54.88,-12.30328,-11.26925,-1.03403,25.52917,24.79068,0.73849,2.9931,3.0,85.0,0.0094,0.3,degraded
54.89,-12.5608,-11.52779,-1.03301,25.64051,24.90064,0.73986,3.027,2.9941,85.0,0.00497,0.3,degraded
54.9,-12.82112,-11.7753,-1.04582,25.75116,25.00356,0.7476,3.0152,3.0,85.0,0.0042,0.3,degraded
54.91,-13.08422,-11.99952,-1.0847,25.86109,25.11353,0.74756,2.9992,2.986,85.0,0.00645,0.3,degraded
54.92,-13.35007,-12.21134,-1.13873,25.97027,25.21687,0.7534,3.0077,2.9773,85.0,0.00406,0.3,degraded
54.93,-13.61863,-12.39981,-1.21882,26.07868,25.32938,0.7493,2.9874,3.0,85.0,0.00688,0.3,degraded
54.94,-13.88988,-12.60721,-1.28267,26.18629,25.43449,0.7518,2.9916,2.9952,85.0,0.0076,0.3,degraded
54.95,-14.16378,-12.85417,-1.30961,26.29307,25.54535,0.74772,2.9869,2.9968,85.0,0.00411,0.3,degraded
54.96,-14.4403,-13.08765,-1.35265,26.39899,25.64943,0.74956,2.9993,3.0,85.0,0.00866,0.3,degraded
54.97,-14.7194,-13.34325,-1.37615,26.50402,25.75959,0.74443,2.9763,2.998,85.0,0.01024,0.3,degraded
54.98,-15.00104,-13.65527,-1.34577,26.60814,25.86418,0.74396,2.9788,3.0,85.0,0.00455,0.3,degraded
54.99,-15.28519,-13.94238,-1.3428,26.71131,25.97233,0.73897,2.9798,2.9998,85.0,0.00502,0.3,degraded
55.0,-15.5718,-14.21599,-1.3558,26.81351,26.07386,0.73964,3.0079,3.0,85.0,0.00622,0.3,degraded
55.01,-15.86083,-14.46595,-1.39487,26.9147,26.18028,0.73442,3.0055,3.0,85.0,0.00461,0.3,degraded
55.02,-16.15224,-14.70507,-1.44717,27.01486,26.28038,0.73448,3.0143,3.0,85.0,0.0064,0.3,degraded
55.03,-16.44599,-15.0029,-1.44309,27.11397,26.38698,0.72699,2.9846,3.0,85.0,0.00832,0.3,degraded
55.04,-16.74202,-15.30697,-1.43505,27.21198,26.48573,0.72625,2.989,2.9882,85.0,0.00458,0.3,degraded
55.05,-17.0403,-15.58782,-1.45248,27.30888,26.58962,0.71925,2.9963,3.0,85.0,0.00837,0.3,degraded
55.06,-17.34077,-15.85778,-1.48299,27.40462,26.71421,0.69042,3.0111,2.9883,85.0,0.00737,0.3,degraded
55.07,-17.64339,-16.1085,-1.53489,27.4992,26.85573,0.64346,2.9945,3.0,85.0,0.01687,0.3,degraded
55.08,-17.9481,-16.46604,-1.48206,27.59256,26.96965,0.62291,3.0032,3.0,85.0,0.01316,0.3,degraded
55.09,-18.25485,-16.82932,-1.42554,27.68469,27.07827,0.60643,3.0187,3.0,85.0,0.00575,0.3,degraded
55.1,-18.5636,-17.18149,-1.38211,27.77556,27.17859,0.59697,3.0039,2.9952,85.0,0.00474,0.3,degraded
55.11,-18.87428,-17.50714,-1.36714,27.86514,27.28684,0.57829,2.9848,3.0,85.0,0.00392,0.3,degraded
55.12,-19.18684,-17.81874,-1.3681,27.95339,27.38806,0.56533,3.0003,3.0,85.0,0.00592,0.3,degraded
55.13,-19.50122,-18.1036,-1.39763,28.0403,27.49606,0.54424,2.9997,2.9911,85.0,0.00634,0.3,degraded
55.14,-19.81738,-18.37345,-1.44393,28.12582,27.59272,0.5331,3.0093,3.0,85.0,0.00431,0.3,degraded
55.15,-20.13524,-18.61898,-1.51626,28.20994,27.69236,0.51758,2.9945,2.964,85.0,0.00335,0.3,degraded
55.16,-20.45475,-18.89418,-1.56057,28.29262,27.78801,0.50461,3.0129,3.0,85.0,0.0035,0.3,degraded
55.17,-20.77584,-19.15586,-1.61998,28.37384,27.89076,0.48307,2.9847,3.0,85.0,0.00923,0.3,degraded
55.18,-21.09847,-19.50774,-1.59073,28.45356,27.98523,0.46833,3.0052,3.0,85.0,0.01018,0.3,degraded
55.19,-21.42256,-19.86158,-1.56098,28.53176,28.08658,0.44519,2.9943,3.0,85.0,0.00583,0.3,degraded
55.2,-21.74805,-20.20111,-1.54694,28.60842,28.18163,0.42678,3.0042,2.9863,85.0,0.00432,0.3,degraded
55.21,-22.07488,-20.51351,-1.56137,28.68349,28.28332,0.40017,2.9997,3.0,85.0,0.0049,0.3,degraded
55.22,-22.40299,-20.81258,-1.59041,28.75696,28.37813,0.37883,2.9924,2.9963,85.0,0.00635,0.3,degraded
55.23,-22.7323,-21.08604,-1.64626,28.82879,28.48125,0.34754,3.0245,2.9777,85.0,0.00845,0.3,degraded
55.24,-23.06274,-21.41798,-1.64477,28.89897,28.57905,0.31992,3.0008,3.0,85.0,0.00934,0.3,degraded
55.25,-23.39426,-21.77261,-1.62165,28.96745,28.68219,0.28526,2.9986,2.9971,85.0,0.00545,0.3,degraded
55.26,-23.72679,-22.11654,-1.61025,29.03422,28.77905,0.25516,3.0057,3.0,85.0,0.00439,0.3,degraded
55.27,-24.06025,-22.43697,-1.62327,29.09924,28.87773,0.22151,2.9766,3.0,85.0,0.00388,0.3,degraded
55.28,-24.39457,-22.74644,-1.64813,29.1625,28.97137,0.19112,3.0061,2.9974,85.0,0.00522,0.3,degraded
55.29,-24.72969,-23.03407,-1.69561,29.22396,29.07053,0.15343,2.98,2.9854,85.0,0.00628,0.3,degraded
55.3,-25.06552,-23.34669,-1.71884,29.28359,29.16332,0.12027,3.0061,2.9913,85.0,0.00542,0.3,degraded
55.31,-25.40201,-23.68614,-1.71588,29.34137,29.26208,0.07929,2.9876,3.0,85.0,0.00613,0.3,degraded
55.32,-25.73908,-24.01091,-1.72817,29.39728,29.35334,0.04394,2.9998,3.0,85.0,0.00444,0.3,degraded
55.33,-26.07666,-24.31155,-1.76511,29.45129,29.45423,-0.00295,3.0124,3.0,85.0,0.0116,0.3,degraded
55.34,-26.41466,-24.66008,-1.75458,29.50337,29.54982,-0.04646,3.0065,3.0,85.0,0.01298,0.3,degraded
55.35,-26.75303,-25.07082,-1.68221,29.55349,29.65333,-0.09984,2.9842,3.0,85.0,0.00416,0.3,degraded
55.36,-27.09167,-25.47088,-1.62079,29.60164,29.74943,-0.14779,3.017,2.9867,85.0,0.00494,0.3,degraded
55.37,-27.43053,-25.8481,-1.58243,29.64779,29.85015,-0.20236,3.0188,3.0,85.0,0.0085,0.3,degraded
55.38,-27.76951,-26.21252,-1.55699,29.69191,29.93469,-0.24279,3.0141,2.9971,85.0,0.00866,0.3,degraded
55.39,-28.10856,-26.55351,-1.55505,29.73397,30.01122,-0.27725,3.0057,3.0,85.0,0.00661,0.3,degraded
55.4,-28.44758,-26.88872,-1.55887,29.77396,30.05351,-0.27954,2.9823,2.9833,85.0,0.00578,0.3,degraded
55.41,-28.78651,-27.19832,-1.58819,29.81186,30.10001,-0.28815,2.9773,2.9901,85.0,0.00541,0.3,degraded
55.42,-29.12527,-27.49603,-1.62924,29.84763,30.13712,-0.2895,3.0319,3.0,85.0,0.00399,0.3,degraded
55.43,-29.46377,-27.77077,-1.693,29.88125,30.17774,-0.29649,2.9853,3.0,85.0,0.00285,0.3,degraded
55.44,-29.80195,-28.0576,-1.74436,29.91271,30.21132,-0.29861,3.0208,3.0,85.0,0.01662,0.3,degraded
55.45,-30.13973,-28.41833,-1.72139,29.94197,30.25099,-0.30902,2.9924,3.0,85.0,0.01215,0.3,degraded
55.46,-30.47702,-28.83091,-1.64611,29.96902,30.28551,-0.31649,2.9891,2.9811,85.0,0.00564,0.3,degraded
55.47,-30.81375,-29.2175,-1.59626,29.99384,30.32568,-0.33184,2.9963,2.9946,85.0,0.0061,0.3,degraded
55.48,-31.14985,-29.59072,-1.55913,30.0164,30.35703,-0.34063,3.0003,2.9992,85.0,0.00431,0.3,degraded
55.49,-31.48522,-29.9398,-1.54542,30.03669,30.39306,-0.35637,3.0181,3.0,85.0,0.00909,0.3,degraded
55.5,-31.81981,-30.27556,-1.54425,30.05467,30.38857,-0.33389,2.9996,3.0,85.0,0.00936,0.3,degraded
55.51,-32.15352,-30.58521,-1.56831,30.07034,30.38358,-0.31324,2.9876,3.0,85.0,0.0042,0.3,degraded
55.52,-32.48628,-30.88323,-1.60305,30.08368,30.37138,-0.28771,3.0046,2.9989,85.0,0.00501,0.3,degraded
55.53,-32.81801,-31.1577,-1.66031,30.09465,30.36476,-0.2701,3.0254,2.996,85.0,0.00432,0.3,degraded
55.54,-33.14863,-31.44264,-1.70599,30.10325,30.35396,-0.25071,3.0049,2.9927,85.0,0.00341,0.3,degraded
55.55,-33.47807,-31.73983,-1.73824,30.10946,30.35089,-0.24143,2.9995,2.973,85.0,0.00221,0.3,degraded
55.56,-33.80625,-32.03012,-1.77613,30.11325,30.34389,-0.23064,3.0097,2.9948,85.0,0.00859,0.3,degraded
55.57,-34.13309,-32.33107,-1.80202,30.11462,30.34354,-0.22892,2.9969,3.0,85.0,0.00411,0.3,degraded
55.58,-34.45852,-32.6795,-1.77902,30.11353,30.33598,-0.22244,3.0064,3.0,85.0,0.00524,0.3,degraded
55.59,-34.78245,-33.0022,-1.78025,30.10998,30.33524,-0.22526,2.9819,2.9819,85.0,0.00574,0.3,degraded
55.6,-35.10481,-33.31438,-1.79043,30.10395,30.32969,-0.22574,3.014,2.9894,85.0,0.00569,0.3,degraded
55.61,-35.42553,-33.62286,-1.80267,30.09542,30.33193,-0.23651,3.0015,3.0,85.0,0.00539,0.3,degraded
55.62,-35.74452,-33.98645,-1.75807,30.08438,30.32725,-0.24287,3.0064,2.9935,85.0,0.00569,0.3,degraded
55.63,-36.06171,-34.32486,-1.73685,30.07081,30.32817,-0.25735,3.0073,3.0,85.0,0.00387,0.3,degraded
55.64,-36.37703,-34.65181,-1.72522,30.0547,30.32266,-0.26796,2.985,2.9828,85.0,0.00344,0.3,degraded
55.65,-36.6904,-34.9577,-1.73271,30.03604,30.32407,-0.28803,2.9932,3.0,85.0,0.00586,0.3,degraded
55.66,-37.00175,-35.24949,-1.75226,30.0148,30.3181,-0.3033,3.0254,2.9941,85.0,0.00821,0.3,degraded
55.67,-37.31101,-35.63088,-1.68013,29.99098,30.3192,-0.32822,2.9921,2.9891,85.0,0.00766,0.3,degraded
55.68,-37.61809,-35.99898,-1.61911,29.96456,30.31449,-0.34993,3.0117,3.0,85.0,0.00625,0.3,degraded
55.69,-37.92293,-36.34005,-1.58288,29.93553,30.31375,-0.37821,3.0051,3.0,85.0,0.00593,0.3,degraded
55.7,-38.22546,-36.66955,-1.55591,29.90389,30.29803,-0.39414,3.0015,2.9793,85.0,0.00465,0.3,degraded
55.71,-38.5256,-36.97608,-1.54952,29.86961,30.28505,-0.41545,3.0099,3.0,85.0,0.00615,0.3,degraded
55.72,-38.82329,-37.27042,-1.55286,29.83269,30.26447,-0.43178,2.9978,2.9923,85.0,0.00634,0.3,degraded
55.73,-39.11844,-37.54041,-1.57803,29.79312,30.24517,-0.45205,3.0045,2.9976,85.0,0.00356,0.3,degraded
55.74,-39.411,-37.81089,-1.60011,29.75088,30.2122,-0.46132,3.0052,2.9745,85.0,0.00333,0.3,degraded
55.75,-39.7009,-38.09566,-1.60524,29.70598,30.18578,-0.4798,2.9941,3.0,85.0,0.00507,0.3,degraded
55.76,-39.98806,-38.36878,-1.61929,29.65839,30.15242,-0.49403,2.9811,3.0,85.0,0.00808,0.3,degraded
55.77,-40.27242,-38.69996,-1.57247,29.60811,30.10781,-0.49969,2.981,3.0,85.0,0.00999,0.3,degraded
55.78,-40.55392,-39.03822,-1.5157,29.55514,30.05521,-0.50007,2.9865,2.9841,85.0,0.00583,0.3,degraded
55.79,-40.83248,-39.35045,-1.48203,29.49947,30.00847,-0.509,2.996,2.9873,85.0,0.00334,0.3,degraded
55.8,-41.10805,-39.6521,-1.45595,29.44109,29.95449,-0.5134,3.0079,3.0,85.0,0.00477,0.3,degraded
55.81,-41.38055,-39.92979,-1.45076,29.37999,29.90704,-0.52705,2.9913,3.0,85.0,0.00544,0.3,degraded
55.82,-41.64993,-40.19422,-1.45571,29.31617,29.84917,-0.533,3.0131,3.0,85.0,0.00297,0.3,degraded
55.83,-41.91613,-40.43541,-1.48072,29.24963,29.79958,-0.54996,3.0017,3.0,85.0,0.00805,0.3,degraded
55.84,-42.17908,-40.71504,-1.46404,29.18036,29.73573,-0.55538,3.0073,2.9917,85.0,0.00909,0.3,degraded
55.85,-42.43872,-40.98524,-1.45348,29.10835,29.6379,-0.52955,3.0062,2.9762,85.0,0.00354,0.3,degraded
55.86,-42.695,-41.24383,-1.45117,29.0336,29.5352,-0.5016,3.0158,3.0,85.0,0.00662,0.3,degraded
55.87,-42.94786,-41.49622,-1.45164,28.95612,29.44091,-0.48479,2.9942,2.976,85.0,0.0085,0.3,degraded
55.88,-43.19724,-41.81302,-1.38422,28.87589,29.34294,-0.46705,2.9918,2.9691,85.0,0.00352,0.3,degraded
55.89,-43.44308,-42.10667,-1.33641,28.79292,29.25375,-0.46083,2.997,2.9873,85.0,0.00471,0.3,degraded
55.9,-43.68533,-42.38721,-1.29812,28.70721,29.1575,-0.45029,2.9966,3.0,85.0,0.00622,0.3,degraded
55.91,-43.92395,-42.64116,-1.28279,28.61875,29.0668,-0.44805,3.013,3.0,85.0,0.00467,0.3,degraded
55.92,-44.15886,-42.88311,-1.27575,28.52754,28.96764,-0.4401,3.0084,2.9955,85.0,0.0049,0.3,degraded
55.93,-44.39003,-43.09959,-1.29045,28.4336,28.87603,-0.44244,3.0255,2.9796,85.0,0.00407,0.3,degraded
55.94,-44.61741,-43.3134,-1.30401,28.33691,28.7804,-0.4435,3.011,2.9923,85.0,0.00772,0.3,degraded
55.95,-44.84094,-43.55044,-1.2905,28.23748,28.6902,-0.45272,2.9946,2.9972,85.0,0.00545,0.3,degraded
55.96,-45.06059,-43.82757,-1.23302,28.13531,28.59478,-0.45947,2.9935,3.0,85.0,0.00639,0.3,degraded
55.97,-45.27629,-44.07854,-1.19775,28.0304,28.50575,-0.47535,2.9717,3.0,85.0,0.00493,0.3,degraded
55.98,-45.48801,-44.31444,-1.17358,27.92276,28.4091,-0.48634,3.0127,2.98,85.0,0.00402,0.3,degraded
55.99,-45.69571,-44.52905,-1.16666,27.8124,28.31827,-0.50587,3.0154,2.9939,85.0,0.0435,0.3,degraded
56.0,23.50257,-44.69317,68.19574,16.0196,28.22195,-12.20235,2.9946,3.0,85.0,0.3,0.3,degraded
56.01,23.50257,-43.56189,67.06447,16.0196,26.94418,-10.92458,3.0025,3.0,85.0,0.3,0.3,degraded
56.02,23.50257,-40.5609,64.06347,16.0196,25.24948,-9.22988,3.007,2.9881,85.0,0.3,0.3,degraded
56.03,23.50257,-35.67849,59.18106,16.0196,23.88693,-7.86733,2.9972,2.986,85.0,0.3,0.3,degraded
56.04,23.50257,-28.93518,52.43776,16.0196,22.65402,-6.63441,2.9919,3.0,85.0,0.3,0.3,degraded
56.05,23.50257,-20.31858,43.82115,16.0196,21.69368,-5.67408,3.0247,2.9719,85.0,0.10158,0.3,degraded
56.06,23.50257,-11.4019,34.90448,16.0196,20.7908,-4.7712,3.0194,3.0,85.0,0.27395,0.3,degraded
56.07,23.50257,-4.06609,27.56866,16.0196,20.09034,-4.07074,2.987,3.0,85.0,0.2818,0.3,degraded
56.08,23.50257,1.91818,21.58439,16.0196,19.40691,-3.38731,2.9926,3.0,85.0,0.22934,0.3,degraded
56.09,23.50257,6.82239,16.68019,16.0196,18.81226,-2.79266,3.0115,3.0,85.0,0.19828,0.3,degraded
56.1,23.50257,10.81435,12.68822,16.0196,18.33657,-2.31697,3.0097,2.9884,85.0,0.19464,0.3,degraded
56.11,23.50257,14.0274,9.47517,16.0196,17.90575,-1.88615,3.0125,3.0,85.0,0.16474,0.3,degraded
56.12,23.50257,16.62564,6.87693,16.0196,17.57018,-1.55058,1.2865,3.0,85.0,0.12871,0.3,degraded
56.13,23.50257,18.77919,4.72339,16.0196,17.28509,-1.26549,3.0043,3.0,85.0,0.07107,0.3,degraded
56.14,23.50257,20.4671,3.03547,16.0196,17.02047,-1.00086,3.0013,2.966,85.0,0.06999,0.3,degraded
56.15,23.50257,21.87895,1.62363,16.0196,16.78409,-0.76449,2.9802,3.0,85.0,0.08608,0.3,degraded
56.16,23.50257,22.96077,0.5418,16.0196,16.56616,-0.54656,2.9996,2.9953,85.0,0.04963,0.3,degraded
56.17,23.50257,23.84463,-0.34205,16.0196,16.4184,-0.3988,3.0136,2.9836,85.0,0.05094,0.3,degraded
56.18,23.50257,24.5225,-1.01993,16.0196,16.29661,-0.27701,3.0072,3.0,85.0,0.04653,0.3,degraded
56.19,23.50257,25.07599,-1.57341,16.0196,16.19944,-0.17984,2.9714,3.0,85.0,0.02774,0.3,degraded
56.2,23.50257,25.49559,-1.99301,16.0196,16.09696,-0.07736,3.0207,2.9754,85.0,0.02799,0.3,degraded
56.21,23.50257,25.78036,-2.27779,16.0196,15.99913,0.02047,3.0199,2.9851,85.0,0.01384,0.3,degraded
56.22,23.50257,26.0401,-2.53752,16.0196,15.95949,0.06012,2.951,2.9832,85.0,0.02862,0.3,degraded
56.23,23.50257,26.21918,-2.71661,16.0196,15.94385,0.07575,3.0088,2.9989,85.0,0.01996,0.3,degraded
56.24,23.50257,26.28258,-2.78001,16.0196,15.92038,0.09922,2.9744,2.9773,85.0,0.00241,0.3,degraded
56.25,23.50257,26.35316,-2.85059,16.0196,15.90262,0.11698,3.0082,2.9834,85.0,0.00055,0.3,degraded
56.26,23.50257,26.41611,-2.91353,16.0196,15.87776,0.14184,2.9996,3.0,85.0,0.00109,0.3,degraded
56.27,23.50257,26.48433,-2.98176,16.0196,15.85811,0.16149,2.9656,3.0,85.0,0.02089,0.3,degraded
56.28,23.50257,26.50019,-2.99762,16.0196,15.82996,0.18965,3.013,2.9813,85.0,0.01826,0.3,degraded
56.29,23.50257,26.3895,-2.88693,16.0196,15.80287,0.21673,3.0143,2.975,85.0,0.00386,0.3,degraded
56.3,23.50257,26.28793,-2.78535,16.0196,15.76621,0.25339,2.9923,3.0,85.0,0.00322,0.3,degraded
56.31,23.50257,26.19343,-2.69085,16.0196,15.73571,0.28389,3.0014,2.9871,85.0,0.00208,0.3,degraded
56.32,23.50257,26.09599,-2.59342,16.0196,15.70276,0.31684,3.0045,2.9976,85.0,0.00353,0.3,degraded
56.33,23.50257,26.00713,-2.50456,16.0196,15.68656,0.33304,2.9582,3.0,85.0,0.00423,0.3,degraded
56.34,23.50257,25.91516,-2.41259,16.0196,15.67274,0.34686,3.0008,2.9725,85.0,0.0015,0.3,degraded
56.35,23.50257,25.8301,-2.32753,16.0196,15.665,0.3546,3.0302,2.9772,85.0,0.00094,0.3,degraded
56.36,23.50257,25.73646,-2.23389,16.0196,15.65117,0.36843,3.0066,2.9915,85.0,0.00486,0.3,degraded
56.37,23.50257,25.64774,-2.14517,16.0196,15.6651,0.3545,2.9782,3.0,85.0,0.00383,0.3,degraded
56.38,23.50257,25.55393,-2.05136,16.0196,15.67543,0.34417,2.9844,2.9872,85.0,0.00092,0.3,degraded
56.39,23.50257,25.46872,-1.96614,16.0196,15.69019,0.32941,2.9867,2.9844,85.0,0.00225,0.3,degraded
56.4,23.50257,25.37955,-1.87698,16.0196,15.69558,0.32403,2.9772,2.9789,85.0,0.00159,0.3,degraded
56.41,23.50257,25.299,-1.79642,16.0196,15.70624,0.31336,2.9955,3.0,85.0,0.00045,0.3,degraded
56.42,23.50257,25.21293,-1.71035,16.0196,15.71289,0.30672,3.0075,2.9877,85.0,0.00177,0.3,degraded
56.43,23.50257,25.13402,-1.63144,16.0196,15.72432,0.29528,2.9118,3.0,85.0,0.00484,0.3,degraded
56.44,23.50257,25.06237,-1.55979,16.0196,15.72871,0.2909,2.998,2.989,85.0,0.00316,0.3,degraded
56.45,23.50257,25.0175,-1.51493,16.0196,15.7382,0.2814,3.0159,2.9969,85.0,0.00221,0.3,degraded
56.46,23.50257,24.96713,-1.46456,16.0196,15.74074,0.27886,2.9931,2.9736,85.0,0.00183,0.3,degraded
56.47,23.50257,24.92542,-1.42285,16.0196,15.74765,0.27195,3.003,3.0,85.0,0.0005,0.3,degraded
56.48,23.50257,24.87638,-1.3738,16.0196,15.7472,0.2724,2.9929,2.9934,85.0,0.00233,0.3,degraded
56.49,23.50257,24.82895,-1.32638,16.0196,15.75022,0.26938,3.0041,3.0,85.0,0.00275,0.3,degraded
56.5,23.50257,24.77334,-1.27076,16.0196,15.74942,0.27018,3.0058,2.9994,85.0,0.0,0.3,degraded
56.51,23.50257,24.72232,-1.21975,16.0196,15.75382,0.26578,2.9922,3.0,85.0,0.00258,0.3,degraded
56.52,23.50257,24.66688,-1.16431,16.0196,15.75873,0.26087,2.9955,2.9816,85.0,0.00272,0.3,degraded
56.53,23.50257,24.61686,-1.11428,16.0196,15.774,0.2456,3.0059,2.9816,85.0,0.00043,0.3,degraded
56.54,23.50257,24.5607,-1.05812,16.0196,15.78578,0.23382,2.999,2.9846,85.0,0.00168,0.3,degraded
56.55,23.50257,24.50996,-1.00739,16.0196,15.80399,0.21561,3.0027,3.0,85.0,0.00279,0.3,degraded
56.56,23.50257,24.45429,-0.95171,16.0196,15.8149,0.2047,2.9845,2.9915,85.0,0.00123,0.3,degraded
56.57,23.50257,24.41516,-0.91259,16.0196,15.83195,0.18766,3.0145,3.0,85.0,0.00051,0.3,degraded
56.58,23.50257,24.3681,-0.86552,16.0196,15.84002,0.17958,3.0048,3.0,85.0,0.00225,0.3,degraded
56.59,23.50257,24.32782,-0.82525,16.0196,15.85391,0.16569,2.9815,2.9865,85.0,0.0009,0.3,degraded
56.6,23.50257,24.28431,-0.78174,16.0196,15.86133,0.15827,3.0011,3.0,85.0,0.00326,0.3,degraded
56.61,23.50257,24.26087,-0.75829,16.0196,15.87677,0.14283,3.0025,2.9913,85.0,0.00397,0.3,degraded
56.62,23.50257,24.23697,-0.7344,16.0196,15.88484,0.13476,3.0071,2.9896,85.0,0.0006,0.3,degraded
56.63,23.50257,24.21885,-0.71627,16.0196,15.89922,0.12038,3.0038,3.0,85.0,0.00022,0.3,degraded
56.64,23.50257,24.19518,-0.69261,16.0196,15.90693,0.11267,3.0211,3.0,85.0,0.00196,0.3,degraded
56.65,23.50257,24.17624,-0.67367,16.0196,15.919,0.1006,2.9969,3.0,85.0,0.00054,0.3,degraded
56.66,23.50257,24.15303,-0.65046,16.0196,15.92788,0.09172,3.0066,3.0,85.0,0.00071,0.3,degraded
56.67,23.50257,24.13608,-0.6335,16.0196,15.94243,0.07717,2.989,3.0,85.0,0.00245,0.3,degraded
56.68,23.50257,24.11228,-0.60971,16.0196,15.95007,0.06953,2.9665,2.9895,85.0,0.00131,0.3,degraded
56.69,23.50257,24.09621,-0.59364,16.0196,15.96266,0.05694,3.0092,3.0,85.0,0.00053,0.3,degraded
56.7,23.50257,24.07383,-0.57126,16.0196,15.96822,0.05139,2.9992,3.0,85.0,0.0023,0.3,degraded
56.71,23.50257,24.05746,-0.55489,16.0196,15.98093,0.03867,3.0113,3.0,85.0,0.00161,0.3,degraded
56.72,23.50257,24.03609,-0.53351,16.0196,15.98891,0.03069,3.0041,3.0,85.0,0.00136,0.3,degraded
56.73,23.50257,24.01933,-0.51676,16.0196,16.00729,0.01231,3.0282,3.0,85.0,0.00164,0.3,degraded
56.74,23.50257,23.9961,-0.49353,16.0196,16.02095,-0.00135,2.9969,2.9716,85.0,0.00135,0.3,degraded
56.75,23.50257,23.98169,-0.47912,16.0196,16.03976,-0.02015,2.9926,3.0,85.0,0.00079,0.3,degraded
56.76,23.50257,23.96343,-0.46085,16.0196,16.05345,-0.03385,2.9846,2.9982,85.0,0.0028,0.3,degraded
56.77,23.50257,23.95252,-0.44995,16.0196,16.07712,-0.05752,2.9807,2.9958,85.0,0.00132,0.3,degraded
56.78,23.50257,23.93569,-0.43312,16.0196,16.09577,-0.07617,3.0161,2.9934,85.0,0.00061,0.3,degraded
56.79,23.50257,23.92608,-0.4235,16.0196,16.12024,-0.10064,3.0029,3.0,85.0,0.00187,0.3,degraded
56.8,23.50257,23.90954,-0.40696,16.0196,16.13909,-0.11948,3.0177,3.0,85.0,0.00248,0.3,degraded
56.81,23.50257,23.89762,-0.39505,16.0196,16.16639,-0.14679,2.9923,3.0,85.0,0.00087,0.3,degraded
56.82,23.50257,23.88367,-0.38109,16.0196,16.18799,-0.16839,3.0094,3.0,85.0,0.00186,0.3,degraded
56.83,23.50257,23.87909,-0.37651,16.0196,16.21555,-0.19595,2.9951,2.9903,85.0,0.00236,0.3,degraded
56.84,23.50257,23.86912,-0.36655,16.0196,16.23341,-0.21381,2.9894,3.0,85.0,0.00121,0.3,degraded
56.85,23.50257,23.86749,-0.36492,16.0196,16.25577,-0.23617,3.0177,3.0,85.0,0.00203,0.3,degraded
56.86,23.50257,23.86093,-0.35836,16.0196,16.26747,-0.24787,2.9997,2.9861,85.0,0.00171,0.3,degraded
56.87,23.50257,23.86117,-0.35859,16.0196,16.28377,-0.26417,3.0165,3.0,85.0,0.0,0.3,degraded
56.88,23.50257,23.85626,-0.35369,16.0196,16.29697,-0.27737,3.0123,3.0,85.0,0.00166,0.3,degraded
56.89,23.50257,23.8603,-0.35773,16.0196,16.31531,-0.29571,2.9971,3.0,85.0,0.00289,0.3,degraded
56.9,23.50257,23.86089,-0.35832,16.0196,16.32798,-0.30838,2.991,3.0,85.0,1e-05,0.3,degraded
56.91,23.50257,23.86762,-0.36505,16.0196,16.34805,-0.32845,2.9859,2.9995,85.0,0.00126,0.3,degraded
56.92,23.50257,23.86972,-0.36715,16.0196,16.36236,-0.34276,2.9926,3.0,85.0,0.00308,0.3,degraded
56.93,23.50257,23.88012,-0.37755,16.0196,16.38856,-0.36896,2.9999,3.0,85.0,0.00118,0.3,degraded
56.94,23.50257,23.88438,-0.38181,16.0196,16.40791,-0.38831,3.0134,2.9774,85.0,0.0016,0.3,degraded
56.95,23.50257,23.89328,-0.39071,16.0196,16.43363,-0.41403,2.9978,3.0,85.0,0.00259,0.3,degraded
56.96,23.50257,23.89421,-0.39164,16.0196,16.45276,-0.43316,3.0058,3.0,85.0,0.00112,0.3,degraded
56.97,23.50257,23.90205,-0.39948,16.0196,16.47608,-0.45648,3.0211,2.9708,85.0,0.00086,0.3,degraded
56.98,23.50257,23.90468,-0.40211,16.0196,16.49419,-0.47458,3.0229,2.9797,85.0,0.00202,0.3,degraded
56.99,23.50257,23.91206,-0.40948,16.0196,16.5208,-0.5012,2.9886,2.9796,85.0,0.00124,0.3,degraded
57.0,23.50257,23.91414,-0.41157,16.0196,16.54208,-0.52248,3.0107,3.0,85.0,0.00015,0.3,degraded
57.01,23.50257,23.92234,-0.41976,16.0196,16.56877,-0.54916,2.9902,3.0,85.0,0.00383,0.3,degraded
57.02,23.50257,23.92428,-0.42171,16.0196,16.57021,-0.55061,3.0076,3.0,85.0,0.00314,0.3,degraded
57.03,23.50257,23.93108,-0.4285,16.0196,16.5782,-0.5586,2.956,3.0,85.0,0.00152,0.3,degraded
57.04,23.50257,23.9312,-0.42863,16.0196,16.58279,-0.56318,3.0012,2.7913,85.0,0.00313,0.3,degraded
57.05,23.50257,23.93607,-0.43349,16.0196,16.58348,-0.56388,3.0342,3.0,85.0,0.00223,0.3,degraded
57.06,23.50257,23.93501,-0.43244,16.0196,16.58035,-0.56075,2.9751,3.0,85.0,0.0,0.3,degraded
57.07,23.50257,23.94166,-0.43909,16.0196,16.58356,-0.56395,2.9897,2.9821,85.0,0.00169,0.3,degraded
57.08,23.50257,23.944,-0.44142,16.0196,16.577,-0.5574,3.0018,2.9969,85.0,0.00284,0.3,degraded
57.09,23.50257,23.95089,-0.44831,16.0196,16.56791,-0.54831,2.9756,3.0,85.0,0.00172,0.3,degraded
57.1,23.50257,23.95103,-0.44846,16.0196,16.55121,-0.53161,3.0153,2.9775,85.0,0.00239,0.3,degraded
57.11,23.50257,23.95739,-0.45482,16.0196,16.54286,-0.52325,3.0231,3.0,85.0,0.00217,0.3,degraded
57.12,23.50257,23.95683,-0.45426,16.0196,16.53254,-0.51293,3.0089,2.9807,85.0,0.00034,0.3,degraded
57.13,23.50257,23.96124,-0.45867,16.0196,16.52839,-0.50879,2.9898,2.9955,85.0,0.002,0.3,degraded
57.14,23.50257,23.96006,-0.45749,16.0196,16.51627,-0.49667,3.0127,2.9936,85.0,0.00192,0.3,degraded
57.15,23.50257,23.96423,-0.46166,16.0196,16.50839,-0.48879,3.0367,2.9984,85.0,0.00073,0.3,degraded
57.16,23.50257,23.96057,-0.45799,16.0196,16.49145,-0.47185,3.0148,3.0,85.0,0.0016,0.3,degraded
57.17,23.50257,23.96215,-0.45958,16.0196,16.48169,-0.46209,3.004,2.9748,85.0,0.00614,0.3,degraded
57.18,23.50257,23.92738,-0.42481,16.0196,16.46347,-0.44387,2.9757,2.9861,85.0,0.00414,0.3,degraded
57.19,23.50257,23.88946,-0.38689,16.0196,16.45148,-0.43187,2.9936,2.9981,85.0,0.00127,0.3,degraded
57.2,23.50257,23.84358,-0.34101,16.0196,16.43307,-0.41347,2.9996,2.9774,85.0,0.00206,0.3,degraded
57.21,23.50257,23.80358,-0.30101,16.0196,16.42257,-0.40297,2.9777,3.0,85.0,0.00159,0.3,degraded
57.22,23.50257,23.75756,-0.25499,16.0196,16.40912,-0.38952,2.9899,2.9968,85.0,0.00487,0.3,degraded
57.23,23.50257,23.71509,-0.21251,16.0196,16.38179,-0.36219,3.0054,2.9891,85.0,0.00629,0.3,degraded
57.24,23.50257,23.66616,-0.16358,16.0196,16.32749,-0.30789,3.009,3.0,85.0,0.00066,0.3,degraded
57.25,23.50257,23.62281,-0.12024,16.0196,16.27858,-0.25897,2.9873,3.0,85.0,0.00089,0.3,degraded
57.26,23.50257,23.57481,-0.07224,16.0196,16.22636,-0.20676,3.0002,3.0,85.0,0.00229,0.3,degraded
57.27,23.50257,23.53152,-0.02895,16.0196,16.1795,-0.1599,2.9637,3.0,85.0,0.00085,0.3,degraded
57.28,23.50257,23.48421,0.01837,16.0196,16.12659,-0.10699,2.9977,2.9993,85.0,0.00059,0.3,degraded
57.29,23.50257,23.44504,0.05753,16.0196,16.07973,-0.06013,3.0008,3.0,85.0,0.00267,0.3,degraded
57.3,23.50257,23.4002,0.10237,16.0196,16.02695,-0.00734,2.9833,3.0,85.0,0.00084,0.3,degraded
57.31,23.50257,23.36333,0.13925,16.0196,15.98083,0.03877,3.023,2.9941,85.0,0.00128,0.3,degraded
57.32,23.50257,23.31999,0.18259,16.0196,15.92876,0.09084,3.0037,3.0,85.0,0.00226,0.3,degraded
57.33,23.50257,23.28317,0.2194,16.0196,15.88307,0.13654,3.0296,3.0,85.0,0.00245,0.3,degraded
57.34,23.50257,23.25482,0.24775,16.0196,15.83035,0.18925,3.0167,3.0,85.0,0.00243,0.3,degraded
57.35,23.50257,23.23744,0.26513,16.0196,15.78554,0.23407,2.9823,3.0,85.0,0.0041,0.3,degraded
57.36,23.50257,23.21587,0.28671,16.0196,15.73442,0.28518,2.6319,2.9734,85.0,0.0037,0.3,degraded
57.37,23.50257,23.22448,0.2781,16.0196,15.68917,0.33043,3.0091,3.0,85.0,0.00021,0.3,degraded
57.38,23.50257,23.22534,0.27724,16.0196,15.63869,0.38091,2.9912,2.9876,85.0,0.00204,0.3,degraded
57.39,23.50257,23.23123,0.27134,16.0196,15.59643,0.42317,2.9724,2.9905,85.0,0.00932,0.3,degraded
57.4,23.50257,23.23108,0.27149,16.0196,15.61261,0.40699,2.9813,2.9902,85.0,0.00894,0.3,degraded
57.41,23.50257,23.23701,0.26556,16.0196,15.65323,0.36637,2.9934,2.9778,85.0,0.00193,0.3,degraded
57.42,23.50257,23.23673,0.26584,16.0196,15.68694,0.33266,3.0005,3.0,85.0,0.00121,0.3,degraded
57.43,23.50257,23.24254,0.26004,16.0196,15.72828,0.29132,3.0071,2.9767,85.0,0.0,0.3,degraded
57.44,23.50257,23.24351,0.25906,16.0196,15.76166,0.25794,3.0261,2.9959,85.0,0.00185,0.3,degraded
57.45,23.50257,23.25052,0.25205,16.0196,15.80147,0.21813,3.0208,2.9772,85.0,0.00183,0.3,degraded
57.46,23.50257,23.25282,0.24976,16.0196,15.83512,0.18448,2.9762,3.0,85.0,0.00042,0.3,degraded
57.47,23.50257,23.26459,0.23799,16.0196,15.87527,0.14433,3.01,2.992,85.0,0.00208,0.3,degraded
57.48,23.50257,23.27103,0.23154,16.0196,15.90545,0.11416,2.9981,2.9968,85.0,0.00248,0.3,degraded
57.49,23.50257,23.28169,0.22088,16.0196,15.94184,0.07776,3.0008,2.9803,85.0,0.00047,0.3,degraded
57.5,23.50257,23.28531,0.21726,16.0196,15.97229,0.04731,3.0276,3.0,85.0,0.00152,0.3,degraded
57.51,23.50257,23.29184,0.21073,16.0196,16.00892,0.01068,2.9841,3.0,85.0,0.00194,0.3,degraded
57.52,23.50257,23.29229,0.21028,16.0196,16.03795,-0.01835,3.0139,3.0,85.0,0.00037,0.3,degraded
57.53,23.50257,23.30128,0.20129,16.0196,16.07469,-0.05509,2.9968,2.9999,85.0,0.00178,0.3,degraded
57.54,23.50257,23.30175,0.20082,16.0196,16.10862,-0.08902,2.9967,2.9855,85.0,0.00249,0.3,degraded
57.55,23.50257,23.30578,0.19679,16.0196,16.14743,-0.12783,3.0198,2.9775,85.0,0.00122,0.3,degraded
57.56,23.50257,23.30258,0.2,16.0196,16.17935,-0.15975,2.9942,3.0,85.0,0.00196,0.3,degraded
57.57,23.50257,23.30339,0.19918,16.0196,16.21894,-0.19934,3.0124,2.9776,85.0,0.00392,0.3,degraded
57.58,23.50257,23.30708,0.19549,16.0196,16.25412,-0.23452,3.0106,3.0,85.0,0.00515,0.3,degraded
57.59,23.50257,23.32047,0.1821,16.0196,16.2718,-0.2522,2.9997,3.0,85.0,0.0048,0.3,degraded
57.6,23.50257,23.32796,0.17462,16.0196,16.27124,-0.25164,3.0083,3.0,85.0,0.00223,0.3,degraded
57.61,23.50257,23.34184,0.16073,16.0196,16.27668,-0.25708,3.0186,3.0,85.0,0.00117,0.3,degraded
57.62,23.50257,23.34733,0.15524,16.0196,16.27697,-0.25737,3.0193,3.0,85.0,0.00141,0.3,degraded
57.63,23.50257,23.3562,0.14637,16.0196,16.28345,-0.26385,3.0092,3.0,85.0,0.00203,0.3,degraded
57.64,23.50257,23.3586,0.14398,16.0196,16.28556,-0.26596,2.9973,2.982,85.0,0.00135,0.3,degraded
57.65,23.50257,23.36542,0.13715,16.0196,16.29006,-0.27046,3.0058,2.9806,85.0,0.0006,0.3,degraded
57.66,23.50257,23.36657,0.136,16.0196,16.29102,-0.27142,3.0317,2.9908,85.0,0.00203,0.3,degraded
57.67,23.50257,23.37609,0.12648,16.0196,16.29917,-0.27957,3.0033,2.9916,85.0,0.00109,0.3,degraded
57.68,23.50257,23.37866,0.12391,16.0196,16.29956,-0.27996,3.0024,2.9952,85.0,0.00105,0.3,degraded
57.69,23.50257,23.38655,0.11603,16.0196,16.30555,-0.28595,3.0064,3.0,85.0,0.00225,0.3,degraded
57.7,23.50257,23.38709,0.11548,16.0196,16.30606,-0.28646,3.0109,2.9963,85.0,0.00175,0.3,degraded
57.71,23.50257,23.39149,0.11109,16.0196,16.31349,-0.29389,3.0125,3.0,85.0,0.00046,0.3,degraded
57.72,23.50257,23.38522,0.11735,16.0196,16.31412,-0.29452,2.9979,3.0,85.0,0.00249,0.3,degraded
57.73,23.50257,23.38489,0.11769,16.0196,16.31999,-0.30039,2.9929,2.9875,85.0,0.0017,0.3,degraded
57.74,23.50257,23.37746,0.12511,16.0196,16.31799,-0.29839,2.9834,2.9957,85.0,0.00235,0.3,degraded
57.75,23.50257,23.38999,0.11258,16.0196,16.31825,-0.29865,2.9745,3.0,85.0,0.00326,0.3,degraded
57.76,23.50257,23.4004,0.10218,16.0196,16.31163,-0.29203,2.9895,2.9931,85.0,0.00186,0.3,degraded
57.77,23.50257,23.41586,0.08671,16.0196,16.30978,-0.29018,3.021,3.0,85.0,0.00136,0.3,degraded
57.78,23.50257,23.42265,0.07993,16.0196,16.2997,-0.2801,3.0028,2.9807,85.0,0.00217,0.3,degraded
57.79,23.50257,23.43509,0.06749,16.0196,16.2946,-0.275,3.0009,3.0,85.0,0.00257,0.3,degraded
57.8,23.50257,23.44327,0.0593,16.0196,16.28234,-0.26274,2.9789,3.0,85.0,0.00089,0.3,degraded
57.81,23.50257,23.4608,0.04177,16.0196,16.27682,-0.25722,3.0165,2.9926,85.0,0.00232,0.3,degraded
57.82,23.50257,23.47333,0.02924,16.0196,16.26362,-0.24402,3.0025,2.9922,85.0,0.00225,0.3,degraded
57.83,23.50257,23.49503,0.00754,16.0196,16.25768,-0.23808,2.9886,2.9802,85.0,0.00045,0.3,degraded
57.84,23.50257,23.50971,-0.00714,16.0196,16.24797,-0.22837,3.0145,3.0,85.0,0.00179,0.3,degraded
57.85,23.50257,23.52865,-0.02608,16.0196,16.24699,-0.22739,3.0068,2.9959,85.0,0.00239,0.3,degraded
57.86,23.50257,23.54163,-0.03905,16.0196,16.24339,-0.22379,2.9904,2.985,85.0,0.00022,0.3,degraded
57.87,23.50257,23.56496,-0.06239,16.0196,16.24565,-0.22605,3.0077,2.9113,85.0,0.00248,0.3,degraded
57.88,23.50257,23.58527,-0.0827,16.0196,16.23746,-0.21786,3.0028,3.0,85.0,0.00264,0.3,degraded
57.89,23.50257,23.61153,-0.10895,16.0196,16.23743,-0.21783,3.0074,2.9973,85.0,0.00048,0.3,degraded
57.9,23.50257,23.63209,-0.12952,16.0196,16.23085,-0.21125,2.984,2.9943,85.0,0.00088,0.3,degraded
57.91,23.50257,23.65971,-0.15714,16.0196,16.23036,-0.21076,2.9933,3.0,85.0,0.00187,0.3,degraded
57.92,23.50257,23.68065,-0.17808,16.0196,16.22224,-0.20264,3.0011,3.0,85.0,0.00122,0.3,degraded
57.93,23.50257,23.7077,-0.20513,16.0196,16.21904,-0.19944,2.9739,3.0,85.0,0.00066,0.3,degraded
57.94,23.50257,23.72958,-0.227,16.0196,16.21025,-0.19065,2.9872,2.9938,85.0,0.00178,0.3,degraded
57.95,23.50257,23.75764,-0.25506,16.0196,16.20575,-0.18615,3.0141,3.0,85.0,0.00106,0.3,degraded
57.96,23.50257,23.77879,-0.27621,16.0196,16.19659,-0.17699,2.9923,3.0,85.0,0.00115,0.3,degraded
57.97,23.50257,23.80812,-0.30555,16.0196,16.19671,-0.17711,2.9873,3.0,85.0,0.00256,0.3,degraded
57.98,23.50257,23.83109,-0.32851,16.0196,16.19167,-0.17207,2.9922,3.0,85.0,0.00197,0.3,degraded
57.99,23.50257,23.86083,-0.35826,16.0196,16.19148,-0.17188,3.0076,2.7695,85.0,0.04452,0.3,degraded
58.0,-32.04294,23.88374,-55.92668,-16.70743,16.13094,-32.83837,2.9951,3.0,85.0,0.3,0.3,degraded
58.01,-32.00989,22.78333,-54.79321,-16.8434,14.63854,-31.48194,2.9769,3.0,85.0,0.3,0.3,degraded
58.02,-31.97877,19.79954,-51.77831,-16.97732,11.02545,-28.00277,3.011,3.0,85.0,0.3,0.3,degraded
58.03,-31.94955,14.94865,-46.8982,-17.10921,6.72447,-23.83368,2.999,3.0,85.0,0.3,0.3,degraded
58.04,-31.9222,8.22254,-40.14474,-17.23907,3.04138,-20.28045,3.0127,3.0,85.0,0.24186,0.3,degraded
58.05,-31.89667,0.43147,-32.32814,-17.3669,-0.13468,-17.23222,2.9871,3.0,85.0,0.24915,0.3,degraded
58.06,-31.87293,-6.15637,-25.71656,-17.49271,-2.86356,-14.62915,3.0082,2.9921,85.0,0.3,0.3,degraded
58.07,-31.85094,-11.48979,-20.36115,-17.61651,-5.17175,-12.44476,3.0037,2.9962,85.0,0.28109,0.3,degraded
58.08,-31.83065,-15.85879,-15.97186,-17.73829,-7.15852,-10.57977,2.9946,2.9948,85.0,0.19993,0.3,degraded
58.09,-31.81202,-19.45242,-12.3596,-17.85808,-8.90154,-8.95655,2.9927,3.0,85.0,0.20847,0.3,degraded
58.1,-31.79502,-22.36813,-9.42689,-17.97588,-10.36795,-7.60793,2.9932,2.9748,85.0,0.19306,0.3,degraded
58.11,-31.77958,-24.72329,-7.05629,-18.0917,-11.65258,-6.43912,2.9997,3.0,85.0,0.11099,0.3,degraded
58.12,-31.76567,-26.60651,-5.15916,-18.20554,-12.77631,-5.42923,2.9891,3.0,85.0,0.08455,0.3,degraded
58.13,-31.75325,-28.13048,-3.62276,-18.31742,-13.70571,-4.61171,2.9795,2.9906,85.0,0.05741,0.3,degraded
58.14,-31.74225,-29.40016,-2.34209,-18.42735,-14.57757,-3.84978,3.0039,2.9843,85.0,0.07248,0.3,degraded
58.15,-31.73263,-30.37599,-1.35664,-18.53533,-15.27722,-3.25811,2.9898,3.0,85.0,0.06346,0.3,degraded
58.16,-31.72435,-31.17288,-0.55147,-18.64137,-15.94228,-2.69909,2.9639,2.9832,85.0,0.02209,0.3,degraded
58.17,-31.71735,-31.82685,0.1095,-18.7455,-16.52536,-2.22014,2.3906,2.9753,85.0,0.06963,0.3,degraded
58.18,-31.71157,-32.31299,0.60143,-18.84771,-17.02325,-1.82447,3.0004,3.0,85.0,0.07531,0.3,degraded
58.19,-31.70697,-32.71662,1.00966,-18.94803,-17.38443,-1.5636,3.0349,2.9744,85.0,0.02796,0.3,degraded
58.2,-31.70348,-32.96843,1.26495,-19.04646,-17.72969,-1.31677,3.0006,2.9843,85.0,0.00916,0.3,degraded
58.21,-31.70106,-33.19436,1.49329,-19.14302,-18.04301,-1.1,3.007,3.0,85.0,0.00985,0.3,degraded
58.22,-31.69965,-33.40751,1.70785,-19.23771,-18.33982,-0.89789,2.9877,2.9881,85.0,0.02825,0.3,degraded
58.23,-31.6992,-33.55835,1.85916,-19.33056,-18.60597,-0.72459,2.9969,2.9813,85.0,0.02428,0.3,degraded
58.24,-31.69963,-33.56745,1.86782,-19.42158,-18.85563,-0.56595,2.9997,2.9962,85.0,0.00529,0.3,degraded
58.25,-31.7009,-33.57188,1.87098,-19.51078,-19.07665,-0.43413,2.9978,3.0,85.0,0.00701,0.3,degraded
58.26,-31.70295,-33.58301,1.88006,-19.59817,-19.27995,-0.31822,2.9972,2.996,85.0,0.00502,0.3,degraded
58.27,-31.70571,-33.58562,1.87991,-19.68378,-19.45382,-0.22996,2.9682,2.9992,85.0,0.00505,0.3,degraded
58.28,-31.70912,-33.59712,1.888,-19.76761,-19.61225,-0.15536,3.0082,3.0,85.0,0.00592,0.3,degraded
58.29,-31.71313,-33.60228,1.88915,-19.84969,-19.74538,-0.1043,3.0114,3.0,85.0,0.00414,0.3,degraded
58.3,-31.71768,-33.61325,1.89558,-19.93002,-19.8651,-0.06492,3.0043,2.9768,85.0,0.0033,0.3,degraded
58.31,-31.72268,-33.61824,1.89555,-20.00863,-19.96252,-0.04611,2.9838,2.9975,85.0,0.00295,0.3,degraded
58.32,-31.7281,-33.62823,1.90013,-20.08553,-20.06622,-0.01931,2.9995,3.0,85.0,0.001,0.3,degraded
58.33,-31.73386,-33.62982,1.89597,-20.16074,-20.16313,0.00238,2.972,3.0,85.0,0.00129,0.3,degraded
58.34,-31.73989,-33.63817,1.89828,-20.23428,-20.26345,0.02917,3.0153,2.9903,85.0,0.00395,0.3,degraded
58.35,-31.74613,-33.62756,1.88142,-20.30616,-20.35433,0.04817,3.021,3.0,85.0,0.00533,0.3,degraded
58.36,-31.75252,-33.61302,1.8605,-20.37641,-20.44876,0.07235,3.0088,3.0,85.0,0.00253,0.3,degraded
58.37,-31.75899,-33.57273,1.81374,-20.44503,-20.53815,0.09312,3.0021,2.97,85.0,0.00222,0.3,degraded
58.38,-31.76548,-33.54131,1.77583,-20.51205,-20.6332,0.12114,3.0214,2.9781,85.0,0.00132,0.3,degraded
58.39,-31.77191,-33.50337,1.73146,-20.57749,-20.72057,0.14308,3.0121,2.9959,85.0,0.00042,0.3,degraded
58.4,-31.77822,-33.47004,1.69182,-20.64137,-20.81341,0.17204,3.0048,3.0,85.0,0.00215,0.3,degraded
58.41,-31.78435,-33.43007,1.64573,-20.70371,-20.9031,0.1994,3.0022,3.0,85.0,0.00408,0.3,degraded
58.42,-31.79022,-33.39658,1.60636,-20.76452,-20.98148,0.21697,3.0229,3.0,85.0,0.00314,0.3,degraded
58.43,-31.79577,-33.35385,1.55808,-20.82383,-21.0451,0.22128,2.9976,3.0,85.0,0.00552,0.3,degraded
58.44,-31.80092,-33.28722,1.4863,-20.88165,-21.11711,0.23546,3.0092,2.9832,85.0,0.00621,0.3,degraded
58.45,-31.80562,-33.20586,1.40024,-20.93801,-21.18276,0.24475,2.9902,2.9995,85.0,0.00128,0.3,degraded
58.46,-31.80979,-33.13071,1.32093,-20.99292,-21.2507,0.25777,2.9932,2.9985,85.0,0.00245,0.3,degraded
58.47,-31.81336,-33.04866,1.2353,-21.04642,-21.30495,0.25854,3.0026,3.0,85.0,0.00326,0.3,degraded
58.48,-31.81627,-32.97123,1.15496,-21.09851,-21.36045,0.26194,3.025,3.0,85.0,0.00116,0.3,degraded
58.49,-31.81844,-32.88787,1.06944,-21.14922,-21.40408,0.25486,3.0137,2.997,85.0,0.00203,0.3,degraded
58.5,-31.81981,-32.80988,0.99007,-21.19858,-21.45516,0.25658,3.0057,3.0,85.0,0.0029,0.3,degraded
58.51,-31.8203,-32.72535,0.90505,-21.24659,-21.49648,0.24989,3.0187,3.0,85.0,0.00088,0.3,degraded
58.52,-31.81986,-32.64723,0.82738,-21.29329,-21.53897,0.24568,3.0017,2.9884,85.0,0.00172,0.3,degraded
58.53,-31.8184,-32.56312,0.74472,-21.3387,-21.57744,0.23875,3.0157,3.0,85.0,0.00366,0.3,degraded
58.54,-31.81587,-32.48454,0.66867,-21.38283,-21.61172,0.22889,2.983,2.9928,85.0,0.00239,0.3,degraded
58.55,-31.81218,-32.40234,0.59016,-21.42571,-21.62719,0.20148,2.9979,3.0,85.0,0.00183,0.3,degraded
58.56,-31.80729,-32.32664,0.51936,-21.46737,-21.65134,0.18397,2.9982,3.0,85.0,0.00617,0.3,degraded
58.57,-31.8011,-32.27906,0.47796,-21.50782,-21.67042,0.1626,2.9781,3.0,85.0,0.0045,0.3,degraded
58.58,-31.79357,-32.24058,0.44701,-21.54709,-21.69332,0.14623,2.9868,3.0,85.0,0.00115,0.3,degraded
58.59,-31.78461,-32.19792,0.41331,-21.58519,-21.71118,0.12599,2.9997,3.0,85.0,0.00264,0.3,degraded
58.6,-31.77417,-32.1641,0.38993,-21.62216,-21.73399,0.11183,3.0056,3.0,85.0,0.00172,0.3,degraded
58.61,-31.76217,-32.12475,0.36258,-21.65801,-21.74767,0.08966,3.0278,2.9979,85.0,0.00139,0.3,degraded
58.62,-31.74855,-32.08984,0.34129,-21.69278,-21.76481,0.07204,3.0075,3.0,85.0,0.0024,0.3,degraded
58.63,-31.73324,-32.04695,0.31371,-21.72647,-21.77347,0.04701,3.0289,3.0,85.0,0.00068,0.3,degraded
58.64,-31.71618,-32.01065,0.29447,-21.75911,-21.78928,0.03016,2.9937,3.0,85.0,0.00131,0.3,degraded
58.65,-31.6973,-31.97162,0.27432,-21.79073,-21.79883,0.0081,2.9954,3.0,85.0,0.00198,0.3,degraded
58.66,-31.67653,-31.93866,0.26214,-21.82135,-21.81426,-0.00709,2.9878,2.9878,85.0,0.00152,0.3,degraded
58.67,-31.65381,-31.89735,0.24354,-21.851,-21.82302,-0.02797,3.0195,3.0,85.0,0.00395,0.3,degraded
58.68,-31.62908,-31.8876,0.25853,-21.87968,-21.841,-0.03869,2.9899,3.0,85.0,0.00513,0.3,degraded
58.69,-31.60226,-31.87593,0.27367,-21.90744,-21.85341,-0.05403,2.9882,2.9851,85.0,0.0012,0.3,degraded
58.7,-31.57331,-31.86987,0.29656,-21.93429,-21.87292,-0.06137,3.0138,3.0,85.0,0.0,0.3,degraded
58.71,-31.54215,-31.85881,0.31666,-21.96025,-21.88574,-0.07451,3.0284,2.9887,85.0,0.003,0.3,degraded
58.72,-31.50873,-31.85234,0.3436,-21.98535,-21.9028,-0.08255,3.0022,2.9941,85.0,0.00106,0.3,degraded
58.73,-31.47298,-31.83739,0.36441,-22.00961,-21.9131,-0.09651,2.9801,2.9902,85.0,1e-05,0.3,degraded
58.74,-31.43485,-31.82965,0.3948,-22.03306,-21.93048,-0.10257,2.999,3.0,85.0,0.00199,0.3,degraded
58.75,-31.39426,-31.81346,0.41919,-22.05571,-21.9417,-0.114,3.0015,3.0,85.0,0.00159,0.3,degraded
58.76,-31.35118,-31.80358,0.45241,-22.07759,-21.95801,-0.11957,3.0154,3.0,85.0,0.00066,0.3,degraded
58.77,-31.30552,-31.78926,0.48374,-22.09872,-21.96773,-0.13099,3.012,3.0,85.0,0.00185,0.3,degraded
58.78,-31.25725,-31.78427,0.52702,-22.11913,-21.98215,-0.13697,3.0109,2.9964,85.0,0.00201,0.3,degraded
58.79,-31.2063,-31.77019,0.56388,-22.13883,-21.9893,-0.14953,3.0067,2.9906,85.0,0.0007,0.3,degraded
58.8,-31.15262,-31.76216,0.60954,-22.15786,-22.00214,-0.15572,3.0123,3.0,85.0,0.00191,0.3,degraded
58.81,-31.09615,-31.74658,0.65043,-22.17622,-22.01035,-0.16588,2.989,3.0,85.0,0.00209,0.3,degraded
58.82,-31.03683,-31.73695,0.70011,-22.19396,-22.02746,-0.1665,3.0102,2.9944,85.0,0.00052,0.3,degraded
58.83,-30.97463,-31.72445,0.74982,-22.21108,-22.03931,-0.17176,3.0203,2.9974,85.0,0.0095,0.3,degraded
58.84,-30.90948,-31.66489,0.75541,-22.22761,-22.05723,-0.17038,3.023,3.0,85.0,0.00963,0.3,degraded
58.85,-30.84133,-31.57077,0.72944,-22.24357,-22.06802,-0.17555,3.0038,3.0,85.0,0.0009,0.3,degraded
58.86,-30.77013,-31.48401,0.71388,-22.25898,-22.08315,-0.17583,3.0239,2.983,85.0,0.00187,0.3,degraded
58.87,-30.69584,-31.38938,0.69354,-22.27387,-22.08851,-0.18536,2.9808,3.0,85.0,0.00236,0.3,degraded
58.88,-30.6184,-31.30379,0.68539,-22.28826,-22.0974,-0.19086,3.0029,2.9936,85.0,0.0,0.3,degraded
58.89,-30.53778,-31.21162,0.67385,-22.30216,-22.10124,-0.20092,3.0488,3.0,85.0,0.00084,0.3,degraded
58.9,-30.45392,-31.12472,0.6708,-22.31561,-22.1113,-0.20431,2.9902,3.0,85.0,0.00163,0.3,degraded
58.91,-30.36677,-31.03081,0.66404,-22.32861,-22.11462,-0.21399,2.9958,3.0,85.0,0.00087,0.3,degraded
58.92,-30.27631,-30.94325,0.66694,-22.3412,-22.12652,-0.21468,3.0033,3.0,85.0,0.00067,0.3,degraded
58.93,-30.18248,-30.85027,0.66778,-22.35338,-22.13397,-0.21942,2.9998,2.9998,85.0,0.00287,0.3,degraded
58.94,-30.08525,-30.7644,0.67915,-22.36519,-22.14943,-0.21576,3.0032,3.0,85.0,0.00143,0.3,degraded
58.95,-29.98457,-30.67053,0.68596,-22.37665,-22.1619,-0.21475,3.0245,3.0,85.0,0.00121,0.3,degraded
58.96,-29.88041,-30.58184,0.70143,-22.38776,-22.18087,-0.20689,3.0247,2.9868,85.0,0.00261,0.3,degraded
58.97,-29.77273,-30.48925,0.71652,-22.39856,-22.19494,-0.20362,3.0055,3.0,85.0,0.00182,0.3,degraded
58.98,-29.66149,-30.40345,0.74196,-22.40906,-22.21935,-0.18971,3.0089,2.9903,85.0,0.00143,0.3,degraded
58.99,-29.54666,-30.30949,0.76283,-22.41928,-22.23951,-0.17977,3.0019,2.9766,85.0,0.00255,0.3,degraded
59.0,-29.4282,-30.22041,0.7922,-22.42925,-22.26761,-0.16164,3.0141,2.996,85.0,0.00124,0.3,degraded
59.01,-29.30609,-30.12569,0.81959,-22.43897,-22.28892,-0.15005,3.0188,3.0,85.0,0.00079,0.3,degraded
59.02,-29.1803,-30.04044,0.86015,-22.44847,-22.31635,-0.13212,3.0129,2.9791,85.0,0.00245,0.3,degraded
59.03,-29.05079,-29.9528,0.90201,-22.45777,-22.3368,-0.12096,3.0254,2.9988,85.0,0.00181,0.3,degraded
59.04,-28.91753,-29.86862,0.95109,-22.46688,-22.36175,-0.10512,3.0113,2.97,85.0,0.00245,0.3,degraded
59.05,-28.78051,-29.75105,0.97054,-22.47582,-22.37803,-0.09779,2.9961,3.0,85.0,0.01155,0.3,degraded
59.06,-28.63969,-29.63257,0.99288,-22.48461,-22.39918,-0.08543,3.0052,2.9912,85.0,0.00692,0.3,degraded
59.07,-28.49505,-29.45774,0.96268,-22.49327,-22.41421,-0.07906,2.9803,2.9897,85.0,0.00482,0.3,degraded
59.08,-28.34658,-29.31117,0.96459,-22.50182,-22.43541,-0.06641,2.9752,2.9912,85.0,0.00604,0.3,degraded
59.09,-28.19424,-29.17859,0.98435,-22.51026,-22.45219,-0.05807,2.9825,3.0,85.0,0.00322,0.3,degraded
59.1,-28.03802,-29.05836,1.02033,-22.51862,-22.47641,-0.04222,2.9941,2.986,85.0,0.00066,0.3,degraded
59.11,-27.87791,-28.9272,1.04929,-22.52691,-22.49606,-0.03086,3.0028,2.9968,85.0,0.00719,0.3,degraded
59.12,-27.71388,-28.74922,1.03534,-22.53516,-22.52394,-0.01121,2.9901,3.0,85.0,0.00441,0.3,degraded
59.13,-27.54593,-28.58393,1.038,-22.54336,-22.54619,0.00283,3.027,2.9984,85.0,0.00388,0.3,degraded
59.14,-27.37403,-28.44513,1.0711,-22.55154,-22.57703,0.02549,3.0166,2.9986,85.0,0.00514,0.3,degraded
59.15,-27.19818,-28.25256,1.05438,-22.55972,-22.6037,0.04399,2.9947,2.9986,85.0,0.00545,0.3,degraded
59.16,-27.01837,-28.08517,1.0668,-22.5679,-22.63939,0.07149,2.996,3.0,85.0,0.00367,0.3,degraded
59.17,-26.83458,-27.92599,1.09141,-22.5761,-22.67021,0.09411,2.9911,3.0,85.0,0.00552,0.3,degraded
59.18,-26.64681,-27.72962,1.08281,-22.58434,-22.70454,0.1202,2.9981,2.9812,85.0,0.00581,0.3,degraded
59.19,-26.45506,-27.53002,1.07495,-22.59262,-22.73097,0.13835,2.9955,2.999,85.0,0.00552,0.3,degraded
59.2,-26.25932,-27.35638,1.09705,-22.60097,-22.75999,0.15903,3.0019,2.9866,85.0,0.00458,0.3,degraded
59.21,-26.05959,-27.18332,1.12373,-22.60938,-22.7697,0.16031,2.9914,2.9942,85.0,0.00377,0.3,degraded
59.22,-25.85587,-26.99398,1.13811,-22.61789,-22.78489,0.167,3.0029,3.0,85.0,0.00363,0.3,degraded
59.23,-25.64815,-26.81695,1.1688,-22.62648,-22.79619,0.16971,3.0057,2.999,85.0,0.00111,0.3,degraded
59.24,-25.43645,-26.63493,1.19848,-22.63519,-22.81351,0.17832,3.0092,2.9916,85.0,0.00927,0.3,degraded
59.25,-25.22075,-26.40347,1.18271,-22.64401,-22.82349,0.17948,3.0128,2.9796,85.0,0.00529,0.3,degraded
59.26,-25.00108,-26.18043,1.17935,-22.65296,-22.84062,0.18766,2.9689,3.0,85.0,0.00691,0.3,degraded
59.27,-24.77743,-25.96948,1.19205,-22.66205,-22.82871,0.16666,2.9916,2.9842,85.0,0.00806,0.3,degraded
59.28,-24.54982,-25.78268,1.23286,-22.67129,-22.82113,0.14984,2.9755,2.9971,85.0,0.00525,0.3,degraded
59.29,-24.31825,-25.53826,1.22001,-22.68069,-22.80915,0.12847,2.9988,3.0,85.0,0.00502,0.3,degraded
59.3,-24.08273,-25.30355,1.22081,-22.69025,-22.80618,0.11593,2.9824,3.0,85.0,0.00647,0.3,degraded
59.31,-23.84329,-25.08248,1.23919,-22.69998,-22.7994,0.09942,3.0028,3.0,85.0,0.00243,0.3,degraded
59.32,-23.59992,-24.88156,1.28164,-22.7099,-22.80088,0.09097,2.9955,3.0,85.0,0.00619,0.3,degraded
59.33,-23.35265,-24.65882,1.30616,-22.72001,-22.79818,0.07817,2.9722,3.0,85.0,0.00559,0.3,degraded
59.34,-23.1015,-24.40414,1.30263,-22.73032,-22.80365,0.07333,3.0032,3.0,85.0,0.0046,0.3,degraded
59.35,-22.84649,-24.16269,1.3162,-22.74083,-22.80255,0.06172,2.9846,3.0,85.0,0.00391,0.3,degraded
59.36,-22.58763,-23.94332,1.35569,-22.75155,-22.81138,0.05983,3.0074,2.9985,85.0,0.00518,0.3,degraded
59.37,-22.32495,-23.67467,1.34973,-22.76248,-22.81133,0.04885,2.9789,3.0,85.0,0.00353,0.3,degraded
59.38,-22.05847,-23.43186,1.37339,-22.77364,-22.81698,0.04334,3.0041,3.0,85.0,0.01026,0.3,degraded
59.39,-21.78822,-23.1759,1.38769,-22.78502,-22.81344,0.02842,2.9915,3.0,85.0,0.01213,0.3,degraded
59.4,-21.51422,-22.83463,1.32042,-22.79663,-22.81366,0.01703,3.0099,2.9799,85.0,0.00526,0.3,degraded
59.41,-21.2365,-22.50545,1.26895,-22.80848,-22.80639,-0.00209,3.035,3.0,85.0,0.00415,0.3,degraded
59.42,-20.95509,-22.20434,1.24925,-22.82057,-22.80809,-0.01248,2.9685,3.0,85.0,0.00619,0.3,degraded
59.43,-20.67003,-21.91483,1.2448,-22.83289,-22.80477,-0.02813,2.9892,3.0,85.0,0.00506,0.3,degraded
59.44,-20.38134,-21.65177,1.27044,-22.84547,-22.80871,-0.03676,2.9862,3.0,85.0,0.00421,0.3,degraded
59.45,-20.08905,-21.40153,1.31248,-22.85828,-22.80317,-0.05511,3.001,3.0,85.0,0.00644,0.3,degraded
59.46,-19.79322,-21.17702,1.38381,-22.87135,-22.80196,-0.06938,3.0112,3.0,85.0,0.00482,0.3,degraded
59.47,-19.49386,-20.90761,1.41375,-22.88466,-22.79607,-0.08859,2.994,2.9907,85.0,0.00454,0.3,degraded
59.48,-19.19102,-20.64624,1.45522,-22.89823,-22.80021,-0.09801,2.987,3.0,85.0,0.00533,0.3,degraded
59.49,-18.88474,-20.39706,1.51232,-22.91204,-22.79893,-0.11311,2.9918,2.9867,85.0,0.00695,0.3,degraded
59.5,-18.57506,-20.08644,1.51138,-22.92611,-22.8041,-0.12201,2.9841,3.0,85.0,0.00522,0.3,degraded
59.51,-18.26202,-19.78934,1.52732,-22.94043,-22.80395,-0.13648,3.0314,3.0,85.0,0.00566,0.3,degraded
59.52,-17.94567,-19.51757,1.5719,-22.95499,-22.81182,-0.14317,2.9931,2.9975,85.0,0.0106,0.3,degraded
59.53,-17.62605,-19.23223,1.60619,-22.96981,-22.81497,-0.15484,2.9893,2.9919,85.0,0.00933,0.3,degraded
59.54,-17.3032,-18.8726,1.5694,-22.98487,-22.82197,-0.16289,3.0098,3.0,85.0,0.00448,0.3,degraded
59.55,-16.97718,-18.5236,1.54642,-23.00017,-22.8215,-0.17867,3.0056,2.9855,85.0,0.00616,0.3,degraded
59.56,-16.64803,-18.19985,1.55182,-23.01572,-22.82797,-0.18775,3.0177,3.0,85.0,0.00524,0.3,degraded
59.57,-16.3158,-17.89149,1.57568,-23.0315,-22.83069,-0.20081,3.0182,3.0,85.0,0.00503,0.3,degraded
59.58,-15.98055,-17.61082,1.63027,-23.04752,-22.84143,-0.20609,2.9916,2.9907,85.0,0.00311,0.3,degraded
59.59,-15.64233,-17.32029,1.67797,-23.06376,-22.84661,-0.21715,2.9903,3.0,85.0,0.00252,0.3,degraded
59.6,-15.30118,-17.02382,1.72263,-23.08024,-22.86087,-0.21937,2.9889,2.9986,85.0,0.01043,0.3,degraded
59.61,-14.95718,-16.65812,1.70094,-23.09693,-22.86595,-0.23098,3.0213,3.0,85.0,0.01243,0.3,degraded
59.62,-14.61036,-16.26282,1.65246,-23.11384,-22.87665,-0.23719,3.0121,3.0,85.0,0.00448,0.3,degraded
59.63,-14.2608,-15.87896,1.61816,-23.13096,-22.88083,-0.25013,2.9983,3.0,85.0,0.00443,0.3,degraded
59.64,-13.90854,-15.51949,1.61096,-23.14828,-22.89177,-0.25651,2.9866,2.9983,85.0,0.00545,0.3,degraded
59.65,-13.55364,-15.17255,1.61891,-23.1658,-22.89449,-0.27132,2.9852,3.0,85.0,0.00483,0.3,degraded
59.66,-13.19618,-14.85004,1.65386,-23.18351,-22.9,-0.28351,3.0244,2.9965,85.0,0.00395,0.3,degraded
59.67,-12.8362,-14.53885,1.70265,-23.2014,-22.89889,-0.30251,3.0079,2.9951,85.0,0.00227,0.3,degraded
59.68,-12.47378,-14.24748,1.77371,-23.21946,-22.90302,-0.31644,3.0045,3.0,85.0,0.00147,0.3,degraded
59.69,-12.10896,-13.94226,1.8333,-23.23769,-22.90271,-0.33498,2.9839,3.0,85.0,0.00175,0.3,degraded
59.7,-11.74183,-13.61001,1.86818,-23.25607,-22.91175,-0.34433,2.9993,2.9924,85.0,0.0114,0.3,degraded
59.71,-11.37245,-13.27369,1.90124,-23.27461,-22.91646,-0.35814,3.0044,2.9806,85.0,0.00557,0.3,degraded
59.72,-11.00087,-12.90025,1.89938,-23.29328,-22.92842,-0.36486,2.9863,3.0,85.0,0.00407,0.3,degraded
59.73,-10.62717,-12.53897,1.9118,-23.31207,-22.93671,-0.37536,3.0002,2.9984,85.0,0.0058,0.3,degraded
59.74,-10.25142,-12.20507,1.95366,-23.33098,-22.95109,-0.37989,3.0002,2.98,85.0,0.01041,0.3,degraded
59.75,-9.87368,-11.78205,1.90837,-23.35,-22.95931,-0.39069,3.0129,2.9876,85.0,0.00885,0.3,degraded
59.76,-9.49402,-11.36046,1.86644,-23.36911,-22.972,-0.39712,2.9857,3.0,85.0,0.00569,0.3,degraded
59.77,-9.11253,-10.9522,1.83968,-23.38831,-22.97923,-0.40908,3.0284,2.9864,85.0,0.00624,0.3,degraded
59.78,-8.72925,-10.5698,1.84055,-23.40757,-22.99745,-0.41012,2.9858,3.0,85.0,0.00401,0.3,degraded
59.79,-8.34428,-10.1999,1.85562,-23.42689,-23.00853,-0.41837,2.9931,3.0,85.0,0.00513,0.3,degraded
59.8,-7.95767,-9.85502,1.89735,-23.44626,-23.0265,-0.41976,3.0037,2.9974,85.0,0.00429,0.3,degraded
59.81,-7.56951,-9.5182,1.94869,-23.46566,-23.03969,-0.42597,2.9852,3.0,85.0,0.00443,0.3,degraded
59.82,-7.17987,-9.14194,1.96207,-23.48507,-23.05669,-0.42838,2.9776,3.0,85.0,0.00556,0.3,degraded
59.83,-6.78882,-8.76428,1.97546,-23.50449,-23.06631,-0.43818,3.0048,3.0,85.0,0.00552,0.3,degraded
59.84,-6.39644,-8.41077,2.01434,-23.5239,-23.08393,-0.43997,3.0017,3.0,85.0,0.00783,0.3,degraded
59.85,-6.0028,-8.02436,2.02157,-23.54328,-23.09145,-0.45184,3.0027,2.9934,85.0,0.00875,0.3,degraded
59.86,-5.60797,-7.59777,1.98979,-23.56263,-23.10399,-0.45864,2.985,2.9827,85.0,0.00582,0.3,degraded
59.87,-5.21205,-7.18383,1.97178,-23.58191,-23.10705,-0.47486,2.994,2.9903,85.0,0.00335,0.3,degraded
59.88,-4.81509,-6.79141,1.97631,-23.60112,-23.11576,-0.48536,2.9891,2.9986,85.0,0.00416,0.3,degraded
59.89,-4.41719,-6.41286,1.99568,-23.62025,-23.11959,-0.50065,3.0057,2.9963,85.0,0.00549,0.3,degraded
59.9,-4.01841,-6.06076,2.04235,-23.63926,-23.12868,-0.51059,3.0089,2.9915,85.0,0.00275,0.3,degraded
59.91,-3.61884,-5.69831,2.07947,-23.65816,-23.13293,-0.52523,3.0018,2.9766,85.0,0.00261,0.3,degraded
59.92,-3.21855,-5.3287,2.11015,-23.67692,-23.14673,-0.53019,3.0077,3.0,85.0,0.00387,0.3,degraded
59.93,-2.81763,-4.95099,2.13335,-23.69552,-23.15446,-0.54105,2.9931,3.0,85.0,0.00083,0.3,degraded
59.94,-2.41615,-4.58074,2.16459,-23.71394,-23.17116,-0.54278,3.0062,2.9788,85.0,0.01431,0.3,degraded
59.95,-2.01419,-4.0621,2.04791,-23.73217,-23.18199,-0.55018,3.0225,2.9769,85.0,0.01409,0.3,degraded
59.96,-1.61183,-3.57012,1.95829,-23.75019,-23.19749,-0.5527,2.9719,3.0,85.0,0.0049,0.3,degraded
59.97,-1.20915,-3.09166,1.88251,-23.76798,-23.20612,-0.56186,3.0058,2.9921,85.0,0.0056,0.3,degraded
59.98,-0.80624,-2.63878,1.83254,-23.78552,-23.22696,-0.55856,3.0085,2.9637,85.0,0.00683,0.3,degraded
59.99,-0.40316,-2.19848,1.79533,-23.80279,-23.25062,-0.55218,3.0055,3.0,85.0,0.00494,0.3,degraded
