timestamp,azimuth_cmd,azimuth_actual,azimuth_error,pitch_cmd,pitch_actual,pitch_error,azimuth_current,pitch_current,temperature,vibration,mtf,label
0.0,0.0,0.0,0.0,25.08597,25.08597,0.0,0.0,0.0,24.91,0.04243,0.3,degraded
0.01,0.40316,-0.00557,0.40873,25.22086,25.05557,0.1653,2.9899,2.9962,25.22,0.01414,0.3,degraded
0.02,0.80624,0.05935,0.74688,25.35316,25.04435,0.30881,3.0042,2.9806,25.07,0.00845,0.3,degraded
0.03,1.20915,0.14679,1.06236,25.48286,25.04001,0.44285,2.9977,3.0,25.14,0.01251,0.3,degraded
0.04,1.61183,0.27246,1.33937,25.60994,25.03101,0.57894,3.0135,3.0,25.11,0.01031,0.3,degraded
0.05,2.01419,0.4394,1.57479,25.73442,25.0306,0.70381,2.8873,2.995,24.77,0.01791,0.3,degraded
0.06,2.41615,0.63633,1.77982,25.85628,25.05364,0.80264,3.0106,2.9948,25.08,0.02653,0.3,degraded
0.07,2.81763,0.86458,1.95305,25.97552,25.08552,0.89,3.0049,2.978,25.31,0.00983,0.3,degraded
0.08,3.21855,1.09321,2.12534,26.09213,25.11591,0.97622,2.9982,2.9975,25.46,0.00913,0.3,degraded
0.09,3.61884,1.3812,2.23764,26.20612,25.17435,1.03177,2.9919,2.9973,25.22,0.01377,0.3,degraded
0.1,4.01841,1.67873,2.33968,26.31748,25.23188,1.08561,3.022,3.0,25.59,0.00572,0.3,degraded
0.11,4.41719,2.00339,2.4138,26.42622,25.29616,1.13006,2.9854,3.0,25.52,0.00492,0.3,degraded
0.12,4.81509,2.29541,2.51968,26.53233,25.36972,1.1626,2.9957,3.0,25.82,0.00351,0.3,degraded
0.13,5.21205,2.63388,2.57817,26.6358,25.46315,1.17265,3.0023,2.9788,25.87,0.00453,0.3,degraded
0.14,5.60797,2.97963,2.62834,26.73665,25.54891,1.18774,3.0199,2.9884,26.08,0.00105,0.3,degraded
0.15,6.0028,3.31947,2.68332,26.83487,25.64109,1.19378,3.0073,3.0,26.22,0.00094,0.3,degraded
0.16,6.39644,3.66526,2.73117,26.93046,25.72569,1.20477,3.0048,2.9839,26.22,0.01083,0.3,degraded
0.17,6.78882,3.99322,2.79559,27.02343,25.81549,1.20794,1.0621,3.0,26.35,0.01691,0.3,degraded
0.18,7.17987,4.36784,2.81203,27.11378,25.89631,1.21748,3.0038,3.0,26.23,0.00732,0.3,degraded
0.19,7.56951,4.70463,2.86489,27.20151,25.98169,1.21982,3.0184,2.9819,26.76,0.02234,0.3,degraded
0.2,7.95767,5.08992,2.86776,27.28663,26.0655,1.22113,3.0041,3.0,26.25,0.02707,0.3,degraded
0.21,8.34428,5.46272,2.88156,27.36913,26.15303,1.2161,3.032,2.9863,26.47,0.0012,0.3,degraded
0.22,8.72925,5.83081,2.89844,27.44903,26.23736,1.21168,3.0317,2.9976,26.77,0.01092,0.3,degraded
0.23,9.11253,6.18025,2.93227,27.52633,26.33016,1.19617,2.9914,3.0,26.84,0.00982,0.3,degraded
0.24,9.49402,6.62149,2.87254,27.60104,26.41912,1.18192,2.9793,3.0,26.88,0.01086,0.3,degraded
0.25,9.87368,7.02177,2.85191,27.67316,26.51486,1.1583,2.992,3.0,26.97,0.00939,0.3,degraded
0.26,10.25142,7.36304,2.88838,27.74269,26.60265,1.14004,2.2344,2.9953,26.62,0.01539,0.3,degraded
0.27,10.62717,7.71984,2.90733,27.80965,26.69566,1.11399,3.0042,3.0,27.26,0.00336,0.3,degraded
0.28,11.00087,8.08114,2.91973,27.87405,26.78069,1.09336,1.3618,2.9877,27.06,0.01548,0.3,degraded
0.29,11.37245,8.46692,2.90552,27.93589,26.87367,1.06222,2.9793,3.0,27.34,0.00995,0.3,degraded
0.3,11.74183,8.8259,2.91593,27.99519,26.95727,1.03791,2.9867,2.9937,26.91,0.00181,0.3,degraded
0.31,12.10896,9.21861,2.89035,28.05194,27.04842,1.00352,3.0195,2.9888,27.32,0.0037,0.3,degraded
0.32,12.47378,9.57312,2.90065,28.10616,27.13413,0.97204,2.9777,3.0,27.26,0.01904,0.3,degraded
0.33,12.8362,9.97541,2.86079,28.15787,27.22521,0.93266,3.0027,3.0,27.53,0.02822,0.3,degraded
0.34,13.19618,10.34228,2.8539,28.20707,27.30863,0.89844,2.9917,2.988,27.61,0.0034,0.3,degraded
0.35,13.55364,10.7729,2.78075,28.25378,27.3982,0.85558,3.0,2.9864,27.72,0.01623,0.3,degraded
0.36,13.90854,11.13619,2.77234,28.298,27.48018,0.81782,2.9932,3.0,27.6,0.00136,0.3,degraded
0.37,14.2608,11.5043,2.7565,28.33975,27.56799,0.77176,3.0236,2.9911,27.86,0.00285,0.3,degraded
0.38,14.61036,11.84495,2.76541,28.37904,27.649,0.73004,3.0022,3.0,27.93,0.0104,0.3,degraded
0.39,14.95718,12.17725,2.77993,28.41589,27.73764,0.67825,2.9953,2.9871,28.12,0.00656,0.3,degraded
0.4,15.30118,12.59455,2.70663,28.45031,27.8216,0.62871,3.0098,2.9913,28.26,0.01319,0.3,degraded
0.41,15.64233,12.97164,2.67068,28.48231,27.91413,0.56818,3.0027,2.9943,28.2,0.01011,0.3,degraded
0.42,15.98055,13.29916,2.68139,28.51191,28.00105,0.51085,2.9924,2.9951,28.04,0.00094,0.3,degraded
0.43,16.3158,13.63601,2.6798,28.53912,28.09374,0.44538,2.9902,2.9966,28.31,0.00138,0.3,degraded
0.44,16.64803,13.96419,2.68384,28.56396,28.18118,0.38278,1.8243,2.9817,28.75,0.00995,0.3,degraded
0.45,16.97718,14.29693,2.68025,28.58644,28.27736,0.30909,2.9779,3.0,28.65,0.01879,0.3,degraded
0.46,17.3032,14.69159,2.61161,28.60659,28.36724,0.23935,2.9774,2.9968,28.06,0.01746,0.3,degraded
0.47,17.62605,15.03876,2.58729,28.62442,28.4627,0.16172,2.9967,3.0,28.6,0.00739,0.3,degraded
0.48,17.94567,15.37217,2.5735,28.63994,28.55063,0.08931,2.9992,2.9964,28.83,0.00439,0.3,degraded
0.49,18.26202,15.68635,2.57567,28.65318,28.6442,0.00898,3.0218,2.9853,28.74,0.00394,0.3,degraded
0.5,18.57506,16.03935,2.53571,28.66414,28.73069,-0.06654,3.0102,2.9946,28.81,0.00951,0.3,degraded
0.51,18.88474,16.41193,2.47281,28.67286,28.8224,-0.14954,3.0151,3.0,28.93,0.01486,0.3,degraded
0.52,19.19102,16.71831,2.47271,28.67935,28.90084,-0.2215,2.9755,3.0,29.13,0.00663,0.3,degraded
0.53,19.49386,17.03036,2.4635,28.68362,28.97242,-0.28879,2.9996,3.0,28.97,0.00888,0.3,degraded
0.54,19.79322,17.34161,2.45161,28.68571,29.0177,-0.33199,3.0166,2.9941,29.42,0.01795,0.3,degraded
0.55,20.08905,17.63615,2.4529,28.68562,29.07033,-0.38471,2.227,2.9922,29.29,0.00862,0.3,degraded
0.56,20.38134,17.95659,2.42474,28.68338,29.109,-0.42562,2.9995,3.0,29.24,0.00637,0.3,degraded
0.57,20.67003,18.32016,2.34986,28.67901,29.1489,-0.46989,2.9917,3.0,29.62,0.01614,0.3,degraded
0.58,20.95509,18.61523,2.33986,28.67253,29.17439,-0.50186,2.983,3.0,29.27,0.01846,0.3,degraded
0.59,21.2365,18.91957,2.31693,28.66396,29.20108,-0.53712,2.9934,3.0,29.53,0.02254,0.3,degraded
0.6,21.51422,19.2389,2.27532,28.65332,29.21272,-0.5594,3.0158,2.9953,29.63,0.01376,0.3,degraded
0.61,21.78822,19.51359,2.27463,28.64064,29.22629,-0.58565,3.0007,2.9765,30.13,0.00434,0.3,degraded
0.62,22.05847,19.86256,2.19591,28.62594,29.23217,-0.60623,2.9988,2.9997,29.82,0.00791,0.3,degraded
0.63,22.32495,20.18729,2.13766,28.60924,29.22798,-0.61874,2.9886,2.9762,29.7,0.01802,0.3,degraded
0.64,22.58763,20.4446,2.14303,28.59056,29.20925,-0.61869,2.995,3.0,30.03,0.0031,0.3,degraded
0.65,22.84649,20.7226,2.12389,28.56993,29.19819,-0.62826,3.006,2.9877,30.28,0.00576,0.3,degraded
0.66,23.1015,20.98813,2.11337,28.54737,29.1831,-0.63573,2.997,3.0,30.43,0.02283,0.3,degraded
0.67,23.35265,21.23406,2.11859,28.5229,29.17264,-0.64975,3.0129,2.9789,30.71,0.0,0.3,degraded
0.68,23.59992,21.50166,2.09826,28.49655,29.15279,-0.65624,3.0103,3.0,30.68,0.02134,0.3,degraded
0.69,23.84329,21.76287,2.08041,28.46834,29.14011,-0.67177,2.991,3.0,30.6,0.00799,0.3,degraded
0.7,24.08273,22.02964,2.05309,28.4383,29.11998,-0.68169,3.0082,3.0,30.54,0.00199,0.3,degraded
0.71,24.31825,22.30246,2.01578,28.40645,29.10079,-0.69435,2.9839,2.9863,31.02,0.00121,0.3,degraded
0.72,24.54982,22.58303,1.96679,28.37281,29.07372,-0.70091,3.0105,3.0,30.83,0.00465,0.3,degraded
0.73,24.77743,22.8574,1.92003,28.33742,29.05159,-0.71417,2.99,2.9833,30.88,0.00302,0.3,degraded
0.74,25.00108,23.10126,1.89982,28.30029,29.01909,-0.7188,2.9836,3.0,31.02,0.00375,0.3,degraded
0.75,25.22075,23.34463,1.87613,28.26146,28.98894,-0.72748,2.9843,3.0,30.99,0.00688,0.3,degraded
0.76,25.43645,23.60277,1.83368,28.22094,28.94945,-0.72851,2.9952,2.9662,31.21,0.00134,0.3,degraded
0.77,25.64815,23.82652,1.82163,28.17877,28.91472,-0.73594,2.9993,2.9699,31.33,0.00259,0.3,degraded
0.78,25.85587,24.08323,1.77264,28.13497,28.87265,-0.73768,2.9913,3.0,31.57,0.02173,0.3,degraded
0.79,26.05959,24.28709,1.7725,28.08957,28.83381,-0.74424,2.987,3.0,31.46,0.01806,0.3,degraded
0.8,26.25932,24.52459,1.73473,28.04259,28.78794,-0.74535,2.993,3.0,31.38,0.00818,0.3,degraded
0.81,26.45506,24.75184,1.70322,27.99406,28.74772,-0.75367,2.9949,2.9974,31.41,0.00509,0.3,degraded
0.82,26.64681,24.99399,1.65282,27.944,28.69611,-0.75211,3.0231,2.9964,31.74,0.01158,0.3,degraded
0.83,26.83458,25.18573,1.64885,27.89245,28.64787,-0.75542,2.9072,2.9806,31.77,0.0,0.3,degraded
0.84,27.01837,25.42708,1.59128,27.83943,28.59304,-0.75361,3.0038,2.9972,31.74,0.00422,0.3,degraded
0.85,27.19818,25.62733,1.57085,27.78496,28.54561,-0.76065,3.0069,2.9953,31.8,0.00798,0.3,degraded
0.86,27.37403,25.79608,1.57795,27.72909,28.49186,-0.76277,2.9746,2.9898,31.98,0.00242,0.3,degraded
0.87,27.54593,26.0215,1.52443,27.67182,28.438,-0.76618,2.99,3.0,32.19,0.01468,0.3,degraded
0.88,27.71388,26.2033,1.51058,27.61319,28.37806,-0.76487,0.7135,3.0,31.94,0.00287,0.3,degraded
0.89,27.87791,26.44449,1.43342,27.55323,28.32501,-0.77179,3.012,3.0,32.13,0.0102,0.3,degraded
0.9,28.03802,26.61744,1.42058,27.49196,28.26584,-0.77388,2.9943,2.9926,32.3,0.00938,0.3,degraded
0.91,28.19424,26.78815,1.40609,27.42941,28.19474,-0.76533,0.8035,3.0,32.12,0.00965,0.3,degraded
0.92,28.34658,27.00542,1.34116,27.36561,28.11534,-0.74973,2.995,2.9918,32.29,0.01013,0.3,degraded
0.93,28.49505,27.16713,1.32792,27.30059,28.04161,-0.74102,3.0004,2.9932,32.34,0.00516,0.3,degraded
0.94,28.63969,27.35139,1.2883,27.23437,27.96062,-0.72624,2.9786,3.0,32.2,0.01983,0.3,degraded
0.95,28.78051,27.51049,1.27001,27.16699,27.8862,-0.71921,0.5029,3.0,32.51,0.01014,0.3,degraded
0.96,28.91753,27.6469,1.27063,27.09846,27.80417,-0.7057,3.0076,2.9972,32.57,0.0019,0.3,degraded
0.97,29.05079,27.81201,1.23877,27.02882,27.72735,-0.69853,3.0097,2.9999,32.73,0.01026,0.3,degraded
0.98,29.1803,27.94961,1.23069,26.9581,27.64258,-0.68448,2.9953,2.9972,32.57,0.00016,0.3,degraded
0.99,29.30609,28.10562,1.20047,26.88632,27.56713,-0.68081,3.0049,3.0,32.83,0.00191,0.3,degraded
1.0,29.4282,28.29386,1.13435,26.81351,27.48717,-0.67366,3.0104,3.0,33.13,0.00447,0.3,degraded
1.01,29.54666,28.45301,1.09365,26.73969,27.41338,-0.67369,2.9835,2.9933,33.32,0.01088,0.3,degraded
1.02,29.66149,28.56966,1.09183,26.6649,27.33387,-0.66896,0.3091,2.9954,33.27,0.01248,0.3,degraded
1.03,29.77273,28.77902,0.9937,26.58917,27.25882,-0.66965,2.9963,3.0,32.96,0.01696,0.3,degraded
1.04,29.88041,28.91779,0.96262,26.51251,27.17426,-0.66175,3.0068,2.9989,33.25,0.00772,0.3,degraded
1.05,29.98457,29.02029,0.96428,26.43496,27.09757,-0.66261,2.9952,2.9889,33.15,0.01117,0.3,degraded
1.06,30.08525,29.11571,0.96954,26.35654,27.01686,-0.66032,0.3138,2.9831,33.33,0.01119,0.3,degraded
1.07,30.18248,29.30748,0.875,26.27729,26.94476,-0.66747,3.0094,3.0,33.22,0.01248,0.3,degraded
1.08,30.27631,29.42993,0.84639,26.19722,26.86623,-0.66901,3.0117,3.0,33.12,0.00708,0.3,degraded
1.09,30.36677,29.5195,0.84727,26.11637,26.79215,-0.67578,2.9963,2.9772,33.37,0.00588,0.3,degraded
1.1,30.45392,29.60215,0.85176,26.03476,26.71242,-0.67766,3.0247,2.9767,33.56,0.00037,0.3,degraded
1.11,30.53778,29.68968,0.8481,25.95242,26.63906,-0.68664,2.9977,2.9721,33.54,0.0,0.3,degraded
1.12,30.6184,29.77152,0.84688,25.86938,26.56107,-0.6917,2.9846,3.0,33.59,0.00462,0.3,degraded
1.13,30.69584,29.86113,0.8347,25.78565,26.48951,-0.70385,2.9985,3.0,33.6,0.00146,0.3,degraded
1.14,30.77013,29.94419,0.82594,25.70128,26.40731,-0.70603,3.0037,2.9933,33.67,0.0,0.3,degraded
1.15,30.84133,30.03131,0.81001,25.61627,26.33002,-0.71375,3.0276,3.0,33.73,0.00493,0.3,degraded
1.16,30.90948,30.10746,0.80201,25.53067,26.24659,-0.71592,3.0108,3.0,33.65,0.00239,0.3,degraded
1.17,30.97463,30.18719,0.78744,25.44449,26.1708,-0.72631,2.9954,2.996,33.74,0.0,0.3,degraded
1.18,31.03683,30.25816,0.77868,25.35776,26.08998,-0.73221,3.003,2.9975,34.03,0.00349,0.3,degraded
1.19,31.09615,30.33702,0.75913,25.27051,26.01515,-0.74464,2.9784,3.0,33.83,0.00281,0.3,degraded
1.2,31.15262,30.41187,0.74075,25.18276,25.93148,-0.74872,2.9886,3.0,33.86,0.0,0.3,degraded
1.21,31.2063,30.49419,0.71211,25.09454,25.85331,-0.75877,2.9868,3.0,33.9,0.00348,0.3,degraded
1.22,31.25725,30.57023,0.68703,25.00587,25.76935,-0.76349,3.0129,3.0,33.9,0.00226,0.3,degraded
1.23,31.30552,30.65334,0.65218,24.91677,25.69228,-0.77551,2.9808,2.9958,33.9,0.0,0.3,degraded
1.24,31.35118,30.73097,0.62021,24.82727,25.61014,-0.78287,3.018,3.0,34.04,0.003,0.3,degraded
1.25,31.39426,30.81132,0.58294,24.7374,25.53297,-0.79557,3.0204,2.99,33.97,0.00328,0.3,degraded
1.26,31.43485,30.88328,0.55156,24.64717,25.44901,-0.80184,2.9799,3.0,34.07,0.0,0.3,degraded
1.27,31.47298,30.96181,0.51117,24.55661,25.3702,-0.81359,2.9878,3.0,34.01,0.0024,0.3,degraded
1.28,31.50873,31.03333,0.4754,24.46575,25.28287,-0.81712,3.0045,3.0,34.19,0.00307,0.3,degraded
1.29,31.54215,31.10953,0.43262,24.3746,25.20139,-0.82679,3.0073,2.9983,34.3,0.0,0.3,degraded
1.3,31.57331,31.18124,0.39207,24.28319,25.11405,-0.83085,3.0284,2.9941,34.23,0.00142,0.3,degraded
1.31,31.60226,31.25833,0.34393,24.19155,25.03299,-0.84144,3.0408,3.0,34.0,0.00402,0.3,degraded
1.32,31.62908,31.32876,0.30032,24.09968,24.94684,-0.84716,2.9948,3.0,34.43,0.0,0.3,degraded
1.33,31.65381,31.40612,0.24769,24.00762,24.86883,-0.86121,2.9924,3.0,34.4,0.00113,0.3,degraded
1.34,31.67653,31.47649,0.20004,23.91539,24.78518,-0.86978,2.9824,3.0,34.28,0.00449,0.3,degraded
1.35,31.6973,31.55012,0.14718,23.82301,24.70836,-0.88535,2.9867,2.9981,34.58,0.0,0.3,degraded
1.36,31.71618,31.617,0.09918,23.7305,24.6275,-0.897,2.9851,3.0,34.3,0.00091,0.3,degraded
1.37,31.73324,31.69043,0.04282,23.63787,24.55403,-0.91616,2.9939,2.9948,34.71,0.00403,0.3,degraded
1.38,31.74855,31.75891,-0.01036,23.54516,24.47424,-0.92909,3.0034,2.9999,34.58,0.0,0.3,degraded
1.39,31.76217,31.83451,-0.07234,23.45237,24.40009,-0.94772,2.9894,2.989,34.29,0.00083,0.3,degraded
1.4,31.77417,31.90614,-0.13197,23.35954,24.31568,-0.95614,3.0151,2.9881,34.7,0.00874,0.3,degraded
1.41,31.78461,31.95571,-0.1711,23.26667,24.23592,-0.96925,3.0155,3.0,34.66,0.00341,0.3,degraded
1.42,31.79357,31.98992,-0.19635,23.17379,24.14864,-0.97486,3.0021,2.9907,34.69,0.0,0.3,degraded
1.43,31.8011,32.02861,-0.2275,23.08091,24.06794,-0.98703,2.9875,2.9771,34.71,0.00516,0.3,degraded
1.44,31.80729,32.06338,-0.25609,22.98805,23.97195,-0.9839,2.9551,2.9766,34.85,0.00064,0.3,degraded
1.45,31.81218,32.10562,-0.29344,22.89524,23.88639,-0.99115,2.9809,3.0,34.85,0.00136,0.3,degraded
1.46,31.81587,32.13513,-0.31927,22.80249,23.79255,-0.99006,2.9867,3.0,34.7,0.00658,0.3,degraded
1.47,31.8184,32.152,-0.3336,22.70981,23.7019,-0.9921,3.0112,3.0,35.23,0.0009,0.3,degraded
1.48,31.81986,32.16323,-0.34338,22.61722,23.60612,-0.9889,3.005,2.9907,35.06,0.0,0.3,degraded
1.49,31.8203,32.18176,-0.36145,22.52474,23.5163,-0.99156,3.0257,3.0,35.04,0.00387,0.3,degraded
1.5,31.81981,32.19315,-0.37335,22.43238,23.42103,-0.98865,3.0009,2.9773,35.04,0.00162,0.3,degraded
1.51,31.81844,32.21086,-0.39243,22.34016,23.33277,-0.99261,2.984,3.0,35.38,0.0,0.3,degraded
1.52,31.81627,32.21921,-0.40295,22.2481,23.23815,-0.99005,2.9857,3.0,35.13,0.00673,0.3,degraded
1.53,31.81336,32.21156,-0.39821,22.1562,23.14764,-0.99144,2.9992,2.9932,35.4,0.00413,0.3,degraded
1.54,31.80979,32.19127,-0.38148,22.06449,23.05035,-0.98586,3.0292,3.0,35.36,0.0,0.3,degraded
1.55,31.80562,32.17659,-0.37097,21.97297,22.96033,-0.98736,2.9954,3.0,35.43,0.00326,0.3,degraded
1.56,31.80092,32.15583,-0.3549,21.88166,22.86242,-0.98075,3.0176,3.0,35.41,0.00267,0.3,degraded
1.57,31.79577,32.14032,-0.34455,21.79058,22.77083,-0.98025,2.992,2.9993,35.55,0.0,0.3,degraded
1.58,31.79022,32.11676,-0.32654,21.69973,22.67377,-0.97405,3.0004,3.0,35.7,0.0027,0.3,degraded
1.59,31.78435,32.09973,-0.31538,21.60912,22.58389,-0.97476,2.9919,2.989,35.8,0.00259,0.3,degraded
1.6,31.77822,32.07737,-0.29914,21.51878,22.48745,-0.96867,2.9975,3.0,35.71,0.0,0.3,degraded
1.61,31.77191,32.05983,-0.28792,21.4287,22.39577,-0.96706,3.0055,3.0,35.88,0.0031,0.3,degraded
1.62,31.76548,32.03995,-0.27447,21.33891,22.29755,-0.95865,2.9832,2.9992,36.09,0.00421,0.3,degraded
1.63,31.75899,32.03134,-0.27235,21.2494,22.20394,-0.95454,3.0274,2.9968,35.77,0.0,0.3,degraded
1.64,31.75252,32.01536,-0.26283,21.1602,22.06918,-0.90898,3.0037,2.9889,36.09,0.00185,0.3,degraded
1.65,31.74613,32.00581,-0.25968,21.0713,21.97741,-0.90611,2.9807,2.9758,36.01,0.00525,0.3,degraded
1.66,31.73989,31.99214,-0.25225,20.98273,21.88386,-0.90113,2.983,3.0,36.05,0.0,0.3,degraded
1.67,31.73386,31.98556,-0.25171,20.89448,21.79569,-0.90121,3.0066,2.9908,36.31,0.00156,0.3,degraded
1.68,31.7281,31.97416,-0.24606,20.80656,21.70327,-0.8967,3.021,2.9868,36.25,0.00386,0.3,degraded
1.69,31.72268,31.97026,-0.24758,20.71899,21.61875,-0.89975,3.0086,2.9817,36.21,0.0,0.3,degraded
1.7,31.71768,31.95867,-0.241,20.63177,21.52674,-0.89497,3.0078,2.9569,36.65,0.00069,0.3,degraded
1.71,31.71313,31.95209,-0.23896,20.54491,21.44116,-0.89625,3.0092,2.9898,36.65,0.00398,0.3,degraded
1.72,31.70912,31.93885,-0.22973,20.4584,21.35005,-0.89164,3.0099,3.0,36.28,0.0,0.3,degraded
1.73,31.70571,31.932,-0.22629,20.37227,21.26434,-0.89207,3.0091,3.0,36.41,0.00026,0.3,degraded
1.74,31.70295,31.91461,-0.21166,20.28651,21.17227,-0.88576,2.989,2.9824,36.79,0.00534,0.3,degraded
1.75,31.7009,31.90104,-0.20014,20.20113,21.08607,-0.88494,3.0095,2.9904,36.72,0.0,0.3,degraded
1.76,31.69963,31.87944,-0.17981,20.11613,20.99263,-0.8765,3.0136,3.0,37.05,0.0,0.3,degraded
1.77,31.6992,31.86367,-0.16448,20.03152,20.90487,-0.87335,2.9986,2.9759,36.98,0.00396,0.3,degraded
1.78,31.69965,31.84171,-0.14206,19.9473,20.81074,-0.86344,3.0052,3.0,37.0,0.00052,0.3,degraded
1.79,31.70106,31.82597,-0.12491,19.86347,20.72306,-0.85959,2.9796,3.0,36.86,0.0,0.3,degraded
1.8,31.70348,31.8069,-0.10342,19.78004,20.63012,-0.85007,2.9843,3.0,37.15,0.00318,0.3,degraded
1.81,31.70697,31.79484,-0.08787,19.69701,20.54307,-0.84606,3.0216,2.9962,36.95,0.00127,0.3,degraded
1.82,31.71157,31.77671,-0.06514,19.61438,20.45155,-0.83717,3.0029,2.9935,37.4,0.0,0.3,degraded
1.83,31.71735,31.76602,-0.04868,19.53214,20.36965,-0.8375,3.0049,2.9985,37.32,0.00418,0.3,degraded
1.84,31.72435,31.74646,-0.02211,19.45031,20.28237,-0.83205,3.0091,2.9961,37.2,0.00207,0.3,degraded
1.85,31.73263,31.73214,0.00049,19.36889,20.19936,-0.83047,3.0229,3.0,37.51,0.0,0.3,degraded
1.86,31.74225,31.71096,0.03129,19.28786,20.10931,-0.82145,2.9883,2.9847,37.78,0.0039,0.3,degraded
1.87,31.75325,31.69605,0.0572,19.20723,20.02756,-0.82033,2.9922,2.9882,37.48,0.00231,0.3,degraded
1.88,31.76567,31.67404,0.09163,19.127,19.94082,-0.81382,3.02,3.0,37.65,0.0,0.3,degraded
1.89,31.77958,31.6577,0.12189,19.04718,19.86284,-0.81567,3.008,2.9948,37.57,0.00288,0.3,degraded
1.9,31.79502,31.63403,0.16098,18.96774,19.77695,-0.8092,2.9939,3.0,37.71,0.00282,0.3,degraded
1.91,31.81202,31.61516,0.19687,18.88871,19.69764,-0.80893,2.998,3.0,37.53,0.0,0.3,degraded
1.92,31.83065,31.59135,0.23931,18.81006,19.60947,-0.79941,2.9943,3.0,37.82,0.00316,0.3,degraded
1.93,31.85094,31.5784,0.27254,18.7318,19.52735,-0.79555,3.0386,2.9927,37.89,0.00383,0.3,degraded
1.94,31.87293,31.56156,0.31137,18.65393,19.4394,-0.78548,3.0137,2.9997,38.21,0.0,0.3,degraded
1.95,31.89667,31.55146,0.34521,18.57643,19.35594,-0.77951,3.0099,2.9863,37.73,0.00182,0.3,degraded
1.96,31.9222,31.5354,0.3868,18.49931,19.2674,-0.76809,2.9763,3.0,38.02,0.00358,0.3,degraded
1.97,31.94955,31.5248,0.42476,18.42256,19.18731,-0.76475,2.9989,2.999,38.32,0.0,0.3,degraded
1.98,31.97877,31.50794,0.47083,18.34617,19.10027,-0.7541,2.975,3.0,38.15,0.00123,0.3,degraded
1.99,32.00989,31.49747,0.51241,18.27014,19.01908,-0.74893,2.9838,2.9944,38.22,0.00435,0.3,degraded
2.0,32.04294,31.48861,0.55433,18.19447,18.93098,-0.73651,2.9822,3.0,38.18,0.0,0.3,degraded
2.01,32.07796,31.49168,0.58628,18.11914,18.84793,-0.72879,3.0007,3.0,38.22,0.00251,0.3,degraded
2.02,32.11499,31.49832,0.61668,18.04415,18.7609,-0.71675,3.0285,2.9918,38.14,0.00715,0.3,degraded
2.03,32.15406,31.5157,0.63836,17.96949,18.68285,-0.71337,2.6709,3.0,38.37,0.00041,0.3,degraded
2.04,32.19518,31.5422,0.65298,17.89515,18.59704,-0.7019,3.006,3.0,38.37,0.00062,0.3,degraded
2.05,32.23841,31.5755,0.66291,17.82112,18.51658,-0.69546,2.9872,2.9903,38.59,0.00441,0.3,degraded
2.06,32.28375,31.60315,0.6806,17.7474,18.43215,-0.68475,2.9869,3.0,38.5,0.0002,0.3,degraded
2.07,32.33124,31.6366,0.69464,17.67398,18.35459,-0.68061,2.9242,2.9884,38.6,0.00124,0.3,degraded
2.08,32.38091,31.67265,0.70826,17.60084,18.27302,-0.67217,3.0168,3.0,38.65,0.00503,0.3,degraded
2.09,32.43276,31.72035,0.71242,17.52799,18.19785,-0.66986,3.0134,2.9925,38.76,0.0,0.3,degraded
2.1,32.48684,31.75959,0.72725,17.45539,18.11705,-0.66166,3.0009,3.0,38.73,0.00047,0.3,degraded
2.11,32.54316,31.80973,0.73343,17.38306,18.04043,-0.65737,2.9845,2.9881,38.7,0.00535,0.3,degraded
2.12,32.60173,31.85823,0.7435,17.31096,17.95853,-0.64757,2.9882,3.0,38.92,0.00056,0.3,degraded
2.13,32.66258,31.91297,0.7496,17.2391,17.88525,-0.64614,3.0102,3.0,39.11,0.0,0.3,degraded
2.14,32.72571,31.97064,0.75507,17.16747,17.80502,-0.63755,2.9967,2.988,39.01,0.00517,0.3,degraded
2.15,32.79116,32.03584,0.75532,17.09604,17.73207,-0.63603,2.9783,2.9944,38.94,0.00106,0.3,degraded
2.16,32.85892,32.0946,0.76432,17.0248,17.65365,-0.62884,3.0023,2.9959,39.06,0.0,0.3,degraded
2.17,32.92901,32.16015,0.76887,16.95376,17.58386,-0.6301,2.9979,2.9996,38.81,0.00346,0.3,degraded
2.18,33.00145,32.2188,0.78264,16.88288,17.50637,-0.62349,3.0334,3.0,39.14,0.00313,0.3,degraded
2.19,33.07623,32.29777,0.77846,16.81216,17.43353,-0.62137,3.0225,3.0,39.14,0.0,0.3,degraded
2.2,33.15337,32.37224,0.78113,16.74158,17.35378,-0.6122,2.9901,3.0,39.1,0.00364,0.3,degraded
2.21,33.23287,32.45467,0.7782,16.67113,17.2803,-0.60917,2.9984,3.0,39.17,0.00258,0.3,degraded
2.22,33.31474,32.53449,0.78026,16.6008,17.19851,-0.59771,2.9746,3.0,39.26,0.0,0.3,degraded
2.23,33.39898,32.62383,0.77516,16.53057,17.12285,-0.59229,3.0006,3.0,39.51,0.00414,0.3,degraded
2.24,33.4856,32.69976,0.78584,16.46042,17.04459,-0.58418,3.0058,2.9841,39.56,0.00415,0.3,degraded
2.25,33.57458,32.77628,0.7983,16.39034,16.97228,-0.58194,3.0073,3.0,39.3,0.0,0.3,degraded
2.26,33.66593,32.84757,0.81836,16.32031,16.89455,-0.57424,3.0075,3.0,39.4,0.00328,0.3,degraded
2.27,33.75965,32.93476,0.82489,16.25033,16.82381,-0.57348,2.9835,2.9925,39.44,0.0039,0.3,degraded
2.28,33.85573,33.01529,0.84044,16.18036,16.75034,-0.56998,2.9886,3.0,39.68,0.0,0.3,degraded
2.29,33.95416,33.10134,0.85283,16.1104,16.6858,-0.5754,2.8804,2.9796,39.61,0.00742,0.3,degraded
2.3,34.05494,33.24995,0.80499,16.04043,16.6155,-0.57507,2.9879,2.9801,39.65,0.0046,0.3,degraded
2.31,34.15806,33.35661,0.80145,15.97043,16.55237,-0.58194,2.9985,3.0,39.75,0.00426,0.3,degraded
2.32,34.26351,33.433,0.83051,15.90038,16.4837,-0.58332,2.9882,2.9989,39.62,0.00195,0.3,degraded
2.33,34.37127,33.51913,0.85214,15.83028,16.42281,-0.59253,3.003,2.9858,39.95,0.01027,0.3,degraded
2.34,34.48134,33.65176,0.82958,15.76009,16.3587,-0.59862,2.9627,3.0,39.79,0.0,0.3,degraded
2.35,34.59369,33.76177,0.83191,15.6898,16.30071,-0.61091,2.993,3.0,39.7,0.00419,0.3,degraded
2.36,34.70831,33.85282,0.85548,15.61939,16.23635,-0.61695,3.026,3.0,39.83,0.00837,0.3,degraded
2.37,34.82518,33.98333,0.84185,15.54885,16.17735,-0.62849,2.9834,3.0,40.09,0.00198,0.3,degraded
2.38,34.94428,34.09125,0.85303,15.47816,16.11083,-0.63266,2.9792,2.986,39.89,0.01036,0.3,degraded
2.39,35.06559,34.20722,0.85837,15.4073,16.0504,-0.64311,0.3098,3.0,40.16,0.00765,0.3,degraded
2.4,35.18909,34.39503,0.79406,15.33624,15.98271,-0.64647,3.0225,3.0,39.98,0.01197,0.3,degraded
2.41,35.31476,34.52962,0.78514,15.26498,15.9187,-0.65373,2.9899,3.0,40.0,0.00793,0.3,degraded
2.42,35.44256,34.61106,0.8315,15.19348,15.84788,-0.6544,2.9988,2.9907,40.25,0.01039,0.3,degraded
2.43,35.57247,34.70785,0.86463,15.12174,15.78328,-0.66154,1.3014,3.0,40.07,0.00323,0.3,degraded
2.44,35.70447,34.83969,0.86478,15.04973,15.71146,-0.66173,3.0308,2.9986,40.37,0.0,0.3,degraded
2.45,35.83852,34.95834,0.88019,14.97743,15.64669,-0.66926,2.9879,2.9965,40.35,0.0042,0.3,degraded
2.46,35.9746,35.09019,0.88441,14.90482,15.57654,-0.67172,2.9974,2.9903,40.21,0.00873,0.3,degraded
2.47,36.11266,35.18914,0.92353,14.83189,15.51383,-0.68194,2.8829,2.995,40.37,0.00183,0.3,degraded
2.48,36.25269,35.33798,0.9147,14.75861,15.44497,-0.68636,3.0037,2.9871,40.34,0.0209,0.3,degraded
2.49,36.39463,35.46322,0.93141,14.68496,15.38366,-0.6987,0.3444,3.0,40.55,0.01353,0.3,degraded
2.5,36.53846,35.58148,0.95698,14.61092,15.3151,-0.70417,2.9876,2.9907,40.85,0.0,0.3,degraded
2.51,36.68413,35.71818,0.96595,14.53648,15.25247,-0.71599,2.9761,3.0,40.59,0.01068,0.3,degraded
2.52,36.83162,35.88216,0.94946,14.46161,15.18267,-0.72106,3.0027,2.9917,40.81,0.00184,0.3,degraded
2.53,36.98087,36.01638,0.96449,14.38629,15.11843,-0.73214,2.9932,3.0,40.81,0.0,0.3,degraded
2.54,37.13185,36.17469,0.95716,14.3105,15.04761,-0.73711,3.0025,2.9987,40.9,0.0043,0.3,degraded
2.55,37.28451,36.3017,0.98281,14.23422,14.98346,-0.74923,2.9926,2.9815,40.94,0.01114,0.3,degraded
2.56,37.43881,36.43968,0.99913,14.15743,14.91535,-0.75792,2.9947,2.9932,40.94,0.00675,0.3,degraded
2.57,37.59471,36.65019,0.94451,14.08011,14.85255,-0.77244,3.006,3.0,41.22,0.01569,0.3,degraded
2.58,37.75215,36.7954,0.95675,14.00224,14.78147,-0.77923,3.0128,3.0,41.2,0.0171,0.3,degraded
2.59,37.91109,36.93149,0.9796,13.9238,14.71152,-0.78773,3.0079,3.0,41.17,0.01197,0.3,degraded
2.6,38.07148,37.10387,0.96762,13.84476,14.63623,-0.79147,2.9894,2.9981,41.51,0.01405,0.3,degraded
2.61,38.23328,37.2229,1.01038,13.76511,14.56852,-0.8034,2.8482,3.0,41.41,0.0045,0.3,degraded
2.62,38.39642,37.37132,1.02511,13.68483,14.48913,-0.8043,2.9893,3.0,41.41,0.00382,0.3,degraded
2.63,38.56086,37.48809,1.07277,13.60389,14.41669,-0.81279,1.9788,2.9893,41.7,0.01021,0.3,degraded
2.64,38.72655,37.61772,1.10883,13.52228,14.33992,-0.81765,0.7535,3.0,41.29,0.0046,0.3,degraded
2.65,38.89343,37.80898,1.08444,13.43997,14.26068,-0.82071,3.0369,3.0,41.81,0.00115,0.3,degraded
2.66,39.06144,37.94133,1.12011,13.35694,14.1763,-0.81936,1.1928,2.9946,41.55,0.00322,0.3,degraded
2.67,39.23053,38.11145,1.11907,13.27318,14.09859,-0.8254,2.9959,2.9898,41.76,0.00811,0.3,degraded
2.68,39.40064,38.25421,1.14643,13.18866,14.01366,-0.825,2.9897,3.0,41.7,0.01434,0.3,degraded
2.69,39.57171,38.40435,1.16736,13.10336,13.93354,-0.83018,0.5503,3.0,41.73,0.01306,0.3,degraded
2.7,39.74369,38.53278,1.21092,13.01727,13.84869,-0.83142,3.0024,3.0,42.15,0.01023,0.3,degraded
2.71,39.91652,38.7526,1.16391,12.93036,13.76951,-0.83915,2.9966,2.977,42.33,0.0,0.3,degraded
2.72,40.09012,38.90471,1.18541,12.8426,13.68414,-0.84154,3.0078,2.9913,42.1,0.00433,0.3,degraded
2.73,40.26445,39.06409,1.20036,12.75399,13.60697,-0.85298,2.9698,3.0,42.27,0.00713,0.3,degraded
2.74,40.43944,39.21338,1.22606,12.66451,13.52337,-0.85887,3.0253,3.0,42.32,0.00674,0.3,degraded
2.75,40.61502,39.38913,1.22588,12.57412,13.4421,-0.86798,3.01,2.9779,42.67,0.0,0.3,degraded
2.76,40.79113,39.56416,1.22698,12.48282,13.35413,-0.87131,2.9872,2.9961,42.18,0.02485,0.3,degraded
2.77,40.96771,39.70271,1.265,12.39058,13.27071,-0.88013,1.901,2.9938,42.62,0.00529,0.3,degraded
2.78,41.14469,39.86196,1.28273,12.29739,13.17607,-0.87868,0.2967,3.0,42.53,0.00144,0.3,degraded
2.79,41.32201,40.09906,1.22295,12.20322,13.08795,-0.88473,3.0021,2.9804,42.36,0.01611,0.3,degraded
2.8,41.49959,40.26783,1.23177,12.10805,12.99454,-0.88648,2.9957,2.9986,42.71,0.01951,0.3,degraded
2.81,41.67738,40.43504,1.24234,12.01188,12.90672,-0.89484,3.0002,2.9726,43.15,0.0182,0.3,degraded
2.82,41.85529,40.62782,1.22747,11.91467,12.81409,-0.89942,2.9832,2.9888,42.87,0.00396,0.3,degraded
2.83,42.03327,40.78859,1.24468,11.81641,12.72908,-0.91266,2.9874,3.0,43.19,0.00113,0.3,degraded
2.84,42.21125,40.97687,1.23438,11.71709,12.63714,-0.92005,3.0208,3.0,43.34,0.02407,0.3,degraded
2.85,42.38914,41.11588,1.27326,11.61668,12.54701,-0.93034,2.9804,3.0,43.21,0.00704,0.3,degraded
2.86,42.5669,41.26541,1.30149,11.51516,12.44942,-0.93426,3.0066,2.9869,43.32,0.02703,0.3,degraded
2.87,42.74443,41.48814,1.2563,11.41252,12.35656,-0.94403,2.9929,2.9885,43.15,0.00576,0.3,degraded
2.88,42.92168,41.67257,1.24911,11.30875,12.18969,-0.88094,3.0097,2.9888,43.41,0.00857,0.3,degraded
2.89,43.09857,41.82972,1.26886,11.20382,12.07956,-0.87574,2.9931,2.9983,43.74,0.0168,0.3,degraded
2.9,43.27504,41.98838,1.28666,11.09772,11.98939,-0.89167,2.9822,3.0,43.73,0.0,0.3,degraded
2.91,43.45099,42.19953,1.25147,10.99043,11.90505,-0.91462,3.0012,2.9984,43.87,0.0153,0.3,degraded
2.92,43.62638,42.34338,1.283,10.88193,11.81265,-0.93072,3.0035,3.0,43.92,0.00447,0.3,degraded
2.93,43.80111,42.56952,1.2316,10.77221,11.72453,-0.95232,2.982,3.0,44.33,0.0,0.3,degraded
2.94,43.97513,42.72782,1.24731,10.66125,11.62778,-0.96652,3.0221,2.9814,44.02,0.00333,0.3,degraded
2.95,44.14835,42.88655,1.2618,10.54905,11.53778,-0.98873,3.0179,2.9893,44.42,0.0108,0.3,degraded
2.96,44.32071,43.04115,1.27956,10.43557,11.3301,-0.89453,3.0095,3.0,44.3,0.00071,0.3,degraded
2.97,44.49212,43.25757,1.23456,10.32081,11.20874,-0.88792,2.9904,3.0,44.64,0.0121,0.3,degraded
2.98,44.66253,43.43668,1.22584,10.20476,11.12025,-0.91549,3.0087,2.9746,44.29,0.0054,0.3,degraded
2.99,44.83184,43.58586,1.24598,10.08739,11.03752,-0.95013,3.0056,2.9822,44.61,9e-05,0.3,degraded
3.0,45.0,43.74948,1.25052,9.9687,10.94434,-0.97563,3.0004,2.9905,44.61,0.00449,0.3,degraded
3.01,45.16692,43.94275,1.22418,9.84867,10.82273,-0.97406,3.0064,2.9737,44.79,0.00598,0.3,degraded
3.02,45.33254,44.12546,1.20708,9.72729,10.71432,-0.98703,3.0179,3.0,45.05,0.0,0.3,degraded
3.03,45.49677,44.28046,1.21631,9.60455,10.62435,-1.0198,2.2987,3.0,45.03,0.01452,0.3,degraded
3.04,45.65955,44.46359,1.19596,9.48042,10.46775,-0.98732,3.0073,3.0,45.28,0.0146,0.3,degraded
3.05,45.82081,44.60649,1.21431,9.35491,10.28086,-0.92595,2.996,2.9957,45.1,0.01809,0.3,degraded
3.06,45.98046,44.73776,1.2427,9.228,10.16644,-0.93844,3.0186,3.0,45.16,0.00836,0.3,degraded
3.07,46.13844,44.91983,1.21861,9.09967,10.08479,-0.98511,2.9924,3.0,45.37,0.00932,0.3,degraded
3.08,46.29468,45.06299,1.23168,8.96993,9.99302,-1.02309,3.0061,2.9932,45.46,0.01316,0.3,degraded
3.09,46.44909,45.21201,1.23709,8.83874,9.85393,-1.01519,3.0014,2.9791,45.55,0.00619,0.3,degraded
3.1,46.60162,45.35101,1.25061,8.70611,9.69774,-0.99162,2.9969,2.9703,45.52,0.01426,0.3,degraded
3.11,46.75219,45.56387,1.18832,8.57203,9.60396,-1.03193,2.9815,3.0,45.94,0.00241,0.3,degraded
3.12,46.90072,45.70924,1.19148,8.43649,9.50607,-1.06959,3.0078,2.9953,45.8,0.01303,0.3,degraded
3.13,47.04715,45.86189,1.18527,8.29947,9.3409,-1.04143,3.0028,3.0,46.17,0.00688,0.3,degraded
3.14,47.19141,45.98495,1.20646,8.16097,9.18299,-1.02203,3.0189,3.0,46.05,0.01022,0.3,degraded
3.15,47.33342,46.12504,1.20837,8.02098,9.08821,-1.06723,2.9922,3.0,46.23,0.01193,0.3,degraded
3.16,47.47311,46.28498,1.18813,7.87949,8.94582,-1.06633,3.017,3.0,46.34,0.00783,0.3,degraded
3.17,47.61042,46.42857,1.18185,7.7365,8.79715,-1.06065,2.9971,3.0,46.22,0.01637,0.3,degraded
3.18,47.74528,46.59367,1.15161,7.592,8.69667,-1.10467,2.9926,3.0,46.5,0.00365,0.3,degraded
3.19,47.87763,46.79054,1.08708,7.44598,8.60072,-1.15474,2.9845,2.9899,46.83,0.01705,0.3,degraded
3.2,48.00738,46.92036,1.08701,7.29843,8.46786,-1.16942,2.9881,3.0,46.67,0.00903,0.3,degraded
3.21,48.13448,47.10707,1.02741,7.14936,8.29862,-1.14926,2.975,3.0,46.88,0.00204,0.3,degraded
3.22,48.25886,47.25264,1.00621,6.99875,8.17517,-1.17643,3.0214,3.0,46.93,0.02343,0.3,degraded
3.23,48.38045,47.38805,0.9924,6.8466,8.00306,-1.15646,3.0078,2.9872,46.94,0.02121,0.3,degraded
3.24,48.49919,47.52508,0.97411,6.6929,7.88589,-1.19298,2.964,2.8947,46.96,0.00797,0.3,degraded
3.25,48.61502,47.61828,0.99674,6.53766,7.70631,-1.16865,3.0031,2.99,47.07,0.0165,0.3,degraded
3.26,48.72787,47.72298,1.00489,6.38087,7.57251,-1.19164,3.0049,0.7475,47.17,0.00955,0.3,degraded
3.27,48.83768,47.82809,1.00959,6.22253,7.39893,-1.1764,0.657,2.9755,46.89,0.01213,0.3,degraded
3.28,48.94439,47.99859,0.94579,6.06263,7.25675,-1.19412,2.9848,3.0,47.16,0.01721,0.3,degraded
3.29,49.04793,48.11341,0.93453,5.90117,7.1106,-1.20943,3.0119,2.9822,47.1,0.01435,0.3,degraded
3.3,49.14826,48.19483,0.95342,5.73815,6.96053,-1.22238,3.0113,3.0,47.08,0.00218,0.3,degraded
3.31,49.2453,48.28266,0.96264,5.57357,6.83024,-1.25667,2.6944,3.0,47.35,0.00766,0.3,degraded
3.32,49.339,48.36509,0.97391,5.40743,6.7045,-1.29707,2.9794,1.0896,47.07,0.01316,0.3,degraded
3.33,49.42931,48.53433,0.89498,5.23973,6.54372,-1.30399,2.9982,3.0,47.0,0.01021,0.3,degraded
3.34,49.51617,48.67994,0.83622,5.07047,6.4185,-1.34802,2.9966,2.6242,47.35,0.02046,0.3,degraded
3.35,49.59952,48.7781,0.82142,4.89965,6.21908,-1.31943,3.0074,2.9715,47.04,0.00931,0.3,degraded
3.36,49.6793,48.86126,0.81804,4.72728,6.03751,-1.31023,3.0231,3.0,46.98,0.0095,0.3,degraded
3.37,49.75548,48.94984,0.80564,4.55335,5.91734,-1.36399,2.9758,2.9968,47.41,0.00291,0.3,degraded
3.38,49.82798,49.03346,0.79452,4.37787,5.78391,-1.40604,2.999,2.9996,47.3,0.00446,0.3,degraded
3.39,49.89678,49.12215,0.77463,4.20084,5.64705,-1.44622,2.9973,2.9992,47.35,0.00356,0.3,degraded
3.4,49.9618,49.20259,0.75921,4.02226,5.45602,-1.43376,2.97,3.0,47.23,0.01436,0.3,degraded
3.41,50.02301,49.29146,0.73155,3.84214,5.29041,-1.44827,2.9983,2.9905,47.13,0.00712,0.3,degraded
3.42,50.08036,49.36218,0.71818,3.66048,5.0747,-1.41422,3.0051,3.0,47.18,0.00851,0.3,degraded
3.43,50.1338,49.44021,0.69359,3.47729,4.93427,-1.45698,3.0093,1.7764,47.33,0.00899,0.3,degraded
3.44,50.18329,49.51238,0.67091,3.29258,4.77988,-1.48731,2.9951,0.1746,47.23,0.00588,0.3,degraded
3.45,50.22878,49.59223,0.63655,3.10634,4.55245,-1.4461,2.9942,3.0,47.49,0.01709,0.3,degraded
3.46,50.27024,49.66845,0.60179,2.9186,4.4012,-1.4826,3.0089,2.9987,47.38,0.00122,0.3,degraded
3.47,50.30761,49.75253,0.55508,2.72934,4.20788,-1.47853,3.0142,2.9913,47.5,0.02451,0.3,degraded
3.48,50.34087,49.8303,0.51057,2.53859,4.05321,-1.51462,3.0004,0.5116,47.54,0.02166,0.3,degraded
3.49,50.36996,49.91704,0.45292,2.34634,3.85749,-1.51114,3.0035,3.0,47.64,1e-05,0.3,degraded
3.5,50.39487,49.99872,0.39614,2.15262,3.70874,-1.55612,3.0022,3.0,47.7,0.00328,0.3,degraded
3.51,50.41554,50.08378,0.33176,1.95742,3.48702,-1.5296,3.0087,3.0,47.63,0.00141,0.3,degraded
3.52,50.43194,50.16121,0.27074,1.76076,3.33873,-1.57797,3.004,3.0,47.76,0.0,0.3,degraded
3.53,50.44405,50.2442,0.19985,1.56265,3.11048,-1.54783,3.0022,3.0,47.83,0.00369,0.3,degraded
3.54,50.45183,50.32297,0.12886,1.36309,2.95471,-1.59162,2.9962,3.0,47.47,0.00841,0.3,degraded
3.55,50.45525,50.41028,0.04498,1.1621,2.78824,-1.62613,2.9863,2.9932,47.98,0.00224,0.3,degraded
3.56,50.45428,50.49206,-0.03777,0.9597,2.61376,-1.65406,3.004,2.9934,47.96,0.00983,0.3,degraded
3.57,50.4489,50.57406,-0.12516,0.75589,2.4381,-1.68222,3.0162,2.9877,48.09,0.01616,0.3,degraded
3.58,50.43907,50.63718,-0.19811,0.55068,2.27889,-1.72821,3.002,1.1992,47.85,0.02245,0.3,degraded
3.59,50.42478,50.69393,-0.26915,0.3441,2.09146,-1.74736,2.9815,2.9816,48.02,0.01244,0.3,degraded
3.6,50.406,50.71775,-0.31175,0.13615,1.90658,-1.77044,3.0075,3.0,47.93,0.01462,0.3,degraded
3.61,50.3827,50.74218,-0.35948,-0.07316,1.70804,-1.7812,3.0261,3.0,48.25,0.0,0.3,degraded
3.62,50.35488,50.75771,-0.40283,-0.2838,1.5091,-1.79289,3.0107,2.997,47.96,0.01046,0.3,degraded
3.63,50.32251,50.77742,-0.45491,-0.49576,1.34375,-1.83951,3.0199,3.0,48.06,0.02581,0.3,degraded
3.64,50.28557,50.77258,-0.48701,-0.70903,1.16461,-1.87364,3.0154,0.7391,48.36,0.00952,0.3,degraded
3.65,50.24405,50.76876,-0.52471,-0.92359,0.96204,-1.88564,3.0056,2.9918,48.24,0.02097,0.3,degraded
3.66,50.19793,50.75636,-0.55843,-1.13943,0.75788,-1.89731,3.0004,2.9926,48.23,0.0271,0.3,degraded
3.67,50.14721,50.74649,-0.59928,-1.35652,0.53432,-1.89084,3.0292,3.0,48.61,0.02342,0.3,degraded
3.68,50.09187,50.72169,-0.62982,-1.57484,0.29384,-1.86868,2.9991,2.9812,48.7,0.02756,0.3,degraded
3.69,50.0319,50.6922,-0.6603,-1.79439,0.12675,-1.92115,2.9861,1.9137,48.72,0.02482,0.3,degraded
3.7,49.96729,50.65558,-0.68829,-2.01514,-0.05769,-1.95745,3.014,3.0,48.78,0.00164,0.3,degraded
3.71,49.89805,50.61539,-0.71734,-2.23707,-0.25669,-1.98038,3.0107,3.0,48.67,0.00846,0.3,degraded
3.72,49.82416,50.56608,-0.74192,-2.46017,-0.4779,-1.98227,3.0165,2.9985,48.74,0.00731,0.3,degraded
3.73,49.74561,50.51695,-0.77134,-2.6844,-0.67977,-2.00464,3.0082,2.9764,48.72,0.00888,0.3,degraded
3.74,49.66242,50.45439,-0.79197,-2.90976,-0.86324,-2.04652,2.9838,3.0,48.89,0.00947,0.3,degraded
3.75,49.57458,50.39776,-0.82318,-3.13622,-1.14378,-1.99244,2.9965,2.9777,48.85,0.00765,0.3,degraded
3.76,49.48209,50.32599,-0.8439,-3.36376,-1.36965,-1.99411,2.9844,3.0,48.92,0.00637,0.3,degraded
3.77,49.38495,50.25497,-0.87002,-3.59236,-1.55476,-2.03759,2.9947,0.2794,49.16,0.00419,0.3,degraded
3.78,49.28317,50.17738,-0.89421,-3.82199,-1.83401,-1.98798,3.0016,3.0,49.31,0.02099,0.3,degraded
3.79,49.17676,50.09522,-0.91846,-4.05263,-2.02678,-2.02585,3.0118,2.9776,49.25,0.00977,0.3,degraded
3.8,49.06572,49.96693,-0.90121,-4.28426,-2.24964,-2.03463,3.0035,3.0,49.52,0.00163,0.3,degraded
3.81,48.95007,49.87915,-0.92908,-4.51686,-2.44436,-2.07251,2.9919,2.996,49.2,0.01191,0.3,degraded
3.82,48.8298,49.7205,-0.8907,-4.7504,-2.65091,-2.09949,2.9771,3.0,49.11,0.00614,0.3,degraded
3.83,48.70495,49.57023,-0.86528,-4.98485,-2.85732,-2.12754,3.0046,2.9897,49.56,0.00958,0.3,degraded
3.84,48.57552,49.47004,-0.89452,-5.2202,-3.07208,-2.14812,2.9931,2.9958,49.4,0.01029,0.3,degraded
3.85,48.44152,49.38833,-0.94681,-5.45641,-3.26653,-2.18989,3.0063,2.9887,49.53,0.038,0.3,degraded
3.86,48.30298,49.19714,-0.89417,-5.69347,-3.55364,-2.13983,3.007,3.0,49.44,0.02313,0.3,degraded
3.87,48.15991,49.07442,-0.91451,-5.93134,-3.80912,-2.12222,3.0001,3.0,49.68,0.01465,0.3,degraded
3.88,48.01233,48.96585,-0.95352,-6.16999,-4.01998,-2.15002,2.9951,3.0,49.71,0.01197,0.3,degraded
3.89,47.86027,48.81422,-0.95395,-6.40941,-4.25059,-2.15882,3.0258,2.9741,50.0,0.00664,0.3,degraded
3.9,47.70375,48.70824,-1.0045,-6.64956,-4.49622,-2.15334,2.9998,2.9744,50.11,0.01021,0.3,degraded
3.91,47.54279,48.56118,-1.0184,-6.89041,-4.73031,-2.1601,2.9745,3.0,50.31,0.00603,0.3,degraded
3.92,47.37742,48.42193,-1.04451,-7.13195,-4.93899,-2.19296,3.0036,2.9859,50.58,0.01714,0.3,degraded
3.93,47.20767,48.30532,-1.09766,-7.37413,-5.14899,-2.22514,3.0024,0.7775,50.58,0.02567,0.3,degraded
3.94,47.03356,48.12135,-1.08779,-7.61693,-5.41719,-2.19974,3.0067,2.9763,50.33,0.01815,0.3,degraded
3.95,46.85513,47.94423,-1.0891,-7.86033,-5.63341,-2.22692,3.0011,2.973,50.78,0.01851,0.3,degraded
3.96,46.67242,47.81026,-1.13785,-8.10429,-5.83789,-2.2664,2.9965,3.0,50.81,0.00982,0.3,degraded
3.97,46.48544,47.6711,-1.18565,-8.34877,-6.11095,-2.23783,2.9936,2.9998,50.91,0.01676,0.3,degraded
3.98,46.29425,47.49082,-1.19657,-8.59377,-6.34188,-2.25189,2.9839,2.994,51.06,0.00047,0.3,degraded
3.99,46.09887,47.32486,-1.22599,-8.83923,-6.60661,-2.23262,3.0097,2.9951,51.23,0.00655,0.3,degraded
4.0,45.89935,47.13539,-1.23604,-9.08513,-6.84235,-2.24279,2.9859,2.9865,51.22,0.01528,0.3,degraded
4.01,45.69571,46.99187,-1.29615,-9.33145,-7.06294,-2.26851,2.9769,2.9863,51.41,0.01519,0.3,degraded
4.02,45.48801,46.7952,-1.30718,-9.57814,-7.28898,-2.28916,2.9841,3.0,51.71,0.01971,0.3,degraded
4.03,45.27629,46.58783,-1.31154,-9.82518,-7.5663,-2.25888,2.9798,3.0,51.52,0.01711,0.3,degraded
4.04,45.06059,46.42397,-1.36338,-10.07253,-7.7995,-2.27303,1.0221,2.9862,51.58,0.00263,0.3,degraded
4.05,44.84094,46.22722,-1.38627,-10.32017,-8.05386,-2.26631,3.0161,2.9925,51.81,0.01782,0.3,degraded
4.06,44.61741,46.06177,-1.44436,-10.56806,-8.26864,-2.29941,3.0012,2.9788,51.73,0.02549,0.3,degraded
4.07,44.39003,45.87686,-1.48682,-10.81616,-8.54495,-2.27121,3.0008,2.991,51.78,0.02672,0.3,degraded
4.08,44.15886,45.64751,-1.48865,-11.06445,-8.77469,-2.28976,2.9926,3.0,52.12,0.00734,0.3,degraded
4.09,43.92395,45.42906,-1.50511,-11.3129,-8.9803,-2.33259,3.0024,2.9917,52.51,0.01809,0.3,degraded
4.1,43.68533,45.24311,-1.55778,-11.56146,-9.25712,-2.30434,2.9943,3.0,52.42,0.00352,0.3,degraded
4.11,43.44308,45.05421,-1.61113,-11.8101,-9.47886,-2.33124,1.0493,3.0,52.57,0.00242,0.3,degraded
4.12,43.19724,44.84806,-1.65082,-12.0588,-9.77058,-2.28822,2.9998,2.9968,52.37,0.01263,0.3,degraded
4.13,42.94786,44.65324,-1.70538,-12.30751,-9.9965,-2.31101,2.9924,3.0,52.89,0.00718,0.3,degraded
4.14,42.695,44.39233,-1.69733,-12.5562,-10.22659,-2.32961,2.9972,2.9772,52.98,0.00605,0.3,degraded
4.15,42.43872,44.17305,-1.73433,-12.80485,-10.4432,-2.36164,2.9788,0.1212,52.98,0.01004,0.3,degraded
4.16,42.17908,43.92771,-1.74863,-13.0534,-10.6787,-2.3747,2.9809,2.9831,53.24,0.03494,0.3,degraded
4.17,41.91613,43.72557,-1.80944,-13.30184,-10.89923,-2.4026,2.9838,3.0,53.28,0.02699,0.3,degraded
4.18,41.64993,43.47689,-1.82696,-13.55011,-11.14623,-2.40388,3.039,1.9399,53.17,0.01122,0.3,degraded
4.19,41.38055,43.24398,-1.86343,-13.7982,-11.38302,-2.41518,3.0129,2.9778,53.44,0.02132,0.3,degraded
4.2,41.10805,43.01076,-1.90271,-14.04606,-11.63418,-2.41188,2.9725,3.0,53.68,0.02188,0.3,degraded
4.21,40.83248,42.77908,-1.9466,-14.29366,-11.85812,-2.43554,0.6188,3.0,53.58,0.00964,0.3,degraded
4.22,40.55392,42.47527,-1.92135,-14.54096,-12.18794,-2.35302,2.9936,2.9869,53.61,0.01231,0.3,degraded
4.23,40.27242,42.23734,-1.96492,-14.78793,-12.42823,-2.3597,2.5183,2.9938,53.81,0.0,0.3,degraded
4.24,39.98806,41.98918,-2.00112,-15.03453,-12.7321,-2.30243,3.0038,3.0,54.09,0.01568,0.3,degraded
4.25,39.7009,41.73504,-2.03414,-15.28072,-12.98469,-2.29603,0.4465,3.0,53.9,0.0042,0.3,degraded
4.26,39.411,41.40779,-1.99678,-15.52648,-13.25725,-2.26923,3.0097,2.994,54.3,0.01054,0.3,degraded
4.27,39.11844,41.14735,-2.02891,-15.77176,-13.50764,-2.26411,2.987,2.9935,54.21,0.02505,0.3,degraded
4.28,38.82329,40.84872,-2.02544,-16.01652,-13.77164,-2.24488,3.0132,3.0,54.52,0.02655,0.3,degraded
4.29,38.5256,40.53757,-2.01196,-16.26074,-14.00863,-2.2521,2.974,3.0,54.54,0.01664,0.3,degraded
4.3,38.22546,40.28267,-2.05721,-16.50437,-14.22142,-2.28295,2.9947,3.0,54.67,0.00415,0.3,degraded
4.31,37.92293,39.99567,-2.07274,-16.74738,-14.4346,-2.31278,3.0049,3.0,55.12,0.00986,0.3,degraded
4.32,37.61809,39.73295,-2.11485,-16.98974,-14.71184,-2.2779,3.0031,3.0,54.83,0.00063,0.3,degraded
4.33,37.31101,39.46976,-2.15875,-17.2314,-14.93044,-2.30096,3.0143,3.0,55.24,0.00828,0.3,degraded
4.34,37.00175,39.17185,-2.17009,-17.47233,-15.20066,-2.27167,2.9925,3.0,55.58,0.01787,0.3,degraded
4.35,36.6904,38.89183,-2.20142,-17.71249,-15.4359,-2.2766,3.0251,2.9887,55.58,0.00592,0.3,degraded
4.36,36.37703,38.61559,-2.23856,-17.95186,-15.67057,-2.28129,2.9842,3.0,55.41,0.02767,0.3,degraded
4.37,36.06171,38.33264,-2.27093,-18.19038,-15.88781,-2.30257,0.2937,3.0,55.52,0.01066,0.3,degraded
4.38,35.74452,38.04802,-2.30351,-18.42804,-16.10835,-2.31969,0.3016,0.7357,55.73,0.00468,0.3,degraded
4.39,35.42553,37.76728,-2.34175,-18.66478,-16.38427,-2.28051,0.836,3.0,55.96,0.01743,0.3,degraded
4.4,35.10481,37.41914,-2.31433,-18.90057,-16.61696,-2.28361,3.0247,2.9898,56.05,0.00959,0.3,degraded
4.41,34.78245,37.12649,-2.34404,-19.13538,-16.83795,-2.29744,1.4371,2.4569,55.91,0.00885,0.3,degraded
4.42,34.45852,36.80965,-2.35113,-19.36918,-17.08246,-2.28671,2.9887,2.9974,56.07,0.00538,0.3,degraded
4.43,34.13309,36.49392,-2.36083,-19.60192,-17.36465,-2.23726,2.9975,2.988,56.16,0.02081,0.3,degraded
4.44,33.80625,36.18402,-2.37777,-19.83357,-17.59055,-2.24301,0.5461,0.4903,56.38,0.01245,0.3,degraded
4.45,33.47807,35.89136,-2.41328,-20.06409,-17.87051,-2.19358,3.0108,3.0,56.82,0.00439,0.3,degraded
4.46,33.14863,35.56708,-2.41844,-20.29345,-18.08711,-2.20634,2.9906,1.3385,56.5,0.0138,0.3,degraded
4.47,32.81801,35.23886,-2.42085,-20.52162,-18.31141,-2.21021,3.0008,2.9969,56.6,0.00769,0.3,degraded
4.48,32.48628,34.92575,-2.43947,-20.74855,-18.54422,-2.20433,3.0232,2.9821,56.69,0.03277,0.3,degraded
4.49,32.15352,34.62588,-2.47236,-20.97421,-18.75153,-2.22268,3.002,2.9977,57.06,0.03501,0.3,degraded
4.5,31.81981,34.28775,-2.46795,-21.19858,-19.0146,-2.18397,3.0025,2.9882,57.09,0.01585,0.3,degraded
4.51,31.48522,33.96661,-2.48139,-21.4216,-19.25359,-2.16801,2.9943,3.0,57.09,0.00301,0.3,degraded
4.52,31.14985,33.65011,-2.50027,-21.64325,-19.51742,-2.12583,2.5277,3.0,57.28,0.03552,0.3,degraded
4.53,30.81375,33.33604,-2.52229,-21.8635,-19.70202,-2.16148,3.0016,3.0,57.29,0.03026,0.3,degraded
4.54,30.47702,33.01749,-2.54047,-22.0823,-19.93211,-2.15019,1.1997,2.991,57.54,0.00442,0.3,degraded
4.55,30.13973,32.6632,-2.52347,-22.29963,-20.12706,-2.17257,2.975,3.0,57.98,0.01227,0.3,degraded
4.56,29.80195,32.33629,-2.53434,-22.51545,-20.3466,-2.16885,2.9954,2.9789,57.74,0.01727,0.3,degraded
4.57,29.46377,31.98235,-2.51857,-22.72973,-20.57281,-2.15691,2.9999,2.9968,57.75,0.0,0.3,degraded
4.58,29.12527,31.62101,-2.49574,-22.94243,-20.83116,-2.11127,2.9987,2.9966,57.74,0.02361,0.3,degraded
4.59,28.78651,31.28005,-2.49353,-23.15352,-21.05088,-2.10264,3.0227,3.0,57.79,0.02392,0.3,degraded
4.6,28.44758,30.88502,-2.43744,-23.36296,-21.29939,-2.06357,3.0297,3.0,58.22,0.01946,0.3,degraded
4.61,28.10856,30.55683,-2.44827,-23.57073,-21.48011,-2.09062,3.0013,2.4757,58.32,0.00882,0.3,degraded
4.62,27.76951,30.21728,-2.44776,-23.77679,-21.71172,-2.06507,3.0058,3.0,58.28,0.00627,0.3,degraded
4.63,27.43053,29.90144,-2.47091,-23.98111,-21.92941,-2.0517,2.9977,3.0,58.63,0.01822,0.3,degraded
4.64,27.09167,29.58252,-2.49085,-24.18366,-22.15906,-2.0246,2.98,3.0,58.54,0.02726,0.3,degraded
4.65,26.75303,29.26065,-2.50763,-24.3844,-22.3536,-2.0308,2.9881,0.8629,58.74,0.01098,0.3,degraded
4.66,26.41466,28.92723,-2.51257,-24.5833,-22.59576,-1.98755,3.0111,2.9756,58.74,0.00776,0.3,degraded
4.67,26.07666,28.6021,-2.52545,-24.78034,-22.78041,-1.99994,2.9923,2.9893,58.77,0.03526,0.3,degraded
4.68,25.73908,28.25786,-2.51878,-24.97548,-22.98831,-1.98717,2.9891,3.0,58.8,0.01117,0.3,degraded
4.69,25.40201,27.92721,-2.5252,-25.16869,-23.24186,-1.92683,2.96,2.9821,59.04,0.0168,0.3,degraded
4.7,25.06552,27.54333,-2.47781,-25.35994,-23.42485,-1.93509,3.0111,3.0,59.3,0.00618,0.3,degraded
4.71,24.72969,27.18171,-2.45202,-25.5492,-23.64994,-1.89926,3.0395,2.996,59.21,0.01421,0.3,degraded
4.72,24.39457,26.86754,-2.47297,-25.73644,-23.84339,-1.89305,1.4697,3.0,59.48,0.00791,0.3,degraded
4.73,24.06025,26.54243,-2.48218,-25.92163,-24.01394,-1.9077,3.0042,2.989,59.35,0.0074,0.3,degraded
4.74,23.72679,26.20156,-2.47477,-26.10475,-24.22465,-1.8801,2.9971,2.9979,59.74,0.0127,0.3,degraded
4.75,23.39426,25.88887,-2.4946,-26.28576,-24.39083,-1.89493,1.2077,3.0,59.78,0.00239,0.3,degraded
4.76,23.06274,25.54034,-2.4776,-26.46464,-24.60179,-1.86285,3.0087,3.0,59.66,0.02009,0.3,degraded
4.77,22.7323,25.2436,-2.51131,-26.64135,-24.82795,-1.8134,3.0164,3.0,59.93,0.02725,0.3,degraded
4.78,22.40299,24.87773,-2.47475,-26.81588,-25.05007,-1.7658,2.9954,2.9982,60.25,0.04918,0.3,degraded
4.79,22.07488,24.54621,-2.47132,-26.98819,-25.19622,-1.79197,2.9898,3.0,60.02,0.01016,0.3,degraded
4.8,21.74805,24.20053,-2.45248,-27.15825,-25.36581,-1.79245,2.9819,0.6806,60.18,0.00851,0.3,degraded
4.81,21.42256,23.87492,-2.45235,-27.32605,-25.58435,-1.7417,2.9978,2.9977,60.43,0.01124,0.3,degraded
4.82,21.09847,23.51253,-2.41406,-27.49156,-25.75475,-1.73681,3.0111,3.0,60.89,0.01185,0.3,degraded
4.83,20.77584,23.1564,-2.38055,-27.65474,-25.91926,-1.73548,3.0277,0.225,60.6,0.01801,0.3,degraded
4.84,20.45475,22.85737,-2.40262,-27.81558,-26.16875,-1.64683,2.988,2.9813,60.87,0.01728,0.3,degraded
4.85,20.13524,22.49829,-2.36306,-27.97405,-26.33459,-1.63946,3.0063,3.0,60.94,0.00041,0.3,degraded
4.86,19.81738,22.19348,-2.3761,-28.13013,-26.54917,-1.58096,2.9946,3.0,60.91,0.01773,0.3,degraded
4.87,19.50122,21.84198,-2.34076,-28.28379,-26.73044,-1.55335,3.0233,2.9714,61.1,0.02164,0.3,degraded
4.88,19.18684,21.49856,-2.31172,-28.43501,-26.86997,-1.56504,2.9795,0.3297,61.1,0.01436,0.3,degraded
4.89,18.87428,21.21319,-2.33892,-28.58376,-26.99375,-1.59001,1.0792,3.0,61.22,0.00493,0.3,degraded
4.9,18.5636,20.88612,-2.32252,-28.73003,-27.13963,-1.5904,2.9832,2.9923,61.11,0.01518,0.3,degraded
4.91,18.25485,20.60033,-2.34547,-28.8738,-27.35957,-1.51423,2.1211,3.0,61.46,0.0014,0.3,degraded
4.92,17.9481,20.30224,-2.35415,-29.01504,-27.50569,-1.50935,3.0016,3.0,61.7,0.02608,0.3,degraded
4.93,17.64339,20.01434,-2.37095,-29.15372,-27.6748,-1.47893,3.0191,3.0,61.63,0.02592,0.3,degraded
4.94,17.34077,19.69614,-2.35537,-29.28984,-27.81442,-1.47543,2.9953,3.0,61.84,0.00281,0.3,degraded
4.95,17.0403,19.36906,-2.32876,-29.42338,-28.00609,-1.41728,2.9941,3.0,61.83,0.00935,0.3,degraded
4.96,16.74202,19.08027,-2.33825,-29.5543,-28.13786,-1.41644,2.9752,3.0,61.78,0.00669,0.3,degraded
4.97,16.44599,18.78498,-2.33899,-29.68259,-28.26458,-1.41801,2.9936,2.9979,61.77,0.01468,0.3,degraded
4.98,16.15224,18.48693,-2.33469,-29.80824,-28.42853,-1.37971,0.1655,2.9886,61.87,0.02086,0.3,degraded
4.99,15.86083,18.12632,-2.26549,-29.93123,-28.55743,-1.3738,3.0089,2.982,61.84,0.00594,0.3,degraded
5.0,15.5718,17.82002,-2.24823,-30.05154,-28.71763,-1.3339,3.0044,2.9903,62.1,0.00945,0.3,degraded
5.01,15.28519,17.54407,-2.25888,-30.16915,-28.81825,-1.3509,3.0242,1.8304,62.25,0.0067,0.3,degraded
5.02,15.00104,17.24916,-2.24812,-30.28405,-28.93102,-1.35303,3.0068,2.9995,62.57,0.0107,0.3,degraded
5.03,14.7194,16.9723,-2.2529,-30.39622,-29.02737,-1.36885,2.9998,2.9904,62.48,0.00471,0.3,degraded
5.04,14.4403,16.69708,-2.25679,-30.50564,-29.12667,-1.37897,2.9808,3.0,62.34,0.0241,0.3,degraded
5.05,14.16378,16.41714,-2.25336,-30.61231,-29.27834,-1.33396,3.0088,3.0,62.31,0.01504,0.3,degraded
5.06,13.88988,16.13769,-2.24781,-30.7162,-29.38976,-1.32644,2.9965,2.9754,62.54,0.02304,0.3,degraded
5.07,13.61863,15.85558,-2.23695,-30.81731,-29.49431,-1.323,0.1835,0.3252,62.8,0.02273,0.3,degraded
5.08,13.35007,15.53047,-2.18041,-30.91562,-29.69629,-1.21933,3.0002,3.0,62.74,0.02324,0.3,degraded
5.09,13.08422,15.26299,-2.17877,-31.01112,-29.81241,-1.19871,2.9742,2.9962,62.94,0.00915,0.3,degraded
5.1,12.82112,14.97786,-2.15674,-31.10379,-29.90098,-1.20281,3.0085,2.9956,62.91,0.00284,0.3,degraded
5.11,12.5608,14.70686,-2.14606,-31.19363,-29.98273,-1.2109,3.0269,3.0,63.12,0.00771,0.3,degraded
5.12,12.30328,14.365,-2.06172,-31.28063,-30.06822,-1.21241,2.9928,2.9128,62.87,0.00332,0.3,degraded
5.13,12.0486,14.06035,-2.01175,-31.36477,-30.1522,-1.21257,2.9949,3.0,63.43,0.01084,0.3,degraded
5.14,11.79677,13.81087,-2.0141,-31.44605,-30.24139,-1.20466,3.0178,3.0,63.09,0.00782,0.3,degraded
5.15,11.54782,13.54513,-1.99731,-31.52445,-30.32637,-1.19808,2.9868,3.0,63.45,0.00819,0.3,degraded
5.16,11.30177,13.27028,-1.96851,-31.59997,-30.41578,-1.18419,3.0199,2.9962,63.37,0.00056,0.3,degraded
5.17,11.05864,13.01988,-1.96123,-31.6726,-30.50015,-1.17245,2.985,3.0,63.46,0.00837,0.3,degraded
5.18,10.81846,12.76083,-1.94238,-31.74233,-30.58842,-1.15391,3.0159,3.0,63.52,0.01255,0.3,degraded
5.19,10.58123,12.49031,-1.90908,-31.80916,-30.66998,-1.13919,3.0012,2.9728,63.69,0.00195,0.3,degraded
5.2,10.34697,12.17884,-1.83187,-31.87308,-30.7602,-1.11288,3.0029,3.0,63.8,0.01554,0.3,degraded
5.21,10.11571,11.93514,-1.81943,-31.93409,-30.84656,-1.08752,3.0282,2.987,63.96,0.01071,0.3,degraded
5.22,9.88744,11.72445,-1.83701,-31.99217,-30.93872,-1.05345,2.9894,2.9906,64.07,0.0,0.3,degraded
5.23,9.66219,11.48207,-1.81988,-32.04733,-31.02399,-1.02333,2.9763,2.9972,63.98,0.00401,0.3,degraded
5.24,9.43996,11.26224,-1.82228,-32.09956,-31.11454,-0.98502,2.9985,3.0,64.25,0.01318,0.3,degraded
5.25,9.22075,11.03596,-1.81521,-32.14885,-31.19879,-0.95007,3.0193,3.0,64.1,0.0036,0.3,degraded
5.26,9.00459,10.74342,-1.73883,-32.19522,-31.29118,-0.90404,2.9961,2.9726,64.32,0.01397,0.3,degraded
5.27,8.79147,10.51554,-1.72407,-32.23864,-31.37756,-0.86108,3.0388,3.0,64.29,0.00759,0.3,degraded
5.28,8.58139,10.29134,-1.70995,-32.27913,-31.47255,-0.80658,3.009,2.9789,64.21,0.00575,0.3,degraded
5.29,8.37436,10.07809,-1.70373,-32.31668,-31.56233,-0.75435,3.0075,2.9869,64.4,0.00212,0.3,degraded
5.3,8.17038,9.82504,-1.65466,-32.35129,-31.65938,-0.69191,2.9758,2.9867,64.51,0.01434,0.3,degraded
5.31,7.96945,9.63549,-1.66604,-32.38296,-31.7493,-0.63367,2.9929,2.9736,64.49,0.0,0.3,degraded
5.32,7.77156,9.39461,-1.62304,-32.4117,-31.84633,-0.56537,2.9687,2.9739,64.63,0.00159,0.3,degraded
5.33,7.57672,9.20111,-1.62439,-32.4375,-31.93881,-0.49869,2.9902,3.0,64.75,0.01113,0.3,degraded
5.34,7.38491,9.0092,-1.62429,-32.46036,-32.03779,-0.42257,2.9974,3.0,64.67,0.00375,0.3,degraded
5.35,7.19613,8.76252,-1.56639,-32.48029,-32.12962,-0.35067,2.9913,3.0,64.3,0.00093,0.3,degraded
5.36,7.01037,8.573,-1.56263,-32.49729,-32.22912,-0.26817,3.0186,3.0,65.04,0.00801,0.3,degraded
5.37,6.82762,8.36743,-1.53981,-32.51137,-32.32231,-0.18905,2.9946,2.9971,64.81,0.00649,0.3,degraded
5.38,6.64787,8.14956,-1.50169,-32.52252,-32.42057,-0.10195,3.0075,2.9992,64.8,0.00051,0.3,degraded
5.39,6.4711,7.95301,-1.48191,-32.53077,-32.51267,-0.01809,2.9733,2.996,64.81,0.00544,0.3,degraded
5.4,6.29731,7.73094,-1.43363,-32.5361,-32.61079,0.07469,3.0067,2.9647,65.0,0.00365,0.3,degraded
5.41,6.12648,7.52379,-1.39731,-32.53852,-32.691,0.15248,3.0076,2.9845,65.03,0.00467,0.3,degraded
5.42,5.95858,7.34382,-1.38524,-32.53805,-32.75802,0.21997,2.9972,3.0,65.08,0.00643,0.3,degraded
5.43,5.7936,7.11691,-1.32331,-32.53469,-32.81756,0.28287,3.0178,2.9667,65.16,0.01701,0.3,degraded
5.44,5.63153,6.94553,-1.31401,-32.52845,-32.87008,0.34163,3.004,3.0,65.41,0.00516,0.3,degraded
5.45,5.47233,6.79852,-1.3262,-32.51933,-32.8868,0.36747,3.0223,3.0,65.71,0.00503,0.3,degraded
5.46,5.31598,6.6409,-1.32492,-32.50735,-32.90965,0.40231,2.9878,2.9978,65.59,0.00406,0.3,degraded
5.47,5.16247,6.48606,-1.32359,-32.49251,-32.92666,0.43416,0.6198,3.0,65.7,0.01049,0.3,degraded
5.48,5.01176,6.32007,-1.3083,-32.47482,-32.94928,0.47446,2.996,2.9947,65.51,0.02113,0.3,degraded
5.49,4.86383,6.17084,-1.30701,-32.4543,-32.9618,0.5075,2.5108,2.9965,65.62,0.00484,0.3,degraded
5.5,4.71865,6.02254,-1.30389,-32.43095,-32.98176,0.5508,2.9886,2.984,65.7,0.00388,0.3,degraded
5.51,4.57619,5.84126,-1.26507,-32.4048,-32.99514,0.59034,2.9774,3.0,65.58,0.00632,0.3,degraded
5.52,4.43642,5.6812,-1.24477,-32.37584,-33.0058,0.62997,3.0025,3.0,65.64,0.02328,0.3,degraded
5.53,4.29931,5.4712,-1.17189,-32.34409,-33.00133,0.65724,3.0058,2.9775,65.92,0.01981,0.3,degraded
5.54,4.16481,5.26766,-1.10285,-32.30957,-33.00154,0.69197,2.9884,3.0,66.03,0.01635,0.3,degraded
5.55,4.03291,5.13062,-1.09771,-32.27229,-32.98876,0.71647,2.9833,2.9752,65.95,0.00988,0.3,degraded
5.56,3.90355,5.0156,-1.11205,-32.23226,-32.97783,0.74557,3.0165,3.0,65.82,0.0,0.3,degraded
5.57,3.77671,4.89261,-1.1159,-32.1895,-32.94752,0.75802,2.9952,3.0,66.02,0.01363,0.3,degraded
5.58,3.65234,4.69511,-1.04277,-32.14402,-32.92001,0.77599,2.9803,3.0,65.94,0.00512,0.3,degraded
5.59,3.53041,4.53624,-1.00583,-32.09584,-32.88529,0.78946,3.0111,2.9893,66.24,0.00494,0.3,degraded
5.6,3.41087,4.42152,-1.01066,-32.04497,-32.85604,0.81107,3.0076,2.9773,66.34,0.00925,0.3,degraded
5.61,3.29368,4.31926,-1.02558,-31.99144,-32.8143,0.82286,3.0039,2.9939,66.34,0.00903,0.3,degraded
5.62,3.1788,4.16001,-0.98121,-31.93525,-32.7539,0.81865,3.0044,2.9906,66.5,0.0,0.3,degraded
5.63,3.06618,4.04427,-0.97809,-31.87644,-32.68568,0.80924,3.0062,3.0,66.6,0.00383,0.3,degraded
5.64,2.95578,3.90437,-0.94859,-31.815,-32.62086,0.80586,3.0115,3.0,66.65,0.00421,0.3,degraded
5.65,2.84755,3.80647,-0.95891,-31.75097,-32.54812,0.79714,2.992,2.9855,66.51,0.00058,0.3,degraded
5.66,2.74145,3.6844,-0.94295,-31.68437,-32.48101,0.79665,2.9973,2.9904,66.73,0.00141,0.3,degraded
5.67,2.63742,3.59894,-0.96152,-31.6152,-32.40617,0.79097,2.9862,2.9945,66.9,0.00929,0.3,degraded
5.68,2.53541,3.43562,-0.90021,-31.5435,-32.33649,0.79299,3.0192,3.0,67.16,0.0,0.3,degraded
5.69,2.43538,3.31433,-0.87895,-31.46928,-32.2585,0.78922,3.0114,2.9862,66.96,0.0083,0.3,degraded
5.7,2.33727,3.23042,-0.89315,-31.39256,-32.18977,0.79721,3.0001,2.9741,67.15,0.00563,0.3,degraded
5.71,2.24103,3.15391,-0.91288,-31.31337,-32.11852,0.80515,3.0154,3.0,67.27,0.0,0.3,degraded
5.72,2.1466,3.06823,-0.92163,-31.23173,-32.05437,0.82265,2.9886,2.9866,67.19,0.00026,0.3,degraded
5.73,2.05394,2.98776,-0.93382,-31.14765,-31.98342,0.83577,3.0038,2.9922,67.46,0.00472,0.3,degraded
5.74,1.96298,2.89176,-0.92878,-31.06116,-31.91717,0.85601,2.9967,2.9975,67.54,0.00625,0.3,degraded
5.75,1.87368,2.73736,-0.86368,-30.97229,-31.84583,0.87353,2.9865,3.0,67.65,0.0,0.3,degraded
5.76,1.78597,2.61182,-0.82585,-30.88106,-31.77867,0.89761,2.999,2.993,67.59,0.01172,0.3,degraded
5.77,1.69979,2.53468,-0.83489,-30.78749,-31.7051,0.91761,3.0252,3.0,67.95,0.00139,0.3,degraded
5.78,1.61509,2.45307,-0.83798,-30.69161,-31.64001,0.9484,2.9879,3.0,67.57,0.0,0.3,degraded
5.79,1.53181,2.37705,-0.84524,-30.59343,-31.5676,0.97417,3.0001,2.9994,68.05,0.00541,0.3,degraded
5.8,1.44989,2.29478,-0.84489,-30.49299,-31.49459,1.0016,2.9947,2.9999,67.92,0.00195,0.3,degraded
5.81,1.36926,2.21635,-0.84708,-30.39031,-31.41152,1.02121,3.011,2.9826,68.08,0.0,0.3,degraded
5.82,1.28988,2.13065,-0.84077,-30.28542,-31.33812,1.0527,2.9796,3.0,67.91,0.00424,0.3,degraded
5.83,1.21167,2.05076,-0.8391,-30.17833,-31.25315,1.07481,3.0014,3.0,68.16,0.00239,0.3,degraded
5.84,1.13457,1.96531,-0.83074,-30.06909,-31.17262,1.10353,3.011,3.0,68.32,0.0,0.3,degraded
5.85,1.05852,1.88658,-0.82806,-29.95771,-31.08089,1.12317,2.9737,3.0,68.02,0.00441,0.3,degraded
5.86,0.98346,1.80227,-0.81881,-29.84423,-30.99274,1.14851,2.982,2.993,68.23,0.00281,0.3,degraded
5.87,0.90933,1.72164,-0.81231,-29.72866,-30.8947,1.16604,3.0002,3.0,68.01,0.00963,0.3,degraded
5.88,0.83605,1.63494,-0.79889,-29.61104,-30.72572,1.11468,2.989,2.9867,68.41,0.00563,0.3,degraded
5.89,0.76357,1.55502,-0.79145,-29.49139,-30.56067,1.06928,3.0107,3.0,68.39,0.01304,0.3,degraded
5.9,0.69182,1.46913,-0.7773,-29.36975,-30.46634,1.0966,3.0101,2.9988,68.56,0.00161,0.3,degraded
5.91,0.62074,1.38843,-0.76769,-29.24613,-30.37012,1.12398,2.9788,3.0,69.11,0.0034,0.3,degraded
5.92,0.55025,1.2998,-0.74954,-29.12058,-30.27972,1.15914,3.0087,3.0,69.0,0.00813,0.3,degraded
5.93,0.4803,1.22185,-0.74155,-28.99312,-30.14344,1.15033,3.0164,3.0,68.61,0.00483,0.3,degraded
5.94,0.41082,1.14158,-0.73076,-28.86377,-30.01161,1.14784,3.009,3.0,69.0,0.0055,0.3,degraded
5.95,0.34173,1.06698,-0.72525,-28.73257,-29.88892,1.15635,2.9932,3.0,69.12,0.00536,0.3,degraded
5.96,0.27299,0.98604,-0.71306,-28.59955,-29.7392,1.13966,2.9828,3.0,69.03,0.0,0.3,degraded
5.97,0.20451,0.91226,-0.70775,-28.46473,-29.62885,1.16412,2.9999,2.9879,69.18,0.00411,0.3,degraded
5.98,0.13623,0.83214,-0.69591,-28.32815,-29.51061,1.18246,3.0079,2.988,69.29,0.00463,0.3,degraded
5.99,0.06808,0.75727,-0.68919,-28.18984,-29.38429,1.19445,3.0041,3.0,69.12,0.0,0.3,degraded
6.0,0.0,0.6768,-0.6768,-28.04983,-29.17302,1.12319,2.984,3.0,69.26,0.00197,0.3,degraded
6.01,-0.06808,0.60341,-0.67149,-27.90815,-29.03465,1.12651,2.9993,2.9944,69.52,0.00486,0.3,degraded
6.02,-0.13623,0.52345,-0.65968,-27.76482,-28.92601,1.16119,2.9819,2.9919,69.59,0.0,0.3,degraded
6.03,-0.20451,0.45164,-0.65614,-27.61989,-28.79897,1.17908,3.0054,2.9859,69.55,0.00609,0.3,degraded
6.04,-0.27299,0.37312,-0.64611,-27.47337,-28.65501,1.18164,2.9977,2.99,69.61,0.01205,0.3,degraded
6.05,-0.34173,0.29991,-0.64164,-27.32531,-28.51868,1.19337,2.9939,2.9839,69.81,0.0003,0.3,degraded
6.06,-0.41082,0.22072,-0.63154,-27.17574,-28.39686,1.22112,3.0147,3.0,70.03,0.00824,0.3,degraded
6.07,-0.4803,0.14955,-0.62985,-27.02468,-28.29374,1.26906,2.988,3.0,69.96,0.0187,0.3,degraded
6.08,-0.55025,0.07434,-0.62459,-26.87217,-28.1412,1.26903,2.9951,2.9904,70.26,0.0105,0.3,degraded
6.09,-0.62074,0.00547,-0.62621,-26.71824,-27.99564,1.2774,3.0165,3.0,69.97,0.0049,0.3,degraded
6.1,-0.69182,-0.07577,-0.61605,-26.56292,-27.86211,1.29919,3.0195,3.0,70.14,0.00544,0.3,degraded
6.11,-0.76357,-0.15122,-0.61236,-26.40624,-27.64072,1.23448,3.0234,3.0,70.11,0.00232,0.3,degraded
6.12,-0.83605,-0.23366,-0.6024,-26.24824,-27.48895,1.2407,2.9953,3.0,70.3,0.00457,0.3,degraded
6.13,-0.90933,-0.31065,-0.59868,-26.08895,-27.35272,1.26377,2.9962,2.9862,70.14,0.01599,0.3,degraded
6.14,-0.98346,-0.39459,-0.58888,-25.9284,-27.20243,1.27403,3.0189,3.0,70.61,0.00213,0.3,degraded
6.15,-1.05852,-0.47434,-0.58419,-25.76663,-27.00775,1.24112,3.0004,2.9974,70.12,0.0121,0.3,degraded
6.16,-1.13457,-0.55928,-0.57529,-25.60366,-26.89469,1.29104,3.0211,2.9782,70.67,0.00809,0.3,degraded
6.17,-1.21167,-0.63528,-0.57639,-25.43952,-26.70773,1.26821,2.9984,3.0,70.48,0.00393,0.3,degraded
6.18,-1.28988,-0.7171,-0.57278,-25.27426,-26.55901,1.28475,2.9945,3.0,70.59,0.00325,0.3,degraded
6.19,-1.36926,-0.79497,-0.57429,-25.1079,-26.40336,1.29546,2.9974,3.0,70.76,0.00634,0.3,degraded
6.2,-1.44989,-0.87997,-0.56992,-24.94048,-26.27804,1.33756,3.0027,3.0,70.73,0.00418,0.3,degraded
6.21,-1.53181,-0.96156,-0.57025,-24.77202,-26.12551,1.35349,2.9848,2.9946,70.55,0.00535,0.3,degraded
6.22,-1.61509,-1.04949,-0.5656,-24.60256,-25.99124,1.38867,3.0187,1.0906,70.81,0.00744,0.3,degraded
6.23,-1.69979,-1.13103,-0.56876,-24.43214,-25.82117,1.38903,3.025,3.0,71.04,0.01282,0.3,degraded
6.24,-1.78597,-1.21009,-0.57587,-24.26079,-25.69211,1.43133,3.0013,2.9928,70.67,0.0,0.3,degraded
6.25,-1.87368,-1.28301,-0.59067,-24.08853,-25.56095,1.47242,2.9916,2.982,71.16,0.00496,0.3,degraded
6.26,-1.96298,-1.3618,-0.60118,-23.9154,-25.39294,1.47754,2.9979,3.0,70.94,0.00504,0.3,degraded
6.27,-2.05394,-1.43439,-0.61955,-23.74143,-25.24201,1.50057,2.9928,2.9967,70.86,0.0037,0.3,degraded
6.28,-2.1466,-1.51373,-0.63287,-23.56666,-25.05822,1.49156,3.0036,3.0,70.85,0.00344,0.3,degraded
6.29,-2.24103,-1.58906,-0.65196,-23.39112,-24.90653,1.51542,2.9875,2.8189,70.99,0.0098,0.3,degraded
6.3,-2.33727,-1.67185,-0.66542,-23.21483,-24.75226,1.53743,3.0308,3.0,70.78,0.01977,0.3,degraded
6.31,-2.43538,-1.75054,-0.68484,-23.03784,-24.59072,1.55288,3.0199,0.7412,71.1,0.02711,0.3,degraded
6.32,-2.53541,-1.83601,-0.6994,-22.86017,-24.40706,1.5469,2.9959,2.987,71.22,0.00602,0.3,degraded
6.33,-2.63742,-1.91683,-0.72058,-22.68185,-24.24168,1.55983,3.0153,2.9912,71.18,0.01102,0.3,degraded
6.34,-2.74145,-2.07377,-0.66768,-22.50292,-24.06915,1.56623,3.0203,2.9956,71.57,0.00472,0.3,degraded
6.35,-2.84755,-2.22141,-0.62615,-22.32341,-23.91942,1.59601,3.0129,2.9831,71.51,0.02258,0.3,degraded
6.36,-2.95578,-2.32026,-0.63552,-22.14335,-23.75508,1.61173,2.9975,3.0,71.56,0.00869,0.3,degraded
6.37,-3.06618,-2.40051,-0.66567,-21.96276,-23.5268,1.56403,2.9861,3.0,71.71,0.01013,0.3,degraded
6.38,-3.1788,-2.48392,-0.69488,-21.7817,-23.37223,1.59053,3.0076,2.9845,71.9,0.02919,0.3,degraded
6.39,-3.29368,-2.5629,-0.73078,-21.60017,-23.23002,1.62985,2.9834,3.0,71.9,0.01689,0.3,degraded
6.4,-3.41087,-2.65489,-0.75598,-21.41822,-23.02691,1.60869,3.0032,2.9971,71.84,0.02113,0.3,degraded
6.41,-3.53041,-2.76275,-0.76765,-21.23587,-22.84194,1.60607,1.7728,2.9969,72.05,0.00627,0.3,degraded
6.42,-3.65234,-2.90048,-0.75186,-21.05315,-22.63014,1.57699,3.0221,3.0,72.08,0.0138,0.3,degraded
6.43,-3.77671,-3.01758,-0.75913,-20.8701,-22.47507,1.60497,2.9874,2.994,71.98,0.00556,0.3,degraded
6.44,-3.90355,-3.13387,-0.76968,-20.68675,-22.28114,1.59439,0.8361,3.0,72.18,0.01407,0.3,degraded
6.45,-4.03291,-3.25588,-0.77703,-20.50312,-22.07962,1.5765,2.9814,2.9647,72.35,0.02505,0.3,degraded
6.46,-4.16481,-3.42596,-0.73885,-20.31924,-21.93874,1.6195,2.9919,3.0,72.37,0.01286,0.3,degraded
6.47,-4.29931,-3.5287,-0.7706,-20.13515,-21.76837,1.63322,2.9861,3.0,72.26,0.00956,0.3,degraded
6.48,-4.43642,-3.66282,-0.7736,-19.95087,-21.59901,1.64814,2.989,3.0,72.43,0.00804,0.3,degraded
6.49,-4.57619,-3.7916,-0.7846,-19.76643,-21.42267,1.65624,2.995,3.0,72.21,0.00705,0.3,degraded
6.5,-4.71865,-3.88223,-0.83643,-19.58186,-21.26173,1.67987,3.0046,3.0,72.23,0.02018,0.3,degraded
6.51,-4.86383,-3.99282,-0.87101,-19.39719,-21.09276,1.69557,2.9989,0.5369,72.39,0.027,0.3,degraded
6.52,-5.01176,-4.1521,-0.85966,-19.21245,-20.89795,1.6855,2.9731,3.0,72.72,0.01857,0.3,degraded
6.53,-5.16247,-4.27408,-0.88839,-19.02766,-20.72755,1.69989,0.6173,3.0,72.62,0.01751,0.3,degraded
6.54,-5.31598,-4.41698,-0.899,-18.84285,-20.57718,1.73432,2.9856,2.9669,72.63,0.01538,0.3,degraded
6.55,-5.47233,-4.61358,-0.85875,-18.65805,-20.33722,1.67917,2.9936,2.9985,72.99,0.01102,0.3,degraded
6.56,-5.63153,-4.75568,-0.87585,-18.47329,-20.17744,1.70415,2.9866,2.9858,72.77,0.00952,0.3,degraded
6.57,-5.7936,-4.90559,-0.88801,-18.28859,-19.93101,1.64242,2.9661,3.0,73.24,0.00672,0.3,degraded
6.58,-5.95858,-5.07489,-0.88369,-18.10398,-19.73545,1.63147,2.9854,2.9938,72.89,0.0175,0.3,degraded
6.59,-6.12648,-5.19685,-0.92963,-17.91948,-19.58818,1.6687,0.9429,3.0,72.91,0.03307,0.3,degraded
6.6,-6.29731,-5.35433,-0.94298,-17.73512,-19.36526,1.63014,2.9935,2.9874,73.17,0.00627,0.3,degraded
6.61,-6.4711,-5.53774,-0.93336,-17.55093,-19.18403,1.6331,2.9849,2.982,73.26,0.0162,0.3,degraded
6.62,-6.64787,-5.66752,-0.98035,-17.36693,-19.00662,1.63969,3.0141,2.9808,73.27,0.00823,0.3,degraded
6.63,-6.82762,-5.78865,-1.03897,-17.18314,-18.84352,1.66038,0.2041,2.9897,73.87,0.01239,0.3,degraded
6.64,-7.01037,-5.95783,-1.05254,-16.99959,-18.69909,1.69949,2.998,2.9899,73.62,0.01441,0.3,degraded
6.65,-7.19613,-6.07815,-1.11797,-16.81631,-18.47555,1.65924,1.5449,2.9791,73.7,0.03383,0.3,degraded
6.66,-7.38491,-6.23002,-1.15489,-16.63331,-18.26632,1.63301,3.0105,3.0,73.59,0.02588,0.3,degraded
6.67,-7.57672,-6.39848,-1.17824,-16.45063,-18.08107,1.63044,3.0022,2.9742,73.66,0.02267,0.3,degraded
6.68,-7.77156,-6.56125,-1.21032,-16.26827,-17.87186,1.60359,3.0252,2.9905,73.98,0.02707,0.3,degraded
6.69,-7.96945,-6.71491,-1.25454,-16.08627,-17.71518,1.6289,0.2466,0.0117,73.65,0.03002,0.3,degraded
6.7,-8.17038,-6.95739,-1.21299,-15.90465,-17.56274,1.65809,3.0065,2.729,73.77,0.01349,0.3,degraded
6.71,-8.37436,-7.12909,-1.24527,-15.72343,-17.4,1.67657,2.9897,3.0,73.96,0.0236,0.3,degraded
6.72,-8.58139,-7.2944,-1.28699,-15.54262,-17.21333,1.6707,3.0117,3.0,74.27,0.02102,0.3,degraded
6.73,-8.79147,-7.46204,-1.32942,-15.36226,-17.00187,1.6396,2.9891,2.9694,74.11,0.00349,0.3,degraded
6.74,-9.00459,-7.63732,-1.36727,-15.18236,-16.81185,1.62948,3.0095,2.9816,74.3,0.01136,0.3,degraded
6.75,-9.22075,-7.86844,-1.35232,-15.00294,-16.66403,1.66109,2.9936,2.9932,74.31,0.01309,0.3,degraded
6.76,-9.43996,-8.05825,-1.38171,-14.82403,-16.46333,1.63931,3.0097,2.9916,74.59,0.00284,0.3,degraded
6.77,-9.66219,-8.26122,-1.40097,-14.64563,-16.27223,1.6266,3.0181,2.9954,74.24,0.0068,0.3,degraded
6.78,-9.88744,-8.44489,-1.44255,-14.46777,-16.11361,1.64585,3.0023,3.0,74.65,0.00815,0.3,degraded
6.79,-10.11571,-8.66075,-1.45495,-14.29047,-15.97452,1.68405,3.0192,2.9936,74.58,0.02295,0.3,degraded
6.8,-10.34697,-8.85316,-1.49381,-14.11374,-15.75082,1.63708,0.6717,2.9976,74.87,0.00328,0.3,degraded
6.81,-10.58123,-9.03132,-1.54991,-13.93761,-15.59278,1.65517,2.9987,3.0,74.69,0.00512,0.3,degraded
6.82,-10.81846,-9.23596,-1.58249,-13.76208,-15.411,1.64892,0.333,2.9716,74.93,0.00507,0.3,degraded
6.83,-11.05864,-9.42428,-1.63437,-13.58718,-15.25311,1.66593,2.0024,3.0,74.99,0.01549,0.3,degraded
6.84,-11.30177,-9.62713,-1.67464,-13.41293,-15.04198,1.62906,3.0104,2.9804,74.93,0.01905,0.3,degraded
6.85,-11.54782,-9.83323,-1.71459,-13.23933,-14.88437,1.64505,2.9884,0.1702,74.99,0.0382,0.3,degraded
6.86,-11.79677,-10.0557,-1.74107,-13.0664,-14.64545,1.57905,2.989,2.9952,75.19,0.02582,0.3,degraded
6.87,-12.0486,-10.30575,-1.74285,-12.89416,-14.48162,1.58745,2.9948,2.9988,75.38,0.01004,0.3,degraded
6.88,-12.30328,-10.5851,-1.71818,-12.72263,-14.33653,1.61391,2.9877,3.0,75.33,0.02424,0.3,degraded
6.89,-12.5608,-10.7971,-1.7637,-12.55181,-14.14595,1.59414,2.9824,2.9908,75.48,0.0188,0.3,degraded
6.9,-12.82112,-11.03438,-1.78674,-12.38172,-13.96586,1.58414,2.9894,2.9963,75.29,0.0308,0.3,degraded
6.91,-13.08422,-11.27982,-1.8044,-12.21237,-13.78094,1.56856,2.9942,3.0,75.62,0.02671,0.3,degraded
6.92,-13.35007,-11.50925,-1.84081,-12.04378,-13.61468,1.5709,1.5166,2.9778,75.91,0.01173,0.3,degraded
6.93,-13.61863,-11.75325,-1.86538,-11.87595,-13.48062,1.60467,2.9945,3.0,75.94,0.01911,0.3,degraded
6.94,-13.88988,-11.99152,-1.89836,-11.7089,-13.24194,1.53304,2.9937,2.9857,75.95,0.02751,0.3,degraded
6.95,-14.16378,-12.29899,-1.86479,-11.54264,-13.07628,1.53364,2.9987,3.0,76.12,0.00832,0.3,degraded
6.96,-14.4403,-12.5503,-1.89,-11.37718,-12.93903,1.56185,3.0298,2.9906,76.07,0.00982,0.3,degraded
6.97,-14.7194,-12.81641,-1.90298,-11.21253,-12.80039,1.58786,2.9996,0.6271,76.54,0.02731,0.3,degraded
6.98,-15.00104,-13.07259,-1.92845,-11.0487,-12.59907,1.55037,2.9932,2.9972,76.71,0.00641,0.3,degraded
6.99,-15.28519,-13.36012,-1.92506,-10.8857,-12.45846,1.57277,3.0125,1.9183,76.52,0.00449,0.3,degraded
7.0,-15.5718,-13.61916,-1.95264,-10.72353,-12.31734,1.59381,2.9836,3.0,76.98,0.0067,0.3,degraded
7.01,-15.86083,-13.91773,-1.9431,-10.56221,-12.16699,1.60478,3.0065,3.0,76.58,0.03413,0.3,degraded
7.02,-16.15224,-14.16121,-1.99103,-10.40174,-11.99574,1.594,2.9863,2.9944,76.62,0.03504,0.3,degraded
7.03,-16.44599,-14.40525,-2.04074,-10.24213,-11.84861,1.60648,3.0118,3.0,76.78,0.03072,0.3,degraded
7.04,-16.74202,-14.70102,-2.041,-10.08339,-11.66413,1.58074,2.9805,2.991,76.92,0.0173,0.3,degraded
7.05,-17.0403,-14.9629,-2.0774,-9.92552,-11.51226,1.58674,3.0035,2.8221,77.34,0.00496,0.3,degraded
7.06,-17.34077,-15.2753,-2.06547,-9.76852,-11.34422,1.57569,2.9887,2.9808,77.0,0.03761,0.3,degraded
7.07,-17.64339,-15.53283,-2.11056,-9.61242,-11.17074,1.55833,2.988,2.9896,77.02,0.04574,0.3,degraded
7.08,-17.9481,-15.84279,-2.10531,-9.4572,-10.94527,1.48807,2.9853,2.995,77.17,0.0379,0.3,degraded
7.09,-18.25485,-16.1563,-2.09856,-9.30287,-10.79425,1.49138,3.0,2.9998,77.6,0.02616,0.3,degraded
7.1,-18.5636,-16.4277,-2.1359,-9.14944,-10.65033,1.50089,2.9916,2.9803,77.69,0.01661,0.3,degraded
7.11,-18.87428,-16.69467,-2.17961,-8.99691,-10.47542,1.47851,2.9962,2.9849,77.55,0.01275,0.3,degraded
7.12,-19.18684,-17.00286,-2.18398,-8.84528,-10.33128,1.486,2.9894,3.0,77.45,0.00583,0.3,degraded
7.13,-19.50122,-17.32614,-2.17508,-8.69456,-10.1906,1.49605,3.0248,2.9891,77.65,0.03816,0.3,degraded
7.14,-19.81738,-17.60148,-2.2159,-8.54474,-10.03484,1.4901,2.9636,2.9811,78.22,0.02696,0.3,degraded
7.15,-20.13524,-17.93303,-2.20221,-8.39583,-9.83272,1.43689,2.9827,2.9909,78.22,0.01466,0.3,degraded
7.16,-20.45475,-18.27225,-2.18249,-8.24783,-9.69854,1.45071,2.9811,3.0,78.27,0.01631,0.3,degraded
7.17,-20.77584,-18.54245,-2.2334,-8.10074,-9.55313,1.45239,3.0202,2.9854,78.67,0.00461,0.3,degraded
7.18,-21.09847,-18.8937,-2.20477,-7.95456,-9.40916,1.4546,3.018,3.0,78.81,0.00586,0.3,degraded
7.19,-21.42256,-19.17754,-2.24502,-7.80929,-9.19968,1.39038,2.9924,2.9905,78.65,0.00626,0.3,degraded
7.2,-21.74805,-19.53098,-2.21708,-7.66493,-9.04323,1.3783,2.9926,3.0,78.79,0.0087,0.3,degraded
7.21,-22.07488,-19.84786,-2.22703,-7.52147,-8.90384,1.38237,2.9917,2.9752,78.83,0.01042,0.3,degraded
7.22,-22.40299,-20.13684,-2.26615,-7.37892,-8.76595,1.38703,2.988,3.0,79.03,0.00436,0.3,degraded
7.23,-22.7323,-20.45381,-2.27848,-7.23727,-8.60888,1.37161,2.9967,3.0,78.98,0.00317,0.3,degraded
7.24,-23.06274,-20.74578,-2.31697,-7.09652,-8.44475,1.34823,2.9969,2.9853,79.12,0.01175,0.3,degraded
7.25,-23.39426,-21.029,-2.36527,-6.95667,-8.29374,1.33706,0.7497,2.9912,79.19,0.02716,0.3,degraded
7.26,-23.72679,-21.37686,-2.34993,-6.81772,-8.20106,1.38334,3.0049,3.0,79.7,0.01213,0.3,degraded
7.27,-24.06025,-21.67005,-2.3902,-6.67965,-8.04367,1.36402,0.4718,3.0,79.44,0.00944,0.3,degraded
7.28,-24.39457,-22.03551,-2.35906,-6.54246,-7.86046,1.318,3.0011,3.0,80.07,0.02877,0.3,degraded
7.29,-24.72969,-22.33058,-2.39911,-6.40616,-7.74445,1.33829,3.0095,3.0,79.75,0.0,0.3,degraded
7.3,-25.06552,-22.68364,-2.38188,-6.27072,-7.60292,1.3322,2.9806,2.9925,80.23,0.0023,0.3,degraded
7.31,-25.40201,-22.9817,-2.42031,-6.13616,-7.48154,1.34538,2.981,2.9657,79.99,0.00839,0.3,degraded
7.32,-25.73908,-23.30415,-2.43493,-6.00246,-7.35189,1.34943,3.0093,2.9804,79.91,0.00799,0.3,degraded
7.33,-26.07666,-23.63213,-2.44453,-5.86962,-7.22257,1.35295,3.0112,3.0,80.44,0.00921,0.3,degraded
7.34,-26.41466,-23.96836,-2.4463,-5.73762,-7.09302,1.3554,2.9768,2.9826,80.55,0.01109,0.3,degraded
7.35,-26.75303,-24.26463,-2.4884,-5.60647,-6.95968,1.35321,2.9883,2.9949,80.28,0.0,0.3,degraded
7.36,-27.09167,-24.58692,-2.50475,-5.47614,-6.82943,1.35329,3.006,3.0,80.46,0.00546,0.3,degraded
7.37,-27.43053,-24.90089,-2.52964,-5.34665,-6.70466,1.35801,2.9901,3.0,80.47,0.01775,0.3,degraded
7.38,-27.76951,-25.23798,-2.53154,-5.21797,-6.54847,1.33051,3.022,3.0,80.71,0.00082,0.3,degraded
7.39,-28.10856,-25.60134,-2.50722,-5.09009,-6.43287,1.34278,2.9937,3.0,80.84,0.00841,0.3,degraded
7.4,-28.44758,-25.91819,-2.5294,-4.96302,-6.3335,1.37048,1.354,3.0,80.87,0.00998,0.3,degraded
7.41,-28.78651,-26.24829,-2.53822,-4.83673,-6.16612,1.32939,2.9991,2.9864,80.74,0.00268,0.3,degraded
7.42,-29.12527,-26.59457,-2.53069,-4.71122,-6.0493,1.33808,2.9977,3.0,81.03,0.0083,0.3,degraded
7.43,-29.46377,-26.90828,-2.5555,-4.58648,-5.84326,1.25678,2.2648,2.9892,81.33,0.0185,0.3,degraded
7.44,-29.80195,-27.23359,-2.56837,-4.46249,-5.69093,1.22844,2.9803,2.9929,81.32,0.02313,0.3,degraded
7.45,-30.13973,-27.55126,-2.58847,-4.33925,-5.58954,1.25029,3.0015,3.0,81.43,0.00917,0.3,degraded
7.46,-30.47702,-27.94335,-2.53367,-4.21674,-5.49707,1.28033,3.0226,2.9953,81.48,0.00843,0.3,degraded
7.47,-30.81375,-28.29775,-2.516,-4.09496,-5.39687,1.30192,3.0197,3.0,81.66,0.00567,0.3,degraded
7.48,-31.14985,-28.62646,-2.52339,-3.97388,-5.23599,1.26211,2.9825,2.973,82.11,0.00129,0.3,degraded
7.49,-31.48522,-28.99891,-2.48631,-3.8535,-5.13249,1.27899,3.0133,2.9752,81.86,0.01913,0.3,degraded
7.5,-31.81981,-29.31452,-2.50528,-3.73381,-5.03802,1.30421,3.0105,3.0,82.26,0.0094,0.3,degraded
7.51,-32.15352,-29.63476,-2.51876,-3.61478,-4.84544,1.23066,3.0149,3.0,82.3,0.00326,0.3,degraded
7.52,-32.48628,-29.95255,-2.53372,-3.49641,-4.73416,1.23775,3.0086,3.0,82.46,0.01778,0.3,degraded
7.53,-32.81801,-30.30126,-2.51675,-3.37869,-4.632,1.25331,3.0186,2.9798,82.46,0.0051,0.3,degraded
7.54,-33.14863,-30.69092,-2.45772,-3.26159,-4.53763,1.27604,3.0133,2.9937,82.65,0.01861,0.3,degraded
7.55,-33.47807,-31.01188,-2.46619,-3.14511,-4.34316,1.19804,3.0067,3.0,82.84,0.006,0.3,degraded
7.56,-33.80625,-31.36715,-2.4391,-3.02923,-4.20062,1.17138,3.016,2.9857,82.91,0.01436,0.3,degraded
7.57,-34.13309,-31.71067,-2.42243,-2.91394,-4.10568,1.19174,2.9649,2.9843,83.16,0.00158,0.3,degraded
7.58,-34.45852,-32.02753,-2.43098,-2.79922,-4.01676,1.21755,2.9989,3.0,83.33,0.00498,0.3,degraded
7.59,-34.78245,-32.39591,-2.38654,-2.68505,-3.91989,1.23485,2.9953,3.0,83.72,0.01571,0.3,degraded
7.6,-35.10481,-32.70916,-2.39565,-2.57141,-3.82626,1.25485,2.9766,3.0,83.55,0.01681,0.3,degraded
7.61,-35.42553,-32.99273,-2.43279,-2.4583,-3.68262,1.22431,0.2747,2.9847,83.35,0.01299,0.3,degraded
7.62,-35.74452,-33.37386,-2.37066,-2.3457,-3.53904,1.19333,3.0232,3.0,83.91,0.02509,0.3,degraded
7.63,-36.06171,-33.68773,-2.37398,-2.23359,-3.44071,1.20712,3.0123,3.0,83.79,0.00474,0.3,degraded
7.64,-36.37703,-33.99913,-2.37791,-2.12195,-3.31632,1.19437,3.0112,2.986,84.23,0.00431,0.3,degraded
7.65,-36.6904,-34.29443,-2.39597,-2.01077,-3.18954,1.17877,3.0138,3.0,84.23,0.01123,0.3,degraded
7.66,-37.00175,-34.58901,-2.41274,-1.90003,-3.07604,1.17601,1.7888,2.9956,84.03,0.00348,0.3,degraded
7.67,-37.31101,-34.88371,-2.4273,-1.78971,-2.97802,1.18831,2.194,3.0,84.3,0.00596,0.3,degraded
7.68,-37.61809,-35.20264,-2.41545,-1.67979,-2.88547,1.20568,2.9836,2.9937,84.2,0.00759,0.3,degraded
7.69,-37.92293,-35.54457,-2.37837,-1.57026,-2.71671,1.14645,3.0096,2.9941,84.39,0.00304,0.3,degraded
7.7,-38.22546,-35.8396,-2.38586,-1.4611,-2.6191,1.158,1.3949,2.9966,84.59,0.0068,0.3,degraded
7.71,-38.5256,-36.1479,-2.37771,-1.3523,-2.52142,1.16913,2.9729,3.0,84.74,0.02182,0.3,degraded
7.72,-38.82329,-36.43384,-2.38945,-1.24382,-2.40685,1.16302,2.9853,3.0,84.81,0.00611,0.3,degraded
7.73,-39.11844,-36.77159,-2.34685,-1.13566,-2.24129,1.10563,2.9949,3.0,84.78,0.01109,0.3,degraded
7.74,-39.411,-37.06439,-2.34662,-1.0278,-2.1463,1.1185,3.0147,3.0,85.0,0.00727,0.3,degraded
7.75,-39.7009,-37.40502,-2.29588,-0.92021,-2.05247,1.13225,3.006,3.0,84.89,0.00222,0.3,degraded
7.76,-39.98806,-37.70324,-2.28482,-0.81289,-1.93509,1.1222,2.9982,3.0,84.79,0.00038,0.3,degraded
7.77,-40.27242,-38.01689,-2.25553,-0.70581,-1.81594,1.11013,2.9888,2.9933,84.91,0.00659,0.3,degraded
7.78,-40.55392,-38.31272,-2.2412,-0.59894,-1.72376,1.12482,3.0228,3.0,85.0,0.00611,0.3,degraded
7.79,-40.83248,-38.59235,-2.24013,-0.49228,-1.62536,1.13308,3.0056,3.0,85.0,0.00335,0.3,degraded
7.8,-41.10805,-38.88381,-2.22424,-0.38581,-1.53237,1.14656,2.9891,2.9782,85.0,0.01858,0.3,degraded
7.81,-41.38055,-39.15326,-2.22729,-0.2795,-1.40933,1.12983,2.9866,3.0,85.0,0.01286,0.3,degraded
7.82,-41.64993,-39.43908,-2.21085,-0.17333,-1.24067,1.06734,0.1213,2.985,85.0,0.01771,0.3,degraded
7.83,-41.91613,-39.79503,-2.1211,-0.06729,-1.13237,1.06507,2.9741,3.0,85.0,0.01976,0.3,degraded
7.84,-42.17908,-40.09744,-2.08164,0.03864,-1.04688,1.08552,3.0015,2.9952,85.0,0.01185,0.3,degraded
7.85,-42.43872,-40.34061,-2.09811,0.14448,-0.95186,1.09634,3.0073,2.9773,85.0,0.00683,0.3,degraded
7.86,-42.695,-40.61643,-2.07857,0.25026,-0.82888,1.07914,2.9993,3.0,85.0,0.01944,0.3,degraded
7.87,-42.94786,-40.86597,-2.08189,0.35599,-0.70239,1.05838,3.0071,3.0,85.0,0.03164,0.3,degraded
7.88,-43.19724,-41.16845,-2.02879,0.46168,-0.60799,1.06968,3.0136,3.0,85.0,0.00191,0.3,degraded
7.89,-43.44308,-41.45986,-1.98322,0.56737,-0.50766,1.07503,2.9974,3.0,85.0,0.01556,0.3,degraded
7.9,-43.68533,-41.69651,-1.98882,0.67307,-0.41634,1.08941,3.0056,2.9914,85.0,0.00353,0.3,degraded
7.91,-43.92395,-41.96131,-1.96263,0.77879,-0.31168,1.09047,3.0184,3.0,85.0,0.0,0.3,degraded
7.92,-44.15886,-42.19379,-1.96507,0.88456,-0.21763,1.10219,2.9724,2.9972,85.0,0.00704,0.3,degraded
7.93,-44.39003,-42.42765,-1.96239,0.9904,-0.11796,1.10836,2.9939,3.0,85.0,0.02377,0.3,degraded
7.94,-44.61741,-42.67931,-1.9381,1.09633,0.03966,1.05667,3.0076,3.0,85.0,0.00311,0.3,degraded
7.95,-44.84094,-42.96524,-1.87571,1.20236,0.18216,1.0202,3.0186,3.0,85.0,0.02169,0.3,degraded
7.96,-45.06059,-43.19543,-1.86516,1.30852,0.27802,1.03049,3.0104,3.0,85.0,0.00782,0.3,degraded
7.97,-45.27629,-43.44251,-1.83378,1.41482,0.37993,1.03489,3.0238,2.9851,85.0,0.00167,0.3,degraded
7.98,-45.48801,-43.71193,-1.77608,1.52128,0.47414,1.04714,2.9835,3.0,85.0,0.00917,0.3,degraded
7.99,-45.69571,-43.92168,-1.77403,1.62793,0.57321,1.05471,3.0058,2.9818,85.0,0.00783,0.3,degraded
8.0,-45.89935,-44.12963,-1.76971,1.73478,0.66667,1.06811,2.9911,3.0,85.0,0.00294,0.3,degraded
8.01,-46.09887,-44.34251,-1.75636,1.84184,0.76619,1.07565,2.9889,3.0,85.0,0.00195,0.3,degraded
8.02,-46.29425,-44.5529,-1.74135,1.94915,0.85898,1.09017,2.9894,3.0,85.0,0.01104,0.3,degraded
8.03,-46.48544,-44.82863,-1.65682,2.05671,0.95918,1.09753,2.9936,2.9921,85.0,0.0,0.3,degraded
8.04,-46.67242,-45.04825,-1.62416,2.16455,1.09364,1.07091,2.9934,3.0,85.0,0.00103,0.3,degraded
8.05,-46.85513,-45.27394,-1.58119,2.27268,1.19394,1.07874,2.9654,2.9996,85.0,0.0053,0.3,degraded
8.06,-47.03356,-45.49184,-1.54172,2.38113,1.28795,1.09317,2.997,2.9933,85.0,0.00863,0.3,degraded
8.07,-47.20767,-45.67037,-1.5373,2.4899,1.47009,1.01981,2.997,2.9972,85.0,0.00316,0.3,degraded
8.08,-47.37742,-45.84447,-1.53295,2.59902,1.57258,1.02644,2.9962,3.0,85.0,0.0291,0.3,degraded
8.09,-47.54279,-46.01006,-1.53273,2.70851,1.66853,1.03998,2.9948,2.9916,85.0,0.00847,0.3,degraded
8.1,-47.70375,-46.26966,-1.43409,2.81838,1.76151,1.05687,2.9996,3.0,85.0,0.00136,0.3,degraded
8.11,-47.86027,-46.47647,-1.3838,2.92865,1.86263,1.06602,2.9977,3.0,85.0,0.01709,0.3,degraded
8.12,-48.01233,-46.64461,-1.36772,3.03933,1.97385,1.06548,0.0361,3.0,85.0,0.0084,0.3,degraded
8.13,-48.15991,-46.82294,-1.33697,3.15045,2.1136,1.03685,3.0074,2.9738,85.0,0.01612,0.3,degraded
8.14,-48.30298,-47.05438,-1.24859,3.26203,2.20512,1.0569,2.9863,3.0,85.0,0.01632,0.3,degraded
8.15,-48.44152,-47.21674,-1.22478,3.37406,2.3043,1.06977,2.9854,3.0,85.0,0.00494,0.3,degraded
8.16,-48.57552,-47.39909,-1.17642,3.48659,2.39881,1.08777,2.9685,2.9894,85.0,0.00354,0.3,degraded
8.17,-48.70495,-47.58871,-1.11624,3.59961,2.57062,1.02899,3.0165,3.0,85.0,0.01717,0.3,degraded
8.18,-48.8298,-47.72146,-1.10834,3.71315,2.66668,1.04647,2.9998,2.9718,85.0,0.00633,0.3,degraded
8.19,-48.95007,-47.83017,-1.1199,3.82722,2.76647,1.06075,2.1104,2.9661,85.0,0.0,0.3,degraded
8.2,-49.06572,-47.95328,-1.11244,3.94183,2.87378,1.06805,3.0062,2.9919,85.0,0.02264,0.3,degraded
8.21,-49.17676,-48.07206,-1.1047,4.05701,3.01635,1.04066,2.97,2.9855,85.0,0.0186,0.3,degraded
8.22,-49.28317,-48.21843,-1.06474,4.17276,3.14081,1.03195,3.011,2.9809,85.0,0.0131,0.3,degraded
8.23,-49.38495,-48.37036,-1.01459,4.2891,3.24248,1.04663,3.0097,2.9937,85.0,0.00342,0.3,degraded
8.24,-49.48209,-48.51374,-0.96835,4.40605,3.33461,1.07144,2.9922,2.9996,85.0,0.01384,0.3,degraded
8.25,-49.57458,-48.59941,-0.97517,4.52362,3.47641,1.04721,3.005,2.9998,85.0,0.00239,0.3,degraded
8.26,-49.66242,-48.68801,-0.97441,4.64182,3.59448,1.04734,3.0039,2.9948,85.0,0.00826,0.3,degraded
8.27,-49.74561,-48.84253,-0.90309,4.76066,3.69435,1.06631,2.996,2.9916,85.0,0.00574,0.3,degraded
8.28,-49.82416,-48.94582,-0.87833,4.88016,3.78814,1.09202,2.9849,2.9952,85.0,0.01116,0.3,degraded
8.29,-49.89805,-49.02213,-0.87592,5.00034,4.0061,0.99424,3.0318,3.0,85.0,0.00243,0.3,degraded
8.3,-49.96729,-49.10545,-0.86184,5.12119,4.13842,0.98278,3.0113,3.0,85.0,0.01171,0.3,degraded
8.31,-50.0319,-49.18309,-0.84881,5.24275,4.24,1.00275,3.0013,3.0,85.0,0.0,0.3,degraded
8.32,-50.09187,-49.26685,-0.82502,5.36501,4.33286,1.03215,3.0142,3.0,85.0,0.00182,0.3,degraded
8.33,-50.14721,-49.34349,-0.80372,5.48799,4.43017,1.05782,2.9989,2.9964,85.0,0.00475,0.3,degraded
8.34,-50.19793,-49.42532,-0.77261,5.61169,4.52221,1.08948,3.0074,3.0,85.0,0.0,0.3,degraded
8.35,-50.24405,-49.50016,-0.74389,5.73614,4.63861,1.09753,3.0041,2.9966,85.0,0.01558,0.3,degraded
8.36,-50.28557,-49.58254,-0.70303,5.86134,4.73661,1.12473,2.9978,2.2844,85.0,0.01966,0.3,degraded
8.37,-50.32251,-49.65664,-0.66586,5.9873,4.87297,1.11433,3.0261,3.0,85.0,0.0001,0.3,degraded
8.38,-50.35488,-49.73773,-0.61715,6.11403,4.99826,1.11577,3.035,2.9939,85.0,0.00992,0.3,degraded
8.39,-50.3827,-49.81251,-0.57019,6.24154,5.11772,1.12381,3.0038,0.4908,85.0,0.0074,0.3,degraded
8.4,-50.406,-49.89539,-0.51061,6.36983,5.31092,1.05891,3.007,2.9684,85.0,0.01403,0.3,degraded
8.41,-50.42478,-49.97168,-0.4531,6.49892,5.43333,1.06559,3.004,3.0,85.0,0.00322,0.3,degraded
8.42,-50.43907,-50.0527,-0.38638,6.62882,5.54745,1.08137,2.987,2.293,85.0,0.01173,0.3,degraded
8.43,-50.4489,-50.12467,-0.32423,6.75952,5.67607,1.08345,2.9995,2.9988,85.0,0.00401,0.3,degraded
8.44,-50.45428,-50.20129,-0.25299,6.89105,5.7996,1.09145,3.0095,3.0,85.0,0.00769,0.3,degraded
8.45,-50.45525,-50.26984,-0.18541,7.0234,5.89679,1.12661,2.9922,2.9899,85.0,0.01963,0.3,degraded
8.46,-50.45183,-50.34176,-0.11008,7.15658,6.00804,1.14854,2.9966,0.3676,85.0,0.00785,0.3,degraded
8.47,-50.44405,-50.40695,-0.0371,7.2906,6.2146,1.076,2.9914,3.0,85.0,0.01436,0.3,degraded
8.48,-50.43194,-50.4791,0.04716,7.42546,6.33395,1.09151,3.0061,3.0,85.0,0.0066,0.3,degraded
8.49,-50.41554,-50.54427,0.12873,7.56117,6.45853,1.10264,2.9885,3.0,85.0,0.00202,0.3,degraded
8.5,-50.39487,-50.6151,0.22024,7.69774,6.5587,1.13904,2.9805,3.0,85.0,0.00401,0.3,degraded
8.51,-50.36996,-50.66285,0.29289,7.83516,6.66859,1.16656,3.0002,1.6827,85.0,0.01292,0.3,degraded
8.52,-50.34087,-50.7058,0.36493,7.97344,6.79771,1.17573,2.997,2.0649,85.0,0.01046,0.3,degraded
8.53,-50.30761,-50.73415,0.42654,8.11259,6.95262,1.15996,2.7671,2.9828,85.0,0.0,0.3,degraded
8.54,-50.27024,-50.75832,0.48808,8.2526,7.13397,1.11863,3.0041,3.0,85.0,0.0187,0.3,degraded
8.55,-50.22878,-50.75473,0.52595,8.39348,7.24729,1.14619,2.996,2.9528,85.0,0.00978,0.3,degraded
8.56,-50.18329,-50.75873,0.57544,8.53523,7.34106,1.19418,2.9973,2.8926,85.0,0.00635,0.3,degraded
8.57,-50.1338,-50.75063,0.61683,8.67786,7.53129,1.14657,3.009,2.9931,85.0,0.00706,0.3,degraded
8.58,-50.08036,-50.73282,0.65246,8.82136,7.65394,1.16742,2.9853,2.4623,85.0,0.00768,0.3,degraded
8.59,-50.02301,-50.70682,0.6838,8.96574,7.7743,1.19143,3.0069,1.1064,85.0,0.0,0.3,degraded
8.6,-49.9618,-50.68288,0.72108,9.11098,7.92956,1.18142,3.0009,2.9883,85.0,0.01423,0.3,degraded
8.61,-49.89678,-50.64098,0.74421,9.25711,8.04026,1.21685,2.9945,2.9996,85.0,0.03032,0.3,degraded
8.62,-49.82798,-50.60374,0.77575,9.40411,8.2409,1.16321,2.7356,2.9873,85.0,0.01903,0.3,degraded
8.63,-49.75548,-50.54855,0.79307,9.55197,8.38196,1.17002,2.9944,3.0,85.0,0.00984,0.3,degraded
8.64,-49.6793,-50.50065,0.82134,9.70071,8.47634,1.22438,2.785,2.9937,85.0,0.01381,0.3,degraded
8.65,-49.59952,-50.43637,0.83685,9.85032,8.65471,1.19561,3.0066,3.0,85.0,0.0014,0.3,degraded
8.66,-49.51617,-50.37982,0.86365,10.0008,8.80957,1.19122,2.9872,2.9888,85.0,0.00885,0.3,degraded
8.67,-49.42931,-50.30605,0.87674,10.15213,8.9455,1.20663,2.9789,3.0,85.0,0.00808,0.3,degraded
8.68,-49.339,-50.23662,0.89761,10.30433,9.04669,1.25764,2.9933,2.9987,85.0,0.0,0.3,degraded
8.69,-49.2453,-50.16023,0.91493,10.45738,9.21971,1.23767,2.9894,2.9977,85.0,0.00453,0.3,degraded
8.7,-49.14826,-50.08696,0.9387,10.61128,9.35294,1.25833,2.9496,2.9873,85.0,0.02117,0.3,degraded
8.71,-49.04793,-49.99605,0.94811,10.76602,9.50434,1.26168,1.4683,2.9848,85.0,0.01796,0.3,degraded
8.72,-48.94439,-49.87404,0.92965,10.9216,9.69516,1.22644,3.0133,2.9808,85.0,0.02195,0.3,degraded
8.73,-48.83768,-49.78691,0.94923,11.07802,9.81632,1.2617,3.0157,3.0,85.0,0.01381,0.3,degraded
8.74,-48.72787,-49.70448,0.97661,11.23526,9.92796,1.3073,2.9748,0.585,85.0,0.02873,0.3,degraded
8.75,-48.61502,-49.55456,0.93954,11.39333,10.12702,1.2663,2.9835,2.9937,85.0,0.03251,0.3,degraded
8.76,-48.49919,-49.45048,0.95129,11.5522,10.24278,1.30943,2.9847,2.999,85.0,0.025,0.3,degraded
8.77,-48.38045,-49.29755,0.9171,11.71188,10.39739,1.31449,3.0022,3.0,85.0,0.03269,0.3,degraded
8.78,-48.25886,-49.16162,0.90276,11.87236,10.53194,1.34042,3.0372,2.9923,85.0,0.00288,0.3,degraded
8.79,-48.13448,-49.05686,0.92238,12.03362,10.71366,1.31996,3.0033,3.0,85.0,0.00997,0.3,degraded
8.8,-48.00738,-48.94912,0.94174,12.19566,10.86247,1.3332,2.9717,2.994,85.0,0.00857,0.3,degraded
8.81,-47.87763,-48.84428,0.96665,12.35847,11.01437,1.34411,2.9899,3.0,85.0,0.0111,0.3,degraded
8.82,-47.74528,-48.67082,0.92553,12.52204,11.18088,1.34116,3.0005,2.9882,85.0,0.00728,0.3,degraded
8.83,-47.61042,-48.52095,0.91052,12.68635,11.32288,1.36348,3.0095,0.6158,85.0,0.01171,0.3,degraded
8.84,-47.47311,-48.43059,0.95748,12.8514,11.45546,1.39594,3.003,2.9941,85.0,0.00614,0.3,degraded
8.85,-47.33342,-48.286,0.95258,13.01717,11.61811,1.39907,2.9926,3.0,85.0,0.0125,0.3,degraded
8.86,-47.19141,-48.17475,0.98335,13.18365,11.7674,1.41625,2.999,2.9908,85.0,0.04622,0.3,degraded
8.87,-47.04715,-48.06769,1.02054,13.35083,11.90116,1.44968,2.9927,2.9737,85.0,0.02285,0.3,degraded
8.88,-46.90072,-47.88407,0.98334,13.5187,12.0813,1.4374,3.0019,2.9967,85.0,0.0063,0.3,degraded
8.89,-46.75219,-47.74129,0.98911,13.68724,12.22955,1.45769,2.9922,2.8016,85.0,0.01161,0.3,degraded
8.9,-46.60162,-47.63479,1.03317,13.85643,12.38801,1.46842,2.994,2.9919,85.0,0.02052,0.3,degraded
8.91,-46.44909,-47.50636,1.05727,14.02627,12.56921,1.45706,2.9905,2.9815,85.0,0.03108,0.3,degraded
8.92,-46.29468,-47.39814,1.10346,14.19674,12.71907,1.47767,3.0229,0.2084,85.0,0.00768,0.3,degraded
8.93,-46.13844,-47.22589,1.08744,14.36782,12.95492,1.4129,3.0015,3.0,85.0,0.02146,0.3,degraded
8.94,-45.98046,-47.08167,1.10121,14.53949,13.10493,1.43456,2.9948,2.9916,85.0,0.00672,0.3,degraded
8.95,-45.82081,-46.93095,1.11014,14.71175,13.2874,1.42435,3.0244,3.0,85.0,0.01161,0.3,degraded
8.96,-45.65955,-46.79263,1.13308,14.88457,13.46808,1.41648,2.9991,2.9886,85.0,0.00594,0.3,degraded
8.97,-45.49677,-46.59079,1.09402,15.05793,13.62144,1.43649,3.0243,3.0,85.0,0.01687,0.3,degraded
8.98,-45.33254,-46.45576,1.12323,15.23183,13.76569,1.46614,2.9986,2.965,85.0,0.01912,0.3,degraded
8.99,-45.16692,-46.25847,1.09154,15.40623,13.94815,1.45808,2.9899,2.9916,85.0,0.02965,0.3,degraded
9.0,-45.0,-46.08092,1.08092,15.58113,14.08563,1.49549,3.0033,3.0,85.0,0.01913,0.3,degraded
9.01,-44.83184,-45.94517,1.11332,15.75649,14.25096,1.50554,0.1332,3.0,85.0,0.01594,0.3,degraded
9.02,-44.66253,-45.73503,1.0725,15.93232,14.44454,1.48777,2.9739,3.0,85.0,0.01333,0.3,degraded
9.03,-44.49212,-45.58118,1.08906,16.10857,14.58971,1.51887,2.9915,2.9843,85.0,0.02735,0.3,degraded
9.04,-44.32071,-45.46201,1.1413,16.28524,14.77754,1.5077,3.0,3.0,85.0,0.01809,0.3,degraded
9.05,-44.14835,-45.3288,1.18045,16.4623,14.9257,1.5366,3.0049,3.0,85.0,0.02267,0.3,degraded
9.06,-43.97513,-45.17395,1.19882,16.63974,15.08508,1.55465,3.0089,2.9829,85.0,0.03081,0.3,degraded
9.07,-43.80111,-45.02682,1.22571,16.81752,15.24557,1.57195,3.012,0.2358,85.0,0.02296,0.3,degraded
9.08,-43.62638,-44.88837,1.26199,16.99563,15.41474,1.58089,3.0014,3.0,85.0,0.01928,0.3,degraded
9.09,-43.45099,-44.73848,1.28748,17.17405,15.57425,1.5998,2.9945,3.0,85.0,0.02885,0.3,degraded
9.1,-43.27504,-44.56641,1.29138,17.35275,15.71359,1.63916,3.0026,2.9895,85.0,0.02071,0.3,degraded
9.11,-43.09857,-44.39279,1.29421,17.53171,15.95045,1.58126,2.9663,3.0,85.0,0.00589,0.3,degraded
9.12,-42.92168,-44.23636,1.31468,17.71091,16.11713,1.59379,3.0061,3.0,85.0,0.02311,0.3,degraded
9.13,-42.74443,-44.07837,1.33394,17.89033,16.27858,1.61175,0.0,2.9999,85.0,0.02601,0.3,degraded
9.14,-42.5669,-43.91612,1.34922,18.06993,16.4242,1.64573,2.999,2.9969,85.0,0.02892,0.3,degraded
9.15,-42.38914,-43.71376,1.32462,18.2497,16.57574,1.67396,2.9925,3.0,85.0,0.03232,0.3,degraded
9.16,-42.21125,-43.55302,1.34177,18.42961,16.73282,1.69679,0.3712,2.9815,85.0,0.03619,0.3,degraded
9.17,-42.03327,-43.31447,1.2812,18.60963,16.94523,1.6644,3.0229,2.9775,85.0,0.03671,0.3,degraded
9.18,-41.85529,-43.14514,1.28984,18.78975,17.15291,1.63684,2.9844,2.9774,85.0,0.00806,0.3,degraded
9.19,-41.67738,-42.99056,1.31319,18.96992,17.35542,1.6145,0.271,3.0,85.0,0.00595,0.3,degraded
9.2,-41.49959,-42.84952,1.34993,19.15014,17.57758,1.57256,2.9837,2.9911,85.0,0.02276,0.3,degraded
9.21,-41.32201,-42.60999,1.28798,19.33037,17.73116,1.59921,3.0196,2.9929,85.0,0.00442,0.3,degraded
9.22,-41.14469,-42.42589,1.28119,19.51058,17.89194,1.61864,3.007,2.997,85.0,0.01524,0.3,degraded
9.23,-40.96771,-42.2713,1.30358,19.69075,18.05719,1.63356,2.9974,3.0,85.0,0.0206,0.3,degraded
9.24,-40.79113,-42.09557,1.30444,19.87086,18.23004,1.64082,3.0048,2.9796,85.0,0.01271,0.3,degraded
9.25,-40.61502,-41.90922,1.2942,20.05086,18.45413,1.59673,3.0092,3.0,85.0,0.01172,0.3,degraded
9.26,-40.43944,-41.75801,1.31857,20.23074,18.6162,1.61454,2.9941,3.0,85.0,0.00825,0.3,degraded
9.27,-40.26445,-41.59379,1.32934,20.41047,18.80308,1.6074,3.0009,2.9959,85.0,0.0075,0.3,degraded
9.28,-40.09012,-41.41898,1.32885,20.59002,18.99872,1.5913,2.9875,2.9928,85.0,0.00373,0.3,degraded
9.29,-39.91652,-41.20582,1.2893,20.76936,19.17836,1.591,3.0024,2.9799,85.0,0.0229,0.3,degraded
9.3,-39.74369,-41.05773,1.31403,20.94846,19.32513,1.62332,3.018,2.9743,85.0,0.02225,0.3,degraded
9.31,-39.57171,-40.85134,1.27962,21.12729,19.48098,1.6463,3.0327,2.9966,85.0,0.03478,0.3,degraded
9.32,-39.40064,-40.6572,1.25656,21.30582,19.64412,1.6617,3.007,2.9655,85.0,0.01147,0.3,degraded
9.33,-39.23053,-40.50494,1.27442,21.48403,19.86999,1.61404,3.0113,2.9839,85.0,0.00973,0.3,degraded
9.34,-39.06144,-40.35479,1.29336,21.66188,20.02484,1.63705,2.9991,2.9898,85.0,0.00807,0.3,degraded
9.35,-38.89343,-40.20183,1.30841,21.83935,20.20483,1.63452,3.0122,3.0,85.0,0.00848,0.3,degraded
9.36,-38.72655,-39.98788,1.26133,22.0164,20.3729,1.6435,3.0085,3.0,85.0,0.00091,0.3,degraded
9.37,-38.56086,-39.82975,1.26889,22.193,20.60948,1.58352,2.9826,3.0,85.0,0.01817,0.3,degraded
9.38,-38.39642,-39.66881,1.27239,22.36913,20.79603,1.57309,2.9955,3.0,85.0,0.04657,0.3,degraded
9.39,-38.23328,-39.50384,1.27057,22.54475,20.93017,1.61458,2.9762,2.3488,85.0,0.01029,0.3,degraded
9.4,-38.07148,-39.311,1.23952,22.71982,21.12495,1.59488,3.0117,3.0,85.0,0.0015,0.3,degraded
9.41,-37.91109,-39.13356,1.22247,22.89433,21.33106,1.56328,2.9524,3.0,85.0,0.00839,0.3,degraded
9.42,-37.75215,-38.98144,1.2293,23.06824,21.49124,1.577,2.9897,3.0,85.0,0.00367,0.3,degraded
9.43,-37.59471,-38.78652,1.19182,23.24152,21.67071,1.57081,3.0025,3.0,85.0,0.01246,0.3,degraded
9.44,-37.43881,-38.65347,1.21466,23.41413,21.82016,1.59397,1.9614,3.0,85.0,0.01273,0.3,degraded
9.45,-37.28451,-38.50797,1.22345,23.58605,21.96734,1.61871,0.4175,3.0,85.0,0.00303,0.3,degraded
9.46,-37.13185,-38.30309,1.17124,23.75724,22.12685,1.63038,2.9932,2.9811,85.0,0.03487,0.3,degraded
9.47,-36.98087,-38.15366,1.17279,23.92767,22.31367,1.614,3.018,3.0,85.0,0.02211,0.3,degraded
9.48,-36.83162,-37.98431,1.15269,24.09731,22.45369,1.64361,2.9795,2.9904,85.0,0.01455,0.3,degraded
9.49,-36.68413,-37.8336,1.14946,24.26613,22.60855,1.65758,3.0146,1.1648,85.0,0.01934,0.3,degraded
9.5,-36.53846,-37.69683,1.15837,24.43409,22.79205,1.64204,2.9887,3.0,85.0,0.02672,0.3,degraded
9.51,-36.39463,-37.56543,1.1708,24.60117,22.95793,1.64324,2.9792,3.0,85.0,0.02028,0.3,degraded
9.52,-36.25269,-37.39724,1.14455,24.76733,23.10665,1.66067,3.0129,2.9766,85.0,0.01479,0.3,degraded
9.53,-36.11266,-37.27904,1.16637,24.93253,23.27281,1.65973,2.6407,3.0,85.0,0.02299,0.3,degraded
9.54,-35.9746,-37.11952,1.14492,25.09676,23.48085,1.61591,2.9904,2.9907,85.0,0.01987,0.3,degraded
9.55,-35.83852,-36.98119,1.14267,25.25997,23.64583,1.61414,2.999,0.0653,85.0,0.00577,0.3,degraded
9.56,-35.70447,-36.86171,1.15724,25.42213,23.84919,1.57294,2.9235,2.9923,85.0,0.02081,0.3,degraded
9.57,-35.57247,-36.65797,1.0855,25.58321,24.01041,1.5728,2.9701,2.9954,85.0,0.01172,0.3,degraded
9.58,-35.44256,-36.50843,1.06587,25.74318,24.16508,1.5781,2.9769,0.9239,85.0,0.00188,0.3,degraded
9.59,-35.31476,-36.37299,1.05823,25.90201,24.3631,1.53891,2.9927,2.985,85.0,0.01233,0.3,degraded
9.6,-35.18909,-36.21851,1.02942,26.05966,24.49415,1.5655,3.0173,2.6008,85.0,0.01674,0.3,degraded
9.61,-35.06559,-36.11048,1.04489,26.2161,24.6922,1.52389,2.9884,3.0,85.0,0.01678,0.3,degraded
9.62,-34.94428,-35.98225,1.03798,26.37129,24.84525,1.52604,3.0004,3.0,85.0,0.0188,0.3,degraded
9.63,-34.82518,-35.86891,1.04374,26.52522,24.99322,1.532,2.9984,1.7488,85.0,0.0163,0.3,degraded
9.64,-34.70831,-35.68029,0.97198,26.67784,25.14314,1.5347,3.0036,0.9768,85.0,0.00404,0.3,degraded
9.65,-34.59369,-35.5453,0.95162,26.82913,25.33301,1.49612,3.01,3.0,85.0,0.01266,0.3,degraded
9.66,-34.48134,-35.46231,0.98097,26.97904,25.49481,1.48423,2.9971,3.0,85.0,0.01015,0.3,degraded
9.67,-34.37127,-35.37523,1.00396,27.12756,25.64261,1.48495,2.9892,2.9866,85.0,0.0068,0.3,degraded
9.68,-34.26351,-35.1925,0.92899,27.27464,25.832,1.44264,3.0137,3.0,85.0,0.00233,0.3,degraded
9.69,-34.15806,-35.06642,0.90836,27.42026,25.97191,1.44834,3.0206,2.8452,85.0,0.01634,0.3,degraded
9.7,-34.05494,-34.98733,0.93238,27.56438,26.12295,1.44143,2.9976,3.0,85.0,0.00186,0.3,degraded
9.71,-33.95416,-34.90319,0.94902,27.70697,26.26457,1.4424,2.9872,2.9897,85.0,0.01095,0.3,degraded
9.72,-33.85573,-34.80684,0.95111,27.84801,26.45913,1.38888,2.9961,3.0,85.0,0.00587,0.3,degraded
9.73,-33.75965,-34.71536,0.95571,27.98746,26.63405,1.35341,2.9787,2.9945,85.0,0.02377,0.3,degraded
9.74,-33.66593,-34.62883,0.9629,28.12528,26.74763,1.37765,1.8805,2.9977,85.0,0.01662,0.3,degraded
9.75,-33.57458,-34.52015,0.94557,28.26146,26.87629,1.38517,2.8749,2.4053,85.0,0.03845,0.3,degraded
9.76,-33.4856,-34.39332,0.90773,28.39595,27.05192,1.34403,3.0164,2.9838,85.0,0.02199,0.3,degraded
9.77,-33.39898,-34.30552,0.90653,28.52874,27.24375,1.28498,2.9483,3.0,85.0,0.01372,0.3,degraded
9.78,-33.31474,-34.22722,0.91248,28.65977,27.35543,1.30434,2.7868,2.9975,85.0,0.00806,0.3,degraded
9.79,-33.23287,-34.13349,0.90062,28.78904,27.47729,1.31176,3.0066,2.9992,85.0,0.00304,0.3,degraded
9.8,-33.15337,-34.05419,0.90082,28.91651,27.62834,1.28816,2.9994,3.0,85.0,0.00619,0.3,degraded
9.81,-33.07623,-33.96812,0.89189,29.04214,27.75644,1.2857,2.9929,2.9877,85.0,0.0069,0.3,degraded
9.82,-33.00145,-33.88728,0.88583,29.16591,27.85401,1.3119,3.0227,2.9887,85.0,0.00162,0.3,degraded
9.83,-32.92901,-33.80024,0.87123,29.28779,28.00885,1.27895,2.9952,3.0,85.0,0.0,0.3,degraded
9.84,-32.85892,-33.71899,0.86007,29.40775,28.10471,1.30304,3.0139,2.9818,85.0,0.00516,0.3,degraded
9.85,-32.79116,-33.63139,0.84023,29.52577,28.20579,1.31998,3.0203,3.0,85.0,0.01346,0.3,degraded
9.86,-32.72571,-33.53274,0.80703,29.6418,28.33979,1.30201,2.9924,3.0,85.0,0.0,0.3,degraded
9.87,-32.66258,-33.42247,0.75989,29.75583,28.46408,1.29176,3.0141,3.0,85.0,0.01319,0.3,degraded
9.88,-32.60173,-33.34345,0.74172,29.86783,28.58021,1.28763,3.0068,3.0,85.0,0.00528,0.3,degraded
9.89,-32.54316,-33.25669,0.71353,29.97777,28.74144,1.23633,2.9946,2.9851,85.0,0.00477,0.3,degraded
9.9,-32.48684,-33.18575,0.69891,30.08562,28.84664,1.23899,3.0045,3.0,85.0,0.00546,0.3,degraded
9.91,-32.43276,-33.10561,0.67285,30.19136,28.95592,1.23544,3.0126,2.9955,85.0,0.00672,0.3,degraded
9.92,-32.38091,-33.0308,0.6499,30.29496,29.05072,1.24424,3.0036,3.0,85.0,0.0,0.3,degraded
9.93,-32.33124,-32.94966,0.61841,30.39639,29.15364,1.24274,2.9935,2.9955,85.0,0.01419,0.3,degraded
9.94,-32.28375,-32.87446,0.59071,30.49562,29.27459,1.22103,2.9916,2.9681,85.0,0.00671,0.3,degraded
9.95,-32.23841,-32.79432,0.55591,30.59264,29.45248,1.14016,3.0177,2.988,85.0,0.0113,0.3,degraded
9.96,-32.19518,-32.71983,0.52465,30.68741,29.55084,1.13657,2.9918,3.0,85.0,0.0059,0.3,degraded
9.97,-32.15406,-32.63734,0.48328,30.77991,29.64392,1.13599,3.019,2.9898,85.0,0.00415,0.3,degraded
9.98,-32.11499,-32.56175,0.44675,30.87012,29.72881,1.14132,2.9985,2.9822,85.0,0.0,0.3,degraded
9.99,-32.07796,-32.47883,0.40086,30.95801,29.82405,1.13396,2.9928,2.9819,85.0,0.00181,0.3,degraded
10.0,-32.04294,-32.40069,0.35775,31.04356,29.91393,1.12963,2.9978,2.9913,85.0,0.00452,0.3,degraded
10.01,-32.00989,-32.31605,0.30616,31.12674,30.00921,1.11753,3.0057,2.989,85.0,0.0,0.3,degraded
10.02,-31.97877,-32.2361,0.25733,31.20753,30.09861,1.10893,2.9713,2.9908,85.0,0.00252,0.3,degraded
10.03,-31.94955,-32.1531,0.20355,31.28592,30.19655,1.08937,3.0238,2.9858,85.0,0.00603,0.3,degraded
10.04,-31.9222,-32.08612,0.16393,31.36186,30.2867,1.07516,3.0049,2.9824,85.0,0.0,0.3,degraded
10.05,-31.89667,-32.01173,0.11506,31.43536,30.38067,1.05469,2.9786,3.0,85.0,0.0,0.3,degraded
10.06,-31.87293,-31.94271,0.06978,31.50637,30.46697,1.0394,2.9839,3.0,85.0,0.00432,0.3,degraded
10.07,-31.85094,-31.8678,0.01686,31.57489,30.55724,1.01765,2.99,2.9756,85.0,0.0,0.3,degraded
10.08,-31.83065,-31.79995,-0.0307,31.64089,30.63913,1.00176,2.9942,2.9987,85.0,0.0,0.3,degraded
10.09,-31.81202,-31.72612,-0.08591,31.70434,30.72583,0.97852,2.9994,3.0,85.0,0.00486,0.3,degraded
10.1,-31.79502,-31.66183,-0.13319,31.76524,30.80775,0.9575,2.9942,2.9843,85.0,0.0035,0.3,degraded
10.11,-31.77958,-31.59566,-0.18393,31.82357,30.89312,0.93044,3.0116,2.9938,85.0,0.00145,0.3,degraded
10.12,-31.76567,-31.55542,-0.21026,31.87929,30.97104,0.90825,3.0048,2.9868,85.0,0.00455,0.3,degraded
10.13,-31.75325,-31.5115,-0.24175,31.9324,31.05607,0.87633,3.01,3.0,85.0,0.00089,0.3,degraded
10.14,-31.74225,-31.47407,-0.26818,31.98288,31.13591,0.84697,3.0054,2.9951,85.0,0.0,0.3,degraded
10.15,-31.73263,-31.43209,-0.30054,32.0307,31.22102,0.80968,3.0194,3.0,85.0,0.00474,0.3,degraded
10.16,-31.72435,-31.40505,-0.3193,32.07586,31.29915,0.77671,2.992,3.0,85.0,0.00255,0.3,degraded
10.17,-31.71735,-31.37451,-0.34283,32.11833,31.37947,0.73886,2.9998,2.9995,85.0,0.0015,0.3,degraded
10.18,-31.71157,-31.36142,-0.35015,32.15811,31.45035,0.70776,2.9886,3.0,85.0,0.00522,0.3,degraded
10.19,-31.70697,-31.35498,-0.35199,32.19517,31.52609,0.66908,3.0028,3.0,85.0,0.00281,0.3,degraded
10.2,-31.70348,-31.35504,-0.34845,32.22949,31.59838,0.63112,2.9887,2.9929,85.0,0.0,0.3,degraded
10.21,-31.70106,-31.34767,-0.35339,32.26108,31.68146,0.57962,3.0046,3.0,85.0,0.00306,0.3,degraded
10.22,-31.69965,-31.34584,-0.35382,32.2899,31.76017,0.52974,3.0021,2.9759,85.0,0.0028,0.3,degraded
10.23,-31.6992,-31.33812,-0.36107,32.31595,31.84417,0.47178,2.9903,3.0,85.0,0.0,0.3,degraded
10.24,-31.69963,-31.33668,-0.36295,32.33922,31.92247,0.41675,2.9969,2.9946,85.0,0.00273,0.3,degraded
10.25,-31.7009,-31.33056,-0.37034,32.35969,32.0071,0.35259,3.0156,2.9951,85.0,0.00291,0.3,degraded
10.26,-31.70295,-31.33046,-0.37249,32.37735,32.08637,0.29098,2.9811,2.9974,85.0,0.00127,0.3,degraded
10.27,-31.70571,-31.34511,-0.3606,32.39219,32.17523,0.21696,3.0012,2.9972,85.0,0.00529,0.3,degraded
10.28,-31.70912,-31.37182,-0.33731,32.4042,32.25659,0.14761,3.0051,2.9979,85.0,0.00353,0.3,degraded
10.29,-31.71313,-31.39393,-0.31921,32.41336,32.34096,0.0724,3.0048,2.9992,85.0,0.0,0.3,degraded
10.3,-31.71768,-31.42301,-0.29466,32.41968,32.4198,-0.00012,3.013,3.0,85.0,0.0013,0.3,degraded
10.31,-31.72268,-31.44653,-0.27616,32.42313,32.50363,-0.08049,3.0145,2.9754,85.0,0.00461,0.3,degraded
10.32,-31.7281,-31.47695,-0.25115,32.42372,32.58129,-0.15757,2.9681,3.0,85.0,0.0,0.3,degraded
10.33,-31.73386,-31.50028,-0.23358,32.42143,32.66438,-0.24296,3.0218,3.0,85.0,0.00096,0.3,degraded
10.34,-31.73989,-31.53028,-0.20961,32.41625,32.74212,-0.32587,2.9981,2.9825,85.0,0.00488,0.3,degraded
10.35,-31.74613,-31.55548,-0.19065,32.40818,32.81996,-0.41177,3.0121,2.994,85.0,0.00126,0.3,degraded
10.36,-31.75252,-31.58874,-0.16378,32.39722,32.87707,-0.47985,3.0011,2.9886,85.0,0.0053,0.3,degraded
10.37,-31.75899,-31.61505,-0.14394,32.38335,32.91518,-0.53184,2.9912,2.9885,85.0,0.00744,0.3,degraded
10.38,-31.76548,-31.64529,-0.12019,32.36657,32.93582,-0.56925,3.0131,3.0,85.0,0.0,0.3,degraded
10.39,-31.77191,-31.67004,-0.10187,32.34688,32.96351,-0.61663,3.0091,3.0,85.0,5e-05,0.3,degraded
10.4,-31.77822,-31.70108,-0.07715,32.32427,32.98691,-0.66264,2.9908,3.0,85.0,0.00713,0.3,degraded
10.41,-31.78435,-31.72671,-0.05764,32.29874,32.98749,-0.68875,2.9889,3.0,85.0,0.00352,0.3,degraded
10.42,-31.79022,-31.7563,-0.03392,32.27028,32.97944,-0.70916,2.9804,3.0,85.0,0.0,0.3,degraded
10.43,-31.79577,-31.77607,-0.0197,32.2389,32.97813,-0.73922,3.013,3.0,85.0,0.00482,0.3,degraded
10.44,-31.80092,-31.80067,-0.00026,32.20459,32.97316,-0.76857,3.002,3.0,85.0,0.00026,0.3,degraded
10.45,-31.80562,-31.8196,0.01398,32.16736,32.97486,-0.8075,3.0085,3.0,85.0,0.00027,0.3,degraded
10.46,-31.80979,-31.84304,0.03325,32.12719,32.96374,-0.83655,2.9818,3.0,85.0,0.00578,0.3,degraded
10.47,-31.81336,-31.85893,0.04557,32.08409,32.9506,-0.86651,3.0124,2.9818,85.0,0.00312,0.3,degraded
10.48,-31.81627,-31.87958,0.06331,32.03806,32.92366,-0.8856,3.0025,3.0,85.0,0.0,0.3,degraded
10.49,-31.81844,-31.89429,0.07585,31.98911,32.89526,-0.90615,2.9888,2.9967,85.0,0.00377,0.3,degraded
10.5,-31.81981,-31.91656,0.09675,31.93723,32.86077,-0.92354,3.0038,3.0,85.0,0.0023,0.3,degraded
10.51,-31.8203,-31.93585,0.11555,31.88242,32.83206,-0.94965,3.0071,2.9965,85.0,0.0,0.3,degraded
10.52,-31.81986,-31.96261,0.14276,31.82469,32.79308,-0.96839,2.9962,3.0,85.0,0.00548,0.3,degraded
10.53,-31.8184,-31.98324,0.16484,31.76405,32.73552,-0.97147,3.0386,3.0,85.0,0.00468,0.3,degraded
10.54,-31.81587,-32.01078,0.19492,31.70049,32.67024,-0.96976,2.9984,3.0,85.0,0.0,0.3,degraded
10.55,-31.81218,-32.03123,0.21905,31.63402,32.6123,-0.97828,3.003,3.0,85.0,0.0029,0.3,degraded
10.56,-31.80729,-32.05801,0.25072,31.56465,32.55026,-0.98561,2.9975,3.0,85.0,0.00256,0.3,degraded
10.57,-31.8011,-32.07805,0.27695,31.49237,32.49429,-1.00192,2.9934,3.0,85.0,0.0,0.3,degraded
10.58,-31.79357,-32.10465,0.31108,31.41721,32.43281,-1.0156,2.9868,3.0,85.0,0.00289,0.3,degraded
10.59,-31.78461,-32.12398,0.33937,31.33917,32.37503,-1.03586,3.0122,2.9881,85.0,0.00346,0.3,degraded
10.6,-31.77417,-32.15051,0.37634,31.25824,32.30867,-1.05043,3.0332,2.9996,85.0,0.0,0.3,degraded
10.61,-31.76217,-32.16123,0.39906,31.17445,32.24675,-1.0723,2.9976,3.0,85.0,0.00372,0.3,degraded
10.62,-31.74855,-32.17713,0.42857,31.08779,32.17337,-1.08557,2.9944,2.9735,85.0,0.00699,0.3,degraded
10.63,-31.73324,-32.16887,0.43563,30.99829,32.10297,-1.10468,2.9806,3.0,85.0,0.00098,0.3,degraded
10.64,-31.71618,-32.15635,0.44017,30.90594,32.02616,-1.12021,2.9956,2.9789,85.0,0.00262,0.3,degraded
10.65,-31.6973,-32.13788,0.44059,30.81077,31.95165,-1.14089,2.9826,2.8027,85.0,0.0055,0.3,degraded
10.66,-31.67653,-32.12478,0.44825,30.71277,31.85898,-1.14621,3.0017,3.0,85.0,0.0,0.3,degraded
10.67,-31.65381,-32.10744,0.45363,30.61196,31.77263,-1.16067,3.0091,2.9697,85.0,0.00025,0.3,degraded
10.68,-31.62908,-32.09658,0.4675,30.50836,31.67951,-1.17115,3.0113,3.0,85.0,0.00595,0.3,degraded
10.69,-31.60226,-32.08098,0.47871,30.40197,31.59245,-1.19048,3.0256,2.6733,85.0,0.00047,0.3,degraded
10.7,-31.57331,-32.07068,0.49737,30.29282,31.49742,-1.2046,2.9854,2.7739,85.0,0.00116,0.3,degraded
10.71,-31.54215,-32.05118,0.50902,30.1809,31.39251,-1.21161,3.0098,2.9906,85.0,0.01354,0.3,degraded
10.72,-31.50873,-32.03422,0.52549,30.06625,31.18968,-1.12344,2.998,3.0,85.0,0.00122,0.3,degraded
10.73,-31.47298,-32.00065,0.52766,29.94886,31.0566,-1.10774,2.9937,3.0,85.0,0.00944,0.3,degraded
10.74,-31.43485,-31.97118,0.53633,29.82877,30.96432,-1.13555,3.0161,2.9919,85.0,0.00613,0.3,degraded
10.75,-31.39426,-31.93459,0.54033,29.70598,30.87876,-1.17279,3.0043,3.0,85.0,0.00036,0.3,degraded
10.76,-31.35118,-31.9042,0.55303,29.5805,30.78354,-1.20304,2.9973,3.0,85.0,0.01793,0.3,degraded
10.77,-31.30552,-31.86864,0.56311,29.45237,30.67621,-1.22384,3.0055,0.1504,85.0,0.03182,0.3,degraded
10.78,-31.25725,-31.83771,0.58046,29.32159,30.46296,-1.14138,2.9856,3.0,85.0,0.0032,0.3,degraded
10.79,-31.2063,-31.79069,0.58439,29.18818,30.33657,-1.1484,2.9647,2.9884,85.0,0.00833,0.3,degraded
10.8,-31.15262,-31.74621,0.5936,29.05216,30.24517,-1.19301,3.0161,3.0,85.0,0.00384,0.3,degraded
10.81,-31.09615,-31.69605,0.59991,28.91355,30.11755,-1.204,3.0097,2.9802,85.0,0.01727,0.3,degraded
10.82,-31.03683,-31.65125,0.61442,28.77237,29.98872,-1.21635,2.9976,2.9846,85.0,0.00536,0.3,degraded
10.83,-30.97463,-31.60069,0.62606,28.62864,29.78707,-1.15842,2.9955,2.9765,85.0,0.02087,0.3,degraded
10.84,-30.90948,-31.55436,0.64489,28.48239,29.6615,-1.17912,2.8611,2.9944,85.0,0.0067,0.3,degraded
10.85,-30.84133,-31.49189,0.65056,28.33362,29.54172,-1.2081,2.9946,3.0,85.0,0.00245,0.3,degraded
10.86,-30.77013,-31.43402,0.66389,28.18236,29.37554,-1.19317,2.9852,3.0,85.0,0.01421,0.3,degraded
10.87,-30.69584,-31.37018,0.67434,28.02864,29.28006,-1.25142,3.0341,3.0,85.0,0.00254,0.3,degraded
10.88,-30.6184,-31.31226,0.69386,27.87248,29.15563,-1.28315,3.0195,2.9963,85.0,0.00044,0.3,degraded
10.89,-30.53778,-31.24391,0.70614,27.7139,29.03536,-1.32147,3.008,3.0,85.0,0.00607,0.3,degraded
10.9,-30.45392,-31.1737,0.71979,27.55292,28.90985,-1.35693,3.0102,2.9986,85.0,0.00622,0.3,degraded
10.91,-30.36677,-31.09612,0.72935,27.38956,28.72557,-1.33601,3.0097,2.9996,85.0,0.00415,0.3,degraded
10.92,-30.27631,-31.02438,0.74807,27.22386,28.58383,-1.35997,3.0184,3.0,85.0,0.00548,0.3,degraded
10.93,-30.18248,-30.94084,0.75836,27.05584,28.44375,-1.38792,3.0031,2.9902,85.0,0.01227,0.3,degraded
10.94,-30.08525,-30.86312,0.77787,26.88551,28.29008,-1.40457,3.0068,2.9917,85.0,0.00026,0.3,degraded
10.95,-29.98457,-30.78038,0.7958,26.71292,28.09911,-1.38619,2.9822,3.0,85.0,0.01487,0.3,degraded
10.96,-29.88041,-30.68795,0.80754,26.53807,27.94284,-1.40477,0.9789,2.9957,85.0,0.00999,0.3,degraded
10.97,-29.77273,-30.53402,0.76129,26.36101,27.72997,-1.36896,3.0084,3.0,85.0,0.0233,0.3,degraded
10.98,-29.66149,-30.44152,0.78003,26.18175,27.5902,-1.40845,2.984,3.0,85.0,0.01113,0.3,degraded
10.99,-29.54666,-30.35287,0.80621,26.00033,27.46889,-1.46857,2.9741,2.9989,85.0,0.04273,0.3,degraded
11.0,-29.4282,-30.23163,0.80343,25.81676,27.33365,-1.51689,3.0221,2.9859,85.0,0.02373,0.3,degraded
11.01,-29.30609,-30.08346,0.77737,25.63109,27.17957,-1.54848,2.9998,3.0,85.0,0.03112,0.3,degraded
11.02,-29.1803,-29.99492,0.81462,25.44333,27.01281,-1.56948,3.0103,2.9754,85.0,0.00456,0.3,degraded
11.03,-29.05079,-29.8786,0.82781,25.25352,26.8609,-1.60738,3.0036,2.9985,85.0,0.012,0.3,degraded
11.04,-28.91753,-29.75299,0.83546,25.06168,26.70625,-1.64457,2.9772,3.0,85.0,0.00739,0.3,degraded
11.05,-28.78051,-29.61626,0.83575,24.86785,26.48394,-1.61609,2.9927,2.9892,85.0,0.00577,0.3,degraded
11.06,-28.63969,-29.48294,0.84325,24.67205,26.30423,-1.63218,2.997,2.991,85.0,0.00733,0.3,degraded
11.07,-28.49505,-29.36138,0.86633,24.47432,26.13454,-1.66021,2.9899,3.0,85.0,0.00569,0.3,degraded
11.08,-28.34658,-29.24399,0.89741,24.27469,25.97752,-1.70284,0.4936,0.079,85.0,0.01641,0.3,degraded
11.09,-28.19424,-29.11458,0.92034,24.07317,25.77945,-1.70628,3.0071,2.9819,85.0,0.02962,0.3,degraded
11.1,-28.03802,-29.00384,0.96582,23.86982,25.5772,-1.70738,3.0153,3.0,85.0,0.01472,0.3,degraded
11.11,-27.87791,-28.87494,0.99703,23.66466,25.42154,-1.75689,2.9941,1.7264,85.0,0.01762,0.3,degraded
11.12,-27.71388,-28.74499,1.0311,23.45771,25.24004,-1.78233,1.8948,0.946,85.0,0.01037,0.3,degraded
11.13,-27.54593,-28.60263,1.0567,23.24902,25.02747,-1.77845,0.65,2.9775,85.0,0.00309,0.3,degraded
11.14,-27.37403,-28.40936,1.03533,23.03861,24.82577,-1.78716,2.9804,2.9783,85.0,0.01895,0.3,degraded
11.15,-27.19818,-28.26959,1.07141,22.82652,24.64386,-1.81734,2.9889,3.0,85.0,0.00765,0.3,degraded
11.16,-27.01837,-28.05349,1.03513,22.61278,24.42073,-1.80795,3.0029,2.9993,85.0,0.01334,0.3,degraded
11.17,-26.83458,-27.87494,1.04036,22.39742,24.22838,-1.83096,2.9935,2.9877,85.0,0.0122,0.3,degraded
11.18,-26.64681,-27.74876,1.10195,22.18048,24.01219,-1.83171,3.0122,3.0,85.0,0.01839,0.3,degraded
11.19,-26.45506,-27.57189,1.11683,21.96199,23.83485,-1.87287,3.0133,2.9811,85.0,0.01997,0.3,degraded
11.2,-26.25932,-27.39011,1.13079,21.74198,23.63496,-1.89298,2.9924,2.9976,85.0,0.01714,0.3,degraded
11.21,-26.05959,-27.23897,1.17937,21.52049,23.40409,-1.8836,2.9657,2.9986,85.0,0.0117,0.3,degraded
11.22,-25.85587,-27.08652,1.23066,21.29755,23.18244,-1.88489,0.3461,3.0,85.0,0.0053,0.3,degraded
11.23,-25.64815,-26.85586,1.20771,21.0732,22.98158,-1.90838,2.9909,3.0,85.0,0.02479,0.3,degraded
11.24,-25.43645,-26.69447,1.25803,20.84747,22.77914,-1.93167,2.9929,2.9874,85.0,0.01558,0.3,degraded
11.25,-25.22075,-26.52652,1.30576,20.62039,22.54158,-1.92119,3.0108,3.0,85.0,0.02578,0.3,degraded
11.26,-25.00108,-26.37675,1.37566,20.39201,22.35513,-1.96312,2.9895,3.0,85.0,0.00992,0.3,degraded
11.27,-24.77743,-26.20527,1.42784,20.16235,22.11396,-1.95161,3.0198,3.0,85.0,0.01755,0.3,degraded
11.28,-24.54982,-26.02454,1.47472,19.93145,21.87664,-1.94519,3.0056,2.9951,85.0,0.01355,0.3,degraded
11.29,-24.31825,-25.84271,1.52446,19.69935,21.66007,-1.96072,3.0051,2.985,85.0,0.00932,0.3,degraded
11.3,-24.08273,-25.57841,1.49568,19.46608,21.41932,-1.95324,3.0055,3.0,85.0,0.01594,0.3,degraded
11.31,-23.84329,-25.35596,1.51268,19.23168,21.23518,-2.0035,2.9928,3.0,85.0,0.00943,0.3,degraded
11.32,-23.59992,-25.17616,1.57624,18.99618,21.0558,-2.05962,3.0279,2.9905,85.0,0.00624,0.3,degraded
11.33,-23.35265,-24.95635,1.60369,18.75962,20.8492,-2.08958,2.9623,3.0,85.0,0.0215,0.3,degraded
11.34,-23.1015,-24.74885,1.64734,18.52204,20.66581,-2.14377,2.9845,2.9921,85.0,0.00302,0.3,degraded
11.35,-22.84649,-24.50192,1.65543,18.28347,20.45674,-2.17328,3.0081,0.1919,85.0,0.03135,0.3,degraded
11.36,-22.58763,-24.28981,1.70218,18.04394,20.17715,-2.13321,3.0012,2.9921,85.0,0.00956,0.3,degraded
11.37,-22.32495,-24.07153,1.74658,17.8035,19.97062,-2.16712,2.3307,3.0,85.0,0.00671,0.3,degraded
11.38,-22.05847,-23.83627,1.7778,17.56218,19.72665,-2.16447,2.9915,3.0,85.0,0.00233,0.3,degraded
11.39,-21.78822,-23.60689,1.81868,17.32001,19.47414,-2.15413,2.9958,3.0,85.0,0.03213,0.3,degraded
11.4,-21.51422,-23.36189,1.84767,17.07704,19.24412,-2.16708,3.0112,3.0,85.0,0.02768,0.3,degraded
11.41,-21.2365,-23.06956,1.83306,16.8333,19.03716,-2.20386,3.0114,2.9883,85.0,0.00843,0.3,degraded
11.42,-20.95509,-22.83812,1.88302,16.58882,18.75645,-2.16763,3.001,3.0,85.0,0.00964,0.3,degraded
11.43,-20.67003,-22.58381,1.91378,16.34365,18.55117,-2.20752,3.0174,3.0,85.0,0.00265,0.3,degraded
11.44,-20.38134,-22.34032,1.95898,16.09781,18.31624,-2.21843,2.9986,3.0,85.0,0.01632,0.3,degraded
11.45,-20.08905,-22.07579,1.98673,15.85135,18.08973,-2.23838,3.0027,3.0,85.0,0.00977,0.3,degraded
11.46,-19.79322,-21.78251,1.98929,15.60429,17.79732,-2.19303,2.9772,3.0,85.0,0.04313,0.3,degraded
11.47,-19.49386,-21.53945,2.04559,15.35669,17.59039,-2.2337,3.0113,3.0,85.0,0.01737,0.3,degraded
11.48,-19.19102,-21.27063,2.07961,15.10857,17.28879,-2.18022,2.9907,3.0,85.0,0.0086,0.3,degraded
11.49,-18.88474,-20.98856,2.10382,14.85997,17.0738,-2.21384,2.9998,3.0,85.0,0.02778,0.3,degraded
11.5,-18.57506,-20.71718,2.14212,14.61092,16.84799,-2.23707,2.9667,3.0,85.0,0.02007,0.3,degraded
11.51,-18.26202,-20.43084,2.16882,14.36147,16.62978,-2.26831,2.9769,2.9925,85.0,0.00812,0.3,degraded
11.52,-17.94567,-20.16154,2.21587,14.11165,16.41973,-2.30809,2.9772,2.9898,85.0,0.02055,0.3,degraded
11.53,-17.62605,-19.86983,2.24379,13.86149,16.13537,-2.27388,2.9897,3.0,85.0,0.01667,0.3,degraded
11.54,-17.3032,-19.56745,2.26425,13.61103,15.91322,-2.30219,2.996,2.9998,85.0,0.01099,0.3,degraded
11.55,-16.97718,-19.25103,2.27385,13.3603,15.70014,-2.33984,2.9625,0.3407,85.0,0.01665,0.3,degraded
11.56,-16.64803,-18.95794,2.30991,13.10935,15.47934,-2.36999,0.4037,3.0,85.0,0.00089,0.3,degraded
11.57,-16.3158,-18.59147,2.27566,12.8582,15.24671,-2.3885,2.985,3.0,85.0,0.02098,0.3,degraded
11.58,-15.98055,-18.29244,2.31189,12.6069,14.96597,-2.35907,3.033,3.0,85.0,0.0067,0.3,degraded
11.59,-15.64233,-17.9778,2.33547,12.35548,14.74501,-2.38954,3.0162,2.9989,85.0,0.011,0.3,degraded
11.6,-15.30118,-17.66643,2.36525,12.10396,14.46505,-2.36109,2.9933,2.9957,85.0,0.00209,0.3,degraded
11.61,-14.95718,-17.32434,2.36716,11.8524,14.24049,-2.3881,2.9937,3.0,85.0,0.0434,0.3,degraded
11.62,-14.61036,-17.00346,2.3931,11.60081,14.02162,-2.4208,2.2815,2.9997,85.0,0.02495,0.3,degraded
11.63,-14.2608,-16.6553,2.3945,11.34925,13.73215,-2.38291,2.9849,2.9901,85.0,0.03137,0.3,degraded
11.64,-13.90854,-16.36412,2.45559,11.09773,13.47396,-2.37623,2.9975,3.0,85.0,0.03066,0.3,degraded
11.65,-13.55364,-16.06331,2.50967,10.8463,13.25922,-2.41291,2.9941,2.987,85.0,0.02013,0.3,degraded
11.66,-13.19618,-15.65475,2.45857,10.59499,12.99569,-2.4007,3.0066,3.0,85.0,0.00773,0.3,degraded
11.67,-12.8362,-15.30032,2.46412,10.34384,12.75325,-2.40941,2.982,3.0,85.0,0.01242,0.3,degraded
11.68,-12.47378,-14.98277,2.509,10.09286,12.52048,-2.42762,2.9861,2.6373,85.0,0.01019,0.3,degraded
11.69,-12.10896,-14.6085,2.49954,9.84211,12.22771,-2.3856,2.9962,2.9876,85.0,0.01047,0.3,degraded
11.7,-11.74183,-14.29878,2.55695,9.59162,11.95954,-2.36792,3.0047,3.0,85.0,0.02068,0.3,degraded
11.71,-11.37245,-13.97299,2.60054,9.34141,11.72886,-2.38746,2.9993,3.0,85.0,0.02701,0.3,degraded
11.72,-11.00087,-13.58727,2.5864,9.09151,11.49214,-2.40063,2.984,2.9871,85.0,0.00645,0.3,degraded
11.73,-10.62717,-13.22725,2.60008,8.84197,11.2725,-2.43053,3.0028,3.0,85.0,0.04185,0.3,degraded
11.74,-10.25142,-12.91902,2.66761,8.59281,11.01567,-2.42286,3.0055,2.9969,85.0,0.02532,0.3,degraded
11.75,-9.87368,-12.58149,2.70781,8.34407,10.70152,-2.35745,2.9955,2.9964,85.0,0.0228,0.3,degraded
11.76,-9.49402,-12.18016,2.68613,8.09577,10.45959,-2.36382,3.0083,3.0,85.0,0.02609,0.3,degraded
11.77,-9.11253,-11.82012,2.70759,7.84795,10.22249,-2.37454,2.9935,3.0,85.0,0.01362,0.3,degraded
11.78,-8.72925,-11.4708,2.74154,7.60064,9.98434,-2.3837,2.981,1.2004,85.0,0.00376,0.3,degraded
11.79,-8.34428,-11.12531,2.78103,7.35386,9.72883,-2.37497,3.0037,3.0,85.0,0.01309,0.3,degraded
11.8,-7.95767,-10.77846,2.82078,7.10766,9.4938,-2.38614,2.9971,3.0,85.0,0.03393,0.3,degraded
11.81,-7.56951,-10.40066,2.83114,6.86205,9.22128,-2.35923,3.0023,2.996,85.0,0.0178,0.3,degraded
11.82,-7.17987,-10.02249,2.84262,6.61707,8.97346,-2.35639,3.0175,2.9873,85.0,0.01066,0.3,degraded
11.83,-6.78882,-9.67293,2.88411,6.37275,8.68505,-2.3123,3.0018,2.9819,85.0,0.0082,0.3,degraded
11.84,-6.39644,-9.30679,2.91035,6.12911,8.43782,-2.3087,3.0076,3.0,85.0,0.0099,0.3,degraded
11.85,-6.0028,-8.91512,2.91232,5.88619,8.22944,-2.34324,3.0181,2.9869,85.0,0.01083,0.3,degraded
11.86,-5.60797,-8.5539,2.94592,5.64402,7.91384,-2.26982,1.4331,2.9941,85.0,0.00362,0.3,degraded
11.87,-5.21205,-8.15549,2.94344,5.40261,7.68342,-2.28081,3.0148,3.0,85.0,0.00613,0.3,degraded
11.88,-4.81509,-7.78196,2.96686,5.162,7.4203,-2.2583,2.959,2.9875,85.0,0.01303,0.3,degraded
11.89,-4.41719,-7.38098,2.96379,4.92222,7.19917,-2.27695,2.9944,2.9978,85.0,0.00897,0.3,degraded
11.9,-4.01841,-7.00862,2.9902,4.68329,6.96885,-2.28557,3.0207,2.9929,85.0,0.02296,0.3,degraded
11.91,-3.61884,-6.61875,2.99991,4.44524,6.7461,-2.30086,2.9832,3.0,85.0,0.02089,0.3,degraded
11.92,-3.21855,-6.21867,3.00012,4.20809,6.52982,-2.32174,3.0124,3.0,85.0,0.00968,0.3,degraded
11.93,-2.81763,-5.82183,3.0042,3.97187,6.27956,-2.3077,2.9754,3.0,85.0,0.00585,0.3,degraded
11.94,-2.41615,-5.43475,3.0186,3.7366,6.03959,-2.30299,2.9994,3.0,85.0,0.01996,0.3,degraded
11.95,-2.01419,-5.03227,3.01808,3.50232,5.81452,-2.3122,2.9979,0.2268,85.0,0.00598,0.3,degraded
11.96,-1.61183,-4.61733,3.0055,3.26904,5.50485,-2.23582,2.9877,2.9904,85.0,0.02414,0.3,degraded
11.97,-1.20915,-4.24264,3.03349,3.03678,5.28434,-2.24755,2.9948,2.998,85.0,0.03329,0.3,degraded
11.98,-0.80624,-3.7954,2.98916,2.80558,5.059,-2.25342,3.0005,3.0,85.0,0.03457,0.3,degraded
11.99,-0.40316,-3.35741,2.95425,2.57545,4.85692,-2.28148,3.007,1.3536,85.0,0.01201,0.3,degraded
12.0,-0.0,-2.98857,2.98857,2.34641,4.616,-2.26959,3.0052,2.9864,85.0,0.0209,0.3,degraded
12.01,0.40316,-2.5624,2.96556,2.11849,4.39745,-2.27895,3.0004,2.99,85.0,0.01379,0.3,degraded
12.02,0.80624,-2.1264,2.93263,1.89171,4.18651,-2.29479,3.013,2.983,85.0,0.0299,0.3,degraded
12.03,1.20915,-1.74553,2.95469,1.6661,3.98491,-2.31881,3.0107,2.9969,85.0,0.03139,0.3,degraded
12.04,1.61183,-1.34384,2.95567,1.44166,3.69152,-2.24985,2.9956,2.9937,85.0,0.03227,0.3,degraded
12.05,2.01419,-0.96172,2.97591,1.21843,3.43357,-2.21515,2.9961,2.9919,85.0,0.0248,0.3,degraded
12.06,2.41615,-0.58202,2.99817,0.99641,3.19533,-2.19892,0.704,2.9957,85.0,0.0161,0.3,degraded
12.07,2.81763,-0.14301,2.96064,0.77564,2.91838,-2.14274,2.9877,2.9544,85.0,0.02979,0.3,degraded
12.08,3.21855,0.22822,2.99033,0.55612,2.71081,-2.15469,2.9776,2.6919,85.0,0.02061,0.3,degraded
12.09,3.61884,0.63208,2.98676,0.33788,2.51235,-2.17446,2.9663,3.0,85.0,0.02577,0.3,degraded
12.1,4.01841,1.02639,2.99202,0.12094,2.30941,-2.18847,3.0006,3.0,85.0,0.01327,0.3,degraded
12.11,4.41719,1.43325,2.98393,-0.09469,2.05442,-2.14911,3.0085,2.9894,85.0,0.00484,0.3,degraded
12.12,4.81509,1.82398,2.99111,-0.30899,1.82442,-2.13341,3.0053,3.0,85.0,0.00254,0.3,degraded
12.13,5.21205,2.20461,3.00744,-0.52194,1.59339,-2.11533,3.012,3.0,85.0,0.01964,0.3,degraded
12.14,5.60797,2.60348,3.00449,-0.73354,1.38396,-2.11749,2.9848,0.65,85.0,0.00212,0.3,degraded
12.15,6.0028,3.02026,2.98253,-0.94375,1.12555,-2.0693,3.0126,3.0,85.0,0.00165,0.3,degraded
12.16,6.39644,3.42806,2.96838,-1.15258,0.92389,-2.07647,3.0087,0.3636,85.0,0.00697,0.3,degraded
12.17,6.78882,3.86987,2.91895,-1.36,0.65625,-2.01624,2.9963,2.9829,85.0,0.03025,0.3,degraded
12.18,7.17987,4.24406,2.93581,-1.566,0.46033,-2.02633,3.0086,2.9967,85.0,0.00623,0.3,degraded
12.19,7.56951,4.66387,2.90564,-1.77056,0.26466,-2.03522,2.9931,2.996,85.0,0.0068,0.3,degraded
12.2,7.95767,5.04065,2.91702,-1.97368,0.04219,-2.01588,3.0288,2.9887,85.0,0.00898,0.3,degraded
12.21,8.34428,5.42073,2.92355,-2.17534,-0.16995,-2.0054,3.0178,2.9871,85.0,0.00157,0.3,degraded
12.22,8.72925,5.79794,2.93132,-2.37554,-0.3654,-2.01014,2.9997,2.9844,85.0,0.00765,0.3,degraded
12.23,9.11253,6.1801,2.93243,-2.57425,-0.61915,-1.9551,2.9871,3.0,85.0,0.00479,0.3,degraded
12.24,9.49402,6.54955,2.94447,-2.77146,-0.81396,-1.95751,3.0089,2.9801,85.0,0.00508,0.3,degraded
12.25,9.87368,6.9232,2.95048,-2.96718,-1.00407,-1.96312,3.0053,2.9843,85.0,0.0146,0.3,degraded
12.26,10.25142,7.34129,2.91013,-3.16138,-1.21859,-1.9428,3.0031,3.0,85.0,0.0099,0.3,degraded
12.27,10.62717,7.76376,2.86341,-3.35407,-1.40165,-1.95242,2.9832,3.0,85.0,0.02281,0.3,degraded
12.28,11.00087,8.11976,2.88111,-3.54522,-1.59322,-1.952,2.9927,0.2334,85.0,0.02047,0.3,degraded
12.29,11.37245,8.51974,2.8527,-3.73483,-1.8145,-1.92034,3.0033,2.9971,85.0,0.02124,0.3,degraded
12.3,11.74183,8.87904,2.86279,-3.9229,-2.0333,-1.88959,2.995,3.0,85.0,0.02058,0.3,degraded
12.31,12.10896,9.22774,2.88123,-4.10941,-2.27208,-1.83733,3.0166,3.0,85.0,0.0272,0.3,degraded
12.32,12.47378,9.65089,2.82289,-4.29436,-2.44363,-1.85074,3.0198,3.0,85.0,0.00873,0.3,degraded
12.33,12.8362,10.03066,2.80554,-4.47775,-2.63052,-1.84723,2.9942,2.985,85.0,7e-05,0.3,degraded
12.34,13.19618,10.41202,2.78415,-4.65957,-2.83211,-1.82745,3.0099,3.0,85.0,0.002,0.3,degraded
12.35,13.55364,10.80768,2.74596,-4.83981,-3.04288,-1.79692,3.0174,2.9658,85.0,0.00912,0.3,degraded
12.36,13.90854,11.15067,2.75786,-5.01846,-3.24471,-1.77376,0.0266,3.0,85.0,0.01025,0.3,degraded
12.37,14.2608,11.49728,2.76351,-5.19554,-3.40194,-1.7936,2.4761,3.0,85.0,0.02738,0.3,degraded
12.38,14.61036,11.85732,2.75304,-5.37102,-3.54948,-1.82154,2.9892,2.9811,85.0,0.02712,0.3,degraded
12.39,14.95718,12.20181,2.75537,-5.54491,-3.78027,-1.76464,2.9939,3.0,85.0,0.00345,0.3,degraded
12.4,15.30118,12.57493,2.72626,-5.7172,-3.98646,-1.73074,3.0191,2.9972,85.0,0.0204,0.3,degraded
12.41,15.64233,12.93837,2.70395,-5.8879,-4.12604,-1.76187,2.9877,2.9925,85.0,0.01077,0.3,degraded
12.42,15.98055,13.30113,2.67943,-6.057,-4.37429,-1.68271,3.0164,2.9888,85.0,0.00788,0.3,degraded
12.43,16.3158,13.648,2.6678,-6.2245,-4.55448,-1.67003,3.0199,2.9862,85.0,0.00403,0.3,degraded
12.44,16.64803,13.98255,2.66548,-6.3904,-4.74697,-1.64343,2.9783,2.9767,85.0,0.00883,0.3,degraded
12.45,16.97718,14.33145,2.64573,-6.5547,-4.9379,-1.6168,2.9929,2.9816,85.0,0.0127,0.3,degraded
12.46,17.3032,14.65043,2.65277,-6.7174,-5.09199,-1.62541,2.9958,3.0,85.0,0.00302,0.3,degraded
12.47,17.62605,15.00537,2.62067,-6.8785,-5.23506,-1.64344,3.009,2.8156,85.0,0.0136,0.3,degraded
12.48,17.94567,15.33472,2.61095,-7.038,-5.38996,-1.64804,3.0074,3.0,85.0,0.02957,0.3,degraded
12.49,18.26202,15.69798,2.56404,-7.19591,-5.52952,-1.66639,2.9923,0.2729,85.0,0.01886,0.3,degraded
12.5,18.57506,16.08789,2.48717,-7.35223,-5.67674,-1.67549,3.0127,2.9952,85.0,0.01882,0.3,degraded
12.51,18.88474,16.42331,2.46143,-7.50695,-5.83534,-1.67161,3.0202,0.7977,85.0,0.02404,0.3,degraded
12.52,19.19102,16.71391,2.47711,-7.66009,-6.00581,-1.65428,1.1395,3.0,85.0,0.0334,0.3,degraded
12.53,19.49386,17.05902,2.43484,-7.81164,-6.14147,-1.67016,2.9829,3.0,85.0,0.02535,0.3,degraded
12.54,19.79322,17.36087,2.43235,-7.96161,-6.3258,-1.63581,3.0187,2.9961,85.0,0.01976,0.3,degraded
12.55,20.08905,17.6642,2.42486,-8.11001,-6.47957,-1.63044,1.9051,0.2999,85.0,0.0133,0.3,degraded
12.56,20.38134,17.96253,2.41881,-8.25684,-6.62511,-1.63173,1.6735,3.0,85.0,0.00849,0.3,degraded
12.57,20.67003,18.27039,2.39964,-8.40211,-6.77068,-1.63143,3.0142,3.0,85.0,0.01435,0.3,degraded
12.58,20.95509,18.56102,2.39408,-8.54582,-6.96668,-1.57913,3.0034,3.0,85.0,0.02472,0.3,degraded
12.59,21.2365,18.92795,2.30855,-8.68797,-7.10993,-1.57805,3.0028,3.0,85.0,0.02243,0.3,degraded
12.6,21.51422,19.23612,2.27809,-8.82859,-7.26184,-1.56674,2.9983,3.0,85.0,0.00881,0.3,degraded
12.61,21.78822,19.52388,2.26434,-8.96766,-7.39881,-1.56885,3.0157,3.0,85.0,0.00368,0.3,degraded
12.62,22.05847,19.79318,2.26529,-9.10521,-7.56803,-1.53718,3.0222,3.0,85.0,0.01772,0.3,degraded
12.63,22.32495,20.15143,2.17352,-9.24124,-7.70518,-1.53605,3.012,3.0,85.0,0.01722,0.3,degraded
12.64,22.58763,20.45604,2.13159,-9.37575,-7.92457,-1.45118,2.994,2.9767,85.0,0.00423,0.3,degraded
12.65,22.84649,20.72277,2.12372,-9.50877,-8.05971,-1.44905,0.1561,2.9889,85.0,0.02409,0.3,degraded
12.66,23.1015,21.03913,2.06237,-9.64028,-8.19273,-1.44755,2.986,2.9837,85.0,0.01428,0.3,degraded
12.67,23.35265,21.29881,2.05384,-9.77032,-8.36658,-1.40374,3.0239,3.0,85.0,0.00179,0.3,degraded
12.68,23.59992,21.61263,1.98729,-9.89888,-8.53085,-1.36803,2.9875,3.0,85.0,0.01375,0.3,degraded
12.69,23.84329,21.90027,1.94301,-10.02598,-8.63459,-1.39139,3.0208,3.0,85.0,0.01425,0.3,degraded
12.7,24.08273,22.12828,1.95445,-10.15163,-8.77696,-1.37467,2.9857,2.9904,85.0,0.00703,0.3,degraded
12.71,24.31825,22.35046,1.96779,-10.27584,-8.89738,-1.37846,3.0038,3.0,85.0,0.00387,0.3,degraded
12.72,24.54982,22.60731,1.94251,-10.39862,-9.01481,-1.38381,2.9936,2.9769,85.0,0.01069,0.3,degraded
12.73,24.77743,22.8379,1.93953,-10.51998,-9.13479,-1.38519,2.981,3.0,85.0,0.00365,0.3,degraded
12.74,25.00108,23.06245,1.93863,-10.63994,-9.27212,-1.36783,2.9758,3.0,85.0,0.00909,0.3,degraded
12.75,25.22075,23.39413,1.82662,-10.75852,-9.39289,-1.36563,3.0066,3.0,85.0,0.01013,0.3,degraded
12.76,25.43645,23.65803,1.77841,-10.87571,-9.52672,-1.34899,3.0066,2.9831,85.0,0.01841,0.3,degraded
12.77,25.64815,23.86654,1.78161,-10.99154,-9.6606,-1.33094,2.9854,3.0,85.0,0.02372,0.3,degraded
12.78,25.85587,24.09663,1.75923,-11.10602,-9.85099,-1.25503,2.9942,2.9987,85.0,0.03373,0.3,degraded
12.79,26.05959,24.29554,1.76405,-11.21917,-9.96073,-1.25844,2.9941,3.0,85.0,0.01058,0.3,degraded
12.8,26.25932,24.55683,1.70249,-11.33099,-10.05242,-1.27857,3.0146,3.0,85.0,0.00742,0.3,degraded
12.81,26.45506,24.77583,1.67924,-11.44151,-10.1801,-1.26142,2.9859,3.0,85.0,0.00918,0.3,degraded
12.82,26.64681,24.97572,1.67109,-11.55074,-10.31164,-1.2391,3.0014,3.0,85.0,0.0188,0.3,degraded
12.83,26.83458,25.21812,1.61646,-11.6587,-10.39767,-1.26102,2.9929,2.992,85.0,0.00065,0.3,degraded
12.84,27.01837,25.47039,1.54798,-11.76539,-10.4925,-1.27289,3.0091,3.0,85.0,0.02167,0.3,degraded
12.85,27.19818,25.66535,1.53283,-11.87084,-10.65147,-1.21937,2.9802,3.0,85.0,0.00343,0.3,degraded
12.86,27.37403,25.87003,1.504,-11.97507,-10.76814,-1.20693,3.0109,2.9986,85.0,0.00572,0.3,degraded
12.87,27.54593,26.05265,1.49327,-12.07808,-10.85244,-1.22564,3.0076,3.0,85.0,0.00962,0.3,degraded
12.88,27.71388,26.24333,1.47055,-12.17991,-10.94734,-1.23256,2.9929,2.9815,85.0,0.01008,0.3,degraded
12.89,27.87791,26.49221,1.3857,-12.28055,-11.03538,-1.24517,2.9893,3.0,85.0,0.01125,0.3,degraded
12.9,28.03802,26.67504,1.36299,-12.38004,-11.13131,-1.24873,3.0063,3.0,85.0,0.00936,0.3,degraded
12.91,28.19424,26.82257,1.37167,-12.47839,-11.32067,-1.15771,1.4733,2.9998,85.0,0.00445,0.3,degraded
12.92,28.34658,26.99124,1.35533,-12.57561,-11.43126,-1.14435,3.0233,3.0,85.0,0.0111,0.3,degraded
12.93,28.49505,27.14294,1.35212,-12.67173,-11.51208,-1.15965,2.9826,2.9839,85.0,0.01251,0.3,degraded
12.94,28.63969,27.35375,1.28594,-12.76676,-11.61544,-1.15133,2.9987,3.0,85.0,0.00738,0.3,degraded
12.95,28.78051,27.55565,1.22486,-12.86073,-11.7024,-1.15832,3.0221,3.0,85.0,0.01193,0.3,degraded
12.96,28.91753,27.68899,1.22854,-12.95364,-11.794,-1.15964,2.9922,2.9981,85.0,0.00275,0.3,degraded
12.97,29.05079,27.8637,1.18709,-13.04553,-11.8802,-1.16533,2.9804,2.9929,85.0,0.00897,0.3,degraded
12.98,29.1803,27.98874,1.19156,-13.1364,-11.97389,-1.16251,1.8776,2.9947,85.0,0.008,0.3,degraded
12.99,29.30609,28.11822,1.18787,-13.22628,-12.07221,-1.15407,2.9975,2.9871,85.0,0.01858,0.3,degraded
13.0,29.4282,28.27815,1.15005,-13.31519,-12.18208,-1.1331,2.9629,2.9794,85.0,0.02547,0.3,degraded
13.01,29.54666,28.40612,1.14054,-13.40314,-12.28874,-1.1144,3.0008,2.9977,85.0,0.00141,0.3,degraded
13.02,29.66149,28.56267,1.09882,-13.49016,-12.39487,-1.09529,2.9867,2.9987,85.0,0.00505,0.3,degraded
13.03,29.77273,28.67099,1.10174,-13.57627,-12.50144,-1.07483,3.0065,3.0,85.0,0.01594,0.3,degraded
13.04,29.88041,28.86839,1.01202,-13.66148,-12.59707,-1.06441,2.9889,3.0,85.0,0.01545,0.3,degraded
13.05,29.98457,29.02689,0.95768,-13.74582,-12.67954,-1.06628,3.0222,3.0,85.0,0.01128,0.3,degraded
13.06,30.08525,29.11799,0.96726,-13.82931,-12.76744,-1.06187,3.0054,3.0,85.0,0.01001,0.3,degraded
13.07,30.18248,29.19955,0.98293,-13.91196,-12.85297,-1.05899,3.0266,2.9989,85.0,0.0053,0.3,degraded
13.08,30.27631,29.307,0.96932,-13.9938,-12.94353,-1.05027,2.9961,2.9961,85.0,0.0,0.3,degraded
13.09,30.36677,29.40841,0.95836,-14.07485,-13.02748,-1.04737,3.0101,3.0,85.0,0.00906,0.3,degraded
13.1,30.45392,29.48864,0.96527,-14.15512,-13.1179,-1.03722,2.9928,2.989,85.0,0.00596,0.3,degraded
13.11,30.53778,29.60815,0.92962,-14.23465,-13.20228,-1.03237,3.0163,3.0,85.0,0.0,0.3,degraded
13.12,30.6184,29.70534,0.91306,-14.31344,-13.29353,-1.01991,2.9988,2.9678,85.0,0.01052,0.3,degraded
13.13,30.69584,29.78347,0.91236,-14.39153,-13.37852,-1.013,2.978,2.9963,85.0,0.00192,0.3,degraded
13.14,30.77013,29.85719,0.91294,-14.46892,-13.47146,-0.99746,2.9908,3.0,85.0,0.0,0.3,degraded
13.15,30.84133,29.93967,0.90166,-14.54565,-13.5594,-0.98625,3.0074,3.0,85.0,0.0038,0.3,degraded
13.16,30.90948,30.01409,0.89539,-14.62172,-13.65347,-0.96826,2.8863,3.0,85.0,0.00213,0.3,degraded
13.17,30.97463,30.09833,0.8763,-14.69718,-13.74122,-0.95595,3.0194,2.9985,85.0,0.0,0.3,degraded
13.18,31.03683,30.17629,0.86055,-14.77202,-13.83441,-0.93761,2.9945,3.0,85.0,0.00288,0.3,degraded
13.19,31.09615,30.25983,0.83632,-14.84628,-13.91933,-0.92695,2.9915,2.9905,85.0,0.00284,0.3,degraded
13.2,31.15262,30.33663,0.81599,-14.91998,-14.00851,-0.91147,2.9895,2.996,85.0,0.0,0.3,degraded
13.21,31.2063,30.419,0.7873,-14.99313,-14.09365,-0.89948,3.0129,3.0,85.0,0.00356,0.3,degraded
13.22,31.25725,30.49587,0.76139,-15.06576,-14.18672,-0.87904,2.981,3.0,85.0,0.00384,0.3,degraded
13.23,31.30552,30.5801,0.72542,-15.13789,-14.27247,-0.86542,2.9698,3.0,85.0,0.0,0.3,degraded
13.24,31.35118,30.65615,0.69503,-15.20954,-14.36143,-0.84811,3.02,2.9973,85.0,0.00368,0.3,degraded
13.25,31.39426,30.72974,0.66452,-15.28072,-14.44477,-0.83595,3.0107,3.0,85.0,0.00413,0.3,degraded
13.26,31.43485,30.79757,0.63727,-15.35147,-14.53639,-0.81508,2.9948,2.9977,85.0,0.0,0.3,degraded
13.27,31.47298,30.87226,0.60072,-15.42179,-14.6232,-0.7986,3.0128,3.0,85.0,0.00217,0.3,degraded
13.28,31.50873,30.94021,0.56852,-15.49172,-14.71662,-0.7751,2.9766,3.0,85.0,0.00498,0.3,degraded
13.29,31.54215,31.01843,0.52373,-15.56126,-14.80599,-0.75527,2.9932,2.9826,85.0,0.0,0.3,degraded
13.3,31.57331,31.09138,0.48193,-15.63045,-14.89927,-0.73118,3.0211,3.0,85.0,0.00205,0.3,degraded
13.31,31.60226,31.17318,0.42908,-15.6993,-14.98485,-0.71445,2.986,2.9872,85.0,0.00385,0.3,degraded
13.32,31.62908,31.25004,0.37903,-15.76783,-15.07639,-0.69144,2.99,2.9797,85.0,0.0,0.3,degraded
13.33,31.65381,31.3351,0.31871,-15.83606,-15.16118,-0.67487,3.0057,2.9941,85.0,0.00107,0.3,degraded
13.34,31.67653,31.41511,0.26142,-15.904,-15.25189,-0.65211,3.0139,3.0,85.0,0.00504,0.3,degraded
13.35,31.6973,31.4965,0.20079,-15.97169,-15.33428,-0.63742,2.9956,3.0,85.0,0.00013,0.3,degraded
13.36,31.71618,31.56706,0.14912,-16.03914,-15.42333,-0.61581,2.9824,3.0,85.0,0.0,0.3,degraded
13.37,31.73324,31.64314,0.0901,-16.10637,-15.50664,-0.59972,3.0387,2.9729,85.0,0.00448,0.3,degraded
13.38,31.74855,31.71294,0.03561,-16.17339,-15.59584,-0.57755,3.0003,3.0,85.0,0.0,0.3,degraded
13.39,31.76217,31.78955,-0.02738,-16.24023,-15.67615,-0.56408,2.9927,2.9937,85.0,0.0,0.3,degraded
13.4,31.77417,31.86162,-0.08745,-16.3069,-15.7638,-0.54311,3.0024,2.998,85.0,0.00475,0.3,degraded
13.41,31.78461,31.93948,-0.15486,-16.37343,-15.84487,-0.52856,3.0197,3.0,85.0,0.00326,0.3,degraded
13.42,31.79357,31.98702,-0.19345,-16.43983,-15.93246,-0.50737,3.011,3.0,85.0,0.00198,0.3,degraded
13.43,31.8011,32.03265,-0.23155,-16.50612,-16.01321,-0.49291,3.0071,3.0,85.0,0.00456,0.3,degraded
13.44,31.80729,32.07085,-0.26356,-16.57232,-16.0991,-0.47321,2.9815,2.9944,85.0,0.00247,0.3,degraded
13.45,31.81218,32.11498,-0.30279,-16.63844,-16.18129,-0.45715,3.0069,3.0,85.0,0.00027,0.3,degraded
13.46,31.81587,32.13874,-0.32287,-16.7045,-16.26854,-0.43596,3.0259,2.9992,85.0,0.00427,0.3,degraded
13.47,31.8184,32.16782,-0.34942,-16.77053,-16.34913,-0.4214,2.991,3.0,85.0,0.00126,0.3,degraded
13.48,31.81986,32.1909,-0.37105,-16.83653,-16.43636,-0.40017,2.9952,2.9976,85.0,0.00029,0.3,degraded
13.49,31.8203,32.20209,-0.38179,-16.90252,-16.51843,-0.38409,2.9947,3.0,85.0,0.00514,0.3,degraded
13.5,31.81981,32.20435,-0.38454,-16.96852,-16.60817,-0.36035,2.983,2.984,85.0,0.00226,0.3,degraded
13.51,31.81844,32.21603,-0.39759,-17.03455,-16.69124,-0.34331,2.9855,3.0,85.0,0.0,0.3,degraded
13.52,31.81627,32.22122,-0.40496,-17.10062,-16.78203,-0.31859,2.9789,2.9867,85.0,0.00497,0.3,degraded
13.53,31.81336,32.22999,-0.41663,-17.16675,-16.86308,-0.30367,2.9962,3.0,85.0,0.00339,0.3,degraded
13.54,31.80979,32.22361,-0.41383,-17.23295,-16.95118,-0.28177,2.9921,2.9823,85.0,0.0,0.3,degraded
13.55,31.80562,32.22266,-0.41704,-17.29923,-17.03253,-0.26671,3.0256,3.0,85.0,0.00271,0.3,degraded
13.56,31.80092,32.21434,-0.41342,-17.36562,-17.12084,-0.24478,3.0083,3.0,85.0,0.00289,0.3,degraded
13.57,31.79577,32.21274,-0.41698,-17.43213,-17.20282,-0.22931,2.9845,2.9961,85.0,0.0,0.3,degraded
13.58,31.79022,32.20027,-0.41005,-17.49876,-17.29053,-0.20823,2.9877,3.0,85.0,0.00308,0.3,degraded
13.59,31.78435,32.19133,-0.40699,-17.56554,-17.37216,-0.19338,3.0052,3.0,85.0,0.00318,0.3,degraded
13.6,31.77822,32.17332,-0.3951,-17.63248,-17.4591,-0.17338,3.0136,3.0,85.0,0.0,0.3,degraded
13.61,31.77191,32.16067,-0.38876,-17.69959,-17.54147,-0.15812,3.018,3.0,85.0,0.00185,0.3,degraded
13.62,31.76548,32.1427,-0.37722,-17.76688,-17.63023,-0.13665,2.9741,3.0,85.0,0.00382,0.3,degraded
13.63,31.75899,32.1337,-0.37471,-17.83436,-17.71262,-0.12174,3.022,2.9975,85.0,0.0,0.3,degraded
13.64,31.75252,32.1181,-0.36558,-17.90206,-17.80168,-0.10038,2.9957,2.9757,85.0,0.00073,0.3,degraded
13.65,31.74613,32.11014,-0.36401,-17.96997,-17.88427,-0.0857,2.987,2.9978,85.0,0.00402,0.3,degraded
13.66,31.73989,32.09697,-0.35708,-18.03812,-17.97178,-0.06634,3.0183,2.9994,85.0,0.0,0.3,degraded
13.67,31.73386,32.08776,-0.3539,-18.1065,-18.05209,-0.05441,3.0008,2.9733,85.0,0.00077,0.3,degraded
13.68,31.7281,32.07273,-0.34463,-18.17514,-18.13618,-0.03895,3.0073,2.989,85.0,0.00665,0.3,degraded
13.69,31.72268,32.06355,-0.34087,-18.24404,-18.20573,-0.03831,3.0177,2.9701,85.0,0.0015,0.3,degraded
13.7,31.71768,32.03729,-0.31962,-18.31321,-18.27945,-0.03376,3.0105,2.9894,85.0,0.00035,0.3,degraded
13.71,31.71313,32.01746,-0.30432,-18.38266,-18.34555,-0.03711,3.0135,3.0,85.0,0.00813,0.3,degraded
13.72,31.70912,31.99199,-0.28287,-18.45241,-18.40216,-0.05025,3.002,2.9823,85.0,0.00317,0.3,degraded
13.73,31.70571,31.97433,-0.26862,-18.52245,-18.43388,-0.08857,2.9852,2.9967,85.0,0.0,0.3,degraded
13.74,31.70295,31.94931,-0.24637,-18.5928,-18.47348,-0.11932,3.0063,3.0,85.0,0.00438,0.3,degraded
13.75,31.7009,31.93065,-0.22975,-18.66347,-18.50946,-0.15401,3.0231,2.9984,85.0,0.0,0.3,degraded
13.76,31.69963,31.9047,-0.20507,-18.73446,-18.55153,-0.18293,2.9846,3.0,85.0,0.0,0.3,degraded
13.77,31.6992,31.88398,-0.18478,-18.80577,-18.58839,-0.21738,3.0067,3.0,85.0,0.0041,0.3,degraded
13.78,31.69965,31.85664,-0.15698,-18.87743,-18.63173,-0.2457,2.998,3.0,85.0,0.00129,0.3,degraded
13.79,31.70106,31.8341,-0.13304,-18.94942,-18.66913,-0.28029,2.9773,2.9971,85.0,0.0,0.3,degraded
13.8,31.70348,31.80472,-0.10124,-19.02177,-18.71535,-0.30642,3.0116,2.976,85.0,0.00513,0.3,degraded
13.81,31.70697,31.78313,-0.07616,-19.09446,-18.75758,-0.33688,2.998,3.0,85.0,0.00074,0.3,degraded
13.82,31.71157,31.75479,-0.04322,-19.16752,-18.80666,-0.36086,3.0026,2.9839,85.0,0.0,0.3,degraded
13.83,31.71735,31.73386,-0.01652,-19.24094,-18.84705,-0.39389,3.006,2.9952,85.0,0.00438,0.3,degraded
13.84,31.72435,31.70787,0.01648,-19.31472,-18.88996,-0.42476,2.9817,2.9892,85.0,0.00309,0.3,degraded
13.85,31.73263,31.68971,0.04292,-19.38888,-18.92248,-0.4664,3.0068,2.9877,85.0,0.0,0.3,degraded
13.86,31.74225,31.66547,0.07678,-19.46341,-18.95944,-0.50397,2.983,2.9813,85.0,0.00275,0.3,degraded
13.87,31.75325,31.64779,0.10546,-19.53831,-18.98846,-0.54985,3.0099,2.9957,85.0,0.00265,0.3,degraded
13.88,31.76567,31.62563,0.14004,-19.61359,-19.02393,-0.58966,2.9825,3.0,85.0,0.0,0.3,degraded
13.89,31.77958,31.61486,0.16472,-19.68926,-19.05608,-0.63318,3.0001,3.0,85.0,0.0023,0.3,degraded
13.9,31.79502,31.59775,0.19726,-19.7653,-19.09417,-0.67113,3.016,3.0,85.0,0.00391,0.3,degraded
13.91,31.81202,31.58496,0.22707,-19.84173,-19.12548,-0.71624,2.9839,2.9942,85.0,0.0,0.3,degraded
13.92,31.83065,31.56827,0.26238,-19.91854,-19.16024,-0.7583,3.002,3.0,85.0,0.00262,0.3,degraded
13.93,31.85094,31.56004,0.2909,-19.99573,-19.18881,-0.80692,2.9933,3.0,85.0,0.00357,0.3,degraded
13.94,31.87293,31.54374,0.32919,-20.0733,-19.22235,-0.85095,2.9851,2.9671,85.0,0.0,0.3,degraded
13.95,31.89667,31.53487,0.3618,-20.15126,-19.24803,-0.90323,2.992,2.9978,85.0,0.00131,0.3,degraded
13.96,31.9222,31.52049,0.4017,-20.2296,-19.28154,-0.94805,2.9974,3.0,85.0,0.00387,0.3,degraded
13.97,31.94955,31.5105,0.43905,-20.30831,-19.30905,-0.99926,3.0069,3.0,85.0,0.0,0.3,degraded
13.98,31.97877,31.49359,0.48518,-20.3874,-19.34254,-1.04486,3.008,2.9873,85.0,0.0028,0.3,degraded
13.99,32.00989,31.48188,0.528,-20.46686,-19.37418,-1.09268,2.9889,2.9876,85.0,0.04035,0.3,degraded
14.0,24.65604,31.46438,-6.80834,-3.42281,-19.3842,15.96139,3.0126,2.9787,85.0,0.23889,0.3,degraded
14.01,24.65604,30.78261,-6.12656,-3.42281,-18.23172,14.80891,3.0139,2.9896,85.0,0.18943,0.3,degraded
14.02,24.65604,30.02279,-5.36674,-3.42281,-16.71382,13.29101,2.9965,3.0,85.0,0.05059,0.3,degraded
14.03,24.65604,29.33349,-4.67744,-3.42281,-15.36064,11.93783,3.0079,2.9891,85.0,0.04597,0.3,degraded
14.04,24.65604,28.69837,-4.04232,-3.42281,-14.18582,10.76301,2.9863,2.9791,85.0,0.02877,0.3,degraded
14.05,24.65604,28.13082,-3.47477,-3.42281,-13.08875,9.66594,2.9986,3.0,85.0,0.03602,0.3,degraded
14.06,24.65604,27.63195,-2.9759,-3.42281,-12.07881,8.656,3.0258,2.9961,85.0,0.03153,0.3,degraded
14.07,24.65604,27.22124,-2.56519,-3.42281,-11.14233,7.71953,3.0059,2.9803,85.0,0.02798,0.3,degraded
14.08,24.65604,26.86634,-2.2103,-3.42281,-10.29485,6.87204,3.0271,2.988,85.0,0.032,0.3,degraded
14.09,24.65604,26.57805,-1.922,-3.42281,-9.52118,6.09837,3.0228,2.993,85.0,0.02915,0.3,degraded
14.1,24.65604,26.34541,-1.68936,-3.42281,-8.8354,5.41259,3.016,3.0,85.0,0.02676,0.3,degraded
14.11,24.65604,26.17962,-1.52358,-3.42281,-8.22313,4.80033,3.0042,2.9803,85.0,0.02821,0.3,degraded
14.12,24.65604,26.02981,-1.37377,-3.42281,-7.70123,4.27842,2.9956,3.0,85.0,0.02289,0.3,degraded
14.13,24.65604,25.90279,-1.24675,-3.42281,-7.25469,3.83188,1.1913,2.9937,85.0,0.01602,0.3,degraded
14.14,24.65604,25.7353,-1.07925,-3.42281,-6.89384,3.47103,3.0166,3.0,85.0,0.02411,0.3,degraded
14.15,24.65604,25.63372,-0.97768,-3.42281,-6.59221,3.16941,2.9996,2.9983,85.0,0.01631,0.3,degraded
14.16,24.65604,25.54896,-0.89292,-3.42281,-6.32023,2.89742,3.0037,3.0,85.0,0.00673,0.3,degraded
14.17,24.65604,25.47246,-0.81641,-3.42281,-6.06238,2.63957,2.9919,2.9815,85.0,0.01063,0.3,degraded
14.18,24.65604,25.38809,-0.73204,-3.42281,-5.83763,2.41482,3.0112,3.0,85.0,0.00183,0.3,degraded
14.19,24.65604,25.31125,-0.65521,-3.42281,-5.56285,2.14004,3.011,2.9995,85.0,0.01419,0.3,degraded
14.2,24.65604,25.22825,-0.5722,-3.42281,-5.37323,1.95042,3.0176,2.9832,85.0,0.00525,0.3,degraded
14.21,24.65604,25.15335,-0.49731,-3.42281,-5.1777,1.75489,3.0029,3.0,85.0,0.00579,0.3,degraded
14.22,24.65604,25.07179,-0.41574,-3.42281,-5.01592,1.59311,2.9778,2.9953,85.0,0.00465,0.3,degraded
14.23,24.65604,24.99855,-0.34251,-3.42281,-4.9002,1.4774,3.0049,3.0,85.0,0.00608,0.3,degraded
14.24,24.65604,24.92173,-0.26569,-3.42281,-4.79094,1.36813,3.0021,3.0,85.0,0.00806,0.3,degraded
14.25,24.65604,24.85124,-0.1952,-3.42281,-4.69064,1.26783,2.9669,2.9968,85.0,0.0,0.3,degraded
14.26,24.65604,24.77216,-0.11611,-3.42281,-4.59689,1.17409,3.0077,2.9846,85.0,0.00175,0.3,degraded
14.27,24.65604,24.70093,-0.04488,-3.42281,-4.49776,1.07495,2.9938,2.9713,85.0,0.00271,0.3,degraded
14.28,24.65604,24.62248,0.03356,-3.42281,-4.40509,0.98229,2.9922,3.0,85.0,0.00026,0.3,degraded
14.29,24.65604,24.56285,0.09319,-3.42281,-4.30587,0.88307,2.9716,3.0,85.0,0.00365,0.3,degraded
14.3,24.65604,24.50502,0.15102,-3.42281,-4.21378,0.79097,2.978,2.9879,85.0,0.00537,0.3,degraded
14.31,24.65604,24.46399,0.19205,-3.42281,-4.11715,0.69434,3.0054,3.0,85.0,0.00083,0.3,degraded
14.32,24.65604,24.42572,0.23032,-3.42281,-4.02493,0.60212,2.9946,2.9904,85.0,0.00084,0.3,degraded
14.33,24.65604,24.39727,0.25877,-3.42281,-3.92662,0.50382,3.0072,2.9921,85.0,0.00552,0.3,degraded
14.34,24.65604,24.36663,0.28941,-3.42281,-3.835,0.41219,2.9916,3.0,85.0,0.00091,0.3,degraded
14.35,24.65604,24.35155,0.3045,-3.42281,-3.73597,0.31317,3.0277,2.9903,85.0,0.00016,0.3,degraded
14.36,24.65604,24.33313,0.32291,-3.42281,-3.6432,0.2204,2.997,3.0,85.0,0.00387,0.3,degraded
14.37,24.65604,24.32275,0.3333,-3.42281,-3.54442,0.12162,2.9825,3.0,85.0,0.00042,0.3,degraded
14.38,24.65604,24.30739,0.34866,-3.42281,-3.45174,0.02893,3.0163,2.9904,85.0,0.00308,0.3,degraded
14.39,24.65604,24.30334,0.35271,-3.42281,-3.37595,-0.04686,3.0113,3.0,85.0,0.00803,0.3,degraded
14.4,24.65604,24.2976,0.35844,-3.42281,-3.31042,-0.11239,2.9897,3.0,85.0,0.00479,0.3,degraded
14.41,24.65604,24.30577,0.35027,-3.42281,-3.2434,-0.17941,2.9806,2.5074,85.0,0.002,0.3,degraded
14.42,24.65604,24.30665,0.3494,-3.42281,-3.20989,-0.21292,2.9923,2.9855,85.0,0.00458,0.3,degraded
14.43,24.65604,24.31318,0.34287,-3.42281,-3.16914,-0.25367,2.9953,2.9955,85.0,0.00088,0.3,degraded
14.44,24.65604,24.31482,0.34122,-3.42281,-3.13259,-0.29022,2.9812,3.0,85.0,0.0,0.3,degraded
14.45,24.65604,24.32242,0.33362,-3.42281,-3.09028,-0.33253,2.9793,2.9952,85.0,0.00585,0.3,degraded
14.46,24.65604,24.3237,0.33234,-3.42281,-3.07141,-0.3514,3.0163,2.9991,85.0,0.00297,0.3,degraded
14.47,24.65604,24.33139,0.32465,-3.42281,-3.05223,-0.37058,2.9889,2.9941,85.0,0.0,0.3,degraded
14.48,24.65604,24.33271,0.32333,-3.42281,-3.03919,-0.38362,3.0322,3.0,85.0,0.00376,0.3,degraded
14.49,24.65604,24.34123,0.31481,-3.42281,-3.02023,-0.40258,3.0051,3.0,85.0,0.00207,0.3,degraded
14.5,24.65604,24.34445,0.3116,-3.42281,-3.00703,-0.41577,2.999,2.9935,85.0,0.0,0.3,degraded
14.51,24.65604,24.35367,0.30238,-3.42281,-2.9903,-0.43251,3.009,2.9836,85.0,0.00415,0.3,degraded
14.52,24.65604,24.35861,0.29744,-3.42281,-2.98823,-0.43458,3.0132,3.0,85.0,0.00262,0.3,degraded
14.53,24.65604,24.36715,0.28889,-3.42281,-2.97895,-0.44386,2.9835,3.0,85.0,0.0,0.3,degraded
14.54,24.65604,24.36928,0.28676,-3.42281,-2.97647,-0.44634,2.976,3.0,85.0,0.00333,0.3,degraded
14.55,24.65604,24.37996,0.27608,-3.42281,-2.9698,-0.453,3.0061,2.9816,85.0,0.00326,0.3,degraded
14.56,24.65604,24.38546,0.27058,-3.42281,-2.97092,-0.45188,3.0069,3.0,85.0,0.0,0.3,degraded
14.57,24.65604,24.39804,0.258,-3.42281,-2.9682,-0.45461,2.998,2.8233,85.0,0.00362,0.3,degraded
14.58,24.65604,24.40349,0.25256,-3.42281,-2.98119,-0.44162,2.9948,3.0,85.0,0.00315,0.3,degraded
14.59,24.65604,24.41471,0.24134,-3.42281,-2.98663,-0.43618,2.9817,3.0,85.0,0.0,0.3,degraded
14.6,24.65604,24.41867,0.23737,-3.42281,-3.00023,-0.42258,2.9856,3.0,85.0,0.00216,0.3,degraded
14.61,24.65604,24.42772,0.22832,-3.42281,-3.00776,-0.41505,2.9875,3.0,85.0,0.0033,0.3,degraded
14.62,24.65604,24.43147,0.22458,-3.42281,-3.02279,-0.40002,3.0058,3.0,85.0,0.0,0.3,degraded
14.63,24.65604,24.44112,0.21492,-3.42281,-3.03306,-0.38974,3.0032,3.0,85.0,0.00295,0.3,degraded
14.64,24.65604,24.44596,0.21008,-3.42281,-3.04812,-0.37469,3.0054,2.9914,85.0,0.00552,0.3,degraded
14.65,24.65604,24.47111,0.18493,-3.42281,-3.05574,-0.36706,2.9783,2.9938,85.0,0.0,0.3,degraded
14.66,24.65604,24.48842,0.16763,-3.42281,-3.06982,-0.35299,2.9897,3.0,85.0,0.00103,0.3,degraded
14.67,24.65604,24.5118,0.14425,-3.42281,-3.07507,-0.34774,2.9964,2.9939,85.0,0.00401,0.3,degraded
14.68,24.65604,24.52852,0.12752,-3.42281,-3.08672,-0.33609,3.0045,2.9686,85.0,0.0,0.3,degraded
14.69,24.65604,24.54828,0.10777,-3.42281,-3.09283,-0.32998,2.9973,2.9998,85.0,0.0,0.3,degraded
14.7,24.65604,24.56399,0.09205,-3.42281,-3.10566,-0.31715,2.9861,2.9722,85.0,0.00486,0.3,degraded
14.71,24.65604,24.58654,0.06951,-3.42281,-3.1124,-0.3104,3.0256,2.9888,85.0,0.0,0.3,degraded
14.72,24.65604,24.60059,0.05545,-3.42281,-3.12897,-0.29384,2.991,3.0,85.0,0.0,0.3,degraded
14.73,24.65604,24.62088,0.03517,-3.42281,-3.1386,-0.28421,3.0088,2.9964,85.0,0.0051,0.3,degraded
14.74,24.65604,24.63613,0.01992,-3.42281,-3.15123,-0.27158,3.0077,2.99,85.0,0.00067,0.3,degraded
14.75,24.65604,24.65809,-0.00204,-3.42281,-3.15641,-0.2664,3.0064,2.9761,85.0,0.0,0.3,degraded
14.76,24.65604,24.67357,-0.01752,-3.42281,-3.1657,-0.25711,3.0092,3.0,85.0,0.00446,0.3,degraded
14.77,24.65604,24.69445,-0.0384,-3.42281,-3.16964,-0.25317,2.9971,2.9961,85.0,0.0016,0.3,degraded
14.78,24.65604,24.70985,-0.0538,-3.42281,-3.17714,-0.24566,3.0038,3.0,85.0,0.0,0.3,degraded
14.79,24.65604,24.72983,-0.07379,-3.42281,-3.17759,-0.24522,2.9851,3.0,85.0,0.00479,0.3,degraded
14.8,24.65604,24.74157,-0.08553,-3.42281,-3.18583,-0.23698,2.9919,2.9979,85.0,0.00142,0.3,degraded
14.81,24.65604,24.76118,-0.10514,-3.42281,-3.18667,-0.23614,3.0075,2.9937,85.0,0.0,0.3,degraded
14.82,24.65604,24.77767,-0.12162,-3.42281,-3.19457,-0.22824,2.9942,2.9857,85.0,0.00375,0.3,degraded
14.83,24.65604,24.79894,-0.14289,-3.42281,-3.19824,-0.22457,2.9938,3.0,85.0,0.00181,0.3,degraded
14.84,24.65604,24.81424,-0.1582,-3.42281,-3.20759,-0.21522,2.9952,2.9957,85.0,0.0,0.3,degraded
14.85,24.65604,24.83434,-0.1783,-3.42281,-3.20954,-0.21326,2.9875,2.9803,85.0,0.00329,0.3,degraded
14.86,24.65604,24.84752,-0.19148,-3.42281,-3.21695,-0.20586,3.0047,2.9939,85.0,0.00261,0.3,degraded
14.87,24.65604,24.86816,-0.21212,-3.42281,-3.21502,-0.20779,2.9912,3.0,85.0,0.0,0.3,degraded
14.88,24.65604,24.8821,-0.22605,-3.42281,-3.21731,-0.2055,2.9924,2.9932,85.0,0.00283,0.3,degraded
14.89,24.65604,24.90258,-0.24654,-3.42281,-3.21534,-0.20747,2.987,3.0,85.0,0.00306,0.3,degraded
14.9,24.65604,24.91778,-0.26173,-3.42281,-3.221,-0.2018,3.0195,2.9833,85.0,0.0,0.3,degraded
14.91,24.65604,24.94174,-0.28569,-3.42281,-3.22104,-0.20177,2.9905,2.9728,85.0,0.00217,0.3,degraded
14.92,24.65604,24.96012,-0.30408,-3.42281,-3.22851,-0.1943,2.9842,3.0,85.0,0.00324,0.3,degraded
14.93,24.65604,24.98558,-0.32954,-3.42281,-3.23023,-0.19258,3.0048,2.9851,85.0,0.0,0.3,degraded
14.94,24.65604,25.00578,-0.34974,-3.42281,-3.23661,-0.18619,3.0217,2.9855,85.0,0.00218,0.3,degraded
14.95,24.65604,25.03334,-0.3773,-3.42281,-3.23584,-0.18697,3.0109,3.0,85.0,0.00374,0.3,degraded
14.96,24.65604,25.05744,-0.40139,-3.42281,-3.24287,-0.17994,2.9925,2.9996,85.0,0.0,0.3,degraded
14.97,24.65604,25.08759,-0.43154,-3.42281,-3.24327,-0.17954,2.9862,2.9883,85.0,0.00156,0.3,degraded
14.98,24.65604,25.10478,-0.44873,-3.42281,-3.24897,-0.17384,2.9852,2.9817,85.0,0.00622,0.3,degraded
14.99,24.65604,25.11603,-0.45999,-3.42281,-3.25123,-0.17158,3.0142,3.0,85.0,0.00088,0.3,degraded
15.0,24.65604,25.11424,-0.4582,-3.42281,-3.26085,-0.16195,3.0242,2.9886,85.0,0.00082,0.3,degraded
15.01,24.65604,25.1179,-0.46186,-3.42281,-3.26347,-0.15933,3.0171,2.9948,85.0,0.00464,0.3,degraded
15.02,24.65604,25.1176,-0.46156,-3.42281,-3.27054,-0.15227,3.009,3.0,85.0,0.0,0.3,degraded
15.03,24.65604,25.12475,-0.46871,-3.42281,-3.2724,-0.1504,3.0088,2.9764,85.0,0.00025,0.3,degraded
15.04,24.65604,25.12321,-0.46716,-3.42281,-3.28266,-0.14015,3.0204,3.0,85.0,0.00524,0.3,degraded
15.05,24.65604,25.12475,-0.4687,-3.42281,-3.28489,-0.13791,2.957,3.0,85.0,1e-05,0.3,degraded
15.06,24.65604,25.1182,-0.46215,-3.42281,-3.29253,-0.13028,2.9944,3.0,85.0,0.00123,0.3,degraded
15.07,24.65604,25.10635,-0.45031,-3.42281,-3.29556,-0.12725,3.0073,2.993,85.0,0.00534,0.3,degraded
15.08,24.65604,25.0884,-0.43236,-3.42281,-3.30748,-0.11532,2.9943,3.0,85.0,0.00085,0.3,degraded
15.09,24.65604,25.07901,-0.42297,-3.42281,-3.3121,-0.1107,2.9966,2.9848,85.0,0.0,0.3,degraded
15.1,24.65604,25.06205,-0.40601,-3.42281,-3.3277,-0.09511,2.9788,3.0,85.0,0.0043,0.3,degraded
15.11,24.65604,25.05013,-0.39408,-3.42281,-3.33899,-0.08382,2.9832,2.9859,85.0,0.00135,0.3,degraded
15.12,24.65604,25.03077,-0.37472,-3.42281,-3.35809,-0.06472,2.9729,2.9678,85.0,0.0,0.3,degraded
15.13,24.65604,25.01584,-0.35979,-3.42281,-3.37447,-0.04833,2.965,3.0,85.0,0.00368,0.3,degraded
15.14,24.65604,24.99536,-0.33932,-3.42281,-3.39705,-0.02576,2.9991,3.0,85.0,0.00167,0.3,degraded
15.15,24.65604,24.98044,-0.3244,-3.42281,-3.4118,-0.011,3.002,2.9707,85.0,0.0,0.3,degraded
15.16,24.65604,24.96215,-0.30611,-3.42281,-3.43345,0.01065,3.0081,3.0,85.0,0.00328,0.3,degraded
15.17,24.65604,24.95059,-0.29455,-3.42281,-3.44808,0.02527,2.9985,3.0,85.0,0.00159,0.3,degraded
15.18,24.65604,24.93289,-0.27684,-3.42281,-3.47066,0.04785,3.0262,2.999,85.0,0.0,0.3,degraded
15.19,24.65604,24.92254,-0.26649,-3.42281,-3.48696,0.06416,2.9998,3.0,85.0,0.00361,0.3,degraded
15.2,24.65604,24.90701,-0.25097,-3.42281,-3.50765,0.08484,2.9786,3.0,85.0,0.00278,0.3,degraded
15.21,24.65604,24.89788,-0.24184,-3.42281,-3.51927,0.09646,2.9949,3.0,85.0,0.0,0.3,degraded
15.22,24.65604,24.88179,-0.22575,-3.42281,-3.53644,0.11363,3.0113,3.0,85.0,0.00294,0.3,degraded
15.23,24.65604,24.87098,-0.21493,-3.42281,-3.54607,0.12326,2.9988,2.9857,85.0,0.00346,0.3,degraded
15.24,24.65604,24.85274,-0.19669,-3.42281,-3.56497,0.14216,3.013,3.0,85.0,0.0,0.3,degraded
15.25,24.65604,24.84154,-0.18549,-3.42281,-3.57765,0.15484,2.9853,3.0,85.0,0.00259,0.3,degraded
15.26,24.65604,24.82495,-0.1689,-3.42281,-3.59718,0.17437,3.0126,3.0,85.0,0.00407,0.3,degraded
15.27,24.65604,24.81588,-0.15983,-3.42281,-3.61235,0.18955,2.9836,2.992,85.0,0.0,0.3,degraded
15.28,24.65604,24.80142,-0.14537,-3.42281,-3.63565,0.21285,3.0253,3.0,85.0,0.00223,0.3,degraded
15.29,24.65604,24.79631,-0.14026,-3.42281,-3.64937,0.22656,3.0021,2.9934,85.0,0.00346,0.3,degraded
15.3,24.65604,24.78651,-0.13046,-3.42281,-3.66842,0.24561,2.9913,3.0,85.0,0.0,0.3,degraded
15.31,24.65604,24.7859,-0.12985,-3.42281,-3.68323,0.26042,3.0218,2.9883,85.0,0.00136,0.3,degraded
15.32,24.65604,24.78024,-0.1242,-3.42281,-3.70535,0.28254,2.9918,2.9898,85.0,0.00442,0.3,degraded
15.33,24.65604,24.78058,-0.12454,-3.42281,-3.72031,0.2975,3.0153,2.9831,85.0,0.0,0.3,degraded
15.34,24.65604,24.77477,-0.11873,-3.42281,-3.74548,0.32267,3.0089,2.9751,85.0,0.00113,0.3,degraded
15.35,24.65604,24.7745,-0.11846,-3.42281,-3.76904,0.34623,2.9999,2.9904,85.0,0.00517,0.3,degraded
15.36,24.65604,24.76846,-0.11242,-3.42281,-3.80224,0.37943,3.0297,2.9902,85.0,0.0,0.3,degraded
15.37,24.65604,24.76998,-0.11394,-3.42281,-3.82878,0.40598,2.9889,3.0,85.0,0.0,0.3,degraded
15.38,24.65604,24.76414,-0.1081,-3.42281,-3.86173,0.43892,3.0032,2.9976,85.0,0.00511,0.3,degraded
15.39,24.65604,24.76501,-0.10896,-3.42281,-3.88916,0.46635,2.9892,3.0,85.0,0.0,0.3,degraded
15.4,24.65604,24.76126,-0.10522,-3.42281,-3.92361,0.5008,3.0235,3.0,85.0,0.0,0.3,degraded
15.41,24.65604,24.76511,-0.10906,-3.42281,-3.95246,0.52965,3.0003,2.9897,85.0,0.00427,0.3,degraded
15.42,24.65604,24.76176,-0.10571,-3.42281,-3.98832,0.56551,2.9747,2.996,85.0,0.00248,0.3,degraded
15.43,24.65604,24.76346,-0.10742,-3.42281,-4.01371,0.5909,3.0002,3.0,85.0,0.00164,0.3,degraded
15.44,24.65604,24.75766,-0.10162,-3.42281,-4.02332,0.60052,2.9922,2.9981,85.0,0.00479,0.3,degraded
15.45,24.65604,24.75771,-0.10166,-3.42281,-4.02342,0.60061,2.9904,3.0,85.0,0.00097,0.3,degraded
15.46,24.65604,24.75105,-0.095,-3.42281,-4.03114,0.60834,2.9835,3.0,85.0,0.0,0.3,degraded
15.47,24.65604,24.74813,-0.09208,-3.42281,-4.03234,0.60953,3.0111,3.0,85.0,0.0038,0.3,degraded
15.48,24.65604,24.74105,-0.085,-3.42281,-4.03935,0.61654,2.9781,3.0,85.0,0.00084,0.3,degraded
15.49,24.65604,24.73893,-0.08289,-3.42281,-4.0396,0.61679,2.9833,3.0,85.0,0.0,0.3,degraded
15.5,24.65604,24.7293,-0.07325,-3.42281,-4.04612,0.62331,3.0246,2.9958,85.0,0.00504,0.3,degraded
15.51,24.65604,24.72898,-0.07293,-3.42281,-4.04472,0.62191,3.0076,2.9971,85.0,0.00295,0.3,degraded
15.52,24.65604,24.7253,-0.06925,-3.42281,-4.04055,0.61775,2.9936,3.0,85.0,0.0,0.3,degraded
15.53,24.65604,24.72654,-0.07049,-3.42281,-4.03224,0.60943,2.9956,3.0,85.0,0.00361,0.3,degraded
15.54,24.65604,24.72308,-0.06704,-3.42281,-4.03092,0.60812,2.9812,2.9951,85.0,0.00258,0.3,degraded
15.55,24.65604,24.72484,-0.0688,-3.42281,-4.02405,0.60124,3.0031,2.9891,85.0,0.0,0.3,degraded
15.56,24.65604,24.71832,-0.06227,-3.42281,-4.02097,0.59816,2.9929,2.9892,85.0,0.00242,0.3,degraded
15.57,24.65604,24.71887,-0.06283,-3.42281,-4.01155,0.58875,2.9971,2.9776,85.0,0.00396,0.3,degraded
15.58,24.65604,24.71275,-0.0567,-3.42281,-4.00513,0.58232,3.0075,3.0,85.0,0.0,0.3,degraded
15.59,24.65604,24.71286,-0.05681,-3.42281,-3.98753,0.56472,3.0079,3.0,85.0,0.00236,0.3,degraded
15.6,24.65604,24.70725,-0.05121,-3.42281,-3.97515,0.55234,3.0125,3.0,85.0,0.00322,0.3,degraded
15.61,24.65604,24.70739,-0.05135,-3.42281,-3.95781,0.53501,2.9926,3.0,85.0,0.0,0.3,degraded
15.62,24.65604,24.70115,-0.04511,-3.42281,-3.95027,0.52746,3.0073,2.9475,85.0,0.00172,0.3,degraded
15.63,24.65604,24.70048,-0.04443,-3.42281,-3.93212,0.50932,2.9909,3.0,85.0,0.00415,0.3,degraded
15.64,24.65604,24.69488,-0.03884,-3.42281,-3.92147,0.49866,2.9953,2.9958,85.0,0.0,0.3,degraded
15.65,24.65604,24.69566,-0.03961,-3.42281,-3.90494,0.48213,3.0078,2.996,85.0,0.00092,0.3,degraded
15.66,24.65604,24.69199,-0.03595,-3.42281,-3.89547,0.47267,2.9881,3.0,85.0,0.00394,0.3,degraded
15.67,24.65604,24.69516,-0.03911,-3.42281,-3.87996,0.45716,2.9778,3.0,85.0,0.0,0.3,degraded
15.68,24.65604,24.69215,-0.03611,-3.42281,-3.87125,0.44844,3.0048,2.9958,85.0,0.00109,0.3,degraded
15.69,24.65604,24.69291,-0.03687,-3.42281,-3.8543,0.43149,3.0107,2.9942,85.0,0.0047,0.3,degraded
15.7,24.65604,24.68601,-0.02997,-3.42281,-3.84346,0.42066,2.9696,3.0,85.0,0.0,0.3,degraded
15.71,24.65604,24.68451,-0.02846,-3.42281,-3.82334,0.40053,3.0054,3.0,85.0,0.00038,0.3,degraded
15.72,24.65604,24.67568,-0.01964,-3.42281,-3.80777,0.38496,3.025,3.0,85.0,0.00424,0.3,degraded
15.73,24.65604,24.6729,-0.01686,-3.42281,-3.78578,0.36298,3.0009,3.0,85.0,0.00092,0.3,degraded
15.74,24.65604,24.66416,-0.00811,-3.42281,-3.7664,0.3436,3.0014,3.0,85.0,0.0,0.3,degraded
15.75,24.65604,24.6613,-0.00526,-3.42281,-3.73965,0.31684,2.9962,3.0,85.0,0.00472,0.3,degraded
15.76,24.65604,24.65352,0.00252,-3.42281,-3.71729,0.29449,3.0048,3.0,85.0,0.0006,0.3,degraded
15.77,24.65604,24.65297,0.00308,-3.42281,-3.6873,0.26449,2.9712,2.9908,85.0,0.0,0.3,degraded
15.78,24.65604,24.64521,0.01083,-3.42281,-3.66398,0.24117,2.9639,2.9969,85.0,0.00452,0.3,degraded
15.79,24.65604,24.64461,0.01143,-3.42281,-3.63431,0.2115,3.0091,3.0,85.0,0.00119,0.3,degraded
15.8,24.65604,24.63665,0.0194,-3.42281,-3.61113,0.18832,3.0026,3.0,85.0,0.0,0.3,degraded
15.81,24.65604,24.63442,0.02163,-3.42281,-3.58163,0.15882,2.9973,3.0,85.0,0.00402,0.3,degraded
15.82,24.65604,24.6249,0.03115,-3.42281,-3.55777,0.13496,2.9756,2.9978,85.0,0.00187,0.3,degraded
15.83,24.65604,24.62131,0.03473,-3.42281,-3.52816,0.10535,2.987,3.0,85.0,0.0,0.3,degraded
15.84,24.65604,24.61193,0.04411,-3.42281,-3.50559,0.08278,3.0075,2.9889,85.0,0.00322,0.3,degraded
15.85,24.65604,24.6083,0.04775,-3.42281,-3.47766,0.05485,2.9899,3.0,85.0,0.00299,0.3,degraded
15.86,24.65604,24.60103,0.05501,-3.42281,-3.45349,0.03068,2.9986,2.9957,85.0,0.0,0.3,degraded
15.87,24.65604,24.60215,0.05389,-3.42281,-3.42257,-0.00024,3.0138,2.9735,85.0,0.00235,0.3,degraded
15.88,24.65604,24.59606,0.05998,-3.42281,-3.39676,-0.02604,2.9929,2.9869,85.0,0.00296,0.3,degraded
15.89,24.65604,24.59452,0.06153,-3.42281,-3.36712,-0.05568,2.9918,2.9896,85.0,0.0,0.3,degraded
15.9,24.65604,24.58479,0.07126,-3.42281,-3.34682,-0.07599,3.0091,3.0,85.0,0.00265,0.3,degraded
15.91,24.65604,24.58115,0.0749,-3.42281,-3.32085,-0.10196,2.9805,3.0,85.0,0.0039,0.3,degraded
15.92,24.65604,24.57121,0.08484,-3.42281,-3.29731,-0.1255,3.0209,2.9913,85.0,0.0,0.3,degraded
15.93,24.65604,24.56607,0.08998,-3.42281,-3.26781,-0.155,3.0197,2.989,85.0,0.00165,0.3,degraded
15.94,24.65604,24.5566,0.09944,-3.42281,-3.24296,-0.17985,3.0148,2.9948,85.0,0.00338,0.3,degraded
15.95,24.65604,24.55545,0.10059,-3.42281,-3.2133,-0.20951,2.9896,2.9972,85.0,0.0,0.3,degraded
15.96,24.65604,24.54881,0.10723,-3.42281,-3.19202,-0.23079,2.9956,3.0,85.0,0.0018,0.3,degraded
15.97,24.65604,24.54536,0.11068,-3.42281,-3.16412,-0.25869,3.0079,3.0,85.0,0.00435,0.3,degraded
15.98,24.65604,24.53412,0.12192,-3.42281,-3.1426,-0.28021,3.0078,2.9981,85.0,0.0,0.3,degraded
15.99,24.65604,24.52842,0.12763,-3.42281,-3.11447,-0.30834,3.0212,2.9859,85.0,0.0386,0.3,degraded
16.0,45.89935,24.51769,21.38166,-20.22837,-3.13066,-17.09771,3.0178,3.0,85.0,0.3,0.3,degraded
16.01,45.69571,25.49049,20.20522,-20.02658,-4.32116,-15.70542,3.0015,3.0,85.0,0.3,0.3,degraded
16.02,45.48801,27.83206,17.65595,-19.82258,-5.90175,-13.92084,3.0026,2.9734,85.0,0.08814,0.3,degraded
16.03,45.27629,30.02342,15.25287,-19.61641,-7.30107,-12.31534,2.9978,3.0,85.0,0.08388,0.3,degraded
16.04,45.06059,31.94159,13.119,-19.40809,-8.54414,-10.86395,3.0119,3.0,85.0,0.07782,0.3,degraded
16.05,44.84094,33.59487,11.24607,-19.19763,-9.60693,-9.5907,2.9796,2.9939,85.0,0.0771,0.3,degraded
16.06,44.61741,35.01495,9.60246,-18.98507,-10.53293,-8.45213,2.9954,2.9606,85.0,0.06129,0.3,degraded
16.07,44.39003,36.24449,8.14555,-18.77041,-11.37219,-7.39822,3.0108,2.9862,85.0,0.05714,0.3,degraded
16.08,44.15886,37.25354,6.90532,-18.5537,-12.13561,-6.41809,3.0495,3.0,85.0,0.05277,0.3,degraded
16.09,43.92395,38.14839,5.77556,-18.33494,-12.81038,-5.52457,1.4408,3.0,85.0,0.05706,0.3,degraded
16.1,43.68533,38.91606,4.76928,-18.11417,-13.41094,-4.70323,3.0051,2.9899,85.0,0.0198,0.3,degraded
16.11,43.44308,39.57268,3.8704,-17.89141,-13.92021,-3.97121,2.9938,3.0,85.0,0.03259,0.3,degraded
16.12,43.19724,40.01746,3.17978,-17.66669,-14.35391,-3.31278,3.014,3.0,85.0,0.04722,0.3,degraded
16.13,42.94786,40.39296,2.5549,-17.44003,-14.69929,-2.74074,2.9998,2.9992,85.0,0.03001,0.3,degraded
16.14,42.695,40.6995,1.9955,-17.21146,-14.96933,-2.24213,3.0053,2.9893,85.0,0.02662,0.3,degraded
16.15,42.43872,40.95097,1.48775,-16.981,-15.15476,-1.82624,3.0191,3.0,85.0,0.02999,0.3,degraded
16.16,42.17908,41.13511,1.04397,-16.74869,-15.2713,-1.47739,3.0044,3.0,85.0,0.02204,0.3,degraded
16.17,41.91613,41.2658,0.65033,-16.51454,-15.35011,-1.16444,3.0158,3.0,85.0,0.00814,0.3,degraded
16.18,41.64993,41.34573,0.3042,-16.2786,-15.43157,-0.84703,2.9825,3.0,85.0,0.00558,0.3,degraded
16.19,41.38055,41.42095,-0.0404,-16.04088,-15.50855,-0.53233,3.0178,2.9762,85.0,0.01316,0.3,degraded
16.2,41.10805,41.43462,-0.32657,-15.80142,-15.591,-0.21041,3.0023,2.9902,85.0,0.01717,0.3,degraded
16.21,40.83248,41.4006,-0.56812,-15.56024,-15.61814,0.0579,3.0149,2.9885,85.0,0.01101,0.3,degraded
16.22,40.55392,41.3619,-0.80798,-15.31737,-15.61776,0.30039,2.9913,3.0,85.0,0.00458,0.3,degraded
16.23,40.27242,41.31789,-1.04547,-15.07285,-15.6123,0.53945,2.9877,2.9675,85.0,0.01007,0.3,degraded
16.24,39.98806,41.23397,-1.2459,-14.82671,-15.56692,0.74022,2.9893,2.9945,85.0,0.03292,0.3,degraded
16.25,39.7009,41.1103,-1.4094,-14.57897,-15.48267,0.9037,3.0034,3.0,85.0,0.01413,0.3,degraded
16.26,39.411,40.96168,-1.55068,-14.32966,-15.40415,1.07449,3.0034,3.0,85.0,0.00908,0.3,degraded
16.27,39.11844,40.79864,-1.68019,-14.07883,-15.3192,1.24037,3.0269,2.9915,85.0,0.01236,0.3,degraded
16.28,38.82329,40.59634,-1.77305,-13.82649,-15.23013,1.40364,2.9951,3.0,85.0,0.00986,0.3,degraded
16.29,38.5256,40.35503,-1.82943,-13.57269,-15.1113,1.53861,2.9975,3.0,85.0,0.00527,0.3,degraded
16.3,38.22546,40.1463,-1.92084,-13.31745,-14.96915,1.6517,2.9943,3.0,85.0,0.03471,0.3,degraded
16.31,37.92293,39.91831,-1.99537,-13.06081,-14.78939,1.72858,2.9967,3.0,85.0,0.02861,0.3,degraded
16.32,37.61809,39.69026,-2.07217,-12.8028,-14.58059,1.77778,2.9927,2.982,85.0,0.01588,0.3,degraded
16.33,37.31101,39.4691,-2.15809,-12.54346,-14.39876,1.8553,2.3916,2.9971,85.0,0.00239,0.3,degraded
16.34,37.00175,39.20884,-2.20708,-12.28281,-14.1605,1.87769,2.9778,2.9921,85.0,0.03858,0.3,degraded
16.35,36.6904,38.92514,-2.23473,-12.02089,-13.96828,1.94739,2.9921,0.5496,85.0,0.01264,0.3,degraded
16.36,36.37703,38.66749,-2.29045,-11.75774,-13.72496,1.96722,2.0209,3.0,85.0,0.01605,0.3,degraded
16.37,36.06171,38.38808,-2.32637,-11.49339,-13.51917,2.02577,2.9928,3.0,85.0,0.01046,0.3,degraded
16.38,35.74452,38.09682,-2.3523,-11.22788,-13.31355,2.08567,3.0134,2.9814,85.0,0.01114,0.3,degraded
16.39,35.42553,37.80489,-2.37937,-10.96124,-13.10655,2.14532,3.01,3.0,85.0,0.00818,0.3,degraded
16.4,35.10481,37.47478,-2.36997,-10.6935,-12.86214,2.16864,2.9949,3.0,85.0,0.00983,0.3,degraded
16.41,34.78245,37.18887,-2.40642,-10.4247,-12.66459,2.23989,2.9858,2.9865,85.0,0.01543,0.3,degraded
16.42,34.45852,36.89047,-2.43195,-10.15488,-12.374,2.21912,0.2995,2.9677,85.0,0.00274,0.3,degraded
16.43,34.13309,36.52514,-2.39205,-9.88408,-12.14042,2.25635,3.0074,2.985,85.0,0.02168,0.3,degraded
16.44,33.80625,36.21773,-2.41147,-9.61232,-11.94018,2.32786,3.0157,2.3715,85.0,0.03747,0.3,degraded
16.45,33.47807,35.93615,-2.45808,-9.33965,-11.66159,2.32194,2.5507,3.0,85.0,0.02574,0.3,degraded
16.46,33.14863,35.61088,-2.46225,-9.0661,-11.37997,2.31388,2.9861,3.0,85.0,0.01304,0.3,degraded
16.47,32.81801,35.31239,-2.49438,-8.79171,-11.13474,2.34304,1.2709,3.0,85.0,0.00482,0.3,degraded
16.48,32.48628,34.98003,-2.49376,-8.51651,-10.83513,2.31862,2.9878,3.0,85.0,0.01702,0.3,degraded
16.49,32.15352,34.64015,-2.48664,-8.24055,-10.60582,2.36527,2.9901,2.9962,85.0,0.00876,0.3,degraded
16.5,31.81981,34.28375,-2.46394,-7.96386,-10.32983,2.36597,3.0002,3.0,85.0,0.01413,0.3,degraded
16.51,31.48522,33.97951,-2.49429,-7.68648,-10.08605,2.39957,0.1549,3.0,85.0,0.02132,0.3,degraded
16.52,31.14985,33.60286,-2.45302,-7.40844,-9.84699,2.43856,3.0396,2.9861,85.0,0.00979,0.3,degraded
16.53,30.81375,33.29399,-2.48024,-7.12978,-9.5965,2.46672,3.0166,3.0,85.0,0.02006,0.3,degraded
16.54,30.47702,32.97804,-2.50102,-6.85054,-9.31788,2.46734,3.0037,2.9963,85.0,0.01835,0.3,degraded
16.55,30.13973,32.64836,-2.50863,-6.57077,-9.01933,2.44856,3.0236,2.9894,85.0,0.00853,0.3,degraded
16.56,29.80195,32.32771,-2.52575,-6.29048,-8.7722,2.48172,3.0055,3.0,85.0,0.00943,0.3,degraded
16.57,29.46377,31.95378,-2.49,-6.00974,-8.51227,2.50254,2.9852,3.0,85.0,0.00705,0.3,degraded
16.58,29.12527,31.60689,-2.48163,-5.72856,-8.27755,2.54899,3.0007,2.9998,85.0,0.01768,0.3,degraded
16.59,28.78651,31.30164,-2.51512,-5.447,-7.96663,2.51963,3.0017,2.9978,85.0,0.00565,0.3,degraded
16.6,28.44758,30.99486,-2.54727,-5.16508,-7.6936,2.52852,2.9977,3.0,85.0,0.01096,0.3,degraded
16.61,28.10856,30.65708,-2.54852,-4.88285,-7.44886,2.56601,2.9773,3.0,85.0,0.02348,0.3,degraded
16.62,27.76951,30.32676,-2.55724,-4.60035,-7.19518,2.59483,3.0144,3.0,85.0,0.02878,0.3,degraded
16.63,27.43053,30.02139,-2.59087,-4.31761,-6.94122,2.62361,2.9975,3.0,85.0,0.02266,0.3,degraded
16.64,27.09167,29.7155,-2.62383,-4.03467,-6.63972,2.60505,2.9972,3.0,85.0,0.01149,0.3,degraded
16.65,26.75303,29.37145,-2.61843,-3.75157,-6.34702,2.59545,3.002,3.0,85.0,0.03335,0.3,degraded
16.66,26.41466,28.97763,-2.56297,-3.46835,-6.07804,2.60969,2.9768,2.9909,85.0,0.03083,0.3,degraded
16.67,26.07666,28.65202,-2.57537,-3.18505,-5.83216,2.64712,2.9838,2.5715,85.0,0.01739,0.3,degraded
16.68,25.73908,28.27295,-2.53387,-2.9017,-5.53531,2.63361,3.0054,2.9777,85.0,0.00783,0.3,degraded
16.69,25.40201,27.93364,-2.53162,-2.61834,-5.26906,2.65071,2.9964,3.0,85.0,0.03218,0.3,degraded
16.7,25.06552,27.63416,-2.56863,-2.33502,-5.01535,2.68033,2.9947,3.0,85.0,0.01716,0.3,degraded
16.71,24.72969,27.23694,-2.50726,-2.05177,-4.67931,2.62754,2.9895,2.9835,85.0,0.00859,0.3,degraded
16.72,24.39457,26.87868,-2.48411,-1.76862,-4.41672,2.6481,3.0027,3.0,85.0,0.02261,0.3,degraded
16.73,24.06025,26.58267,-2.52243,-1.48562,-4.13663,2.65101,3.0066,0.7005,85.0,0.00786,0.3,degraded
16.74,23.72679,26.23448,-2.5077,-1.20281,-3.88919,2.68638,3.0047,3.0,85.0,0.02143,0.3,degraded
16.75,23.39426,25.88279,-2.48853,-0.92021,-3.57955,2.65934,3.0087,2.9733,85.0,0.00688,0.3,degraded
16.76,23.06274,25.56755,-2.50481,-0.63788,-3.31708,2.6792,0.2739,2.5127,85.0,0.02387,0.3,degraded
16.77,22.7323,25.24211,-2.50982,-0.35584,-3.0403,2.68446,3.0001,3.0,85.0,0.02199,0.3,degraded
16.78,22.40299,24.90558,-2.50259,-0.07414,-2.77886,2.70472,2.9935,0.0251,85.0,0.01291,0.3,degraded
16.79,22.07488,24.58416,-2.50927,0.20719,-2.50155,2.70874,3.0046,1.0683,85.0,0.01309,0.3,degraded
16.8,21.74805,24.27397,-2.52591,0.48811,-2.20031,2.68842,2.9999,3.0,85.0,0.02341,0.3,degraded
16.81,21.42256,23.96254,-2.53998,0.76859,-1.89167,2.66026,3.0103,2.993,85.0,0.01987,0.3,degraded
16.82,21.09847,23.65333,-2.55486,1.04858,-1.59706,2.64564,3.0008,2.9962,85.0,0.0,0.3,degraded
16.83,20.77584,23.32843,-2.55258,1.32805,-1.28081,2.60886,2.9676,2.9897,85.0,0.01433,0.3,degraded
16.84,20.45475,22.95442,-2.49968,1.60696,-0.98643,2.59339,2.9966,2.9966,85.0,0.01173,0.3,degraded
16.85,20.13524,22.58704,-2.4518,1.88528,-0.73683,2.62211,3.0014,3.0,85.0,0.01693,0.3,degraded
16.86,19.81738,22.27514,-2.45777,2.16298,-0.45663,2.61961,2.9875,3.0,85.0,0.00662,0.3,degraded
16.87,19.50122,21.96699,-2.46577,2.44,-0.17203,2.61204,3.0039,2.9956,85.0,0.01157,0.3,degraded
16.88,19.18684,21.65256,-2.46572,2.71633,0.08125,2.63508,2.9931,2.9879,85.0,0.00571,0.3,degraded
16.89,18.87428,21.30824,-2.43396,2.99192,0.36503,2.62689,3.0246,3.0,85.0,0.01746,0.3,degraded
16.9,18.5636,20.9644,-2.4008,3.26673,0.70175,2.56499,2.9804,2.9846,85.0,0.02767,0.3,degraded
16.91,18.25485,20.67676,-2.42191,3.54074,0.96681,2.57393,3.0061,3.0,85.0,0.00748,0.3,degraded
16.92,17.9481,20.30432,-2.35622,3.81391,1.25514,2.55877,2.9772,2.9825,85.0,0.01911,0.3,degraded
16.93,17.64339,19.96791,-2.32452,4.0862,1.53727,2.54893,2.9875,3.0,85.0,0.01752,0.3,degraded
16.94,17.34077,19.68477,-2.344,4.35758,1.85957,2.498,2.9842,2.9644,85.0,0.02961,0.3,degraded
16.95,17.0403,19.35423,-2.31393,4.62801,2.11072,2.51729,2.9887,2.9905,85.0,0.02142,0.3,degraded
16.96,16.74202,19.06709,-2.32507,4.89747,2.38039,2.51707,2.82,2.9993,85.0,0.01082,0.3,degraded
16.97,16.44599,18.78997,-2.34398,5.16591,2.67017,2.49574,3.0243,2.9716,85.0,0.01393,0.3,degraded
16.98,16.15224,18.50419,-2.35195,5.43331,2.91616,2.51714,1.5848,3.0,85.0,0.00173,0.3,degraded
16.99,15.86083,18.20684,-2.34601,5.69962,3.16769,2.53193,3.0197,2.9706,85.0,0.01892,0.3,degraded
17.0,15.5718,17.91035,-2.33855,5.96483,3.44473,2.5201,2.9983,3.0,85.0,0.00041,0.3,degraded
17.01,15.28519,17.61085,-2.32567,6.22889,3.74046,2.48844,2.9948,3.0,85.0,0.01372,0.3,degraded
17.02,15.00104,17.30996,-2.30892,6.49178,3.96845,2.52334,3.0075,3.0,85.0,0.03033,0.3,degraded
17.03,14.7194,17.00076,-2.28136,6.75346,4.26762,2.48585,2.9533,3.0,85.0,0.01936,0.3,degraded
17.04,14.4403,16.68956,-2.24926,7.01391,4.49829,2.51561,3.0035,3.0,85.0,0.01929,0.3,degraded
17.05,14.16378,16.37075,-2.20697,7.27308,4.77698,2.4961,2.9898,2.9919,85.0,0.03264,0.3,degraded
17.06,13.88988,16.03437,-2.1445,7.53095,5.04004,2.49091,2.9924,3.0,85.0,0.01524,0.3,degraded
17.07,13.61863,15.76358,-2.14495,7.7875,5.30503,2.48247,2.9798,2.9921,85.0,0.02399,0.3,degraded
17.08,13.35007,15.50441,-2.15434,8.04268,5.59379,2.4489,3.0103,3.0,85.0,0.02038,0.3,degraded
17.09,13.08422,15.21495,-2.13073,8.29648,5.83499,2.46149,2.9845,3.0,85.0,0.01768,0.3,degraded
17.1,12.82112,14.94637,-2.12525,8.54886,6.14224,2.40662,3.0066,3.0,85.0,0.00192,0.3,degraded
17.11,12.5608,14.70005,-2.13925,8.79979,6.3767,2.42309,2.9857,2.9814,85.0,0.02224,0.3,degraded
17.12,12.30328,14.41635,-2.11307,9.04925,6.65621,2.39304,3.0028,3.0,85.0,0.01493,0.3,degraded
17.13,12.0486,14.15597,-2.10737,9.2972,6.87563,2.42157,2.9837,2.3078,85.0,0.02046,0.3,degraded
17.14,11.79677,13.86425,-2.06748,9.54363,7.12621,2.41742,2.9849,3.0,85.0,0.01737,0.3,degraded
17.15,11.54782,13.57622,-2.0284,9.78849,7.37468,2.41381,3.0254,0.2529,85.0,0.00581,0.3,degraded
17.16,11.30177,13.29612,-1.99435,10.03178,7.69102,2.34075,3.0058,2.9986,85.0,0.01848,0.3,degraded
17.17,11.05864,12.97271,-1.91407,10.27345,7.93114,2.34231,3.0024,3.0,85.0,0.01875,0.3,degraded
17.18,10.81846,12.70475,-1.88629,10.51349,8.20147,2.31202,3.0064,2.9987,85.0,0.01177,0.3,degraded
17.19,10.58123,12.48892,-1.90769,10.75187,8.42223,2.32964,2.9901,3.0,85.0,0.01088,0.3,degraded
17.2,10.34697,12.17253,-1.82555,10.98856,8.647,2.34156,2.9853,0.9938,85.0,0.00824,0.3,degraded
17.21,10.11571,11.90967,-1.79396,11.22354,8.91516,2.30839,3.0196,2.9756,85.0,0.0136,0.3,degraded
17.22,9.88744,11.69643,-1.80899,11.45679,9.17344,2.28336,2.9991,2.9972,85.0,0.00246,0.3,degraded
17.23,9.66219,11.47692,-1.81473,11.68829,9.43393,2.25436,3.0015,2.9984,85.0,0.0153,0.3,degraded
17.24,9.43996,11.25638,-1.81643,11.918,9.65702,2.26098,1.9975,2.9863,85.0,0.02695,0.3,degraded
17.25,9.22075,11.03132,-1.81057,12.14591,9.91849,2.22742,0.178,2.9752,85.0,0.01315,0.3,degraded
17.26,9.00459,10.77222,-1.76763,12.372,10.17473,2.19727,2.9962,3.0,85.0,0.01046,0.3,degraded
17.27,8.79147,10.56215,-1.77068,12.59624,10.37954,2.2167,3.0226,1.9477,85.0,0.00631,0.3,degraded
17.28,8.58139,10.32396,-1.74257,12.81861,10.59578,2.22283,2.9826,2.9985,85.0,0.00313,0.3,degraded
17.29,8.37436,10.11642,-1.74205,13.0391,10.82391,2.21519,3.0111,2.9985,85.0,0.00846,0.3,degraded
17.3,8.17038,9.85682,-1.68644,13.25768,11.03743,2.22025,2.9749,3.0,85.0,0.02549,0.3,degraded
17.31,7.96945,9.64208,-1.67263,13.47434,11.25478,2.21956,2.9964,3.0,85.0,0.02358,0.3,degraded
17.32,7.77156,9.38231,-1.61074,13.68904,11.52595,2.1631,3.0038,3.0,85.0,0.02406,0.3,degraded
17.33,7.57672,9.19039,-1.61367,13.90179,11.7517,2.15009,3.0049,3.0,85.0,0.00775,0.3,degraded
17.34,7.38491,8.94722,-1.56231,14.11255,11.9989,2.11365,2.997,2.9861,85.0,0.03164,0.3,degraded
17.35,7.19613,8.7491,-1.55297,14.32131,12.2124,2.10891,3.0024,3.0,85.0,0.02247,0.3,degraded
17.36,7.01037,8.50345,-1.49308,14.52806,12.42677,2.10129,2.9968,2.9681,85.0,0.03192,0.3,degraded
17.37,6.82762,8.32583,-1.49822,14.73277,12.65159,2.08119,2.9881,1.289,85.0,0.03619,0.3,degraded
17.38,6.64787,8.13458,-1.48671,14.93544,12.86751,2.06793,3.0015,3.0,85.0,0.00619,0.3,degraded
17.39,6.4711,7.9201,-1.44899,15.13604,13.13441,2.00163,2.9962,3.0,85.0,0.01413,0.3,degraded
17.4,6.29731,7.73881,-1.4415,15.33456,13.32897,2.0056,2.9853,2.9963,85.0,0.01906,0.3,degraded
17.41,6.12648,7.57425,-1.44778,15.53099,13.54283,1.98816,0.6552,2.9745,85.0,0.01089,0.3,degraded
17.42,5.95858,7.33595,-1.37737,15.72532,13.80477,1.92055,2.991,2.9877,85.0,0.03208,0.3,degraded
17.43,5.7936,7.16644,-1.37284,15.91752,13.99214,1.92538,3.0086,3.0,85.0,0.01399,0.3,degraded
17.44,5.63153,6.9971,-1.36557,16.10759,14.22685,1.88074,0.415,2.9778,85.0,0.02899,0.3,degraded
17.45,5.47233,6.78627,-1.31394,16.29551,14.40561,1.8899,2.9802,0.8418,85.0,0.02494,0.3,degraded
17.46,5.31598,6.60474,-1.28875,16.48128,14.62991,1.85137,3.0302,3.0,85.0,0.01485,0.3,degraded
17.47,5.16247,6.4569,-1.29443,16.66488,14.81758,1.8473,2.9916,3.0,85.0,0.00987,0.3,degraded
17.48,5.01176,6.26156,-1.24979,16.84631,14.98271,1.8636,3.0136,2.9953,85.0,0.01937,0.3,degraded
17.49,4.86383,6.05507,-1.19124,17.02554,15.18755,1.83799,3.0191,2.9923,85.0,0.02266,0.3,degraded
17.5,4.71865,5.90072,-1.18206,17.20258,15.39265,1.80993,2.9868,3.0,85.0,0.0,0.3,degraded
17.51,4.57619,5.72448,-1.14829,17.37741,15.59843,1.77898,3.0035,2.9888,85.0,0.01222,0.3,degraded
17.52,4.43642,5.56495,-1.12853,17.55003,15.76516,1.78487,2.9883,2.9929,85.0,0.01084,0.3,degraded
17.53,4.29931,5.41348,-1.11418,17.72043,15.96659,1.75384,2.9947,2.9881,85.0,0.01522,0.3,degraded
17.54,4.16481,5.25866,-1.09384,17.8886,16.1628,1.7258,2.9899,2.9891,85.0,0.01796,0.3,degraded
17.55,4.03291,5.10002,-1.06712,18.05453,16.34845,1.70608,2.998,3.0,85.0,0.03405,0.3,degraded
17.56,3.90355,4.92573,-1.02218,18.21822,16.52306,1.69515,2.9839,3.0,85.0,0.00517,0.3,degraded
17.57,3.77671,4.81401,-1.0373,18.37966,16.75332,1.62633,2.0206,2.978,85.0,0.01864,0.3,degraded
17.58,3.65234,4.70135,-1.04901,18.53885,16.89671,1.64214,2.116,3.0,85.0,0.02968,0.3,degraded
17.59,3.53041,4.57927,-1.04887,18.69578,17.05055,1.64523,3.0033,2.9791,85.0,0.01659,0.3,degraded
17.6,3.41087,4.45257,-1.0417,18.85045,17.21103,1.63942,2.9938,2.987,85.0,0.01554,0.3,degraded
17.61,3.29368,4.31533,-1.02165,19.00285,17.40783,1.59503,3.0215,3.0,85.0,0.00455,0.3,degraded
17.62,3.1788,4.20259,-1.02379,19.15299,17.60012,1.55287,3.0035,2.9979,85.0,0.02132,0.3,degraded
17.63,3.06618,4.08175,-1.01557,19.30086,17.74777,1.55309,3.001,2.9939,85.0,0.03506,0.3,degraded
17.64,2.95578,3.97249,-1.01671,19.44646,17.90312,1.54334,1.1738,2.1819,85.0,0.02365,0.3,degraded
17.65,2.84755,3.82621,-0.97866,19.58978,18.08617,1.50362,3.0158,3.0,85.0,0.00814,0.3,degraded
17.66,2.74145,3.72363,-0.98218,19.73084,18.22751,1.50333,3.0,2.9831,85.0,0.00936,0.3,degraded
17.67,2.63742,3.57652,-0.9391,19.86962,18.41813,1.45149,2.9887,2.9978,85.0,0.01518,0.3,degraded
17.68,2.53541,3.40902,-0.87361,20.00612,18.55807,1.44805,3.0038,3.0,85.0,0.02144,0.3,degraded
17.69,2.43538,3.30972,-0.87434,20.14036,18.71235,1.42801,2.9908,2.9903,85.0,0.00683,0.3,degraded
17.7,2.33727,3.22711,-0.88984,20.27232,18.92104,1.35128,2.9871,3.0,85.0,0.0202,0.3,degraded
17.71,2.24103,3.1503,-0.90927,20.40202,19.05707,1.34495,3.0172,3.0,85.0,0.00769,0.3,degraded
17.72,2.1466,3.06244,-0.91584,20.52945,19.15159,1.37785,2.9992,3.0,85.0,0.0,0.3,degraded
17.73,2.05394,2.98017,-0.92623,20.65461,19.25436,1.40025,3.0013,2.9833,85.0,0.00798,0.3,degraded
17.74,1.96298,2.87913,-0.91615,20.77752,19.42135,1.35617,2.9658,2.9946,85.0,0.00126,0.3,degraded
17.75,1.87368,2.7956,-0.92192,20.89817,19.53007,1.3681,2.9883,2.9951,85.0,0.00257,0.3,degraded
17.76,1.78597,2.69241,-0.90644,21.01657,19.67336,1.34322,3.0076,2.9869,85.0,0.01545,0.3,degraded
17.77,1.69979,2.55234,-0.85255,21.13273,19.8056,1.32713,3.0214,3.0,85.0,0.0063,0.3,degraded
17.78,1.61509,2.43677,-0.82168,21.24664,19.9251,1.32154,3.0157,3.0,85.0,0.01036,0.3,degraded
17.79,1.53181,2.35141,-0.8196,21.35833,20.02952,1.32881,2.9826,3.0,85.0,0.00631,0.3,degraded
17.8,1.44989,2.25994,-0.81005,21.46778,20.1255,1.34228,3.0161,2.9855,85.0,0.01162,0.3,degraded
17.81,1.36926,2.17692,-0.80766,21.57501,20.28363,1.29138,3.0165,2.9828,85.0,0.01505,0.3,degraded
17.82,1.28988,2.09034,-0.80046,21.68003,20.42646,1.25357,2.9825,2.9989,85.0,0.01357,0.3,degraded
17.83,1.21167,2.01143,-0.79976,21.78285,20.52706,1.25579,3.0113,3.0,85.0,0.00389,0.3,degraded
17.84,1.13457,1.92696,-0.79239,21.88347,20.62013,1.26334,3.0036,3.0,85.0,0.0,0.3,degraded
17.85,1.05852,1.84983,-0.79131,21.9819,20.7201,1.2618,3.0074,2.9737,85.0,0.00297,0.3,degraded
17.86,0.98346,1.76693,-0.78346,22.07816,20.81417,1.26399,2.9812,2.9939,85.0,0.01167,0.3,degraded
17.87,0.90933,1.68828,-0.77895,22.17225,20.96921,1.20303,2.9925,2.9941,85.0,0.0,0.3,degraded
17.88,0.83605,1.60401,-0.76795,22.26417,21.11265,1.15152,3.0094,2.993,85.0,0.01344,0.3,degraded
17.89,0.76357,1.52975,-0.76618,22.35396,21.20495,1.14901,2.9961,2.9998,85.0,0.00542,0.3,degraded
17.9,0.69182,1.44871,-0.75688,22.4416,21.29014,1.15146,2.9998,3.0,85.0,0.0,0.3,degraded
17.91,0.62074,1.37284,-0.7521,22.52713,21.38543,1.14169,2.9982,2.9897,85.0,0.00269,0.3,degraded
17.92,0.55025,1.28669,-0.73644,22.61054,21.47367,1.13687,2.9878,3.0,85.0,0.00385,0.3,degraded
17.93,0.4803,1.2047,-0.72439,22.69185,21.56719,1.12467,2.9953,3.0,85.0,0.0,0.3,degraded
17.94,0.41082,1.11637,-0.70555,22.77108,21.65394,1.11715,3.0057,3.0,85.0,0.00201,0.3,degraded
17.95,0.34173,1.03451,-0.69277,22.84824,21.74773,1.10051,2.997,2.9894,85.0,0.00398,0.3,degraded
17.96,0.27299,0.94649,-0.67351,22.92333,21.83529,1.08804,2.9886,2.9828,85.0,0.0,0.3,degraded
17.97,0.20451,0.86485,-0.66035,22.99638,21.93019,1.06619,2.9854,3.0,85.0,0.00118,0.3,degraded
17.98,0.13623,0.7759,-0.63968,23.06741,22.01925,1.04816,3.0174,2.9783,85.0,0.00405,0.3,degraded
17.99,0.06808,0.69429,-0.62621,23.13641,22.11514,1.02128,3.0005,2.995,85.0,0.0,0.3,degraded
18.0,0.0,0.60654,-0.60654,23.20342,22.20722,0.9962,3.0127,3.0,85.0,0.00078,0.3,degraded
18.01,-0.06808,0.52912,-0.5972,23.26844,22.30584,0.9626,2.9997,3.0,85.0,0.00399,0.3,degraded
18.02,-0.13623,0.44354,-0.57977,23.3315,22.39834,0.93316,2.9768,2.9936,85.0,0.0,0.3,degraded
18.03,-0.20451,0.36446,-0.56897,23.39261,22.49981,0.89279,2.9835,3.0,85.0,5e-05,0.3,degraded
18.04,-0.27299,0.28215,-0.55514,23.45178,22.59443,0.85735,2.9991,2.9935,85.0,0.00499,0.3,degraded
18.05,-0.34173,0.20684,-0.54857,23.50903,22.69718,0.81185,2.9997,3.0,85.0,6e-05,0.3,degraded
18.06,-0.41082,0.12468,-0.5355,23.56439,22.79204,0.77234,2.9993,2.9893,85.0,0.0,0.3,degraded
18.07,-0.4803,0.04823,-0.52853,23.61786,22.89233,0.72554,2.9899,2.9781,85.0,0.00461,0.3,degraded
18.08,-0.55025,-0.03567,-0.51458,23.66947,22.98726,0.68221,3.0017,3.0,85.0,0.0,0.3,degraded
18.09,-0.62074,-0.11624,-0.5045,23.71924,23.08974,0.6295,3.0323,2.998,85.0,0.0,0.3,degraded
18.1,-0.69182,-0.20247,-0.48936,23.76718,23.18673,0.58045,3.0149,3.0,85.0,0.00371,0.3,degraded
18.11,-0.76357,-0.28433,-0.47924,23.81331,23.28824,0.52507,2.9902,3.0,85.0,0.0012,0.3,degraded
18.12,-0.83605,-0.37292,-0.46314,23.85766,23.38265,0.47501,2.9799,2.9958,85.0,0.0,0.3,degraded
18.13,-0.90933,-0.45453,-0.4548,23.90024,23.48162,0.41862,3.0161,3.0,85.0,0.00434,0.3,degraded
18.14,-0.98346,-0.54245,-0.44102,23.94108,23.57375,0.36733,3.001,3.0,85.0,0.00182,0.3,degraded
18.15,-1.05852,-0.62452,-0.434,23.98018,23.67038,0.3098,3.0127,3.0,85.0,0.0,0.3,degraded
18.16,-1.13457,-0.70895,-0.42562,24.01758,23.75956,0.25802,2.9803,2.9992,85.0,0.00324,0.3,degraded
18.17,-1.21167,-0.78813,-0.42354,24.0533,23.85494,0.19835,2.9965,2.9893,85.0,0.00215,0.3,degraded
18.18,-1.28988,-0.87194,-0.41794,24.08735,23.94368,0.14367,3.0043,3.0,85.0,0.0,0.3,degraded
18.19,-1.36926,-0.95051,-0.41875,24.11975,24.03773,0.08203,3.0124,3.0,85.0,0.00379,0.3,degraded
18.2,-1.44989,-1.0374,-0.41248,24.15054,24.12412,0.02642,2.9802,3.0,85.0,0.00249,0.3,degraded
18.21,-1.53181,-1.11707,-0.41474,24.17973,24.21366,-0.03394,2.9954,3.0,85.0,0.0,0.3,degraded
18.22,-1.61509,-1.20453,-0.41056,24.20733,24.29756,-0.09023,2.9935,3.0,85.0,0.00243,0.3,degraded
18.23,-1.69979,-1.28491,-0.41488,24.23339,24.38785,-0.15446,2.9851,3.0,85.0,0.00692,0.3,degraded
18.24,-1.78597,-1.3705,-0.41546,24.25791,24.46247,-0.20457,3.0046,3.0,85.0,0.00121,0.3,degraded
18.25,-1.87368,-1.44854,-0.42514,24.28092,24.52236,-0.24144,3.0035,3.0,85.0,0.00235,0.3,degraded
18.26,-1.96298,-1.53556,-0.42742,24.30244,24.57435,-0.27191,3.0143,2.9968,85.0,0.00403,0.3,degraded
18.27,-2.05394,-1.61855,-0.43539,24.32249,24.63308,-0.31058,2.9922,2.98,85.0,0.0,0.3,degraded
18.28,-2.1466,-1.70898,-0.43763,24.34111,24.68386,-0.34275,3.006,2.982,85.0,0.0026,0.3,degraded
18.29,-2.24103,-1.79289,-0.44814,24.35831,24.72858,-0.37027,3.0082,3.0,85.0,0.00549,0.3,degraded
18.3,-2.33727,-1.88436,-0.45291,24.37411,24.76645,-0.39234,3.0028,3.0,85.0,0.00052,0.3,degraded
18.31,-2.43538,-1.9584,-0.47698,24.38854,24.80299,-0.41445,2.9973,2.9683,85.0,0.00319,0.3,degraded
18.32,-2.53541,-2.03669,-0.49873,24.40162,24.8311,-0.42948,3.0026,3.0,85.0,0.00643,0.3,degraded
18.33,-2.63742,-2.10678,-0.53064,24.41338,24.84422,-0.43084,3.0101,2.9648,85.0,0.00126,0.3,degraded
18.34,-2.74145,-2.18284,-0.55861,24.42384,24.84793,-0.42409,3.0067,2.9888,85.0,0.00055,0.3,degraded
18.35,-2.84755,-2.25328,-0.59427,24.43302,24.85928,-0.42626,2.999,2.9937,85.0,0.00446,0.3,degraded
18.36,-2.95578,-2.32934,-0.62644,24.44095,24.86414,-0.42319,2.9741,3.0,85.0,0.0,0.3,degraded
18.37,-3.06618,-2.39996,-0.66622,24.44765,24.8724,-0.42475,2.9709,3.0,85.0,0.0,0.3,degraded
18.38,-3.1788,-2.47558,-0.70322,24.45314,24.87413,-0.42099,2.9872,3.0,85.0,0.00487,0.3,degraded
18.39,-3.29368,-2.54574,-0.74794,24.45746,24.88461,-0.42715,2.9816,2.9995,85.0,0.00023,0.3,degraded
18.4,-3.41087,-2.62248,-0.78839,24.46063,24.89201,-0.43139,3.0007,2.9894,85.0,0.00095,0.3,degraded
18.41,-3.53041,-2.69389,-0.83652,24.46266,24.9039,-0.44124,2.7331,3.0,85.0,0.00585,0.3,degraded
18.42,-3.65234,-2.78349,-0.86885,24.46358,24.90926,-0.44568,2.9943,3.0,85.0,0.00113,0.3,degraded
18.43,-3.77671,-2.86771,-0.90899,24.46343,24.91426,-0.45083,2.9976,3.0,85.0,0.00599,0.3,degraded
18.44,-3.90355,-3.00273,-0.90082,24.46221,24.90998,-0.44777,2.9922,3.0,85.0,0.00435,0.3,degraded
18.45,-4.03291,-3.11723,-0.91567,24.45996,24.9116,-0.45163,3.021,2.9859,85.0,0.00172,0.3,degraded
18.46,-4.16481,-3.27712,-0.88769,24.45671,24.90494,-0.44823,3.0,2.9895,85.0,0.00678,0.3,degraded
18.47,-4.29931,-3.38992,-0.90939,24.45247,24.90479,-0.45232,1.2674,3.0,85.0,0.00613,0.3,degraded
18.48,-4.43642,-3.53331,-0.90311,24.44727,24.89821,-0.45094,2.993,2.9984,85.0,0.00372,0.3,degraded
18.49,-4.57619,-3.67351,-0.90268,24.44114,24.88669,-0.44556,3.024,2.9804,85.0,0.00087,0.3,degraded
18.5,-4.71865,-3.82299,-0.89566,24.43409,24.86259,-0.4285,3.0013,2.9994,85.0,0.00413,0.3,degraded
18.51,-4.86383,-3.9438,-0.92004,24.42616,24.84558,-0.41942,2.978,2.9843,85.0,0.00253,0.3,degraded
18.52,-5.01176,-4.09561,-0.91616,24.41736,24.82564,-0.40828,3.0016,2.983,85.0,0.00082,0.3,degraded
18.53,-5.16247,-4.2117,-0.95077,24.40773,24.8132,-0.40547,2.9933,2.9828,85.0,0.0044,0.3,degraded
18.54,-5.31598,-4.34539,-0.9706,24.39728,24.79639,-0.39911,3.0124,2.9885,85.0,0.01811,0.3,degraded
18.55,-5.47233,-4.48847,-0.98385,24.38605,24.78412,-0.39807,3.0212,2.9999,85.0,0.02774,0.3,degraded
18.56,-5.63153,-4.62883,-1.00269,24.37405,24.76191,-0.38786,3.0155,2.9864,85.0,0.00576,0.3,degraded
18.57,-5.7936,-4.82195,-0.97166,24.3613,24.74549,-0.38419,2.9921,2.9914,85.0,0.01554,0.3,degraded
18.58,-5.95858,-4.96091,-0.99767,24.34784,24.72234,-0.3745,3.0272,3.0,85.0,0.02084,0.3,degraded
18.59,-6.12648,-5.06714,-1.05934,24.33368,24.70343,-0.36975,3.0002,2.9884,85.0,0.01451,0.3,degraded
18.6,-6.29731,-5.24863,-1.04868,24.31885,24.67625,-0.35739,2.9997,2.9991,85.0,0.00753,0.3,degraded
18.61,-6.4711,-5.37676,-1.09434,24.30338,24.65299,-0.34962,2.2101,2.983,85.0,0.00118,0.3,degraded
18.62,-6.64787,-5.50642,-1.14145,24.28728,24.62501,-0.33774,3.0144,3.0,85.0,0.00196,0.3,degraded
18.63,-6.82762,-5.65764,-1.16998,24.27058,24.60296,-0.33238,3.0055,3.0,85.0,0.00419,0.3,degraded
18.64,-7.01037,-5.79627,-1.2141,24.25329,24.57602,-0.32273,2.9962,2.9892,85.0,0.00447,0.3,degraded
18.65,-7.19613,-6.01196,-1.18416,24.23546,24.55702,-0.32156,2.9927,2.9942,85.0,0.00243,0.3,degraded
18.66,-7.38491,-6.18788,-1.19703,24.21709,24.53205,-0.31496,2.9975,2.9919,85.0,0.02506,0.3,degraded
18.67,-7.57672,-6.35289,-1.22383,24.19821,24.51404,-0.31583,3.0028,2.9979,85.0,0.02038,0.3,degraded
18.68,-7.77156,-6.56958,-1.20199,24.17884,24.48797,-0.30913,3.0096,2.9909,85.0,0.01247,0.3,degraded
18.69,-7.96945,-6.7191,-1.25035,24.15901,24.46867,-0.30966,3.0354,2.9928,85.0,0.00583,0.3,degraded
18.7,-8.17038,-6.88081,-1.28957,24.13873,24.4463,-0.30758,3.0048,2.9982,85.0,0.01205,0.3,degraded
18.71,-8.37436,-7.07028,-1.30408,24.11802,24.42955,-0.31153,2.9897,3.0,85.0,0.00123,0.3,degraded
18.72,-8.58139,-7.29244,-1.28895,24.09692,24.40505,-0.30813,2.9785,2.9942,85.0,0.01499,0.3,degraded
18.73,-8.79147,-7.44639,-1.34507,24.07543,24.38601,-0.31058,2.999,3.0,85.0,0.00304,0.3,degraded
18.74,-9.00459,-7.62145,-1.38314,24.05359,24.36061,-0.30702,2.9958,2.9861,85.0,0.00015,0.3,degraded
18.75,-9.22075,-7.78411,-1.43664,24.03141,24.34257,-0.31116,3.0071,3.0,85.0,0.00525,0.3,degraded
18.76,-9.43996,-7.98218,-1.45777,24.0089,24.31828,-0.30937,2.9724,2.9811,85.0,0.00342,0.3,degraded
18.77,-9.66219,-8.16908,-1.49311,23.9861,24.30227,-0.31617,2.9956,2.973,85.0,0.00147,0.3,degraded
18.78,-9.88744,-8.356,-1.53144,23.96302,24.27889,-0.31586,2.9971,3.0,85.0,0.00417,0.3,degraded
18.79,-10.11571,-8.53411,-1.5816,23.93969,24.2585,-0.31881,2.9891,2.9764,85.0,0.00985,0.3,degraded
18.8,-10.34697,-8.81006,-1.53691,23.91611,24.23045,-0.31434,2.9701,2.9861,85.0,0.00162,0.3,degraded
18.81,-10.58123,-9.04867,-1.53256,23.89231,24.2094,-0.31709,3.0108,2.9967,85.0,0.00625,0.3,degraded
18.82,-10.81846,-9.25226,-1.56619,23.86831,24.18084,-0.31253,3.0097,2.9995,85.0,0.00425,0.3,degraded
18.83,-11.05864,-9.46408,-1.59456,23.84413,24.1591,-0.31497,3.009,2.9882,85.0,0.00345,0.3,degraded
18.84,-11.30177,-9.66613,-1.63564,23.81978,24.13087,-0.31109,2.9995,3.0,85.0,0.01535,0.3,degraded
18.85,-11.54782,-9.86542,-1.6824,23.79528,24.10603,-0.31074,2.9969,3.0,85.0,0.007,0.3,degraded
18.86,-11.79677,-10.08621,-1.71056,23.77066,24.07261,-0.30195,0.3463,3.0,85.0,0.0014,0.3,degraded
18.87,-12.0486,-10.3741,-1.6745,23.74592,24.04414,-0.29822,2.9929,2.9942,85.0,0.01509,0.3,degraded
18.88,-12.30328,-10.60895,-1.69433,23.72109,24.01062,-0.28954,2.9862,2.9878,85.0,0.00878,0.3,degraded
18.89,-12.5608,-10.81913,-1.74167,23.69617,23.98469,-0.28852,2.9969,2.9979,85.0,0.00674,0.3,degraded
18.9,-12.82112,-11.09628,-1.72484,23.6712,23.95077,-0.27957,2.983,3.0,85.0,0.00505,0.3,degraded
18.91,-13.08422,-11.34851,-1.73571,23.64617,23.92479,-0.27861,2.9963,3.0,85.0,0.01332,0.3,degraded
18.92,-13.35007,-11.57639,-1.77367,23.62112,23.89764,-0.27652,2.9929,2.9865,85.0,0.02065,0.3,degraded
18.93,-13.61863,-11.83012,-1.78851,23.59605,23.87847,-0.28243,2.9937,3.0,85.0,0.00212,0.3,degraded
18.94,-13.88988,-12.0751,-1.81478,23.57097,23.85297,-0.282,3.0202,3.0,85.0,0.00924,0.3,degraded
18.95,-14.16378,-12.30714,-1.85664,23.54591,23.83488,-0.28897,2.9933,2.9747,85.0,0.0,0.3,degraded
18.96,-14.4403,-12.53624,-1.90405,23.52088,23.81251,-0.29163,2.9867,2.9861,85.0,0.00724,0.3,degraded
18.97,-14.7194,-12.84329,-1.87611,23.49588,23.79328,-0.2974,2.9855,2.995,85.0,0.00563,0.3,degraded
18.98,-15.00104,-13.09591,-1.90513,23.47094,23.7697,-0.29876,2.9889,2.9986,85.0,0.00079,0.3,degraded
18.99,-15.28519,-13.36231,-1.92288,23.44606,23.75201,-0.30594,3.0071,2.9794,85.0,0.01187,0.3,degraded
19.0,-15.5718,-13.61941,-1.95239,23.42127,23.72875,-0.30748,2.9963,2.9786,85.0,0.00491,0.3,degraded
19.01,-15.86083,-13.91168,-1.94915,23.39656,23.71285,-0.31629,2.9991,2.9872,85.0,0.00243,0.3,degraded
19.02,-16.15224,-14.16722,-1.98502,23.37196,23.68948,-0.31752,2.98,3.0,85.0,0.00326,0.3,degraded
19.03,-16.44599,-14.42999,-2.016,23.34747,23.67037,-0.32291,2.9973,3.0,85.0,0.00887,0.3,degraded
19.04,-16.74202,-14.70237,-2.03965,23.3231,23.64496,-0.32186,3.0012,2.9988,85.0,0.0,0.3,degraded
19.05,-17.0403,-14.94827,-2.09203,23.29887,23.62685,-0.32799,2.9818,2.9687,85.0,0.00149,0.3,degraded
19.06,-17.34077,-15.22277,-2.118,23.27478,23.60773,-0.33294,3.0098,2.9995,85.0,0.00605,0.3,degraded
19.07,-17.64339,-15.48259,-2.1608,23.25085,23.59499,-0.34414,0.3175,2.993,85.0,0.01276,0.3,degraded
19.08,-17.9481,-15.83616,-2.11194,23.22708,23.56947,-0.34239,2.988,3.0,85.0,0.01163,0.3,degraded
19.09,-18.25485,-16.12226,-2.1326,23.20349,23.55068,-0.3472,2.9969,3.0,85.0,0.00645,0.3,degraded
19.1,-18.5636,-16.40621,-2.15738,23.18007,23.52814,-0.34807,3.0057,3.0,85.0,0.00374,0.3,degraded
19.11,-18.87428,-16.71529,-2.15899,23.15685,23.50849,-0.35165,2.9946,3.0,85.0,0.00117,0.3,degraded
19.12,-19.18684,-17.01249,-2.17435,23.13381,23.47974,-0.34593,2.9773,3.0,85.0,0.00598,0.3,degraded
19.13,-19.50122,-17.34353,-2.15769,23.11099,23.45659,-0.34561,3.0198,3.0,85.0,0.01334,0.3,degraded
19.14,-19.81738,-17.62175,-2.19562,23.08837,23.42843,-0.34006,2.9806,2.9652,85.0,0.00094,0.3,degraded
19.15,-20.13524,-17.96094,-2.17429,23.06597,23.40649,-0.34052,3.0081,2.9933,85.0,0.00529,0.3,degraded
19.16,-20.45475,-18.26021,-2.19454,23.04379,23.37655,-0.33276,2.9869,2.9759,85.0,0.00274,0.3,degraded
19.17,-20.77584,-18.53943,-2.23642,23.02183,23.35334,-0.33151,2.9868,2.9994,85.0,0.0,0.3,degraded
19.18,-21.09847,-18.84442,-2.25405,23.00011,23.32393,-0.32382,2.9775,2.9968,85.0,0.01075,0.3,degraded
19.19,-21.42256,-19.11574,-2.30682,22.97862,23.29915,-0.32053,2.9993,2.978,85.0,0.0039,0.3,degraded
19.2,-21.74805,-19.43643,-2.31162,22.95738,23.27138,-0.314,3.014,3.0,85.0,0.01503,0.3,degraded
19.21,-22.07488,-19.72213,-2.35275,22.93637,23.24843,-0.31206,3.0064,3.0,85.0,0.01887,0.3,degraded
19.22,-22.40299,-20.0505,-2.35248,22.91562,23.2184,-0.30278,2.9724,2.9912,85.0,0.00904,0.3,degraded
19.23,-22.7323,-20.35764,-2.37466,22.89511,23.19685,-0.30174,2.9894,2.9829,85.0,0.01534,0.3,degraded
19.24,-23.06274,-20.65,-2.41275,22.87485,23.16905,-0.29419,2.984,3.0,85.0,0.02198,0.3,degraded
19.25,-23.39426,-20.95372,-2.44055,22.85485,23.14717,-0.29232,3.027,2.9901,85.0,0.01059,0.3,degraded
19.26,-23.72679,-21.32327,-2.40351,22.83509,23.11744,-0.28235,2.9671,2.9932,85.0,0.0,0.3,degraded
19.27,-24.06025,-21.63752,-2.42273,22.8156,23.09556,-0.27996,3.0158,2.993,85.0,0.02183,0.3,degraded
19.28,-24.39457,-21.98476,-2.40981,22.79635,23.06891,-0.27256,3.0096,2.992,85.0,0.0242,0.3,degraded
19.29,-24.72969,-22.33744,-2.39225,22.77737,23.04802,-0.27065,2.9858,2.9986,85.0,0.01105,0.3,degraded
19.3,-25.06552,-22.63881,-2.42672,22.75863,23.02015,-0.26152,2.9783,3.0,85.0,0.01344,0.3,degraded
19.31,-25.40201,-23.00148,-2.40053,22.74015,22.99707,-0.25692,2.9845,3.0,85.0,0.01555,0.3,degraded
19.32,-25.73908,-23.35323,-2.38586,22.72192,22.96665,-0.24473,2.9933,2.9961,85.0,0.00769,0.3,degraded
19.33,-26.07666,-23.65957,-2.41709,22.70394,22.94357,-0.23963,0.7427,3.0,85.0,0.01667,0.3,degraded
19.34,-26.41466,-23.9776,-2.43706,22.68621,22.91154,-0.22533,2.968,2.9851,85.0,0.00955,0.3,degraded
19.35,-26.75303,-24.29944,-2.45358,22.66872,22.88847,-0.21975,2.9603,3.0,85.0,0.00114,0.3,degraded
19.36,-27.09167,-24.62761,-2.46406,22.65147,22.85776,-0.20629,2.9926,3.0,85.0,0.00605,0.3,degraded
19.37,-27.43053,-24.92617,-2.50436,22.63446,22.83262,-0.19816,2.9924,2.9872,85.0,0.01134,0.3,degraded
19.38,-27.76951,-25.25885,-2.51067,22.61768,22.7995,-0.18181,2.9929,3.0,85.0,0.0012,0.3,degraded
19.39,-28.10856,-25.59278,-2.51578,22.60113,22.77342,-0.17229,2.978,3.0,85.0,0.02283,0.3,degraded
19.4,-28.44758,-25.89954,-2.54804,22.58481,22.74061,-0.1558,2.9867,2.9975,85.0,0.01847,0.3,degraded
19.41,-28.78651,-26.23308,-2.55343,22.5687,22.71477,-0.14607,3.0389,3.0,85.0,0.00065,0.3,degraded
19.42,-29.12527,-26.55014,-2.57513,22.5528,22.68105,-0.12825,3.0063,2.9874,85.0,0.00316,0.3,degraded
19.43,-29.46377,-26.93806,-2.52572,22.53711,22.65394,-0.11684,2.9961,3.0,85.0,0.00543,0.3,degraded
19.44,-29.80195,-27.28345,-2.5185,22.52161,22.62006,-0.09844,2.9777,3.0,85.0,0.00222,0.3,degraded
19.45,-30.13973,-27.59431,-2.54542,22.50631,22.59314,-0.08683,1.6234,2.9912,85.0,0.00027,0.3,degraded
19.46,-30.47702,-27.92729,-2.54973,22.49119,22.5611,-0.06991,2.9978,3.0,85.0,0.00875,0.3,degraded
19.47,-30.81375,-28.26188,-2.55187,22.47625,22.53755,-0.0613,2.9859,2.9753,85.0,0.00203,0.3,degraded
19.48,-31.14985,-28.58627,-2.56358,22.46147,22.5066,-0.04513,3.0263,2.9954,85.0,0.00838,0.3,degraded
19.49,-31.48522,-28.92871,-2.55652,22.44685,22.48064,-0.03379,2.9849,2.9935,85.0,0.00782,0.3,degraded
19.5,-31.81981,-29.31591,-2.5039,22.43238,22.44688,-0.0145,2.9957,2.9995,85.0,0.01455,0.3,degraded
19.51,-32.15352,-29.63585,-2.51767,22.41805,22.42043,-0.00238,2.9911,2.9954,85.0,0.0,0.3,degraded
19.52,-32.48628,-29.99843,-2.48784,22.40385,22.38701,0.01684,3.0,2.9823,85.0,0.0114,0.3,degraded
19.53,-32.81801,-30.31423,-2.50378,22.38976,22.36153,0.02823,1.3864,2.9764,85.0,0.00571,0.3,degraded
19.54,-33.14863,-30.65481,-2.49382,22.37578,22.33151,0.04427,3.0007,3.0,85.0,0.00239,0.3,degraded
19.55,-33.47807,-30.98216,-2.49591,22.3619,22.30681,0.05509,3.0041,2.9929,85.0,0.00758,0.3,degraded
19.56,-33.80625,-31.30733,-2.49892,22.3481,22.27877,0.06933,3.0096,3.0,85.0,0.00615,0.3,degraded
19.57,-34.13309,-31.62775,-2.50535,22.33438,22.25644,0.07794,3.0,2.9842,85.0,0.00074,0.3,degraded
19.58,-34.45852,-31.98149,-2.47703,22.32071,22.23036,0.09036,3.0134,2.9938,85.0,0.00702,0.3,degraded
19.59,-34.78245,-32.29882,-2.48363,22.30709,22.21215,0.09494,3.024,2.9861,85.0,0.00884,0.3,degraded
19.6,-35.10481,-32.622,-2.48281,22.29351,22.18863,0.10487,1.1218,2.974,85.0,0.0,0.3,degraded
19.61,-35.42553,-32.97148,-2.45405,22.27994,22.17246,0.10749,3.0054,3.0,85.0,0.00388,0.3,degraded
19.62,-35.74452,-33.30913,-2.43539,22.26638,22.15097,0.11541,2.9977,2.9935,85.0,0.00603,0.3,degraded
19.63,-36.06171,-33.68182,-2.3799,22.25281,22.13882,0.11399,2.9993,3.0,85.0,0.01083,0.3,degraded
19.64,-36.37703,-33.99743,-2.3796,22.23922,22.12042,0.1188,2.9882,2.9857,85.0,0.01739,0.3,degraded
19.65,-36.6904,-34.31956,-2.37084,22.22559,22.11051,0.11508,3.0145,3.0,85.0,0.0215,0.3,degraded
19.66,-37.00175,-34.63599,-2.36577,22.21191,22.09737,0.11454,2.9669,3.0,85.0,0.00382,0.3,degraded
19.67,-37.31101,-34.94667,-2.36434,22.19816,22.09052,0.10764,3.0094,3.0,85.0,0.0072,0.3,degraded
19.68,-37.61809,-35.27054,-2.34756,22.18432,22.07577,0.10855,2.9802,3.0,85.0,0.00629,0.3,degraded
19.69,-37.92293,-35.58574,-2.33719,22.17039,22.06795,0.10243,2.9997,2.9811,85.0,0.00045,0.3,degraded
19.7,-38.22546,-35.9252,-2.30027,22.15633,22.05358,0.10275,3.0094,3.0,85.0,0.0008,0.3,degraded
19.71,-38.5256,-36.24666,-2.27894,22.14214,22.0446,0.09754,3.0107,3.0,85.0,0.00735,0.3,degraded
19.72,-38.82329,-36.55468,-2.2686,22.1278,22.02743,0.10037,2.976,2.9936,85.0,0.00181,0.3,degraded
19.73,-39.11844,-36.85432,-2.26412,22.11329,22.01648,0.0968,2.9832,3.0,85.0,0.00016,0.3,degraded
19.74,-39.411,-37.1443,-2.2667,22.09859,22.00182,0.09676,3.0031,2.9912,85.0,0.00544,0.3,degraded
19.75,-39.7009,-37.45226,-2.24864,22.08368,21.99615,0.08754,3.0034,2.9919,85.0,0.00542,0.3,degraded
19.76,-39.98806,-37.75146,-2.2366,22.06855,21.98406,0.08449,2.9995,2.9995,85.0,0.01712,0.3,degraded
19.77,-40.27242,-38.01943,-2.25299,22.05318,21.97744,0.07575,2.984,3.0,85.0,0.01079,0.3,degraded
19.78,-40.55392,-38.30915,-2.24477,22.03755,21.96657,0.07099,0.2605,3.0,85.0,0.00865,0.3,degraded
19.79,-40.83248,-38.67326,-2.15922,22.02164,21.95949,0.06215,2.9893,3.0,85.0,0.01114,0.3,degraded
19.8,-41.10805,-38.9803,-2.12775,22.00543,21.94507,0.06036,2.9939,2.993,85.0,0.00972,0.3,degraded
19.81,-41.38055,-39.24304,-2.13752,21.9889,21.9417,0.0472,0.0345,3.0,85.0,0.00293,0.3,degraded
19.82,-41.64993,-39.55758,-2.09235,21.97203,21.9307,0.04133,3.0125,3.0,85.0,0.0,0.3,degraded
19.83,-41.91613,-39.82131,-2.09482,21.9548,21.92753,0.02727,0.1108,2.9763,85.0,0.00742,0.3,degraded
19.84,-42.17908,-40.17459,-2.00449,21.9372,21.9191,0.01809,3.0124,3.0,85.0,0.01445,0.3,degraded
19.85,-42.43872,-40.45824,-1.98049,21.91919,21.91837,0.00082,3.0216,2.9987,85.0,0.00173,0.3,degraded
19.86,-42.695,-40.7127,-1.9823,21.90076,21.91281,-0.01204,3.023,3.0,85.0,0.00693,0.3,degraded
19.87,-42.94786,-40.95892,-1.98894,21.8819,21.91107,-0.02918,2.9935,3.0,85.0,0.00581,0.3,degraded
19.88,-43.19724,-41.23223,-1.96501,21.86257,21.90264,-0.04007,3.0007,3.0,85.0,0.01551,0.3,degraded
19.89,-43.44308,-41.47482,-1.96826,21.84275,21.90043,-0.05768,3.0038,2.9807,85.0,0.0203,0.3,degraded
19.9,-43.68533,-41.7456,-1.93973,21.82243,21.88967,-0.06724,3.0069,3.0,85.0,0.01254,0.3,degraded
19.91,-43.92395,-41.97783,-1.94612,21.80159,21.88364,-0.08205,1.2029,3.0,85.0,0.01571,0.3,degraded
19.92,-44.15886,-42.25354,-1.90532,21.7802,21.87144,-0.09124,2.994,3.0,85.0,0.0022,0.3,degraded
19.93,-44.39003,-42.49941,-1.89062,21.75824,21.86663,-0.10839,2.9892,3.0,85.0,0.00397,0.3,degraded
19.94,-44.61741,-42.77926,-1.83815,21.73569,21.85545,-0.11977,3.009,3.0,85.0,0.00031,0.3,degraded
19.95,-44.84094,-43.00646,-1.83449,21.71252,21.85154,-0.13902,0.4311,3.0,85.0,0.00279,0.3,degraded
19.96,-45.06059,-43.30574,-1.75485,21.68872,21.8416,-0.15288,2.9839,3.0,85.0,0.01687,0.3,degraded
19.97,-45.27629,-43.53472,-1.74157,21.66426,21.83679,-0.17253,3.0141,2.9774,85.0,0.00635,0.3,degraded
19.98,-45.48801,-43.74238,-1.74564,21.63912,21.82676,-0.18764,2.997,2.9949,85.0,0.00397,0.3,degraded
19.99,-45.69571,-43.94693,-1.74879,21.61328,21.82476,-0.21148,2.0239,2.9975,85.0,0.01604,0.3,degraded
20.0,-45.89935,-44.16654,-1.73281,21.58671,21.81676,-0.23005,0.5018,3.0,85.0,0.00064,0.3,degraded
20.01,-46.09887,-44.44494,-1.65393,21.55939,21.81314,-0.25375,2.9962,2.9905,85.0,0.01236,0.3,degraded
20.02,-46.29425,-44.6698,-1.62445,21.53131,21.80352,-0.27222,2.969,3.0,85.0,0.02297,0.3,degraded
20.03,-46.48544,-44.90404,-1.5814,21.50243,21.80129,-0.29886,3.0017,2.9828,85.0,0.01877,0.3,degraded
20.04,-46.67242,-45.15432,-1.51809,21.47273,21.79432,-0.32159,2.9927,3.0,85.0,0.01271,0.3,degraded
20.05,-46.85513,-45.33645,-1.51868,21.4422,21.79319,-0.35099,2.9856,2.9791,85.0,0.01109,0.3,degraded
20.06,-47.03356,-45.51982,-1.51375,21.4108,21.78647,-0.37567,3.0093,2.9931,85.0,0.0049,0.3,degraded
20.07,-47.20767,-45.74546,-1.46221,21.37853,21.78403,-0.4055,2.9933,3.0,85.0,0.0,0.3,degraded
20.08,-47.37742,-45.91782,-1.45959,21.34534,21.77402,-0.42869,3.0057,2.9918,85.0,0.00499,0.3,degraded
20.09,-47.54279,-46.1545,-1.38829,21.31122,21.77333,-0.4621,2.9991,3.0,85.0,0.00145,0.3,degraded
20.1,-47.70375,-46.3365,-1.36725,21.27615,21.76596,-0.48981,3.0102,3.0,85.0,0.00947,0.3,degraded
20.11,-47.86027,-46.48763,-1.37263,21.24011,21.75322,-0.51311,0.0113,3.0,85.0,0.02279,0.3,degraded
20.12,-48.01233,-46.66631,-1.34602,21.20307,21.72656,-0.52349,3.0072,3.0,85.0,0.01329,0.3,degraded
20.13,-48.15991,-46.83582,-1.32409,21.165,21.7068,-0.5418,2.9844,2.9971,85.0,0.00651,0.3,degraded
20.14,-48.30298,-47.00797,-1.29501,21.12589,21.67797,-0.55208,2.9974,3.0,85.0,0.00464,0.3,degraded
20.15,-48.44152,-47.19031,-1.25121,21.08572,21.6565,-0.57078,2.9931,2.9926,85.0,0.00448,0.3,degraded
20.16,-48.57552,-47.36199,-1.21353,21.04445,21.62675,-0.58229,2.993,2.9849,85.0,0.00061,0.3,degraded
20.17,-48.70495,-47.56951,-1.13544,21.00208,21.60178,-0.5997,2.9757,2.9898,85.0,0.01563,0.3,degraded
20.18,-48.8298,-47.72302,-1.10678,20.95857,21.57045,-0.61188,2.9913,3.0,85.0,0.00411,0.3,degraded
20.19,-48.95007,-47.84729,-1.10277,20.9139,21.53759,-0.62369,1.2227,3.0,85.0,0.0,0.3,degraded
20.2,-49.06572,-48.00674,-1.05898,20.86806,21.49262,-0.62456,2.9928,2.998,85.0,0.01031,0.3,degraded
20.21,-49.17676,-48.12258,-1.05418,20.82102,21.45559,-0.63457,2.9964,3.0,85.0,0.01625,0.3,degraded
20.22,-49.28317,-48.23257,-1.0506,20.77275,21.41279,-0.64004,3.0085,3.0,85.0,0.00043,0.3,degraded
20.23,-49.38495,-48.36976,-1.01519,20.72324,21.37538,-0.65214,3.0035,3.0,85.0,0.00802,0.3,degraded
20.24,-49.48209,-48.51174,-0.97035,20.67246,21.32891,-0.65645,3.0138,3.0,85.0,0.00543,0.3,degraded
20.25,-49.57458,-48.62573,-0.94885,20.62039,21.28874,-0.66834,2.9959,2.9863,85.0,0.00518,0.3,degraded
20.26,-49.66242,-48.71423,-0.9482,20.56702,21.24224,-0.67522,3.0033,3.0,85.0,0.00296,0.3,degraded
20.27,-49.74561,-48.80439,-0.94122,20.51231,21.20107,-0.68876,2.9978,2.9858,85.0,0.00928,0.3,degraded
20.28,-49.82416,-48.90408,-0.92008,20.45625,21.14718,-0.69093,2.9818,2.9954,85.0,0.00081,0.3,degraded
20.29,-49.89805,-49.00004,-0.898,20.39882,21.09228,-0.69345,3.0222,3.0,85.0,0.00455,0.3,degraded
20.3,-49.96729,-49.09126,-0.87603,20.34,21.03125,-0.69125,2.9834,3.0,85.0,0.00376,0.3,degraded
20.31,-50.0319,-49.17466,-0.85724,20.27976,20.97756,-0.6978,3.0111,3.0,85.0,0.0,0.3,degraded
20.32,-50.09187,-49.26336,-0.8285,20.21809,20.9143,-0.69621,3.0052,3.0,85.0,0.00122,0.3,degraded
20.33,-50.14721,-49.34588,-0.80133,20.15496,20.85457,-0.69961,2.9945,3.0,85.0,0.00452,0.3,degraded
20.34,-50.19793,-49.43378,-0.76415,20.09036,20.78897,-0.6986,3.0341,2.9959,85.0,0.0,0.3,degraded
20.35,-50.24405,-49.51632,-0.72773,20.02427,20.73154,-0.70727,2.9842,2.9984,85.0,0.00014,0.3,degraded
20.36,-50.28557,-49.60475,-0.68081,19.95666,20.66605,-0.70939,2.9781,3.0,85.0,0.00475,0.3,degraded
20.37,-50.32251,-49.68685,-0.63566,19.88752,20.60659,-0.71907,3.0071,3.0,85.0,0.0,0.3,degraded
20.38,-50.35488,-49.77716,-0.57772,19.81682,20.53856,-0.72174,3.0062,2.9772,85.0,0.0,0.3,degraded
20.39,-50.3827,-49.86167,-0.52104,19.74456,20.47664,-0.73208,3.0094,2.983,85.0,0.00488,0.3,degraded
20.4,-50.406,-49.95313,-0.45287,19.67071,20.40861,-0.7379,3.01,2.9982,85.0,0.00066,0.3,degraded
20.41,-50.42478,-50.03896,-0.38582,19.59525,20.34667,-0.75142,2.9883,2.9992,85.0,0.0,0.3,degraded
20.42,-50.43907,-50.12972,-0.30935,19.51817,20.28031,-0.76214,3.016,3.0,85.0,0.00407,0.3,degraded
20.43,-50.4489,-50.21476,-0.23413,19.43944,20.22073,-0.78129,2.988,3.0,85.0,0.00216,0.3,degraded
20.44,-50.45428,-50.30646,-0.14783,19.35906,20.15223,-0.79317,3.0281,3.0,85.0,0.00045,0.3,degraded
20.45,-50.45525,-50.38212,-0.07313,19.277,20.08837,-0.81137,3.0284,3.0,85.0,0.00521,0.3,degraded
20.46,-50.45183,-50.46078,0.00895,19.19324,20.00875,-0.81551,3.0102,2.9868,85.0,0.00204,0.3,degraded
20.47,-50.44405,-50.5317,0.08765,19.10778,19.93381,-0.82603,3.0055,3.0,85.0,0.0,0.3,degraded
20.48,-50.43194,-50.61151,0.17957,19.02059,19.8532,-0.8326,2.8006,3.0,85.0,0.00538,0.3,degraded
20.49,-50.41554,-50.67412,0.25858,18.93166,19.77943,-0.84777,2.723,3.0,85.0,0.00488,0.3,degraded
20.5,-50.39487,-50.72789,0.33302,18.84098,19.70148,-0.86051,2.7085,3.0,85.0,0.0,0.3,degraded
20.51,-50.36996,-50.75959,0.38962,18.74852,19.62752,-0.879,2.9918,3.0,85.0,0.00405,0.3,degraded
20.52,-50.34087,-50.79428,0.45341,18.65428,19.54506,-0.89078,2.9866,2.9814,85.0,0.00584,0.3,degraded
20.53,-50.30761,-50.7925,0.48489,18.55824,19.46656,-0.90832,3.0242,2.9716,85.0,0.00123,0.3,degraded
20.54,-50.27024,-50.79448,0.52425,18.46038,19.38059,-0.9202,3.0069,3.0,85.0,0.00299,0.3,degraded
20.55,-50.22878,-50.79089,0.56211,18.3607,19.29938,-0.93868,3.0123,2.9965,85.0,0.00692,0.3,degraded
20.56,-50.18329,-50.78879,0.6055,18.25918,19.16707,-0.90789,3.0065,3.0,85.0,0.00071,0.3,degraded
20.57,-50.1338,-50.76998,0.63617,18.1558,19.07689,-0.92108,2.9845,2.9898,85.0,0.0059,0.3,degraded
20.58,-50.08036,-50.75571,0.67535,18.05056,18.98552,-0.93495,2.6585,3.0,85.0,0.00582,0.3,degraded
20.59,-50.02301,-50.71661,0.69359,17.94345,18.89707,-0.95362,3.0006,2.9784,85.0,0.0,0.3,degraded
20.6,-49.9618,-50.6826,0.7208,17.83444,18.80318,-0.96874,3.0021,3.0,85.0,0.00141,0.3,degraded
20.61,-49.89678,-50.64385,0.74708,17.72354,18.71416,-0.99062,3.0057,3.0,85.0,0.0056,0.3,degraded
20.62,-49.82798,-50.604,0.77602,17.61073,18.61639,-1.00566,2.9849,3.0,85.0,0.01957,0.3,degraded
20.63,-49.75548,-50.55221,0.79674,17.49599,18.52566,-1.02967,2.9709,3.0,85.0,0.01177,0.3,degraded
20.64,-49.6793,-50.49802,0.81872,17.37933,18.3135,-0.93416,2.968,2.9772,85.0,0.00728,0.3,degraded
20.65,-49.59952,-50.42464,0.82512,17.26073,18.17247,-0.91174,3.0119,3.0,85.0,0.0087,0.3,degraded
20.66,-49.51617,-50.3588,0.84263,17.14018,18.07538,-0.9352,3.0115,3.0,85.0,0.00197,0.3,degraded
20.67,-49.42931,-50.2859,0.85659,17.01768,17.98664,-0.96896,2.9855,2.9885,85.0,0.00442,0.3,degraded
20.68,-49.339,-50.21871,0.87971,16.89321,17.89279,-0.99958,3.0005,2.9932,85.0,0.0,0.3,degraded
20.69,-49.2453,-50.14298,0.89768,16.76677,17.80426,-1.0375,3.0323,3.0,85.0,0.00736,0.3,degraded
20.7,-49.14826,-50.07393,0.92568,16.63835,17.68284,-1.04449,2.9953,3.0,85.0,0.00921,0.3,degraded
20.71,-49.04793,-49.99481,0.94687,16.50794,17.56056,-1.05262,2.9722,2.1887,85.0,0.00295,0.3,degraded
20.72,-48.94439,-49.91678,0.97239,16.37555,17.44982,-1.07427,3.0043,2.2153,85.0,0.01567,0.3,degraded
20.73,-48.83768,-49.77784,0.94016,16.24116,17.33528,-1.09412,2.9965,1.1064,85.0,0.00891,0.3,degraded
20.74,-48.72787,-49.64154,0.91368,16.10476,17.17386,-1.0691,2.9946,3.0,85.0,0.01042,0.3,degraded
20.75,-48.61502,-49.5533,0.93828,15.96636,17.069,-1.10264,3.0071,1.1344,85.0,0.0,0.3,degraded
20.76,-48.49919,-49.45798,0.95879,15.82595,16.90989,-1.08394,3.0232,3.0,85.0,0.02394,0.3,degraded
20.77,-48.38045,-49.35038,0.96993,15.68353,16.79981,-1.11628,0.5209,2.1564,85.0,0.02177,0.3,degraded
20.78,-48.25886,-49.17352,0.91467,15.53909,16.66952,-1.13043,2.9977,3.0,85.0,0.02587,0.3,degraded
20.79,-48.13448,-49.05012,0.91564,15.39263,16.54467,-1.15205,3.0054,3.0,85.0,0.00861,0.3,degraded
20.8,-48.00738,-48.93864,0.93126,15.24414,16.41271,-1.16856,3.0001,3.0,85.0,0.00782,0.3,degraded
20.81,-47.87763,-48.83049,0.95286,15.09364,16.22015,-1.12652,3.0001,3.0,85.0,0.00805,0.3,degraded
20.82,-47.74528,-48.68108,0.93579,14.94111,16.0972,-1.15609,3.0095,3.0,85.0,0.02557,0.3,degraded
20.83,-47.61042,-48.50784,0.89742,14.78655,15.9597,-1.17315,2.9987,3.0,85.0,0.02419,0.3,degraded
20.84,-47.47311,-48.4016,0.92849,14.62997,15.82333,-1.19336,3.0027,1.399,85.0,0.01042,0.3,degraded
20.85,-47.33342,-48.31266,0.97925,14.47137,15.68621,-1.21485,2.9974,3.0,85.0,0.0134,0.3,degraded
20.86,-47.19141,-48.16514,0.97374,14.31074,15.52747,-1.21673,2.9975,2.9982,85.0,0.01782,0.3,degraded
20.87,-47.04715,-48.05252,1.00537,14.14808,15.38243,-1.23435,1.0354,3.0,85.0,8e-05,0.3,degraded
20.88,-46.90072,-47.90137,1.00065,13.98341,15.24546,-1.26205,3.0022,2.9975,85.0,0.01635,0.3,degraded
20.89,-46.75219,-47.76888,1.01669,13.81672,15.11415,-1.29742,2.9876,0.3434,85.0,0.01947,0.3,degraded
20.9,-46.60162,-47.62134,1.01972,13.64802,14.99034,-1.34232,2.9915,2.9989,85.0,0.00609,0.3,degraded
20.91,-46.44909,-47.50767,1.05858,13.47731,14.816,-1.33869,1.1547,3.0,85.0,0.01745,0.3,degraded
20.92,-46.29468,-47.35759,1.06291,13.30459,14.62705,-1.32246,3.0164,3.0,85.0,0.0069,0.3,degraded
20.93,-46.13844,-47.21354,1.0751,13.12986,14.49801,-1.36814,2.9855,0.8591,85.0,0.00057,0.3,degraded
20.94,-45.98046,-47.08605,1.10559,12.95314,14.30659,-1.35344,2.993,3.0,85.0,0.01082,0.3,degraded
20.95,-45.82081,-46.93724,1.11643,12.77443,14.15449,-1.38005,3.013,2.989,85.0,0.00905,0.3,degraded
20.96,-45.65955,-46.80746,1.1479,12.59374,14.01779,-1.42405,2.9967,3.0,85.0,0.02051,0.3,degraded
20.97,-45.49677,-46.67728,1.18051,12.41107,13.81063,-1.39956,3.0069,2.9829,85.0,0.02137,0.3,degraded
20.98,-45.33254,-46.51128,1.17874,12.22642,13.66883,-1.44241,3.0136,3.0,85.0,0.04036,0.3,degraded
20.99,-45.16692,-46.3465,1.17958,12.03982,13.52413,-1.48431,2.9969,3.0,85.0,0.01837,0.3,degraded
21.0,-45.0,-46.14185,1.14185,11.85125,13.37813,-1.52688,2.9748,2.9796,85.0,0.01944,0.3,degraded
21.01,-44.83184,-45.9917,1.15986,11.66075,13.15635,-1.4956,3.0107,2.9791,85.0,0.00566,0.3,degraded
21.02,-44.66253,-45.83144,1.16891,11.46831,12.99317,-1.52486,2.9957,2.9986,85.0,0.00202,0.3,degraded
21.03,-44.49212,-45.69301,1.20089,11.27394,12.77636,-1.50242,2.3246,3.0,85.0,0.00164,0.3,degraded
21.04,-44.32071,-45.55027,1.22956,11.07766,12.61836,-1.5407,3.0058,2.9786,85.0,0.02596,0.3,degraded
21.05,-44.14835,-45.39022,1.24187,10.87947,12.44207,-1.5626,3.004,2.9946,85.0,0.00863,0.3,degraded
21.06,-43.97513,-45.2192,1.24407,10.67939,12.28275,-1.60336,3.0196,3.0,85.0,0.00546,0.3,degraded
21.07,-43.80111,-45.04213,1.24101,10.47743,12.11737,-1.63994,2.991,0.2069,85.0,0.00578,0.3,degraded
21.08,-43.62638,-44.86971,1.24333,10.27361,11.86671,-1.59311,2.9882,3.0,85.0,0.02543,0.3,degraded
21.09,-43.45099,-44.73308,1.28209,10.06793,11.70395,-1.63603,2.9973,2.9886,85.0,0.00108,0.3,degraded
21.1,-43.27504,-44.55497,1.27994,9.8604,11.45802,-1.59761,2.9996,2.9856,85.0,0.00866,0.3,degraded
21.11,-43.09857,-44.40306,1.30448,9.65106,11.27877,-1.62772,3.0079,3.0,85.0,0.00959,0.3,degraded
21.12,-42.92168,-44.26027,1.33859,9.4399,11.10269,-1.66279,1.7142,2.9993,85.0,0.00475,0.3,degraded
21.13,-42.74443,-44.09727,1.35283,9.22694,10.93479,-1.70784,2.9942,3.0,85.0,0.03267,0.3,degraded
21.14,-42.5669,-43.86073,1.29383,9.01221,10.74548,-1.73327,3.0074,2.9977,85.0,0.02121,0.3,degraded
21.15,-42.38914,-43.66516,1.27601,8.79571,10.55028,-1.75457,2.998,2.9969,85.0,0.00687,0.3,degraded
21.16,-42.21125,-43.52163,1.31039,8.57746,10.32624,-1.74877,2.9869,3.0,85.0,0.00707,0.3,degraded
21.17,-42.03327,-43.3749,1.34163,8.35749,10.1198,-1.76232,2.9951,2.9948,85.0,0.01574,0.3,degraded
21.18,-41.85529,-43.23109,1.3758,8.1358,9.96455,-1.82875,3.0184,3.0,85.0,0.01623,0.3,degraded
21.19,-41.67738,-43.06428,1.3869,7.91242,9.77162,-1.8592,3.0008,3.0,85.0,0.01801,0.3,degraded
21.2,-41.49959,-42.90064,1.40105,7.68736,9.59961,-1.91225,3.011,2.56,85.0,0.00341,0.3,degraded
21.21,-41.32201,-42.73305,1.41104,7.46065,9.40091,-1.94026,3.0118,3.0,85.0,0.0123,0.3,degraded
21.22,-41.14469,-42.50333,1.35864,7.23231,9.18086,-1.94855,2.9909,3.0,85.0,0.00641,0.3,degraded
21.23,-40.96771,-42.31337,1.34566,7.00235,8.98133,-1.97898,3.0202,2.997,85.0,0.01358,0.3,degraded
21.24,-40.79113,-42.14018,1.34905,6.77079,8.78366,-2.01286,3.0033,2.9974,85.0,0.00314,0.3,degraded
21.25,-40.61502,-41.97204,1.35702,6.53766,8.55817,-2.0205,3.0188,3.0,85.0,0.03692,0.3,degraded
21.26,-40.43944,-41.81259,1.37315,6.30299,8.34357,-2.04059,3.0106,3.0,85.0,0.03815,0.3,degraded
21.27,-40.26445,-41.64458,1.38013,6.06678,8.12206,-2.05529,0.2533,3.0,85.0,0.02477,0.3,degraded
21.28,-40.09012,-41.48146,1.39134,5.82907,7.91848,-2.08941,3.0098,2.9921,85.0,0.02457,0.3,degraded
21.29,-39.91652,-41.30011,1.3836,5.58987,7.6831,-2.09323,3.0181,3.0,85.0,0.00603,0.3,degraded
21.3,-39.74369,-41.07345,1.32975,5.34922,7.42653,-2.07731,2.9864,3.0,85.0,0.01675,0.3,degraded
21.31,-39.57171,-40.90333,1.33161,5.10713,7.21414,-2.10701,3.0011,3.0,85.0,0.00546,0.3,degraded
21.32,-39.40064,-40.69945,1.29881,4.86363,6.99486,-2.13123,2.9928,3.0,85.0,0.00989,0.3,degraded
21.33,-39.23053,-40.52404,1.29352,4.61875,6.77967,-2.16092,3.0005,3.0,85.0,0.00285,0.3,degraded
21.34,-39.06144,-40.32456,1.26313,4.3725,6.52542,-2.15292,3.0203,3.0,85.0,0.00358,0.3,degraded
21.35,-38.89343,-40.12036,1.22693,4.12493,6.29886,-2.17394,3.0104,3.0,85.0,0.0195,0.3,degraded
21.36,-38.72655,-39.98581,1.25926,3.87604,6.04247,-2.16643,2.9933,2.9739,85.0,0.02665,0.3,degraded
21.37,-38.56086,-39.83364,1.27278,3.62588,5.82662,-2.20074,2.9862,2.9998,85.0,0.01623,0.3,degraded
21.38,-38.39642,-39.66012,1.2637,3.37446,5.61125,-2.2368,3.001,2.986,85.0,0.02924,0.3,degraded
21.39,-38.23328,-39.48032,1.24705,3.12181,5.38051,-2.2587,2.994,0.248,85.0,0.02182,0.3,degraded
21.4,-38.07148,-39.34095,1.26946,2.86797,5.13816,-2.27019,2.9942,3.0,85.0,0.0259,0.3,degraded
21.41,-37.91109,-39.18977,1.27868,2.61295,4.87451,-2.26156,2.9994,3.0,85.0,0.00706,0.3,degraded
21.42,-37.75215,-38.98049,1.22834,2.3568,4.6541,-2.2973,3.0088,3.0,85.0,0.00275,0.3,degraded
21.43,-37.59471,-38.8122,1.21749,2.09953,4.36755,-2.26802,2.9968,3.0,85.0,0.00839,0.3,degraded
21.44,-37.43881,-38.66046,1.22165,1.84119,4.13452,-2.29333,2.9804,2.9936,85.0,0.01263,0.3,degraded
21.45,-37.28451,-38.51379,1.22928,1.58179,3.9097,-2.32792,2.9786,3.0,85.0,0.009,0.3,degraded
21.46,-37.13185,-38.34372,1.21187,1.32136,3.65889,-2.33753,2.9981,3.0,85.0,0.0037,0.3,degraded
21.47,-36.98087,-38.20725,1.22638,1.05995,3.412,-2.35205,3.0081,2.9974,85.0,0.00469,0.3,degraded
21.48,-36.83162,-38.05847,1.22685,0.79757,3.18765,-2.39008,3.0067,3.0,85.0,0.01913,0.3,degraded
21.49,-36.68413,-37.91403,1.22989,0.53427,2.95983,-2.42556,2.9947,2.9739,85.0,0.02678,0.3,degraded
21.5,-36.53846,-37.71854,1.18008,0.27007,2.66631,-2.39624,3.0067,3.0,85.0,0.00577,0.3,degraded
21.51,-36.39463,-37.55179,1.15716,0.005,2.42755,-2.42255,2.9922,2.9994,85.0,0.01059,0.3,degraded
21.52,-36.25269,-37.39687,1.14418,-0.2609,2.17424,-2.43515,2.9985,2.9897,85.0,0.01469,0.3,degraded
21.53,-36.11266,-37.21354,1.10088,-0.52761,1.94312,-2.47073,2.9822,3.0,85.0,0.03117,0.3,degraded
21.54,-35.9746,-37.09951,1.12491,-0.79508,1.6951,-2.49017,2.9997,3.0,85.0,0.03468,0.3,degraded
21.55,-35.83852,-36.97861,1.14008,-1.06328,1.40705,-2.47034,2.9923,3.0,85.0,0.00319,0.3,degraded
21.56,-35.70447,-36.85373,1.14926,-1.33219,1.10854,-2.44073,3.0089,3.0,85.0,0.03398,0.3,degraded
21.57,-35.57247,-36.72839,1.15591,-1.60177,0.87157,-2.47334,3.0157,2.9943,85.0,0.0072,0.3,degraded
21.58,-35.44256,-36.56119,1.11863,-1.87197,0.57937,-2.45134,3.0299,2.9839,85.0,0.0125,0.3,degraded
21.59,-35.31476,-36.42798,1.11323,-2.14278,0.31709,-2.45987,2.9855,2.9688,85.0,0.00222,0.3,degraded
21.6,-35.18909,-36.28407,1.09498,-2.41416,0.01283,-2.42699,2.9748,2.9719,85.0,0.01621,0.3,degraded
21.61,-35.06559,-36.15625,1.09066,-2.68606,-0.2162,-2.46986,2.9919,3.0,85.0,0.01673,0.3,degraded
21.62,-34.94428,-36.04352,1.09924,-2.95846,-0.45463,-2.50384,2.9774,2.989,85.0,0.02616,0.3,degraded
21.63,-34.82518,-35.91349,1.08831,-3.23132,-0.75914,-2.47219,2.9989,2.9775,85.0,0.02032,0.3,degraded
21.64,-34.70831,-35.80007,1.09176,-3.50461,-1.02317,-2.48144,2.9839,2.8013,85.0,0.00205,0.3,degraded
21.65,-34.59369,-35.67606,1.08238,-3.77828,-1.33562,-2.44266,2.9864,2.9858,85.0,0.02404,0.3,degraded
21.66,-34.48134,-35.47811,0.99677,-4.05231,-1.57286,-2.47945,2.9993,2.9851,85.0,0.01268,0.3,degraded
21.67,-34.37127,-35.33545,0.96417,-4.32666,-1.81502,-2.51163,2.9943,0.1796,85.0,0.00845,0.3,degraded
21.68,-34.26351,-35.22668,0.96317,-4.60128,-2.12102,-2.48026,3.0144,2.9987,85.0,0.01824,0.3,degraded
21.69,-34.15806,-35.05968,0.90162,-4.87615,-2.37696,-2.4992,3.0157,2.8739,85.0,0.01799,0.3,degraded
21.7,-34.05494,-34.95894,0.904,-5.15123,-2.70004,-2.45119,3.0048,2.993,85.0,0.02127,0.3,degraded
21.71,-33.95416,-34.87374,0.91958,-5.42648,-2.93373,-2.49275,3.0004,3.0,85.0,0.00769,0.3,degraded
21.72,-33.85573,-34.76656,0.91083,-5.70187,-3.26908,-2.43279,3.0185,3.0,85.0,0.00587,0.3,degraded
21.73,-33.75965,-34.65201,0.89236,-5.97735,-3.51677,-2.46058,3.0044,2.9901,85.0,0.01087,0.3,degraded
21.74,-33.66593,-34.57289,0.90696,-6.25289,-3.78255,-2.47034,2.9787,3.0,85.0,0.00876,0.3,degraded
21.75,-33.57458,-34.48885,0.91427,-6.52846,-4.04215,-2.48631,2.976,3.0,85.0,0.00672,0.3,degraded
21.76,-33.4856,-34.40892,0.92332,-6.80402,-4.31065,-2.49337,2.9966,3.0,85.0,0.02944,0.3,degraded
21.77,-33.39898,-34.31711,0.91812,-7.07952,-4.52903,-2.55049,2.9896,2.9774,85.0,0.00961,0.3,degraded
21.78,-33.31474,-34.15126,0.83652,-7.35493,-4.82639,-2.52855,2.9801,3.0,85.0,0.01359,0.3,degraded
21.79,-33.23287,-34.01166,0.77879,-7.63022,-5.05804,-2.57218,2.9894,1.6333,85.0,0.03254,0.3,degraded
21.8,-33.15337,-33.93218,0.77881,-7.90534,-5.31083,-2.59451,3.0272,2.7486,85.0,0.00328,0.3,degraded
21.81,-33.07623,-33.85286,0.77663,-8.18026,-5.58575,-2.59451,3.0015,3.0,85.0,0.00452,0.3,degraded
21.82,-33.00145,-33.78069,0.77924,-8.45494,-5.85808,-2.59687,2.9985,2.9926,85.0,0.01681,0.3,degraded
21.83,-32.92901,-33.70532,0.77631,-8.72935,-6.13456,-2.59478,2.9973,3.0,85.0,0.02135,0.3,degraded
21.84,-32.85892,-33.6363,0.77738,-9.00344,-6.39725,-2.60619,2.9822,3.0,85.0,0.00483,0.3,degraded
21.85,-32.79116,-33.56109,0.76994,-9.27718,-6.647,-2.63018,3.0048,2.9873,85.0,0.00374,0.3,degraded
21.86,-32.72571,-33.49273,0.76702,-9.55052,-6.91246,-2.63806,3.0026,3.0,85.0,0.0,0.3,degraded
21.87,-32.66258,-33.4162,0.75362,-9.82344,-7.17395,-2.64949,2.9856,2.9751,85.0,0.00997,0.3,degraded
21.88,-32.60173,-33.34376,0.74203,-10.09589,-7.43244,-2.66345,2.9836,3.0,85.0,0.0262,0.3,degraded
21.89,-32.54316,-33.26303,0.71988,-10.36784,-7.71478,-2.65306,2.9867,2.9811,85.0,0.00402,0.3,degraded
21.9,-32.48684,-33.18705,0.7002,-10.63924,-8.02115,-2.61809,2.9939,2.9851,85.0,0.00366,0.3,degraded
21.91,-32.43276,-33.10422,0.67146,-10.91006,-8.32838,-2.58169,2.9855,2.9967,85.0,0.01641,0.3,degraded
21.92,-32.38091,-33.02949,0.64858,-11.18027,-8.57318,-2.60709,2.9989,2.9921,85.0,0.00034,0.3,degraded
21.93,-32.33124,-32.94973,0.61849,-11.44982,-8.85158,-2.59824,2.9951,2.9677,85.0,0.01043,0.3,degraded
21.94,-32.28375,-32.87913,0.59538,-11.71868,-9.13534,-2.58334,3.0059,2.9937,85.0,0.00665,0.3,degraded
21.95,-32.23841,-32.80374,0.56534,-11.98681,-9.40026,-2.58655,3.0165,2.9835,85.0,0.0,0.3,degraded
21.96,-32.19518,-32.73482,0.53964,-12.25417,-9.69907,-2.5551,3.0154,2.9999,85.0,0.00159,0.3,degraded
21.97,-32.15406,-32.66003,0.50597,-12.52072,-9.95466,-2.56606,2.995,2.9968,85.0,0.01524,0.3,degraded
21.98,-32.11499,-32.5924,0.4774,-12.78644,-10.20937,-2.57706,2.997,0.343,85.0,0.01809,0.3,degraded
21.99,-32.07796,-32.51725,0.43928,-13.05127,-10.44522,-2.60605,3.0148,2.9975,85.0,0.01041,0.3,degraded
22.0,-32.04294,-32.44512,0.40218,-13.31519,-10.72302,-2.59217,3.0145,2.9914,85.0,0.02315,0.3,degraded
22.01,-32.00989,-32.36269,0.3528,-13.57815,-10.98819,-2.58996,2.9955,3.0,85.0,0.00101,0.3,degraded
22.02,-31.97877,-32.28484,0.30608,-13.84012,-11.27946,-2.56067,3.0036,2.9932,85.0,0.00188,0.3,degraded
22.03,-31.94955,-32.19875,0.2492,-14.10107,-11.52541,-2.57566,3.0194,2.9972,85.0,0.00802,0.3,degraded
22.04,-31.9222,-32.12706,0.20486,-14.36096,-11.78373,-2.57723,2.9967,3.0,85.0,0.00618,0.3,degraded
22.05,-31.89667,-32.05359,0.15692,-14.61974,-12.04112,-2.57863,3.0242,2.9793,85.0,0.00888,0.3,degraded
22.06,-31.87293,-31.98676,0.11383,-14.87739,-12.32117,-2.55622,2.9933,2.9663,85.0,0.00506,0.3,degraded
22.07,-31.85094,-31.91489,0.06395,-15.13387,-12.63097,-2.5029,3.0113,2.9944,85.0,0.00089,0.3,degraded
22.08,-31.83065,-31.84616,0.01551,-15.38914,-12.8842,-2.50494,3.0005,0.3315,85.0,0.0,0.3,degraded
22.09,-31.81202,-31.77254,-0.03948,-15.64317,-13.20064,-2.44253,2.9896,2.9728,85.0,0.01997,0.3,degraded
22.1,-31.79502,-31.70355,-0.09146,-15.89592,-13.44391,-2.45202,2.9823,2.9978,85.0,0.00295,0.3,degraded
22.11,-31.77958,-31.63009,-0.14949,-16.14736,-13.74694,-2.40043,2.5013,3.0,85.0,0.00081,0.3,degraded
22.12,-31.76567,-31.58439,-0.18129,-16.39746,-13.98875,-2.40871,3.0124,2.9874,85.0,0.00834,0.3,degraded
22.13,-31.75325,-31.53068,-0.22256,-16.64617,-14.24677,-2.3994,2.9726,2.9912,85.0,0.00233,0.3,degraded
22.14,-31.74225,-31.48538,-0.25686,-16.89347,-14.46714,-2.42633,3.0,2.9889,85.0,0.00421,0.3,degraded
22.15,-31.73263,-31.44838,-0.28426,-17.13931,-14.73868,-2.40064,3.002,3.0,85.0,0.0146,0.3,degraded
22.16,-31.72435,-31.44041,-0.28394,-17.38368,-14.98289,-2.40079,2.9938,3.0,85.0,0.00693,0.3,degraded
22.17,-31.71735,-31.42803,-0.28932,-17.62652,-15.22024,-2.40628,2.9976,3.0,85.0,0.0048,0.3,degraded
22.18,-31.71157,-31.42347,-0.2881,-17.86782,-15.46347,-2.40435,2.985,3.0,85.0,0.00662,0.3,degraded
22.19,-31.70697,-31.41242,-0.29455,-18.10753,-15.69317,-2.41436,3.0011,2.9731,85.0,0.00366,0.3,degraded
22.2,-31.70348,-31.40465,-0.29883,-18.34563,-15.91706,-2.42858,3.015,3.0,85.0,0.0027,0.3,degraded
22.21,-31.70106,-31.39126,-0.30981,-18.58208,-16.22549,-2.3566,2.9985,3.0,85.0,0.0035,0.3,degraded
22.22,-31.69965,-31.38522,-0.31443,-18.81685,-16.47728,-2.33957,3.0016,3.0,85.0,0.00583,0.3,degraded
22.23,-31.6992,-31.37103,-0.32816,-19.04991,-16.73651,-2.3134,2.9839,2.9956,85.0,0.00021,0.3,degraded
22.24,-31.69963,-31.36281,-0.33682,-19.28123,-16.96196,-2.31927,2.9754,3.0,85.0,0.01466,0.3,degraded
22.25,-31.7009,-31.34931,-0.35159,-19.51078,-17.1971,-2.31367,3.0193,3.0,85.0,0.03007,0.3,degraded
22.26,-31.70295,-31.34625,-0.3567,-19.73852,-17.47338,-2.26514,2.996,2.9863,85.0,0.00074,0.3,degraded
22.27,-31.70571,-31.34234,-0.36336,-19.96443,-17.69298,-2.27145,2.9804,3.0,85.0,0.00607,0.3,degraded
22.28,-31.70912,-31.34854,-0.36058,-20.18847,-17.92227,-2.2662,3.0068,2.9952,85.0,0.00913,0.3,degraded
22.29,-31.71313,-31.34603,-0.36711,-20.41062,-18.14068,-2.26994,3.0192,3.0,85.0,0.00295,0.3,degraded
22.3,-31.71768,-31.35462,-0.36305,-20.63085,-18.379,-2.25185,2.9839,3.0,85.0,0.0059,0.3,degraded
22.31,-31.72268,-31.35686,-0.36583,-20.84913,-18.6001,-2.24902,3.0032,3.0,85.0,0.01046,0.3,degraded
22.32,-31.7281,-31.36597,-0.36213,-21.06543,-18.81187,-2.25355,3.0078,0.625,85.0,0.00555,0.3,degraded
22.33,-31.73386,-31.37105,-0.3628,-21.27972,-19.04377,-2.23595,2.9936,2.9843,85.0,0.00371,0.3,degraded
22.34,-31.73989,-31.38347,-0.35642,-21.49198,-19.25615,-2.23583,2.9888,3.0,85.0,0.02367,0.3,degraded
22.35,-31.74613,-31.38835,-0.35778,-21.70218,-19.51682,-2.18536,3.0143,2.9983,85.0,0.00435,0.3,degraded
22.36,-31.75252,-31.40194,-0.35059,-21.91029,-19.73426,-2.17603,3.005,0.5537,85.0,0.00115,0.3,degraded
22.37,-31.75899,-31.4097,-0.3493,-22.11628,-20.00422,-2.11206,2.9153,2.9909,85.0,0.01188,0.3,degraded
22.38,-31.76548,-31.42716,-0.33831,-22.32014,-20.20984,-2.11029,2.9675,1.5712,85.0,0.00658,0.3,degraded
22.39,-31.77191,-31.43887,-0.33304,-22.52183,-20.41152,-2.11031,2.9913,2.9899,85.0,0.0,0.3,degraded
22.4,-31.77822,-31.45532,-0.3229,-22.72133,-20.68372,-2.03761,2.9898,3.0,85.0,0.00403,0.3,degraded
22.41,-31.78435,-31.46585,-0.3185,-22.91862,-20.88692,-2.0317,3.0053,3.0,85.0,0.00423,0.3,degraded
22.42,-31.79022,-31.48279,-0.30743,-23.11367,-21.08548,-2.0282,2.9959,2.9738,85.0,0.01738,0.3,degraded
22.43,-31.79577,-31.49291,-0.30285,-23.30646,-21.27578,-2.03068,3.0042,2.9967,85.0,0.00839,0.3,degraded
22.44,-31.80092,-31.50893,-0.29199,-23.49697,-21.49394,-2.00303,3.0075,2.9994,85.0,0.01994,0.3,degraded
22.45,-31.80562,-31.52142,-0.28419,-23.68517,-21.69745,-1.98771,2.9737,3.0,85.0,0.00706,0.3,degraded
22.46,-31.80979,-31.54089,-0.2689,-23.87104,-21.89279,-1.97824,3.0235,2.9904,85.0,0.0163,0.3,degraded
22.47,-31.81336,-31.5541,-0.25926,-24.05456,-22.07087,-1.98369,2.9858,0.4689,85.0,0.0071,0.3,degraded
22.48,-31.81627,-31.57275,-0.24351,-24.23571,-22.33462,-1.90108,3.0026,3.0,85.0,0.01438,0.3,degraded
22.49,-31.81844,-31.58434,-0.2341,-24.41447,-22.51426,-1.90021,3.0147,2.9813,85.0,0.00519,0.3,degraded
22.5,-31.81981,-31.60059,-0.21922,-24.59081,-22.74734,-1.84348,3.015,3.0,85.0,0.01167,0.3,degraded
22.51,-31.8203,-31.61239,-0.20791,-24.76473,-22.92008,-1.84465,3.0105,1.1783,85.0,0.00305,0.3,degraded
22.52,-31.81986,-31.62768,-0.19217,-24.9362,-23.12123,-1.81497,2.973,2.9819,85.0,0.01131,0.3,degraded
22.53,-31.8184,-31.6363,-0.1821,-25.1052,-23.2903,-1.8149,2.9991,3.0,85.0,0.00261,0.3,degraded
22.54,-31.81587,-31.64915,-0.16671,-25.27171,-23.46485,-1.80686,3.0026,3.0,85.0,0.0021,0.3,degraded
22.55,-31.81218,-31.65355,-0.15864,-25.43572,-23.65968,-1.77604,2.9996,3.0,85.0,0.0134,0.3,degraded
22.56,-31.80729,-31.66399,-0.1433,-25.59721,-23.83206,-1.76516,2.9951,0.5011,85.0,0.00319,0.3,degraded
22.57,-31.8011,-31.6704,-0.13071,-25.75616,-24.06118,-1.69498,3.0135,2.9979,85.0,0.01024,0.3,degraded
22.58,-31.79357,-31.68367,-0.1099,-25.91257,-24.22127,-1.69129,3.0149,2.4246,85.0,0.02077,0.3,degraded
22.59,-31.78461,-31.68838,-0.09624,-26.0664,-24.39905,-1.66735,2.9886,2.9853,85.0,0.01961,0.3,degraded
22.6,-31.77417,-31.69958,-0.07459,-26.21765,-24.55727,-1.66038,2.9838,2.9904,85.0,0.00491,0.3,degraded
22.61,-31.76217,-31.70231,-0.05986,-26.36631,-24.7281,-1.63821,2.9984,3.0,85.0,0.00459,0.3,degraded
22.62,-31.74855,-31.70978,-0.03878,-26.51235,-24.88258,-1.62977,3.0137,3.0,85.0,0.00893,0.3,degraded
22.63,-31.73324,-31.71202,-0.02122,-26.65578,-25.06026,-1.59551,2.9951,3.0,85.0,0.0031,0.3,degraded
22.64,-31.71618,-31.71817,0.00199,-26.79656,-25.21269,-1.58387,2.9983,3.0,85.0,0.00793,0.3,degraded
22.65,-31.6973,-31.71791,0.02061,-26.9347,-25.3685,-1.5662,3.0095,3.0,85.0,0.0112,0.3,degraded
22.66,-31.67653,-31.72513,0.0486,-27.07019,-25.56648,-1.50371,3.0111,3.0,85.0,0.00049,0.3,degraded
22.67,-31.65381,-31.724,0.07019,-27.203,-25.70951,-1.49349,2.9744,2.9933,85.0,0.00167,0.3,degraded
22.68,-31.62908,-31.72787,0.09879,-27.33313,-25.86763,-1.46551,2.9734,2.9736,85.0,0.00562,0.3,degraded
22.69,-31.60226,-31.72662,0.12435,-27.46058,-25.9942,-1.46637,3.0126,2.9981,85.0,0.00653,0.3,degraded
22.7,-31.57331,-31.73438,0.16107,-27.58533,-26.1505,-1.43482,2.994,2.9962,85.0,0.01033,0.3,degraded
22.71,-31.54215,-31.73568,0.19353,-27.70737,-26.34864,-1.35872,2.9751,3.0,85.0,0.00484,0.3,degraded
22.72,-31.50873,-31.74278,0.23405,-27.82669,-26.50587,-1.32082,3.0106,2.996,85.0,0.00976,0.3,degraded
22.73,-31.47298,-31.7448,0.27182,-27.9433,-26.60579,-1.33751,3.0148,3.0,85.0,0.0023,0.3,degraded
22.74,-31.43485,-31.75283,0.31798,-28.05717,-26.77205,-1.28513,3.0115,2.9868,85.0,0.00562,0.3,degraded
22.75,-31.39426,-31.75725,0.36299,-28.16831,-26.87977,-1.28854,3.016,3.0,85.0,0.00642,0.3,degraded
22.76,-31.35118,-31.76913,0.41796,-28.27671,-26.97002,-1.30669,3.0239,3.0,85.0,0.00946,0.3,degraded
22.77,-31.30552,-31.77452,0.469,-28.38237,-27.07868,-1.30369,3.0046,3.0,85.0,0.00627,0.3,degraded
22.78,-31.25725,-31.78677,0.52951,-28.48527,-27.2387,-1.24657,3.0207,2.9737,85.0,0.01187,0.3,degraded
22.79,-31.2063,-31.79103,0.58473,-28.58542,-27.32717,-1.25825,3.0307,3.0,85.0,0.00102,0.3,degraded
22.8,-31.15262,-31.80248,0.64986,-28.68281,-27.41604,-1.26678,3.0013,3.0,85.0,0.00398,0.3,degraded
22.81,-31.09615,-31.80773,0.71158,-28.77745,-27.5018,-1.27565,2.9881,3.0,85.0,0.00451,0.3,degraded
22.82,-31.03683,-31.80544,0.7686,-28.86932,-27.59704,-1.27227,2.9946,2.9943,85.0,0.00085,0.3,degraded
22.83,-30.97463,-31.7878,0.81317,-28.95842,-27.68736,-1.27106,3.0093,3.0,85.0,0.01062,0.3,degraded
22.84,-30.90948,-31.77564,0.86616,-29.04476,-27.84499,-1.19977,3.0217,2.9994,85.0,0.00475,0.3,degraded
22.85,-30.84133,-31.73343,0.8921,-29.12834,-27.9735,-1.15484,2.995,3.0,85.0,0.0082,0.3,degraded
22.86,-30.77013,-31.69608,0.92595,-29.20915,-28.06842,-1.14073,3.0253,3.0,85.0,0.00306,0.3,degraded
22.87,-30.69584,-31.65285,0.95701,-29.2872,-28.15592,-1.13128,3.0157,2.9885,85.0,0.00437,0.3,degraded
22.88,-30.6184,-31.60218,0.98378,-29.36248,-28.2495,-1.11298,3.0313,3.0,85.0,0.0,0.3,degraded
22.89,-30.53778,-31.54324,1.00547,-29.435,-28.33905,-1.09595,2.996,3.0,85.0,0.00436,0.3,degraded
22.9,-30.45392,-31.48146,1.02755,-29.50476,-28.43698,-1.06779,2.9988,3.0,85.0,0.00715,0.3,degraded
22.91,-30.36677,-31.39937,1.0326,-29.57177,-28.51822,-1.05355,3.0022,2.9929,85.0,0.0,0.3,degraded
22.92,-30.27631,-31.32453,1.04821,-29.63602,-28.60287,-1.03315,2.9798,3.0,85.0,0.00159,0.3,degraded
22.93,-30.18248,-31.24326,1.06078,-29.69753,-28.67956,-1.01796,2.9917,2.9929,85.0,0.00372,0.3,degraded
22.94,-30.08525,-31.16922,1.08397,-29.75629,-28.76191,-0.99438,2.9698,3.0,85.0,0.0,0.3,degraded
22.95,-29.98457,-31.0825,1.09793,-29.81231,-28.83974,-0.97256,3.0051,3.0,85.0,0.00792,0.3,degraded
22.96,-29.88041,-30.95423,1.07382,-29.86559,-28.92297,-0.94262,3.0204,2.9703,85.0,0.00388,0.3,degraded
22.97,-29.77273,-30.83546,1.06274,-29.91615,-28.99851,-0.91764,3.0005,2.9994,85.0,0.00166,0.3,degraded
22.98,-29.66149,-30.71072,1.04923,-29.96399,-29.07949,-0.8845,3.0223,2.9726,85.0,0.00042,0.3,degraded
22.99,-29.54666,-30.61554,1.06888,-30.00912,-29.15418,-0.85494,3.0161,2.9921,85.0,0.00862,0.3,degraded
23.0,-29.4282,-30.53333,1.10513,-30.05154,-29.23753,-0.81401,3.002,2.9881,85.0,0.00665,0.3,degraded
23.01,-29.30609,-30.34928,1.04319,-30.09126,-29.31457,-0.7767,3.0067,2.9923,85.0,0.00126,0.3,degraded
23.02,-29.1803,-30.23225,1.05195,-30.1283,-29.39581,-0.73249,3.0019,2.9959,85.0,0.01039,0.3,degraded
23.03,-29.05079,-30.11246,1.06168,-30.16266,-29.46902,-0.69363,3.0086,3.0,85.0,0.00635,0.3,degraded
23.04,-28.91753,-29.93124,1.0137,-30.19435,-29.5507,-0.64365,3.0068,3.0,85.0,0.01179,0.3,degraded
23.05,-28.78051,-29.80661,1.0261,-30.22338,-29.62757,-0.59581,2.9837,2.9955,85.0,0.01161,0.3,degraded
23.06,-28.63969,-29.72134,1.08165,-30.24976,-29.71139,-0.53837,3.0216,3.0,85.0,0.00357,0.3,degraded
23.07,-28.49505,-29.56062,1.06557,-30.27351,-29.78984,-0.48367,3.008,2.9967,85.0,0.01084,0.3,degraded
23.08,-28.34658,-29.4406,1.09402,-30.29463,-29.87147,-0.42316,2.9998,2.9991,85.0,0.00504,0.3,degraded
23.09,-28.19424,-29.27453,1.08029,-30.31315,-29.94473,-0.36842,3.0108,2.958,85.0,0.00825,0.3,degraded
23.1,-28.03802,-29.16394,1.12592,-30.32906,-30.02025,-0.30882,3.0146,3.0,85.0,0.00335,0.3,degraded
23.11,-27.87791,-29.05551,1.1776,-30.3424,-30.08991,-0.25248,2.9809,3.0,85.0,0.00548,0.3,degraded
23.12,-27.71388,-28.91663,1.20274,-30.35316,-30.16419,-0.18897,3.0121,3.0,85.0,0.00367,0.3,degraded
23.13,-27.54593,-28.79094,1.24502,-30.36136,-30.22909,-0.13227,2.9934,2.9925,85.0,0.00492,0.3,degraded
23.14,-27.37403,-28.63758,1.26355,-30.36702,-30.30016,-0.06686,3.0186,2.9883,85.0,0.005,0.3,degraded
23.15,-27.19818,-28.47412,1.27594,-30.37016,-30.36673,-0.00343,2.9899,3.0,85.0,0.01833,0.3,degraded
23.16,-27.01837,-28.34485,1.32649,-30.37079,-30.43752,0.06674,1.4221,2.9892,85.0,0.01386,0.3,degraded
23.17,-26.83458,-28.17453,1.33995,-30.36892,-30.50252,0.13361,3.0076,2.9999,85.0,0.00594,0.3,degraded
23.18,-26.64681,-28.00464,1.35782,-30.36457,-30.57381,0.20923,2.9832,2.9961,85.0,0.00583,0.3,degraded
23.19,-26.45506,-27.84425,1.38919,-30.35777,-30.63749,0.27972,3.0064,2.9796,85.0,0.01497,0.3,degraded
23.2,-26.25932,-27.68731,1.42799,-30.34852,-30.70181,0.35329,3.0048,2.2116,85.0,0.00843,0.3,degraded
23.21,-26.05959,-27.51932,1.45972,-30.33685,-30.71794,0.38108,3.0287,3.0,85.0,0.01634,0.3,degraded
23.22,-25.85587,-27.3129,1.45703,-30.32278,-30.74142,0.41864,2.9742,2.9828,85.0,0.01944,0.3,degraded
23.23,-25.64815,-27.08694,1.43878,-30.30631,-30.75781,0.4515,2.998,3.0,85.0,0.01321,0.3,degraded
23.24,-25.43645,-26.92442,1.48797,-30.28748,-30.77971,0.49223,3.0146,3.0,85.0,0.02235,0.3,degraded
23.25,-25.22075,-26.75359,1.53284,-30.2663,-30.79158,0.52528,2.9981,3.0,85.0,0.01063,0.3,degraded
23.26,-25.00108,-26.56923,1.56815,-30.2428,-30.80771,0.56492,2.9897,3.0,85.0,0.02402,0.3,degraded
23.27,-24.77743,-26.36507,1.58763,-30.21698,-30.81968,0.60269,3.0226,3.0,85.0,0.01884,0.3,degraded
23.28,-24.54982,-26.16537,1.61556,-30.18888,-30.83133,0.64245,3.0365,3.0,85.0,0.00129,0.3,degraded
23.29,-24.31825,-25.90929,1.59104,-30.15852,-30.83342,0.67491,3.0091,3.0,85.0,0.00671,0.3,degraded
23.3,-24.08273,-25.69509,1.61236,-30.12591,-30.80083,0.67493,3.0015,2.9732,85.0,0.01246,0.3,degraded
23.31,-23.84329,-25.48837,1.64508,-30.09108,-30.75773,0.66665,3.0152,3.0,85.0,0.00215,0.3,degraded
23.32,-23.59992,-25.28805,1.68813,-30.05404,-30.72367,0.66963,3.0067,3.0,85.0,0.00441,0.3,degraded
23.33,-23.35265,-25.06721,1.71456,-30.01484,-30.68685,0.67201,2.9937,3.0,85.0,0.00788,0.3,degraded
23.34,-23.1015,-24.85933,1.75782,-29.97348,-30.65969,0.68622,2.9807,3.0,85.0,0.00377,0.3,degraded
23.35,-22.84649,-24.63067,1.78418,-29.92998,-30.62659,0.6966,3.0165,2.9771,85.0,0.00943,0.3,degraded
23.36,-22.58763,-24.35161,1.76398,-29.88439,-30.59778,0.7134,3.0112,2.9891,85.0,0.00693,0.3,degraded
23.37,-22.32495,-24.09768,1.77273,-29.8367,-30.56204,0.72534,3.0006,2.9969,85.0,0.00035,0.3,degraded
23.38,-22.05847,-23.86156,1.80309,-29.78696,-30.52895,0.74198,3.0115,2.9828,85.0,0.0,0.3,degraded
23.39,-21.78822,-23.60472,1.8165,-29.73519,-30.48944,0.75425,2.9839,3.0,85.0,0.0074,0.3,degraded
23.4,-21.51422,-23.3706,1.85638,-29.68141,-30.45832,0.77691,3.022,2.9944,85.0,0.0035,0.3,degraded
23.41,-21.2365,-23.14305,1.90655,-29.62564,-30.42041,0.79477,3.0098,2.9909,85.0,0.00233,0.3,degraded
23.42,-20.95509,-22.82797,1.87288,-29.56791,-30.38781,0.8199,3.0132,3.0,85.0,0.0079,0.3,degraded
23.43,-20.67003,-22.56878,1.89875,-29.50825,-30.34362,0.83537,3.0069,2.9954,85.0,0.00658,0.3,degraded
23.44,-20.38134,-22.33408,1.95274,-29.44669,-30.30283,0.85614,2.9961,3.0,85.0,0.00136,0.3,degraded
23.45,-20.08905,-22.10636,2.0173,-29.38324,-30.24836,0.86513,3.0145,2.9805,85.0,0.0131,0.3,degraded
23.46,-19.79322,-21.82699,2.03377,-29.31794,-30.18163,0.86369,2.9997,2.9833,85.0,0.004,0.3,degraded
23.47,-19.49386,-21.55273,2.05887,-29.25081,-30.11011,0.8593,2.9943,2.9818,85.0,0.0048,0.3,degraded
23.48,-19.19102,-21.3042,2.11318,-29.18187,-30.04485,0.86297,2.9942,2.9714,85.0,0.01219,0.3,degraded
23.49,-18.88474,-20.97528,2.09054,-29.11117,-29.97062,0.85945,3.0142,3.0,85.0,0.0054,0.3,degraded
23.5,-18.57506,-20.68197,2.10691,-29.03872,-29.90612,0.8674,2.9983,3.0,85.0,0.00449,0.3,degraded
23.51,-18.26202,-20.41727,2.15525,-28.96454,-29.83993,0.87538,3.0263,3.0,85.0,0.01079,0.3,degraded
23.52,-17.94567,-20.13099,2.18532,-28.88868,-29.78415,0.89547,3.0264,3.0,85.0,0.00207,0.3,degraded
23.53,-17.62605,-19.82489,2.19884,-28.81115,-29.72159,0.91044,2.9847,3.0,85.0,0.00122,0.3,degraded
23.54,-17.3032,-19.52602,2.22282,-28.73198,-29.65913,0.92714,2.9798,3.0,85.0,0.00562,0.3,degraded
23.55,-16.97718,-19.19644,2.21926,-28.65121,-29.58942,0.93821,3.0153,2.9976,85.0,0.01471,0.3,degraded
23.56,-16.64803,-18.92788,2.27985,-28.56886,-29.51842,0.94956,3.0218,2.9952,85.0,0.00673,0.3,degraded
23.57,-16.3158,-18.59684,2.28104,-28.48495,-29.42316,0.93821,3.0265,2.9894,85.0,0.00562,0.3,degraded
23.58,-15.98055,-18.26996,2.2894,-28.39952,-29.33228,0.93276,3.0082,2.9759,85.0,0.00758,0.3,degraded
23.59,-15.64233,-17.97991,2.33758,-28.3126,-29.23392,0.92132,2.9963,3.0,85.0,0.00239,0.3,degraded
23.6,-15.30118,-17.69395,2.39276,-28.22421,-29.14264,0.91843,2.9878,2.9978,85.0,0.00458,0.3,degraded
23.61,-14.95718,-17.37405,2.41687,-28.13438,-29.04528,0.9109,3.0001,2.9998,85.0,0.0102,0.3,degraded
23.62,-14.61036,-17.05351,2.44314,-28.04315,-28.95489,0.91174,2.9621,3.0,85.0,0.0,0.3,degraded
23.63,-14.2608,-16.75205,2.49126,-27.95054,-28.85619,0.90565,3.0006,2.9972,85.0,0.01903,0.3,degraded
23.64,-13.90854,-16.421,2.51247,-27.85658,-28.76664,0.91007,3.0034,3.0,85.0,0.01849,0.3,degraded
23.65,-13.55364,-16.11853,2.56489,-27.76129,-28.67084,0.90955,3.0209,3.0,85.0,0.00647,0.3,degraded
23.66,-13.19618,-15.72414,2.52796,-27.66472,-28.57944,0.91472,3.0003,3.0,85.0,0.00328,0.3,degraded
23.67,-12.8362,-15.36867,2.53247,-27.56688,-28.48172,0.91484,2.9848,3.0,85.0,0.00764,0.3,degraded
23.68,-12.47378,-15.03442,2.56064,-27.46781,-28.39064,0.92283,3.01,2.9939,85.0,0.00305,0.3,degraded
23.69,-12.10896,-14.64488,2.53592,-27.36753,-28.29535,0.92782,2.9928,2.9916,85.0,0.01225,0.3,degraded
23.7,-11.74183,-14.32116,2.57933,-27.26608,-28.2085,0.94242,3.0234,3.0,85.0,0.02556,0.3,degraded
23.71,-11.37245,-13.93755,2.56511,-27.16349,-28.11857,0.95508,3.0124,3.0,85.0,0.02094,0.3,degraded
23.72,-11.00087,-13.57433,2.57346,-27.05978,-28.03614,0.97636,2.9909,2.9874,85.0,0.00228,0.3,degraded
23.73,-10.62717,-13.24742,2.62025,-26.95498,-27.95053,0.99555,2.9864,3.0,85.0,0.00689,0.3,degraded
23.74,-10.25142,-12.91065,2.65923,-26.84912,-27.86805,1.01893,2.9991,3.0,85.0,0.00217,0.3,degraded
23.75,-9.87368,-12.5657,2.69202,-26.74224,-27.77434,1.0321,2.9767,3.0,85.0,0.0,0.3,degraded
23.76,-9.49402,-12.21992,2.72589,-26.63436,-27.6876,1.05324,2.995,3.0,85.0,0.01239,0.3,degraded
23.77,-9.11253,-11.8931,2.78058,-26.52551,-27.59237,1.06687,2.9958,3.0,85.0,0.00601,0.3,degraded
23.78,-8.72925,-11.50075,2.77149,-26.41571,-27.49991,1.08419,2.9833,3.0,85.0,0.0,0.3,degraded
23.79,-8.34428,-11.16201,2.81773,-26.30501,-27.40113,1.09612,3.0154,3.0,85.0,0.02362,0.3,degraded
23.8,-7.95767,-10.7928,2.83512,-26.19342,-27.30027,1.10685,3.0214,1.9163,85.0,0.01596,0.3,degraded
23.81,-7.56951,-10.42311,2.8536,-26.08098,-27.17959,1.09861,3.0049,2.9903,85.0,0.00725,0.3,degraded
23.82,-7.17987,-10.04575,2.86588,-25.96771,-27.08322,1.11551,2.9952,2.9942,85.0,0.0037,0.3,degraded
23.83,-6.78882,-9.694,2.90518,-25.85365,-26.97958,1.12593,3.0154,2.9864,85.0,0.0355,0.3,degraded
23.84,-6.39644,-9.31057,2.91413,-25.73882,-26.80835,1.06953,3.0054,2.9951,85.0,0.02378,0.3,degraded
23.85,-6.0028,-8.95639,2.9536,-25.62324,-26.61932,0.99608,2.7396,2.9981,85.0,0.03897,0.3,degraded
23.86,-5.60797,-8.55831,2.95034,-25.50696,-26.51313,1.00616,2.9712,2.9951,85.0,0.02581,0.3,degraded
23.87,-5.21205,-8.16414,2.95209,-25.39,-26.41581,1.02581,3.0005,2.9793,85.0,0.0,0.3,degraded
23.88,-4.81509,-7.7713,2.95621,-25.27237,-26.32285,1.05048,2.9934,2.9707,85.0,0.00412,0.3,degraded
23.89,-4.41719,-7.39095,2.97377,-25.15413,-26.22261,1.06849,2.9835,3.0,85.0,0.00912,0.3,degraded
23.9,-4.01841,-7.02457,3.00616,-25.03528,-26.12739,1.09211,2.9906,3.0,85.0,0.01299,0.3,degraded
23.91,-3.61884,-6.58387,2.96502,-24.91586,-25.95379,1.03793,3.0124,3.0,85.0,0.00399,0.3,degraded
23.92,-3.21855,-6.18308,2.96453,-24.79589,-25.83637,1.04048,3.0068,3.0,85.0,0.01122,0.3,degraded
23.93,-2.81763,-5.7837,2.96607,-24.67541,-25.73789,1.06248,3.0123,3.0,85.0,0.0,0.3,degraded
23.94,-2.41615,-5.37291,2.95676,-24.55444,-25.64521,1.09077,2.992,2.9936,85.0,0.01862,0.3,degraded
23.95,-2.01419,-5.00899,2.9948,-24.433,-25.47947,1.04647,3.0085,2.9983,85.0,0.00948,0.3,degraded
23.96,-1.61183,-4.62037,3.00853,-24.31113,-25.34136,1.03023,3.0023,3.0,85.0,0.00855,0.3,degraded
23.97,-1.20915,-4.21302,3.00387,-24.18884,-25.24059,1.05175,2.9725,3.0,85.0,0.00624,0.3,degraded
23.98,-0.80624,-3.83402,3.02778,-24.06617,-25.14888,1.08271,3.005,2.979,85.0,0.01966,0.3,degraded
23.99,-0.40316,-3.44915,3.046,-23.94314,-25.04888,1.10574,3.0036,2.9796,85.0,0.02103,0.3,degraded
24.0,-0.0,-3.07014,3.07014,-23.81978,-24.92691,1.10713,2.9596,3.0,85.0,0.00291,0.3,degraded
24.01,0.40316,-2.6629,3.06606,-23.6961,-24.81059,1.11448,2.9928,3.0,85.0,0.0124,0.3,degraded
24.02,0.80624,-2.2787,3.08494,-23.57215,-24.71318,1.14103,2.0162,2.9998,85.0,0.01786,0.3,degraded
24.03,1.20915,-1.89619,3.10535,-23.44794,-24.53225,1.08431,3.026,3.0,85.0,0.02681,0.3,degraded
24.04,1.61183,-1.50339,3.11522,-23.32349,-24.42129,1.09781,0.4999,2.996,85.0,0.0174,0.3,degraded
24.05,2.01419,-1.0394,3.05359,-23.19883,-24.32155,1.12272,2.9729,3.0,85.0,0.01857,0.3,degraded
24.06,2.41615,-0.64301,3.05916,-23.07399,-24.19815,1.12416,2.9984,3.0,85.0,0.01188,0.3,degraded
24.07,2.81763,-0.20958,3.02721,-22.94899,-24.06361,1.11462,3.0178,0.8568,85.0,0.00686,0.3,degraded
24.08,3.21855,0.19191,3.02664,-22.82384,-23.89368,1.06984,2.9813,3.0,85.0,0.01524,0.3,degraded
24.09,3.61884,0.59405,3.02479,-22.69859,-23.78772,1.08913,2.9834,2.8136,85.0,0.0055,0.3,degraded
24.1,4.01841,0.97101,3.0474,-22.57324,-23.67204,1.09881,3.0106,3.0,85.0,0.00531,0.3,degraded
24.11,4.41719,1.36968,3.04751,-22.44782,-23.57274,1.12493,2.9867,3.0,85.0,0.01319,0.3,degraded
24.12,4.81509,1.76139,3.0537,-22.32235,-23.44518,1.12283,2.9878,3.0,85.0,0.0046,0.3,degraded
24.13,5.21205,2.14493,3.06712,-22.19685,-23.28896,1.09211,2.3109,2.9955,85.0,0.0111,0.3,degraded
24.14,5.60797,2.5408,3.06717,-22.07135,-23.17833,1.10698,3.018,1.6733,85.0,0.0096,0.3,degraded
24.15,6.0028,2.93239,3.07041,-21.94587,-23.05121,1.10534,1.3602,3.0,85.0,0.00645,0.3,degraded
24.16,6.39644,3.33829,3.05815,-21.82042,-22.95656,1.13614,3.0106,2.6101,85.0,0.01832,0.3,degraded
24.17,6.78882,3.71767,3.07115,-21.69503,-22.77527,1.08024,3.0084,3.0,85.0,0.01086,0.3,degraded
24.18,7.17987,4.13971,3.04016,-21.56972,-22.63468,1.06497,3.0247,2.9863,85.0,0.00836,0.3,degraded
24.19,7.56951,4.57299,2.99652,-21.4445,-22.53479,1.09029,3.0028,2.9858,85.0,0.01229,0.3,degraded
24.2,7.95767,4.95606,3.00161,-21.3194,-22.44175,1.12235,0.6422,3.0,85.0,0.02674,0.3,degraded
24.21,8.34428,5.39283,2.95145,-21.19443,-22.34156,1.14713,3.0063,2.9231,85.0,0.00931,0.3,degraded
24.22,8.72925,5.8244,2.90485,-21.06962,-22.15227,1.08265,2.9771,2.9913,85.0,0.01569,0.3,degraded
24.23,9.11253,6.19831,2.91421,-20.94498,-22.02172,1.07674,2.987,3.0,85.0,0.01848,0.3,degraded
24.24,9.49402,6.55302,2.94101,-20.82053,-21.93069,1.11016,2.9839,2.9839,85.0,0.00738,0.3,degraded
24.25,9.87368,7.01504,2.85864,-20.69629,-21.83133,1.13504,3.0113,3.0,85.0,0.00563,0.3,degraded
24.26,10.25142,7.40752,2.8439,-20.57227,-21.73582,1.16356,2.9882,2.9354,85.0,0.02176,0.3,degraded
24.27,10.62717,7.75489,2.87228,-20.44848,-21.51926,1.07078,2.9856,3.0,85.0,0.00424,0.3,degraded
24.28,11.00087,8.10132,2.89954,-20.32496,-21.37237,1.04741,2.9728,3.0,85.0,0.01661,0.3,degraded
24.29,11.37245,8.52447,2.84797,-20.20171,-21.27846,1.07675,3.0186,2.8844,85.0,0.00575,0.3,degraded
24.3,11.74183,8.88085,2.86098,-20.07874,-21.18848,1.10974,3.0204,2.9913,85.0,0.00236,0.3,degraded
24.31,12.10896,9.30634,2.80262,-19.95608,-21.06768,1.1116,2.9996,2.9923,85.0,0.00413,0.3,degraded
24.32,12.47378,9.69464,2.77913,-19.83373,-20.97304,1.13931,3.0196,2.9725,85.0,0.01256,0.3,degraded
24.33,12.8362,10.05183,2.78437,-19.71171,-20.79893,1.08722,3.0234,3.0,85.0,0.0,0.3,degraded
24.34,13.19618,10.4371,2.75908,-19.59004,-20.66621,1.07617,2.9923,3.0,85.0,0.01207,0.3,degraded
24.35,13.55364,10.78643,2.76721,-19.46872,-20.57401,1.10529,2.9886,2.9759,85.0,0.00809,0.3,degraded
24.36,13.90854,11.14138,2.76716,-19.34777,-20.4816,1.13383,3.0147,3.0,85.0,0.01944,0.3,degraded
24.37,14.2608,11.47032,2.79048,-19.2272,-20.37763,1.15042,1.8909,3.0,85.0,0.01428,0.3,degraded
24.38,14.61036,11.81221,2.79815,-19.10703,-20.25592,1.14889,2.2806,3.0,85.0,0.00701,0.3,degraded
24.39,14.95718,12.16911,2.78806,-18.98726,-20.15275,1.16549,2.9869,3.0,85.0,0.01498,0.3,degraded
24.4,15.30118,12.53106,2.77013,-18.86791,-20.04026,1.17234,2.9972,0.7469,85.0,0.00449,0.3,degraded
24.41,15.64233,12.90169,2.74063,-18.74898,-19.85343,1.10444,3.017,3.0,85.0,0.01698,0.3,degraded
24.42,15.98055,13.25357,2.72698,-18.63049,-19.73998,1.10949,2.9848,3.0,85.0,0.00812,0.3,degraded
24.43,16.3158,13.62099,2.69481,-18.51245,-19.64168,1.12923,3.0034,2.993,85.0,0.01142,0.3,degraded
24.44,16.64803,13.95198,2.69605,-18.39486,-19.5056,1.11075,3.0167,2.9952,85.0,0.01292,0.3,degraded
24.45,16.97718,14.33415,2.64303,-18.27773,-19.32576,1.04803,2.9789,2.9967,85.0,0.0177,0.3,degraded
24.46,17.3032,14.70293,2.60027,-18.16108,-19.22153,1.06045,2.9984,2.9926,85.0,0.00658,0.3,degraded
24.47,17.62605,15.02616,2.59988,-18.0449,-19.12337,1.07847,1.4417,2.9818,85.0,0.00798,0.3,degraded
24.48,17.94567,15.35928,2.58639,-17.92921,-19.03508,1.10587,3.006,2.994,85.0,0.0034,0.3,degraded
24.49,18.26202,15.73302,2.529,-17.81401,-18.93804,1.12403,2.9803,2.9991,85.0,0.00024,0.3,degraded
24.5,18.57506,16.08025,2.49481,-17.69931,-18.84147,1.14216,2.9753,2.9917,85.0,0.01399,0.3,degraded
24.51,18.88474,16.37918,2.50556,-17.58512,-18.73803,1.15291,2.9876,3.0,85.0,0.01622,0.3,degraded
24.52,19.19102,16.74964,2.44138,-17.47144,-18.58396,1.11252,2.9698,2.9948,85.0,0.00207,0.3,degraded
24.53,19.49386,17.07732,2.41654,-17.35827,-18.42502,1.06675,2.9878,3.0,85.0,0.01537,0.3,degraded
24.54,19.79322,17.41023,2.38299,-17.24562,-18.33211,1.08649,3.0077,2.9849,85.0,0.00882,0.3,degraded
24.55,20.08905,17.76242,2.32663,-17.13349,-18.23475,1.10125,2.984,2.9945,85.0,0.01085,0.3,degraded
24.56,20.38134,18.04605,2.33529,-17.0219,-18.14052,1.11863,2.9734,3.0,85.0,0.01131,0.3,degraded
24.57,20.67003,18.33359,2.33644,-16.91083,-18.04022,1.12939,0.1231,3.0,85.0,0.03057,0.3,degraded
24.58,20.95509,18.69396,2.26113,-16.80029,-17.92095,1.12065,2.9901,2.9975,85.0,0.00081,0.3,degraded
24.59,21.2365,18.99787,2.23863,-16.69029,-17.81435,1.12406,3.0067,2.9876,85.0,0.01023,0.3,degraded
24.6,21.51422,19.29309,2.22113,-16.58083,-17.68159,1.10076,3.0055,3.0,85.0,0.00752,0.3,degraded
24.61,21.78822,19.62111,2.1671,-16.4719,-17.53081,1.05891,2.9946,3.0,85.0,0.02023,0.3,degraded
24.62,22.05847,19.88155,2.17692,-16.36352,-17.43555,1.07203,3.0031,3.0,85.0,0.01994,0.3,degraded
24.63,22.32495,20.17081,2.15414,-16.25567,-17.33187,1.0762,3.0073,2.9873,85.0,0.02107,0.3,degraded
24.64,22.58763,20.42783,2.1598,-16.14835,-17.23617,1.08782,3.0008,3.0,85.0,0.00475,0.3,degraded
24.65,22.84649,20.69118,2.15531,-16.04158,-17.13527,1.09369,3.0097,2.9445,85.0,0.04178,0.3,degraded
24.66,23.1015,20.96639,2.13512,-15.93534,-17.029,1.09365,2.997,1.1494,85.0,0.02973,0.3,degraded
24.67,23.35265,21.30552,2.04714,-15.82964,-16.8689,1.03926,3.0012,2.9765,85.0,0.02363,0.3,degraded
24.68,23.59992,21.57692,2.023,-15.72447,-16.77566,1.05119,2.967,3.0,85.0,0.00336,0.3,degraded
24.69,23.84329,21.83868,2.0046,-15.61983,-16.67533,1.0555,2.9904,3.0,85.0,0.00674,0.3,degraded
24.7,24.08273,22.10371,1.97902,-15.51572,-16.58051,1.06479,3.0006,2.6784,85.0,0.00499,0.3,degraded
24.71,24.31825,22.34263,1.97562,-15.41213,-16.48018,1.06805,2.9948,3.0,85.0,0.00749,0.3,degraded
24.72,24.54982,22.57021,1.97961,-15.30907,-16.38447,1.0754,0.5527,2.9823,85.0,0.01851,0.3,degraded
24.73,24.77743,22.87163,1.9058,-15.20652,-16.28139,1.07488,2.9817,2.996,85.0,0.02182,0.3,degraded
24.74,25.00108,23.10448,1.8966,-15.10448,-16.13144,1.02696,3.003,3.0,85.0,0.00281,0.3,degraded
24.75,25.22075,23.35521,1.86554,-15.00294,-15.97961,0.97667,3.0027,3.0,85.0,0.01629,0.3,degraded
24.76,25.43645,23.57002,1.86643,-14.90191,-15.89082,0.98891,3.0016,3.0,85.0,0.00579,0.3,degraded
24.77,25.64815,23.857,1.79116,-14.80138,-15.79778,0.9964,2.9922,3.0,85.0,0.00099,0.3,degraded
24.78,25.85587,24.09093,1.76494,-14.70133,-15.70885,1.00753,2.9997,3.0,85.0,0.01237,0.3,degraded
24.79,26.05959,24.29934,1.76025,-14.60176,-15.61339,1.01163,3.0195,2.9795,85.0,0.00347,0.3,degraded
24.8,26.25932,24.48318,1.77614,-14.50267,-15.52382,1.02115,3.0315,3.0,85.0,0.00627,0.3,degraded
24.81,26.45506,24.75096,1.7041,-14.40405,-15.42622,1.02217,2.9982,2.9924,85.0,0.00674,0.3,degraded
24.82,26.64681,24.99745,1.64937,-14.30588,-15.33302,1.02713,2.9978,3.0,85.0,0.01462,0.3,degraded
24.83,26.83458,25.18799,1.64659,-14.20817,-15.23173,1.02357,3.0012,3.0,85.0,0.00055,0.3,degraded
24.84,27.01837,25.4067,1.61166,-14.1109,-15.13654,1.02565,2.9873,2.9905,85.0,0.00956,0.3,degraded
24.85,27.19818,25.60305,1.59513,-14.01406,-15.03519,1.02113,2.9953,3.0,85.0,0.00508,0.3,degraded
24.86,27.37403,25.80053,1.5735,-13.91764,-14.94126,1.02362,3.0241,2.9983,85.0,0.0109,0.3,degraded
24.87,27.54593,25.99396,1.55197,-13.82164,-14.84012,1.01849,3.0102,3.0,85.0,0.0306,0.3,degraded
24.88,27.71388,26.18169,1.53219,-13.72604,-14.74574,1.0197,3.0043,3.0,85.0,0.0065,0.3,degraded
24.89,27.87791,26.43833,1.43958,-13.63083,-14.64372,1.01289,2.9769,3.0,85.0,0.01021,0.3,degraded
24.9,28.03802,26.62693,1.4111,-13.53601,-14.54757,1.01156,2.9999,3.0,85.0,0.01046,0.3,degraded
24.91,28.19424,26.77516,1.41909,-13.44155,-14.44685,1.0053,2.9958,3.0,85.0,0.00637,0.3,degraded
24.92,28.34658,26.94363,1.40295,-13.34746,-14.35027,1.00281,2.992,2.9902,85.0,0.00539,0.3,degraded
24.93,28.49505,27.09997,1.39509,-13.25371,-14.16619,0.91248,3.015,2.9928,85.0,0.00275,0.3,degraded
24.94,28.63969,27.29728,1.34241,-13.16029,-14.05027,0.88998,3.0063,2.9867,85.0,0.01039,0.3,degraded
24.95,28.78051,27.44274,1.33777,-13.0672,-13.94619,0.87899,3.0096,2.9881,85.0,0.00482,0.3,degraded
24.96,28.91753,27.58356,1.33397,-12.97441,-13.86066,0.88624,3.0009,2.9909,85.0,0.0114,0.3,degraded
24.97,29.05079,27.75919,1.2916,-12.88192,-13.76971,0.88778,2.9938,3.0,85.0,0.00804,0.3,degraded
24.98,29.1803,27.94283,1.23747,-12.78971,-13.68078,0.89107,3.0073,3.0,85.0,0.00709,0.3,degraded
24.99,29.30609,28.08011,1.22598,-12.69777,-13.58347,0.8857,2.9999,3.0,85.0,0.00788,0.3,degraded
25.0,29.4282,28.24462,1.18359,-12.60608,-13.49307,0.88699,3.0177,2.9887,85.0,0.00816,0.3,degraded
25.01,29.54666,28.44821,1.09845,-12.51463,-13.39392,0.87929,3.0029,2.9815,85.0,0.01155,0.3,degraded
25.02,29.66149,28.58154,1.07995,-12.4234,-13.30179,0.87839,3.0072,2.9817,85.0,0.0002,0.3,degraded
25.03,29.77273,28.73895,1.03377,-12.33238,-13.20412,0.87174,3.0162,3.0,85.0,0.00531,0.3,degraded
25.04,29.88041,28.88265,0.99776,-12.24155,-13.11343,0.87188,2.9904,3.0,85.0,0.00966,0.3,degraded
25.05,29.98457,28.97619,1.00838,-12.1509,-13.01842,0.86752,3.0223,2.9929,85.0,0.00369,0.3,degraded
25.06,30.08525,29.11083,0.97442,-12.06041,-12.92915,0.86873,2.995,3.0,85.0,0.00558,0.3,degraded
25.07,30.18248,29.24263,0.93985,-11.97007,-12.83298,0.86291,3.011,2.9762,85.0,0.00778,0.3,degraded
25.08,30.27631,29.31973,0.95658,-11.87986,-12.74475,0.8649,3.0029,2.9814,85.0,0.00094,0.3,degraded
25.09,30.36677,29.40116,0.96562,-11.78975,-12.64995,0.8602,3.0294,2.9788,85.0,0.00426,0.3,degraded
25.1,30.45392,29.47845,0.97546,-11.69974,-12.56242,0.86267,3.0239,3.0,85.0,0.00127,0.3,degraded
25.11,30.53778,29.5644,0.97338,-11.60981,-12.46991,0.86009,2.9737,2.9982,85.0,0.0079,0.3,degraded
25.12,30.6184,29.68827,0.93013,-11.51994,-12.38349,0.86355,3.0077,2.9762,85.0,0.00817,0.3,degraded
25.13,30.69584,29.84371,0.85213,-11.43012,-12.28781,0.85769,3.0109,2.9821,85.0,0.0136,0.3,degraded
25.14,30.77013,29.93287,0.83726,-11.34031,-12.19325,0.85294,2.9844,2.9948,85.0,0.00422,0.3,degraded
25.15,30.84133,30.00556,0.83577,-11.25052,-12.09229,0.84177,2.9791,2.9935,85.0,0.00503,0.3,degraded
25.16,30.90948,30.07015,0.83932,-11.16071,-12.01008,0.84937,3.033,3.0,85.0,0.00176,0.3,degraded
25.17,30.97463,30.14044,0.83419,-11.07088,-11.92253,0.85165,3.0102,3.0,85.0,0.0,0.3,degraded
25.18,31.03683,30.20824,0.82859,-10.981,-11.84105,0.86006,3.0052,2.9962,85.0,0.00383,0.3,degraded
25.19,31.09615,30.29084,0.80531,-10.89105,-11.75365,0.8626,2.9961,3.0,85.0,0.00252,0.3,degraded
25.2,31.15262,30.3671,0.78552,-10.80102,-11.67196,0.87094,3.0156,2.9817,85.0,0.0,0.3,degraded
25.21,31.2063,30.45191,0.75439,-10.71088,-11.5827,0.87182,2.9908,3.0,85.0,0.00239,0.3,degraded
25.22,31.25725,30.52904,0.72821,-10.62062,-11.5001,0.87948,3.0028,3.0,85.0,0.00407,0.3,degraded
25.23,31.30552,30.61023,0.6953,-10.53022,-11.40818,0.87796,3.0121,2.998,85.0,0.0,0.3,degraded
25.24,31.35118,30.68385,0.66733,-10.43966,-11.32289,0.88323,3.0099,3.0,85.0,0.00192,0.3,degraded
25.25,31.39426,30.76313,0.63113,-10.34891,-11.23061,0.88169,2.9896,2.9917,85.0,0.00381,0.3,degraded
25.26,31.43485,30.836,0.59885,-10.25797,-11.14258,0.88461,2.9978,2.9982,85.0,0.0,0.3,degraded
25.27,31.47298,30.91431,0.55867,-10.16681,-11.05043,0.88363,3.0254,2.9952,85.0,0.00115,0.3,degraded
25.28,31.50873,30.98654,0.5222,-10.0754,-10.96388,0.88848,2.9879,3.0,85.0,0.00402,0.3,degraded
25.29,31.54215,31.06479,0.47736,-9.98374,-10.87156,0.88782,2.9937,3.0,85.0,0.0,0.3,degraded
25.3,31.57331,31.13815,0.43516,-9.8918,-10.78345,0.89164,3.0076,3.0,85.0,0.00154,0.3,degraded
25.31,31.60226,31.21687,0.38539,-9.79956,-10.68555,0.88598,3.0121,3.0,85.0,0.00415,0.3,degraded
25.32,31.62908,31.28966,0.33942,-9.70701,-10.59369,0.88669,2.9946,3.0,85.0,0.0,0.3,degraded
25.33,31.65381,31.36475,0.28906,-9.61411,-10.49563,0.88152,3.0148,2.9871,85.0,0.00043,0.3,degraded
25.34,31.67653,31.43185,0.24468,-9.52086,-10.40161,0.88075,2.9919,2.991,85.0,0.00451,0.3,degraded
25.35,31.6973,31.50411,0.19319,-9.42723,-10.3006,0.87337,3.0017,3.0,85.0,0.0,0.3,degraded
25.36,31.71618,31.56854,0.14764,-9.3332,-10.20697,0.87378,2.9857,2.9899,85.0,0.0,0.3,degraded
25.37,31.73324,31.63548,0.09777,-9.23875,-10.10627,0.86752,3.0047,3.0,85.0,0.0045,0.3,degraded
25.38,31.74855,31.69635,0.0522,-9.14386,-10.01364,0.86978,2.9997,2.9835,85.0,0.00043,0.3,degraded
25.39,31.76217,31.76386,-0.00169,-9.04852,-9.91476,0.86624,3.014,3.0,85.0,0.0,0.3,degraded
25.4,31.77417,31.82448,-0.0503,-8.9527,-9.82391,0.87121,2.9875,3.0,85.0,0.00417,0.3,degraded
25.41,31.78461,31.89177,-0.10715,-8.85638,-9.72859,0.87221,3.0204,3.0,85.0,0.0003,0.3,degraded
25.42,31.79357,31.95324,-0.15967,-8.75954,-9.63865,0.87911,2.963,3.0,85.0,0.00058,0.3,degraded
25.43,31.8011,32.00746,-0.20636,-8.66217,-9.54396,0.8818,2.9923,3.0,85.0,0.00663,0.3,degraded
25.44,31.80729,32.04369,-0.23641,-8.56424,-9.45712,0.89289,2.9987,2.9162,85.0,0.0019,0.3,degraded
25.45,31.81218,32.08788,-0.27569,-8.46573,-9.36161,0.89588,2.9729,2.8184,85.0,0.0,0.3,degraded
25.46,31.81587,32.11533,-0.29947,-8.36662,-9.26526,0.89864,3.0006,3.0,85.0,0.00478,0.3,degraded
25.47,31.8184,32.14713,-0.32873,-8.26691,-9.14994,0.88303,2.9893,2.9848,85.0,0.00407,0.3,degraded
25.48,31.81986,32.16011,-0.34025,-8.16655,-9.05339,0.88684,2.9825,2.9935,85.0,0.00117,0.3,degraded
25.49,31.8203,32.16733,-0.34703,-8.06554,-8.95436,0.88882,3.007,3.0,85.0,0.00418,0.3,degraded
25.5,31.81981,32.1673,-0.34749,-7.96386,-8.86349,0.89963,3.0299,2.987,85.0,0.00266,0.3,degraded
25.51,31.81844,32.1731,-0.35466,-7.86148,-8.76379,0.9023,3.014,2.9862,85.0,0.0,0.3,degraded
25.52,31.81627,32.17352,-0.35725,-7.7584,-8.67003,0.91164,2.9881,3.0,85.0,0.0035,0.3,degraded
25.53,31.81336,32.17819,-0.36483,-7.65458,-8.57357,0.91899,3.006,3.0,85.0,0.00295,0.3,degraded
25.54,31.80979,32.17433,-0.36454,-7.55002,-8.48142,0.93141,3.0255,2.9948,85.0,0.0,0.3,degraded
25.55,31.80562,32.17781,-0.37219,-7.44468,-8.38321,0.93853,3.0359,2.929,85.0,0.00301,0.3,degraded
25.56,31.80092,32.17734,-0.37642,-7.33857,-8.28668,0.94812,3.0131,2.9915,85.0,0.00656,0.3,degraded
25.57,31.79577,32.17236,-0.37659,-7.23165,-8.18377,0.95212,2.9975,2.9764,85.0,0.00596,0.3,degraded
25.58,31.79022,32.13789,-0.34767,-7.1239,-8.0223,0.8984,3.0007,3.0,85.0,0.00189,0.3,degraded
25.59,31.78435,32.11171,-0.32736,-7.01532,-7.91388,0.89856,3.0052,2.9842,85.0,0.00802,0.3,degraded
25.6,31.77822,32.07917,-0.30095,-6.90588,-7.82197,0.91609,2.9895,2.9812,85.0,0.0,0.3,degraded
25.61,31.77191,32.05308,-0.28117,-6.79557,-7.72369,0.92812,3.0081,3.0,85.0,0.00345,0.3,degraded
25.62,31.76548,32.02237,-0.25689,-6.68437,-7.63112,0.94676,3.0294,2.5422,85.0,0.00442,0.3,degraded
25.63,31.75899,32.00068,-0.24168,-6.57225,-7.52818,0.95592,2.9893,3.0,85.0,0.00074,0.3,degraded
25.64,31.75252,31.96805,-0.21553,-6.45922,-7.43237,0.97315,3.0086,2.9827,85.0,0.00075,0.3,degraded
25.65,31.74613,31.94034,-0.19421,-6.34524,-7.32891,0.98367,2.9809,2.9941,85.0,0.022,0.3,degraded
25.66,31.73989,31.90619,-0.16631,-6.2303,-7.215,0.9847,2.9997,0.0559,85.0,0.0,0.3,degraded
25.67,31.73386,31.87822,-0.14437,-6.11439,-7.08982,0.97542,3.0164,2.9988,85.0,0.01251,0.3,degraded
25.68,31.7281,31.84243,-0.11433,-5.9975,-6.9579,0.9604,2.9829,2.9788,85.0,0.0057,0.3,degraded
25.69,31.72268,31.81348,-0.0908,-5.87959,-6.84206,0.96247,2.9809,3.0,85.0,0.00499,0.3,degraded
25.7,31.71768,31.77777,-0.06009,-5.76067,-6.74947,0.9888,3.0022,3.0,85.0,0.00061,0.3,degraded
25.71,31.71313,31.74759,-0.03446,-5.64072,-6.64589,1.00517,3.0112,3.0,85.0,0.00805,0.3,degraded
25.72,31.70912,31.71037,-0.00124,-5.51971,-6.50755,0.98783,2.9892,2.9828,85.0,0.00185,0.3,degraded
25.73,31.70571,31.67921,0.0265,-5.39765,-6.38539,0.98774,3.0279,3.0,85.0,0.00456,0.3,degraded
25.74,31.70295,31.64369,0.05925,-5.2745,-6.2347,0.9602,2.9815,2.9968,85.0,0.00439,0.3,degraded
25.75,31.7009,31.61157,0.08933,-5.15027,-6.08291,0.93264,2.9966,2.9909,85.0,0.01023,0.3,degraded
25.76,31.69963,31.57209,0.12754,-5.02493,-5.98529,0.96036,2.9885,2.9996,85.0,0.00015,0.3,degraded
25.77,31.6992,31.5405,0.15869,-4.89848,-5.87487,0.9764,3.0158,2.7978,85.0,0.00437,0.3,degraded
25.78,31.69965,31.50314,0.19651,-4.77089,-5.77785,1.00696,2.999,3.0,85.0,0.00196,0.3,degraded
25.79,31.70106,31.4741,0.22696,-4.64217,-5.67661,1.03444,3.0244,2.9894,85.0,0.01334,0.3,degraded
25.8,31.70348,31.43826,0.26522,-4.51229,-5.56615,1.05386,2.9954,0.6305,85.0,0.01075,0.3,degraded
25.81,31.70697,31.40689,0.30007,-4.38124,-5.36816,0.98692,2.9991,2.9721,85.0,0.01945,0.3,degraded
25.82,31.71157,31.37521,0.33636,-4.24902,-5.25245,1.00342,2.9872,2.9942,85.0,0.00791,0.3,degraded
25.83,31.71735,31.37808,0.33927,-4.11562,-5.15194,1.03633,3.0356,2.9842,85.0,0.00358,0.3,degraded
25.84,31.72435,31.37601,0.34834,-3.98101,-5.05618,1.07517,3.0058,2.8821,85.0,0.00734,0.3,degraded
25.85,31.73263,31.3798,0.35283,-3.8452,-4.88672,1.04152,3.0115,2.985,85.0,0.00676,0.3,degraded
25.86,31.74225,31.37822,0.36403,-3.70817,-4.77349,1.06532,2.9851,1.3843,85.0,0.00597,0.3,degraded
25.87,31.75325,31.38437,0.36887,-3.56991,-4.62636,1.05644,2.9771,3.0,85.0,0.00765,0.3,degraded
25.88,31.76567,31.3817,0.38398,-3.43042,-4.48717,1.05675,3.0131,2.9904,85.0,0.00131,0.3,degraded
25.89,31.77958,31.38414,0.39544,-3.28968,-4.37398,1.0843,3.0031,2.2918,85.0,0.00235,0.3,degraded
25.9,31.79502,31.38071,0.41431,-3.1477,-4.244,1.0963,2.9736,2.9899,85.0,0.00707,0.3,degraded
25.91,31.81202,31.38473,0.4273,-3.00445,-4.12513,1.12068,2.9982,3.0,85.0,0.0,0.3,degraded
25.92,31.83065,31.38142,0.44923,-2.85993,-3.97859,1.11866,3.0153,2.9975,85.0,0.00588,0.3,degraded
25.93,31.85094,31.39172,0.45922,-2.71414,-3.86003,1.14589,3.0217,2.3435,85.0,0.01315,0.3,degraded
25.94,31.87293,31.39626,0.47667,-2.56707,-3.68305,1.11598,2.9964,2.9998,85.0,0.00079,0.3,degraded
25.95,31.89667,31.41237,0.4843,-2.41872,-3.49209,1.07338,3.0141,2.9934,85.0,0.01556,0.3,degraded
25.96,31.9222,31.42663,0.49557,-2.26907,-3.38143,1.11236,3.021,3.0,85.0,0.00361,0.3,degraded
25.97,31.94955,31.44763,0.50192,-2.11812,-3.24607,1.12795,2.9714,2.9767,85.0,0.00852,0.3,degraded
25.98,31.97877,31.48463,0.49414,-1.96588,-3.11351,1.14763,3.0017,3.0,85.0,0.00724,0.3,degraded
25.99,32.00989,31.53424,0.47565,-1.81232,-2.97756,1.16524,2.9871,1.321,85.0,0.00908,0.3,degraded
26.0,32.04294,31.57575,0.46719,-1.65746,-2.83354,1.17607,3.0059,2.9885,85.0,0.00083,0.3,degraded
26.01,32.07796,31.62238,0.45559,-1.50129,-2.6784,1.17711,2.9955,3.0,85.0,0.00087,0.3,degraded
26.02,32.11499,31.66453,0.45047,-1.3438,-2.5209,1.1771,2.9773,3.0,85.0,0.00635,0.3,degraded
26.03,32.15406,31.7133,0.44075,-1.18499,-2.40132,1.21633,3.0113,0.8017,85.0,0.00128,0.3,degraded
26.04,32.19518,31.75567,0.43951,-1.02486,-2.22475,1.1999,2.9964,2.9902,85.0,0.01195,0.3,degraded
26.05,32.23841,31.8039,0.4345,-0.86341,-2.10566,1.24226,3.006,2.9916,85.0,0.02467,0.3,degraded
26.06,32.28375,31.84525,0.4385,-0.70063,-1.9419,1.24126,2.995,3.0,85.0,0.00133,0.3,degraded
26.07,32.33124,31.8924,0.43884,-0.53654,-1.81747,1.28094,2.9928,2.9961,85.0,0.01839,0.3,degraded
26.08,32.38091,31.93176,0.44914,-0.37112,-1.64453,1.27341,3.0066,2.9945,85.0,0.02271,0.3,degraded
26.09,32.43276,31.97523,0.45753,-0.20438,-1.50642,1.30205,3.0012,2.9703,85.0,0.0222,0.3,degraded
26.1,32.48684,32.0111,0.47575,-0.03631,-1.29689,1.26058,2.9855,3.0,85.0,0.0,0.3,degraded
26.11,32.54316,32.0514,0.49176,0.13307,-1.16035,1.29342,3.0325,2.9927,85.0,0.00409,0.3,degraded
26.12,32.60173,32.0849,0.51683,0.30377,-0.94523,1.249,3.0035,3.0,85.0,0.00168,0.3,degraded
26.13,32.66258,32.12637,0.53621,0.47579,-0.80496,1.28075,2.9949,3.0,85.0,0.02425,0.3,degraded
26.14,32.72571,32.16242,0.56329,0.64912,-0.68817,1.33729,3.0146,2.9865,85.0,0.01716,0.3,degraded
26.15,32.79116,32.21254,0.57861,0.82376,-0.49227,1.31603,2.9875,3.0,85.0,0.01943,0.3,degraded
26.16,32.85892,32.26727,0.59165,0.9997,-0.35145,1.35115,2.9973,0.1676,85.0,0.0,0.3,degraded
26.17,32.92901,32.32654,0.60248,1.17695,-0.12613,1.30308,2.9925,3.0,85.0,0.01941,0.3,degraded
26.18,33.00145,32.37644,0.62501,1.35549,0.01276,1.34273,3.0102,2.9918,85.0,0.00509,0.3,degraded
26.19,33.07623,32.43262,0.64361,1.53533,0.19587,1.33946,3.025,2.9722,85.0,0.00985,0.3,degraded
26.2,33.15337,32.49849,0.65489,1.71645,0.34269,1.37375,2.9986,2.9933,85.0,0.00825,0.3,degraded
26.21,33.23287,32.57982,0.65305,1.89884,0.50436,1.39448,2.9873,2.9999,85.0,0.00327,0.3,degraded
26.22,33.31474,32.65384,0.6609,2.08251,0.68722,1.39529,2.9924,2.9813,85.0,0.0,0.3,degraded
26.23,33.39898,32.73307,0.66592,2.26744,0.83617,1.43127,2.9815,3.0,85.0,0.00262,0.3,degraded
26.24,33.4856,32.80521,0.68038,2.45363,1.04262,1.41101,2.9944,2.9856,85.0,0.0037,0.3,degraded
26.25,33.57458,32.88762,0.68695,2.64107,1.19153,1.44954,3.0044,2.9945,85.0,0.00106,0.3,degraded
26.26,33.66593,32.96395,0.70198,2.82974,1.36847,1.46127,3.0055,2.9759,85.0,0.01339,0.3,degraded
26.27,33.75965,33.04456,0.71509,3.01965,1.53507,1.48458,2.9886,2.9864,85.0,0.00521,0.3,degraded
26.28,33.85573,33.11822,0.73751,3.21077,1.71512,1.49565,2.9837,3.0,85.0,0.0,0.3,degraded
26.29,33.95416,33.19846,0.75571,3.4031,1.90025,1.50286,2.9974,3.0,85.0,0.00035,0.3,degraded
26.3,34.05494,33.27383,0.78112,3.59664,2.07939,1.51725,3.0037,3.0,85.0,0.01181,0.3,degraded
26.31,34.15806,33.3689,0.78917,3.79135,2.27352,1.51784,2.9991,2.9804,85.0,0.00092,0.3,degraded
26.32,34.26351,33.4687,0.79481,3.98725,2.46629,1.52096,2.9978,2.9967,85.0,0.00944,0.3,degraded
26.33,34.37127,33.62108,0.75019,4.1843,2.6193,1.56501,3.0141,3.0,85.0,0.02142,0.3,degraded
26.34,34.48134,33.70948,0.77186,4.38251,2.775,1.60751,2.9838,3.0,85.0,0.01251,0.3,degraded
26.35,34.59369,33.79277,0.80091,4.58185,2.95183,1.63002,3.0063,2.9837,85.0,0.00509,0.3,degraded
26.36,34.70831,33.92501,0.7833,4.78232,3.12729,1.65503,3.013,3.0,85.0,0.01344,0.3,degraded
26.37,34.82518,34.02664,0.79853,4.98389,3.28141,1.70247,3.006,2.994,85.0,0.00359,0.3,degraded
26.38,34.94428,34.16481,0.77947,5.18655,3.48857,1.69798,3.0357,3.0,85.0,0.00958,0.3,degraded
26.39,35.06559,34.27079,0.7948,5.3903,3.67506,1.71524,3.0007,3.0,85.0,0.01012,0.3,degraded
26.4,35.18909,34.37157,0.81752,5.5951,3.84974,1.74536,2.9996,2.9997,85.0,0.02369,0.3,degraded
26.41,35.31476,34.4901,0.82465,5.80095,4.01966,1.78129,3.0222,0.0881,85.0,0.01502,0.3,degraded
26.42,35.44256,34.66795,0.77461,6.00783,4.22318,1.78465,2.9798,3.0,85.0,0.0176,0.3,degraded
26.43,35.57247,34.79104,0.78143,6.21572,4.40788,1.80784,2.9895,0.2894,85.0,0.00874,0.3,degraded
26.44,35.70447,34.86845,0.83602,6.42461,4.66152,1.76309,3.0048,2.9991,85.0,0.02302,0.3,degraded
26.45,35.83852,34.97651,0.86202,6.63447,4.84136,1.79311,2.9879,2.9675,85.0,0.00697,0.3,degraded
26.46,35.9746,35.11811,0.85649,6.84528,5.07982,1.76547,3.0027,2.9817,85.0,0.00228,0.3,degraded
26.47,36.11266,35.25424,0.85842,7.05704,5.25951,1.79753,2.9811,3.0,85.0,0.0,0.3,degraded
26.48,36.25269,35.3986,0.85409,7.26971,5.49895,1.77077,2.9958,2.9725,85.0,0.01203,0.3,degraded
26.49,36.39463,35.5036,0.89103,7.48329,5.68123,1.80206,2.9954,2.9843,85.0,0.00677,0.3,degraded
26.5,36.53846,35.61291,0.92555,7.69774,5.89067,1.80707,3.0056,3.0,85.0,0.02692,0.3,degraded
26.51,36.68413,35.72146,0.96268,7.91304,6.08803,1.82502,3.0004,2.9944,85.0,0.00978,0.3,degraded
26.52,36.83162,35.84532,0.9863,8.12919,6.31111,1.81807,0.3702,3.0,85.0,0.00969,0.3,degraded
26.53,36.98087,36.04342,0.93745,8.34614,6.51236,1.83379,2.9901,3.0,85.0,0.01108,0.3,degraded
26.54,37.13185,36.17306,0.95879,8.56389,6.74662,1.81727,2.9993,3.0,85.0,0.01555,0.3,degraded
26.55,37.28451,36.33301,0.9515,8.78241,6.91368,1.86873,3.0003,2.994,85.0,0.0037,0.3,degraded
26.56,37.43881,36.4589,0.97991,9.00167,7.13266,1.86902,3.0142,3.0,85.0,0.01023,0.3,degraded
26.57,37.59471,36.57806,1.01664,9.22166,7.32698,1.89468,2.1625,2.9701,85.0,0.02117,0.3,degraded
26.58,37.75215,36.69876,1.05338,9.44235,7.5208,1.92155,2.9702,3.0,85.0,0.01123,0.3,degraded
26.59,37.91109,36.81806,1.09303,9.66371,7.75246,1.91125,2.9918,2.9959,85.0,0.01312,0.3,degraded
26.6,38.07148,36.99079,1.0807,9.88571,7.99106,1.89466,2.9842,2.9951,85.0,0.03399,0.3,degraded
26.61,38.23328,37.13395,1.09933,10.10835,8.16405,1.9443,0.7473,3.0,85.0,0.02018,0.3,degraded
26.62,38.39642,37.25296,1.14346,10.33158,8.42284,1.90874,3.0244,3.0,85.0,0.00233,0.3,degraded
26.63,38.56086,37.39408,1.16678,10.55539,8.62564,1.92975,3.0307,3.0,85.0,0.01517,0.3,degraded
26.64,38.72655,37.53265,1.1939,10.77974,8.81932,1.96041,2.9996,3.0,85.0,0.03725,0.3,degraded
26.65,38.89343,37.71628,1.17714,11.00461,9.06385,1.94076,2.9897,3.0,85.0,0.00153,0.3,degraded
26.66,39.06144,37.87113,1.19031,11.22998,9.29169,1.93829,2.9967,3.0,85.0,0.00339,0.3,degraded
26.67,39.23053,38.0664,1.16413,11.45581,9.49641,1.95941,2.9875,3.0,85.0,0.00752,0.3,degraded
26.68,39.40064,38.21881,1.18183,11.68209,9.68917,1.99292,3.0162,2.9839,85.0,0.02912,0.3,degraded
26.69,39.57171,38.38127,1.19044,11.90877,9.86368,2.04509,3.0015,3.0,85.0,0.022,0.3,degraded
26.7,39.74369,38.52562,1.21807,12.13583,10.08816,2.04767,2.9751,2.9691,85.0,0.01111,0.3,degraded
26.71,39.91652,38.7008,1.21572,12.36325,10.30734,2.05591,3.0079,2.9978,85.0,0.00356,0.3,degraded
26.72,40.09012,38.89312,1.19701,12.591,10.50523,2.08577,2.9952,2.0088,85.0,0.0057,0.3,degraded
26.73,40.26445,39.08518,1.17927,12.81903,10.73066,2.08838,2.9987,3.0,85.0,0.02512,0.3,degraded
26.74,40.43944,39.21759,1.22185,13.04734,10.9781,2.06924,1.758,3.0,85.0,0.02463,0.3,degraded
26.75,40.61502,39.3699,1.24512,13.27588,11.19579,2.08009,2.9914,3.0,85.0,0.02353,0.3,degraded
26.76,40.79113,39.55844,1.23269,13.50462,11.40823,2.09639,2.9771,3.0,85.0,0.02506,0.3,degraded
26.77,40.96771,39.75768,1.21003,13.73355,11.63664,2.0969,2.9847,3.0,85.0,0.00172,0.3,degraded
26.78,41.14469,39.9142,1.23049,13.96261,11.84801,2.1146,2.9838,2.9708,85.0,0.00452,0.3,degraded
26.79,41.32201,40.12859,1.19342,14.19179,12.05008,2.14171,2.9826,2.1957,85.0,0.01711,0.3,degraded
26.8,41.49959,40.27653,1.22306,14.42105,12.24554,2.17551,3.0132,2.9888,85.0,0.01473,0.3,degraded
26.81,41.67738,40.46265,1.21472,14.65036,12.46066,2.1897,2.9854,2.9999,85.0,0.01595,0.3,degraded
26.82,41.85529,40.65689,1.1984,14.87969,12.67821,2.20149,2.9743,2.9812,85.0,0.02259,0.3,degraded
26.83,42.03327,40.80403,1.22924,15.10901,12.90611,2.2029,1.3811,0.6268,85.0,0.01754,0.3,degraded
26.84,42.21125,40.96298,1.24827,15.33828,13.10001,2.23827,2.9934,2.993,85.0,0.01184,0.3,degraded
26.85,42.38914,41.14495,1.24419,15.56748,13.39103,2.17645,2.9857,3.0,85.0,0.02205,0.3,degraded
26.86,42.5669,41.29175,1.27515,15.79656,13.61109,2.18547,3.0118,3.0,85.0,0.00611,0.3,degraded
26.87,42.74443,41.48997,1.25447,16.0255,13.87427,2.15122,2.9911,3.0,85.0,0.00229,0.3,degraded
26.88,42.92168,41.63477,1.28691,16.25426,14.08482,2.16945,3.0013,2.9853,85.0,0.02354,0.3,degraded
26.89,43.09857,41.80695,1.29162,16.48281,14.31216,2.17065,3.0097,2.9783,85.0,0.03099,0.3,degraded
26.9,43.27504,41.97179,1.30325,16.71112,14.53641,2.17471,3.0012,3.0,85.0,0.00023,0.3,degraded
26.91,43.45099,42.16545,1.28554,16.93916,14.79666,2.14249,3.0061,2.9952,85.0,0.00755,0.3,degraded
26.92,43.62638,42.32628,1.3001,17.16688,15.01965,2.14723,3.0146,2.977,85.0,0.02016,0.3,degraded
26.93,43.80111,42.48407,1.31705,17.39425,15.24483,2.14943,2.9986,2.9661,85.0,0.01959,0.3,degraded
26.94,43.97513,42.6264,1.34873,17.62125,15.47539,2.14586,3.0229,2.9893,85.0,0.01042,0.3,degraded
26.95,44.14835,42.78978,1.35858,17.84784,15.67817,2.16967,3.0153,3.0,85.0,0.02146,0.3,degraded
26.96,44.32071,42.95078,1.36993,18.07398,15.93252,2.14146,3.0047,2.9906,85.0,0.00759,0.3,degraded
26.97,44.49212,43.13555,1.35658,18.29963,16.14748,2.15215,2.9958,2.9929,85.0,0.00407,0.3,degraded
26.98,44.66253,43.34181,1.32072,18.52477,16.39934,2.12543,2.9914,3.0,85.0,0.00749,0.3,degraded
26.99,44.83184,43.50334,1.3285,18.74936,16.63827,2.1111,1.322,3.0,85.0,0.01189,0.3,degraded
27.0,45.0,43.68082,1.31918,18.97337,16.83331,2.14005,3.0168,2.998,85.0,0.02126,0.3,degraded
27.01,45.16692,43.85365,1.31327,19.19675,17.10776,2.08899,3.0005,3.0,85.0,0.03523,0.3,degraded
27.02,45.33254,44.04186,1.29068,19.41948,17.32573,2.09375,3.0059,2.9769,85.0,0.00736,0.3,degraded
27.03,45.49677,44.19554,1.30123,19.64152,17.59136,2.05015,3.007,2.9937,85.0,0.00216,0.3,degraded
27.04,45.65955,44.34527,1.31428,19.86283,17.80723,2.0556,2.9821,2.983,85.0,0.00736,0.3,degraded
27.05,45.82081,44.49844,1.32236,20.08338,18.0892,1.99418,2.9975,3.0,85.0,0.02181,0.3,degraded
27.06,45.98046,44.64854,1.33192,20.30314,18.28454,2.0186,0.6436,2.9774,85.0,0.0181,0.3,degraded
27.07,46.13844,44.8695,1.26894,20.52206,18.49165,2.03042,2.9901,3.0,85.0,0.02839,0.3,degraded
27.08,46.29468,45.02322,1.27146,20.74013,18.71252,2.02761,3.0022,2.9815,85.0,0.00566,0.3,degraded
27.09,46.44909,45.17242,1.27667,20.95729,18.94947,2.00782,2.1261,3.0,85.0,0.00981,0.3,degraded
27.1,46.60162,45.31964,1.28198,21.17351,19.13076,2.04275,3.0085,3.0,85.0,0.01348,0.3,degraded
27.11,46.75219,45.46248,1.28971,21.38877,19.36838,2.02039,3.0004,3.0,85.0,0.01867,0.3,degraded
27.12,46.90072,45.63134,1.26938,21.60302,19.57414,2.02888,2.9948,2.9893,85.0,0.03593,0.3,degraded
27.13,47.04715,45.79357,1.25358,21.81623,19.76641,2.04981,2.4113,0.167,85.0,0.01477,0.3,degraded
27.14,47.19141,45.99094,1.20047,22.02836,20.05536,1.973,2.9895,3.0,85.0,0.01634,0.3,degraded
27.15,47.33342,46.13259,1.20083,22.23938,20.27078,1.9686,3.0101,3.0,85.0,0.02627,0.3,degraded
27.16,47.47311,46.33629,1.13682,22.44926,20.43691,2.01235,3.0059,3.0,85.0,0.01673,0.3,degraded
27.17,47.61042,46.48633,1.12409,22.65796,20.69483,1.96312,3.0107,3.0,85.0,0.00735,0.3,degraded
27.18,47.74528,46.63995,1.10534,22.86544,20.88412,1.98132,3.0085,2.4413,85.0,0.01279,0.3,degraded
27.19,47.87763,46.82277,1.05485,23.07167,21.07334,1.99833,3.0032,0.2337,85.0,0.03316,0.3,degraded
27.2,48.00738,46.9368,1.07058,23.27662,21.28715,1.98947,3.0201,2.9831,85.0,0.01721,0.3,degraded
27.21,48.13448,47.1448,0.98967,23.48025,21.48973,1.99052,2.9832,2.987,85.0,0.00367,0.3,degraded
27.22,48.25886,47.28666,0.9722,23.68253,21.73045,1.95208,2.9899,2.9892,85.0,0.01739,0.3,degraded
27.23,48.38045,47.4025,0.97795,23.88342,21.9196,1.96382,2.9794,2.9981,85.0,0.0137,0.3,degraded
27.24,48.49919,47.51989,0.9793,24.0829,22.11822,1.96467,3.0102,3.0,85.0,0.00145,0.3,degraded
27.25,48.61502,47.69074,0.92428,24.28092,22.32759,1.95333,2.9894,2.9921,85.0,0.01535,0.3,degraded
27.26,48.72787,47.79335,0.93451,24.47745,22.51836,1.95909,3.0186,2.9879,85.0,0.0238,0.3,degraded
27.27,48.83768,47.88087,0.95681,24.67246,22.71914,1.95332,2.9914,2.9839,85.0,0.0219,0.3,degraded
27.28,48.94439,47.96258,0.98181,24.86591,22.92479,1.94112,2.9875,3.0,85.0,0.02455,0.3,degraded
27.29,49.04793,48.12302,0.92492,25.05778,23.13852,1.91926,2.9844,3.0,85.0,0.0212,0.3,degraded
27.3,49.14826,48.24156,0.90669,25.24803,23.32284,1.92519,3.028,3.0,85.0,0.00904,0.3,degraded
27.31,49.2453,48.32545,0.91986,25.43662,23.56389,1.87273,3.01,2.9942,85.0,0.00441,0.3,degraded
27.32,49.339,48.40326,0.93574,25.62353,23.74368,1.87985,3.0009,2.9952,85.0,0.00556,0.3,degraded
27.33,49.42931,48.49177,0.93754,25.80872,23.9445,1.86422,3.0065,2.9858,85.0,0.00787,0.3,degraded
27.34,49.51617,48.5901,0.92606,25.99216,24.13758,1.85457,2.9892,2.9927,85.0,0.00703,0.3,degraded
27.35,49.59952,48.6964,0.90311,26.17382,24.31985,1.85396,2.9746,2.9808,85.0,0.03332,0.3,degraded
27.36,49.6793,48.78115,0.89815,26.35366,24.51359,1.84007,3.0105,2.9855,85.0,0.00851,0.3,degraded
27.37,49.75548,48.86459,0.89089,26.53166,24.73783,1.79384,3.0148,2.9693,85.0,0.00348,0.3,degraded
27.38,49.82798,48.94181,0.88617,26.70779,24.96245,1.74534,3.0312,3.0,85.0,0.01329,0.3,degraded
27.39,49.89678,49.04412,0.85265,26.88201,25.13632,1.74569,2.9911,3.0,85.0,0.01391,0.3,degraded
27.4,49.9618,49.12176,0.84004,27.05429,25.30118,1.75311,2.9848,3.0,85.0,0.01883,0.3,degraded
27.41,50.02301,49.20705,0.81596,27.22461,25.53509,1.68952,2.9949,2.9921,85.0,0.00877,0.3,degraded
27.42,50.08036,49.28499,0.79537,27.39293,25.6983,1.69463,3.0063,2.9804,85.0,0.00677,0.3,degraded
27.43,50.1338,49.36205,0.77175,27.55922,25.85537,1.70385,2.9985,2.9946,85.0,0.00456,0.3,degraded
27.44,50.18329,49.4323,0.75099,27.72346,26.02145,1.70201,2.983,3.0,85.0,0.00689,0.3,degraded
27.45,50.22878,49.50641,0.72237,27.88562,26.22061,1.66501,3.0019,2.9756,85.0,0.01009,0.3,degraded
27.46,50.27024,49.57374,0.6965,28.04566,26.4188,1.62686,2.9952,3.0,85.0,0.0005,0.3,degraded
27.47,50.30761,49.64749,0.66012,28.20356,26.60054,1.60302,2.9773,3.0,85.0,0.00523,0.3,degraded
27.48,50.34087,49.71306,0.62781,28.35929,26.7568,1.60249,3.0175,3.0,85.0,0.00398,0.3,degraded
27.49,50.36996,49.78525,0.58472,28.51283,26.95932,1.55351,3.0036,3.0,85.0,0.00747,0.3,degraded
27.5,50.39487,49.85026,0.54461,28.66414,27.10508,1.55907,3.0068,3.0,85.0,0.00498,0.3,degraded
27.51,50.41554,49.92071,0.49483,28.81321,27.2613,1.55191,3.0001,3.0,85.0,0.00554,0.3,degraded
27.52,50.43194,49.98331,0.44864,28.96,27.42886,1.53113,2.9907,3.0,85.0,0.00553,0.3,degraded
27.53,50.44405,50.05207,0.39198,29.10448,27.59085,1.51363,2.9808,3.0,85.0,0.00545,0.3,degraded
27.54,50.45183,50.11315,0.33868,29.24664,27.77169,1.47495,2.9842,3.0,85.0,0.00423,0.3,degraded
27.55,50.45525,50.18138,0.27388,29.38645,27.95032,1.43612,3.0194,2.9844,85.0,0.0,0.3,degraded
27.56,50.45428,50.24374,0.21054,29.52388,28.14419,1.37968,2.983,3.0,85.0,0.0105,0.3,degraded
27.57,50.4489,50.31208,0.13682,29.6589,28.27938,1.37952,3.001,3.0,85.0,0.02267,0.3,degraded
27.58,50.43907,50.37595,0.06312,29.7915,28.39669,1.39481,2.9969,2.0197,85.0,0.01597,0.3,degraded
27.59,50.42478,50.44617,-0.02139,29.92166,28.539,1.38266,3.0196,2.9911,85.0,0.00735,0.3,degraded
27.6,50.406,50.50816,-0.10216,30.04934,28.67329,1.37605,2.9923,1.0019,85.0,0.00699,0.3,degraded
27.61,50.3827,50.57605,-0.19335,30.17452,28.84771,1.32681,3.0068,3.0,85.0,0.01044,0.3,degraded
27.62,50.35488,50.63785,-0.28297,30.29719,28.95077,1.34643,3.0204,3.0,85.0,0.00735,0.3,degraded
27.63,50.32251,50.67106,-0.34855,30.41732,29.11435,1.30297,3.007,3.0,85.0,0.00823,0.3,degraded
27.64,50.28557,50.6954,-0.40984,30.5349,29.23195,1.30295,2.9826,2.992,85.0,0.00617,0.3,degraded
27.65,50.24405,50.72125,-0.4772,30.64989,29.33585,1.31403,2.9885,2.9859,85.0,0.01102,0.3,degraded
27.66,50.19793,50.73497,-0.53704,30.76228,29.45165,1.31063,2.2449,2.9847,85.0,0.00803,0.3,degraded
27.67,50.14721,50.71757,-0.57036,30.87205,29.57265,1.2994,3.0261,2.979,85.0,0.0018,0.3,degraded
27.68,50.09187,50.69537,-0.60351,30.97918,29.74326,1.23592,2.9909,2.9997,85.0,8e-05,0.3,degraded
27.69,50.0319,50.67913,-0.64724,31.08366,29.88459,1.19907,3.0003,2.9896,85.0,0.01362,0.3,degraded
27.7,49.96729,50.65587,-0.68858,31.18545,29.97248,1.21297,2.9963,2.9913,85.0,0.00108,0.3,degraded
27.71,49.89805,50.63761,-0.73956,31.28456,30.06904,1.21552,2.9862,2.9887,85.0,0.00123,0.3,degraded
27.72,49.82416,50.5959,-0.77175,31.38095,30.16075,1.2202,3.0152,2.9906,85.0,0.00574,0.3,degraded
27.73,49.74561,50.56156,-0.81595,31.47462,30.26016,1.21445,2.9818,3.0,85.0,0.00165,0.3,degraded
27.74,49.66242,50.50886,-0.84644,31.56554,30.35348,1.21206,3.0014,2.9884,85.0,0.00046,0.3,degraded
27.75,49.57458,50.45584,-0.88126,31.6537,30.45346,1.20024,3.0136,2.9792,85.0,0.00514,0.3,degraded
27.76,49.48209,50.39054,-0.90845,31.73909,30.54713,1.19196,3.008,2.9853,85.0,0.00214,0.3,degraded
27.77,49.38495,50.32664,-0.94169,31.82168,30.64829,1.17339,2.9956,3.0,85.0,0.0,0.3,degraded
27.78,49.28317,50.25361,-0.97044,31.90147,30.74452,1.15695,3.011,3.0,85.0,0.00549,0.3,degraded
27.79,49.17676,50.1793,-1.00254,31.97845,30.84852,1.12993,2.9845,3.0,85.0,0.0029,0.3,degraded
27.8,49.06572,50.09278,-1.02706,32.0526,30.94467,1.10793,3.0174,3.0,85.0,0.00369,0.3,degraded
27.81,48.95007,49.96437,-1.0143,32.1239,31.0427,1.08119,3.008,2.9947,85.0,0.00363,0.3,degraded
27.82,48.8298,49.85927,-1.02946,32.19235,31.13366,1.05868,3.0159,2.9762,85.0,0.00431,0.3,degraded
27.83,48.70495,49.73605,-1.0311,32.25793,31.23091,1.02702,3.0119,3.0,85.0,0.0,0.3,degraded
27.84,48.57552,49.61867,-1.04315,32.32064,31.32157,0.99907,2.7798,3.0,85.0,0.00805,0.3,degraded
27.85,48.44152,49.50832,-1.0668,32.38046,31.41623,0.96423,0.8493,2.9939,85.0,0.00721,0.3,degraded
27.86,48.30298,49.33525,-1.03227,32.43738,31.50309,0.93429,3.0055,2.9909,85.0,0.00708,0.3,degraded
27.87,48.15991,49.22402,-1.06412,32.49139,31.59768,0.89371,2.6427,2.9996,85.0,0.00536,0.3,degraded
27.88,48.01233,49.0583,-1.04597,32.5425,31.68763,0.85487,3.0049,3.0,85.0,0.004,0.3,degraded
27.89,47.86027,48.92008,-1.05982,32.59068,31.78508,0.8056,3.0051,3.0,85.0,0.0,0.3,degraded
27.9,47.70375,48.78843,-1.08468,32.63593,31.87408,0.76185,3.0138,3.0,85.0,0.00246,0.3,degraded
27.91,47.54279,48.65771,-1.11493,32.67824,31.96901,0.70923,3.0041,2.9832,85.0,0.00938,0.3,degraded
27.92,47.37742,48.52507,-1.14766,32.71762,32.05775,0.65987,3.0109,2.9854,85.0,0.00456,0.3,degraded
27.93,47.20767,48.34864,-1.14098,32.75404,32.15621,0.59783,3.0167,3.0,85.0,0.00587,0.3,degraded
27.94,47.03356,48.21141,-1.17785,32.78751,32.24642,0.54109,2.0771,2.9847,85.0,0.00591,0.3,degraded
27.95,46.85513,48.06746,-1.21232,32.81803,32.34093,0.4771,2.9868,3.0,85.0,0.00192,0.3,degraded
27.96,46.67242,47.91628,-1.24387,32.84558,32.42871,0.41687,2.9856,3.0,85.0,0.00194,0.3,degraded
27.97,46.48544,47.71823,-1.23279,32.87016,32.51845,0.35171,3.0005,3.0,85.0,0.00518,0.3,degraded
27.98,46.29425,47.56192,-1.26767,32.89178,32.60046,0.29133,3.0184,2.9913,85.0,0.00185,0.3,degraded
27.99,46.09887,47.38351,-1.28464,32.91043,32.68744,0.22299,2.9715,3.0,85.0,0.04031,0.3,degraded
28.0,32.27381,47.18108,-14.90726,11.05261,32.76691,-21.7143,2.9969,3.0,85.0,0.3,0.3,degraded
28.01,32.27381,45.88326,-13.60944,11.05261,31.7605,-20.70789,2.9741,3.0,85.0,0.3,0.3,degraded
28.02,32.27381,44.13284,-11.85903,11.05261,29.69868,-18.64607,2.9942,3.0,85.0,0.04021,0.3,degraded
28.03,32.27381,42.60119,-10.32738,11.05261,27.79149,-16.73889,3.0072,3.0,85.0,0.11065,0.3,degraded
28.04,32.27381,41.27802,-9.00421,11.05261,26.06972,-15.01711,2.9993,2.9958,85.0,0.06093,0.3,degraded
28.05,32.27381,40.10334,-7.82953,11.05261,24.49989,-13.44728,2.998,1.7187,85.0,0.03453,0.3,degraded
28.06,32.27381,39.05641,-6.7826,11.05261,23.10023,-12.04762,2.9955,3.0,85.0,0.05634,0.3,degraded
28.07,32.27381,38.18043,-5.90662,11.05261,21.85919,-10.80658,3.007,2.9889,85.0,0.05715,0.3,degraded
28.08,32.27381,37.41591,-5.1421,11.05261,20.71373,-9.66112,2.9786,2.984,85.0,0.03434,0.3,degraded
28.09,32.27381,36.71913,-4.44532,11.05261,19.6873,-8.63469,2.9991,2.481,85.0,0.03501,0.3,degraded
28.1,32.27381,36.07697,-3.80315,11.05261,18.76189,-7.70928,3.0267,3.0,85.0,0.03432,0.3,degraded
28.11,32.27381,35.5329,-3.25909,11.05261,17.92952,-6.87691,2.9961,2.9937,85.0,0.03188,0.3,degraded
28.12,32.27381,35.05103,-2.77721,11.05261,17.18002,-6.12741,2.9882,3.0,85.0,0.03211,0.3,degraded
28.13,32.27381,34.63744,-2.36363,11.05261,16.51498,-5.46237,3.0141,3.0,85.0,0.03006,0.3,degraded
28.14,32.27381,34.27845,-2.00464,11.05261,15.92592,-4.87332,3.0174,3.0,85.0,0.02668,0.3,degraded
28.15,32.27381,33.98577,-1.71196,11.05261,15.42491,-4.3723,2.988,2.9846,85.0,0.03192,0.3,degraded
28.16,32.27381,33.74803,-1.47422,11.05261,14.99986,-3.94725,3.0122,3.0,85.0,0.03091,0.3,degraded
28.17,32.27381,33.5796,-1.30579,11.05261,14.66284,-3.61023,3.0042,2.994,85.0,0.01351,0.3,degraded
28.18,32.27381,33.45025,-1.17644,11.05261,14.34461,-3.292,2.9991,3.0,85.0,0.01234,0.3,degraded
28.19,32.27381,33.33209,-1.05828,11.05261,14.07514,-3.02253,3.0222,3.0,85.0,0.01086,0.3,degraded
28.2,32.27381,33.20933,-0.93552,11.05261,13.80725,-2.75464,2.9945,2.9908,85.0,0.00099,0.3,degraded
28.21,32.27381,33.10989,-0.83608,11.05261,13.59106,-2.53845,3.0274,3.0,85.0,0.01522,0.3,degraded
28.22,32.27381,33.01928,-0.74546,11.05261,13.38834,-2.33573,2.9679,2.969,85.0,0.00989,0.3,degraded
28.23,32.27381,32.93377,-0.65995,11.05261,13.21138,-2.15877,3.0169,3.0,85.0,0.00701,0.3,degraded
28.24,32.27381,32.84868,-0.57487,11.05261,13.01688,-1.96427,3.0234,2.9792,85.0,0.00462,0.3,degraded
28.25,32.27381,32.775,-0.50118,11.05261,12.82354,-1.77093,2.9863,3.0,85.0,0.01409,0.3,degraded
28.26,32.27381,32.69335,-0.41953,11.05261,12.69322,-1.64061,2.996,2.9779,85.0,0.00493,0.3,degraded
28.27,32.27381,32.61809,-0.34427,11.05261,12.592,-1.5394,3.0,2.9609,85.0,0.00539,0.3,degraded
28.28,32.27381,32.53675,-0.26293,11.05261,12.49769,-1.44508,2.9995,3.0,85.0,0.00446,0.3,degraded
28.29,32.27381,32.45867,-0.18486,11.05261,12.41185,-1.35924,2.9937,2.9863,85.0,0.0,0.3,degraded
28.3,32.27381,32.37552,-0.10171,11.05261,12.32009,-1.26748,3.0451,2.9818,85.0,0.00035,0.3,degraded
28.31,32.27381,32.3011,-0.02729,11.05261,12.23454,-1.18193,3.0043,2.9975,85.0,0.00503,0.3,degraded
28.32,32.27381,32.22274,0.05107,11.05261,12.14191,-1.0893,3.0068,2.9916,85.0,0.00071,0.3,degraded
28.33,32.27381,32.15259,0.12122,11.05261,12.05274,-1.00013,3.0082,3.0,85.0,0.00399,0.3,degraded
28.34,32.27381,32.10421,0.16961,11.05261,11.96471,-0.9121,3.0201,3.0,85.0,0.00886,0.3,degraded
28.35,32.27381,32.06253,0.21129,11.05261,11.89,-0.83739,2.9986,2.999,85.0,0.0,0.3,degraded
28.36,32.27381,32.01482,0.259,11.05261,11.80887,-0.75626,2.9933,3.0,85.0,0.00139,0.3,degraded
28.37,32.27381,31.98884,0.28497,11.05261,11.73494,-0.68233,2.9745,3.0,85.0,0.00556,0.3,degraded
28.38,32.27381,31.95923,0.31458,11.05261,11.6535,-0.60089,2.9662,2.9972,85.0,0.00078,0.3,degraded
28.39,32.27381,31.93475,0.33906,11.05261,11.57942,-0.52681,2.9998,2.9754,85.0,0.0,0.3,degraded
28.4,32.27381,31.91319,0.36062,11.05261,11.50235,-0.44974,2.9986,3.0,85.0,0.0048,0.3,degraded
28.41,32.27381,31.89861,0.3752,11.05261,11.43068,-0.37807,3.0133,3.0,85.0,0.00129,0.3,degraded
28.42,32.27381,31.88243,0.39138,11.05261,11.35207,-0.29946,3.0015,3.0,85.0,0.00065,0.3,degraded
28.43,32.27381,31.88172,0.3921,11.05261,11.27957,-0.22696,3.0115,2.9989,85.0,0.00511,0.3,degraded
28.44,32.27381,31.88098,0.39283,11.05261,11.1983,-0.14569,3.0156,2.9931,85.0,0.00157,0.3,degraded
28.45,32.27381,31.88951,0.38431,11.05261,11.12208,-0.06947,2.9963,2.9911,85.0,0.0,0.3,degraded
28.46,32.27381,31.89089,0.38292,11.05261,11.03819,0.01442,3.0017,3.0,85.0,0.00461,0.3,degraded
28.47,32.27381,31.89776,0.37606,11.05261,10.96886,0.08375,3.0278,2.9846,85.0,0.00292,0.3,degraded
28.48,32.27381,31.89937,0.37444,11.05261,10.90306,0.14955,2.9943,3.0,85.0,0.0,0.3,degraded
28.49,32.27381,31.9061,0.36771,11.05261,10.8501,0.20251,2.9974,3.0,85.0,0.00486,0.3,degraded
28.5,32.27381,31.90562,0.36819,11.05261,10.79889,0.25372,3.0138,3.0,85.0,0.00521,0.3,degraded
28.51,32.27381,31.913,0.36081,11.05261,10.76642,0.28619,2.9991,2.9799,85.0,0.0,0.3,degraded
28.52,32.27381,31.91411,0.3597,11.05261,10.73466,0.31795,2.9859,3.0,85.0,0.00329,0.3,degraded
28.53,32.27381,31.91974,0.35407,11.05261,10.70825,0.34436,3.0077,3.0,85.0,0.00511,0.3,degraded
28.54,32.27381,31.92392,0.34989,11.05261,10.68065,0.37196,2.9921,2.9952,85.0,0.00114,0.3,degraded
28.55,32.27381,31.95228,0.32153,11.05261,10.66384,0.38876,3.0152,2.9924,85.0,0.00359,0.3,degraded
28.56,32.27381,31.97445,0.29937,11.05261,10.64673,0.40588,2.9893,3.0,85.0,0.00414,0.3,degraded
28.57,32.27381,32.00343,0.27038,11.05261,10.63861,0.414,2.9845,2.9926,85.0,0.00111,0.3,degraded
28.58,32.27381,32.02251,0.2513,11.05261,10.63519,0.41742,3.0144,3.0,85.0,0.00423,0.3,degraded
28.59,32.27381,32.04713,0.22669,11.05261,10.6496,0.40301,3.0213,3.0,85.0,0.00436,0.3,degraded
28.6,32.27381,32.06665,0.20716,11.05261,10.66107,0.39154,3.0026,2.9986,85.0,0.0,0.3,degraded
28.61,32.27381,32.0926,0.18122,11.05261,10.6777,0.37491,2.9886,2.9885,85.0,0.00148,0.3,degraded
28.62,32.27381,32.10952,0.1643,11.05261,10.68925,0.36336,2.9815,3.0,85.0,0.00469,0.3,degraded
28.63,32.27381,32.13232,0.14149,11.05261,10.70524,0.34736,2.9915,3.0,85.0,0.0,0.3,degraded
28.64,32.27381,32.14971,0.1241,11.05261,10.71505,0.33756,2.9897,2.9818,85.0,0.0007,0.3,degraded
28.65,32.27381,32.1757,0.09811,11.05261,10.73137,0.32124,2.9789,3.0,85.0,0.00444,0.3,degraded
28.66,32.27381,32.19624,0.07758,11.05261,10.74028,0.31233,3.0268,3.0,85.0,0.0,0.3,degraded
28.67,32.27381,32.22571,0.04811,11.05261,10.75512,0.29749,2.9647,3.0,85.0,0.00041,0.3,degraded
28.68,32.27381,32.24925,0.02456,11.05261,10.76125,0.29136,3.002,3.0,85.0,0.00465,0.3,degraded
28.69,32.27381,32.28095,-0.00714,11.05261,10.77098,0.28163,3.0124,2.9795,85.0,7e-05,0.3,degraded
28.7,32.27381,32.30791,-0.0341,11.05261,10.77416,0.27845,2.9913,2.985,85.0,0.0,0.3,degraded
28.71,32.27381,32.34076,-0.06695,11.05261,10.78512,0.26749,2.9959,2.9827,85.0,0.00433,0.3,degraded
28.72,32.27381,32.36704,-0.09323,11.05261,10.78932,0.26329,2.9788,2.991,85.0,0.0007,0.3,degraded
28.73,32.27381,32.39846,-0.12465,11.05261,10.802,0.25061,3.0027,3.0,85.0,0.0,0.3,degraded
28.74,32.27381,32.42138,-0.14757,11.05261,10.80773,0.24488,3.0091,2.9996,85.0,0.00444,0.3,degraded
28.75,32.27381,32.45133,-0.17752,11.05261,10.81677,0.23584,3.0091,3.0,85.0,0.00152,0.3,degraded
28.76,32.27381,32.4761,-0.20229,11.05261,10.81816,0.23445,3.0088,2.9953,85.0,0.0,0.3,degraded
28.77,32.27381,32.50781,-0.234,11.05261,10.82574,0.22687,3.0087,3.0,85.0,0.00349,0.3,degraded
28.78,32.27381,32.5328,-0.25899,11.05261,10.82732,0.22529,3.0013,2.9983,85.0,0.00151,0.3,degraded
28.79,32.27381,32.56603,-0.29221,11.05261,10.83641,0.2162,3.0046,3.0,85.0,0.0,0.3,degraded
28.8,32.27381,32.59276,-0.31895,11.05261,10.83867,0.21394,2.99,3.0,85.0,0.00374,0.3,degraded
28.81,32.27381,32.62389,-0.35008,11.05261,10.8468,0.20581,2.99,2.976,85.0,0.00227,0.3,degraded
28.82,32.27381,32.64855,-0.37474,11.05261,10.8497,0.20291,2.9863,2.9885,85.0,0.0,0.3,degraded
28.83,32.27381,32.66477,-0.39096,11.05261,10.85792,0.19469,3.0093,2.9978,85.0,0.00474,0.3,degraded
28.84,32.27381,32.67235,-0.39854,11.05261,10.85911,0.1935,2.9992,2.9793,85.0,0.00243,0.3,degraded
28.85,32.27381,32.68632,-0.4125,11.05261,10.86888,0.18373,2.98,3.0,85.0,0.0,0.3,degraded
28.86,32.27381,32.6939,-0.42009,11.05261,10.87233,0.18028,2.9815,3.0,85.0,0.00475,0.3,degraded
28.87,32.27381,32.69565,-0.42184,11.05261,10.88534,0.16727,3.0038,3.0,85.0,0.00496,0.3,degraded
28.88,32.27381,32.68412,-0.4103,11.05261,10.89564,0.15697,3.0167,3.0,85.0,0.0,0.3,degraded
28.89,32.27381,32.67793,-0.40411,11.05261,10.91059,0.14202,3.0107,3.0,85.0,0.00197,0.3,degraded
28.9,32.27381,32.66593,-0.39212,11.05261,10.91856,0.13405,2.9926,3.0,85.0,0.00365,0.3,degraded
28.91,32.27381,32.66116,-0.38735,11.05261,10.93175,0.12086,3.0027,2.9938,85.0,0.0,0.3,degraded
28.92,32.27381,32.6504,-0.37658,11.05261,10.9373,0.11531,3.0087,3.0,85.0,0.00176,0.3,degraded
28.93,32.27381,32.64703,-0.37321,11.05261,10.94741,0.1052,2.9902,2.9928,85.0,0.00393,0.3,degraded
28.94,32.27381,32.63628,-0.36247,11.05261,10.94964,0.10297,3.0059,2.9941,85.0,0.0,0.3,degraded
28.95,32.27381,32.62922,-0.35541,11.05261,10.95609,0.09651,2.9939,2.9979,85.0,0.00151,0.3,degraded
28.96,32.27381,32.61603,-0.34222,11.05261,10.95455,0.09806,3.0039,3.0,85.0,0.00409,0.3,degraded
28.97,32.27381,32.60925,-0.33544,11.05261,10.95846,0.09415,2.9873,2.9982,85.0,0.0,0.3,degraded
28.98,32.27381,32.59677,-0.32296,11.05261,10.95553,0.09708,3.0027,3.0,85.0,0.00022,0.3,degraded
28.99,32.27381,32.58855,-0.31473,11.05261,10.95834,0.09427,2.9835,2.9882,85.0,0.0049,0.3,degraded
29.0,32.27381,32.57379,-0.29997,11.05261,10.95906,0.09355,3.0019,2.9904,85.0,0.0,0.3,degraded
29.01,32.27381,32.56488,-0.29107,11.05261,10.96652,0.08609,3.0073,2.9938,85.0,0.00012,0.3,degraded
29.02,32.27381,32.55051,-0.27669,11.05261,10.96755,0.08506,3.0079,3.0,85.0,0.00467,0.3,degraded
29.03,32.27381,32.54107,-0.26725,11.05261,10.9742,0.07841,3.022,2.9882,85.0,1e-05,0.3,degraded
29.04,32.27381,32.52719,-0.25338,11.05261,10.97528,0.07733,2.9927,3.0,85.0,0.0,0.3,degraded
29.05,32.27381,32.5214,-0.24759,11.05261,10.98232,0.07029,2.9899,2.9995,85.0,0.00483,0.3,degraded
29.06,32.27381,32.51055,-0.23674,11.05261,10.98419,0.06842,3.0075,3.0,85.0,0.00045,0.3,degraded
29.07,32.27381,32.50763,-0.23382,11.05261,10.99245,0.06016,3.0456,2.9969,85.0,0.0,0.3,degraded
29.08,32.27381,32.50267,-0.22886,11.05261,10.99381,0.0588,3.0151,2.9931,85.0,0.00431,0.3,degraded
29.09,32.27381,32.50537,-0.23156,11.05261,11.00413,0.04848,3.0232,2.9996,85.0,0.00151,0.3,degraded
29.1,32.27381,32.50161,-0.22779,11.05261,11.00955,0.04306,2.9902,3.0,85.0,0.0,0.3,degraded
29.11,32.27381,32.5037,-0.22988,11.05261,11.01867,0.03394,3.0146,2.9761,85.0,0.00327,0.3,degraded
29.12,32.27381,32.4981,-0.22428,11.05261,11.02476,0.02785,2.9984,3.0,85.0,0.00218,0.3,degraded
29.13,32.27381,32.4964,-0.22258,11.05261,11.03795,0.01466,3.0079,3.0,85.0,0.0,0.3,degraded
29.14,32.27381,32.48482,-0.211,11.05261,11.04724,0.00537,2.9924,3.0,85.0,0.00376,0.3,degraded
29.15,32.27381,32.48009,-0.20628,11.05261,11.06534,-0.01273,2.9986,3.0,85.0,0.00208,0.3,degraded
29.16,32.27381,32.47057,-0.19676,11.05261,11.0746,-0.02199,2.982,2.9805,85.0,0.0,0.3,degraded
29.17,32.27381,32.46634,-0.19253,11.05261,11.09075,-0.03814,3.014,3.0,85.0,0.00278,0.3,degraded
29.18,32.27381,32.45608,-0.18227,11.05261,11.1005,-0.04789,3.0195,3.0,85.0,0.00268,0.3,degraded
29.19,32.27381,32.45264,-0.17882,11.05261,11.11677,-0.06416,3.0081,3.0,85.0,0.0,0.3,degraded
29.2,32.27381,32.4423,-0.16849,11.05261,11.12731,-0.0747,2.9846,2.9977,85.0,0.00226,0.3,degraded
29.21,32.27381,32.43726,-0.16345,11.05261,11.14464,-0.09204,2.9947,3.0,85.0,0.00346,0.3,degraded
29.22,32.27381,32.42576,-0.15195,11.05261,11.15365,-0.10104,2.9879,3.0,85.0,0.0,0.3,degraded
29.23,32.27381,32.41913,-0.14532,11.05261,11.16749,-0.11488,3.0069,2.9835,85.0,0.00204,0.3,degraded
29.24,32.27381,32.40708,-0.13327,11.05261,11.17216,-0.11955,3.0309,2.9878,85.0,0.00416,0.3,degraded
29.25,32.27381,32.39841,-0.1246,11.05261,11.18316,-0.13055,3.0008,3.0,85.0,0.0,0.3,degraded
29.26,32.27381,32.38296,-0.10914,11.05261,11.19016,-0.13755,2.973,3.0,85.0,0.00118,0.3,degraded
29.27,32.27381,32.37405,-0.10024,11.05261,11.2025,-0.14989,2.9709,3.0,85.0,0.00362,0.3,degraded
29.28,32.27381,32.35756,-0.08375,11.05261,11.20721,-0.1546,2.9945,2.9821,85.0,0.0,0.3,degraded
29.29,32.27381,32.34934,-0.07553,11.05261,11.21596,-0.16336,3.0147,3.0,85.0,0.00126,0.3,degraded
29.3,32.27381,32.33684,-0.06303,11.05261,11.21854,-0.16593,3.0016,3.0,85.0,0.00468,0.3,degraded
29.31,32.27381,32.33243,-0.05862,11.05261,11.22882,-0.17621,3.0048,2.9794,85.0,0.0,0.3,degraded
29.32,32.27381,32.3234,-0.04959,11.05261,11.23365,-0.18104,3.0227,2.9652,85.0,0.00085,0.3,degraded
29.33,32.27381,32.32014,-0.04633,11.05261,11.24436,-0.19175,3.0202,3.0,85.0,0.00363,0.3,degraded
29.34,32.27381,32.31069,-0.03688,11.05261,11.24987,-0.19726,3.0031,3.0,85.0,0.0,0.3,degraded
29.35,32.27381,32.30744,-0.03362,11.05261,11.26388,-0.21127,3.0053,3.0,85.0,0.00011,0.3,degraded
29.36,32.27381,32.29784,-0.02402,11.05261,11.27253,-0.21992,3.0006,2.9845,85.0,0.00415,0.3,degraded
29.37,32.27381,32.29569,-0.02188,11.05261,11.28611,-0.2335,3.0063,3.0,85.0,0.0003,0.3,degraded
29.38,32.27381,32.28711,-0.0133,11.05261,11.29448,-0.24187,3.0112,2.9707,85.0,0.0,0.3,degraded
29.39,32.27381,32.28308,-0.00927,11.05261,11.31129,-0.25868,3.0218,2.9808,85.0,0.00475,0.3,degraded
29.4,32.27381,32.27266,0.00115,11.05261,11.32246,-0.26985,3.0019,3.0,85.0,0.00115,0.3,degraded
29.41,32.27381,32.26811,0.0057,11.05261,11.33918,-0.28657,3.0235,2.9932,85.0,0.0,0.3,degraded
29.42,32.27381,32.26208,0.01173,11.05261,11.34867,-0.29606,2.9941,3.0,85.0,0.00434,0.3,degraded
29.43,32.27381,32.26436,0.00946,11.05261,11.36224,-0.30963,3.0296,3.0,85.0,0.00133,0.3,degraded
29.44,32.27381,32.25987,0.01395,11.05261,11.37216,-0.31955,3.0077,2.9565,85.0,0.0,0.3,degraded
29.45,32.27381,32.26186,0.01195,11.05261,11.39362,-0.34101,2.958,3.0,85.0,0.00326,0.3,degraded
29.46,32.27381,32.2572,0.01661,11.05261,11.40785,-0.35525,2.9749,3.0,85.0,0.00218,0.3,degraded
29.47,32.27381,32.25944,0.01437,11.05261,11.42525,-0.37264,2.9981,2.9762,85.0,0.0,0.3,degraded
29.48,32.27381,32.25346,0.02035,11.05261,11.43647,-0.38386,3.0112,2.9744,85.0,0.00361,0.3,degraded
29.49,32.27381,32.25153,0.02228,11.05261,11.45015,-0.39754,3.0129,3.0,85.0,0.00311,0.3,degraded
29.5,32.27381,32.24305,0.03077,11.05261,11.45727,-0.40466,3.0062,3.0,85.0,0.0,0.3,degraded
29.51,32.27381,32.23824,0.03557,11.05261,11.47103,-0.41842,3.0201,2.9859,85.0,0.00317,0.3,degraded
29.52,32.27381,32.22638,0.04743,11.05261,11.47933,-0.42672,2.9921,2.9897,85.0,0.00251,0.3,degraded
29.53,32.27381,32.22009,0.05372,11.05261,11.49542,-0.44281,3.0044,3.0,85.0,0.0,0.3,degraded
29.54,32.27381,32.20891,0.0649,11.05261,11.50571,-0.4531,3.007,2.9967,85.0,0.00263,0.3,degraded
29.55,32.27381,32.20585,0.06797,11.05261,11.52251,-0.4699,2.9848,2.9718,85.0,0.00363,0.3,degraded
29.56,32.27381,32.19273,0.08108,11.05261,11.53253,-0.47992,2.9823,3.0,85.0,0.0,0.3,degraded
29.57,32.27381,32.184,0.08981,11.05261,11.55024,-0.49763,3.0009,3.0,85.0,0.0017,0.3,degraded
29.58,32.27381,32.16881,0.10501,11.05261,11.56201,-0.5094,3.0166,3.0,85.0,0.00395,0.3,degraded
29.59,32.27381,32.15931,0.1145,11.05261,11.58155,-0.52894,2.9929,2.9866,85.0,0.0,0.3,degraded
29.6,32.27381,32.146,0.12781,11.05261,11.59471,-0.5421,3.0399,2.9975,85.0,0.00142,0.3,degraded
29.61,32.27381,32.1403,0.13351,11.05261,11.61481,-0.5622,2.9953,2.9821,85.0,0.00492,0.3,degraded
29.62,32.27381,32.13131,0.1425,11.05261,11.62469,-0.57208,3.0007,3.0,85.0,0.00064,0.3,degraded
29.63,32.27381,32.12954,0.14427,11.05261,11.63564,-0.58303,3.0171,2.9735,85.0,0.00192,0.3,degraded
29.64,32.27381,32.12328,0.15053,11.05261,11.62972,-0.57711,3.0086,2.9981,85.0,0.00487,0.3,degraded
29.65,32.27381,32.12511,0.14871,11.05261,11.62821,-0.5756,3.0074,3.0,85.0,1e-05,0.3,degraded
29.66,32.27381,32.12402,0.14979,11.05261,11.62058,-0.56797,2.9952,2.9978,85.0,0.00055,0.3,degraded
29.67,32.27381,32.13227,0.14154,11.05261,11.62035,-0.56774,2.9979,3.0,85.0,0.00414,0.3,degraded
29.68,32.27381,32.13216,0.14166,11.05261,11.61487,-0.56226,2.9934,2.995,85.0,0.0,0.3,degraded
29.69,32.27381,32.13839,0.13543,11.05261,11.61498,-0.56237,3.0016,2.9972,85.0,5e-05,0.3,degraded
29.7,32.27381,32.139,0.13481,11.05261,11.60569,-0.55308,2.9867,2.9906,85.0,0.00396,0.3,degraded
29.71,32.27381,32.14553,0.12829,11.05261,11.6026,-0.54999,3.0208,2.9892,85.0,1e-05,0.3,degraded
29.72,32.27381,32.14645,0.12736,11.05261,11.59362,-0.54101,2.9851,3.0,85.0,0.0,0.3,degraded
29.73,32.27381,32.15247,0.12134,11.05261,11.58895,-0.53634,3.0299,2.9962,85.0,0.00483,0.3,degraded
29.74,32.27381,32.15518,0.11863,11.05261,11.57524,-0.52263,2.9884,2.979,85.0,0.00055,0.3,degraded
29.75,32.27381,32.16283,0.11099,11.05261,11.56785,-0.51524,3.0129,2.9911,85.0,0.0,0.3,degraded
29.76,32.27381,32.16656,0.10725,11.05261,11.55344,-0.50083,2.9874,3.0,85.0,0.00588,0.3,degraded
29.77,32.27381,32.17726,0.09655,11.05261,11.53588,-0.48327,2.9804,3.0,85.0,0.00314,0.3,degraded
29.78,32.27381,32.18273,0.09108,11.05261,11.50311,-0.4505,2.9909,2.9747,85.0,0.0,0.3,degraded
29.79,32.27381,32.19531,0.0785,11.05261,11.47747,-0.42486,3.0033,2.9804,85.0,0.00402,0.3,degraded
29.8,32.27381,32.20056,0.07326,11.05261,11.44147,-0.38886,3.0087,2.979,85.0,0.00185,0.3,degraded
29.81,32.27381,32.21305,0.06076,11.05261,11.41374,-0.36113,3.0089,2.9848,85.0,0.0,0.3,degraded
29.82,32.27381,32.21892,0.05489,11.05261,11.38162,-0.32901,3.016,3.0,85.0,0.00302,0.3,degraded
29.83,32.27381,32.23112,0.04269,11.05261,11.3516,-0.29899,3.0233,2.9746,85.0,0.00194,0.3,degraded
29.84,32.27381,32.23703,0.03679,11.05261,11.3166,-0.26399,3.0034,2.9882,85.0,0.0,0.3,degraded
29.85,32.27381,32.24929,0.02452,11.05261,11.29226,-0.23965,3.0308,3.0,85.0,0.00321,0.3,degraded
29.86,32.27381,32.25676,0.01706,11.05261,11.26308,-0.21047,2.9926,2.9954,85.0,0.00337,0.3,degraded
29.87,32.27381,32.2728,0.00102,11.05261,11.24165,-0.18904,2.9861,2.996,85.0,0.0,0.3,degraded
29.88,32.27381,32.28218,-0.00837,11.05261,11.2161,-0.16349,2.9702,2.9839,85.0,0.00197,0.3,degraded
29.89,32.27381,32.30028,-0.02647,11.05261,11.19711,-0.1445,3.0076,2.9661,85.0,0.00328,0.3,degraded
29.9,32.27381,32.31051,-0.03669,11.05261,11.17301,-0.1204,3.0071,3.0,85.0,0.0,0.3,degraded
29.91,32.27381,32.32817,-0.05436,11.05261,11.15494,-0.10233,2.998,3.0,85.0,0.00166,0.3,degraded
29.92,32.27381,32.3366,-0.06279,11.05261,11.13072,-0.07811,3.0009,2.9994,85.0,0.00386,0.3,degraded
29.93,32.27381,32.34937,-0.07556,11.05261,11.11314,-0.06053,3.0151,2.9932,85.0,0.0,0.3,degraded
29.94,32.27381,32.35605,-0.08224,11.05261,11.09031,-0.0377,3.0227,2.9846,85.0,0.0025,0.3,degraded
29.95,32.27381,32.36396,-0.09015,11.05261,11.07548,-0.02287,2.9698,2.9873,85.0,0.00559,0.3,degraded
29.96,32.27381,32.35864,-0.08482,11.05261,11.05217,0.00044,2.9795,3.0,85.0,0.0,0.3,degraded
29.97,32.27381,32.3582,-0.08438,11.05261,11.03739,0.01522,2.9881,3.0,85.0,0.00049,0.3,degraded
29.98,32.27381,32.34975,-0.07594,11.05261,11.01567,0.03694,2.9795,3.0,85.0,0.00445,0.3,degraded
29.99,32.27381,32.34726,-0.07345,11.05261,10.99857,0.05404,3.0007,2.9824,85.0,0.03328,0.3,degraded
30.0,0.0,32.304,-32.304,2.34641,10.97602,-8.62961,2.994,2.9896,85.0,0.26129,0.3,degraded
30.01,-0.06808,31.16632,-31.23439,2.19638,10.2072,-8.01082,2.9939,2.9821,85.0,0.3,0.3,degraded
30.02,-0.13623,28.41592,-28.55214,2.04746,9.36298,-7.31552,3.0033,3.0,85.0,0.18417,0.3,degraded
30.03,-0.20451,24.68847,-24.89298,1.89966,8.60465,-6.705,0.3624,3.0,85.0,0.04797,0.3,degraded
30.04,-0.27299,21.36147,-21.63446,1.75296,7.92243,-6.16948,3.001,3.0,85.0,0.10092,0.3,degraded
30.05,-0.34173,18.44748,-18.78922,1.60736,7.32676,-5.71941,2.993,2.9917,85.0,0.08189,0.3,degraded
30.06,-0.41082,15.90604,-16.31686,1.46285,6.77171,-5.30886,3.0013,1.8026,85.0,0.07938,0.3,degraded
30.07,-0.4803,13.71432,-14.19462,1.31944,6.22974,-4.9103,2.9933,2.9925,85.0,0.05229,0.3,degraded
30.08,-0.55025,11.74647,-12.29672,1.17711,5.74683,-4.56973,2.9864,0.8907,85.0,0.05032,0.3,degraded
30.09,-0.62074,10.05044,-10.67118,1.03585,5.23252,-4.19666,3.0142,3.0,85.0,0.05889,0.3,degraded
30.1,-0.69182,8.53918,-9.23101,0.89567,4.7919,-3.89623,2.9927,2.9867,85.0,0.04484,0.3,degraded
30.11,-0.76357,7.21475,-7.97832,0.75655,4.4031,-3.64654,1.5609,3.0,85.0,0.02893,0.3,degraded
30.12,-0.83605,6.01574,-6.85179,0.61849,4.00687,-3.38838,2.9828,3.0,85.0,0.04052,0.3,degraded
30.13,-0.90933,4.99656,-5.90589,0.48147,3.67981,-3.19834,3.0341,3.0,85.0,0.05671,0.3,degraded
30.14,-0.98346,4.11522,-5.09868,0.34549,3.37431,-3.02882,3.0223,3.0,85.0,0.01711,0.3,degraded
30.15,-1.05852,3.30573,-4.36426,0.21054,3.0567,-2.84616,2.9865,3.0,85.0,0.02088,0.3,degraded
30.16,-1.13457,2.60314,-3.73771,0.07661,2.77899,-2.70238,3.0069,2.4603,85.0,0.02726,0.3,degraded
30.17,-1.21167,2.00097,-3.21263,-0.05632,2.47701,-2.53332,3.0164,2.9944,85.0,0.01471,0.3,degraded
30.18,-1.28988,1.45535,-2.74523,-0.18824,2.16865,-2.35689,3.0146,3.0,85.0,0.02632,0.3,degraded
30.19,-1.36926,0.98074,-2.35,-0.31917,1.94685,-2.26602,2.9937,2.9971,85.0,0.0166,0.3,degraded
30.2,-1.44989,0.56152,-2.0114,-0.44912,1.63928,-2.08841,2.9938,2.9937,85.0,0.01698,0.3,degraded
30.21,-1.53181,0.20853,-1.74034,-0.57811,1.39938,-1.97749,2.9995,2.9909,85.0,0.02038,0.3,degraded
30.22,-1.61509,-0.08903,-1.52606,-0.70614,1.21515,-1.9213,3.0097,3.0,85.0,0.00248,0.3,degraded
30.23,-1.69979,-0.32889,-1.3709,-0.83323,1.04161,-1.87484,0.8663,1.8584,85.0,0.01044,0.3,degraded
30.24,-1.78597,-0.62068,-1.16528,-0.95939,0.85931,-1.8187,2.9813,1.1361,85.0,0.01527,0.3,degraded
30.25,-1.87368,-0.84486,-1.02882,-1.08463,0.65762,-1.74225,3.0011,3.0,85.0,0.01008,0.3,degraded
30.26,-1.96298,-1.02232,-0.94066,-1.20896,0.47442,-1.68339,1.4797,3.0,85.0,0.01207,0.3,degraded
30.27,-2.05394,-1.20907,-0.84487,-1.3324,0.32051,-1.65291,3.0076,3.0,85.0,0.00264,0.3,degraded
30.28,-2.1466,-1.38329,-0.76331,-1.45497,0.16744,-1.62241,2.9914,1.8716,85.0,0.02072,0.3,degraded
30.29,-2.24103,-1.59444,-0.64659,-1.57666,0.0116,-1.58826,3.0088,0.1938,85.0,0.03404,0.3,degraded
30.3,-2.33727,-1.75151,-0.58575,-1.69751,-0.20416,-1.49336,2.9992,3.0,85.0,0.00678,0.3,degraded
30.31,-2.43538,-1.85845,-0.57693,-1.81752,-0.33574,-1.48178,3.0182,2.987,85.0,0.00451,0.3,degraded
30.32,-2.53541,-1.95796,-0.57746,-1.93671,-0.55747,-1.37924,3.0165,3.0,85.0,0.008,0.3,degraded
30.33,-2.63742,-2.04354,-0.59388,-2.05509,-0.69227,-1.36283,2.9915,3.0,85.0,0.00399,0.3,degraded
30.34,-2.74145,-2.13558,-0.60587,-2.17269,-0.84501,-1.32768,2.9917,2.9822,85.0,0.00107,0.3,degraded
30.35,-2.84755,-2.22215,-0.62541,-2.2895,-0.95876,-1.33075,2.9973,3.0,85.0,0.018,0.3,degraded
30.36,-2.95578,-2.39855,-0.55724,-2.40556,-1.11504,-1.29052,3.0015,2.9924,85.0,0.00691,0.3,degraded
30.37,-3.06618,-2.55161,-0.51457,-2.52087,-1.23773,-1.28314,2.9891,2.9994,85.0,0.01781,0.3,degraded
30.38,-3.1788,-2.65324,-0.52556,-2.63546,-1.32878,-1.30667,3.0056,3.0,85.0,0.00948,0.3,degraded
30.39,-3.29368,-2.73244,-0.56124,-2.74933,-1.4216,-1.32773,3.0091,3.0,85.0,0.00137,0.3,degraded
30.4,-3.41087,-2.81718,-0.59369,-2.86252,-1.54321,-1.3193,3.0103,3.0,85.0,0.00847,0.3,degraded
30.41,-3.53041,-2.89669,-0.63371,-2.97502,-1.65794,-1.31707,2.6213,1.5251,85.0,0.00628,0.3,degraded
30.42,-3.65234,-2.98857,-0.66377,-3.08686,-1.78343,-1.30343,3.0,2.9923,85.0,0.00958,0.3,degraded
30.43,-3.77671,-3.12972,-0.64699,-3.19807,-1.94697,-1.2511,2.9897,2.9908,85.0,0.0,0.3,degraded
30.44,-3.90355,-3.25228,-0.65127,-3.30864,-2.04977,-1.25887,2.9946,2.9918,85.0,0.01212,0.3,degraded
30.45,-4.03291,-3.34447,-0.68844,-3.41861,-2.14015,-1.27847,3.0051,2.9984,85.0,0.00157,0.3,degraded
30.46,-4.16481,-3.4426,-0.72221,-3.52799,-2.23711,-1.29089,2.9927,3.0,85.0,0.00537,0.3,degraded
30.47,-4.29931,-3.61631,-0.683,-3.6368,-2.33973,-1.29707,2.9983,2.9954,85.0,0.00575,0.3,degraded
30.48,-4.43642,-3.74943,-0.68699,-3.74506,-2.46572,-1.27934,2.993,3.0,85.0,0.01361,0.3,degraded
30.49,-4.57619,-3.84001,-0.73619,-3.85278,-2.59661,-1.25617,3.0101,2.9924,85.0,0.02015,0.3,degraded
30.5,-4.71865,-3.95283,-0.76583,-3.95999,-2.7416,-1.21838,2.9796,2.9961,85.0,0.02516,0.3,degraded
30.51,-4.86383,-4.09034,-0.77349,-4.0667,-2.87883,-1.18786,2.9793,3.0,85.0,0.02227,0.3,degraded
30.52,-5.01176,-4.25852,-0.75324,-4.17293,-2.97074,-1.20218,3.0372,2.9954,85.0,0.00102,0.3,degraded
30.53,-5.16247,-4.41847,-0.744,-4.2787,-3.06876,-1.20994,3.0015,3.0,85.0,0.00561,0.3,degraded
30.54,-5.31598,-4.54151,-0.77447,-4.38403,-3.16515,-1.21888,3.0409,3.0,85.0,0.00823,0.3,degraded
30.55,-5.47233,-4.67771,-0.79461,-4.48893,-3.2716,-1.21733,2.9946,3.0,85.0,0.00389,0.3,degraded
30.56,-5.63153,-4.80868,-0.82284,-4.59344,-3.39653,-1.19691,3.0054,2.9912,85.0,0.00759,0.3,degraded
30.57,-5.7936,-4.93072,-0.86288,-4.69756,-3.48852,-1.20904,3.0026,3.0,85.0,0.00804,0.3,degraded
30.58,-5.95858,-5.06528,-0.8933,-4.80132,-3.67129,-1.13003,2.9892,2.9978,85.0,0.00441,0.3,degraded
30.59,-6.12648,-5.19263,-0.93385,-4.90474,-3.77407,-1.13067,0.2104,3.0,85.0,0.01921,0.3,degraded
30.6,-6.29731,-5.40878,-0.88854,-5.00783,-3.86981,-1.13802,3.011,2.9749,85.0,0.01654,0.3,degraded
30.61,-6.4711,-5.55797,-0.91313,-5.11061,-3.95851,-1.1521,2.995,2.9963,85.0,0.00194,0.3,degraded
30.62,-6.64787,-5.72875,-0.91911,-5.21311,-4.05395,-1.15916,3.0222,2.9948,85.0,0.00361,0.3,degraded
30.63,-6.82762,-5.9051,-0.92252,-5.31534,-4.14537,-1.16997,3.002,2.9645,85.0,0.0035,0.3,degraded
30.64,-7.01037,-6.03868,-0.97169,-5.41733,-4.2415,-1.17583,0.7631,3.0,85.0,0.00335,0.3,degraded
30.65,-7.19613,-6.21713,-0.97899,-5.51908,-4.37432,-1.14476,3.0159,3.0,85.0,0.00766,0.3,degraded
30.66,-7.38491,-6.3608,-1.02411,-5.62063,-4.48156,-1.13907,0.4664,2.9812,85.0,0.02872,0.3,degraded
30.67,-7.57672,-6.54665,-1.03007,-5.722,-4.57347,-1.14853,2.9885,2.9878,85.0,0.01032,0.3,degraded
30.68,-7.77156,-6.7028,-1.06876,-5.82319,-4.71342,-1.10977,3.0023,3.0,85.0,0.00645,0.3,degraded
30.69,-7.96945,-6.84699,-1.12246,-5.92423,-4.85881,-1.06543,2.9871,3.0,85.0,0.01486,0.3,degraded
30.7,-8.17038,-6.98474,-1.18565,-6.02515,-4.95474,-1.07041,3.002,2.9892,85.0,0.00264,0.3,degraded
30.71,-8.37436,-7.1313,-1.24306,-6.12596,-5.03916,-1.08679,2.9945,2.9873,85.0,0.00474,0.3,degraded
30.72,-8.58139,-7.33866,-1.24273,-6.22667,-5.12878,-1.09789,2.973,2.9866,85.0,0.02046,0.3,degraded
30.73,-8.79147,-7.55437,-1.23709,-6.32731,-5.22707,-1.10024,2.986,3.0,85.0,0.00642,0.3,degraded
30.74,-9.00459,-7.72176,-1.28283,-6.4279,-5.34106,-1.08684,1.9053,3.0,85.0,0.01715,0.3,degraded
30.75,-9.22075,-7.89467,-1.32609,-6.52846,-5.42663,-1.10184,0.3627,3.0,85.0,0.00491,0.3,degraded
30.76,-9.43996,-8.09195,-1.348,-6.62901,-5.51985,-1.10915,3.0077,2.9871,85.0,0.00528,0.3,degraded
30.77,-9.66219,-8.27423,-1.38796,-6.72956,-5.6097,-1.11986,0.8593,3.0,85.0,0.028,0.3,degraded
30.78,-9.88744,-8.45121,-1.43623,-6.83013,-5.73322,-1.09691,2.9973,2.9827,85.0,0.02176,0.3,degraded
30.79,-10.11571,-8.63596,-1.47974,-6.93075,-5.91207,-1.01867,3.0056,3.0,85.0,0.02423,0.3,degraded
30.8,-10.34697,-8.83517,-1.51181,-7.03142,-6.02293,-1.00849,1.2282,2.9886,85.0,0.00525,0.3,degraded
30.81,-10.58123,-9.05825,-1.52298,-7.13218,-6.11373,-1.01845,3.0165,2.9853,85.0,0.00564,0.3,degraded
30.82,-10.81846,-9.2952,-1.52326,-7.23304,-6.21089,-1.02215,3.0381,2.9967,85.0,0.00383,0.3,degraded
30.83,-11.05864,-9.53096,-1.52768,-7.33401,-6.29252,-1.04149,2.9841,2.9982,85.0,0.00068,0.3,degraded
30.84,-11.30177,-9.75383,-1.54794,-7.43511,-6.38414,-1.05097,3.0154,3.0,85.0,0.0052,0.3,degraded
30.85,-11.54782,-10.0075,-1.54032,-7.53637,-6.46921,-1.06716,2.9825,2.9989,85.0,0.01315,0.3,degraded
30.86,-11.79677,-10.20898,-1.58778,-7.6378,-6.56258,-1.07522,2.8067,2.9942,85.0,0.0,0.3,degraded
30.87,-12.0486,-10.40792,-1.64068,-7.73942,-6.65076,-1.08866,2.0026,2.9792,85.0,0.00395,0.3,degraded
30.88,-12.30328,-10.61391,-1.68937,-7.84124,-6.74846,-1.09278,3.0229,2.9928,85.0,0.02807,0.3,degraded
30.89,-12.5608,-10.90267,-1.65813,-7.94329,-6.91435,-1.02894,2.9939,3.0,85.0,0.01712,0.3,degraded
30.9,-12.82112,-11.14675,-1.67437,-8.04557,-7.01496,-1.03061,3.016,3.0,85.0,0.01141,0.3,degraded
30.91,-13.08422,-11.35885,-1.72537,-8.14811,-7.1024,-1.04571,3.0051,2.9961,85.0,0.01853,0.3,degraded
30.92,-13.35007,-11.5847,-1.76537,-8.25092,-7.19346,-1.05747,2.9791,3.0,85.0,0.00742,0.3,degraded
30.93,-13.61863,-11.81242,-1.80621,-8.35402,-7.30153,-1.0525,2.996,3.0,85.0,0.02394,0.3,degraded
30.94,-13.88988,-12.10018,-1.7897,-8.45743,-7.44491,-1.01252,3.0098,2.9976,85.0,0.01393,0.3,degraded
30.95,-14.16378,-12.34629,-1.81749,-8.56116,-7.52925,-1.03191,3.0135,3.0,85.0,0.01478,0.3,degraded
30.96,-14.4403,-12.57252,-1.86778,-8.66522,-7.6192,-1.04602,1.2495,2.9936,85.0,0.01571,0.3,degraded
30.97,-14.7194,-12.83628,-1.88311,-8.76963,-7.71261,-1.05702,3.0068,2.988,85.0,0.00793,0.3,degraded
30.98,-15.00104,-13.12305,-1.87799,-8.87441,-7.80769,-1.06673,3.0042,3.0,85.0,0.00219,0.3,degraded
30.99,-15.28519,-13.41958,-1.8656,-8.97958,-7.90796,-1.07161,3.0116,2.978,85.0,0.01214,0.3,degraded
31.0,-15.5718,-13.66199,-1.9098,-9.08513,-8.02834,-1.05679,3.0024,2.9883,85.0,0.02387,0.3,degraded
31.01,-15.86083,-13.91846,-1.94237,-9.1911,-8.14001,-1.05109,1.0565,2.9948,85.0,0.02241,0.3,degraded
31.02,-16.15224,-14.17223,-1.98001,-9.29749,-8.23992,-1.05757,3.0043,2.9796,85.0,0.00961,0.3,degraded
31.03,-16.44599,-14.45281,-1.99317,-9.40432,-8.36167,-1.04265,3.0221,3.0,85.0,0.01118,0.3,degraded
31.04,-16.74202,-14.76313,-1.97889,-9.5116,-8.472,-1.0396,3.009,3.0,85.0,0.01239,0.3,degraded
31.05,-17.0403,-15.01501,-2.02529,-9.61934,-8.59116,-1.02819,2.9945,3.0,85.0,0.00755,0.3,degraded
31.06,-17.34077,-15.26726,-2.07351,-9.72756,-8.71227,-1.01529,3.0029,3.0,85.0,0.00658,0.3,degraded
31.07,-17.64339,-15.52422,-2.11917,-9.83627,-8.81379,-1.02248,3.0131,2.9905,85.0,0.00708,0.3,degraded
31.08,-17.9481,-15.83481,-2.11329,-9.94548,-8.92618,-1.0193,2.9965,3.0,85.0,0.00404,0.3,degraded
31.09,-18.25485,-16.10052,-2.15434,-10.0552,-9.01375,-1.04144,2.9895,2.9642,85.0,0.0167,0.3,degraded
31.1,-18.5636,-16.38409,-2.1795,-10.16544,-9.10956,-1.05588,2.9987,3.0,85.0,0.01534,0.3,degraded
31.11,-18.87428,-16.68501,-2.18927,-10.27622,-9.19987,-1.07635,2.9964,2.9855,85.0,0.00103,0.3,degraded
31.12,-19.18684,-16.99984,-2.18699,-10.38754,-9.30525,-1.08229,2.9993,2.9925,85.0,0.00572,0.3,degraded
31.13,-19.50122,-17.31402,-2.1872,-10.49942,-9.39788,-1.10155,3.0013,2.977,85.0,0.00679,0.3,degraded
31.14,-19.81738,-17.61933,-2.19805,-10.61187,-9.57459,-1.03728,3.0122,2.9845,85.0,0.00099,0.3,degraded
31.15,-20.13524,-17.96095,-2.17429,-10.72489,-9.67687,-1.04801,3.007,3.0,85.0,0.01585,0.3,degraded
31.16,-20.45475,-18.24952,-2.20523,-10.83849,-9.78512,-1.05337,3.0029,2.9915,85.0,0.01437,0.3,degraded
31.17,-20.77584,-18.5378,-2.23805,-10.95268,-9.9151,-1.03759,3.0233,2.9836,85.0,0.01323,0.3,degraded
31.18,-21.09847,-18.88485,-2.21362,-11.06748,-10.03909,-1.02839,2.9898,3.0,85.0,0.0121,0.3,degraded
31.19,-21.42256,-19.20938,-2.21318,-11.18288,-10.12599,-1.0569,2.996,3.0,85.0,0.01922,0.3,degraded
31.2,-21.74805,-19.48638,-2.26167,-11.2989,-10.23306,-1.06584,2.9889,3.0,85.0,0.00047,0.3,degraded
31.21,-22.07488,-19.79579,-2.27909,-11.41555,-10.34517,-1.07037,2.9902,3.0,85.0,0.01731,0.3,degraded
31.22,-22.40299,-20.0918,-2.31119,-11.53282,-10.44184,-1.09098,1.207,2.9867,85.0,0.0078,0.3,degraded
31.23,-22.7323,-20.40964,-2.32266,-11.65073,-10.53876,-1.11197,3.0105,2.992,85.0,0.0262,0.3,degraded
31.24,-23.06274,-20.75427,-2.30848,-11.76928,-10.69943,-1.06985,3.0194,2.9957,85.0,0.02403,0.3,degraded
31.25,-23.39426,-21.10995,-2.28431,-11.88848,-10.82116,-1.06732,2.9864,3.0,85.0,0.02298,0.3,degraded
31.26,-23.72679,-21.40937,-2.31742,-12.00834,-10.92222,-1.08612,2.9966,3.0,85.0,0.00829,0.3,degraded
31.27,-24.06025,-21.69402,-2.36622,-12.12885,-11.02444,-1.10441,2.994,3.0,85.0,0.00626,0.3,degraded
31.28,-24.39457,-22.03611,-2.35846,-12.25002,-11.13588,-1.11414,3.0145,2.9886,85.0,0.0081,0.3,degraded
31.29,-24.72969,-22.32741,-2.40228,-12.37186,-11.28003,-1.09183,2.9987,2.9994,85.0,0.0158,0.3,degraded
31.3,-25.06552,-22.62894,-2.43659,-12.49436,-11.40238,-1.09198,0.0991,2.9946,85.0,0.01294,0.3,degraded
31.31,-25.40201,-23.01352,-2.3885,-12.61754,-11.56816,-1.04938,3.025,2.9689,85.0,0.02963,0.3,degraded
31.32,-25.73908,-23.34206,-2.39702,-12.74139,-11.67029,-1.0711,3.0213,3.0,85.0,0.00913,0.3,degraded
31.33,-26.07666,-23.63837,-2.43828,-12.86592,-11.75748,-1.10843,3.0271,3.0,85.0,0.00966,0.3,degraded
31.34,-26.41466,-23.98067,-2.43399,-12.99112,-11.86934,-1.12178,2.9886,2.9938,85.0,0.00498,0.3,degraded
31.35,-26.75303,-24.28809,-2.46493,-13.117,-11.97562,-1.14138,2.9964,3.0,85.0,0.00766,0.3,degraded
31.36,-27.09167,-24.60968,-2.48199,-13.24357,-12.0903,-1.15326,2.1684,3.0,85.0,0.01981,0.3,degraded
31.37,-27.43053,-24.94084,-2.48969,-13.37081,-12.30775,-1.06305,3.0034,2.9992,85.0,0.00654,0.3,degraded
31.38,-27.76951,-25.31403,-2.45549,-13.49873,-12.44926,-1.04947,3.0108,2.9868,85.0,0.01671,0.3,degraded
31.39,-28.10856,-25.62394,-2.48462,-13.62732,-12.53421,-1.09312,2.1089,2.9793,85.0,0.00174,0.3,degraded
31.4,-28.44758,-25.94834,-2.49924,-13.7566,-12.62883,-1.12777,3.0045,2.9866,85.0,0.01395,0.3,degraded
31.41,-28.78651,-26.26623,-2.52029,-13.88655,-12.81792,-1.06863,2.9983,3.0,85.0,0.0019,0.3,degraded
31.42,-29.12527,-26.6374,-2.48786,-14.01717,-12.93615,-1.08102,3.0058,2.9847,85.0,0.00467,0.3,degraded
31.43,-29.46377,-26.95333,-2.51045,-14.14847,-13.02199,-1.12648,2.984,3.0,85.0,0.0157,0.3,degraded
31.44,-29.80195,-27.33349,-2.46846,-14.28043,-13.1417,-1.13873,2.9968,3.0,85.0,0.00544,0.3,degraded
31.45,-30.13973,-27.6589,-2.48083,-14.41305,-13.3011,-1.11195,3.0025,3.0,85.0,0.01183,0.3,degraded
31.46,-30.47702,-28.03376,-2.44326,-14.54634,-13.40234,-1.144,3.0043,3.0,85.0,0.01039,0.3,degraded
31.47,-30.81375,-28.38472,-2.42903,-14.68027,-13.55656,-1.12371,3.0121,2.9961,85.0,0.00794,0.3,degraded
31.48,-31.14985,-28.69975,-2.4501,-14.81486,-13.69564,-1.11923,0.3035,2.9972,85.0,0.02584,0.3,degraded
31.49,-31.48522,-29.01855,-2.46667,-14.9501,-13.78602,-1.16407,2.9922,3.0,85.0,0.00595,0.3,degraded
31.5,-31.81981,-29.33711,-2.4827,-15.08597,-13.8991,-1.18687,2.9839,2.9869,85.0,0.0166,0.3,degraded
31.51,-32.15352,-29.64716,-2.50635,-15.22248,-14.0301,-1.19238,0.5499,3.0,85.0,0.01896,0.3,degraded
31.52,-32.48628,-30.02981,-2.45646,-15.35961,-14.19234,-1.16727,3.0038,2.9903,85.0,0.01575,0.3,degraded
31.53,-32.81801,-30.34106,-2.47695,-15.49736,-14.37061,-1.12675,2.999,3.0,85.0,0.01822,0.3,degraded
31.54,-33.14863,-30.71584,-2.43279,-15.63571,-14.48163,-1.15409,3.0008,3.0,85.0,0.00249,0.3,degraded
31.55,-33.47807,-31.03708,-2.44099,-15.77468,-14.60529,-1.16938,3.0161,2.9962,85.0,0.00985,0.3,degraded
31.56,-33.80625,-31.34834,-2.45792,-15.91423,-14.74594,-1.16828,2.9936,3.0,85.0,0.01263,0.3,degraded
31.57,-34.13309,-31.66268,-2.47042,-16.05437,-14.85918,-1.19519,3.0183,3.0,85.0,0.0064,0.3,degraded
31.58,-34.45852,-32.00923,-2.44929,-16.19508,-14.95709,-1.23799,2.9985,2.9929,85.0,0.01976,0.3,degraded
31.59,-34.78245,-32.35431,-2.42814,-16.33636,-15.06667,-1.26969,3.0139,2.9808,85.0,0.01125,0.3,degraded
31.6,-35.10481,-32.67726,-2.42755,-16.47819,-15.26642,-1.21177,2.9919,3.0,85.0,0.00109,0.3,degraded
31.61,-35.42553,-33.01274,-2.41279,-16.62056,-15.4334,-1.18716,2.9836,3.0,85.0,0.01892,0.3,degraded
31.62,-35.74452,-33.31583,-2.42869,-16.76347,-15.53719,-1.22628,3.0033,2.7988,85.0,0.01024,0.3,degraded
31.63,-36.06171,-33.64968,-2.41203,-16.90689,-15.66391,-1.24298,3.0135,3.0,85.0,0.02718,0.3,degraded
31.64,-36.37703,-33.95971,-2.41732,-17.05082,-15.83273,-1.21809,3.0123,3.0,85.0,0.00465,0.3,degraded
31.65,-36.6904,-34.30765,-2.38276,-17.19524,-16.00678,-1.18846,2.9947,2.9851,85.0,0.01328,0.3,degraded
31.66,-37.00175,-34.61283,-2.38893,-17.34015,-16.12767,-1.21247,3.0196,3.0,85.0,0.00397,0.3,degraded
31.67,-37.31101,-34.97377,-2.33724,-17.48552,-16.23972,-1.24579,2.9787,2.9969,85.0,0.0057,0.3,degraded
31.68,-37.61809,-35.29455,-2.32355,-17.63134,-16.4079,-1.22344,3.0096,3.0,85.0,0.00581,0.3,degraded
31.69,-37.92293,-35.61078,-2.31216,-17.7776,-16.53145,-1.24614,3.0008,3.0,85.0,0.00406,0.3,degraded
31.7,-38.22546,-35.93545,-2.29002,-17.92428,-16.69416,-1.23012,3.0036,2.9855,85.0,0.01553,0.3,degraded
31.71,-38.5256,-36.23423,-2.29137,-18.07137,-16.79297,-1.2784,2.992,3.0,85.0,0.02237,0.3,degraded
31.72,-38.82329,-36.55832,-2.26497,-18.21885,-16.90381,-1.31504,3.0091,2.9844,85.0,0.03041,0.3,degraded
31.73,-39.11844,-36.82342,-2.29502,-18.3667,-17.02695,-1.33976,2.9807,3.0,85.0,0.01679,0.3,degraded
31.74,-39.411,-37.13144,-2.27956,-18.51492,-17.15771,-1.3572,2.9787,3.0,85.0,0.01897,0.3,degraded
31.75,-39.7009,-37.41871,-2.28219,-18.66347,-17.28354,-1.37993,3.0152,0.5746,85.0,0.00715,0.3,degraded
31.76,-39.98806,-37.70898,-2.27909,-18.81234,-17.48782,-1.32452,2.9995,2.9728,85.0,0.00296,0.3,degraded
31.77,-40.27242,-37.99058,-2.28184,-18.96152,-17.62047,-1.34105,1.9072,0.9734,85.0,0.01268,0.3,degraded
31.78,-40.55392,-38.28273,-2.27119,-19.11099,-17.79156,-1.31942,0.819,2.9986,85.0,0.00822,0.3,degraded
31.79,-40.83248,-38.61449,-2.21799,-19.26072,-17.92677,-1.33395,2.9978,2.9929,85.0,0.01689,0.3,degraded
31.8,-41.10805,-38.89102,-2.21703,-19.4107,-18.07632,-1.33437,2.8123,2.9875,85.0,0.00782,0.3,degraded
31.81,-41.38055,-39.15995,-2.22061,-19.5609,-18.23028,-1.33063,2.2461,3.0,85.0,0.02101,0.3,degraded
31.82,-41.64993,-39.45997,-2.18996,-19.71132,-18.35897,-1.35235,2.9881,2.987,85.0,0.02041,0.3,degraded
31.83,-41.91613,-39.79271,-2.12342,-19.86192,-18.49513,-1.36679,2.9769,2.9742,85.0,0.03303,0.3,degraded
31.84,-42.17908,-40.07084,-2.10824,-20.01269,-18.6212,-1.39149,3.0015,2.9923,85.0,0.00582,0.3,degraded
31.85,-42.43872,-40.38364,-2.05508,-20.16361,-18.76095,-1.40265,2.9957,2.9913,85.0,0.00054,0.3,degraded
31.86,-42.695,-40.68336,-2.01164,-20.31465,-18.8885,-1.42615,3.001,2.9761,85.0,0.01795,0.3,degraded
31.87,-42.94786,-40.91891,-2.02895,-20.46579,-19.09455,-1.37123,3.0049,3.0,85.0,0.00812,0.3,degraded
31.88,-43.19724,-41.25148,-1.94576,-20.61701,-19.22501,-1.39199,2.995,2.9924,85.0,0.00765,0.3,degraded
31.89,-43.44308,-41.53178,-1.9113,-20.76828,-19.39992,-1.36836,2.994,3.0,85.0,0.0142,0.3,degraded
31.9,-43.68533,-41.7738,-1.91154,-20.91959,-19.59241,-1.32718,0.3667,2.9925,85.0,0.00495,0.3,degraded
31.91,-43.92395,-42.02691,-1.89704,-21.07091,-19.72995,-1.34096,3.0061,2.419,85.0,0.01181,0.3,degraded
31.92,-44.15886,-42.26234,-1.89653,-21.22222,-19.91069,-1.31153,1.9889,3.0,85.0,0.02677,0.3,degraded
31.93,-44.39003,-42.49702,-1.89301,-21.37349,-20.01642,-1.35707,0.3781,2.9876,85.0,0.02603,0.3,degraded
31.94,-44.61741,-42.79941,-1.818,-21.5247,-20.19335,-1.33134,3.005,3.0,85.0,0.00474,0.3,degraded
31.95,-44.84094,-43.06245,-1.77849,-21.67582,-20.30671,-1.36911,3.0126,0.5411,85.0,0.02131,0.3,degraded
31.96,-45.06059,-43.28592,-1.77466,-21.82683,-20.50344,-1.32339,3.0131,2.9995,85.0,0.00855,0.3,degraded
31.97,-45.27629,-43.50955,-1.76674,-21.9777,-20.62915,-1.34856,3.0087,0.3337,85.0,0.00667,0.3,degraded
31.98,-45.48801,-43.72152,-1.76649,-22.12841,-20.83105,-1.29736,2.9937,2.9939,85.0,0.02191,0.3,degraded
31.99,-45.69571,-43.98523,-1.71048,-22.27894,-20.94974,-1.32919,3.0103,2.3737,85.0,0.01578,0.3,degraded
32.0,-45.89935,-44.25487,-1.64447,-22.42925,-21.05013,-1.37912,3.0153,2.9781,85.0,0.01716,0.3,degraded
32.01,-46.09887,-44.45554,-1.64333,-22.57931,-21.19629,-1.38302,3.0092,3.0,85.0,0.00759,0.3,degraded
32.02,-46.29425,-44.65047,-1.64378,-22.72912,-21.33139,-1.39773,0.0959,3.0,85.0,0.03422,0.3,degraded
32.03,-46.48544,-44.92378,-1.56166,-22.87862,-21.54764,-1.33099,3.0224,3.0,85.0,0.02526,0.3,degraded
32.04,-46.67242,-45.15721,-1.51521,-23.02781,-21.7078,-1.32001,2.9932,3.0,85.0,0.01715,0.3,degraded
32.05,-46.85513,-45.33296,-1.52217,-23.17665,-21.81172,-1.36493,2.9837,3.0,85.0,0.01078,0.3,degraded
32.06,-47.03356,-45.53331,-1.50025,-23.32511,-21.9384,-1.38671,3.002,2.9675,85.0,0.01686,0.3,degraded
32.07,-47.20767,-45.73002,-1.47765,-23.47317,-22.09066,-1.3825,3.0051,3.0,85.0,0.01132,0.3,degraded
32.08,-47.37742,-45.92202,-1.45539,-23.62079,-22.24724,-1.37355,2.9918,2.9698,85.0,0.01218,0.3,degraded
32.09,-47.54279,-46.09859,-1.4442,-23.76796,-22.38679,-1.38117,3.0357,3.0,85.0,0.02258,0.3,degraded
32.1,-47.70375,-46.29569,-1.40806,-23.91464,-22.56701,-1.34762,3.0332,3.0,85.0,0.02174,0.3,degraded
32.11,-47.86027,-46.47099,-1.38928,-24.0608,-22.70394,-1.35685,2.996,2.99,85.0,0.01792,0.3,degraded
32.12,-48.01233,-46.64721,-1.36512,-24.20641,-22.84336,-1.36305,3.0143,2.9937,85.0,0.00708,0.3,degraded
32.13,-48.15991,-46.85091,-1.30899,-24.35145,-22.98638,-1.36507,2.9926,3.0,85.0,0.01108,0.3,degraded
32.14,-48.30298,-46.99957,-1.3034,-24.49588,-23.1107,-1.38517,2.9787,2.9873,85.0,0.01178,0.3,degraded
32.15,-48.44152,-47.23634,-1.20517,-24.63968,-23.22853,-1.41114,2.9941,3.0,85.0,0.01176,0.3,degraded
32.16,-48.57552,-47.41698,-1.15854,-24.78281,-23.39619,-1.38663,3.0115,2.9946,85.0,0.0,0.3,degraded
32.17,-48.70495,-47.55438,-1.15057,-24.92525,-23.52386,-1.4014,2.997,2.989,85.0,0.01135,0.3,degraded
32.18,-48.8298,-47.72428,-1.10552,-25.06697,-23.66702,-1.39995,2.9864,2.9834,85.0,0.02363,0.3,degraded
32.19,-48.95007,-47.83245,-1.11762,-25.20794,-23.83233,-1.37561,2.9919,2.9862,85.0,0.03342,0.3,degraded
32.2,-49.06572,-48.00133,-1.06439,-25.34813,-23.96796,-1.38016,3.0214,2.993,85.0,0.01777,0.3,degraded
32.21,-49.17676,-48.11745,-1.05931,-25.4875,-24.12955,-1.35795,2.0142,2.9894,85.0,0.02385,0.3,degraded
32.22,-49.28317,-48.24221,-1.04097,-25.62603,-24.28129,-1.34473,0.5903,2.9979,85.0,0.00084,0.3,degraded
32.23,-49.38495,-48.42002,-0.96493,-25.76368,-24.47076,-1.29292,3.0352,2.9893,85.0,0.02991,0.3,degraded
32.24,-49.48209,-48.53841,-0.94368,-25.90043,-24.59065,-1.30978,2.9961,3.0,85.0,0.01072,0.3,degraded
32.25,-49.57458,-48.62107,-0.95351,-26.03625,-24.70228,-1.33397,3.0125,2.9822,85.0,0.00412,0.3,degraded
32.26,-49.66242,-48.71063,-0.95179,-26.1711,-24.82701,-1.34409,2.9809,2.0575,85.0,0.00657,0.3,degraded
32.27,-49.74561,-48.79458,-0.95103,-26.30496,-24.96479,-1.34017,3.0047,2.9993,85.0,0.00534,0.3,degraded
32.28,-49.82416,-48.88415,-0.94,-26.43779,-25.13119,-1.3066,3.0159,2.9948,85.0,0.01093,0.3,degraded
32.29,-49.89805,-48.96631,-0.93173,-26.56957,-25.22658,-1.34299,3.0018,3.0,85.0,0.004,0.3,degraded
32.3,-49.96729,-49.05398,-0.91331,-26.70026,-25.32332,-1.37693,3.0097,3.0,85.0,0.01499,0.3,degraded
32.31,-50.0319,-49.13492,-0.89698,-26.82983,-25.50588,-1.32394,2.9765,3.0,85.0,0.00256,0.3,degraded
32.32,-50.09187,-49.2218,-0.87006,-26.95825,-25.66363,-1.29461,3.0295,2.9903,85.0,0.01168,0.3,degraded
32.33,-50.14721,-49.29999,-0.84722,-27.08549,-25.75657,-1.32893,2.7543,3.0,85.0,0.00734,0.3,degraded
32.34,-50.19793,-49.38213,-0.8158,-27.21152,-25.85395,-1.35757,3.0191,2.9912,85.0,0.01389,0.3,degraded
32.35,-50.24405,-49.45956,-0.78449,-27.33632,-25.96665,-1.36966,2.9996,0.6914,85.0,0.00493,0.3,degraded
32.36,-50.28557,-49.54277,-0.7428,-27.45984,-26.15254,-1.3073,2.9967,2.983,85.0,0.01844,0.3,degraded
32.37,-50.32251,-49.61877,-0.70373,-27.58206,-26.25807,-1.32399,3.0074,2.9869,85.0,0.00257,0.3,degraded
32.38,-50.35488,-49.70019,-0.65469,-27.70295,-26.39272,-1.31022,2.9824,3.0,85.0,0.00776,0.3,degraded
32.39,-50.3827,-49.77583,-0.60687,-27.82247,-26.53442,-1.28806,2.988,3.0,85.0,0.00748,0.3,degraded
32.4,-50.406,-49.85513,-0.55086,-27.94061,-26.66582,-1.27478,2.9939,3.0,85.0,0.00377,0.3,degraded
32.41,-50.42478,-49.92961,-0.49517,-28.05732,-26.77638,-1.28093,3.0153,2.0412,85.0,0.0,0.3,degraded
32.42,-50.43907,-50.00886,-0.43021,-28.17257,-26.88318,-1.28939,3.0041,3.0,85.0,0.0097,0.3,degraded
32.43,-50.4489,-50.08139,-0.36751,-28.28634,-26.97239,-1.31395,2.9948,2.9925,85.0,0.00123,0.3,degraded
32.44,-50.45428,-50.16085,-0.29343,-28.3986,-27.07306,-1.32555,3.0035,2.9901,85.0,0.02639,0.3,degraded
32.45,-50.45525,-50.23396,-0.22129,-28.50932,-27.27535,-1.23397,3.0142,3.0,85.0,0.02322,0.3,degraded
32.46,-50.45183,-50.31296,-0.13887,-28.61846,-27.42,-1.19847,2.9967,3.0,85.0,0.01054,0.3,degraded
32.47,-50.44405,-50.38563,-0.05842,-28.726,-27.5079,-1.2181,3.0096,3.0,85.0,0.0,0.3,degraded
32.48,-50.43194,-50.46545,0.03351,-28.83191,-27.60259,-1.22932,2.9935,2.9965,85.0,0.00296,0.3,degraded
32.49,-50.41554,-50.53881,0.12327,-28.93616,-27.68923,-1.24693,3.0156,3.0,85.0,0.00296,0.3,degraded
32.5,-50.39487,-50.61848,0.22362,-29.03872,-27.78388,-1.25483,2.9841,2.9808,85.0,0.00452,0.3,degraded
32.51,-50.36996,-50.66551,0.29555,-29.13955,-27.87435,-1.2652,2.9937,2.9927,85.0,0.01662,0.3,degraded
32.52,-50.34087,-50.68935,0.34849,-29.23864,-28.01933,-1.21931,2.9842,3.0,85.0,0.00427,0.3,degraded
32.53,-50.30761,-50.70583,0.39822,-29.33595,-28.15147,-1.18448,2.9878,3.0,85.0,0.00578,0.3,degraded
32.54,-50.27024,-50.72985,0.45961,-29.43146,-28.26236,-1.1691,2.9952,3.0,85.0,0.00618,0.3,degraded
32.55,-50.22878,-50.74937,0.52059,-29.52513,-28.36171,-1.16342,3.0279,2.9749,85.0,0.00613,0.3,degraded
32.56,-50.18329,-50.75331,0.57002,-29.61694,-28.46343,-1.15351,2.9795,3.0,85.0,0.00521,0.3,degraded
32.57,-50.1338,-50.74981,0.61601,-29.70686,-28.54647,-1.16039,3.0238,2.9814,85.0,0.00422,0.3,degraded
32.58,-50.08036,-50.74414,0.66378,-29.79486,-28.6376,-1.15726,2.9641,2.9885,85.0,0.00623,0.3,degraded
32.59,-50.02301,-50.71922,0.69621,-29.88092,-28.72387,-1.15706,3.0024,3.0,85.0,0.0,0.3,degraded
32.6,-49.9618,-50.69901,0.73721,-29.96501,-28.81665,-1.14836,3.0033,2.9883,85.0,0.00159,0.3,degraded
32.61,-49.89678,-50.66865,0.77188,-30.0471,-28.90519,-1.14191,2.9987,3.0,85.0,0.00612,0.3,degraded
32.62,-49.82798,-50.63597,0.80799,-30.12717,-28.99791,-1.12926,3.0028,2.9956,85.0,6e-05,0.3,degraded
32.63,-49.75548,-50.58717,0.83169,-30.20518,-29.0843,-1.12088,2.9913,3.0,85.0,0.0015,0.3,degraded
32.64,-49.6793,-50.54138,0.86207,-30.28112,-29.17609,-1.10504,3.0242,2.9765,85.0,0.01204,0.3,degraded
32.65,-49.59952,-50.48087,0.88136,-30.35496,-29.29634,-1.05862,2.9735,2.9932,85.0,0.00075,0.3,degraded
32.66,-49.51617,-50.42421,0.90804,-30.42667,-29.42156,-1.0051,2.9815,2.993,85.0,0.00895,0.3,degraded
32.67,-49.42931,-50.34896,0.91965,-30.49622,-29.5021,-0.99412,2.9821,3.0,85.0,0.00402,0.3,degraded
32.68,-49.339,-50.28067,0.94167,-30.5636,-29.58988,-0.97373,3.0026,3.0,85.0,0.0,0.3,degraded
32.69,-49.2453,-50.20639,0.96109,-30.62878,-29.67127,-0.95751,2.9791,2.9856,85.0,0.00019,0.3,degraded
32.7,-49.14826,-50.13474,0.98649,-30.69173,-29.75818,-0.93356,2.9938,2.9752,85.0,0.00484,0.3,degraded
32.71,-49.04793,-50.03783,0.9899,-30.75244,-29.83703,-0.91541,2.9948,3.0,85.0,0.00425,0.3,degraded
32.72,-48.94439,-49.91304,0.96866,-30.81087,-29.92111,-0.88976,3.0206,2.9721,85.0,0.0,0.3,degraded
32.73,-48.83768,-49.81664,0.97897,-30.867,-29.99829,-0.86871,3.0051,3.0,85.0,0.00931,0.3,degraded
32.74,-48.72787,-49.71725,0.98938,-30.92082,-30.08071,-0.84011,2.994,2.9967,85.0,0.00416,0.3,degraded
32.75,-48.61502,-49.57278,0.95776,-30.97229,-30.15417,-0.81812,3.003,2.9882,85.0,0.00368,0.3,degraded
32.76,-48.49919,-49.46569,0.9665,-31.02141,-30.23378,-0.78763,2.9876,3.0,85.0,0.00403,0.3,degraded
32.77,-48.38045,-49.35791,0.97746,-31.06814,-30.3061,-0.76204,3.013,3.0,85.0,0.00367,0.3,degraded
32.78,-48.25886,-49.2386,0.97974,-31.11246,-30.38762,-0.72484,2.9767,3.0,85.0,0.00015,0.3,degraded
32.79,-48.13448,-49.11545,0.98097,-31.15436,-30.46101,-0.69336,3.0129,2.9783,85.0,0.00518,0.3,degraded
32.8,-48.00738,-48.97328,0.9659,-31.19382,-30.53802,-0.6558,3.0037,3.0,85.0,0.00396,0.3,degraded
32.81,-47.87763,-48.8641,0.98647,-31.23081,-30.60726,-0.62355,2.9913,3.0,85.0,0.00215,0.3,degraded
32.82,-47.74528,-48.73244,0.98716,-31.26531,-30.68324,-0.58207,2.9974,2.9875,85.0,0.00875,0.3,degraded
32.83,-47.61042,-48.60348,0.99306,-31.29731,-30.75086,-0.54645,3.0192,3.0,85.0,0.00245,0.3,degraded
32.84,-47.47311,-48.49745,1.02434,-31.32679,-30.8267,-0.50009,3.0123,2.9878,85.0,0.00104,0.3,degraded
32.85,-47.33342,-48.35007,1.01666,-31.35373,-30.89705,-0.45667,3.0098,2.9749,85.0,0.00313,0.3,degraded
32.86,-47.19141,-48.22454,1.03313,-31.37811,-30.97282,-0.40528,3.0056,2.9782,85.0,0.01028,0.3,degraded
32.87,-47.04715,-48.11118,1.06403,-31.39991,-31.04197,-0.35794,3.009,2.9931,85.0,0.0,0.3,degraded
32.88,-46.90072,-47.99024,1.08952,-31.41912,-31.11533,-0.30379,3.0109,2.9987,85.0,0.01099,0.3,degraded
32.89,-46.75219,-47.8444,1.09221,-31.43573,-31.18133,-0.25439,3.0027,2.9907,85.0,0.00606,0.3,degraded
32.9,-46.60162,-47.7023,1.10068,-31.44971,-31.24989,-0.19982,3.0008,2.9796,85.0,0.00252,0.3,degraded
32.91,-46.44909,-47.51962,1.07052,-31.46105,-31.30932,-0.15173,3.0188,2.9955,85.0,0.00495,0.3,degraded
32.92,-46.29468,-47.34229,1.04762,-31.46973,-31.37327,-0.09647,3.0062,3.0,85.0,0.01599,0.3,degraded
32.93,-46.13844,-47.22067,1.08223,-31.47575,-31.43107,-0.04468,3.0228,2.9892,85.0,0.0,0.3,degraded
32.94,-45.98046,-47.06551,1.08505,-31.47909,-31.49459,0.0155,3.0223,3.0,85.0,0.00944,0.3,degraded
32.95,-45.82081,-46.92155,1.10074,-31.47973,-31.55275,0.07302,2.9926,2.9915,85.0,0.00483,0.3,degraded
32.96,-45.65955,-46.77846,1.11891,-31.47766,-31.61599,0.13833,3.0343,2.9908,85.0,0.00024,0.3,degraded
32.97,-45.49677,-46.60805,1.11128,-31.47287,-31.67412,0.20125,2.9823,2.9881,85.0,0.00096,0.3,degraded
32.98,-45.33254,-46.45368,1.12114,-31.46535,-31.73705,0.27169,3.0111,2.9989,85.0,0.02937,0.3,degraded
32.99,-45.16692,-46.34207,1.17515,-31.45509,-31.79483,0.33974,2.9067,2.9961,85.0,0.01427,0.3,degraded
33.0,-45.0,-46.16462,1.16462,-31.44207,-31.85735,0.41528,2.9831,2.6587,85.0,0.0019,0.3,degraded
33.01,-44.83184,-46.02787,1.19602,-31.42629,-31.89328,0.467,3.0106,3.0,85.0,0.00735,0.3,degraded
33.02,-44.66253,-45.81988,1.15736,-31.40773,-31.93662,0.52889,3.0027,2.9894,85.0,0.00494,0.3,degraded
33.03,-44.49212,-45.65027,1.15815,-31.38639,-31.9643,0.57791,3.0012,2.9745,85.0,0.01242,0.3,degraded
33.04,-44.32071,-45.52496,1.20425,-31.36225,-31.98674,0.62448,3.004,2.9949,85.0,0.01292,0.3,degraded
33.05,-44.14835,-45.30557,1.15722,-31.33532,-31.98588,0.65056,2.9913,2.9929,85.0,0.00431,0.3,degraded
33.06,-43.97513,-45.13555,1.16042,-31.30558,-31.9917,0.68612,2.9926,3.0,85.0,0.00788,0.3,degraded
33.07,-43.80111,-45.01013,1.20901,-31.27302,-31.99197,0.71895,3.0119,3.0,85.0,0.01119,0.3,degraded
33.08,-43.62638,-44.82407,1.19769,-31.23765,-31.99017,0.75252,3.0033,2.9963,85.0,0.00619,0.3,degraded
33.09,-43.45099,-44.64677,1.19578,-31.19944,-31.97815,0.77871,2.9998,2.6822,85.0,0.00266,0.3,degraded
33.1,-43.27504,-44.5082,1.23317,-31.15841,-31.95678,0.79838,3.0104,3.0,85.0,0.00703,0.3,degraded
33.11,-43.09857,-44.35797,1.2594,-31.11454,-31.9315,0.81696,3.0159,2.9736,85.0,0.00539,0.3,degraded
33.12,-42.92168,-44.18683,1.26514,-31.06782,-31.91209,0.84426,2.9874,3.0,85.0,0.00325,0.3,degraded
33.13,-42.74443,-43.99872,1.25429,-31.01826,-31.88262,0.86435,2.9681,2.9903,85.0,0.00757,0.3,degraded
33.14,-42.5669,-43.86264,1.29574,-30.96586,-31.83087,0.86502,0.9413,2.9873,85.0,0.0056,0.3,degraded
33.15,-42.38914,-43.67199,1.28284,-30.9106,-31.77153,0.86093,3.0079,2.9895,85.0,0.00322,0.3,degraded
33.16,-42.21125,-43.52798,1.31673,-30.85249,-31.71982,0.86733,3.0135,3.0,85.0,0.01349,0.3,degraded
33.17,-42.03327,-43.37229,1.33902,-30.79153,-31.6605,0.86897,0.1853,3.0,85.0,0.00498,0.3,degraded
33.18,-41.85529,-43.14602,1.29072,-30.72771,-31.6092,0.88149,2.9986,3.0,85.0,0.01067,0.3,degraded
33.19,-41.67738,-42.97512,1.29774,-30.66104,-31.55063,0.88959,3.0115,2.9901,85.0,0.02284,0.3,degraded
33.2,-41.49959,-42.79094,1.29135,-30.59151,-31.4946,0.90308,2.9984,2.9794,85.0,0.02421,0.3,degraded
33.21,-41.32201,-42.58328,1.26128,-30.51914,-31.43097,0.91183,3.0051,2.9863,85.0,0.00993,0.3,degraded
33.22,-41.14469,-42.44215,1.29745,-30.44391,-31.37041,0.92651,3.0018,3.0,85.0,0.00673,0.3,degraded
33.23,-40.96771,-42.29331,1.3256,-30.36583,-31.30165,0.93583,2.982,2.9769,85.0,0.00865,0.3,degraded
33.24,-40.79113,-42.12178,1.33065,-30.2849,-31.23947,0.95457,2.9662,3.0,85.0,0.01049,0.3,degraded
33.25,-40.61502,-41.95682,1.34181,-30.20113,-31.17107,0.96994,3.0101,3.0,85.0,0.00376,0.3,degraded
33.26,-40.43944,-41.74204,1.3026,-30.11452,-31.11122,0.9967,2.992,3.0,85.0,0.01704,0.3,degraded
33.27,-40.26445,-41.58566,1.32121,-30.02508,-31.03931,1.01423,3.0041,2.9829,85.0,0.00026,0.3,degraded
33.28,-40.09012,-41.4025,1.31238,-29.9328,-30.9728,1.04,3.0009,2.9193,85.0,0.00219,0.3,degraded
33.29,-39.91652,-41.25192,1.3354,-29.8377,-30.89486,1.05716,3.0197,2.9822,85.0,0.01138,0.3,degraded
33.3,-39.74369,-41.11969,1.376,-29.73979,-30.81289,1.0731,2.9871,2.9886,85.0,0.00602,0.3,degraded
33.31,-39.57171,-40.9122,1.34048,-29.63906,-30.71984,1.08078,2.9707,3.0,85.0,0.00042,0.3,degraded
33.32,-39.40064,-40.77169,1.37105,-29.53552,-30.63297,1.09744,2.9929,2.9892,85.0,0.00915,0.3,degraded
33.33,-39.23053,-40.61261,1.38209,-29.42919,-30.53867,1.10948,3.007,3.0,85.0,0.01151,0.3,degraded
33.34,-39.06144,-40.44801,1.38657,-29.32008,-30.45363,1.13355,3.0126,2.9997,85.0,0.00553,0.3,degraded
33.35,-38.89343,-40.23756,1.34413,-29.20818,-30.35599,1.1478,3.0058,2.9923,85.0,0.01663,0.3,degraded
33.36,-38.72655,-40.09424,1.36769,-29.09352,-30.26363,1.17011,2.9895,3.0,85.0,0.02113,0.3,degraded
33.37,-38.56086,-39.93114,1.37028,-28.97609,-30.16297,1.18687,2.997,3.0,85.0,0.01355,0.3,degraded
33.38,-38.39642,-39.75573,1.3593,-28.85592,-30.04359,1.18768,2.9895,2.0274,85.0,0.02444,0.3,degraded
33.39,-38.23328,-39.58201,1.34874,-28.73301,-29.91609,1.18309,2.9933,2.9824,85.0,0.02279,0.3,degraded
33.4,-38.07148,-39.42166,1.35018,-28.60737,-29.81332,1.20595,3.02,3.0,85.0,0.01956,0.3,degraded
33.41,-37.91109,-39.26564,1.35454,-28.47903,-29.63586,1.15684,2.9928,3.0,85.0,0.02148,0.3,degraded
33.42,-37.75215,-39.07376,1.32161,-28.34798,-29.51405,1.16607,2.988,3.0,85.0,0.02348,0.3,degraded
33.43,-37.59471,-38.92263,1.32792,-28.21425,-29.37957,1.16532,3.0147,3.0,85.0,0.00336,0.3,degraded
33.44,-37.43881,-38.77293,1.33412,-28.07784,-29.26501,1.18717,0.3098,2.9972,85.0,0.03399,0.3,degraded
33.45,-37.28451,-38.61322,1.32871,-27.93878,-29.12204,1.18326,2.9956,2.9994,85.0,0.02271,0.3,degraded
33.46,-37.13185,-38.41709,1.28524,-27.79707,-28.97622,1.17915,2.9858,2.9901,85.0,0.01882,0.3,degraded
33.47,-36.98087,-38.27377,1.2929,-27.65274,-28.85847,1.20573,2.9727,2.9997,85.0,0.0141,0.3,degraded
33.48,-36.83162,-38.0648,1.23318,-27.5058,-28.64851,1.14271,2.9927,3.0,85.0,0.00452,0.3,degraded
33.49,-36.68413,-37.88449,1.20035,-27.35627,-28.51314,1.15687,2.9817,2.9767,85.0,0.03114,0.3,degraded
33.5,-36.53846,-37.76529,1.22683,-27.20416,-28.41655,1.2124,2.9906,3.0,85.0,0.02542,0.3,degraded
33.51,-36.39463,-37.56826,1.17363,-27.04949,-28.23112,1.18164,3.0164,2.9904,85.0,0.00913,0.3,degraded
33.52,-36.25269,-37.39627,1.14358,-26.89228,-28.05984,1.16756,2.9773,2.9858,85.0,0.01111,0.3,degraded
33.53,-36.11266,-37.26272,1.15005,-26.73255,-27.93411,1.20155,0.056,2.9865,85.0,0.00363,0.3,degraded
33.54,-35.9746,-37.076,1.1014,-26.57032,-27.8035,1.23318,2.9945,3.0,85.0,0.01783,0.3,degraded
33.55,-35.83852,-36.94531,1.10678,-26.40561,-27.68298,1.27737,3.0019,2.9826,85.0,0.00867,0.3,degraded
33.56,-35.70447,-36.79718,1.09271,-26.23844,-27.51153,1.2731,2.9907,2.9831,85.0,0.00641,0.3,degraded
33.57,-35.57247,-36.63182,1.05935,-26.06882,-27.35265,1.28382,2.9967,2.9831,85.0,0.01488,0.3,degraded
33.58,-35.44256,-36.51709,1.07454,-25.89679,-27.2318,1.335,0.0772,3.0,85.0,0.00258,0.3,degraded
33.59,-35.31476,-36.33613,1.02138,-25.72237,-27.06456,1.3422,2.9974,3.0,85.0,0.02706,0.3,degraded
33.6,-35.18909,-36.22249,1.0334,-25.54556,-26.89456,1.349,3.0036,2.989,85.0,0.00937,0.3,degraded
33.61,-35.06559,-36.1146,1.04901,-25.36641,-26.70079,1.33438,2.9938,3.0,85.0,0.03654,0.3,degraded
33.62,-34.94428,-35.96158,1.0173,-25.18493,-26.58049,1.39557,2.9947,3.0,85.0,0.02061,0.3,degraded
33.63,-34.82518,-35.82542,1.00024,-25.00114,-26.42118,1.42004,2.9879,2.9903,85.0,0.01165,0.3,degraded
33.64,-34.70831,-35.7094,1.0011,-24.81507,-26.26774,1.45267,2.9775,2.9888,85.0,0.01148,0.3,degraded
33.65,-34.59369,-35.60085,1.00716,-24.62675,-26.09278,1.46603,2.9869,3.0,85.0,0.00294,0.3,degraded
33.66,-34.48134,-35.47748,0.99615,-24.4362,-25.894,1.4578,2.9748,3.0,85.0,0.00684,0.3,degraded
33.67,-34.37127,-35.34483,0.97356,-24.24344,-25.72179,1.47835,2.9843,3.0,85.0,0.00571,0.3,degraded
33.68,-34.26351,-35.25071,0.9872,-24.04851,-25.52478,1.47627,3.0025,2.9837,85.0,0.0016,0.3,degraded
33.69,-34.15806,-35.15475,0.99668,-23.85142,-25.35093,1.49951,2.0911,3.0,85.0,0.00501,0.3,degraded
33.7,-34.05494,-35.05769,1.00274,-23.65221,-25.15054,1.49833,3.0015,3.0,85.0,0.00955,0.3,degraded
33.71,-33.95416,-34.95464,1.00048,-23.4509,-24.99852,1.54762,3.0141,2.9969,85.0,0.01539,0.3,degraded
33.72,-33.85573,-34.84782,0.99209,-23.24752,-24.83671,1.58919,2.9841,3.0,85.0,0.02123,0.3,degraded
33.73,-33.75965,-34.75857,0.99892,-23.04209,-24.69484,1.65275,2.8839,3.0,85.0,0.01068,0.3,degraded
33.74,-33.66593,-34.61964,0.95371,-22.83466,-24.50352,1.66886,3.0038,3.0,85.0,0.00276,0.3,degraded
33.75,-33.57458,-34.52057,0.94599,-22.62524,-24.29007,1.66484,2.978,3.0,85.0,0.01169,0.3,degraded
33.76,-33.4856,-34.40871,0.92311,-22.41386,-24.10859,1.69472,3.0,3.0,85.0,0.01323,0.3,degraded
33.77,-33.39898,-34.32863,0.92965,-22.20056,-23.92811,1.72755,3.0031,0.4254,85.0,0.00011,0.3,degraded
33.78,-33.31474,-34.25207,0.93733,-21.98536,-23.68973,1.70437,2.9999,3.0,85.0,0.01593,0.3,degraded
33.79,-33.23287,-34.1591,0.92622,-21.7683,-23.51095,1.74266,1.097,0.706,85.0,0.00646,0.3,degraded
33.8,-33.15337,-34.02176,0.86839,-21.5494,-23.28956,1.74016,2.9762,2.9937,85.0,0.00807,0.3,degraded
33.81,-33.07623,-33.9329,0.85667,-21.3287,-23.09517,1.76648,2.9806,3.0,85.0,0.00826,0.3,degraded
33.82,-33.00145,-33.85596,0.85451,-21.10622,-22.88692,1.78069,2.9724,2.9939,85.0,0.0111,0.3,degraded
33.83,-32.92901,-33.77272,0.84371,-20.88201,-22.71249,1.83048,2.9697,3.0,85.0,0.0,0.3,degraded
33.84,-32.85892,-33.6972,0.83828,-20.65608,-22.52463,1.86855,2.9915,2.9935,85.0,0.0211,0.3,degraded
33.85,-32.79116,-33.61585,0.82469,-20.42848,-22.33271,1.90423,2.9849,3.0,85.0,0.02697,0.3,degraded
33.86,-32.72571,-33.54256,0.81685,-20.19924,-22.09805,1.89881,2.9854,2.9981,85.0,0.0,0.3,degraded
33.87,-32.66258,-33.46337,0.80079,-19.96839,-21.90783,1.93944,3.0101,3.0,85.0,0.00272,0.3,degraded
33.88,-32.60173,-33.39098,0.78925,-19.73595,-21.63847,1.90252,2.9915,3.0,85.0,0.00321,0.3,degraded
33.89,-32.54316,-33.31345,0.77029,-19.50198,-21.44366,1.94168,2.9732,2.9774,85.0,0.00326,0.3,degraded
33.9,-32.48684,-33.23875,0.75191,-19.26649,-21.22652,1.96003,2.9857,2.9922,85.0,0.00678,0.3,degraded
33.91,-32.43276,-33.15725,0.72449,-19.02953,-21.04385,2.01432,2.9968,0.7823,85.0,0.01919,0.3,degraded
33.92,-32.38091,-33.08332,0.70241,-18.79112,-20.79674,2.00562,3.0049,2.9771,85.0,0.0,0.3,degraded
33.93,-32.33124,-33.0033,0.67206,-18.55131,-20.5791,2.02779,3.0027,2.9952,85.0,0.00292,0.3,degraded
33.94,-32.28375,-32.92989,0.64614,-18.31012,-20.34944,2.03931,2.9834,3.0,85.0,0.00717,0.3,degraded
33.95,-32.23841,-32.84862,0.61021,-18.0676,-20.1277,2.0601,3.0123,3.0,85.0,0.0,0.3,degraded
33.96,-32.19518,-32.77499,0.57981,-17.82377,-19.92462,2.10085,2.9808,2.4222,85.0,0.00645,0.3,degraded
33.97,-32.15406,-32.69268,0.53863,-17.57867,-19.72894,2.15027,2.9792,2.9852,85.0,0.00865,0.3,degraded
33.98,-32.11499,-32.61712,0.50213,-17.33234,-19.46427,2.13193,2.9997,3.0,85.0,0.01335,0.3,degraded
33.99,-32.07796,-32.53445,0.45649,-17.08482,-19.24326,2.15844,3.0129,0.4338,85.0,0.00015,0.3,degraded
34.0,-32.04294,-32.45689,0.41395,-16.83613,-18.96242,2.12628,2.994,3.0,85.0,0.01376,0.3,degraded
34.01,-32.00989,-32.37193,0.36205,-16.58632,-18.74732,2.161,3.0091,2.075,85.0,0.01376,0.3,degraded
34.02,-31.97877,-32.29984,0.32107,-16.33542,-18.53519,2.19977,2.9832,2.9823,85.0,0.00229,0.3,degraded
34.03,-31.94955,-32.22795,0.2784,-16.08347,-18.32634,2.24287,2.9908,2.9906,85.0,0.02186,0.3,degraded
34.04,-31.9222,-32.16482,0.24262,-15.8305,-18.10997,2.27947,3.006,2.9857,85.0,0.00124,0.3,degraded
34.05,-31.89667,-32.0983,0.20163,-15.57655,-17.89575,2.3192,2.9891,2.846,85.0,0.003,0.3,degraded
34.06,-31.87293,-32.03669,0.16376,-15.32166,-17.62942,2.30776,2.9801,3.0,85.0,0.01672,0.3,degraded
34.07,-31.85094,-31.96832,0.11738,-15.06587,-17.37448,2.30862,3.0063,2.986,85.0,0.00117,0.3,degraded
34.08,-31.83065,-31.90677,0.07612,-14.8092,-17.0927,2.2835,3.0027,2.9995,85.0,0.00688,0.3,degraded
34.09,-31.81202,-31.83851,0.02649,-14.5517,-16.85941,2.30771,3.005,3.0,85.0,0.02014,0.3,degraded
34.1,-31.79502,-31.77733,-0.01768,-14.29341,-16.6261,2.33269,3.0039,3.0,85.0,0.02588,0.3,degraded
34.11,-31.77958,-31.71187,-0.06772,-14.03436,-16.38669,2.35233,2.9937,3.0,85.0,0.0,0.3,degraded
34.12,-31.76567,-31.65155,-0.11413,-13.77459,-16.13291,2.35832,2.9877,2.984,85.0,0.00912,0.3,degraded
34.13,-31.75325,-31.58541,-0.16783,-13.51413,-15.8633,2.34917,2.9881,2.9972,85.0,0.00387,0.3,degraded
34.14,-31.74225,-31.53379,-0.20846,-13.25303,-15.63928,2.38625,3.0201,2.9798,85.0,0.00669,0.3,degraded
34.15,-31.73263,-31.48691,-0.24572,-12.99132,-15.3427,2.35137,2.9836,3.0,85.0,0.00545,0.3,degraded
34.16,-31.72435,-31.44813,-0.27622,-12.72904,-15.06329,2.33425,3.0282,2.9915,85.0,0.0109,0.3,degraded
34.17,-31.71735,-31.4286,-0.28875,-12.46622,-14.81686,2.35064,3.0026,3.0,85.0,0.00619,0.3,degraded
34.18,-31.71157,-31.4173,-0.29427,-12.20291,-14.57498,2.37207,3.0,3.0,85.0,0.00721,0.3,degraded
34.19,-31.70697,-31.40234,-0.30463,-11.93913,-14.31722,2.37809,2.9898,3.0,85.0,0.00767,0.3,degraded
34.2,-31.70348,-31.39456,-0.30892,-11.67494,-14.05812,2.38318,3.0251,2.9933,85.0,0.01075,0.3,degraded
34.21,-31.70106,-31.37836,-0.3227,-11.41035,-13.81614,2.40579,3.0146,2.9893,85.0,0.01444,0.3,degraded
34.22,-31.69965,-31.36893,-0.33073,-11.14542,-13.57204,2.42662,3.01,1.3213,85.0,0.00918,0.3,degraded
34.23,-31.6992,-31.35503,-0.34417,-10.88018,-13.30809,2.42791,3.0089,2.9845,85.0,0.00239,0.3,degraded
34.24,-31.69963,-31.34807,-0.35156,-10.61467,-13.04026,2.4256,2.9953,2.9855,85.0,0.01548,0.3,degraded
34.25,-31.7009,-31.3384,-0.3625,-10.34891,-12.76891,2.42,3.0171,2.9746,85.0,0.00568,0.3,degraded
34.26,-31.70295,-31.34377,-0.35918,-10.08296,-12.46664,2.38368,2.9745,2.9996,85.0,0.00273,0.3,degraded
34.27,-31.70571,-31.34049,-0.36522,-9.81684,-12.21797,2.40113,3.0149,0.2316,85.0,0.01515,0.3,degraded
34.28,-31.70912,-31.34344,-0.36569,-9.5506,-11.95887,2.40827,2.9955,2.985,85.0,0.00624,0.3,degraded
34.29,-31.71313,-31.35252,-0.36062,-9.28427,-11.73451,2.45024,2.9864,2.9721,85.0,0.00045,0.3,degraded
34.3,-31.71768,-31.3695,-0.34817,-9.01788,-11.47611,2.45822,2.9995,3.0,85.0,0.00595,0.3,degraded
34.31,-31.72268,-31.38007,-0.34261,-8.75148,-11.18668,2.4352,3.0375,3.0,85.0,0.01434,0.3,degraded
34.32,-31.7281,-31.39704,-0.33106,-8.4851,-10.93286,2.44776,3.029,3.0,85.0,0.00114,0.3,degraded
34.33,-31.73386,-31.40724,-0.32661,-8.21877,-10.64387,2.4251,2.9943,2.9797,85.0,0.00791,0.3,degraded
34.34,-31.73989,-31.42352,-0.31637,-7.95253,-10.39845,2.44592,3.004,2.984,85.0,0.0045,0.3,degraded
34.35,-31.74613,-31.43452,-0.31161,-7.68643,-10.14339,2.45696,2.9844,2.981,85.0,0.00182,0.3,degraded
34.36,-31.75252,-31.45171,-0.30081,-7.42048,-9.90278,2.4823,3.008,3.0,85.0,0.00214,0.3,degraded
34.37,-31.75899,-31.46581,-0.29318,-7.15473,-9.65654,2.5018,3.0175,3.0,85.0,0.00466,0.3,degraded
34.38,-31.76548,-31.48707,-0.27841,-6.88922,-9.41152,2.5223,2.9766,2.9891,85.0,0.00163,0.3,degraded
34.39,-31.77191,-31.50186,-0.27005,-6.62397,-9.15096,2.52699,3.0178,2.9846,85.0,0.00468,0.3,degraded
34.4,-31.77822,-31.52526,-0.25297,-6.35903,-8.84958,2.49055,3.0154,3.0,85.0,0.00586,0.3,degraded
34.41,-31.78435,-31.54381,-0.24054,-6.09443,-8.59295,2.49852,3.0072,2.9995,85.0,0.00599,0.3,degraded
34.42,-31.79022,-31.57109,-0.21912,-5.8302,-8.31307,2.48287,2.9763,2.9968,85.0,0.01042,0.3,degraded
34.43,-31.79577,-31.59067,-0.20509,-5.56637,-8.00436,2.43799,2.9977,2.9836,85.0,0.00519,0.3,degraded
34.44,-31.80092,-31.61681,-0.18411,-5.30299,-7.71096,2.40797,3.0415,3.0,85.0,0.00666,0.3,degraded
34.45,-31.80562,-31.63974,-0.16588,-5.04008,-7.46569,2.42562,3.0048,3.0,85.0,0.00269,0.3,degraded
34.46,-31.80979,-31.6687,-0.14109,-4.77768,-7.22124,2.44357,3.0084,3.0,85.0,0.00978,0.3,degraded
34.47,-31.81336,-31.69026,-0.1231,-4.51581,-6.95642,2.44061,2.9896,3.0,85.0,0.00823,0.3,degraded
34.48,-31.81627,-31.71449,-0.10177,-4.25453,-6.65103,2.3965,2.9911,2.9862,85.0,0.00236,0.3,degraded
34.49,-31.81844,-31.73459,-0.08385,-3.99385,-6.39744,2.4036,2.9999,3.0,85.0,0.00733,0.3,degraded
34.5,-31.81981,-31.76203,-0.05778,-3.73381,-6.13756,2.40376,2.9978,2.9866,85.0,0.00485,0.3,degraded
34.51,-31.8203,-31.78201,-0.03829,-3.47443,-5.86533,2.39089,3.0242,3.0,85.0,0.00034,0.3,degraded
34.52,-31.81986,-31.80887,-0.01099,-3.21577,-5.6273,2.41153,2.9883,3.0,85.0,0.00656,0.3,degraded
34.53,-31.8184,-31.82649,0.00809,-2.95783,-5.34583,2.388,2.9909,3.0,85.0,0.00506,0.3,degraded
34.54,-31.81587,-31.84768,0.03182,-2.70066,-5.11884,2.41818,2.9735,3.0,85.0,0.00887,0.3,degraded
34.55,-31.81218,-31.86328,0.05109,-2.44429,-4.81073,2.36645,2.9921,3.0,85.0,0.01752,0.3,degraded
34.56,-31.80729,-31.88421,0.07692,-2.18874,-4.53431,2.34557,3.0183,2.989,85.0,0.01279,0.3,degraded
34.57,-31.8011,-31.89918,0.09808,-1.93405,-4.29852,2.36447,3.0275,0.7895,85.0,0.0213,0.3,degraded
34.58,-31.79357,-31.92268,0.12911,-1.68024,-4.03095,2.35071,3.006,2.9961,85.0,0.00437,0.3,degraded
34.59,-31.78461,-31.94052,0.15591,-1.42735,-3.79005,2.3627,2.9962,3.0,85.0,0.00814,0.3,degraded
34.6,-31.77417,-31.96662,0.19245,-1.1754,-3.52589,2.35049,3.0318,2.9813,85.0,0.00345,0.3,degraded
34.61,-31.76217,-31.98741,0.22524,-0.92442,-3.23562,2.3112,3.0134,2.9754,85.0,0.00088,0.3,degraded
34.62,-31.74855,-32.01348,0.26492,-0.67445,-2.99675,2.3223,2.9843,3.0,85.0,0.0037,0.3,degraded
34.63,-31.73324,-32.03381,0.30057,-0.42551,-2.70552,2.28001,2.9865,3.0,85.0,0.00275,0.3,degraded
34.64,-31.71618,-32.05819,0.34201,-0.17762,-2.47495,2.29734,3.0106,3.0,85.0,0.00333,0.3,degraded
34.65,-31.6973,-32.07585,0.37856,0.06919,-2.21447,2.28366,2.9894,3.0,85.0,0.01229,0.3,degraded
34.66,-31.67653,-32.09871,0.42218,0.31489,-1.99353,2.30842,2.9896,2.9723,85.0,0.00754,0.3,degraded
34.67,-31.65381,-32.11682,0.46301,0.55945,-1.75358,2.31303,3.0018,2.9868,85.0,0.00012,0.3,degraded
34.68,-31.62908,-32.14372,0.51465,0.80285,-1.50032,2.30317,2.9859,2.9711,85.0,0.00583,0.3,degraded
34.69,-31.60226,-32.15006,0.5478,1.04506,-1.22433,2.26938,2.9905,2.9799,85.0,0.0037,0.3,degraded
34.7,-31.57331,-32.15639,0.58308,1.28606,-0.97074,2.2568,3.0172,3.0,85.0,0.01164,0.3,degraded
34.71,-31.54215,-32.1421,0.59995,1.52582,-0.75488,2.2807,3.0027,3.0,85.0,0.008,0.3,degraded
34.72,-31.50873,-32.13429,0.62556,1.76432,-0.48831,2.25263,2.987,2.993,85.0,0.00226,0.3,degraded
34.73,-31.47298,-32.11918,0.6462,2.00154,-0.26798,2.26951,3.0163,2.9955,85.0,0.0015,0.3,degraded
34.74,-31.43485,-32.10618,0.67134,2.23745,0.03056,2.20689,2.5608,3.0,85.0,0.00659,0.3,degraded
34.75,-31.39426,-32.065,0.67073,2.47202,0.25838,2.21365,3.0107,3.0,85.0,0.00393,0.3,degraded
34.76,-31.35118,-32.02886,0.67768,2.70525,0.54492,2.16033,3.0003,2.9934,85.0,0.0008,0.3,degraded
34.77,-31.30552,-31.98182,0.6763,2.9371,0.79285,2.14426,3.0105,3.0,85.0,0.00597,0.3,degraded
34.78,-31.25725,-31.94045,0.6832,3.16756,1.00068,2.16688,2.9956,2.985,85.0,0.00351,0.3,degraded
34.79,-31.2063,-31.89335,0.68705,3.3966,1.26603,2.13057,2.9876,2.988,85.0,0.0157,0.3,degraded
34.8,-31.15262,-31.85199,0.69938,3.6242,1.4637,2.1605,3.0113,0.4707,85.0,0.02078,0.3,degraded
34.81,-31.09615,-31.80735,0.7112,3.85035,1.74063,2.10972,2.9841,2.9693,85.0,0.00893,0.3,degraded
34.82,-31.03683,-31.77077,0.73393,4.07501,1.94194,2.13307,2.9792,1.4202,85.0,0.00424,0.3,degraded
34.83,-30.97463,-31.72632,0.75169,4.29819,2.15735,2.14084,3.0002,3.0,85.0,0.00968,0.3,degraded
34.84,-30.90948,-31.67338,0.76391,4.51985,2.38364,2.1362,3.0129,2.9851,85.0,0.0063,0.3,degraded
34.85,-30.84133,-31.61271,0.77139,4.73997,2.59652,2.14345,3.0029,3.0,85.0,0.01519,0.3,degraded
34.86,-30.77013,-31.55944,0.78932,4.95855,2.79534,2.16322,3.0109,2.9696,85.0,0.02461,0.3,degraded
34.87,-30.69584,-31.49972,0.80389,5.17556,3.0408,2.13476,2.9989,3.0,85.0,0.00829,0.3,degraded
34.88,-30.6184,-31.44086,0.82246,5.39099,3.25046,2.14053,2.9992,1.2056,85.0,0.0095,0.3,degraded
34.89,-30.53778,-31.36853,0.83075,5.60482,3.47577,2.12905,2.9986,3.0,85.0,0.00421,0.3,degraded
34.9,-30.45392,-31.30323,0.84931,5.81704,3.76038,2.05666,2.9959,2.9914,85.0,0.02021,0.3,degraded
34.91,-30.36677,-31.22985,0.86308,6.02762,3.9692,2.05842,3.0116,2.9888,85.0,0.01435,0.3,degraded
34.92,-30.27631,-31.15903,0.88272,6.23657,4.19766,2.03891,3.0011,2.9885,85.0,0.01737,0.3,degraded
34.93,-30.18248,-31.07945,0.89697,6.44385,4.4441,1.99976,3.01,2.9769,85.0,0.01235,0.3,degraded
34.94,-30.08525,-30.98805,0.9028,6.64947,4.63544,2.01403,2.9949,2.9799,85.0,0.00951,0.3,degraded
34.95,-29.98457,-30.87409,0.88952,6.8534,4.8325,2.0209,2.9887,0.7872,85.0,0.00855,0.3,degraded
34.96,-29.88041,-30.74793,0.86753,7.05563,5.07011,1.98552,3.0035,3.0,85.0,0.00493,0.3,degraded
34.97,-29.77273,-30.61819,0.84547,7.25616,5.28215,1.97401,3.0342,2.9986,85.0,0.00779,0.3,degraded
34.98,-29.66149,-30.54184,0.88036,7.45497,5.52112,1.93385,2.9922,2.9769,85.0,0.00619,0.3,degraded
34.99,-29.54666,-30.43791,0.89126,7.65204,5.70453,1.94752,2.9837,0.886,85.0,0.00772,0.3,degraded
35.0,-29.4282,-30.3282,0.9,7.84738,5.92641,1.92097,3.0108,3.0,85.0,0.01562,0.3,degraded
35.01,-29.30609,-30.21711,0.91101,8.04097,6.10527,1.9357,2.9815,3.0,85.0,0.00178,0.3,degraded
35.02,-29.1803,-30.11849,0.93819,8.2328,6.31147,1.92133,2.9784,3.0,85.0,0.03587,0.3,degraded
35.03,-29.05079,-29.98905,0.93826,8.42286,6.49999,1.92286,2.9735,0.0894,85.0,0.02629,0.3,degraded
35.04,-28.91753,-29.8256,0.90807,8.61114,6.75615,1.85499,2.9974,3.0,85.0,0.01667,0.3,degraded
35.05,-28.78051,-29.69059,0.91009,8.79764,6.93811,1.85953,3.0159,2.9895,85.0,0.00959,0.3,degraded
35.06,-28.63969,-29.56303,0.92334,8.98235,7.15057,1.83178,2.9873,2.9917,85.0,0.0137,0.3,degraded
35.07,-28.49505,-29.45296,0.95791,9.16526,7.3415,1.82376,3.0044,2.9685,85.0,0.00137,0.3,degraded
35.08,-28.34658,-29.28014,0.93356,9.34637,7.54378,1.80258,3.0276,3.0,85.0,0.00952,0.3,degraded
35.09,-28.19424,-29.15931,0.96507,9.52566,7.73233,1.79333,2.988,3.0,85.0,0.01528,0.3,degraded
35.1,-28.03802,-29.01297,0.97494,9.70315,7.89591,1.80724,3.0073,2.627,85.0,0.01366,0.3,degraded
35.11,-27.87791,-28.84739,0.96948,9.87882,8.12254,1.75628,2.998,2.9864,85.0,0.01251,0.3,degraded
35.12,-27.71388,-28.72788,1.014,10.05266,8.31419,1.73847,0.6974,3.0,85.0,0.0229,0.3,degraded
35.13,-27.54593,-28.57454,1.02861,10.22468,8.50642,1.71825,2.9978,2.992,85.0,0.0,0.3,degraded
35.14,-27.37403,-28.44181,1.06778,10.39486,8.68674,1.70813,2.9821,3.0,85.0,0.00618,0.3,degraded
35.15,-27.19818,-28.27459,1.07641,10.56322,8.83652,1.7267,2.986,1.6688,85.0,0.00556,0.3,degraded
35.16,-27.01837,-28.15275,1.13439,10.72975,8.99474,1.73501,2.9916,2.1486,85.0,0.00465,0.3,degraded
35.17,-26.83458,-27.9312,1.09662,10.89444,9.17123,1.7232,3.015,3.0,85.0,0.00722,0.3,degraded
35.18,-26.64681,-27.77547,1.12866,11.05729,9.35868,1.69861,3.02,2.9924,85.0,0.02835,0.3,degraded
35.19,-26.45506,-27.65788,1.20281,11.21831,9.56076,1.65755,2.8111,3.0,85.0,0.01599,0.3,degraded
35.2,-26.25932,-27.50895,1.24963,11.37749,9.76085,1.61664,2.9758,3.0,85.0,0.01581,0.3,degraded
35.21,-26.05959,-27.32806,1.26846,11.53484,9.93451,1.60033,2.9982,2.9753,85.0,0.00856,0.3,degraded
35.22,-25.85587,-27.11329,1.25742,11.69035,10.13829,1.55206,3.0137,2.9982,85.0,0.01251,0.3,degraded
35.23,-25.64815,-26.9551,1.30695,11.84403,10.28663,1.55741,3.0305,0.1444,85.0,0.00442,0.3,degraded
35.24,-25.43645,-26.76915,1.33271,11.99589,10.50992,1.48596,2.9976,2.9946,85.0,0.02466,0.3,degraded
35.25,-25.22075,-26.60677,1.38602,12.14591,10.6586,1.48731,2.995,2.9783,85.0,0.01508,0.3,degraded
35.26,-25.00108,-26.42082,1.41974,12.29411,10.77918,1.51493,3.0128,2.9906,85.0,0.00784,0.3,degraded
35.27,-24.77743,-26.18328,1.40585,12.44049,10.93967,1.50082,2.9829,3.0,85.0,0.02479,0.3,degraded
35.28,-24.54982,-26.01182,1.462,12.58506,11.08849,1.49657,2.9945,3.0,85.0,0.00422,0.3,degraded
35.29,-24.31825,-25.81719,1.49894,12.72781,11.26288,1.46492,3.0047,3.0,85.0,0.02507,0.3,degraded
35.3,-24.08273,-25.63678,1.55405,12.86875,11.39879,1.46997,2.9887,3.0,85.0,0.03341,0.3,degraded
35.31,-23.84329,-25.4051,1.56182,13.0079,11.55082,1.45707,2.9874,3.0,85.0,0.00137,0.3,degraded
35.32,-23.59992,-25.21925,1.61933,13.14524,11.71784,1.4274,3.0014,2.982,85.0,0.01399,0.3,degraded
35.33,-23.35265,-25.00044,1.64779,13.2808,11.83901,1.4418,3.0077,2.9938,85.0,0.01467,0.3,degraded
35.34,-23.1015,-24.80642,1.70492,13.41458,11.93838,1.4762,3.0039,2.6088,85.0,0.02505,0.3,degraded
35.35,-22.84649,-24.59568,1.74919,13.54658,12.12061,1.42597,3.02,2.989,85.0,0.01768,0.3,degraded
35.36,-22.58763,-24.33407,1.74644,13.67682,12.26117,1.41565,3.0015,3.0,85.0,0.02722,0.3,degraded
35.37,-22.32495,-24.11886,1.79391,13.8053,12.3874,1.4179,2.9951,3.0,85.0,0.01086,0.3,degraded
35.38,-22.05847,-23.87816,1.81969,13.93203,12.53741,1.39462,3.0219,3.0,85.0,0.00869,0.3,degraded
35.39,-21.78822,-23.63292,1.8447,14.05702,12.67507,1.38195,3.0167,2.983,85.0,0.01362,0.3,degraded
35.4,-21.51422,-23.41549,1.90128,14.18027,12.80587,1.37441,2.9825,2.9853,85.0,0.0325,0.3,degraded
35.41,-21.2365,-23.18589,1.94939,14.30181,12.91664,1.38517,2.9846,0.8295,85.0,0.00669,0.3,degraded
35.42,-20.95509,-22.89915,1.94406,14.42163,13.08765,1.33399,2.9731,3.0,85.0,0.01889,0.3,degraded
35.43,-20.67003,-22.62318,1.95316,14.53976,13.19435,1.34541,2.993,3.0,85.0,0.01038,0.3,degraded
35.44,-20.38134,-22.39121,2.00988,14.6562,13.29301,1.36319,3.0026,1.9026,85.0,0.00429,0.3,degraded
35.45,-20.08905,-22.10233,2.01328,14.77095,13.41133,1.35963,2.9833,2.9192,85.0,0.00984,0.3,degraded
35.46,-19.79322,-21.84605,2.05283,14.88405,13.57455,1.3095,3.0045,2.9997,85.0,0.0204,0.3,degraded
35.47,-19.49386,-21.5875,2.09365,14.99549,13.75368,1.24181,2.9839,2.9959,85.0,0.03763,0.3,degraded
35.48,-19.19102,-21.30558,2.11456,15.10529,13.85642,1.24887,2.9882,3.0,85.0,0.00858,0.3,degraded
35.49,-18.88474,-20.99886,2.11412,15.21347,13.95372,1.25975,3.0175,2.9941,85.0,0.02619,0.3,degraded
35.5,-18.57506,-20.74939,2.17433,15.32003,14.04327,1.27676,2.9993,3.0,85.0,0.00792,0.3,degraded
35.51,-18.26202,-20.44252,2.1805,15.42499,14.13964,1.28536,2.982,2.9631,85.0,0.01523,0.3,degraded
35.52,-17.94567,-20.13214,2.18648,15.52837,14.24157,1.2868,2.9975,1.1031,85.0,0.01196,0.3,degraded
35.53,-17.62605,-19.85935,2.23331,15.63018,14.40166,1.22852,2.998,2.9974,85.0,0.00883,0.3,degraded
35.54,-17.3032,-19.58134,2.27814,15.73043,14.49679,1.23364,2.9755,3.0,85.0,0.02241,0.3,degraded
35.55,-16.97718,-19.28982,2.31264,15.82914,14.59498,1.23416,2.9986,3.0,85.0,0.02285,0.3,degraded
35.56,-16.64803,-18.98832,2.34029,15.92633,14.68535,1.24097,3.0236,2.9793,85.0,0.00492,0.3,degraded
35.57,-16.3158,-18.69532,2.37952,16.022,14.79968,1.22232,3.0204,2.9919,85.0,0.00457,0.3,degraded
35.58,-15.98055,-18.4057,2.42515,16.11619,14.90778,1.2084,3.0069,2.9648,85.0,0.00973,0.3,degraded
35.59,-15.64233,-18.09846,2.45613,16.20889,15.03351,1.17539,2.9768,2.9821,85.0,0.00869,0.3,degraded
35.6,-15.30118,-17.72864,2.42745,16.30014,15.13057,1.16957,3.0008,2.4334,85.0,0.00408,0.3,degraded
35.61,-14.95718,-17.38392,2.42675,16.38995,15.22415,1.1658,2.9951,3.0,85.0,0.01068,0.3,degraded
35.62,-14.61036,-17.07604,2.46568,16.47833,15.31447,1.16386,3.0129,3.0,85.0,0.00635,0.3,degraded
35.63,-14.2608,-16.75432,2.49352,16.5653,15.41096,1.15434,3.0292,2.9846,85.0,0.00101,0.3,degraded
35.64,-13.90854,-16.40905,2.50052,16.65088,15.50033,1.15056,3.0074,2.9956,85.0,0.00598,0.3,degraded
35.65,-13.55364,-16.07428,2.52064,16.7351,15.599,1.13609,2.9983,3.0,85.0,0.0,0.3,degraded
35.66,-13.19618,-15.73552,2.53934,16.81795,15.69112,1.12684,2.9959,2.9904,85.0,0.00785,0.3,degraded
35.67,-12.8362,-15.42922,2.59302,16.89948,15.78828,1.11119,2.976,3.0,85.0,0.00901,0.3,degraded
35.68,-12.47378,-15.04281,2.56904,16.97969,15.8792,1.10049,3.0059,3.0,85.0,0.00108,0.3,degraded
35.69,-12.10896,-14.70988,2.60091,17.0586,15.97698,1.08161,3.0032,3.0,85.0,0.00013,0.3,degraded
35.7,-11.74183,-14.33911,2.59728,17.13623,16.06843,1.0678,3.0171,3.0,85.0,0.00484,0.3,degraded
35.71,-11.37245,-13.99836,2.62591,17.21261,16.16512,1.04749,2.994,3.0,85.0,0.00388,0.3,degraded
35.72,-11.00087,-13.66156,2.66069,17.28775,16.25552,1.03222,3.0164,3.0,85.0,0.00246,0.3,degraded
35.73,-10.62717,-13.317,2.68983,17.36167,16.35157,1.0101,3.0027,2.9681,85.0,0.01066,0.3,degraded
35.74,-10.25142,-12.96355,2.71214,17.43439,16.44176,0.99263,2.9989,2.9947,85.0,0.00152,0.3,degraded
35.75,-9.87368,-12.59548,2.7218,17.50593,16.53986,0.96607,2.9976,2.983,85.0,0.00365,0.3,degraded
35.76,-9.49402,-12.24953,2.75551,17.57632,16.63103,0.94529,3.007,3.0,85.0,0.00754,0.3,degraded
35.77,-9.11253,-11.89307,2.78054,17.64557,16.72715,0.91841,3.0322,3.0,85.0,0.00549,0.3,degraded
35.78,-8.72925,-11.55375,2.8245,17.7137,16.81737,0.89633,2.9884,3.0,85.0,0.01083,0.3,degraded
35.79,-8.34428,-11.17965,2.83537,17.78074,16.91396,0.86678,3.0092,3.0,85.0,0.0162,0.3,degraded
35.8,-7.95767,-10.79744,2.83976,17.8467,17.00645,0.84025,2.9916,2.9983,85.0,0.0026,0.3,degraded
35.81,-7.56951,-10.40955,2.84004,17.91161,17.10816,0.80345,2.9884,3.0,85.0,0.0,0.3,degraded
35.82,-7.17987,-10.02466,2.84478,17.97549,17.2013,0.77419,3.0169,2.9979,85.0,0.00963,0.3,degraded
35.83,-6.78882,-9.66456,2.87574,18.03836,17.30009,0.73827,3.0395,2.9934,85.0,0.01246,0.3,degraded
35.84,-6.39644,-9.26305,2.86662,18.10023,17.39049,0.70975,3.0238,2.9967,85.0,0.00138,0.3,degraded
35.85,-6.0028,-8.83821,2.83542,18.16114,17.48773,0.67342,2.9959,2.9987,85.0,0.01417,0.3,degraded
35.86,-5.60797,-8.47926,2.87129,18.22111,17.57954,0.64157,2.9996,2.9932,85.0,0.00672,0.3,degraded
35.87,-5.21205,-8.11775,2.9057,18.28014,17.67962,0.60052,1.0698,3.0,85.0,0.00186,0.3,degraded
35.88,-4.81509,-7.72156,2.90647,18.33828,17.77184,0.56644,3.0088,3.0,85.0,0.01735,0.3,degraded
35.89,-4.41719,-7.34101,2.92382,18.39553,17.87184,0.52369,3.0027,2.9896,85.0,0.01967,0.3,degraded
35.9,-4.01841,-6.96327,2.94486,18.45192,17.96181,0.49011,2.9922,2.9801,85.0,0.0052,0.3,degraded
35.91,-3.61884,-6.59074,2.9719,18.50748,18.05062,0.45686,3.0014,2.9666,85.0,0.00845,0.3,degraded
35.92,-3.21855,-6.17072,2.95217,18.56222,18.13538,0.42683,2.9987,2.9748,85.0,0.00541,0.3,degraded
35.93,-2.81763,-5.78271,2.96508,18.61616,18.23052,0.38564,3.0299,3.0,85.0,0.00274,0.3,degraded
35.94,-2.41615,-5.38905,2.9729,18.66933,18.32114,0.34819,2.9829,3.0,85.0,0.00542,0.3,degraded
35.95,-2.01419,-4.96074,2.94655,18.72176,18.41512,0.30664,3.0261,3.0,85.0,0.01594,0.3,degraded
35.96,-1.61183,-4.59872,2.98689,18.77345,18.50198,0.27147,3.0022,3.0,85.0,0.00127,0.3,degraded
35.97,-1.20915,-4.14896,2.9398,18.82443,18.59524,0.2292,3.008,2.9929,85.0,0.00162,0.3,degraded
35.98,-0.80624,-3.76951,2.96327,18.87473,18.68459,0.19014,2.9714,3.0,85.0,0.01249,0.3,degraded
35.99,-0.40316,-3.40315,2.99999,18.92437,18.7847,0.13967,3.0091,2.9899,85.0,0.01152,0.3,degraded
36.0,-0.0,-3.00049,3.00049,18.97337,18.87565,0.09772,3.0133,3.0,85.0,0.00664,0.3,degraded
36.01,0.40316,-2.56669,2.96985,19.02174,18.96717,0.05457,3.0196,2.9916,85.0,0.01721,0.3,degraded
36.02,0.80624,-2.20084,3.00707,19.06952,19.05599,0.01353,3.0159,2.9903,85.0,0.00252,0.3,degraded
36.03,1.20915,-1.78803,2.99718,19.11671,19.15445,-0.03773,3.006,2.9979,85.0,0.00489,0.3,degraded
36.04,1.61183,-1.4141,3.02593,19.16335,19.24184,-0.07848,2.9978,3.0,85.0,0.00933,0.3,degraded
36.05,2.01419,-1.04814,3.06233,19.20946,19.32537,-0.11591,2.9871,3.0,85.0,0.01456,0.3,degraded
36.06,2.41615,-0.61796,3.03411,19.25506,19.40007,-0.14501,2.9807,3.0,85.0,0.01709,0.3,degraded
36.07,2.81763,-0.22902,3.04665,19.30016,19.46329,-0.16314,3.0191,3.0,85.0,0.00769,0.3,degraded
36.08,3.21855,0.1558,3.06276,19.34478,19.51368,-0.1689,3.0257,3.0,85.0,0.00174,0.3,degraded
36.09,3.61884,0.55534,3.0635,19.38896,19.57193,-0.18296,2.988,3.0,85.0,0.00393,0.3,degraded
36.1,4.01841,0.93827,3.08015,19.43271,19.62402,-0.1913,3.0288,3.0,85.0,0.00466,0.3,degraded
36.11,4.41719,1.31367,3.10352,19.47605,19.6825,-0.20645,2.9506,2.9911,85.0,0.00453,0.3,degraded
36.12,4.81509,1.73766,3.07744,19.519,19.72935,-0.21035,3.0025,2.9921,85.0,0.01643,0.3,degraded
36.13,5.21205,2.13108,3.08097,19.56158,19.78201,-0.22043,0.4005,3.0,85.0,0.02267,0.3,degraded
36.14,5.60797,2.55216,3.05581,19.60381,19.82194,-0.21813,2.9938,3.0,85.0,0.00385,0.3,degraded
36.15,6.0028,2.94112,3.06168,19.64571,19.86603,-0.22032,3.0113,3.0,85.0,0.0,0.3,degraded
36.16,6.39644,3.36413,3.03231,19.68731,19.90181,-0.2145,3.0057,2.9961,85.0,0.00317,0.3,degraded
36.17,6.78882,3.75575,3.03307,19.72861,19.9425,-0.21389,3.0164,3.0,85.0,0.00311,0.3,degraded
36.18,7.17987,4.18043,2.99944,19.76964,19.97636,-0.20672,3.0073,2.973,85.0,0.0,0.3,degraded
36.19,7.56951,4.57643,2.99309,19.81042,20.0162,-0.20577,3.0072,2.9902,85.0,0.00453,0.3,degraded
36.2,7.95767,4.9903,2.96738,19.85097,20.04726,-0.19629,3.0133,3.0,85.0,0.0052,0.3,degraded
36.21,8.34428,5.40453,2.93975,19.8913,20.08475,-0.19345,3.0043,3.0,85.0,0.00038,0.3,degraded
36.22,8.72925,5.77381,2.95545,19.93144,20.11362,-0.18218,3.007,3.0,85.0,0.00478,0.3,degraded
36.23,9.11253,6.1706,2.94193,19.9714,20.14755,-0.17615,3.0338,3.0,85.0,0.00688,0.3,degraded
36.24,9.49402,6.53956,2.95446,20.0112,20.16652,-0.15531,2.3408,3.0,85.0,0.00026,0.3,degraded
36.25,9.87368,6.95809,2.91558,20.05086,20.19269,-0.14182,3.0093,2.9994,85.0,0.01291,0.3,degraded
36.26,10.25142,7.30967,2.94175,20.0904,20.21171,-0.12131,2.9932,3.0,85.0,0.00844,0.3,degraded
36.27,10.62717,7.67583,2.95134,20.12982,20.23489,-0.10506,2.9829,2.9999,85.0,0.0101,0.3,degraded
36.28,11.00087,8.03453,2.96634,20.16916,20.2512,-0.08204,3.0023,2.9841,85.0,0.00219,0.3,degraded
36.29,11.37245,8.41057,2.96187,20.20842,20.27158,-0.06316,0.0303,2.9914,85.0,0.00652,0.3,degraded
36.3,11.74183,8.79633,2.94551,20.24763,20.28339,-0.03577,2.9946,3.0,85.0,0.01272,0.3,degraded
36.31,12.10896,9.20578,2.90318,20.28679,20.29547,-0.00868,2.9848,2.9912,85.0,0.01907,0.3,degraded
36.32,12.47378,9.61524,2.85854,20.32593,20.30085,0.02507,2.9881,3.0,85.0,0.01736,0.3,degraded
36.33,12.8362,9.9678,2.8684,20.36505,20.31565,0.04941,3.0295,2.9886,85.0,0.00237,0.3,degraded
36.34,13.19618,10.40452,2.79165,20.40419,20.32697,0.07721,2.9988,3.0,85.0,0.00233,0.3,degraded
36.35,13.55364,10.78583,2.76781,20.44334,20.34314,0.10019,3.0015,3.0,85.0,0.01065,0.3,degraded
36.36,13.90854,11.12568,2.78286,20.48252,20.35058,0.13194,2.992,3.0,85.0,0.00193,0.3,degraded
36.37,14.2608,11.47688,2.78391,20.52175,20.36221,0.15954,2.9849,2.9719,85.0,0.00686,0.3,degraded
36.38,14.61036,11.82877,2.78159,20.56104,20.36694,0.1941,3.0114,3.0,85.0,0.00466,0.3,degraded
36.39,14.95718,12.22976,2.72741,20.60041,20.37843,0.22198,3.0055,3.0,85.0,0.0126,0.3,degraded
36.4,15.30118,12.56302,2.73817,20.63986,20.38199,0.25787,3.0097,2.9897,85.0,0.00402,0.3,degraded
36.41,15.64233,12.91806,2.72427,20.67942,20.39098,0.28844,3.004,3.0,85.0,0.00978,0.3,degraded
36.42,15.98055,13.26879,2.71176,20.71909,20.39244,0.32665,3.0006,3.0,85.0,0.00341,0.3,degraded
36.43,16.3158,13.60153,2.71427,20.75888,20.40072,0.35816,2.9852,3.0,85.0,0.01943,0.3,degraded
36.44,16.64803,13.93274,2.71528,20.79881,20.39959,0.39922,2.9978,3.0,85.0,0.01337,0.3,degraded
36.45,16.97718,14.29877,2.67841,20.83889,20.40389,0.435,3.0127,3.0,85.0,0.02002,0.3,degraded
36.46,17.3032,14.65642,2.64678,20.87912,20.40347,0.47566,3.0134,3.0,85.0,0.00129,0.3,degraded
36.47,17.62605,14.99674,2.62931,20.91953,20.41053,0.50899,3.0238,2.9708,85.0,0.00605,0.3,degraded
36.48,17.94567,15.32511,2.62056,20.96011,20.41404,0.54607,2.9941,2.9988,85.0,0.00221,0.3,degraded
36.49,18.26202,15.6949,2.56712,21.00088,20.42249,0.57839,3.0151,3.0,85.0,0.0,0.3,degraded
36.5,18.57506,16.0201,2.55496,21.04185,20.42387,0.61798,3.0027,3.0,85.0,0.01058,0.3,degraded
36.51,18.88474,16.32526,2.55948,21.08303,20.43004,0.65299,3.0108,3.0,85.0,0.0081,0.3,degraded
36.52,19.19102,16.69718,2.49384,21.12442,20.42882,0.6956,2.9877,2.9919,85.0,0.0,0.3,degraded
36.53,19.49386,17.01353,2.48032,21.16603,20.43623,0.72981,3.0038,3.0,85.0,0.00263,0.3,degraded
36.54,19.79322,17.36626,2.42695,21.20788,20.43742,0.77046,2.988,2.9863,85.0,0.00353,0.3,degraded
36.55,20.08905,17.68993,2.39912,21.24996,20.4448,0.80516,2.9832,2.9945,85.0,0.00495,0.3,degraded
36.56,20.38134,17.96718,2.41415,21.29229,20.44478,0.84751,2.9949,3.0,85.0,0.00497,0.3,degraded
36.57,20.67003,18.28587,2.38416,21.33487,20.4517,0.88317,2.9749,3.0,85.0,0.00782,0.3,degraded
36.58,20.95509,18.57443,2.38066,21.3777,20.46385,0.91385,2.9879,3.0,85.0,0.00711,0.3,degraded
36.59,21.2365,18.8695,2.367,21.4208,20.48685,0.93394,2.9879,3.0,85.0,0.00305,0.3,degraded
36.6,21.51422,19.14747,2.36675,21.46416,20.51543,0.94873,2.9804,3.0,85.0,0.00826,0.3,degraded
36.61,21.78822,19.46967,2.31855,21.5078,20.54982,0.95798,2.9977,3.0,85.0,0.00122,0.3,degraded
36.62,22.05847,19.7448,2.31367,21.55172,20.5856,0.96612,3.0203,3.0,85.0,0.00357,0.3,degraded
36.63,22.32495,20.07784,2.2471,21.59591,20.63888,0.95703,3.0115,3.0,85.0,0.00435,0.3,degraded
36.64,22.58763,20.36336,2.22427,21.64039,20.68299,0.9574,2.9877,3.0,85.0,0.02281,0.3,degraded
36.65,22.84649,20.62976,2.21672,21.68515,20.73483,0.95033,2.9906,3.0,85.0,0.00574,0.3,degraded
36.66,23.1015,20.90769,2.19382,21.73021,20.78142,0.94879,2.9957,3.0,85.0,0.02157,0.3,degraded
36.67,23.35265,21.19811,2.15455,21.77555,20.83234,0.94321,3.017,2.9831,85.0,0.00419,0.3,degraded
36.68,23.59992,21.46916,2.13076,21.82119,20.87811,0.94307,2.9907,3.0,85.0,0.00687,0.3,degraded
36.69,23.84329,21.73876,2.10453,21.86712,20.93197,0.93514,3.0093,3.0,85.0,0.00528,0.3,degraded
36.7,24.08273,22.03112,2.05161,21.91334,20.98034,0.933,2.9972,3.0,85.0,0.00129,0.3,degraded
36.71,24.31825,22.29084,2.02741,21.95986,21.03449,0.92537,3.0023,3.0,85.0,0.00097,0.3,degraded
36.72,24.54982,22.56875,1.98107,22.00667,21.08254,0.92413,2.9907,2.9906,85.0,0.02987,0.3,degraded
36.73,24.77743,22.79764,1.9798,22.05377,21.13777,0.916,2.9931,3.0,85.0,0.00353,0.3,degraded
36.74,25.00108,23.0725,1.92858,22.10117,21.18668,0.91448,3.0011,2.9954,85.0,0.01464,0.3,degraded
36.75,25.22075,23.32148,1.89928,22.14885,21.24315,0.9057,2.9791,3.0,85.0,0.00448,0.3,degraded
36.76,25.43645,23.55529,1.88115,22.19683,21.29199,0.90484,2.9988,2.9943,85.0,0.00212,0.3,degraded
36.77,25.64815,23.79748,1.85067,22.24509,21.35189,0.89319,2.9988,2.9823,85.0,0.00361,0.3,degraded
36.78,25.85587,24.00981,1.84606,22.29363,21.40686,0.88677,2.981,2.9952,85.0,0.01563,0.3,degraded
36.79,26.05959,24.23459,1.825,22.34245,21.46629,0.87616,2.9992,2.972,85.0,0.02079,0.3,degraded
36.8,26.25932,24.4589,1.80043,22.39155,21.52116,0.87039,3.0127,3.0,85.0,0.00982,0.3,degraded
36.81,26.45506,24.69086,1.76421,22.44092,21.58153,0.85939,3.0149,3.0,85.0,0.01988,0.3,degraded
36.82,26.64681,24.89571,1.7511,22.49055,21.63509,0.85546,3.0155,2.9993,85.0,0.00483,0.3,degraded
36.83,26.83458,25.10373,1.73085,22.54045,21.69312,0.84733,2.9976,3.0,85.0,0.00659,0.3,degraded
36.84,27.01837,25.33839,1.67998,22.59059,21.74752,0.84307,2.9817,3.0,85.0,0.01722,0.3,degraded
36.85,27.19818,25.58888,1.6093,22.64099,21.81354,0.82745,2.9856,3.0,85.0,0.0078,0.3,degraded
36.86,27.37403,25.77739,1.59664,22.69163,21.87423,0.81741,1.6021,3.0,85.0,0.00254,0.3,degraded
36.87,27.54593,25.98215,1.56378,22.74251,21.9418,0.80071,2.9946,2.9964,85.0,0.00255,0.3,degraded
36.88,27.71388,26.20801,1.50588,22.79361,22.00199,0.79162,2.9954,2.9913,85.0,0.00422,0.3,degraded
36.89,27.87791,26.41802,1.45989,22.84493,22.06815,0.77678,2.9933,3.0,85.0,0.00028,0.3,degraded
36.9,28.03802,26.59784,1.44018,22.89647,22.12809,0.76838,2.9819,2.9876,85.0,0.00395,0.3,degraded
36.91,28.19424,26.78437,1.40987,22.9482,22.19302,0.75519,2.9877,3.0,85.0,0.0084,0.3,degraded
36.92,28.34658,26.95684,1.38974,23.00013,22.24819,0.75194,2.9959,3.0,85.0,0.00995,0.3,degraded
36.93,28.49505,27.14469,1.35036,23.05225,22.30743,0.74481,2.9975,3.0,85.0,0.00436,0.3,degraded
36.94,28.63969,27.37639,1.2633,23.10453,22.36198,0.74255,2.9956,3.0,85.0,0.01627,0.3,degraded
36.95,28.78051,27.55228,1.22823,23.15698,22.42488,0.7321,2.9907,2.9941,85.0,0.00528,0.3,degraded
36.96,28.91753,27.67604,1.24149,23.20958,22.47853,0.73105,2.3616,3.0,85.0,0.00096,0.3,degraded
36.97,29.05079,27.82142,1.22936,23.26232,22.5372,0.72512,2.9742,2.8745,85.0,0.01396,0.3,degraded
36.98,29.1803,27.97721,1.20308,23.31519,22.59768,0.71751,2.9985,3.0,85.0,0.00253,0.3,degraded
36.99,29.30609,28.18353,1.12256,23.36818,22.66379,0.70438,3.0082,2.9963,85.0,0.0129,0.3,degraded
37.0,29.4282,28.321,1.10721,23.42127,22.72479,0.69648,2.9988,2.995,85.0,0.00706,0.3,degraded
37.01,29.54666,28.47049,1.07617,23.47445,22.79207,0.68238,2.9983,3.0,85.0,0.00121,0.3,degraded
37.02,29.66149,28.5819,1.07959,23.5277,22.84992,0.67778,2.6985,2.981,85.0,0.00271,0.3,degraded
37.03,29.77273,28.75228,1.02045,23.58102,22.9166,0.66442,2.997,3.0,85.0,0.00585,0.3,degraded
37.04,29.88041,28.89709,0.98332,23.63439,22.97674,0.65766,3.0014,2.9844,85.0,0.00757,0.3,degraded
37.05,29.98457,28.99983,0.98474,23.6878,23.04475,0.64305,2.9931,3.0,85.0,0.00474,0.3,degraded
37.06,30.08525,29.1346,0.95065,23.74122,23.10287,0.63835,3.0099,3.0,85.0,0.00561,0.3,degraded
37.07,30.18248,29.28261,0.89988,23.79465,23.16325,0.63141,2.9894,3.0,85.0,0.01088,0.3,degraded
37.08,30.27631,29.36797,0.90834,23.84807,23.21578,0.63229,2.985,2.9683,85.0,0.00321,0.3,degraded
37.09,30.36677,29.4402,0.92658,23.90146,23.2749,0.62656,2.9384,2.9909,85.0,0.00433,0.3,degraded
37.1,30.45392,29.51052,0.9434,23.9548,23.3269,0.6279,3.0148,3.0,85.0,0.00198,0.3,degraded
37.11,30.53778,29.59157,0.94621,24.00808,23.38573,0.62235,2.9956,2.9957,85.0,0.0,0.3,degraded
37.12,30.6184,29.66804,0.95037,24.06129,23.43805,0.62324,3.0033,2.999,85.0,0.00371,0.3,degraded
37.13,30.69584,29.75058,0.94526,24.1144,23.49667,0.61773,3.0102,2.9838,85.0,0.00397,0.3,degraded
37.14,30.77013,29.82926,0.94087,24.16739,23.54875,0.61864,2.7495,2.9781,85.0,0.0,0.3,degraded
37.15,30.84133,29.91421,0.92712,24.22026,23.60595,0.61431,2.8237,2.9991,85.0,0.01144,0.3,degraded
37.16,30.90948,30.02725,0.88222,24.27297,23.65571,0.61727,2.993,2.9974,85.0,0.00557,0.3,degraded
37.17,30.97463,30.17673,0.7979,24.32552,23.71311,0.61241,3.0233,2.9809,85.0,0.00915,0.3,degraded
37.18,31.03683,30.2605,0.77634,24.37787,23.76415,0.61372,2.9943,3.0,85.0,0.00873,0.3,degraded
37.19,31.09615,30.33452,0.76163,24.43002,23.83185,0.59816,2.9982,3.0,85.0,0.00409,0.3,degraded
37.2,31.15262,30.40134,0.75127,24.48194,23.8963,0.58564,2.9892,2.9812,85.0,0.0,0.3,degraded
37.21,31.2063,30.47425,0.73205,24.53361,23.96741,0.5662,2.9832,3.0,85.0,0.00214,0.3,degraded
37.22,31.25725,30.54205,0.7152,24.58501,24.03288,0.55213,3.0023,3.0,85.0,0.00415,0.3,degraded
37.23,31.30552,30.61478,0.69074,24.63612,24.10377,0.53235,3.0199,3.0,85.0,0.0,0.3,degraded
37.24,31.35118,30.67982,0.67136,24.68693,24.16645,0.52048,3.0321,2.9695,85.0,0.00183,0.3,degraded
37.25,31.39426,30.75034,0.64392,24.7374,24.23506,0.50234,3.0108,3.0,85.0,0.00431,0.3,degraded
37.26,31.43485,30.81299,0.62186,24.78751,24.29346,0.49406,2.9956,3.0,85.0,0.0,0.3,degraded
37.27,31.47298,30.88424,0.58874,24.83726,24.35858,0.47868,2.974,2.9753,85.0,0.00058,0.3,degraded
37.28,31.50873,30.94923,0.55951,24.88661,24.41769,0.46891,3.0148,3.0,85.0,0.00373,0.3,degraded
37.29,31.54215,31.02002,0.52213,24.93553,24.48366,0.45188,3.0072,2.9967,85.0,0.0,0.3,degraded
37.3,31.57331,31.08451,0.4888,24.98402,24.54341,0.44061,3.0009,2.979,85.0,0.0003,0.3,degraded
37.31,31.60226,31.15518,0.44708,25.03204,24.60905,0.42299,2.9935,2.9914,85.0,0.00489,0.3,degraded
37.32,31.62908,31.21976,0.40931,25.07958,24.66785,0.41172,2.9862,3.0,85.0,0.0,0.3,degraded
37.33,31.65381,31.29187,0.36193,25.1266,24.73193,0.39467,2.9866,3.0,85.0,0.0,0.3,degraded
37.34,31.67653,31.35667,0.31986,25.17309,24.78987,0.38322,2.9761,2.9769,85.0,0.0044,0.3,degraded
37.35,31.6973,31.42672,0.27058,25.21903,24.85565,0.36338,3.0008,2.9989,85.0,0.0,0.3,degraded
37.36,31.71618,31.49076,0.22543,25.26438,24.91454,0.34984,3.0259,2.9881,85.0,0.0,0.3,degraded
37.37,31.73324,31.56067,0.17258,25.30913,24.98194,0.32719,3.0068,3.0,85.0,0.00459,0.3,degraded
37.38,31.74855,31.62276,0.1258,25.35324,25.04408,0.30916,2.9786,2.9913,85.0,0.0004,0.3,degraded
37.39,31.76217,31.69311,0.06906,25.39671,25.11307,0.28364,2.9917,2.9978,85.0,0.0,0.3,degraded
37.4,31.77417,31.75744,0.01673,25.4395,25.17662,0.26288,2.9939,3.0,85.0,0.00428,0.3,degraded
37.41,31.78461,31.82728,-0.04267,25.48158,25.24699,0.23459,3.023,3.0,85.0,0.00159,0.3,degraded
37.42,31.79357,31.8912,-0.09763,25.52294,25.31244,0.2105,2.9896,2.9981,85.0,0.0,0.3,degraded
37.43,31.8011,31.95954,-0.15843,25.56354,25.38484,0.1787,2.9905,3.0,85.0,0.00587,0.3,degraded
37.44,31.80729,32.0118,-0.20451,25.60337,25.45373,0.14964,2.9944,3.0,85.0,0.00314,0.3,degraded
37.45,31.81218,32.0637,-0.25151,25.6424,25.52683,0.11557,2.9966,3.0,85.0,0.00036,0.3,degraded
37.46,31.81587,32.09801,-0.28214,25.6806,25.59058,0.09002,3.0059,2.9946,85.0,0.00536,0.3,degraded
37.47,31.8184,32.13248,-0.31408,25.71795,25.66163,0.05632,2.9933,3.0,85.0,0.00294,0.3,degraded
37.48,31.81986,32.15433,-0.33448,25.75442,25.72617,0.02825,2.9948,2.9866,85.0,0.0,0.3,degraded
37.49,31.8203,32.17716,-0.35686,25.78998,25.79999,-0.01,2.9846,3.0,85.0,0.00354,0.3,degraded
37.5,31.81981,32.19002,-0.37022,25.82462,25.86571,-0.04109,3.0009,3.0,85.0,0.00402,0.3,degraded
37.51,31.81844,32.20668,-0.38824,25.8583,25.93804,-0.07974,2.9941,3.0,85.0,0.0,0.3,degraded
37.52,31.81627,32.20962,-0.39335,25.89101,26.00283,-0.11182,2.9956,3.0,85.0,0.00234,0.3,degraded
37.53,31.81336,32.21997,-0.40661,25.9227,26.07362,-0.15091,3.0116,2.9914,85.0,0.00385,0.3,degraded
37.54,31.80979,32.2192,-0.40941,25.95337,26.13907,-0.1857,3.0131,3.0,85.0,0.00054,0.3,degraded
37.55,31.80562,32.21734,-0.41172,25.98298,26.21147,-0.22849,2.9986,3.0,85.0,0.00384,0.3,degraded
37.56,31.80092,32.19689,-0.39596,26.01151,26.27774,-0.26624,2.9924,3.0,85.0,0.00469,0.3,degraded
37.57,31.79577,32.18204,-0.38627,26.03892,26.34728,-0.30836,3.0144,2.9998,85.0,0.0,0.3,degraded
37.58,31.79022,32.16127,-0.37105,26.06521,26.40299,-0.33779,3.0223,3.0,85.0,0.00223,0.3,degraded
37.59,31.78435,32.1461,-0.36175,26.09033,26.45991,-0.36958,3.0001,2.9732,85.0,0.00666,0.3,degraded
37.6,31.77822,32.12445,-0.34622,26.11427,26.49199,-0.37772,3.0118,3.0,85.0,0.00036,0.3,degraded
37.61,31.77191,32.1103,-0.33838,26.137,26.52547,-0.38847,3.0094,2.9555,85.0,0.00121,0.3,degraded
37.62,31.76548,32.09167,-0.32619,26.15849,26.55178,-0.3933,2.998,3.0,85.0,0.00446,0.3,degraded
37.63,31.75899,32.07872,-0.31972,26.17871,26.58374,-0.40503,2.9734,3.0,85.0,0.0,0.3,degraded
37.64,31.75252,32.06121,-0.30869,26.19765,26.60804,-0.41039,2.9815,2.9918,85.0,0.00068,0.3,degraded
37.65,31.74613,32.04923,-0.3031,26.21528,26.6382,-0.42293,3.0022,2.9995,85.0,0.0048,0.3,degraded
37.66,31.73989,32.03043,-0.29054,26.23156,26.65929,-0.42773,3.0158,2.9917,85.0,0.00193,0.3,degraded
37.67,31.73386,32.01678,-0.28293,26.24648,26.67326,-0.42678,2.9939,2.9978,85.0,0.00118,0.3,degraded
37.68,31.7281,31.99827,-0.27017,26.26001,26.67377,-0.41376,2.9969,2.9812,85.0,0.00505,0.3,degraded
37.69,31.72268,31.98795,-0.26527,26.27213,26.68405,-0.41191,3.0003,3.0,85.0,0.0,0.3,degraded
37.7,31.71768,31.97287,-0.25519,26.28281,26.68852,-0.40571,2.9961,2.9829,85.0,0.0,0.3,degraded
37.71,31.71313,31.96276,-0.24963,26.29202,26.69879,-0.40676,2.9684,2.9639,85.0,0.00408,0.3,degraded
37.72,31.70912,31.94442,-0.2353,26.29975,26.70348,-0.40374,3.0058,2.9937,85.0,0.00091,0.3,degraded
37.73,31.70571,31.93249,-0.22679,26.30596,26.71312,-0.40716,2.9818,2.9927,85.0,0.0,0.3,degraded
37.74,31.70295,31.91339,-0.21044,26.31063,26.71638,-0.40576,2.9774,3.0,85.0,0.00433,0.3,degraded
37.75,31.7009,31.90208,-0.20118,26.31374,26.72452,-0.41079,3.0076,2.9869,85.0,0.00142,0.3,degraded
37.76,31.69963,31.88445,-0.18482,26.31526,26.72787,-0.41261,3.0163,3.0,85.0,0.0011,0.3,degraded
37.77,31.6992,31.87371,-0.17451,26.31517,26.72197,-0.4068,2.987,3.0,85.0,0.00615,0.3,degraded
37.78,31.69965,31.85529,-0.15563,26.31344,26.69976,-0.38631,2.9807,3.0,85.0,0.00228,0.3,degraded
37.79,31.70106,31.84204,-0.14098,26.31006,26.68404,-0.37398,3.0205,3.0,85.0,0.0,0.3,degraded
37.8,31.70348,31.82298,-0.11949,26.305,26.66455,-0.35955,3.0123,3.0,85.0,0.00371,0.3,degraded
37.81,31.70697,31.80749,-0.10052,26.29823,26.65017,-0.35194,2.9745,3.0,85.0,0.00277,0.3,degraded
37.82,31.71157,31.78638,-0.07482,26.28974,26.62977,-0.34004,2.9913,3.0,85.0,0.0,0.3,degraded
37.83,31.71735,31.77268,-0.05533,26.27949,26.61568,-0.33619,3.0072,3.0,85.0,0.00303,0.3,degraded
37.84,31.72435,31.75398,-0.02963,26.26747,26.5947,-0.32723,2.9925,2.976,85.0,0.00281,0.3,degraded
37.85,31.73263,31.74252,-0.00989,26.25366,26.57883,-0.32517,3.0207,2.9839,85.0,0.0,0.3,degraded
37.86,31.74225,31.7245,0.01775,26.23803,26.55529,-0.31727,2.9879,3.0,85.0,0.00192,0.3,degraded
37.87,31.75325,31.71168,0.04156,26.22056,26.53735,-0.31679,3.0105,3.0,85.0,0.0036,0.3,degraded
37.88,31.76567,31.69135,0.07433,26.20123,26.51279,-0.31156,2.9847,3.0,85.0,0.0,0.3,degraded
37.89,31.77958,31.67554,0.10405,26.18002,26.49516,-0.31514,2.976,3.0,85.0,0.00149,0.3,degraded
37.9,31.79502,31.65451,0.14051,26.1569,26.47173,-0.31482,3.0071,3.0,85.0,0.00306,0.3,degraded
37.91,31.81202,31.63999,0.17204,26.13187,26.45407,-0.3222,2.9875,2.9721,85.0,0.0,0.3,degraded
37.92,31.83065,31.6212,0.20945,26.10489,26.42939,-0.3245,3.003,2.9953,85.0,0.00082,0.3,degraded
37.93,31.85094,31.60963,0.24131,26.07594,26.41359,-0.33764,2.99,3.0,85.0,0.00405,0.3,degraded
37.94,31.87293,31.59176,0.28117,26.04502,26.39103,-0.34601,2.9637,2.9847,85.0,0.0,0.3,degraded
37.95,31.89667,31.58268,0.31399,26.01209,26.37482,-0.36273,2.9855,2.9774,85.0,0.00032,0.3,degraded
37.96,31.9222,31.56701,0.35519,25.97714,26.3504,-0.37326,3.0016,2.9948,85.0,0.00428,0.3,degraded
37.97,31.94955,31.5578,0.39175,25.94015,26.3295,-0.38935,2.9706,2.9742,85.0,0.0,0.3,degraded
37.98,31.97877,31.54282,0.43595,25.9011,26.30429,-0.40318,3.0013,2.9764,85.0,0.00071,0.3,degraded
37.99,32.00989,31.53449,0.4754,25.85998,26.28836,-0.42838,3.0108,2.9964,85.0,0.00424,0.3,degraded
38.0,32.04294,31.5181,0.52484,25.81676,26.26681,-0.45005,2.9873,2.9911,85.0,0.00332,0.3,degraded
38.01,32.07796,31.50829,0.56967,25.77143,26.24103,-0.46959,2.9996,2.9856,85.0,0.00221,0.3,degraded
38.02,32.11499,31.49302,0.62197,25.72398,26.18883,-0.46485,3.0149,3.0,85.0,0.00543,0.3,degraded
38.03,32.15406,31.4984,0.65566,25.67438,26.1434,-0.46902,2.9973,2.978,85.0,0.00121,0.3,degraded
38.04,32.19518,31.49924,0.69595,25.62262,26.09291,-0.47029,2.9925,3.0,85.0,0.00095,0.3,degraded
38.05,32.23841,31.52655,0.71186,25.56868,26.04643,-0.47775,3.0016,3.0,85.0,0.00646,0.3,degraded
38.06,32.28375,31.55002,0.73373,25.51255,25.9928,-0.48024,3.0153,3.0,85.0,0.0009,0.3,degraded
38.07,32.33124,31.57957,0.75168,25.45422,25.94776,-0.49354,2.9929,2.9978,85.0,0.0,0.3,degraded
38.08,32.38091,31.60305,0.77786,25.39366,25.89898,-0.50531,2.9849,2.995,85.0,0.00479,0.3,degraded
38.09,32.43276,31.63829,0.79447,25.33087,25.85738,-0.52651,2.9915,3.0,85.0,0.00362,0.3,degraded
38.1,32.48684,31.67778,0.80906,25.26584,25.80649,-0.54066,3.0272,3.0,85.0,0.00041,0.3,degraded
38.11,32.54316,31.72705,0.81611,25.19854,25.75797,-0.55943,3.0032,2.9819,85.0,0.00398,0.3,degraded
38.12,32.60173,31.76876,0.83297,25.12896,25.70252,-0.57355,2.9968,2.9919,85.0,0.00183,0.3,degraded
38.13,32.66258,31.82041,0.84216,25.0571,25.65321,-0.59611,3.0219,2.9978,85.0,0.0,0.3,degraded
38.14,32.72571,31.87174,0.85397,24.98295,25.59613,-0.61318,2.9913,3.0,85.0,0.00458,0.3,degraded
38.15,32.79116,31.93552,0.85563,24.90648,25.5429,-0.63642,2.9931,3.0,85.0,0.0024,0.3,degraded
38.16,32.85892,31.99313,0.86579,24.82769,25.4846,-0.65691,2.9992,2.9927,85.0,0.0,0.3,degraded
38.17,32.92901,32.05847,0.87054,24.74657,25.43267,-0.6861,3.0062,3.0,85.0,0.00237,0.3,degraded
38.18,33.00145,32.11881,0.88263,24.66312,25.37396,-0.71085,2.9932,2.9725,85.0,0.00451,0.3,degraded
38.19,33.07623,32.19014,0.88609,24.57731,25.32236,-0.74506,3.0005,2.9857,85.0,4e-05,0.3,degraded
38.2,33.15337,32.26555,0.88782,24.48914,25.26183,-0.7727,2.9859,2.9812,85.0,0.00336,0.3,degraded
38.21,33.23287,32.34844,0.88443,24.3986,25.20354,-0.80494,2.9919,3.0,85.0,0.00604,0.3,degraded
38.22,33.31474,32.42368,0.89107,24.30569,25.12498,-0.81929,2.9903,2.9889,85.0,0.00046,0.3,degraded
38.23,33.39898,32.50399,0.895,24.2104,25.04616,-0.83576,3.0253,3.0,85.0,0.00218,0.3,degraded
38.24,33.4856,32.57708,0.90851,24.11271,24.95996,-0.84724,2.7971,3.0,85.0,0.00402,0.3,degraded
38.25,33.57458,32.66769,0.90689,24.01263,24.87866,-0.86603,2.9963,2.9979,85.0,0.0,0.3,degraded
38.26,33.66593,32.74402,0.92191,23.91015,24.79126,-0.88111,2.7376,3.0,85.0,0.01278,0.3,degraded
38.27,33.75965,32.89166,0.86799,23.80526,24.70983,-0.90458,3.0074,2.9949,85.0,0.00813,0.3,degraded
38.28,33.85573,33.05132,0.80441,23.69795,24.62232,-0.92436,3.0089,2.9796,85.0,0.01139,0.3,degraded
38.29,33.95416,33.15571,0.79846,23.58823,24.54125,-0.95302,3.003,3.0,85.0,0.00659,0.3,degraded
38.3,34.05494,33.23047,0.82447,23.47609,24.45388,-0.97779,3.0034,2.994,85.0,0.00523,0.3,degraded
38.31,34.15806,33.31193,0.84613,23.36152,24.36762,-1.0061,2.9981,3.0,85.0,0.00088,0.3,degraded
38.32,34.26351,33.3855,0.87801,23.24453,24.26985,-1.02533,2.9697,2.9759,85.0,3e-05,0.3,degraded
38.33,34.37127,33.46792,0.90335,23.1251,24.18098,-1.05588,2.9873,2.993,85.0,0.01101,0.3,degraded
38.34,34.48134,33.55009,0.93125,23.00324,24.06952,-1.06628,3.0017,2.9744,85.0,0.00807,0.3,degraded
38.35,34.59369,33.69974,0.89395,22.87896,23.94958,-1.07062,3.0059,3.0,85.0,0.01677,0.3,degraded
38.36,34.70831,33.80608,0.90223,22.75223,23.83492,-1.08269,0.6109,2.9987,85.0,0.01285,0.3,degraded
38.37,34.82518,33.97681,0.84836,22.62308,23.70174,-1.07866,2.9726,2.9955,85.0,0.015,0.3,degraded
38.38,34.94428,34.08378,0.8605,22.49149,23.53803,-1.04654,3.0195,3.0,85.0,0.01397,0.3,degraded
38.39,35.06559,34.164,0.90159,22.35747,23.44178,-1.08432,2.6473,2.9928,85.0,0.01058,0.3,degraded
38.4,35.18909,34.28783,0.90126,22.22101,23.32569,-1.10467,3.0132,2.9928,85.0,0.00636,0.3,degraded
38.41,35.31476,34.38643,0.92833,22.08213,23.17504,-1.0929,2.9809,3.0,85.0,0.0217,0.3,degraded
38.42,35.44256,34.51147,0.93108,21.94083,23.05806,-1.11724,2.2879,3.0,85.0,0.02794,0.3,degraded
38.43,35.57247,34.67109,0.90138,21.7971,22.92314,-1.12604,2.9875,2.9777,85.0,0.00817,0.3,degraded
38.44,35.70447,34.77732,0.92716,21.65095,22.7774,-1.12645,2.9976,2.9779,85.0,0.0058,0.3,degraded
38.45,35.83852,34.88874,0.94978,21.50238,22.64258,-1.14019,2.984,2.9977,85.0,0.01631,0.3,degraded
38.46,35.9746,35.03886,0.93574,21.35141,22.47548,-1.12407,2.9968,2.9992,85.0,0.01849,0.3,degraded
38.47,36.11266,35.14025,0.97242,21.19803,22.2874,-1.08937,3.001,2.9838,85.0,0.02043,0.3,degraded
38.48,36.25269,35.26915,0.98354,21.04225,22.16988,-1.12763,2.991,2.9786,85.0,0.01233,0.3,degraded
38.49,36.39463,35.44133,0.9533,20.88408,22.03007,-1.14599,3.001,3.0,85.0,0.01128,0.3,degraded
38.5,36.53846,35.55067,0.98779,20.72353,21.86888,-1.14536,1.8451,2.9891,85.0,0.0052,0.3,degraded
38.51,36.68413,35.67299,1.01114,20.5606,21.71527,-1.15467,1.1294,2.9974,85.0,0.00658,0.3,degraded
38.52,36.83162,35.82045,1.01116,20.39529,21.58067,-1.18537,2.995,3.0,85.0,0.00919,0.3,degraded
38.53,36.98087,35.93953,1.04134,20.22763,21.42904,-1.20141,0.0995,2.9679,85.0,0.00347,0.3,degraded
38.54,37.13185,36.13676,0.99509,20.05762,21.29204,-1.23443,2.9785,3.0,85.0,0.0286,0.3,degraded
38.55,37.28451,36.2812,1.00331,19.88526,21.12714,-1.24188,3.0175,2.9923,85.0,0.01784,0.3,degraded
38.56,37.43881,36.41698,1.02183,19.71057,20.94383,-1.23326,2.9692,3.0,85.0,0.0,0.3,degraded
38.57,37.59471,36.55562,1.03909,19.53356,20.82809,-1.29453,2.9948,0.8333,85.0,0.00168,0.3,degraded
38.58,37.75215,36.70581,1.04634,19.35425,20.64684,-1.29259,2.9968,2.9731,85.0,0.01157,0.3,degraded
38.59,37.91109,36.83628,1.07481,19.17263,20.51804,-1.3454,3.0118,3.0,85.0,0.02882,0.3,degraded
38.6,38.07148,36.95111,1.12037,18.98874,20.31459,-1.32585,2.9883,3.0,85.0,0.00462,0.3,degraded
38.61,38.23328,37.08753,1.14575,18.80257,20.16207,-1.35951,3.0309,3.0,85.0,0.02754,0.3,degraded
38.62,38.39642,37.21392,1.1825,18.61414,20.01345,-1.39931,3.0058,2.9841,85.0,0.0221,0.3,degraded
38.63,38.56086,37.38881,1.17205,18.42347,19.80327,-1.3798,2.9911,3.0,85.0,0.02072,0.3,degraded
38.64,38.72655,37.53225,1.1943,18.23057,19.6684,-1.43782,2.9921,3.0,85.0,0.0135,0.3,degraded
38.65,38.89343,37.68078,1.21264,18.03546,19.50956,-1.4741,3.0051,2.9886,85.0,0.02546,0.3,degraded
38.66,39.06144,37.81005,1.25139,17.83815,19.30202,-1.46387,2.9991,3.0,85.0,0.01549,0.3,degraded
38.67,39.23053,37.97801,1.25252,17.63866,19.15192,-1.51326,3.0022,1.5215,85.0,0.01229,0.3,degraded
38.68,39.40064,38.16919,1.23145,17.43701,19.00346,-1.56646,2.9989,2.9802,85.0,0.02412,0.3,degraded
38.69,39.57171,38.32514,1.24658,17.23321,18.81392,-1.58072,0.4958,2.9931,85.0,0.03339,0.3,degraded
38.7,39.74369,38.48667,1.25702,17.02728,18.65126,-1.62399,2.9875,2.9954,85.0,0.0127,0.3,degraded
38.71,39.91652,38.64635,1.27017,16.81924,18.42717,-1.60794,3.0101,3.0,85.0,0.01792,0.3,degraded
38.72,40.09012,38.82423,1.26589,16.60911,18.25914,-1.65004,2.9969,3.0,85.0,0.01146,0.3,degraded
38.73,40.26445,38.97235,1.2921,16.3969,18.08717,-1.69026,3.0217,3.0,85.0,0.01661,0.3,degraded
38.74,40.43944,39.14463,1.29481,16.18265,17.86289,-1.68024,3.0082,2.9961,85.0,0.01249,0.3,degraded
38.75,40.61502,39.30482,1.3102,15.96636,17.67444,-1.70808,0.4911,3.0,85.0,0.00912,0.3,degraded
38.76,40.79113,39.524,1.26713,15.74807,17.50628,-1.75822,2.9699,3.0,85.0,0.02533,0.3,degraded
38.77,40.96771,39.68932,1.27839,15.52778,17.27339,-1.74561,3.0145,2.9838,85.0,0.00463,0.3,degraded
38.78,41.14469,39.88055,1.26414,15.30553,17.05749,-1.75197,2.9969,2.9929,85.0,0.0097,0.3,degraded
38.79,41.32201,40.0569,1.26511,15.08133,16.90689,-1.82556,2.9848,2.7376,85.0,0.00658,0.3,degraded
38.8,41.49959,40.23384,1.26575,14.85521,16.70632,-1.85111,3.002,2.9734,85.0,0.01391,0.3,degraded
38.81,41.67738,40.42164,1.25574,14.6272,16.51215,-1.88495,2.9914,3.0,85.0,0.0064,0.3,degraded
38.82,41.85529,40.56848,1.28681,14.39731,16.29074,-1.89344,3.0019,3.0,85.0,0.00591,0.3,degraded
38.83,42.03327,40.71205,1.32122,14.16557,16.06823,-1.90266,2.9806,3.0,85.0,0.01937,0.3,degraded
38.84,42.21125,40.87247,1.33877,13.932,15.83104,-1.89904,2.9763,3.0,85.0,0.03287,0.3,degraded
38.85,42.38914,41.07617,1.31297,13.69664,15.65417,-1.95754,2.9953,2.9987,85.0,0.00613,0.3,degraded
38.86,42.5669,41.23452,1.33237,13.4595,15.3941,-1.9346,3.0208,3.0,85.0,0.00478,0.3,degraded
38.87,42.74443,41.4511,1.29333,13.22061,15.20337,-1.98276,2.9941,3.0,85.0,0.00504,0.3,degraded
38.88,42.92168,41.63136,1.29033,12.98,14.98626,-2.00626,2.9943,3.0,85.0,0.00817,0.3,degraded
38.89,43.09857,41.80916,1.28941,12.7377,14.78324,-2.04554,3.0203,2.9971,85.0,0.0068,0.3,degraded
38.9,43.27504,42.00106,1.27397,12.49373,14.58431,-2.09058,2.9901,3.0,85.0,0.00093,0.3,degraded
38.91,43.45099,42.15671,1.29428,12.24812,14.34398,-2.09586,3.0045,2.9958,85.0,0.01281,0.3,degraded
38.92,43.62638,42.32503,1.30134,12.0009,14.12506,-2.12416,3.0104,2.9842,85.0,0.01237,0.3,degraded
38.93,43.80111,42.48376,1.31735,11.7521,13.9055,-2.15339,3.0134,3.0,85.0,0.01168,0.3,degraded
38.94,43.97513,42.66272,1.31241,11.50175,13.66879,-2.16704,2.9918,3.0,85.0,0.00529,0.3,degraded
38.95,44.14835,42.87781,1.27054,11.24988,13.46468,-2.21481,2.9858,3.0,85.0,0.0184,0.3,degraded
38.96,44.32071,43.02658,1.29412,10.99651,13.23878,-2.24228,2.9736,2.9958,85.0,0.019,0.3,degraded
38.97,44.49212,43.17646,1.31567,10.74167,13.03595,-2.29427,3.0157,2.9761,85.0,0.00844,0.3,degraded
38.98,44.66253,43.34112,1.32141,10.48541,12.7909,-2.30549,2.9708,2.9941,85.0,0.0062,0.3,degraded
38.99,44.83184,43.54407,1.28778,10.22774,12.57792,-2.35017,2.9844,3.0,85.0,0.00389,0.3,degraded
39.0,45.0,43.6883,1.3117,9.9687,12.33175,-2.36305,1.269,2.9863,85.0,0.01173,0.3,degraded
39.01,45.16692,43.86618,1.30074,9.70833,12.04784,-2.33952,2.9759,2.9986,85.0,0.00612,0.3,degraded
39.02,45.33254,44.04501,1.28753,9.44665,11.78904,-2.34239,3.008,2.9749,85.0,0.00846,0.3,degraded
39.03,45.49677,44.24183,1.25494,9.18369,11.55026,-2.36657,3.0349,3.0,85.0,0.03015,0.3,degraded
39.04,45.65955,44.38229,1.27726,8.91949,11.26565,-2.34616,0.6924,3.0,85.0,0.02508,0.3,degraded
39.05,45.82081,44.58291,1.2379,8.65408,10.97749,-2.32341,2.9909,3.0,85.0,0.01686,0.3,degraded
39.06,45.98046,44.7161,1.26436,8.3875,10.73942,-2.35192,2.7783,2.9999,85.0,0.00917,0.3,degraded
39.07,46.13844,44.85526,1.28319,8.11978,10.50169,-2.38191,3.0109,2.9817,85.0,0.02028,0.3,degraded
39.08,46.29468,45.06471,1.22997,7.85095,10.27388,-2.42293,2.9887,2.9871,85.0,0.00724,0.3,degraded
39.09,46.44909,45.23483,1.21427,7.58104,10.00071,-2.41967,3.0221,2.9883,85.0,0.00217,0.3,degraded
39.1,46.60162,45.38578,1.21584,7.3101,9.77445,-2.46435,2.9902,2.9801,85.0,0.00834,0.3,degraded
39.11,46.75219,45.59507,1.15712,7.03815,9.48914,-2.45098,2.9983,3.0,85.0,0.02772,0.3,degraded
39.12,46.90072,45.73601,1.16471,6.76523,9.21169,-2.44645,2.993,3.0,85.0,0.00544,0.3,degraded
39.13,47.04715,45.85335,1.1938,6.49138,8.9225,-2.43111,2.9946,3.0,85.0,0.01922,0.3,degraded
39.14,47.19141,46.04679,1.14462,6.21663,8.6809,-2.46427,2.949,2.9938,85.0,0.00795,0.3,degraded
39.15,47.33342,46.20179,1.13163,5.94102,8.44813,-2.50711,3.022,2.9981,85.0,0.00659,0.3,degraded
39.16,47.47311,46.31744,1.15567,5.66458,8.16931,-2.50473,2.9954,3.0,85.0,0.0069,0.3,degraded
39.17,47.61042,46.45496,1.15546,5.38735,7.9258,-2.53845,3.0086,3.0,85.0,0.00766,0.3,degraded
39.18,47.74528,46.57601,1.16928,5.10936,7.67599,-2.56663,2.9926,2.9916,85.0,0.00016,0.3,degraded
39.19,47.87763,46.70801,1.16961,4.83066,7.40777,-2.57711,2.9824,3.0,85.0,0.00717,0.3,degraded
39.2,48.00738,46.83299,1.17438,4.55127,7.16132,-2.61005,1.2947,3.0,85.0,0.00619,0.3,degraded
39.21,48.13448,46.98884,1.14563,4.27124,6.89799,-2.62675,2.9774,3.0,85.0,0.00287,0.3,degraded
39.22,48.25886,47.11843,1.14043,3.99061,6.64938,-2.65877,2.9814,2.9821,85.0,0.01866,0.3,degraded
39.23,48.38045,47.2451,1.13535,3.7094,6.36905,-2.65965,1.6069,2.9944,85.0,0.01916,0.3,degraded
39.24,48.49919,47.37437,1.12482,3.42766,6.09692,-2.66926,3.0129,1.8605,85.0,0.01299,0.3,degraded
39.25,48.61502,47.50271,1.11231,3.14542,5.82388,-2.67846,3.0092,0.5409,85.0,0.01686,0.3,degraded
39.26,48.72787,47.62432,1.10355,2.86273,5.54007,-2.67734,3.0076,3.0,85.0,0.01572,0.3,degraded
39.27,48.83768,47.7677,1.06998,2.57962,5.23744,-2.65783,3.0037,3.0,85.0,0.00206,0.3,degraded
39.28,48.94439,47.87957,1.06481,2.29612,4.94857,-2.65245,2.9858,2.9961,85.0,0.01437,0.3,degraded
39.29,49.04793,48.02718,1.02075,2.01229,4.6824,-2.67011,3.0173,3.0,85.0,0.0084,0.3,degraded
39.3,49.14826,48.1697,0.97856,1.72814,4.37599,-2.64785,3.0121,3.0,85.0,0.01554,0.3,degraded
39.31,49.2453,48.27568,0.96962,1.44373,4.10272,-2.65899,3.0163,3.0,85.0,0.00275,0.3,degraded
39.32,49.339,48.37813,0.96088,1.15909,3.7922,-2.63311,3.0129,3.0,85.0,0.01848,0.3,degraded
39.33,49.42931,48.47644,0.95288,0.87425,3.5319,-2.65764,2.9954,3.0,85.0,0.0079,0.3,degraded
39.34,49.51617,48.55371,0.96246,0.58927,3.26969,-2.68042,2.9878,2.9854,85.0,0.01307,0.3,degraded
39.35,49.59952,48.65036,0.94915,0.30416,3.0118,-2.70763,0.4055,2.975,85.0,0.0209,0.3,degraded
39.36,49.6793,48.82517,0.85413,0.01899,2.66879,-2.64981,3.0099,2.9964,85.0,0.0132,0.3,degraded
39.37,49.75548,48.9444,0.81107,-0.26623,2.37911,-2.64534,3.0094,2.9813,85.0,0.01631,0.3,degraded
39.38,49.82798,49.02159,0.80639,-0.55144,2.11446,-2.6659,3.0225,2.9868,85.0,0.00747,0.3,degraded
39.39,49.89678,49.10173,0.79504,-0.83662,1.83125,-2.66786,2.981,2.9824,85.0,0.00313,0.3,degraded
39.4,49.9618,49.16715,0.79465,-1.12171,1.57755,-2.69926,2.997,3.0,85.0,0.00309,0.3,degraded
39.41,50.02301,49.23822,0.78479,-1.4067,1.22957,-2.63626,2.9837,3.0,85.0,0.00383,0.3,degraded
39.42,50.08036,49.30452,0.77584,-1.69152,0.95738,-2.6489,2.993,2.9954,85.0,0.02732,0.3,degraded
39.43,50.1338,49.3778,0.756,-1.97616,0.71012,-2.68628,3.0239,3.0,85.0,0.00698,0.3,degraded
39.44,50.18329,49.44568,0.73761,-2.26056,0.44056,-2.70112,3.0126,1.3452,85.0,0.00392,0.3,degraded
39.45,50.22878,49.52089,0.7079,-2.54469,0.15663,-2.70132,2.995,3.0,85.0,0.00915,0.3,degraded
39.46,50.27024,49.59027,0.67996,-2.82852,-0.12797,-2.70054,3.0017,2.9945,85.0,5e-05,0.3,degraded
39.47,50.30761,49.66631,0.6413,-3.112,-0.38268,-2.72932,2.9748,2.967,85.0,0.03073,0.3,degraded
39.48,50.34087,49.73603,0.60484,-3.3951,-0.75303,-2.64207,2.9895,3.0,85.0,0.02407,0.3,degraded
39.49,50.36996,49.81242,0.55755,-3.67777,-1.0544,-2.62337,3.0113,2.9988,85.0,0.00811,0.3,degraded
39.5,50.39487,49.88175,0.51312,-3.95999,-1.31835,-2.64164,3.0075,3.0,85.0,0.00658,0.3,degraded
39.51,50.41554,49.95659,0.45894,-4.2417,-1.56914,-2.67256,2.9871,2.9981,85.0,0.00362,0.3,degraded
39.52,50.43194,50.02511,0.40684,-4.52289,-1.86072,-2.66217,3.0116,3.0,85.0,0.00157,0.3,degraded
39.53,50.44405,50.10164,0.34241,-4.8035,-2.11263,-2.69086,2.9993,0.348,85.0,0.01496,0.3,degraded
39.54,50.45183,50.17239,0.27944,-5.0835,-2.46055,-2.62295,3.0082,3.0,85.0,0.01896,0.3,degraded
39.55,50.45525,50.24918,0.20607,-5.36285,-2.72293,-2.63992,2.9926,3.0,85.0,0.0,0.3,degraded
39.56,50.45428,50.32024,0.13404,-5.64152,-3.06068,-2.58084,3.0078,2.9931,85.0,0.00204,0.3,degraded
39.57,50.4489,50.39676,0.05213,-5.91947,-3.32823,-2.59124,2.9905,3.0,85.0,0.02243,0.3,degraded
39.58,50.43907,50.46517,-0.0261,-6.19666,-3.59437,-2.6023,2.997,3.0,85.0,0.01644,0.3,degraded
39.59,50.42478,50.53784,-0.11306,-6.47306,-3.85496,-2.6181,2.9873,2.9934,85.0,0.00911,0.3,degraded
39.6,50.406,50.59445,-0.18845,-6.74863,-4.14759,-2.60103,2.9861,2.9994,85.0,0.01258,0.3,degraded
39.61,50.3827,50.62149,-0.23878,-7.02333,-4.44766,-2.57567,2.9883,3.0,85.0,0.00065,0.3,degraded
39.62,50.35488,50.64257,-0.28769,-7.29713,-4.7296,-2.56752,2.9884,3.0,85.0,0.00263,0.3,degraded
39.63,50.32251,50.67071,-0.3482,-7.56999,-5.00945,-2.56053,3.0022,3.0,85.0,0.00791,0.3,degraded
39.64,50.28557,50.68621,-0.40064,-7.84187,-5.29759,-2.54429,2.9898,3.0,85.0,0.00296,0.3,degraded
39.65,50.24405,50.69423,-0.45018,-8.11275,-5.55723,-2.55552,3.0291,2.9762,85.0,0.00072,0.3,degraded
39.66,50.19793,50.6962,-0.49826,-8.38259,-5.85993,-2.52266,2.9803,3.0,85.0,0.00932,0.3,degraded
39.67,50.14721,50.68751,-0.5403,-8.65134,-6.10647,-2.54488,2.9943,2.9883,85.0,0.01155,0.3,degraded
39.68,50.09187,50.65262,-0.56075,-8.91899,-6.35575,-2.56324,3.0169,2.9978,85.0,0.00694,0.3,degraded
39.69,50.0319,50.62166,-0.58976,-9.18548,-6.6855,-2.49998,2.9957,2.994,85.0,0.00468,0.3,degraded
39.7,49.96729,50.58521,-0.61792,-9.4508,-6.94011,-2.51069,3.0207,3.0,85.0,0.01574,0.3,degraded
39.71,49.89805,50.55346,-0.65542,-9.7149,-7.21612,-2.49878,3.0172,3.0,85.0,0.01403,0.3,degraded
39.72,49.82416,50.51526,-0.69111,-9.97776,-7.50846,-2.4693,3.0159,2.9734,85.0,0.00645,0.3,degraded
39.73,49.74561,50.4742,-0.72859,-10.23934,-7.76782,-2.47152,3.0036,3.0,85.0,0.00321,0.3,degraded
39.74,49.66242,50.42242,-0.76,-10.4996,-8.07093,-2.42867,3.0004,2.9908,85.0,0.00641,0.3,degraded
39.75,49.57458,50.36865,-0.79407,-10.75852,-8.30755,-2.45097,3.0018,0.5966,85.0,0.00971,0.3,degraded
39.76,49.48209,50.29924,-0.81716,-11.01606,-8.52476,-2.4913,3.0057,2.665,85.0,0.00904,0.3,degraded
39.77,49.38495,50.23806,-0.85311,-11.27219,-8.81092,-2.46127,2.9932,3.0,85.0,0.01755,0.3,degraded
39.78,49.28317,50.14963,-0.86646,-11.52688,-9.06334,-2.46354,2.9934,3.0,85.0,0.00682,0.3,degraded
39.79,49.17676,50.06909,-0.89233,-11.7801,-9.34237,-2.43773,2.9994,3.0,85.0,0.00392,0.3,degraded
39.8,49.06572,49.98524,-0.91952,-12.03182,-9.57799,-2.45383,3.0051,3.0,85.0,0.0029,0.3,degraded
39.81,48.95007,49.90305,-0.95299,-12.28201,-9.84903,-2.43298,2.9802,2.9972,85.0,0.01705,0.3,degraded
39.82,48.8298,49.78352,-0.95371,-12.53064,-10.07834,-2.4523,3.0165,0.0658,85.0,0.02398,0.3,degraded
39.83,48.70495,49.59599,-0.89104,-12.77767,-10.33094,-2.44674,3.01,2.9668,85.0,0.02785,0.3,degraded
39.84,48.57552,49.46097,-0.88545,-13.02309,-10.56931,-2.45378,3.0064,3.0,85.0,0.02674,0.3,degraded
39.85,48.44152,49.37619,-0.93467,-13.26686,-10.83255,-2.43431,2.9973,3.0,85.0,0.02483,0.3,degraded
39.86,48.30298,49.28399,-0.98102,-13.50895,-11.05684,-2.45211,3.0178,2.9949,85.0,0.02518,0.3,degraded
39.87,48.15991,49.12679,-0.96688,-13.74934,-11.27896,-2.47038,2.9921,3.0,85.0,0.02801,0.3,degraded
39.88,48.01233,49.01971,-1.00738,-13.98799,-11.56224,-2.42575,3.0017,2.9986,85.0,0.02376,0.3,degraded
39.89,47.86027,48.90493,-1.04467,-14.22489,-11.80111,-2.42377,2.9949,2.9965,85.0,0.0025,0.3,degraded
39.9,47.70375,48.78299,-1.07924,-14.46,-12.08078,-2.37922,2.9932,3.0,85.0,0.01861,0.3,degraded
39.91,47.54279,48.57938,-1.03659,-14.6933,-12.32463,-2.36867,2.9768,2.9961,85.0,0.00921,0.3,degraded
39.92,47.37742,48.4155,-1.03808,-14.92476,-12.58713,-2.33763,3.0154,2.9775,85.0,0.00225,0.3,degraded
39.93,47.20767,48.29765,-1.08999,-15.15437,-12.83301,-2.32136,1.2201,2.9988,85.0,0.00448,0.3,degraded
39.94,47.03356,48.12942,-1.09586,-15.38208,-13.06065,-2.32143,3.0052,2.9183,85.0,0.0176,0.3,degraded
39.95,46.85513,48.00598,-1.15085,-15.60789,-13.29968,-2.30821,3.0221,2.9904,85.0,0.00672,0.3,degraded
39.96,46.67242,47.84301,-1.17059,-15.83176,-13.56682,-2.26494,3.021,3.0,85.0,0.00287,0.3,degraded
39.97,46.48544,47.71375,-1.2283,-16.05367,-13.79116,-2.26251,2.9879,3.0,85.0,0.03163,0.3,degraded
39.98,46.29425,47.55133,-1.25708,-16.2736,-14.00736,-2.26624,0.9045,3.0,85.0,0.03812,0.3,degraded
39.99,46.09887,47.36034,-1.26147,-16.49152,-14.30607,-2.18545,3.0085,2.9982,85.0,0.00427,0.3,degraded
40.0,45.89935,47.131,-1.23165,-16.70743,-14.54953,-2.1579,2.9997,2.9852,85.0,0.01743,0.3,degraded
40.01,45.69571,46.97205,-1.27634,-16.92128,-14.78967,-2.13161,3.0111,3.0,85.0,0.00074,0.3,degraded
40.02,45.48801,46.76869,-1.28068,-17.13307,-15.04007,-2.093,3.0047,3.0,85.0,0.0,0.3,degraded
40.03,45.27629,46.61044,-1.33415,-17.34277,-15.25529,-2.08748,2.9971,3.0,85.0,0.00596,0.3,degraded
40.04,45.06059,46.40586,-1.34527,-17.55036,-15.50875,-2.04161,3.0068,3.0,85.0,0.01849,0.3,degraded
40.05,44.84094,46.21065,-1.3697,-17.75583,-15.70362,-2.05221,3.0118,3.0,85.0,0.00345,0.3,degraded
40.06,44.61741,45.98631,-1.3689,-17.95915,-15.89957,-2.05958,3.0091,2.4537,85.0,0.01021,0.3,degraded
40.07,44.39003,45.8122,-1.42216,-18.16031,-16.08036,-2.07994,3.0111,1.2405,85.0,0.00543,0.3,degraded
40.08,44.15886,45.62622,-1.46736,-18.35928,-16.30108,-2.0582,3.0238,3.0,85.0,0.01157,0.3,degraded
40.09,43.92395,45.44595,-1.522,-18.55605,-16.4883,-2.06776,3.0207,3.0,85.0,0.03421,0.3,degraded
40.1,43.68533,45.23525,-1.54991,-18.75061,-16.74176,-2.00885,2.9866,2.9887,85.0,0.02166,0.3,degraded
40.11,43.44308,45.05393,-1.61085,-18.94294,-16.95471,-1.98823,2.9952,2.9906,85.0,0.00652,0.3,degraded
40.12,43.19724,44.79152,-1.59428,-19.13302,-17.18016,-1.95285,2.9918,3.0,85.0,0.00527,0.3,degraded
40.13,42.94786,44.57021,-1.62235,-19.32083,-17.38002,-1.94081,3.0105,3.0,85.0,0.03464,0.3,degraded
40.14,42.695,44.37801,-1.68301,-19.50637,-17.55531,-1.95106,2.9895,0.2899,85.0,0.0087,0.3,degraded
40.15,42.43872,44.16742,-1.72869,-19.68962,-17.74694,-1.94268,2.9883,2.9787,85.0,0.02631,0.3,degraded
40.16,42.17908,43.92009,-1.74101,-19.87056,-17.97892,-1.89164,3.0102,3.0,85.0,0.01749,0.3,degraded
40.17,41.91613,43.69081,-1.77468,-20.04918,-18.14642,-1.90276,2.9736,3.0,85.0,0.01657,0.3,degraded
40.18,41.64993,43.44161,-1.79168,-20.22547,-18.36094,-1.86453,2.9878,2.9833,85.0,0.02178,0.3,degraded
40.19,41.38055,43.19544,-1.81489,-20.39942,-18.56684,-1.83258,3.0138,2.9681,85.0,0.01029,0.3,degraded
40.2,41.10805,42.96446,-1.85641,-20.57102,-18.76481,-1.80621,2.9974,3.0,85.0,0.00353,0.3,degraded
40.21,40.83248,42.71986,-1.88738,-20.74025,-18.94359,-1.79666,3.0223,2.9961,85.0,0.0121,0.3,degraded
40.22,40.55392,42.44482,-1.8909,-20.9071,-19.15452,-1.75259,2.9744,3.0,85.0,0.00759,0.3,degraded
40.23,40.27242,42.15451,-1.88209,-21.07158,-19.31248,-1.75909,3.0061,3.0,85.0,0.01797,0.3,degraded
40.24,39.98806,41.90929,-1.92123,-21.23365,-19.49212,-1.74153,2.999,3.0,85.0,0.0316,0.3,degraded
40.25,39.7009,41.64889,-1.94799,-21.39333,-19.70329,-1.69004,3.0193,3.0,85.0,0.00497,0.3,degraded
40.26,39.411,41.37636,-1.96535,-21.55059,-19.87522,-1.67537,2.9884,3.0,85.0,0.01211,0.3,degraded
40.27,39.11844,41.13318,-2.01474,-21.70544,-20.03111,-1.67433,2.9982,2.9826,85.0,0.00977,0.3,degraded
40.28,38.82329,40.81263,-1.98934,-21.85786,-20.18602,-1.67184,3.0085,2.9889,85.0,0.00967,0.3,degraded
40.29,38.5256,40.53376,-2.00816,-22.00785,-20.35966,-1.64819,2.9872,2.9762,85.0,0.00345,0.3,degraded
40.3,38.22546,40.23087,-2.0054,-22.15541,-20.50558,-1.64982,2.9929,3.0,85.0,0.02419,0.3,degraded
40.31,37.92293,39.94389,-2.02095,-22.30052,-20.676,-1.62452,3.0045,2.9983,85.0,0.04296,0.3,degraded
40.32,37.61809,39.69002,-2.07193,-22.44319,-20.82765,-1.61554,3.008,3.0,85.0,0.01742,0.3,degraded
40.33,37.31101,39.40306,-2.09205,-22.5834,-21.03,-1.5534,2.9841,3.0,85.0,0.00072,0.3,degraded
40.34,37.00175,39.11366,-2.11191,-22.72116,-21.2068,-1.51436,3.0069,3.0,85.0,0.00469,0.3,degraded
40.35,36.6904,38.80623,-2.11582,-22.85647,-21.37559,-1.48088,2.9909,3.0,85.0,0.00076,0.3,degraded
40.36,36.37703,38.51759,-2.14056,-22.98931,-21.54835,-1.44096,2.9743,2.9789,85.0,0.01138,0.3,degraded
40.37,36.06171,38.19856,-2.13685,-23.11969,-21.66274,-1.45695,3.0006,3.0,85.0,0.00958,0.3,degraded
40.38,35.74452,37.89402,-2.1495,-23.24761,-21.78918,-1.45843,3.0174,3.0,85.0,0.02528,0.3,degraded
40.39,35.42553,37.58397,-2.15844,-23.37307,-21.95853,-1.41454,2.9853,2.9789,85.0,0.02356,0.3,degraded
40.4,35.10481,37.25297,-2.14816,-23.49606,-22.08767,-1.4084,2.9998,2.9829,85.0,0.01959,0.3,degraded
40.41,34.78245,36.97816,-2.19571,-23.61659,-22.19494,-1.42165,0.865,1.6254,85.0,0.02345,0.3,degraded
40.42,34.45852,36.65324,-2.19472,-23.73466,-22.32694,-1.40772,3.0251,2.8208,85.0,0.00596,0.3,degraded
40.43,34.13309,36.36773,-2.23463,-23.85026,-22.47248,-1.37779,2.9951,3.0,85.0,0.02091,0.3,degraded
40.44,33.80625,36.0676,-2.26135,-23.96341,-22.589,-1.37441,2.9932,0.2422,85.0,0.01318,0.3,degraded
40.45,33.47807,35.77847,-2.3004,-24.0741,-22.7917,-1.28239,0.3623,2.9846,85.0,0.02058,0.3,degraded
40.46,33.14863,35.41352,-2.26488,-24.18233,-22.91867,-1.26367,3.013,3.0,85.0,0.02403,0.3,degraded
40.47,32.81801,35.11744,-2.29943,-24.28812,-23.00368,-1.28444,2.9942,2.991,85.0,0.01283,0.3,degraded
40.48,32.48628,34.82496,-2.33868,-24.39146,-23.09418,-1.29728,2.9978,2.9987,85.0,0.01495,0.3,degraded
40.49,32.15352,34.52674,-2.37322,-24.49235,-23.18364,-1.30871,3.0075,2.9929,85.0,0.00495,0.3,degraded
40.5,31.81981,34.21848,-2.39867,-24.59081,-23.27793,-1.31288,0.5138,2.9999,85.0,0.0166,0.3,degraded
40.51,31.48522,33.90589,-2.42067,-24.68685,-23.45352,-1.23332,3.0067,3.0,85.0,0.00683,0.3,degraded
40.52,31.14985,33.56672,-2.41688,-24.78045,-23.6074,-1.17306,2.9938,3.0,85.0,0.01453,0.3,degraded
40.53,30.81375,33.25272,-2.43897,-24.87164,-23.69511,-1.17653,3.0026,2.9836,85.0,0.01685,0.3,degraded
40.54,30.47702,32.94703,-2.47001,-24.96042,-23.7846,-1.17582,0.5188,2.9655,85.0,0.00878,0.3,degraded
40.55,30.13973,32.56928,-2.42955,-25.04679,-23.86563,-1.18116,2.9793,3.0,85.0,0.01421,0.3,degraded
40.56,29.80195,32.24568,-2.44373,-25.13077,-23.95188,-1.17889,3.0108,2.9909,85.0,0.02284,0.3,degraded
40.57,29.46377,31.90519,-2.44141,-25.21236,-24.03124,-1.18113,3.0076,3.0,85.0,0.01771,0.3,degraded
40.58,29.12527,31.55515,-2.42988,-25.29158,-24.11813,-1.17345,2.9935,2.9977,85.0,0.00682,0.3,degraded
40.59,28.78651,31.24676,-2.46025,-25.36843,-24.20074,-1.16769,2.9926,2.9783,85.0,0.00768,0.3,degraded
40.6,28.44758,30.91787,-2.47028,-25.44292,-24.28997,-1.15296,2.9894,3.0,85.0,0.00194,0.3,degraded
40.61,28.10856,30.60143,-2.49287,-25.51507,-24.37246,-1.1426,2.9786,3.0,85.0,0.00341,0.3,degraded
40.62,27.76951,30.28002,-2.5105,-25.58488,-24.4604,-1.12448,2.997,3.0,85.0,0.01686,0.3,degraded
40.63,27.43053,29.92927,-2.49874,-25.65236,-24.53961,-1.11275,2.9966,2.9951,85.0,0.00282,0.3,degraded
40.64,27.09167,29.54183,-2.45015,-25.71754,-24.62686,-1.09068,3.0027,2.9747,85.0,0.01238,0.3,degraded
40.65,26.75303,29.22139,-2.46837,-25.78041,-24.71128,-1.06913,2.9964,2.9672,85.0,0.00669,0.3,degraded
40.66,26.41466,28.84028,-2.42562,-25.841,-24.80354,-1.03747,2.9695,2.9864,85.0,0.00189,0.3,degraded
40.67,26.07666,28.49864,-2.42198,-25.89932,-24.88748,-1.01184,2.9925,3.0,85.0,0.00413,0.3,degraded
40.68,25.73908,28.18096,-2.44188,-25.95538,-24.97475,-0.98063,2.9496,3.0,85.0,0.00625,0.3,degraded
40.69,25.40201,27.87913,-2.47711,-26.00919,-25.05673,-0.95246,2.9895,3.0,85.0,0.01477,0.3,degraded
40.7,25.06552,27.56877,-2.50324,-26.06077,-25.14658,-0.91419,1.6734,3.0,85.0,0.01486,0.3,degraded
40.71,24.72969,27.24969,-2.52,-26.11013,-25.23101,-0.87912,2.9747,3.0,85.0,0.00505,0.3,degraded
40.72,24.39457,26.88561,-2.49105,-26.1573,-25.32151,-0.83579,3.0067,2.9856,85.0,0.00893,0.3,degraded
40.73,24.06025,26.57055,-2.5103,-26.20228,-25.40436,-0.79792,1.4389,3.0,85.0,0.00206,0.3,degraded
40.74,23.72679,26.23004,-2.50325,-26.2451,-25.49382,-0.75128,3.0045,3.0,85.0,0.008,0.3,degraded
40.75,23.39426,25.89905,-2.50479,-26.28576,-25.57649,-0.70927,3.0037,3.0,85.0,0.00983,0.3,degraded
40.76,23.06274,25.56205,-2.4993,-26.32429,-25.66556,-0.65873,2.9965,2.9793,85.0,0.0,0.3,degraded
40.77,22.7323,25.2062,-2.4739,-26.3607,-25.74802,-0.61268,3.0061,2.9898,85.0,0.0122,0.3,degraded
40.78,22.40299,24.89378,-2.49079,-26.39502,-25.83462,-0.5604,2.9832,3.0,85.0,0.00275,0.3,degraded
40.79,22.07488,24.56575,-2.49087,-26.42725,-25.91581,-0.51144,2.9912,3.0,85.0,0.0095,0.3,degraded
40.8,21.74805,24.22283,-2.47477,-26.45743,-26.00302,-0.4544,2.9995,2.9824,85.0,0.00604,0.3,degraded
40.81,21.42256,23.84077,-2.41821,-26.48556,-26.08444,-0.40112,2.9994,2.9931,85.0,0.0147,0.3,degraded
40.82,21.09847,23.51258,-2.41411,-26.51166,-26.17408,-0.33758,3.0098,3.0,85.0,0.0,0.3,degraded
40.83,20.77584,23.21868,-2.44284,-26.53576,-26.25678,-0.27898,1.8277,3.0,85.0,0.00382,0.3,degraded
40.84,20.45475,22.90617,-2.45142,-26.55788,-26.34605,-0.21183,2.4197,2.9981,85.0,0.00546,0.3,degraded
40.85,20.13524,22.57626,-2.44102,-26.57804,-26.43408,-0.14396,2.9852,2.9957,85.0,0.0,0.3,degraded
40.86,19.81738,22.24621,-2.42883,-26.59625,-26.52801,-0.06823,2.9946,3.0,85.0,0.00658,0.3,degraded
40.87,19.50122,21.92613,-2.42491,-26.61253,-26.61392,0.00138,2.9667,2.9971,85.0,0.01149,0.3,degraded
40.88,19.18684,21.59518,-2.40834,-26.62692,-26.70699,0.08007,3.003,3.0,85.0,0.0,0.3,degraded
40.89,18.87428,21.24563,-2.37135,-26.63943,-26.79252,0.1531,3.0098,2.9983,85.0,0.00556,0.3,degraded
40.9,18.5636,20.93764,-2.37404,-26.65007,-26.87439,0.22432,0.3699,3.0,85.0,0.00806,0.3,degraded
40.91,18.25485,20.56533,-2.31047,-26.65889,-26.94099,0.2821,2.9932,2.9685,85.0,0.01428,0.3,degraded
40.92,17.9481,20.24952,-2.30142,-26.66588,-26.97732,0.31143,3.0035,3.0,85.0,0.01042,0.3,degraded
40.93,17.64339,19.94173,-2.29834,-26.67109,-27.00575,0.33466,2.9985,2.9971,85.0,0.00956,0.3,degraded
40.94,17.34077,19.57123,-2.23046,-26.67453,-27.03865,0.36412,2.9832,3.0,85.0,0.01063,0.3,degraded
40.95,17.0403,19.26932,-2.22902,-26.67622,-27.06498,0.38877,3.0159,2.9754,85.0,0.00424,0.3,degraded
40.96,16.74202,18.97529,-2.23327,-26.67618,-27.0956,0.41942,2.9887,3.0,85.0,0.00991,0.3,degraded
40.97,16.44599,18.69672,-2.25074,-26.67445,-27.11786,0.44341,1.3718,2.989,85.0,0.00242,0.3,degraded
40.98,16.15224,18.39051,-2.23827,-26.67105,-27.14581,0.47477,2.9865,2.9847,85.0,0.01325,0.3,degraded
40.99,15.86083,18.10942,-2.24859,-26.66599,-27.16456,0.49858,3.0076,2.9946,85.0,0.03063,0.3,degraded
41.0,15.5718,17.81272,-2.24092,-26.6593,-27.1849,0.52561,3.0157,2.9858,85.0,0.00113,0.3,degraded
41.01,15.28519,17.48161,-2.19643,-26.65101,-27.19044,0.53943,3.0057,2.9942,85.0,0.01273,0.3,degraded
41.02,15.00104,17.20723,-2.20619,-26.64114,-27.20071,0.55957,3.0101,3.0,85.0,0.00653,0.3,degraded
41.03,14.7194,16.85073,-2.13133,-26.62971,-27.20145,0.57174,2.996,2.9954,85.0,0.00407,0.3,degraded
41.04,14.4403,16.55217,-2.11188,-26.61676,-27.20245,0.58569,2.9804,3.0,85.0,0.00149,0.3,degraded
41.05,14.16378,16.26237,-2.09859,-26.6023,-27.19151,0.58921,3.0185,2.9754,85.0,0.00688,0.3,degraded
41.06,13.88988,15.93925,-2.04937,-26.58636,-27.18609,0.59973,2.9822,2.9881,85.0,0.01406,0.3,degraded
41.07,13.61863,15.68369,-2.06506,-26.56897,-27.1684,0.59944,2.9839,2.9899,85.0,0.0133,0.3,degraded
41.08,13.35007,15.42387,-2.07381,-26.55014,-27.15875,0.60861,3.0141,3.0,85.0,0.01923,0.3,degraded
41.09,13.08422,15.15809,-2.07387,-26.52991,-27.14165,0.61174,3.0067,3.0,85.0,0.00541,0.3,degraded
41.1,12.82112,14.83892,-2.0178,-26.5083,-27.12822,0.61991,2.9935,3.0,85.0,0.00213,0.3,degraded
41.11,12.5608,14.53969,-1.97889,-26.48534,-27.10438,0.61903,2.9849,3.0,85.0,0.01548,0.3,degraded
41.12,12.30328,14.29404,-1.99075,-26.46105,-27.08707,0.62602,3.0024,2.9914,85.0,0.00414,0.3,degraded
41.13,12.0486,14.01296,-1.96437,-26.43546,-27.06028,0.62482,3.0137,3.0,85.0,0.0,0.3,degraded
41.14,11.79677,13.77637,-1.9796,-26.4086,-27.03487,0.62628,2.9944,3.0,85.0,0.02309,0.3,degraded
41.15,11.54782,13.50995,-1.96213,-26.38048,-27.00455,0.62408,2.9962,2.996,85.0,0.02102,0.3,degraded
41.16,11.30177,13.245,-1.94323,-26.35114,-26.97942,0.62829,3.015,2.9817,85.0,0.0045,0.3,degraded
41.17,11.05864,13.00691,-1.94827,-26.3206,-26.94479,0.6242,3.0006,2.9788,85.0,0.00502,0.3,degraded
41.18,10.81846,12.77262,-1.95416,-26.28888,-26.90669,0.61781,3.0059,2.9933,85.0,0.01541,0.3,degraded
41.19,10.58123,12.50004,-1.91881,-26.25602,-26.86425,0.60823,2.9783,3.0,85.0,0.01408,0.3,degraded
41.2,10.34697,12.24392,-1.89695,-26.22204,-26.82725,0.60521,3.0193,3.0,85.0,0.00717,0.3,degraded
41.21,10.11571,12.0058,-1.89009,-26.18697,-26.78527,0.5983,2.9926,2.9984,85.0,0.01116,0.3,degraded
41.22,9.88744,11.73675,-1.84931,-26.15083,-26.74949,0.59866,3.0005,3.0,85.0,0.0,0.3,degraded
41.23,9.66219,11.4704,-1.80822,-26.11364,-26.70653,0.59289,2.989,2.9996,85.0,0.01198,0.3,degraded
41.24,9.43996,11.25488,-1.81492,-26.07544,-26.67091,0.59547,3.0125,3.0,85.0,0.00333,0.3,degraded
41.25,9.22075,10.99956,-1.7788,-26.03625,-26.63051,0.59426,2.9928,2.9777,85.0,0.00556,0.3,degraded
41.26,9.00459,10.7784,-1.77381,-25.99609,-26.59621,0.60012,1.4293,2.9845,85.0,0.00542,0.3,degraded
41.27,8.79147,10.54537,-1.7539,-25.955,-26.54745,0.59245,3.0124,3.0,85.0,0.00649,0.3,degraded
41.28,8.58139,10.33685,-1.75546,-25.91299,-26.49985,0.58686,1.2134,3.0,85.0,0.0,0.3,degraded
41.29,8.37436,10.09199,-1.71763,-25.87009,-26.44669,0.5766,2.9961,2.987,85.0,0.00267,0.3,degraded
41.3,8.17038,9.87166,-1.70128,-25.82634,-26.3978,0.57147,2.993,2.9978,85.0,0.00732,0.3,degraded
41.31,7.96945,9.65465,-1.6852,-25.78174,-26.34211,0.56037,3.0016,3.0,85.0,0.00254,0.3,degraded
41.32,7.77156,9.38491,-1.61335,-25.73634,-26.2943,0.55796,2.9932,3.0,85.0,0.00314,0.3,degraded
41.33,7.57672,9.13463,-1.55791,-25.69015,-26.23944,0.54929,3.0167,3.0,85.0,0.01604,0.3,degraded
41.34,7.38491,8.93756,-1.55265,-25.6432,-26.19011,0.54691,2.9895,2.9969,85.0,0.0025,0.3,degraded
41.35,7.19613,8.75683,-1.5607,-25.59552,-26.13403,0.53852,2.9937,3.0,85.0,0.02027,0.3,degraded
41.36,7.01037,8.55712,-1.54676,-25.54712,-26.08395,0.53683,3.0142,2.9925,85.0,0.02978,0.3,degraded
41.37,6.82762,8.35806,-1.53044,-25.49804,-26.02822,0.53018,2.9696,3.0,85.0,0.00274,0.3,degraded
41.38,6.64787,8.10042,-1.45255,-25.4483,-25.97872,0.53041,3.0013,2.9892,85.0,0.01172,0.3,degraded
41.39,6.4711,7.90944,-1.43833,-25.39793,-25.92569,0.52777,3.0211,3.0,85.0,0.00726,0.3,degraded
41.4,6.29731,7.68219,-1.38488,-25.34694,-25.87888,0.53195,3.0033,3.0,85.0,0.00426,0.3,degraded
41.41,6.12648,7.46064,-1.33417,-25.29536,-25.8271,0.53173,2.9957,2.993,85.0,0.011,0.3,degraded
41.42,5.95858,7.29233,-1.33375,-25.24323,-25.78247,0.53924,3.0146,3.0,85.0,0.00433,0.3,degraded
41.43,5.7936,7.09863,-1.30502,-25.19055,-25.72993,0.53938,3.0181,3.0,85.0,0.00298,0.3,degraded
41.44,5.63153,6.93916,-1.30763,-25.13735,-25.68601,0.54865,2.994,3.0,85.0,0.0,0.3,degraded
41.45,5.47233,6.77573,-1.30341,-25.08367,-25.63536,0.55169,2.9874,3.0,85.0,0.0032,0.3,degraded
41.46,5.31598,6.61403,-1.29805,-25.02951,-25.5932,0.56369,3.0009,2.9922,85.0,0.01603,0.3,degraded
41.47,5.16247,6.47529,-1.31282,-24.97491,-25.54314,0.56822,1.1243,3.0,85.0,0.0114,0.3,degraded
41.48,5.01176,6.27863,-1.26687,-24.91989,-25.49809,0.5782,2.9927,3.0,85.0,0.00862,0.3,degraded
41.49,4.86383,6.13028,-1.26644,-24.86446,-25.44667,0.58221,3.0258,3.0,85.0,0.00684,0.3,degraded
41.5,4.71865,5.98782,-1.26917,-24.80866,-25.40176,0.5931,2.8762,2.9988,85.0,0.0,0.3,degraded
41.51,4.57619,5.80483,-1.22864,-24.7525,-25.35003,0.59753,3.0157,3.0,85.0,0.01299,0.3,degraded
41.52,4.43642,5.65425,-1.21783,-24.69601,-25.30244,0.60644,0.8266,2.9835,85.0,0.00421,0.3,degraded
41.53,4.29931,5.4641,-1.1648,-24.6392,-25.2402,0.601,2.9841,3.0,85.0,0.00331,0.3,degraded
41.54,4.16481,5.32356,-1.15875,-24.5821,-25.18522,0.60312,1.7969,2.9949,85.0,0.00761,0.3,degraded
41.55,4.03291,5.18933,-1.15642,-24.52473,-25.12596,0.60123,2.9899,2.9721,85.0,0.00766,0.3,degraded
41.56,3.90355,4.96832,-1.06477,-24.46711,-25.07243,0.60532,2.9928,3.0,85.0,0.00225,0.3,degraded
41.57,3.77671,4.79806,-1.02135,-24.40926,-25.00812,0.59887,3.0096,2.9944,85.0,0.01009,0.3,degraded
41.58,3.65234,4.67956,-1.02722,-24.3512,-24.95396,0.60276,2.4215,2.9915,85.0,0.00712,0.3,degraded
41.59,3.53041,4.53565,-1.00524,-24.29295,-24.89148,0.59853,3.0053,3.0,85.0,0.0,0.3,degraded
41.6,3.41087,4.38463,-0.97377,-24.23453,-24.83435,0.59983,2.9861,2.9992,85.0,0.00999,0.3,degraded
41.61,3.29368,4.29203,-0.99835,-24.17596,-24.77149,0.59554,3.0013,2.9931,85.0,0.00529,0.3,degraded
41.62,3.1788,4.19498,-1.01619,-24.11725,-24.71525,0.598,2.5144,3.0,85.0,0.00806,0.3,degraded
41.63,3.06618,4.08655,-1.02037,-24.05844,-24.65084,0.59241,1.3433,2.988,85.0,0.00028,0.3,degraded
41.64,2.95578,3.94045,-0.98467,-23.99952,-24.59587,0.59635,3.0143,2.9844,85.0,0.01313,0.3,degraded
41.65,2.84755,3.84843,-1.00088,-23.94053,-24.53666,0.59613,2.9453,2.9863,85.0,0.00802,0.3,degraded
41.66,2.74145,3.64682,-0.90537,-23.88148,-24.48534,0.60386,2.9977,2.987,85.0,0.00574,0.3,degraded
41.67,2.63742,3.49519,-0.85778,-23.82238,-24.4022,0.57981,2.9959,2.9807,85.0,0.01796,0.3,degraded
41.68,2.53541,3.39481,-0.8594,-23.76326,-24.32736,0.5641,2.9953,2.9954,85.0,0.00543,0.3,degraded
41.69,2.43538,3.31489,-0.87951,-23.70413,-24.24729,0.54316,3.0064,2.9784,85.0,0.0,0.3,degraded
41.7,2.33727,3.22727,-0.89,-23.64501,-24.17619,0.53119,2.9734,3.0,85.0,0.00406,0.3,degraded
41.71,2.24103,3.14762,-0.9066,-23.5859,-24.09898,0.51307,3.0035,2.9871,85.0,0.00243,0.3,degraded
41.72,2.1466,3.05508,-0.90848,-23.52683,-24.02893,0.5021,3.0029,3.0,85.0,0.0,0.3,degraded
41.73,2.05394,2.97258,-0.91864,-23.46782,-23.95369,0.48587,2.997,3.0,85.0,0.00511,0.3,degraded
41.74,1.96298,2.88232,-0.91933,-23.40887,-23.88504,0.47617,2.9996,3.0,85.0,0.00376,0.3,degraded
41.75,1.87368,2.788,-0.91432,-23.35,-23.80935,0.45935,3.0358,3.0,85.0,0.0,0.3,degraded
41.76,1.78597,2.69282,-0.90685,-23.29123,-23.73721,0.44599,3.0066,2.9889,85.0,0.01125,0.3,degraded
41.77,1.69979,2.5507,-0.85091,-23.23256,-23.65868,0.42612,2.9993,2.9967,85.0,0.00602,0.3,degraded
41.78,1.61509,2.39123,-0.77614,-23.17401,-23.58515,0.41113,3.0014,3.0,85.0,0.00995,0.3,degraded
41.79,1.53181,2.29716,-0.76535,-23.1156,-23.5065,0.3909,3.0155,2.9841,85.0,0.00851,0.3,degraded
41.8,1.44989,2.21351,-0.76362,-23.05733,-23.43725,0.37992,2.9831,2.9933,85.0,0.00242,0.3,degraded
41.81,1.36926,2.13325,-0.76398,-22.99922,-23.36457,0.36536,3.0242,2.9967,85.0,0.0,0.3,degraded
41.82,1.28988,2.04604,-0.75616,-22.94127,-23.2985,0.35722,3.0051,2.9907,85.0,0.00334,0.3,degraded
41.83,1.21167,1.96401,-0.75235,-22.88351,-23.22506,0.34155,3.0037,3.0,85.0,0.00381,0.3,degraded
41.84,1.13457,1.87423,-0.73966,-22.82593,-23.15516,0.32923,3.0004,2.9936,85.0,0.0,0.3,degraded
41.85,1.05852,1.78896,-0.73044,-22.76855,-23.08093,0.31237,2.9801,3.0,85.0,0.00279,0.3,degraded
41.86,0.98346,1.69829,-0.71483,-22.71139,-23.01368,0.30229,3.0064,3.0,85.0,0.00328,0.3,degraded
41.87,0.90933,1.61302,-0.70369,-22.65444,-22.93962,0.28519,2.996,2.9824,85.0,0.0,0.3,degraded
41.88,0.83605,1.52161,-0.68556,-22.59771,-22.87598,0.27827,2.9872,3.0,85.0,0.00142,0.3,degraded
41.89,0.76357,1.43514,-0.67157,-22.54122,-22.8063,0.26508,2.987,2.9939,85.0,0.00474,0.3,degraded
41.9,0.69182,1.34775,-0.65592,-22.48497,-22.74292,0.25795,2.9775,2.9974,85.0,0.0,0.3,degraded
41.91,0.62074,1.27093,-0.65019,-22.42898,-22.67333,0.24436,3.0099,2.9909,85.0,0.00157,0.3,degraded
41.92,0.55025,1.19064,-0.64038,-22.37323,-22.60964,0.2364,2.981,2.9881,85.0,0.00386,0.3,degraded
41.93,0.4803,1.1147,-0.6344,-22.31776,-22.54241,0.22465,2.9753,3.0,85.0,0.0,0.3,degraded
41.94,0.41082,1.03192,-0.62111,-22.26255,-22.48205,0.2195,3.0109,2.9945,85.0,0.00054,0.3,degraded
41.95,0.34173,0.95585,-0.61411,-22.20761,-22.41591,0.2083,3.0394,2.9659,85.0,0.00443,0.3,degraded
41.96,0.27299,0.8738,-0.60082,-22.15296,-22.35843,0.20547,3.0103,3.0,85.0,0.0,0.3,degraded
41.97,0.20451,0.79886,-0.59435,-22.09859,-22.29689,0.1983,2.9837,3.0,85.0,5e-05,0.3,degraded
41.98,0.13623,0.72013,-0.58391,-22.04451,-22.24091,0.19641,3.0028,3.0,85.0,0.00498,0.3,degraded
41.99,0.06808,0.65025,-0.58217,-21.99072,-22.18035,0.18963,3.0121,3.0,85.0,0.03335,0.3,degraded
42.0,-36.52404,0.53918,-37.06322,26.63485,-22.12701,48.76186,3.0173,3.0,85.0,0.3,0.3,degraded
42.01,-36.52404,-0.66641,-35.85763,26.63485,-20.97807,47.61292,3.0039,3.0,85.0,0.3,0.3,degraded
42.02,-36.52404,-3.48828,-33.03576,26.63485,-18.03266,44.66751,3.0165,2.999,85.0,0.3,0.3,degraded
42.03,-36.52404,-7.64365,-28.88039,26.63485,-13.54438,40.17923,2.9988,2.9845,85.0,0.03848,0.3,degraded
42.04,-36.52404,-11.50292,-25.02112,26.63485,-9.2254,35.86025,3.0083,3.0,85.0,0.17103,0.3,degraded
42.05,-36.52404,-14.86542,-21.65861,26.63485,-5.35584,31.99069,2.9872,1.3915,85.0,0.13785,0.3,degraded
42.06,-36.52404,-17.82043,-18.70361,26.63485,-1.872,28.50685,3.0105,2.1922,85.0,0.15383,0.3,degraded
42.07,-36.52404,-20.36933,-16.1547,26.63485,1.22951,25.40535,3.0249,2.9934,85.0,0.17461,0.3,degraded
42.08,-36.52404,-22.61639,-13.90765,26.63485,4.01124,22.62361,3.0182,2.9987,85.0,0.1113,0.3,degraded
42.09,-36.52404,-24.55154,-11.9725,26.63485,6.5143,20.12055,2.9986,2.9668,85.0,0.06588,0.3,degraded
42.1,-36.52404,-26.25856,-10.26548,26.63485,8.74459,17.89026,3.0133,3.0,85.0,0.10784,0.3,degraded
42.11,-36.52404,-27.72195,-8.80208,26.63485,10.74387,15.89098,2.9955,2.9838,85.0,0.11618,0.3,degraded
42.12,-36.52404,-29.01961,-7.50442,26.63485,12.54557,14.08928,1.4565,3.0,85.0,0.05362,0.3,degraded
42.13,-36.52404,-30.15728,-6.36676,26.63485,14.17186,12.46299,3.0028,2.9789,85.0,0.05622,0.3,degraded
42.14,-36.52404,-31.16193,-5.36211,26.63485,15.59498,11.03987,3.0247,2.9843,85.0,0.06447,0.3,degraded
42.15,-36.52404,-31.99305,-4.53098,26.63485,16.85561,9.77924,2.981,2.9993,85.0,0.03778,0.3,degraded
42.16,-36.52404,-32.74495,-3.77909,26.63485,18.02694,8.60791,2.9891,2.9978,85.0,0.04116,0.3,degraded
42.17,-36.52404,-33.40515,-3.11889,26.63485,19.1038,7.53105,3.0109,3.0,85.0,0.04032,0.3,degraded
42.18,-36.52404,-33.99162,-2.53242,26.63485,20.05739,6.57746,3.0043,3.0,85.0,0.03369,0.3,degraded
42.19,-36.52404,-34.48874,-2.0353,26.63485,20.91105,5.72381,3.0191,2.9847,85.0,0.03768,0.3,degraded
42.2,-36.52404,-34.93117,-1.59287,26.63485,21.65263,4.98222,3.0001,2.9898,85.0,0.03132,0.3,degraded
42.21,-36.52404,-35.30585,-1.21819,26.63485,22.32036,4.31449,2.9971,3.0,85.0,0.02703,0.3,degraded
42.22,-36.52404,-35.62556,-0.89848,26.63485,22.90033,3.73452,3.0102,3.0,85.0,0.03001,0.3,degraded
42.23,-36.52404,-35.87669,-0.64735,26.63485,23.40371,3.23114,3.0023,3.0,85.0,0.03265,0.3,degraded
42.24,-36.52404,-36.07284,-0.4512,26.63485,23.81838,2.81647,3.0017,3.0,85.0,0.02765,0.3,degraded
42.25,-36.52404,-36.19822,-0.32582,26.63485,24.16089,2.47396,3.0282,2.997,85.0,0.01448,0.3,degraded
42.26,-36.52404,-36.29171,-0.23233,26.63485,24.46143,2.17342,3.0222,3.0,85.0,0.01302,0.3,degraded
42.27,-36.52404,-36.36763,-0.15641,26.63485,24.73784,1.89701,3.0138,2.9861,85.0,0.00869,0.3,degraded
42.28,-36.52404,-36.44871,-0.07533,26.63485,24.98813,1.64672,2.9853,3.0,85.0,0.00973,0.3,degraded
42.29,-36.52404,-36.52486,0.00082,26.63485,25.2153,1.41955,3.004,3.0,85.0,0.00525,0.3,degraded
42.3,-36.52404,-36.60757,0.08353,26.63485,25.49263,1.14222,3.0084,2.9984,85.0,0.01649,0.3,degraded
42.31,-36.52404,-36.68436,0.16032,26.63485,25.69285,0.942,3.0096,3.0,85.0,0.00453,0.3,degraded
42.32,-36.52404,-36.76671,0.24267,26.63485,25.82931,0.80554,3.0136,2.9851,85.0,0.00775,0.3,degraded
42.33,-36.52404,-36.84211,0.31808,26.63485,25.98756,0.64729,2.9802,2.9934,85.0,0.01059,0.3,degraded
42.34,-36.52404,-36.92371,0.39968,26.63485,26.07812,0.55673,2.9878,3.0,85.0,0.00311,0.3,degraded
42.35,-36.52404,-36.99622,0.47219,26.63485,26.16391,0.47095,2.9878,2.986,85.0,0.00803,0.3,degraded
42.36,-36.52404,-37.0585,0.53446,26.63485,26.23998,0.39487,3.0027,3.0,85.0,0.00473,0.3,degraded
42.37,-36.52404,-37.08712,0.56308,26.63485,26.32294,0.31191,3.0096,2.9837,85.0,0.0,0.3,degraded
42.38,-36.52404,-37.12118,0.59714,26.63485,26.39805,0.23681,2.9988,3.0,85.0,0.00419,0.3,degraded
42.39,-36.52404,-37.14889,0.62485,26.63485,26.47825,0.1566,2.9854,2.997,85.0,0.00187,0.3,degraded
42.4,-36.52404,-37.18449,0.66045,26.63485,26.55204,0.08281,2.9904,2.9902,85.0,0.00011,0.3,degraded
42.41,-36.52404,-37.20781,0.68377,26.63485,26.63293,0.00192,3.0082,3.0,85.0,0.00495,0.3,degraded
42.42,-36.52404,-37.2268,0.70276,26.63485,26.70744,-0.07259,3.0103,2.9825,85.0,0.00155,0.3,degraded
42.43,-36.52404,-37.24059,0.71656,26.63485,26.78611,-0.15126,3.0156,2.9761,85.0,0.0,0.3,degraded
42.44,-36.52404,-37.25262,0.72859,26.63485,26.85673,-0.22188,3.0251,3.0,85.0,0.00624,0.3,degraded
42.45,-36.52404,-37.25007,0.72603,26.63485,26.93383,-0.29898,2.9834,3.0,85.0,0.00465,0.3,degraded
42.46,-36.52404,-37.23932,0.71528,26.63485,27.00445,-0.36959,2.9858,3.0,85.0,0.0,0.3,degraded
42.47,-36.52404,-37.22445,0.70042,26.63485,27.07884,-0.44399,3.0035,3.0,85.0,0.00337,0.3,degraded
42.48,-36.52404,-37.21406,0.69002,26.63485,27.14916,-0.51431,2.9941,3.0,85.0,0.00566,0.3,degraded
42.49,-36.52404,-37.19729,0.67325,26.63485,27.21469,-0.57984,3.0017,3.0,85.0,0.00205,0.3,degraded
42.5,-36.52404,-37.18833,0.66429,26.63485,27.25087,-0.61602,3.0099,3.0,85.0,0.00252,0.3,degraded
42.51,-36.52404,-37.17345,0.64941,26.63485,27.29193,-0.65708,2.9797,2.9735,85.0,0.00378,0.3,degraded
42.52,-36.52404,-37.16642,0.64238,26.63485,27.32349,-0.68864,3.021,2.976,85.0,0.0,0.3,degraded
42.53,-36.52404,-37.15116,0.62712,26.63485,27.3608,-0.72595,3.0056,2.9986,85.0,0.00196,0.3,degraded
42.54,-36.52404,-37.1413,0.61726,26.63485,27.38857,-0.75372,3.0006,3.0,85.0,0.00668,0.3,degraded
42.55,-36.52404,-37.12502,0.60099,26.63485,27.39843,-0.76357,3.0146,2.9859,85.0,0.0014,0.3,degraded
42.56,-36.52404,-37.11395,0.58991,26.63485,27.39986,-0.76501,2.9976,2.9941,85.0,0.00133,0.3,degraded
42.57,-36.52404,-37.09671,0.57267,26.63485,27.40887,-0.77402,2.9837,2.9973,85.0,0.00444,0.3,degraded
42.58,-36.52404,-37.08397,0.55993,26.63485,27.41313,-0.77827,3.0026,2.9924,85.0,0.0,0.3,degraded
42.59,-36.52404,-37.06506,0.54102,26.63485,27.42298,-0.78812,2.9969,2.9956,85.0,0.00073,0.3,degraded
42.6,-36.52404,-37.05166,0.52762,26.63485,27.4251,-0.79025,3.0143,2.9971,85.0,0.00549,0.3,degraded
42.61,-36.52404,-37.03404,0.51,26.63485,27.42559,-0.79074,3.0111,3.0,85.0,2e-05,0.3,degraded
42.62,-36.52404,-37.02263,0.49859,26.63485,27.414,-0.77915,2.9793,2.9971,85.0,0.00054,0.3,degraded
42.63,-36.52404,-37.00538,0.48135,26.63485,27.40679,-0.77193,2.9892,2.9838,85.0,0.00543,0.3,degraded
42.64,-36.52404,-36.99636,0.47232,26.63485,27.38821,-0.75336,2.997,2.9839,85.0,0.00045,0.3,degraded
42.65,-36.52404,-36.98462,0.46058,26.63485,27.37153,-0.73668,3.0152,3.0,85.0,8e-05,0.3,degraded
42.66,-36.52404,-36.97859,0.45455,26.63485,27.34693,-0.71207,3.0244,2.9913,85.0,0.00496,0.3,degraded
42.67,-36.52404,-36.96106,0.43702,26.63485,27.33098,-0.69613,2.9839,3.0,85.0,0.0,0.3,degraded
42.68,-36.52404,-36.94956,0.42552,26.63485,27.30887,-0.67402,3.0063,3.0,85.0,0.0,0.3,degraded
42.69,-36.52404,-36.93283,0.40879,26.63485,27.29354,-0.65868,2.9984,2.9973,85.0,0.004,0.3,degraded
42.7,-36.52404,-36.92203,0.39799,26.63485,27.27061,-0.63576,3.0076,2.9713,85.0,0.00053,0.3,degraded
42.71,-36.52404,-36.90419,0.38015,26.63485,27.25185,-0.617,2.9897,3.0,85.0,0.0,0.3,degraded
42.72,-36.52404,-36.89242,0.36838,26.63485,27.22929,-0.59444,3.004,2.9982,85.0,0.00451,0.3,degraded
42.73,-36.52404,-36.87454,0.3505,26.63485,27.21157,-0.57672,2.9738,2.9975,85.0,0.00149,0.3,degraded
42.74,-36.52404,-36.86197,0.33793,26.63485,27.18752,-0.55267,3.0117,2.9934,85.0,0.0,0.3,degraded
42.75,-36.52404,-36.84326,0.31922,26.63485,27.17009,-0.53524,2.9924,2.9971,85.0,0.00375,0.3,degraded
42.76,-36.52404,-36.83217,0.30813,26.63485,27.14725,-0.5124,2.9902,3.0,85.0,0.00234,0.3,degraded
42.77,-36.52404,-36.81812,0.29408,26.63485,27.13201,-0.49716,3.0065,3.0,85.0,0.0,0.3,degraded
42.78,-36.52404,-36.81289,0.28885,26.63485,27.11025,-0.4754,2.9861,2.9998,85.0,0.00269,0.3,degraded
42.79,-36.52404,-36.80286,0.27882,26.63485,27.09458,-0.45973,3.018,3.0,85.0,0.00252,0.3,degraded
42.8,-36.52404,-36.79361,0.26957,26.63485,27.07338,-0.43853,2.9811,2.9952,85.0,0.0,0.3,degraded
42.81,-36.52404,-36.77785,0.25381,26.63485,27.06079,-0.42594,3.005,2.9956,85.0,0.00299,0.3,degraded
42.82,-36.52404,-36.76628,0.24224,26.63485,27.04246,-0.40761,2.9947,3.0,85.0,0.00318,0.3,degraded
42.83,-36.52404,-36.74815,0.22412,26.63485,27.02995,-0.3951,2.9942,3.0,85.0,0.0,0.3,degraded
42.84,-36.52404,-36.73453,0.21049,26.63485,27.00969,-0.37484,2.9909,3.0,85.0,0.00224,0.3,degraded
42.85,-36.52404,-36.71653,0.19249,26.63485,26.9955,-0.36065,3.0008,2.9954,85.0,0.00336,0.3,degraded
42.86,-36.52404,-36.70544,0.1814,26.63485,26.97551,-0.34066,2.9932,3.0,85.0,0.0,0.3,degraded
42.87,-36.52404,-36.68652,0.16248,26.63485,26.96173,-0.32688,3.0148,3.0,85.0,0.00252,0.3,degraded
42.88,-36.52404,-36.67448,0.15044,26.63485,26.93753,-0.30267,2.9953,2.9947,85.0,0.00436,0.3,degraded
42.89,-36.52404,-36.65514,0.1311,26.63485,26.91701,-0.28216,2.9806,3.0,85.0,0.0,0.3,degraded
42.9,-36.52404,-36.64368,0.11964,26.63485,26.89024,-0.25538,3.0278,2.9856,85.0,0.00118,0.3,degraded
42.91,-36.52404,-36.62457,0.10053,26.63485,26.86701,-0.23216,2.9917,3.0,85.0,0.00405,0.3,degraded
42.92,-36.52404,-36.61198,0.08794,26.63485,26.84109,-0.20624,2.9954,3.0,85.0,0.0,0.3,degraded
42.93,-36.52404,-36.59336,0.06932,26.63485,26.8223,-0.18745,3.0103,3.0,85.0,0.00066,0.3,degraded
42.94,-36.52404,-36.57881,0.05477,26.63485,26.79619,-0.16134,2.979,2.9756,85.0,0.00407,0.3,degraded
42.95,-36.52404,-36.55902,0.03498,26.63485,26.77816,-0.14331,3.0028,2.9878,85.0,0.0,0.3,degraded
42.96,-36.52404,-36.54617,0.02213,26.63485,26.75492,-0.12007,2.9946,3.0,85.0,0.00118,0.3,degraded
42.97,-36.52404,-36.53009,0.00605,26.63485,26.73992,-0.10507,2.9826,3.0,85.0,0.00485,0.3,degraded
42.98,-36.52404,-36.52334,-0.0007,26.63485,26.71976,-0.08491,3.0057,2.9927,85.0,0.00039,0.3,degraded
42.99,-36.52404,-36.51196,-0.01208,26.63485,26.70486,-0.07,3.0126,2.9947,85.0,0.0,0.3,degraded
43.0,-36.52404,-36.50844,-0.0156,26.63485,26.6818,-0.04695,3.0016,2.9828,85.0,0.00398,0.3,degraded
43.01,-36.52404,-36.49765,-0.02638,26.63485,26.66496,-0.03011,2.9693,3.0,85.0,0.00048,0.3,degraded
43.02,-36.52404,-36.49223,-0.03181,26.63485,26.64326,-0.00841,3.006,2.9965,85.0,0.0,0.3,degraded
43.03,-36.52404,-36.47718,-0.04686,26.63485,26.63134,0.00351,3.0031,2.9948,85.0,0.0044,0.3,degraded
43.04,-36.52404,-36.46626,-0.05778,26.63485,26.61529,0.01956,2.9971,2.9905,85.0,0.00141,0.3,degraded
43.05,-36.52404,-36.44668,-0.07736,26.63485,26.60619,0.02866,2.9952,3.0,85.0,0.0,0.3,degraded
43.06,-36.52404,-36.43258,-0.09146,26.63485,26.5922,0.04265,3.0021,2.9966,85.0,0.00401,0.3,degraded
43.07,-36.52404,-36.41374,-0.1103,26.63485,26.5868,0.04805,2.9993,2.9857,85.0,0.00136,0.3,degraded
43.08,-36.52404,-36.4011,-0.12294,26.63485,26.57706,0.05779,3.0039,3.0,85.0,0.0,0.3,degraded
43.09,-36.52404,-36.38462,-0.13942,26.63485,26.5747,0.06015,2.9876,3.0,85.0,0.00399,0.3,degraded
43.1,-36.52404,-36.37487,-0.14917,26.63485,26.56846,0.06639,2.9962,2.9905,85.0,0.002,0.3,degraded
43.11,-36.52404,-36.35866,-0.16538,26.63485,26.56902,0.06583,3.0299,3.0,85.0,0.0,0.3,degraded
43.12,-36.52404,-36.34971,-0.17433,26.63485,26.5654,0.06946,3.011,3.0,85.0,0.00386,0.3,degraded
43.13,-36.52404,-36.33398,-0.19006,26.63485,26.57028,0.06457,3.0025,3.0,85.0,0.00254,0.3,degraded
43.14,-36.52404,-36.32468,-0.19936,26.63485,26.56935,0.0655,2.9996,3.0,85.0,0.0,0.3,degraded
43.15,-36.52404,-36.31045,-0.21359,26.63485,26.57766,0.0572,3.0004,3.0,85.0,0.00325,0.3,degraded
43.16,-36.52404,-36.30458,-0.21946,26.63485,26.57888,0.05597,2.9961,3.0,85.0,0.00267,0.3,degraded
43.17,-36.52404,-36.2917,-0.23234,26.63485,26.58683,0.04802,3.0126,3.0,85.0,0.0,0.3,degraded
43.18,-36.52404,-36.28315,-0.24089,26.63485,26.5904,0.04445,3.0163,3.0,85.0,0.00287,0.3,degraded
43.19,-36.52404,-36.26624,-0.2578,26.63485,26.60032,0.03453,2.9907,3.0,85.0,0.00332,0.3,degraded
43.2,-36.52404,-36.25755,-0.26649,26.63485,26.603,0.03186,2.9963,2.9932,85.0,0.0,0.3,degraded
43.21,-36.52404,-36.24197,-0.28207,26.63485,26.61441,0.02044,2.9855,3.0,85.0,0.00202,0.3,degraded
43.22,-36.52404,-36.23415,-0.28989,26.63485,26.6224,0.01245,3.0257,2.9981,85.0,0.00409,0.3,degraded
43.23,-36.52404,-36.21994,-0.3041,26.63485,26.63718,-0.00232,2.9829,3.0,85.0,0.0,0.3,degraded
43.24,-36.52404,-36.2129,-0.31114,26.63485,26.64472,-0.00986,3.0223,3.0,85.0,0.0011,0.3,degraded
43.25,-36.52404,-36.20104,-0.323,26.63485,26.65932,-0.02446,3.0218,3.0,85.0,0.00432,0.3,degraded
43.26,-36.52404,-36.19524,-0.3288,26.63485,26.66786,-0.03301,2.991,2.9972,85.0,0.0,0.3,degraded
43.27,-36.52404,-36.18599,-0.33805,26.63485,26.68114,-0.04629,2.9925,2.9894,85.0,0.00084,0.3,degraded
43.28,-36.52404,-36.18151,-0.34253,26.63485,26.68824,-0.05339,3.0088,2.9852,85.0,0.00372,0.3,degraded
43.29,-36.52404,-36.1699,-0.35414,26.63485,26.70092,-0.06607,2.9883,2.9976,85.0,0.0,0.3,degraded
43.3,-36.52404,-36.16501,-0.35903,26.63485,26.70893,-0.07407,2.9945,2.99,85.0,0.0,0.3,degraded
43.31,-36.52404,-36.15411,-0.36993,26.63485,26.7217,-0.08685,2.9948,3.0,85.0,0.0044,0.3,degraded
43.32,-36.52404,-36.15103,-0.37301,26.63485,26.73303,-0.09818,2.9856,3.0,85.0,0.00207,0.3,degraded
43.33,-36.52404,-36.15172,-0.37232,26.63485,26.75378,-0.11893,3.0143,3.0,85.0,0.00147,0.3,degraded
43.34,-36.52404,-36.16341,-0.36063,26.63485,26.76922,-0.13437,2.9784,3.0,85.0,0.00488,0.3,degraded
43.35,-36.52404,-36.16983,-0.35421,26.63485,26.79175,-0.1569,2.9949,2.9828,85.0,0.00022,0.3,degraded
43.36,-36.52404,-36.18199,-0.34205,26.63485,26.80492,-0.17007,2.9898,2.9894,85.0,0.0,0.3,degraded
43.37,-36.52404,-36.18785,-0.33618,26.63485,26.82469,-0.18984,2.9966,2.9885,85.0,0.00425,0.3,degraded
43.38,-36.52404,-36.19925,-0.32479,26.63485,26.83488,-0.20003,2.9778,2.995,85.0,0.0014,0.3,degraded
43.39,-36.52404,-36.20411,-0.31993,26.63485,26.85114,-0.21629,2.9967,3.0,85.0,0.0,0.3,degraded
43.4,-36.52404,-36.21365,-0.31039,26.63485,26.86061,-0.22576,3.0033,3.0,85.0,0.00375,0.3,degraded
43.41,-36.52404,-36.21687,-0.30717,26.63485,26.87703,-0.24217,3.0188,3.0,85.0,0.00141,0.3,degraded
43.42,-36.52404,-36.22543,-0.29861,26.63485,26.87918,-0.24433,3.0042,2.9836,85.0,0.0,0.3,degraded
43.43,-36.52404,-36.22837,-0.29567,26.63485,26.88786,-0.253,2.9811,2.9738,85.0,0.00397,0.3,degraded
43.44,-36.52404,-36.24265,-0.28138,26.63485,26.89114,-0.25629,3.0051,2.9895,85.0,0.00264,0.3,degraded
43.45,-36.52404,-36.25163,-0.27241,26.63485,26.89938,-0.26453,2.9711,3.0,85.0,0.0,0.3,degraded
43.46,-36.52404,-36.26816,-0.25588,26.63485,26.89904,-0.26418,2.994,2.9883,85.0,0.00453,0.3,degraded
43.47,-36.52404,-36.27915,-0.24489,26.63485,26.89832,-0.26347,2.9821,3.0,85.0,0.00306,0.3,degraded
43.48,-36.52404,-36.29649,-0.22755,26.63485,26.88859,-0.25373,2.9981,2.9791,85.0,0.0,0.3,degraded
43.49,-36.52404,-36.30794,-0.2161,26.63485,26.88379,-0.24894,2.9964,2.9838,85.0,0.00243,0.3,degraded
43.5,-36.52404,-36.32607,-0.19797,26.63485,26.87218,-0.23732,2.9874,2.9983,85.0,0.0035,0.3,degraded
43.51,-36.52404,-36.33831,-0.18573,26.63485,26.86769,-0.23284,3.0178,3.0,85.0,0.0,0.3,degraded
43.52,-36.52404,-36.35565,-0.16839,26.63485,26.85957,-0.22472,3.0063,2.9727,85.0,0.00232,0.3,degraded
43.53,-36.52404,-36.36614,-0.1579,26.63485,26.86038,-0.22553,2.9943,3.0,85.0,0.0043,0.3,degraded
43.54,-36.52404,-36.38215,-0.14189,26.63485,26.85597,-0.22112,2.9765,3.0,85.0,0.0,0.3,degraded
43.55,-36.52404,-36.39387,-0.13016,26.63485,26.85576,-0.22091,2.9918,3.0,85.0,0.00157,0.3,degraded
43.56,-36.52404,-36.41333,-0.11071,26.63485,26.8518,-0.21695,2.9784,2.9924,85.0,0.00356,0.3,degraded
43.57,-36.52404,-36.42653,-0.09751,26.63485,26.8537,-0.21884,3.0261,3.0,85.0,0.0,0.3,degraded
43.58,-36.52404,-36.44701,-0.07702,26.63485,26.84817,-0.21331,3.0153,2.9918,85.0,0.00284,0.3,degraded
43.59,-36.52404,-36.45776,-0.06628,26.63485,26.84112,-0.20627,3.013,3.0,85.0,0.00462,0.3,degraded
43.6,-36.52404,-36.47181,-0.05223,26.63485,26.82806,-0.19321,2.9874,3.0,85.0,0.0,0.3,degraded
43.61,-36.52404,-36.47968,-0.04436,26.63485,26.82285,-0.18799,3.0068,2.9947,85.0,0.00079,0.3,degraded
43.62,-36.52404,-36.49247,-0.03157,26.63485,26.81105,-0.1762,2.9925,3.0,85.0,0.00446,0.3,degraded
43.63,-36.52404,-36.49618,-0.02786,26.63485,26.80679,-0.17193,2.997,3.0,85.0,0.0,0.3,degraded
43.64,-36.52404,-36.50761,-0.01643,26.63485,26.79735,-0.1625,2.9955,2.9695,85.0,0.0002,0.3,degraded
43.65,-36.52404,-36.51257,-0.01147,26.63485,26.79133,-0.15648,3.0194,2.9904,85.0,0.00418,0.3,degraded
43.66,-36.52404,-36.52498,0.00095,26.63485,26.77794,-0.14309,3.027,3.0,85.0,0.0,0.3,degraded
43.67,-36.52404,-36.53134,0.0073,26.63485,26.77007,-0.13521,2.9828,2.9997,85.0,0.0,0.3,degraded
43.68,-36.52404,-36.54306,0.01902,26.63485,26.75454,-0.11969,2.9827,3.0,85.0,0.00444,0.3,degraded
43.69,-36.52404,-36.54749,0.02345,26.63485,26.74474,-0.10989,3.0048,2.9813,85.0,0.00019,0.3,degraded
43.7,-36.52404,-36.55947,0.03544,26.63485,26.72756,-0.09271,2.9986,3.0,85.0,0.0,0.3,degraded
43.71,-36.52404,-36.56481,0.04077,26.63485,26.71958,-0.08473,2.9921,2.979,85.0,0.00413,0.3,degraded
43.72,-36.52404,-36.57741,0.05337,26.63485,26.70496,-0.0701,3.0302,2.9735,85.0,0.00125,0.3,degraded
43.73,-36.52404,-36.58294,0.0589,26.63485,26.69671,-0.06185,3.0168,3.0,85.0,0.0,0.3,degraded
43.74,-36.52404,-36.59712,0.07308,26.63485,26.6864,-0.05155,3.0139,3.0,85.0,0.00427,0.3,degraded
43.75,-36.52404,-36.60289,0.07885,26.63485,26.68501,-0.05016,2.9832,3.0,85.0,0.00152,0.3,degraded
43.76,-36.52404,-36.6164,0.09236,26.63485,26.67718,-0.04233,3.0073,2.9949,85.0,0.0,0.3,degraded
43.77,-36.52404,-36.62519,0.10115,26.63485,26.67514,-0.04029,3.0043,3.0,85.0,0.00436,0.3,degraded
43.78,-36.52404,-36.64291,0.11887,26.63485,26.66552,-0.03067,2.9916,2.9807,85.0,0.00224,0.3,degraded
43.79,-36.52404,-36.65339,0.12935,26.63485,26.66106,-0.0262,2.9954,2.9989,85.0,0.0,0.3,degraded
43.8,-36.52404,-36.67162,0.14758,26.63485,26.6507,-0.01585,2.9917,3.0,85.0,0.00343,0.3,degraded
43.81,-36.52404,-36.68009,0.15605,26.63485,26.64727,-0.01241,2.9948,3.0,85.0,0.00298,0.3,degraded
43.82,-36.52404,-36.69524,0.1712,26.63485,26.63893,-0.00408,3.0094,3.0,85.0,0.0,0.3,degraded
43.83,-36.52404,-36.70547,0.18144,26.63485,26.63801,-0.00316,2.996,3.0,85.0,0.00257,0.3,degraded
43.84,-36.52404,-36.72282,0.19878,26.63485,26.63229,0.00256,2.9905,2.9934,85.0,0.00326,0.3,degraded
43.85,-36.52404,-36.73356,0.20952,26.63485,26.63148,0.00337,2.9868,2.989,85.0,0.0,0.3,degraded
43.86,-36.52404,-36.75074,0.2267,26.63485,26.62261,0.01225,2.999,3.0,85.0,0.00188,0.3,degraded
43.87,-36.52404,-36.76163,0.23759,26.63485,26.6187,0.01615,3.0173,2.9986,85.0,0.0038,0.3,degraded
43.88,-36.52404,-36.77785,0.25381,26.63485,26.60866,0.02619,3.0058,3.0,85.0,0.0,0.3,degraded
43.89,-36.52404,-36.78693,0.26289,26.63485,26.60699,0.02787,2.9989,3.0,85.0,0.00168,0.3,degraded
43.9,-36.52404,-36.80192,0.27788,26.63485,26.60356,0.03129,2.9882,3.0,85.0,0.0042,0.3,degraded
43.91,-36.52404,-36.81162,0.28758,26.63485,26.6064,0.02845,2.9876,2.9994,85.0,0.0,0.3,degraded
43.92,-36.52404,-36.82739,0.30335,26.63485,26.60332,0.03153,3.0135,2.9861,85.0,0.00089,0.3,degraded
43.93,-36.52404,-36.8352,0.31116,26.63485,26.60426,0.03059,2.994,2.9847,85.0,0.0039,0.3,degraded
43.94,-36.52404,-36.8484,0.32437,26.63485,26.59955,0.0353,2.9872,2.9801,85.0,0.0,0.3,degraded
43.95,-36.52404,-36.85637,0.33233,26.63485,26.60069,0.03416,3.0011,2.9921,85.0,0.0004,0.3,degraded
43.96,-36.52404,-36.87316,0.34912,26.63485,26.59318,0.04167,3.0089,3.0,85.0,0.00484,0.3,degraded
43.97,-36.52404,-36.88476,0.36072,26.63485,26.59074,0.04412,2.9895,2.9863,85.0,0.0,0.3,degraded
43.98,-36.52404,-36.9044,0.38036,26.63485,26.58159,0.05326,2.9779,3.0,85.0,0.0,0.3,degraded
43.99,-36.52404,-36.91954,0.3955,26.63485,26.5787,0.05615,3.0105,3.0,85.0,0.07645,0.3,degraded
44.0,-45.89935,-36.97612,-8.92323,-1.65746,26.53012,-28.18758,3.0041,3.0,85.0,0.3,0.3,degraded
44.01,-46.09887,-37.92857,-8.1703,-1.4234,25.25513,-26.67853,2.9804,3.0,85.0,0.3,0.3,degraded
44.02,-46.29425,-39.01128,-7.28297,-1.18805,22.58812,-23.77617,0.3613,2.9945,85.0,0.07395,0.3,degraded
44.03,-46.48544,-39.89,-6.59544,-0.95143,20.06652,-21.01795,2.9725,2.9959,85.0,0.06183,0.3,degraded
44.04,-46.67242,-40.71187,-5.96055,-0.71356,17.84121,-18.55477,3.0144,3.0,85.0,0.08527,0.3,degraded
44.05,-46.85513,-41.46565,-5.38948,-0.47448,15.87626,-16.35074,3.0014,3.0,85.0,0.09208,0.3,degraded
44.06,-47.03356,-42.16109,-4.87247,-0.23419,14.10885,-14.34305,3.0077,2.9962,85.0,0.04844,0.3,degraded
44.07,-47.20767,-42.78616,-4.42151,0.00726,12.55736,-12.5501,2.9878,3.0,85.0,0.03921,0.3,degraded
44.08,-47.37742,-43.35516,-4.02226,0.24987,11.2017,-10.95183,3.0202,2.992,85.0,0.04789,0.3,degraded
44.09,-47.54279,-43.85652,-3.68627,0.49359,9.9769,-9.4833,3.0119,0.0533,85.0,0.03473,0.3,degraded
44.1,-47.70375,-44.30153,-3.40222,0.73842,8.94266,-8.20424,2.9991,2.9625,85.0,0.0215,0.3,degraded
44.11,-47.86027,-44.69812,-3.16215,0.98431,8.0707,-7.08639,3.0101,3.0,85.0,0.02679,0.3,degraded
44.12,-48.01233,-45.07013,-2.9422,1.23125,7.27374,-6.04249,3.0163,3.0,85.0,0.02017,0.3,degraded
44.13,-48.15991,-45.45404,-2.70586,1.4792,6.56498,-5.08577,3.0196,3.0,85.0,0.01729,0.3,degraded
44.14,-48.30298,-45.8067,-2.49628,1.72815,5.93055,-4.2024,2.9803,2.7745,85.0,0.03201,0.3,degraded
44.15,-48.44152,-46.08967,-2.35184,1.97805,5.39342,-3.41537,2.9888,3.0,85.0,0.02647,0.3,degraded
44.16,-48.57552,-46.38021,-2.19531,2.22889,4.94779,-2.7189,3.0086,2.9913,85.0,0.01834,0.3,degraded
44.17,-48.70495,-46.63041,-2.07454,2.48063,4.59079,-2.11016,3.0022,2.9782,85.0,0.02041,0.3,degraded
44.18,-48.8298,-46.9043,-1.92551,2.73325,4.30867,-1.57542,3.0171,2.9775,85.0,0.02102,0.3,degraded
44.19,-48.95007,-47.15146,-1.7986,2.98672,4.11274,-1.12602,2.9789,3.0,85.0,0.02339,0.3,degraded
44.2,-49.06572,-47.35187,-1.71385,3.241,3.98641,-0.74541,2.997,2.9938,85.0,0.01277,0.3,degraded
44.21,-49.17676,-47.6085,-1.56826,3.49607,3.90512,-0.40905,2.9777,3.0,85.0,0.0044,0.3,degraded
44.22,-49.28317,-47.83602,-1.44715,3.7519,3.8166,-0.0647,3.0152,2.9787,85.0,0.01062,0.3,degraded
44.23,-49.38495,-47.99837,-1.38658,4.00846,3.73845,0.27001,2.99,2.9909,85.0,0.0063,0.3,degraded
44.24,-49.48209,-48.22486,-1.25722,4.2657,3.66802,0.59768,2.9886,3.0,85.0,0.01329,0.3,degraded
44.25,-49.57458,-48.4106,-1.16398,4.52362,3.65999,0.86363,3.0118,3.0,85.0,0.02397,0.3,degraded
44.26,-49.66242,-48.54011,-1.12231,4.78216,3.6724,1.10976,2.9898,2.9745,85.0,0.0134,0.3,degraded
44.27,-49.74561,-48.67473,-1.07088,5.04131,3.74488,1.29643,3.0067,2.9969,85.0,0.01195,0.3,degraded
44.28,-49.82416,-48.83116,-0.99299,5.30102,3.81143,1.48959,2.9918,2.9927,85.0,0.00115,0.3,degraded
44.29,-49.89805,-48.97239,-0.92566,5.56127,3.88609,1.67518,3.0019,2.728,85.0,0.01599,0.3,degraded
44.3,-49.96729,-49.06924,-0.89805,5.82202,3.98832,1.8337,2.9884,2.9916,85.0,0.01294,0.3,degraded
44.31,-50.0319,-49.15666,-0.87524,6.08324,4.13416,1.94908,3.0011,2.9984,85.0,0.00216,0.3,degraded
44.32,-50.09187,-49.24087,-0.851,6.3449,4.2838,2.06111,3.0233,3.0,85.0,0.01594,0.3,degraded
44.33,-50.14721,-49.31747,-0.82974,6.60696,4.45642,2.15054,2.9789,0.0633,85.0,0.00481,0.3,degraded
44.34,-50.19793,-49.40172,-0.79622,6.86939,4.61995,2.24944,3.0046,2.9812,85.0,0.01461,0.3,degraded
44.35,-50.24405,-49.4815,-0.76255,7.13216,4.81423,2.31792,2.9809,2.9592,85.0,0.00217,0.3,degraded
44.36,-50.28557,-49.56664,-0.71893,7.39522,5.01974,2.37548,3.0118,3.0,85.0,0.03933,0.3,degraded
44.37,-50.32251,-49.64459,-0.67792,7.65855,5.24677,2.41178,2.9965,3.0,85.0,0.02644,0.3,degraded
44.38,-50.35488,-49.72745,-0.62743,7.92211,5.52829,2.39382,2.9953,3.0,85.0,0.01508,0.3,degraded
44.39,-50.3827,-49.80214,-0.58056,8.18587,5.73422,2.45166,2.9938,2.977,85.0,0.00549,0.3,degraded
44.4,-50.406,-49.88147,-0.52453,8.44979,5.99358,2.45621,3.0186,3.0,85.0,0.00291,0.3,degraded
44.41,-50.42478,-49.95369,-0.47109,8.71383,6.21416,2.49967,2.9931,2.9987,85.0,0.00445,0.3,degraded
44.42,-50.43907,-50.03131,-0.40776,8.97797,6.44243,2.53554,3.0021,3.0,85.0,0.01564,0.3,degraded
44.43,-50.4489,-50.10187,-0.34703,9.24216,6.73141,2.51075,3.0141,3.0,85.0,0.00448,0.3,degraded
44.44,-50.45428,-50.18033,-0.27395,9.50637,6.98657,2.5198,2.9719,3.0,85.0,0.00699,0.3,degraded
44.45,-50.45525,-50.2505,-0.20475,9.77056,7.20923,2.56133,3.0009,2.9997,85.0,0.00528,0.3,degraded
44.46,-50.45183,-50.32678,-0.12505,10.03469,7.42844,2.60626,3.0178,2.9915,85.0,0.01526,0.3,degraded
44.47,-50.44405,-50.39906,-0.045,10.29874,7.67963,2.61911,2.9934,3.0,85.0,0.00408,0.3,degraded
44.48,-50.43194,-50.47658,0.04463,10.56266,7.97536,2.5873,2.9933,3.0,85.0,0.00534,0.3,degraded
44.49,-50.41554,-50.5485,0.13296,10.82642,8.22454,2.60187,3.0003,3.0,85.0,0.00597,0.3,degraded
44.5,-50.39487,-50.62084,0.22597,11.08998,8.49563,2.59435,3.0076,3.0,85.0,0.01413,0.3,degraded
44.51,-50.36996,-50.67184,0.30188,11.3533,8.71741,2.63589,2.7406,3.0,85.0,0.01138,0.3,degraded
44.52,-50.34087,-50.71397,0.37311,11.61635,9.04785,2.5685,2.7588,2.9995,85.0,0.00617,0.3,degraded
44.53,-50.30761,-50.73861,0.431,11.87909,9.30391,2.57518,2.9928,2.9876,85.0,0.00582,0.3,degraded
44.54,-50.27024,-50.75319,0.48295,12.14148,9.55406,2.58742,3.0095,3.0,85.0,0.00305,0.3,degraded
44.55,-50.22878,-50.75934,0.53056,12.40349,9.78436,2.61913,2.9844,3.0,85.0,0.02164,0.3,degraded
44.56,-50.18329,-50.7561,0.57281,12.66508,10.02489,2.64019,3.0056,3.0,85.0,0.00105,0.3,degraded
44.57,-50.1338,-50.74502,0.61122,12.92621,10.26859,2.65761,2.9961,3.0,85.0,0.00565,0.3,degraded
44.58,-50.08036,-50.72889,0.64853,13.18684,10.53265,2.65419,3.0082,3.0,85.0,0.01776,0.3,degraded
44.59,-50.02301,-50.70217,0.67916,13.44694,10.78598,2.66096,3.006,2.1504,85.0,0.01165,0.3,degraded
44.6,-49.9618,-50.67527,0.71347,13.70647,11.03171,2.67476,3.0223,0.2751,85.0,0.01528,0.3,degraded
44.61,-49.89678,-50.63688,0.7401,13.9654,11.28237,2.68303,2.9986,2.9943,85.0,0.01802,0.3,degraded
44.62,-49.82798,-50.60125,0.77327,14.22368,11.54318,2.68051,2.7536,2.9966,85.0,0.00794,0.3,degraded
44.63,-49.75548,-50.54626,0.79078,14.48128,11.80039,2.68089,2.9878,1.1204,85.0,0.00284,0.3,degraded
44.64,-49.6793,-50.4976,0.8183,14.73817,12.08361,2.65456,3.0231,3.0,85.0,0.01238,0.3,degraded
44.65,-49.59952,-50.4403,0.84079,14.99429,12.33913,2.65516,3.0222,2.979,85.0,0.00239,0.3,degraded
44.66,-49.51617,-50.37571,0.85955,15.24963,12.57282,2.67681,2.9891,2.9878,85.0,0.0076,0.3,degraded
44.67,-49.42931,-50.3052,0.87588,15.50414,12.83778,2.66636,2.9864,0.7638,85.0,0.00767,0.3,degraded
44.68,-49.339,-50.23985,0.90085,15.75778,13.14515,2.61262,2.996,2.994,85.0,0.01089,0.3,degraded
44.69,-49.2453,-50.16213,0.91683,16.01051,13.39614,2.61438,2.9968,3.0,85.0,0.00332,0.3,degraded
44.7,-49.14826,-50.08795,0.9397,16.26231,13.65249,2.60983,2.9963,2.9731,85.0,0.01387,0.3,degraded
44.71,-49.04793,-49.96054,0.91261,16.51314,13.92886,2.58428,2.994,3.0,85.0,0.00417,0.3,degraded
44.72,-48.94439,-49.83874,0.89436,16.76294,14.22253,2.54042,3.0038,3.0,85.0,0.00743,0.3,degraded
44.73,-48.83768,-49.75832,0.92064,17.0117,14.48767,2.52404,2.7639,2.9924,85.0,0.02349,0.3,degraded
44.74,-48.72787,-49.67355,0.94568,17.25938,14.73707,2.52231,2.9964,3.0,85.0,0.02346,0.3,degraded
44.75,-48.61502,-49.53016,0.91515,17.50593,14.99396,2.51198,2.9924,2.9904,85.0,0.02096,0.3,degraded
44.76,-48.49919,-49.43985,0.94066,17.75133,15.25103,2.5003,2.7038,2.9905,85.0,0.00989,0.3,degraded
44.77,-48.38045,-49.27371,0.89326,17.99553,15.49646,2.49907,2.9918,3.0,85.0,0.02007,0.3,degraded
44.78,-48.25886,-49.1294,0.87054,18.2385,15.75428,2.48422,3.0165,2.9973,85.0,0.01277,0.3,degraded
44.79,-48.13448,-49.03921,0.90474,18.48021,16.01979,2.46042,3.0,3.0,85.0,0.01428,0.3,degraded
44.8,-48.00738,-48.96487,0.95749,18.72062,16.24592,2.4747,2.7546,0.8895,85.0,0.04048,0.3,degraded
44.81,-47.87763,-48.8564,0.97878,18.95969,16.53915,2.42054,0.6138,3.0,85.0,0.02664,0.3,degraded
44.82,-47.74528,-48.70017,0.95489,19.1974,16.78848,2.40892,3.0233,2.9917,85.0,0.00819,0.3,degraded
44.83,-47.61042,-48.53792,0.92749,19.4337,17.05729,2.37641,2.9895,2.9934,85.0,0.02271,0.3,degraded
44.84,-47.47311,-48.44073,0.96762,19.66856,17.28425,2.3843,2.9874,2.996,85.0,0.03302,0.3,degraded
44.85,-47.33342,-48.24465,0.91123,19.90194,17.53788,2.36407,2.9763,2.9951,85.0,0.01263,0.3,degraded
44.86,-47.19141,-48.11702,0.92561,20.13382,17.84821,2.28561,3.0231,2.989,85.0,0.02546,0.3,degraded
44.87,-47.04715,-48.01982,0.97267,20.36416,18.08553,2.27863,2.9955,2.9976,85.0,0.00817,0.3,degraded
44.88,-46.90072,-47.86096,0.96024,20.59292,18.36725,2.22567,2.9895,2.9891,85.0,0.005,0.3,degraded
44.89,-46.75219,-47.69386,0.94167,20.82008,18.6066,2.21348,2.9811,2.9943,85.0,0.02717,0.3,degraded
44.9,-46.60162,-47.59451,0.99289,21.04559,18.80105,2.24454,3.0039,3.0,85.0,0.01134,0.3,degraded
44.91,-46.44909,-47.44761,0.99852,21.26943,19.03345,2.23598,3.0034,2.985,85.0,0.02856,0.3,degraded
44.92,-46.29468,-47.31296,1.01828,21.49156,19.26546,2.2261,2.9816,2.9828,85.0,0.00801,0.3,degraded
44.93,-46.13844,-47.14969,1.01125,21.71196,19.5169,2.19506,3.0081,3.0,85.0,0.00727,0.3,degraded
44.94,-45.98046,-47.03363,1.05316,21.93058,19.72911,2.20147,2.9832,1.662,85.0,0.00949,0.3,degraded
44.95,-45.82081,-46.89502,1.07421,22.14741,19.94523,2.20218,3.0139,2.9763,85.0,0.02265,0.3,degraded
44.96,-45.65955,-46.72549,1.06594,22.3624,20.16025,2.20215,2.9856,3.0,85.0,0.03373,0.3,degraded
44.97,-45.49677,-46.54654,1.04976,22.57552,20.42877,2.14676,3.0096,3.0,85.0,0.0129,0.3,degraded
44.98,-45.33254,-46.43482,1.10228,22.78676,20.67941,2.10735,3.01,2.9889,85.0,0.00819,0.3,degraded
44.99,-45.16692,-46.26579,1.09887,22.99607,20.90739,2.08867,2.9944,3.0,85.0,0.01633,0.3,degraded
45.0,-45.0,-46.13314,1.13314,23.20342,21.12813,2.07529,2.9823,3.0,85.0,0.00315,0.3,degraded
45.01,-44.83184,-45.93334,1.10149,23.40879,21.36575,2.04304,3.013,3.0,85.0,0.01906,0.3,degraded
45.02,-44.66253,-45.79986,1.13733,23.61215,21.56563,2.04651,2.991,2.9886,85.0,0.00256,0.3,degraded
45.03,-44.49212,-45.63668,1.14456,23.81346,21.76141,2.05205,2.9817,2.993,85.0,0.0,0.3,degraded
45.04,-44.32071,-45.4868,1.16609,24.01271,21.95817,2.05454,3.0297,3.0,85.0,0.01614,0.3,degraded
45.05,-44.14835,-45.35631,1.20795,24.20986,22.17849,2.03137,2.9954,2.9925,85.0,0.00995,0.3,degraded
45.06,-43.97513,-45.18019,1.20506,24.40488,22.36762,2.03726,3.0089,2.9855,85.0,0.01278,0.3,degraded
45.07,-43.80111,-45.00243,1.20132,24.59776,22.58469,2.01307,3.0077,2.9861,85.0,0.04898,0.3,degraded
45.08,-43.62638,-44.88742,1.26104,24.78845,22.78433,2.00412,3.0061,3.0,85.0,0.02551,0.3,degraded
45.09,-43.45099,-44.74883,1.29784,24.97694,23.01553,1.9614,3.0063,3.0,85.0,0.03949,0.3,degraded
45.1,-43.27504,-44.55068,1.27564,25.16319,23.19952,1.96368,2.9862,2.9797,85.0,0.04346,0.3,degraded
45.11,-43.09857,-44.39914,1.30057,25.34719,23.4806,1.86659,2.9782,3.0,85.0,0.02375,0.3,degraded
45.12,-42.92168,-44.24513,1.32344,25.52891,23.67603,1.85288,2.9865,2.9957,85.0,0.0149,0.3,degraded
45.13,-42.74443,-44.06685,1.32242,25.70833,23.85584,1.85248,3.005,3.0,85.0,0.00996,0.3,degraded
45.14,-42.5669,-43.89318,1.32628,25.88541,24.08909,1.79632,3.0049,2.9766,85.0,0.00613,0.3,degraded
45.15,-42.38914,-43.73183,1.34268,26.06014,24.27991,1.78024,3.0127,2.9783,85.0,0.01565,0.3,degraded
45.16,-42.21125,-43.57918,1.36793,26.2325,24.47074,1.76175,0.0444,3.0,85.0,0.00821,0.3,degraded
45.17,-42.03327,-43.38738,1.35411,26.40245,24.64946,1.75299,2.9681,2.9989,85.0,0.00947,0.3,degraded
45.18,-41.85529,-43.23846,1.38316,26.56998,24.82078,1.7492,2.9904,2.9962,85.0,0.01679,0.3,degraded
45.19,-41.67738,-43.07749,1.40012,26.73507,25.00688,1.7282,2.9881,2.9784,85.0,0.01238,0.3,degraded
45.2,-41.49959,-42.91815,1.41855,26.8977,25.15858,1.73912,2.9872,3.0,85.0,0.00602,0.3,degraded
45.21,-41.32201,-42.75808,1.43607,27.05784,25.35799,1.69985,3.0212,3.0,85.0,0.01222,0.3,degraded
45.22,-41.14469,-42.54013,1.39544,27.21547,25.53656,1.67892,2.9952,3.0,85.0,0.01219,0.3,degraded
45.23,-40.96771,-42.35465,1.38693,27.37059,25.71343,1.65716,2.9943,3.0,85.0,0.01109,0.3,degraded
45.24,-40.79113,-42.19662,1.40549,27.52315,25.92531,1.59784,3.0149,3.0,85.0,0.00031,0.3,degraded
45.25,-40.61502,-42.03202,1.417,27.67316,26.09077,1.58239,2.9992,2.9744,85.0,0.00769,0.3,degraded
45.26,-40.43944,-41.84405,1.40461,27.82058,26.28118,1.5394,2.9983,3.0,85.0,0.01535,0.3,degraded
45.27,-40.26445,-41.66711,1.40266,27.9654,26.42457,1.54083,2.9912,3.0,85.0,0.00357,0.3,degraded
45.28,-40.09012,-41.5011,1.41098,28.10761,26.57761,1.53,3.0113,2.9926,85.0,0.00715,0.3,degraded
45.29,-39.91652,-41.30764,1.39112,28.24719,26.72528,1.52191,2.9851,2.9921,85.0,0.0149,0.3,degraded
45.3,-39.74369,-41.13972,1.39603,28.38412,26.87336,1.51075,3.0022,2.6473,85.0,0.00582,0.3,degraded
45.31,-39.57171,-40.96732,1.39561,28.51838,27.08245,1.43593,2.9953,2.9902,85.0,0.02277,0.3,degraded
45.32,-39.40064,-40.77628,1.37564,28.64996,27.20684,1.44313,3.0067,3.0,85.0,0.00512,0.3,degraded
45.33,-39.23053,-40.58947,1.35894,28.77886,27.36748,1.41138,2.9904,2.9731,85.0,0.00878,0.3,degraded
45.34,-39.06144,-40.44069,1.37926,28.90504,27.50001,1.40504,0.2908,2.9837,85.0,0.0079,0.3,degraded
45.35,-38.89343,-40.28312,1.38969,29.02851,27.62391,1.4046,2.9914,3.0,85.0,0.02162,0.3,degraded
45.36,-38.72655,-40.06448,1.33793,29.14924,27.81295,1.33629,2.9909,3.0,85.0,0.00263,0.3,degraded
45.37,-38.56086,-39.87508,1.31422,29.26722,27.95562,1.3116,2.9908,3.0,85.0,0.01484,0.3,degraded
45.38,-38.39642,-39.73433,1.3379,29.38245,28.07464,1.30781,2.9626,3.0,85.0,0.00912,0.3,degraded
45.39,-38.23328,-39.56274,1.32947,29.49491,28.17548,1.31944,3.001,3.0,85.0,0.00181,0.3,degraded
45.4,-38.07148,-39.38827,1.31679,29.6046,28.27019,1.3344,2.9945,2.9937,85.0,0.01423,0.3,degraded
45.41,-37.91109,-39.235,1.32391,29.71149,28.47315,1.23834,2.9842,2.9903,85.0,0.00988,0.3,degraded
45.42,-37.75215,-39.05695,1.3048,29.81559,28.62402,1.19157,2.9969,2.9971,85.0,0.01341,0.3,degraded
45.43,-37.59471,-38.88741,1.29271,29.91688,28.71778,1.1991,2.9874,2.9992,85.0,0.02228,0.3,degraded
45.44,-37.43881,-38.746,1.30719,30.01535,28.80029,1.21506,2.9909,2.992,85.0,0.01785,0.3,degraded
45.45,-37.28451,-38.58601,1.3015,30.111,28.89135,1.21965,3.0052,2.9911,85.0,0.01697,0.3,degraded
45.46,-37.13185,-38.43533,1.30348,30.20382,28.97941,1.22441,0.3945,3.0,85.0,0.0205,0.3,degraded
45.47,-36.98087,-38.21412,1.23325,30.29381,29.07558,1.21823,3.0355,2.9794,85.0,0.00541,0.3,degraded
45.48,-36.83162,-38.0297,1.19808,30.38095,29.16509,1.21586,2.9705,2.9936,85.0,0.01498,0.3,degraded
45.49,-36.68413,-37.90064,1.2165,30.46525,29.25973,1.20552,3.0346,2.9919,85.0,0.01456,0.3,degraded
45.5,-36.53846,-37.72511,1.18665,30.54669,29.34894,1.19776,2.9969,3.0,85.0,0.01897,0.3,degraded
45.51,-36.39463,-37.59308,1.19845,30.62528,29.44518,1.18011,3.0025,2.9712,85.0,0.01613,0.3,degraded
45.52,-36.25269,-37.45682,1.20414,30.70101,29.53607,1.16494,3.0198,2.9926,85.0,0.02849,0.3,degraded
45.53,-36.11266,-37.31157,1.1989,30.77387,29.63589,1.13798,2.988,3.0,85.0,0.00649,0.3,degraded
45.54,-35.9746,-37.1172,1.1426,30.84387,29.72961,1.11426,3.0153,3.0,85.0,0.0161,0.3,degraded
45.55,-35.83852,-36.97859,1.14007,30.91101,29.8283,1.08271,3.012,2.9895,85.0,0.0,0.3,degraded
45.56,-35.70447,-36.82177,1.1173,30.97527,29.91947,1.0558,3.0126,2.9653,85.0,0.00248,0.3,degraded
45.57,-35.57247,-36.69903,1.12656,31.03666,30.0155,1.02116,3.0081,2.9912,85.0,0.00608,0.3,degraded
45.58,-35.44256,-36.53906,1.0965,31.09519,30.10548,0.9897,2.9693,2.9929,85.0,0.01172,0.3,degraded
45.59,-35.31476,-36.40247,1.08771,31.15084,30.20238,0.94846,3.0093,3.0,85.0,0.00265,0.3,degraded
45.6,-35.18909,-36.21419,1.0251,31.20363,30.29304,0.91058,2.9809,2.9884,85.0,0.01744,0.3,degraded
45.61,-35.06559,-36.08628,1.02069,31.25355,30.39045,0.8631,2.9945,3.0,85.0,0.00657,0.3,degraded
45.62,-34.94428,-35.98823,1.04395,31.3006,30.48132,0.81929,2.9892,3.0,85.0,0.00026,0.3,degraded
45.63,-34.82518,-35.85899,1.03381,31.3448,30.57919,0.76561,3.0122,2.9985,85.0,0.01729,0.3,degraded
45.64,-34.70831,-35.74279,1.03448,31.38613,30.6696,0.71654,3.0122,2.9844,85.0,0.0048,0.3,degraded
45.65,-34.59369,-35.55903,0.96535,31.42462,30.76544,0.65918,2.9876,2.9939,85.0,0.01083,0.3,degraded
45.66,-34.48134,-35.44339,0.96206,31.46025,30.85536,0.60489,3.0113,2.9736,85.0,0.01138,0.3,degraded
45.67,-34.37127,-35.36123,0.98995,31.49304,30.95205,0.54099,3.0092,3.0,85.0,0.01077,0.3,degraded
45.68,-34.26351,-35.20921,0.9457,31.52298,31.04578,0.4772,2.9937,3.0,85.0,0.00467,0.3,degraded
45.69,-34.15806,-35.04924,0.89117,31.5501,31.14144,0.40865,2.9798,3.0,85.0,0.01553,0.3,degraded
45.7,-34.05494,-34.95734,0.90239,31.57439,31.22523,0.34915,2.9966,3.0,85.0,0.00611,0.3,degraded
45.71,-33.95416,-34.87791,0.92374,31.59585,31.31727,0.27858,3.0117,3.0,85.0,0.0,0.3,degraded
45.72,-33.85573,-34.80388,0.94816,31.61451,31.40529,0.20922,2.9908,2.9843,85.0,0.00404,0.3,degraded
45.73,-33.75965,-34.71955,0.9599,31.63036,31.50027,0.1301,3.0111,3.0,85.0,0.00189,0.3,degraded
45.74,-33.66593,-34.62508,0.95915,31.64342,31.58734,0.05608,2.9999,3.0,85.0,0.00957,0.3,degraded
45.75,-33.57458,-34.51762,0.94304,31.6537,31.68106,-0.02736,3.0391,3.0,85.0,0.00827,0.3,degraded
45.76,-33.4856,-34.36502,0.87942,31.6612,31.76717,-0.10597,3.0003,3.0,85.0,0.01217,0.3,degraded
45.77,-33.39898,-34.2637,0.86472,31.66593,31.8605,-0.19456,3.01,3.0,85.0,0.00518,0.3,degraded
45.78,-33.31474,-34.1875,0.87276,31.66792,31.93829,-0.27037,3.0043,2.9848,85.0,0.00545,0.3,degraded
45.79,-33.23287,-34.10529,0.87242,31.66716,32.00977,-0.34261,3.0084,2.9993,85.0,0.00317,0.3,degraded
45.8,-33.15337,-34.03029,0.87692,31.66367,32.06408,-0.40042,2.9907,3.0,85.0,0.0005,0.3,degraded
45.81,-33.07623,-33.94863,0.8724,31.65746,32.11521,-0.45776,2.9934,3.0,85.0,0.0063,0.3,degraded
45.82,-33.00145,-33.87477,0.87332,31.64855,32.1492,-0.50066,3.002,2.9821,85.0,0.00567,0.3,degraded
45.83,-32.92901,-33.79555,0.86654,31.63694,32.17356,-0.53661,3.0048,3.0,85.0,0.0,0.3,degraded
45.84,-32.85892,-33.72375,0.86483,31.62267,32.19308,-0.57041,2.9829,3.0,85.0,0.00681,0.3,degraded
45.85,-32.79116,-33.5946,0.80345,31.60573,32.2087,-0.60298,2.9937,2.9921,85.0,0.0056,0.3,degraded
45.86,-32.72571,-33.52281,0.7971,31.58614,32.20411,-0.61798,2.9964,3.0,85.0,0.00118,0.3,degraded
45.87,-32.66258,-33.45153,0.78896,31.56392,32.20575,-0.64183,3.0023,2.9821,85.0,0.00237,0.3,degraded
45.88,-32.60173,-33.38647,0.78474,31.53909,32.19784,-0.65875,3.0038,3.0,85.0,0.0037,0.3,degraded
45.89,-32.54316,-33.31316,0.77,31.51165,32.19716,-0.6855,2.9979,2.9966,85.0,0.0,0.3,degraded
45.9,-32.48684,-33.24897,0.76213,31.48164,32.19037,-0.70873,3.014,2.9678,85.0,0.00121,0.3,degraded
45.91,-32.43276,-33.17656,0.7438,31.44906,32.18343,-0.73437,3.0399,2.9972,85.0,0.00505,0.3,degraded
45.92,-32.38091,-33.10912,0.72821,31.41394,32.16495,-0.75101,3.0009,3.0,85.0,0.0,0.3,degraded
45.93,-32.33124,-33.03455,0.7033,31.37628,32.14972,-0.77344,2.993,2.9947,85.0,0.00174,0.3,degraded
45.94,-32.28375,-32.96436,0.68061,31.33612,32.12133,-0.78521,3.0022,3.0,85.0,0.00565,0.3,degraded
45.95,-32.23841,-32.88933,0.65092,31.29347,32.0973,-0.80383,3.0094,2.784,85.0,0.0002,0.3,degraded
45.96,-32.19518,-32.81911,0.62393,31.24834,32.0581,-0.80976,3.0019,3.0,85.0,0.00013,0.3,degraded
45.97,-32.15406,-32.74067,0.58662,31.20077,32.02491,-0.82414,3.0041,3.0,85.0,0.0047,0.3,degraded
45.98,-32.11499,-32.66718,0.55219,31.15077,31.98588,-0.83511,2.9888,3.0,85.0,0.00018,0.3,degraded
45.99,-32.07796,-32.58477,0.5068,31.09836,31.95028,-0.85192,3.0155,3.0,85.0,0.00108,0.3,degraded
46.0,-32.04294,-32.50904,0.4661,31.04356,31.90151,-0.85796,2.9964,2.9965,85.0,0.0059,0.3,degraded
46.01,-32.00989,-32.42773,0.41785,30.98639,31.85244,-0.86605,3.0001,2.9941,85.0,0.00042,0.3,degraded
46.02,-31.97877,-32.35253,0.37376,30.92689,31.79496,-0.86807,3.0,3.0,85.0,0.0,0.3,degraded
46.03,-31.94955,-32.27168,0.32213,30.86506,31.74647,-0.88141,3.0153,2.976,85.0,0.00475,0.3,degraded
46.04,-31.9222,-32.19712,0.27492,30.80093,31.69146,-0.89053,2.9916,2.8156,85.0,0.00155,0.3,degraded
46.05,-31.89667,-32.11663,0.21995,30.73453,31.63178,-0.89725,2.9811,2.9978,85.0,0.0,0.3,degraded
46.06,-31.87293,-32.04429,0.17135,30.66587,31.56862,-0.90275,2.9785,2.9972,85.0,0.00429,0.3,degraded
46.07,-31.85094,-31.96798,0.11704,30.59499,31.51246,-0.91747,3.0139,3.0,85.0,0.00211,0.3,degraded
46.08,-31.83065,-31.89893,0.06828,30.52191,31.44688,-0.92497,2.9814,3.0,85.0,0.0,0.3,degraded
46.09,-31.81202,-31.82653,0.0145,30.44665,31.38533,-0.93868,2.9902,2.9722,85.0,0.00436,0.3,degraded
46.1,-31.79502,-31.7588,-0.03622,30.36923,31.31425,-0.94502,3.0233,3.0,85.0,0.00356,0.3,degraded
46.11,-31.77958,-31.68203,-0.09756,30.28968,31.24074,-0.95105,3.017,3.0,85.0,0.0,0.3,degraded
46.12,-31.76567,-31.61007,-0.1556,30.20804,31.16084,-0.95281,2.9012,2.9829,85.0,0.00861,0.3,degraded
46.13,-31.75325,-31.55373,-0.19952,30.12431,31.09021,-0.96589,2.9988,3.0,85.0,0.0075,0.3,degraded
46.14,-31.74225,-31.53609,-0.20616,30.03854,31.01339,-0.97485,2.9818,3.0,85.0,0.0,0.3,degraded
46.15,-31.73263,-31.51301,-0.21962,29.95074,30.94216,-0.99142,3.0085,3.0,85.0,0.00415,0.3,degraded
46.16,-31.72435,-31.49682,-0.22753,29.86095,30.86245,-1.0015,3.0274,2.8219,85.0,0.00347,0.3,degraded
46.17,-31.71735,-31.47519,-0.24216,29.76918,30.78003,-1.01085,3.0037,3.0,85.0,0.0,0.3,degraded
46.18,-31.71157,-31.45804,-0.25353,29.67547,30.69366,-1.01819,3.0108,3.0,85.0,0.00239,0.3,degraded
46.19,-31.70697,-31.4336,-0.27337,29.57985,30.61455,-1.0347,3.0183,2.9953,85.0,0.00381,0.3,degraded
46.2,-31.70348,-31.41394,-0.28954,29.48233,30.52465,-1.04232,3.0021,2.9762,85.0,0.0,0.3,degraded
46.21,-31.70106,-31.38873,-0.31233,29.38296,30.4398,-1.05683,3.0017,2.8229,85.0,0.00312,0.3,degraded
46.22,-31.69965,-31.36882,-0.33083,29.28176,30.32458,-1.04282,2.9889,2.657,85.0,0.00577,0.3,degraded
46.23,-31.6992,-31.34838,-0.35082,29.17875,30.23776,-1.05901,2.9812,2.6886,85.0,0.00229,0.3,degraded
46.24,-31.69963,-31.3356,-0.36403,29.07398,30.11411,-1.04014,2.9976,3.0,85.0,0.00478,0.3,degraded
46.25,-31.7009,-31.33777,-0.36313,28.96745,30.0196,-1.05215,3.001,3.0,85.0,0.00839,0.3,degraded
46.26,-31.70295,-31.34672,-0.35622,28.85921,29.91209,-1.05288,3.0003,3.0,85.0,0.0,0.3,degraded
46.27,-31.70571,-31.34896,-0.35675,28.74928,29.82529,-1.07601,2.9929,2.9896,85.0,0.01216,0.3,degraded
46.28,-31.70912,-31.35628,-0.35284,28.6377,29.71566,-1.07796,2.9709,0.7575,85.0,0.00848,0.3,degraded
46.29,-31.71313,-31.35839,-0.35475,28.52448,29.54683,-1.02235,2.9782,3.0,85.0,0.01222,0.3,degraded
46.3,-31.71768,-31.36686,-0.35082,28.40967,29.44541,-1.03574,2.9964,2.9996,85.0,0.00388,0.3,degraded
46.31,-31.72268,-31.3677,-0.35499,28.29329,29.35782,-1.06453,3.0078,2.8135,85.0,0.00427,0.3,degraded
46.32,-31.7281,-31.37483,-0.35327,28.17537,29.24124,-1.06587,3.0296,2.927,85.0,0.00015,0.3,degraded
46.33,-31.73386,-31.37667,-0.35718,28.05595,29.15193,-1.09598,2.9847,2.8907,85.0,0.00563,0.3,degraded
46.34,-31.73989,-31.38577,-0.35412,27.93504,28.97522,-1.04017,3.0132,2.9745,85.0,0.00544,0.3,degraded
46.35,-31.74613,-31.38892,-0.35722,27.81269,28.86682,-1.05413,2.9913,3.0,85.0,0.00714,0.3,degraded
46.36,-31.75252,-31.40026,-0.35226,27.68893,28.77314,-1.08422,2.9841,2.9961,85.0,0.01125,0.3,degraded
46.37,-31.75899,-31.40811,-0.35089,27.56377,28.66648,-1.10271,3.0001,1.2074,85.0,0.00814,0.3,degraded
46.38,-31.76548,-31.43289,-0.33259,27.43726,28.51463,-1.07736,2.9991,3.0,85.0,0.00966,0.3,degraded
46.39,-31.77191,-31.45181,-0.3201,27.30943,28.39766,-1.08823,2.9936,2.9723,85.0,0.00528,0.3,degraded
46.4,-31.77822,-31.47573,-0.30249,27.1803,28.27097,-1.09067,2.9991,3.0,85.0,0.00403,0.3,degraded
46.41,-31.78435,-31.49386,-0.29049,27.0499,28.13371,-1.08381,3.0043,2.9732,85.0,0.0109,0.3,degraded
46.42,-31.79022,-31.51553,-0.27469,26.91828,28.03529,-1.11701,3.0012,2.9667,85.0,0.0055,0.3,degraded
46.43,-31.79577,-31.53004,-0.26572,26.78545,27.86614,-1.08069,3.0127,3.0,85.0,0.00421,0.3,degraded
46.44,-31.80092,-31.55238,-0.24854,26.65146,27.72315,-1.07169,2.9981,3.0,85.0,0.0121,0.3,degraded
46.45,-31.80562,-31.56945,-0.23617,26.51632,27.63615,-1.11983,3.0167,2.9946,85.0,0.0,0.3,degraded
46.46,-31.80979,-31.5933,-0.21649,26.38007,27.53837,-1.1583,3.0073,3.0,85.0,0.01504,0.3,degraded
46.47,-31.81336,-31.60905,-0.20431,26.24275,27.35136,-1.10861,2.9886,3.0,85.0,0.00662,0.3,degraded
46.48,-31.81627,-31.63107,-0.1852,26.10438,27.18512,-1.08074,3.0057,2.9924,85.0,0.00956,0.3,degraded
46.49,-31.81844,-31.64771,-0.17072,25.96499,27.09195,-1.12696,2.9997,3.0,85.0,0.00575,0.3,degraded
46.5,-31.81981,-31.67024,-0.14957,25.82462,26.9932,-1.16858,2.9983,3.0,85.0,0.01219,0.3,degraded
46.51,-31.8203,-31.68722,-0.13309,25.68329,26.82259,-1.1393,2.9668,2.9962,85.0,0.0,0.3,degraded
46.52,-31.81986,-31.71163,-0.10823,25.54104,26.67839,-1.13734,2.9847,2.9934,85.0,0.01077,0.3,degraded
46.53,-31.8184,-31.73207,-0.08633,25.3979,26.58598,-1.18808,2.9971,2.9746,85.0,0.00835,0.3,degraded
46.54,-31.81587,-31.75981,-0.05606,25.2539,26.40668,-1.15278,3.0176,3.0,85.0,0.0,0.3,degraded
46.55,-31.81218,-31.77979,-0.0324,25.10906,26.29583,-1.18677,2.9858,2.9662,85.0,0.0073,0.3,degraded
46.56,-31.80729,-31.80542,-0.00186,24.96342,26.19736,-1.23393,3.0214,2.9502,85.0,0.01222,0.3,degraded
46.57,-31.8011,-31.82415,0.02305,24.81702,26.01701,-1.2,3.0021,2.9898,85.0,0.0,0.3,degraded
46.58,-31.79357,-31.85133,0.05776,24.66987,25.88394,-1.21407,3.0267,3.0,85.0,0.00228,0.3,degraded
46.59,-31.78461,-31.87267,0.08805,24.52201,25.70795,-1.18594,2.9929,2.9995,85.0,0.00799,0.3,degraded
46.6,-31.77417,-31.90021,0.12604,24.37347,25.58537,-1.2119,3.0102,2.2199,85.0,0.00281,0.3,degraded
46.61,-31.76217,-31.92172,0.15955,24.22428,25.46883,-1.24455,2.9969,3.0,85.0,0.00186,0.3,degraded
46.62,-31.74855,-31.94958,0.20102,24.07447,25.33549,-1.26102,2.9586,2.9867,85.0,0.00628,0.3,degraded
46.63,-31.73324,-31.96967,0.23643,23.92407,25.19601,-1.27194,2.9953,2.9945,85.0,3e-05,0.3,degraded
46.64,-31.71618,-31.99472,0.27854,23.7731,25.07452,-1.30142,3.0097,2.9822,85.0,0.00516,0.3,degraded
46.65,-31.6973,-32.01082,0.31352,23.62161,24.94692,-1.32532,3.0114,1.4856,85.0,0.00467,0.3,degraded
46.66,-31.67653,-32.03105,0.35452,23.46961,24.79855,-1.32894,3.0018,2.9989,85.0,0.00773,0.3,degraded
46.67,-31.65381,-32.04257,0.38876,23.31714,24.67186,-1.35472,3.0174,2.7935,85.0,0.0,0.3,degraded
46.68,-31.62908,-32.06003,0.43096,23.16422,24.53154,-1.36733,2.9914,3.0,85.0,0.01017,0.3,degraded
46.69,-31.60226,-32.072,0.46974,23.01088,24.33586,-1.32498,3.0143,3.0,85.0,0.00159,0.3,degraded
46.7,-31.57331,-32.08904,0.51573,22.85716,24.19926,-1.3421,2.9796,3.0,85.0,0.01887,0.3,degraded
46.71,-31.54215,-32.09901,0.55686,22.70307,24.01769,-1.31462,2.9861,2.9935,85.0,0.02454,0.3,degraded
46.72,-31.50873,-32.11071,0.60198,22.54866,23.87042,-1.32177,3.0081,3.0,85.0,0.00491,0.3,degraded
46.73,-31.47298,-32.08351,0.61052,22.39393,23.68592,-1.29199,3.0107,3.0,85.0,0.0027,0.3,degraded
46.74,-31.43485,-32.06219,0.62735,22.23893,23.54446,-1.30552,2.9912,2.9971,85.0,0.03042,0.3,degraded
46.75,-31.39426,-32.03577,0.64151,22.08368,23.43342,-1.34974,2.9997,3.0,85.0,0.011,0.3,degraded
46.76,-31.35118,-32.017,0.66582,21.92821,23.2158,-1.28759,2.9805,2.9887,85.0,0.0,0.3,degraded
46.77,-31.30552,-31.99301,0.68749,21.77254,23.0656,-1.29306,2.9978,3.0,85.0,0.01438,0.3,degraded
46.78,-31.25725,-31.97285,0.7156,21.61669,22.95852,-1.34183,3.0021,2.9908,85.0,0.01355,0.3,degraded
46.79,-31.2063,-31.94164,0.73534,21.46071,22.84064,-1.37993,2.9808,0.8273,85.0,0.00521,0.3,degraded
46.8,-31.15262,-31.91117,0.75855,21.3046,22.65613,-1.35153,3.0143,3.0,85.0,0.00443,0.3,degraded
46.81,-31.09615,-31.86654,0.77039,21.1484,22.5068,-1.3584,3.0102,2.9853,85.0,0.0028,0.3,degraded
46.82,-31.03683,-31.82726,0.79043,20.99214,22.32147,-1.32933,3.0171,3.0,85.0,0.0,0.3,degraded
46.83,-30.97463,-31.77825,0.80363,20.83583,22.17789,-1.34206,2.9992,2.9975,85.0,0.00585,0.3,degraded
46.84,-30.90948,-31.71219,0.80272,20.6795,22.00305,-1.32356,3.0079,2.9937,85.0,0.00653,0.3,degraded
46.85,-30.84133,-31.63934,0.79802,20.52318,21.88872,-1.36554,2.9893,1.0411,85.0,0.0,0.3,degraded
46.86,-30.77013,-31.57029,0.80016,20.36688,21.72013,-1.35325,2.9697,3.0,85.0,0.00789,0.3,degraded
46.87,-30.69584,-31.49779,0.80195,20.21064,21.58769,-1.37705,3.014,3.0,85.0,0.00871,0.3,degraded
46.88,-30.6184,-31.43048,0.81208,20.05448,21.4449,-1.39042,2.982,3.0,85.0,0.00344,0.3,degraded
46.89,-30.53778,-31.35679,0.81901,19.89842,21.31071,-1.41229,2.9979,3.0,85.0,0.001,0.3,degraded
46.9,-30.45392,-31.28868,0.83476,19.74247,21.10727,-1.3648,3.0083,3.0,85.0,0.00353,0.3,degraded
46.91,-30.36677,-31.21422,0.84745,19.58668,20.97189,-1.38522,2.9941,3.0,85.0,0.00933,0.3,degraded
46.92,-30.27631,-31.14778,0.87147,19.43105,20.83606,-1.40502,3.0047,0.3924,85.0,0.01243,0.3,degraded
46.93,-30.18248,-31.07086,0.88838,19.2756,20.66968,-1.39408,2.989,2.9797,85.0,0.0213,0.3,degraded
46.94,-30.08525,-30.98791,0.90266,19.12037,20.48769,-1.36732,2.9892,2.99,85.0,0.00124,0.3,degraded
46.95,-29.98457,-30.90267,0.9181,18.96536,20.34123,-1.37587,2.9914,3.0,85.0,0.00534,0.3,degraded
46.96,-29.88041,-30.7621,0.88169,18.8106,20.15029,-1.33969,3.0131,3.0,85.0,0.0187,0.3,degraded
46.97,-29.77273,-30.65177,0.87905,18.65612,20.0419,-1.38579,3.0141,3.0,85.0,0.00747,0.3,degraded
46.98,-29.66149,-30.5754,0.91391,18.50192,19.91401,-1.41209,2.991,2.9658,85.0,0.00333,0.3,degraded
46.99,-29.54666,-30.48253,0.93587,18.34803,19.78322,-1.43519,2.98,2.9919,85.0,0.02433,0.3,degraded
47.0,-29.4282,-30.38556,0.95736,18.19447,19.57065,-1.37618,2.9971,2.9992,85.0,0.0278,0.3,degraded
47.01,-29.30609,-30.22783,0.92174,18.04125,19.43056,-1.38931,3.0158,3.0,85.0,0.00889,0.3,degraded
47.02,-29.1803,-30.08065,0.90035,17.8884,19.28439,-1.39599,2.9947,2.9943,85.0,0.01641,0.3,degraded
47.03,-29.05079,-29.9808,0.93001,17.73593,19.14573,-1.4098,3.0006,2.9858,85.0,0.01232,0.3,degraded
47.04,-28.91753,-29.81906,0.90152,17.58385,19.0013,-1.41745,2.9883,2.991,85.0,0.00254,0.3,degraded
47.05,-28.78051,-29.65107,0.87057,17.43219,18.87195,-1.43976,2.9971,3.0,85.0,0.02836,0.3,degraded
47.06,-28.63969,-29.55209,0.9124,17.28096,18.74618,-1.46522,2.9772,0.6605,85.0,0.02061,0.3,degraded
47.07,-28.49505,-29.40937,0.91432,17.13018,18.55484,-1.42466,3.0077,2.9799,85.0,0.02261,0.3,degraded
47.08,-28.34658,-29.27407,0.92749,16.97986,18.42549,-1.44563,3.0136,2.9836,85.0,0.00619,0.3,degraded
47.09,-28.19424,-29.10292,0.90868,16.83002,18.26942,-1.4394,3.0082,3.0,85.0,0.01646,0.3,degraded
47.1,-28.03802,-28.99835,0.96033,16.68066,18.13137,-1.45071,3.0042,2.9944,85.0,0.01388,0.3,degraded
47.11,-27.87791,-28.89366,1.01575,16.53182,17.99799,-1.46617,2.997,2.9946,85.0,0.0374,0.3,degraded
47.12,-27.71388,-28.76307,1.04918,16.38349,17.78214,-1.39865,2.9775,2.9887,85.0,0.0053,0.3,degraded
47.13,-27.54593,-28.62411,1.07819,16.23569,17.61798,-1.38228,2.9874,3.0,85.0,0.00195,0.3,degraded
47.14,-27.37403,-28.48126,1.10723,16.08844,17.49015,-1.40171,2.9982,2.9981,85.0,0.0135,0.3,degraded
47.15,-27.19818,-28.32321,1.12503,15.94175,17.33501,-1.39326,2.996,2.9634,85.0,0.00451,0.3,degraded
47.16,-27.01837,-28.15785,1.13949,15.79562,17.16242,-1.3668,2.992,2.9735,85.0,0.00205,0.3,degraded
47.17,-26.83458,-27.98982,1.15524,15.65007,16.9938,-1.34372,3.0065,3.0,85.0,0.01778,0.3,degraded
47.18,-26.64681,-27.79831,1.15149,15.50512,16.88411,-1.37899,2.9951,2.9885,85.0,0.01813,0.3,degraded
47.19,-26.45506,-27.66062,1.20555,15.36077,16.74508,-1.38432,2.9855,3.0,85.0,0.00277,0.3,degraded
47.2,-26.25932,-27.47081,1.21149,15.21702,16.59656,-1.37954,3.0076,2.9841,85.0,0.01201,0.3,degraded
47.21,-26.05959,-27.31972,1.26013,15.0739,16.49255,-1.41865,3.0036,2.982,85.0,0.02068,0.3,degraded
47.22,-25.85587,-27.16797,1.3121,14.93141,16.37369,-1.44228,3.0135,1.6102,85.0,0.02965,0.3,degraded
47.23,-25.64815,-26.99337,1.34522,14.78955,16.24194,-1.45238,2.9927,2.6446,85.0,0.03487,0.3,degraded
47.24,-25.43645,-26.8253,1.38885,14.64834,16.08408,-1.43574,3.014,3.0,85.0,0.02526,0.3,degraded
47.25,-25.22075,-26.61912,1.39837,14.50779,15.95761,-1.44982,2.9693,3.0,85.0,0.00781,0.3,degraded
47.26,-25.00108,-26.40244,1.40136,14.36789,15.7796,-1.4117,2.9919,3.0,85.0,0.01123,0.3,degraded
47.27,-24.77743,-26.23303,1.4556,14.22866,15.60973,-1.38107,2.0446,2.9894,85.0,0.00877,0.3,degraded
47.28,-24.54982,-26.04898,1.49916,14.09011,15.45116,-1.36105,2.989,3.0,85.0,0.00064,0.3,degraded
47.29,-24.31825,-25.84304,1.5248,13.95223,15.28645,-1.33421,3.0163,2.9688,85.0,0.01744,0.3,degraded
47.3,-24.08273,-25.67104,1.58831,13.81504,15.18417,-1.36913,3.0132,2.983,85.0,0.01516,0.3,degraded
47.31,-23.84329,-25.4541,1.61081,13.67854,15.01403,-1.33549,2.9911,2.9982,85.0,0.00341,0.3,degraded
47.32,-23.59992,-25.26388,1.66396,13.54273,14.85362,-1.31089,3.0039,2.9887,85.0,0.0228,0.3,degraded
47.33,-23.35265,-25.06049,1.70784,13.40762,14.7486,-1.34098,2.9899,2.9994,85.0,0.02156,0.3,degraded
47.34,-23.1015,-24.85276,1.75126,13.2732,14.63789,-1.36469,3.0051,2.994,85.0,0.01589,0.3,degraded
47.35,-22.84649,-24.62633,1.77984,13.13949,14.48223,-1.34273,2.9826,3.0,85.0,0.01749,0.3,degraded
47.36,-22.58763,-24.41153,1.8239,13.00649,14.28497,-1.27848,3.0131,2.9921,85.0,0.03024,0.3,degraded
47.37,-22.32495,-24.17755,1.8526,12.87419,14.17335,-1.29916,2.9969,2.989,85.0,0.01823,0.3,degraded
47.38,-22.05847,-23.92768,1.86921,12.7426,14.07987,-1.33727,3.0136,2.9869,85.0,0.01111,0.3,degraded
47.39,-21.78822,-23.62056,1.83234,12.61172,13.9484,-1.33668,2.9699,2.9924,85.0,0.01696,0.3,degraded
47.4,-21.51422,-23.38102,1.8668,12.48155,13.80546,-1.3239,3.0141,2.9859,85.0,0.01139,0.3,degraded
47.41,-21.2365,-23.09779,1.86129,12.35209,13.68608,-1.33399,2.9963,3.0,85.0,0.00634,0.3,degraded
47.42,-20.95509,-22.83839,1.8833,12.22334,13.51384,-1.2905,3.0097,3.0,85.0,0.00906,0.3,degraded
47.43,-20.67003,-22.60772,1.93769,12.0953,13.39811,-1.30281,0.1383,2.988,85.0,0.01405,0.3,degraded
47.44,-20.38134,-22.29281,1.91147,11.96797,13.30292,-1.33495,2.9815,3.0,85.0,0.01448,0.3,degraded
47.45,-20.08905,-22.03651,1.94745,11.84134,13.17947,-1.33814,3.0,2.9824,85.0,0.0079,0.3,degraded
47.46,-19.79322,-21.79329,2.00008,11.71541,13.06869,-1.35327,3.0121,2.9963,85.0,0.01806,0.3,degraded
47.47,-19.49386,-21.50954,2.01568,11.59019,12.93829,-1.3481,2.9966,3.0,85.0,0.0004,0.3,degraded
47.48,-19.19102,-21.22007,2.02905,11.46566,12.80101,-1.33535,3.0043,2.9924,85.0,0.01011,0.3,degraded
47.49,-18.88474,-20.96959,2.08485,11.34183,12.66767,-1.32584,2.9986,1.5677,85.0,0.01816,0.3,degraded
47.5,-18.57506,-20.71531,2.14025,11.21868,12.53956,-1.32087,2.9717,2.9832,85.0,0.02397,0.3,degraded
47.51,-18.26202,-20.39789,2.13587,11.09623,12.37552,-1.27929,2.9834,2.9962,85.0,0.00368,0.3,degraded
47.52,-17.94567,-20.11994,2.17428,10.97445,12.27158,-1.29713,2.9997,3.0,85.0,0.02858,0.3,degraded
47.53,-17.62605,-19.86307,2.23703,10.85335,12.15637,-1.30303,3.0412,2.9955,85.0,0.01896,0.3,degraded
47.54,-17.3032,-19.56557,2.26237,10.73291,12.03044,-1.29753,3.0025,1.5226,85.0,0.00649,0.3,degraded
47.55,-16.97718,-19.28603,2.30885,10.61314,11.90974,-1.29659,3.0213,2.9984,85.0,0.00904,0.3,degraded
47.56,-16.64803,-19.00148,2.35345,10.49403,11.76061,-1.26658,3.0069,3.0,85.0,0.00735,0.3,degraded
47.57,-16.3158,-18.68199,2.36619,10.37557,11.64809,-1.27252,2.9969,2.9956,85.0,0.02005,0.3,degraded
47.58,-15.98055,-18.38668,2.40613,10.25775,11.50218,-1.24443,0.4178,3.0,85.0,0.00806,0.3,degraded
47.59,-15.64233,-18.01574,2.37341,10.14056,11.36299,-1.22243,3.0143,3.0,85.0,0.01979,0.3,degraded
47.6,-15.30118,-17.71225,2.41107,10.024,11.26952,-1.24552,2.9895,2.9843,85.0,0.01612,0.3,degraded
47.61,-14.95718,-17.41796,2.46079,9.90806,11.13415,-1.22609,3.0191,2.9989,85.0,0.02965,0.3,degraded
47.62,-14.61036,-17.05569,2.44532,9.79273,10.97831,-1.18559,2.9985,3.0,85.0,0.02639,0.3,degraded
47.63,-14.2608,-16.74088,2.48009,9.67799,10.87926,-1.20127,2.9767,3.0,85.0,0.02282,0.3,degraded
47.64,-13.90854,-16.44559,2.53706,9.56385,10.77037,-1.20651,2.9967,3.0,85.0,0.01187,0.3,degraded
47.65,-13.55364,-16.07965,2.52601,9.45029,10.68138,-1.2311,3.0114,2.9985,85.0,0.00145,0.3,degraded
47.66,-13.19618,-15.73874,2.54256,9.33729,10.58513,-1.24784,3.0035,3.0,85.0,0.00134,0.3,degraded
47.67,-12.8362,-15.40561,2.56941,9.22486,10.47987,-1.25501,3.008,3.0,85.0,0.00776,0.3,degraded
47.68,-12.47378,-15.08886,2.61509,9.11297,10.36957,-1.2566,2.4002,2.9843,85.0,0.00465,0.3,degraded
47.69,-12.10896,-14.7294,2.62044,9.00162,10.26528,-1.26367,2.9895,2.9932,85.0,0.00203,0.3,degraded
47.7,-11.74183,-14.38026,2.63843,8.89079,10.0612,-1.17041,3.0085,3.0,85.0,0.0085,0.3,degraded
47.71,-11.37245,-14.0483,2.67585,8.78047,9.9408,-1.16033,3.0014,2.9897,85.0,0.00904,0.3,degraded
47.72,-11.00087,-13.73034,2.72948,8.67066,9.83385,-1.1632,2.9857,3.0,85.0,0.02043,0.3,degraded
47.73,-10.62717,-13.3566,2.72943,8.56132,9.74595,-1.18463,3.0149,3.0,85.0,0.02176,0.3,degraded
47.74,-10.25142,-13.00899,2.75757,8.45247,9.65086,-1.19839,2.9834,3.0,85.0,0.01542,0.3,degraded
47.75,-9.87368,-12.6077,2.73402,8.34407,9.56102,-1.21695,3.009,2.9789,85.0,0.01442,0.3,degraded
47.76,-9.49402,-12.23032,2.73629,8.23612,9.39752,-1.1614,2.9899,3.0,85.0,0.00955,0.3,degraded
47.77,-9.11253,-11.87892,2.7664,8.1286,9.302,-1.1734,2.9769,2.9841,85.0,0.00904,0.3,degraded
47.78,-8.72925,-11.52962,2.80036,8.02149,9.20763,-1.18614,2.982,2.9988,85.0,0.00475,0.3,degraded
47.79,-8.34428,-11.175,2.83072,7.9148,9.05024,-1.13544,2.9997,3.0,85.0,0.01825,0.3,degraded
47.8,-7.95767,-10.80029,2.84262,7.80848,8.9481,-1.13962,3.0116,2.9989,85.0,0.02494,0.3,degraded
47.81,-7.56951,-10.44469,2.87517,7.70255,8.85806,-1.15552,2.9995,2.985,85.0,0.01069,0.3,degraded
47.82,-7.17987,-10.08675,2.90688,7.59696,8.7611,-1.16414,2.9865,2.997,85.0,0.01948,0.3,degraded
47.83,-6.78882,-9.70713,2.91831,7.49173,8.67053,-1.17881,2.9665,2.9877,85.0,0.02512,0.3,degraded
47.84,-6.39644,-9.32156,2.92512,7.38681,8.54719,-1.16037,3.0122,3.0,85.0,0.02177,0.3,degraded
47.85,-6.0028,-8.94513,2.94233,7.28221,8.42366,-1.14145,2.9943,2.9912,85.0,0.00822,0.3,degraded
47.86,-5.60797,-8.56989,2.96192,7.1779,8.28655,-1.10865,3.0034,3.0,85.0,0.01714,0.3,degraded
47.87,-5.21205,-8.18961,2.97756,7.07386,8.18353,-1.10967,3.0048,2.9856,85.0,0.00384,0.3,degraded
47.88,-4.81509,-7.82147,3.00637,6.97009,8.08925,-1.11916,2.9952,3.0,85.0,0.0134,0.3,degraded
47.89,-4.41719,-7.40471,2.98752,6.86656,7.99901,-1.13245,3.0035,3.0,85.0,0.01562,0.3,degraded
47.9,-4.01841,-6.98804,2.96962,6.76325,7.902,-1.13875,2.9863,2.9979,85.0,0.00082,0.3,degraded
47.91,-3.61884,-6.59913,2.98029,6.66015,7.81141,-1.15126,3.0053,3.0,85.0,0.01035,0.3,degraded
47.92,-3.21855,-6.20977,2.99121,6.55724,7.67409,-1.11685,2.9906,3.0,85.0,0.00632,0.3,degraded
47.93,-2.81763,-5.78239,2.96476,6.4545,7.55219,-1.09769,3.0011,2.9887,85.0,0.00687,0.3,degraded
47.94,-2.41615,-5.38505,2.9689,6.35192,7.45341,-1.10149,3.0003,2.9806,85.0,0.00497,0.3,degraded
47.95,-2.01419,-4.97712,2.96293,6.24948,7.31085,-1.06138,3.0141,3.0,85.0,0.00546,0.3,degraded
47.96,-1.61183,-4.57127,2.95944,6.14715,7.20942,-1.06227,2.9887,2.9926,85.0,0.01641,0.3,degraded
47.97,-1.20915,-4.18492,2.97576,6.04492,7.12343,-1.0785,2.9955,2.9849,85.0,0.01393,0.3,degraded
47.98,-0.80624,-3.81126,3.00502,5.94278,7.02914,-1.08636,3.0305,3.0,85.0,0.00902,0.3,degraded
47.99,-0.40316,-3.41546,3.01231,5.84069,6.93933,-1.09864,2.9802,3.0,85.0,0.00416,0.3,degraded
48.0,-0.0,-3.02074,3.02074,5.73865,6.84171,-1.10306,3.0076,2.997,85.0,0.00822,0.3,degraded
48.01,0.40316,-2.61099,3.01414,5.63663,6.75122,-1.11458,3.0057,3.0,85.0,0.0164,0.3,degraded
48.02,0.80624,-2.18973,2.99596,5.53462,6.57102,-1.0364,2.9919,3.0,85.0,0.00582,0.3,degraded
48.03,1.20915,-1.79673,3.00588,5.4326,6.40422,-0.97162,2.9955,2.9888,85.0,0.01318,0.3,degraded
48.04,1.61183,-1.35736,2.96919,5.33054,6.30304,-0.9725,3.0031,2.9843,85.0,0.02084,0.3,degraded
48.05,2.01419,-0.97466,2.98885,5.22843,6.22222,-0.99379,3.0031,3.0,85.0,0.02438,0.3,degraded
48.06,2.41615,-0.61265,3.0288,5.12625,6.13708,-1.01082,3.0103,3.0,85.0,0.01032,0.3,degraded
48.07,2.81763,-0.22359,3.04122,5.02398,6.05174,-1.02776,1.9937,2.9859,85.0,0.02336,0.3,degraded
48.08,3.21855,0.16176,3.0568,4.9216,5.95953,-1.03793,0.4837,2.9868,85.0,0.01795,0.3,degraded
48.09,3.61884,0.5649,3.05394,4.81909,5.87234,-1.05324,2.9932,2.9787,85.0,0.00643,0.3,degraded
48.1,4.01841,0.9643,3.05411,4.71643,5.78006,-1.06363,3.0015,3.0,85.0,0.00384,0.3,degraded
48.11,4.41719,1.37933,3.03786,4.61361,5.69152,-1.07791,2.9959,3.0,85.0,0.02749,0.3,degraded
48.12,4.81509,1.74303,3.07206,4.51059,5.59698,-1.08639,3.0,3.0,85.0,0.01385,0.3,degraded
48.13,5.21205,2.18929,3.02276,4.40737,5.49856,-1.09119,2.9853,3.0,85.0,0.0151,0.3,degraded
48.14,5.60797,2.58164,3.02633,4.30392,5.37126,-1.06734,3.0284,2.9933,85.0,0.00584,0.3,degraded
48.15,6.0028,3.02154,2.98125,4.20022,5.20738,-1.00716,3.0072,3.0,85.0,0.01156,0.3,degraded
48.16,6.39644,3.43858,2.95785,4.09626,5.10232,-1.00606,3.0206,2.9956,85.0,0.00845,0.3,degraded
48.17,6.78882,3.81431,2.97451,3.99201,5.01269,-1.02068,0.3331,2.9922,85.0,0.00644,0.3,degraded
48.18,7.17987,4.25769,2.92218,3.88745,4.91888,-1.03143,2.9965,3.0,85.0,0.01006,0.3,degraded
48.19,7.56951,4.6479,2.92161,3.78258,4.83028,-1.0477,2.9997,2.9813,85.0,0.00462,0.3,degraded
48.2,7.95767,5.04831,2.90936,3.67735,4.73563,-1.05827,3.0245,3.0,85.0,0.0069,0.3,degraded
48.21,8.34428,5.46869,2.87558,3.57177,4.64539,-1.07362,2.9802,2.9791,85.0,0.01643,0.3,degraded
48.22,8.72925,5.8214,2.90785,3.4658,4.44867,-0.98287,2.9855,2.9783,85.0,0.01404,0.3,degraded
48.23,9.11253,6.1907,2.92182,3.35944,4.33623,-0.9768,3.0018,2.9797,85.0,0.03177,0.3,degraded
48.24,9.49402,6.57044,2.92359,3.25265,4.24824,-0.99559,2.9891,2.9869,85.0,0.00294,0.3,degraded
48.25,9.87368,6.94801,2.92567,3.14542,4.15985,-1.01443,3.007,2.9828,85.0,0.00929,0.3,degraded
48.26,10.25142,7.32116,2.93025,3.03774,4.07063,-1.03289,2.9802,2.971,85.0,0.00557,0.3,degraded
48.27,10.62717,7.74758,2.87959,2.92958,3.98415,-1.05457,2.984,2.9976,85.0,0.01197,0.3,degraded
48.28,11.00087,8.10501,2.89586,2.82093,3.88658,-1.06565,2.979,2.9878,85.0,0.00988,0.3,degraded
48.29,11.37245,8.50719,2.86526,2.71176,3.71669,-1.00494,2.9916,2.9986,85.0,0.00838,0.3,degraded
48.3,11.74183,8.8964,2.84543,2.60206,3.59001,-0.98795,3.0241,3.0,85.0,0.03174,0.3,degraded
48.31,12.10896,9.23795,2.87101,2.49181,3.50691,-1.0151,3.0114,2.9942,85.0,0.007,0.3,degraded
48.32,12.47378,9.62781,2.84596,2.38099,3.41519,-1.03419,3.0035,2.9901,85.0,0.0244,0.3,degraded
48.33,12.8362,10.03731,2.79889,2.26959,3.32927,-1.05968,2.9779,2.9886,85.0,0.01293,0.3,degraded
48.34,13.19618,10.38041,2.81577,2.15759,3.21696,-1.05937,2.9812,3.0,85.0,0.00402,0.3,degraded
48.35,13.55364,10.74014,2.8135,2.04497,3.09453,-1.04957,2.9804,2.9986,85.0,0.01011,0.3,degraded
48.36,13.90854,11.11373,2.79481,1.9317,2.99989,-1.06819,2.9865,2.9882,85.0,0.00184,0.3,degraded
48.37,14.2608,11.45619,2.8046,1.81779,2.90874,-1.09095,3.0185,2.9852,85.0,0.01408,0.3,degraded
48.38,14.61036,11.79757,2.8128,1.7032,2.72761,-1.02441,3.0176,2.9882,85.0,0.00771,0.3,degraded
48.39,14.95718,12.14064,2.81654,1.58793,2.55819,-0.97026,2.9991,2.9956,85.0,0.01462,0.3,degraded
48.4,15.30118,12.4883,2.81288,1.47195,2.45473,-0.98278,2.9917,3.0,85.0,0.0042,0.3,degraded
48.41,15.64233,12.85657,2.78576,1.35526,2.37099,-1.01573,3.0097,3.0,85.0,0.01273,0.3,degraded
48.42,15.98055,13.24277,2.73779,1.23782,2.28208,-1.04426,2.9919,3.0,85.0,0.00356,0.3,degraded
48.43,16.3158,13.62591,2.68989,1.11964,2.1948,-1.07516,2.9893,3.0,85.0,0.0,0.3,degraded
48.44,16.64803,13.96437,2.68366,1.00069,2.09713,-1.09644,3.0315,2.9867,85.0,0.00341,0.3,degraded
48.45,16.97718,14.34299,2.63419,0.88096,2.00507,-1.12412,2.976,2.9922,85.0,0.0217,0.3,degraded
48.46,17.3032,14.65858,2.64462,0.76043,1.81529,-1.05486,2.9853,3.0,85.0,0.01752,0.3,degraded
48.47,17.62605,15.00582,2.62023,0.63909,1.65629,-1.0172,3.0048,2.9947,85.0,0.02679,0.3,degraded
48.48,17.94567,15.3778,2.56786,0.51693,1.56049,-1.04356,2.9965,3.0,85.0,0.00873,0.3,degraded
48.49,18.26202,15.75634,2.50568,0.39392,1.4787,-1.08478,2.9773,2.7419,85.0,0.0117,0.3,degraded
48.5,18.57506,16.06727,2.50779,0.27007,1.38457,-1.1145,3.0111,2.9875,85.0,0.01206,0.3,degraded
48.51,18.88474,16.42971,2.45503,0.14535,1.28442,-1.13907,2.9885,1.334,85.0,0.00619,0.3,degraded
48.52,19.19102,16.74869,2.44233,0.01975,1.13922,-1.11947,2.9779,2.9968,85.0,0.01253,0.3,degraded
48.53,19.49386,17.05352,2.44034,-0.10675,1.04731,-1.15406,3.013,2.862,85.0,0.01178,0.3,degraded
48.54,19.79322,17.37213,2.42108,-0.23414,0.88502,-1.11916,3.0014,2.9873,85.0,0.01501,0.3,degraded
48.55,20.08905,17.71072,2.37834,-0.36245,0.7732,-1.13565,3.0119,0.9126,85.0,0.00249,0.3,degraded
48.56,20.38134,18.01157,2.36977,-0.49169,0.60509,-1.09678,2.9881,3.0,85.0,0.01708,0.3,degraded
48.57,20.67003,18.38545,2.28457,-0.62187,0.50918,-1.13105,3.0177,2.9732,85.0,0.01732,0.3,degraded
48.58,20.95509,18.69307,2.26202,-0.753,0.38029,-1.13329,2.9828,3.0,85.0,0.02024,0.3,degraded
48.59,21.2365,18.9545,2.282,-0.88509,0.24433,-1.12942,3.0043,2.9735,85.0,0.00287,0.3,degraded
48.6,21.51422,19.26804,2.24618,-1.01814,0.08608,-1.10422,3.0168,3.0,85.0,0.02693,0.3,degraded
48.61,21.78822,19.55273,2.23549,-1.15218,-0.0062,-1.14598,3.0031,2.9632,85.0,0.00277,0.3,degraded
48.62,22.05847,19.87705,2.18141,-1.28721,-0.12125,-1.16596,2.9835,2.9986,85.0,0.01727,0.3,degraded
48.63,22.32495,20.14618,2.17877,-1.42324,-0.24117,-1.18207,3.005,2.9756,85.0,0.02786,0.3,degraded
48.64,22.58763,20.38703,2.2006,-1.56027,-0.37211,-1.18816,2.9599,2.9965,85.0,0.01094,0.3,degraded
48.65,22.84649,20.64932,2.19717,-1.69832,-0.50312,-1.1952,1.6984,2.994,85.0,0.00861,0.3,degraded
48.66,23.1015,20.9135,2.18801,-1.8374,-0.65268,-1.18472,3.0054,2.972,85.0,0.00682,0.3,degraded
48.67,23.35265,21.21296,2.13969,-1.9775,-0.8249,-1.1526,2.9644,3.0,85.0,0.02455,0.3,degraded
48.68,23.59992,21.46903,2.13089,-2.11865,-0.93004,-1.1886,0.4334,2.8639,85.0,0.0011,0.3,degraded
48.69,23.84329,21.80098,2.04231,-2.26083,-1.08994,-1.17089,3.016,3.0,85.0,0.02293,0.3,degraded
48.7,24.08273,22.06572,2.01701,-2.40407,-1.21994,-1.18413,2.9996,3.0,85.0,0.00381,0.3,degraded
48.71,24.31825,22.3276,1.99065,-2.54837,-1.34046,-1.20791,3.0055,2.3418,85.0,0.00589,0.3,degraded
48.72,24.54982,22.57557,1.97425,-2.69373,-1.51443,-1.1793,2.9862,2.9748,85.0,0.00953,0.3,degraded
48.73,24.77743,22.82555,1.95189,-2.84015,-1.69238,-1.14777,3.0043,3.0,85.0,0.01844,0.3,degraded
48.74,25.00108,23.05508,1.946,-2.98765,-1.7992,-1.18845,2.9925,3.0,85.0,0.00608,0.3,degraded
48.75,25.22075,23.29004,1.93071,-3.13622,-1.92331,-1.21291,1.1297,3.0,85.0,0.00596,0.3,degraded
48.76,25.43645,23.54966,1.88678,-3.28587,-2.02232,-1.26355,3.0008,3.0,85.0,0.01488,0.3,degraded
48.77,25.64815,23.77735,1.8708,-3.43661,-2.20499,-1.23162,2.9935,2.9903,85.0,0.00431,0.3,degraded
48.78,25.85587,23.99562,1.86024,-3.58843,-2.36409,-1.22434,1.5315,2.986,85.0,0.01704,0.3,degraded
48.79,26.05959,24.23526,1.82433,-3.74134,-2.45837,-1.28297,3.0111,2.968,85.0,0.02854,0.3,degraded
48.8,26.25932,24.44623,1.81309,-3.89533,-2.62662,-1.26871,2.9963,2.9851,85.0,0.00777,0.3,degraded
48.81,26.45506,24.70016,1.75491,-4.05042,-2.74166,-1.30876,3.0123,3.0,85.0,0.0064,0.3,degraded
48.82,26.64681,24.91918,1.72763,-4.2066,-2.89537,-1.31123,2.9986,1.4649,85.0,0.02219,0.3,degraded
48.83,26.83458,25.13328,1.7013,-4.36387,-3.01744,-1.34643,2.9719,2.993,85.0,0.00034,0.3,degraded
48.84,27.01837,25.32399,1.69438,-4.52223,-3.20525,-1.31698,2.9932,3.0,85.0,0.00453,0.3,degraded
48.85,27.19818,25.5579,1.64028,-4.68169,-3.31896,-1.36273,3.0076,3.0,85.0,0.00586,0.3,degraded
48.86,27.37403,25.75506,1.61898,-4.84223,-3.49438,-1.34785,2.9835,2.999,85.0,0.00872,0.3,degraded
48.87,27.54593,25.93457,1.61136,-5.00386,-3.61507,-1.38879,2.6535,3.0,85.0,0.01736,0.3,degraded
48.88,27.71388,26.15736,1.55652,-5.16658,-3.79077,-1.37581,3.0129,2.9883,85.0,0.00587,0.3,degraded
48.89,27.87791,26.358,1.51991,-5.33038,-3.98205,-1.34834,3.0144,3.0,85.0,0.00352,0.3,degraded
48.9,28.03802,26.54635,1.49168,-5.49527,-4.13319,-1.36208,3.0179,3.0,85.0,0.0062,0.3,degraded
48.91,28.19424,26.72762,1.46662,-5.66123,-4.32995,-1.33128,2.9914,2.9919,85.0,0.02323,0.3,degraded
48.92,28.34658,26.90131,1.44527,-5.82827,-4.45547,-1.3728,2.9785,2.9877,85.0,0.00579,0.3,degraded
48.93,28.49505,27.07079,1.42427,-5.99637,-4.66144,-1.33493,3.0164,3.0,85.0,0.00166,0.3,degraded
48.94,28.63969,27.24979,1.38989,-6.16554,-4.79507,-1.37047,3.011,2.9897,85.0,0.01728,0.3,degraded
48.95,28.78051,27.4365,1.34401,-6.33577,-4.93367,-1.4021,2.989,3.0,85.0,0.01362,0.3,degraded
48.96,28.91753,27.60913,1.3084,-6.50705,-5.08906,-1.41799,3.0148,2.999,85.0,0.00837,0.3,degraded
48.97,29.05079,27.80209,1.2487,-6.67938,-5.24333,-1.43605,3.0044,3.0,85.0,0.0068,0.3,degraded
48.98,29.1803,28.00329,1.17701,-6.85275,-5.43519,-1.41757,3.019,3.0,85.0,0.01232,0.3,degraded
48.99,29.30609,28.14959,1.1565,-7.02715,-5.58581,-1.44135,2.9856,3.0,85.0,0.00209,0.3,degraded
49.0,29.4282,28.29959,1.12861,-7.20258,-5.76855,-1.43403,3.0064,3.0,85.0,0.01938,0.3,degraded
49.01,29.54666,28.42861,1.11805,-7.37903,-5.88719,-1.49184,1.815,2.9816,85.0,0.00864,0.3,degraded
49.02,29.66149,28.54839,1.1131,-7.55648,-6.08425,-1.47223,3.0039,2.9819,85.0,0.0283,0.3,degraded
49.03,29.77273,28.70957,1.06315,-7.73493,-6.22386,-1.51106,3.0256,0.6893,85.0,0.02252,0.3,degraded
49.04,29.88041,28.83147,1.04894,-7.91437,-6.42259,-1.49178,3.007,3.0,85.0,0.00555,0.3,degraded
49.05,29.98457,28.98969,0.99489,-8.09478,-6.57032,-1.52446,2.9974,2.9983,85.0,0.00298,0.3,degraded
49.06,30.08525,29.10407,0.98118,-8.27617,-6.72848,-1.54769,3.0018,3.0,85.0,0.01438,0.3,degraded
49.07,30.18248,29.24133,0.94116,-8.45851,-6.87139,-1.58712,2.9927,0.0552,85.0,0.00641,0.3,degraded
49.08,30.27631,29.33428,0.94203,-8.6418,-7.07759,-1.56421,2.9731,3.0,85.0,0.00771,0.3,degraded
49.09,30.36677,29.41738,0.94939,-8.82601,-7.23905,-1.58697,3.0039,3.0,85.0,0.01215,0.3,degraded
49.1,30.45392,29.51677,0.93714,-9.01115,-7.43314,-1.57801,3.0042,2.9835,85.0,0.01494,0.3,degraded
49.11,30.53778,29.6433,0.89447,-9.1972,-7.56247,-1.63472,3.0165,3.0,85.0,0.0061,0.3,degraded
49.12,30.6184,29.72184,0.89656,-9.38413,-7.7451,-1.63903,2.9956,3.0,85.0,0.01153,0.3,degraded
49.13,30.69584,29.80646,0.88938,-9.57195,-7.91125,-1.6607,2.9904,3.0,85.0,0.00817,0.3,degraded
49.14,30.77013,29.88348,0.88665,-9.76063,-8.07339,-1.68723,3.0032,1.5395,85.0,0.00407,0.3,degraded
49.15,30.84133,29.96579,0.87553,-9.95016,-8.23121,-1.71894,2.99,2.8111,85.0,0.00922,0.3,degraded
49.16,30.90948,30.04322,0.86626,-10.14052,-8.4008,-1.73972,2.977,3.0,85.0,0.00657,0.3,degraded
49.17,30.97463,30.12777,0.84686,-10.3317,-8.5565,-1.7752,3.0271,3.0,85.0,0.02187,0.3,degraded
49.18,31.03683,30.21029,0.82654,-10.52368,-8.72899,-1.79469,3.032,3.0,85.0,0.02368,0.3,degraded
49.19,31.09615,30.29074,0.80541,-10.71644,-8.90948,-1.80697,3.0045,2.9986,85.0,0.01004,0.3,degraded
49.2,31.15262,30.36032,0.7923,-10.90997,-9.09966,-1.81032,3.0027,3.0,85.0,0.00307,0.3,degraded
49.21,31.2063,30.43534,0.77096,-11.10425,-9.26776,-1.83649,3.0245,2.998,85.0,0.0264,0.3,degraded
49.22,31.25725,30.50511,0.75214,-11.29926,-9.45248,-1.84678,3.0213,3.0,85.0,0.00914,0.3,degraded
49.23,31.30552,30.57963,0.7259,-11.49498,-9.64328,-1.8517,2.9828,2.9955,85.0,0.00144,0.3,degraded
49.24,31.35118,30.64799,0.70318,-11.6914,-9.86748,-1.82392,3.0061,3.0,85.0,0.00837,0.3,degraded
49.25,31.39426,30.72456,0.6697,-11.88848,-10.04932,-1.83916,3.0081,3.0,85.0,0.01239,0.3,degraded
49.26,31.43485,30.79665,0.6382,-12.08622,-10.24876,-1.83746,2.9923,2.9964,85.0,0.00035,0.3,degraded
49.27,31.47298,30.87429,0.59869,-12.28459,-10.46511,-1.81949,2.9827,2.9768,85.0,0.00838,0.3,degraded
49.28,31.50873,30.94568,0.56305,-12.48358,-10.64386,-1.83972,2.9875,2.9998,85.0,0.01258,0.3,degraded
49.29,31.54215,31.02204,0.52011,-12.68315,-10.85694,-1.82621,2.9696,2.9947,85.0,0.0,0.3,degraded
49.3,31.57331,31.09273,0.48059,-12.88329,-11.07867,-1.80462,2.9963,3.0,85.0,0.01007,0.3,degraded
49.31,31.60226,31.16963,0.43263,-13.08398,-11.2412,-1.84278,2.9965,3.0,85.0,0.0298,0.3,degraded
49.32,31.62908,31.23799,0.39109,-13.28519,-11.47834,-1.80685,2.978,2.9801,85.0,0.01989,0.3,degraded
49.33,31.65381,31.31153,0.34228,-13.4869,-11.67733,-1.80958,2.9835,3.0,85.0,0.00157,0.3,degraded
49.34,31.67653,31.3785,0.29803,-13.68909,-11.88048,-1.80862,2.9798,2.9866,85.0,0.00656,0.3,degraded
49.35,31.6973,31.45094,0.24636,-13.89173,-12.05152,-1.84021,2.996,2.9903,85.0,0.0062,0.3,degraded
49.36,31.71618,31.51805,0.19813,-14.09481,-12.25213,-1.84268,2.9967,2.9911,85.0,0.00967,0.3,degraded
49.37,31.73324,31.5921,0.14114,-14.29828,-12.42525,-1.87303,3.0048,2.9946,85.0,0.00403,0.3,degraded
49.38,31.74855,31.66127,0.08728,-14.50214,-12.63046,-1.87168,3.0187,3.0,85.0,0.00515,0.3,degraded
49.39,31.76217,31.73689,0.02528,-14.70635,-12.80739,-1.89896,3.0164,1.2923,85.0,0.006,0.3,degraded
49.4,31.77417,31.80764,-0.03347,-14.91089,-12.99991,-1.91098,2.9913,2.9935,85.0,0.00793,0.3,degraded
49.41,31.78461,31.88619,-0.10158,-15.11573,-13.19935,-1.91638,3.0232,3.0,85.0,0.01118,0.3,degraded
49.42,31.79357,31.95798,-0.16441,-15.32085,-13.37384,-1.94702,3.0089,2.9994,85.0,0.00921,0.3,degraded
49.43,31.8011,32.02532,-0.22422,-15.52623,-13.59661,-1.92962,2.9858,2.9921,85.0,0.00942,0.3,degraded
49.44,31.80729,32.07646,-0.26918,-15.73182,-13.81908,-1.91273,2.9986,3.0,85.0,0.01813,0.3,degraded
49.45,31.81218,32.11956,-0.30738,-15.93761,-13.98143,-1.95618,2.9837,3.0,85.0,0.00216,0.3,degraded
49.46,31.81587,32.13468,-0.31882,-16.14357,-14.20295,-1.94062,3.016,3.0,85.0,0.01548,0.3,degraded
49.47,31.8184,32.1557,-0.3373,-16.34967,-14.44092,-1.90875,3.0388,2.994,85.0,0.00492,0.3,degraded
49.48,31.81986,32.17047,-0.35061,-16.55588,-14.67819,-1.87769,2.9933,3.0,85.0,0.00947,0.3,degraded
49.49,31.8203,32.19219,-0.37189,-16.76217,-14.84877,-1.9134,2.9623,3.0,85.0,0.00361,0.3,degraded
49.5,31.81981,32.207,-0.38719,-16.96852,-15.02586,-1.94266,3.007,2.994,85.0,0.00598,0.3,degraded
49.51,31.81844,32.22674,-0.4083,-17.1749,-15.21848,-1.95641,3.0111,3.0,85.0,0.00164,0.3,degraded
49.52,31.81627,32.20952,-0.39325,-17.38127,-15.41374,-1.96753,2.9916,2.9749,85.0,0.00966,0.3,degraded
49.53,31.81336,32.19373,-0.38037,-17.58761,-15.63461,-1.953,3.0128,3.0,85.0,0.00579,0.3,degraded
49.54,31.80979,32.17129,-0.3615,-17.79388,-15.83743,-1.95645,3.0085,2.9835,85.0,0.0,0.3,degraded
49.55,31.80562,32.15575,-0.35014,-18.00006,-16.09594,-1.90412,3.0011,3.0,85.0,0.00299,0.3,degraded
49.56,31.80092,32.13578,-0.33486,-18.20612,-16.31462,-1.8915,3.0031,3.0,85.0,0.01365,0.3,degraded
49.57,31.79577,32.1236,-0.32783,-18.41202,-16.48953,-1.92249,3.0167,3.0,85.0,0.01488,0.3,degraded
49.58,31.79022,32.1061,-0.31588,-18.61774,-16.65782,-1.95992,3.0111,2.0335,85.0,0.00796,0.3,degraded
49.59,31.78435,32.09389,-0.30954,-18.82324,-16.86343,-1.95981,3.0097,2.9936,85.0,0.00488,0.3,degraded
49.6,31.77822,32.07637,-0.29815,-19.02849,-17.10535,-1.92314,2.9995,2.9877,85.0,0.00519,0.3,degraded
49.61,31.77191,32.06559,-0.29368,-19.23347,-17.29297,-1.9405,3.0067,3.0,85.0,0.00203,0.3,degraded
49.62,31.76548,32.04964,-0.28416,-19.43813,-17.48415,-1.95398,3.0026,1.7198,85.0,0.00659,0.3,degraded
49.63,31.75899,32.04142,-0.28242,-19.64245,-17.67071,-1.97174,2.9843,1.4095,85.0,0.00544,0.3,degraded
49.64,31.75252,32.02741,-0.27488,-19.84639,-17.87526,-1.97113,3.0065,3.0,85.0,0.00731,0.3,degraded
49.65,31.74613,32.02001,-0.27387,-20.04993,-18.06297,-1.98696,2.9815,0.2049,85.0,0.01167,0.3,degraded
49.66,31.73989,32.00429,-0.2644,-20.25303,-18.34003,-1.913,2.9726,3.0,85.0,0.01554,0.3,degraded
49.67,31.73386,31.99569,-0.26183,-20.45565,-18.53109,-1.92457,3.0027,2.9996,85.0,0.00375,0.3,degraded
49.68,31.7281,31.98144,-0.25334,-20.65778,-18.7569,-1.90088,2.9981,3.0,85.0,0.00679,0.3,degraded
49.69,31.72268,31.97248,-0.24979,-20.85936,-18.9831,-1.87626,3.0087,2.9978,85.0,0.00983,0.3,degraded
49.7,31.71768,31.95702,-0.23935,-21.06037,-19.16766,-1.89271,3.0106,2.9874,85.0,0.01842,0.3,degraded
49.71,31.71313,31.9482,-0.23507,-21.26078,-19.36017,-1.90061,2.9899,2.9962,85.0,0.02369,0.3,degraded
49.72,31.70912,31.93066,-0.22154,-21.46055,-19.52859,-1.93196,3.0066,2.592,85.0,0.01644,0.3,degraded
49.73,31.70571,31.91814,-0.21243,-21.65965,-19.75398,-1.90567,3.0129,2.9968,85.0,0.0,0.3,degraded
49.74,31.70295,31.89749,-0.19455,-21.85805,-19.95124,-1.90681,2.9627,2.9743,85.0,0.01383,0.3,degraded
49.75,31.7009,31.88188,-0.18098,-22.05571,-20.12823,-1.92748,3.0279,2.992,85.0,0.02194,0.3,degraded
49.76,31.69963,31.85934,-0.15971,-22.2526,-20.30408,-1.94852,2.9861,2.9925,85.0,0.00491,0.3,degraded
49.77,31.6992,31.84043,-0.14123,-22.44868,-20.49088,-1.9578,2.9946,3.0,85.0,0.01119,0.3,degraded
49.78,31.69965,31.81519,-0.11554,-22.64393,-20.6888,-1.95513,3.0271,3.0,85.0,0.0059,0.3,degraded
49.79,31.70106,31.79575,-0.09469,-22.8383,-20.89525,-1.94306,3.0012,3.0,85.0,0.00283,0.3,degraded
49.8,31.70348,31.76976,-0.06628,-23.03177,-21.11773,-1.91404,3.0024,2.9956,85.0,0.00674,0.3,degraded
49.81,31.70697,31.75055,-0.04359,-23.22431,-21.36396,-1.86035,3.01,3.0,85.0,0.01895,0.3,degraded
49.82,31.71157,31.72755,-0.01598,-23.41587,-21.53789,-1.87798,2.992,2.9904,85.0,0.0175,0.3,degraded
49.83,31.71735,31.70894,0.0084,-23.60642,-21.76361,-1.84281,3.002,3.0,85.0,0.00657,0.3,degraded
49.84,31.72435,31.68337,0.04098,-23.79593,-21.94352,-1.85241,2.979,0.5899,85.0,0.00426,0.3,degraded
49.85,31.73263,31.66305,0.06959,-23.98437,-22.1745,-1.80986,3.0003,3.0,85.0,0.0,0.3,degraded
49.86,31.74225,31.6384,0.10385,-24.1717,-22.34943,-1.82227,3.0036,0.2772,85.0,0.00335,0.3,degraded
49.87,31.75325,31.61843,0.13481,-24.35789,-22.59442,-1.76347,3.0068,3.0,85.0,0.0195,0.3,degraded
49.88,31.76567,31.58787,0.17781,-24.5429,-22.76517,-1.77773,2.99,3.0,85.0,0.00438,0.3,degraded
49.89,31.77958,31.56316,0.21642,-24.72671,-22.94542,-1.78129,3.0091,3.0,85.0,0.01988,0.3,degraded
49.9,31.79502,31.53329,0.26173,-24.90927,-23.1088,-1.80047,3.0113,0.1992,85.0,0.02509,0.3,degraded
49.91,31.81202,31.51013,0.30189,-25.09056,-23.32269,-1.76787,2.9928,3.0,85.0,0.00401,0.3,degraded
49.92,31.83065,31.48269,0.34797,-25.27054,-23.49334,-1.7772,2.9962,2.9967,85.0,0.00214,0.3,degraded
49.93,31.85094,31.46208,0.38886,-25.44918,-23.65333,-1.79585,2.9875,2.9945,85.0,0.00366,0.3,degraded
49.94,31.87293,31.43475,0.43818,-25.62644,-23.83491,-1.79153,3.0045,2.9991,85.0,0.00872,0.3,degraded
49.95,31.89667,31.42489,0.47178,-25.8023,-24.01917,-1.78312,2.9979,2.9995,85.0,0.00518,0.3,degraded
49.96,31.9222,31.42418,0.49802,-25.97671,-24.21054,-1.76617,3.0018,3.0,85.0,0.00548,0.3,degraded
49.97,31.94955,31.43002,0.51953,-26.14965,-24.38355,-1.7661,2.9885,2.9856,85.0,0.00168,0.3,degraded
49.98,31.97877,31.43159,0.54718,-26.32108,-24.55697,-1.76411,3.0009,2.9834,85.0,0.0072,0.3,degraded
49.99,32.00989,31.44241,0.56748,-26.49098,-24.73531,-1.75566,3.0269,2.9693,85.0,0.01523,0.3,degraded
50.0,32.04294,31.4545,0.58844,-26.6593,-24.97921,-1.68009,2.9955,2.9853,85.0,0.01975,0.3,degraded
50.01,32.07796,31.50211,0.57586,-26.82602,-25.13683,-1.68919,3.0008,2.9979,85.0,0.00701,0.3,degraded
50.02,32.11499,31.54284,0.57215,-26.9911,-25.28222,-1.70888,3.0034,3.0,85.0,0.00414,0.3,degraded
50.03,32.15406,31.59232,0.56174,-27.15452,-25.44078,-1.71374,2.9941,3.0,85.0,0.0018,0.3,degraded
50.04,32.19518,31.6375,0.55769,-27.31623,-25.59845,-1.71778,2.9831,2.9852,85.0,0.002,0.3,degraded
50.05,32.23841,31.68974,0.54866,-27.47622,-25.80069,-1.67553,3.0069,2.9848,85.0,0.01335,0.3,degraded
50.06,32.28375,31.7336,0.55015,-27.63444,-25.97995,-1.65449,3.0103,3.0,85.0,0.00492,0.3,degraded
50.07,32.33124,31.78239,0.54885,-27.79087,-26.1459,-1.64498,2.9992,2.997,85.0,0.00292,0.3,degraded
50.08,32.38091,31.82611,0.5548,-27.94548,-26.3313,-1.61418,2.9803,3.0,85.0,0.01583,0.3,degraded
50.09,32.43276,31.87667,0.5561,-28.09824,-26.48764,-1.6106,2.9995,3.0,85.0,0.00296,0.3,degraded
50.1,32.48684,31.92177,0.56507,-28.2491,-26.6989,-1.5502,2.9977,3.0,85.0,0.00511,0.3,degraded
50.11,32.54316,31.97371,0.56944,-28.39806,-26.84191,-1.55615,3.0123,3.0,85.0,0.01031,0.3,degraded
50.12,32.60173,32.01891,0.58282,-28.54507,-26.98365,-1.56142,2.9631,3.0,85.0,0.00367,0.3,degraded
50.13,32.66258,32.06667,0.59591,-28.69011,-27.21285,-1.47726,3.0194,2.996,85.0,0.0,0.3,degraded
50.14,32.72571,32.10963,0.61609,-28.83314,-27.36731,-1.46584,3.0165,2.9727,85.0,0.00322,0.3,degraded
50.15,32.79116,32.15988,0.63128,-28.97415,-27.51608,-1.45807,2.9937,3.0,85.0,0.00425,0.3,degraded
50.16,32.85892,32.20184,0.65708,-29.11309,-27.68376,-1.42933,2.9969,2.9941,85.0,0.00794,0.3,degraded
50.17,32.92901,32.24938,0.67963,-29.24994,-27.79995,-1.45,2.984,2.9976,85.0,0.00623,0.3,degraded
50.18,33.00145,32.2905,0.71095,-29.38468,-27.97826,-1.40642,2.9988,3.0,85.0,0.00596,0.3,degraded
50.19,33.07623,32.34333,0.7329,-29.51727,-28.09786,-1.41941,3.0039,3.0,85.0,0.00321,0.3,degraded
50.2,33.15337,32.39836,0.75501,-29.6477,-28.27674,-1.37096,3.0178,2.9978,85.0,0.00614,0.3,degraded
50.21,33.23287,32.47135,0.76152,-29.77592,-28.39222,-1.3837,2.9819,3.0,85.0,0.00741,0.3,degraded
50.22,33.31474,32.53734,0.7774,-29.90192,-28.54978,-1.35214,3.0236,2.981,85.0,0.00134,0.3,degraded
50.23,33.39898,32.61072,0.78827,-30.02567,-28.67738,-1.34829,3.0179,2.9999,85.0,0.00878,0.3,degraded
50.24,33.4856,32.67643,0.80917,-30.14714,-28.77142,-1.37571,3.0102,3.0,85.0,0.00418,0.3,degraded
50.25,33.57458,32.75036,0.82422,-30.2663,-28.86341,-1.40289,2.9974,3.0,85.0,0.01048,0.3,degraded
50.26,33.66593,32.82255,0.84338,-30.38314,-29.0147,-1.36845,3.0132,3.0,85.0,0.0216,0.3,degraded
50.27,33.75965,32.91831,0.84134,-30.49763,-29.14745,-1.35018,2.9975,3.0,85.0,0.00962,0.3,degraded
50.28,33.85573,32.99678,0.85895,-30.60974,-29.26038,-1.34936,3.0141,2.9877,85.0,0.01381,0.3,degraded
50.29,33.95416,33.12942,0.82474,-30.71945,-29.41467,-1.30478,3.0012,2.9919,85.0,0.00176,0.3,degraded
50.3,34.05494,33.24357,0.81138,-30.82673,-29.57252,-1.25421,3.0026,2.9854,85.0,0.02229,0.3,degraded
50.31,34.15806,33.32454,0.83352,-30.93157,-29.66297,-1.2686,2.9921,3.0,85.0,0.00411,0.3,degraded
50.32,34.26351,33.40015,0.86336,-31.03394,-29.75518,-1.27876,3.0158,2.9875,85.0,0.0,0.3,degraded
50.33,34.37127,33.48492,0.88635,-31.13381,-29.83918,-1.29464,2.9947,3.0,85.0,0.01403,0.3,degraded
50.34,34.48134,33.59142,0.88992,-31.23117,-29.93429,-1.29689,3.0094,2.7819,85.0,0.00265,0.3,degraded
50.35,34.59369,33.72668,0.867,-31.326,-30.02792,-1.29808,2.9831,3.0,85.0,0.00385,0.3,degraded
50.36,34.70831,33.8515,0.85681,-31.41827,-30.14766,-1.2706,2.9842,2.9998,85.0,0.01157,0.3,degraded
50.37,34.82518,33.96298,0.86219,-31.50796,-30.27672,-1.23124,3.0282,3.0,85.0,0.01077,0.3,degraded
50.38,34.94428,34.04644,0.89784,-31.59505,-30.38705,-1.208,3.0088,3.0,85.0,0.01385,0.3,degraded
50.39,35.06559,34.2478,0.81779,-31.67953,-30.4715,-1.20802,2.9912,2.9842,85.0,0.00698,0.3,degraded
50.4,35.18909,34.38391,0.80518,-31.76137,-30.5627,-1.19867,3.0099,3.0,85.0,0.01119,0.3,degraded
50.41,35.31476,34.47001,0.84475,-31.84055,-30.64652,-1.19403,3.0213,3.0,85.0,0.00547,0.3,degraded
50.42,35.44256,34.56811,0.87445,-31.91707,-30.73572,-1.18135,3.0105,2.9733,85.0,0.00773,0.3,degraded
50.43,35.57247,34.72115,0.85133,-31.99089,-30.81941,-1.17148,3.0071,3.0,85.0,0.01171,0.3,degraded
50.44,35.70447,34.81125,0.89322,-32.06201,-30.90946,-1.15255,3.015,2.9946,85.0,0.00474,0.3,degraded
50.45,35.83852,34.96713,0.8714,-32.1304,-30.99369,-1.13671,2.9933,3.0,85.0,0.00687,0.3,degraded
50.46,35.9746,35.11667,0.85793,-32.19605,-31.0851,-1.11095,3.0066,3.0,85.0,0.01355,0.3,degraded
50.47,36.11266,35.21475,0.89792,-32.25895,-31.17147,-1.08748,2.9987,3.0,85.0,0.0,0.3,degraded
50.48,36.25269,35.35325,0.89944,-32.31907,-31.26324,-1.05583,2.9912,2.9938,85.0,0.00989,0.3,degraded
50.49,36.39463,35.47332,0.92131,-32.37641,-31.34541,-1.03101,3.0008,2.995,85.0,0.00702,0.3,degraded
50.5,36.53846,35.57973,0.95873,-32.43095,-31.43271,-0.99825,2.9956,2.9961,85.0,0.00151,0.3,degraded
50.51,36.68413,35.72155,0.96259,-32.48268,-31.51194,-0.97074,3.0011,2.9996,85.0,0.01212,0.3,degraded
50.52,36.83162,35.877,0.95462,-32.53159,-31.59828,-0.93331,2.9941,3.0,85.0,0.0054,0.3,degraded
50.53,36.98087,36.03311,0.94776,-32.57765,-31.67544,-0.90221,3.0122,2.9828,85.0,0.02421,0.3,degraded
50.54,37.13185,36.12892,1.00293,-32.62086,-31.75881,-0.86205,2.9774,3.0,85.0,0.01841,0.3,degraded
50.55,37.28451,36.27356,1.01095,-32.66122,-31.83627,-0.82495,2.9941,3.0,85.0,0.00682,0.3,degraded
50.56,37.43881,36.38916,1.04965,-32.6987,-31.91936,-0.77934,2.9753,2.9907,85.0,0.00589,0.3,degraded
50.57,37.59471,36.54504,1.04967,-32.7333,-31.99435,-0.73895,3.0137,3.0,85.0,0.00153,0.3,degraded
50.58,37.75215,36.69558,1.05657,-32.765,-32.07452,-0.69048,2.9984,2.9944,85.0,0.00534,0.3,degraded
50.59,37.91109,36.8592,1.05189,-32.79381,-32.14802,-0.64579,3.0034,2.999,85.0,0.00114,0.3,degraded
50.6,38.07148,37.02646,1.04503,-32.8197,-32.22532,-0.59438,2.9793,3.0,85.0,0.00015,0.3,degraded
50.61,38.23328,37.15318,1.0801,-32.84268,-32.29581,-0.54687,0.9098,3.0,85.0,0.00434,0.3,degraded
50.62,38.39642,37.31901,1.07741,-32.86273,-32.37256,-0.49017,2.9807,3.0,85.0,0.00893,0.3,degraded
50.63,38.56086,37.43996,1.1209,-32.87985,-32.44021,-0.43963,2.9855,2.9948,85.0,0.00731,0.3,degraded
50.64,38.72655,37.63012,1.09643,-32.89403,-32.51121,-0.38282,3.0087,2.9946,85.0,0.00868,0.3,degraded
50.65,38.89343,37.81434,1.07908,-32.90526,-32.57332,-0.33194,2.9858,3.0,85.0,0.00788,0.3,degraded
50.66,39.06144,37.93608,1.12535,-32.91355,-32.64184,-0.27171,2.1965,3.0,85.0,0.0,0.3,degraded
50.67,39.23053,38.07585,1.15468,-32.91888,-32.70679,-0.21209,2.9833,2.9863,85.0,0.01872,0.3,degraded
50.68,39.40064,38.21297,1.18767,-32.92126,-32.77681,-0.14445,0.3863,3.0,85.0,0.02261,0.3,degraded
50.69,39.57171,38.42029,1.15143,-32.92067,-32.84238,-0.07829,2.9944,3.0,85.0,0.00123,0.3,degraded
50.7,39.74369,38.5871,1.1566,-32.91712,-32.91631,-0.00081,2.9877,3.0,85.0,0.01314,0.3,degraded
50.71,39.91652,38.71409,1.20243,-32.9106,-32.9845,0.07389,3.0064,3.0,85.0,0.00372,0.3,degraded
50.72,40.09012,38.88333,1.20679,-32.90112,-33.05893,0.15781,2.9953,3.0,85.0,0.0,0.3,degraded
50.73,40.26445,39.01953,1.24492,-32.88866,-33.12554,0.23688,3.0103,2.9948,85.0,0.0086,0.3,degraded
50.74,40.43944,39.15545,1.28399,-32.87324,-33.19945,0.32622,2.9866,2.9947,85.0,0.00995,0.3,degraded
50.75,40.61502,39.3686,1.24642,-32.85485,-33.25747,0.40262,3.0015,2.9979,85.0,0.00071,0.3,degraded
50.76,40.79113,39.51292,1.27821,-32.83348,-33.31313,0.47965,3.0146,2.9998,85.0,0.00958,0.3,degraded
50.77,40.96771,39.67336,1.29435,-32.80915,-33.34657,0.53742,1.8536,2.9932,85.0,0.00838,0.3,degraded
50.78,41.14469,39.84355,1.30114,-32.78186,-33.36808,0.58622,3.0065,2.9846,85.0,0.0039,0.3,degraded
50.79,41.32201,39.99864,1.32337,-32.7516,-33.38389,0.6323,2.9948,2.9947,85.0,0.01149,0.3,degraded
50.8,41.49959,40.18559,1.31401,-32.71838,-33.39879,0.68041,2.9937,3.0,85.0,0.00497,0.3,degraded
50.81,41.67738,40.36966,1.30772,-32.6822,-33.39753,0.71533,3.0207,2.9979,85.0,0.0062,0.3,degraded
50.82,41.85529,40.50931,1.34599,-32.64307,-33.40238,0.75931,3.0039,2.9995,85.0,0.0047,0.3,degraded
50.83,42.03327,40.67277,1.3605,-32.60099,-33.37853,0.77753,3.0254,3.0,85.0,0.00793,0.3,degraded
50.84,42.21125,40.83056,1.38068,-32.55597,-33.35679,0.80081,2.9795,2.9848,85.0,0.00759,0.3,degraded
50.85,42.38914,41.04853,1.34062,-32.50802,-33.32945,0.82144,2.9921,2.9869,85.0,0.00451,0.3,degraded
50.86,42.5669,41.25998,1.30692,-32.45713,-33.30932,0.85219,2.9912,2.9817,85.0,0.01674,0.3,degraded
50.87,42.74443,41.41669,1.32775,-32.40332,-33.27567,0.87235,2.9942,2.9912,85.0,0.00536,0.3,degraded
50.88,42.92168,41.55594,1.36575,-32.3466,-33.2437,0.89711,3.0237,2.9902,85.0,0.00814,0.3,degraded
50.89,43.09857,41.78079,1.31779,-32.28697,-33.20491,0.91795,3.0166,3.0,85.0,0.00526,0.3,degraded
50.9,43.27504,41.94008,1.33495,-32.22444,-33.16504,0.9406,2.9905,3.0,85.0,0.00383,0.3,degraded
50.91,43.45099,42.17141,1.27959,-32.15902,-33.11436,0.95535,2.9909,3.0,85.0,0.00557,0.3,degraded
50.92,43.62638,42.36771,1.25866,-32.09072,-33.06342,0.97271,2.9982,3.0,85.0,0.01645,0.3,degraded
50.93,43.80111,42.50736,1.29375,-32.01955,-33.00388,0.98433,3.0248,3.0,85.0,0.01965,0.3,degraded
50.94,43.97513,42.63839,1.33674,-31.94553,-32.94983,1.0043,3.0303,2.9971,85.0,0.0128,0.3,degraded
50.95,44.14835,42.83015,1.3182,-31.86866,-32.88528,1.01662,2.9888,2.9801,85.0,0.007,0.3,degraded
50.96,44.32071,42.97084,1.34987,-31.78896,-32.81171,1.02276,3.0134,3.0,85.0,0.00372,0.3,degraded
50.97,44.49212,43.12303,1.3691,-31.70643,-32.73358,1.02715,2.8545,3.0,85.0,0.00382,0.3,degraded
50.98,44.66253,43.31,1.35253,-31.6211,-32.66344,1.04234,3.0118,2.9962,85.0,0.01055,0.3,degraded
50.99,44.83184,43.47799,1.35386,-31.53297,-32.58778,1.0548,3.0032,3.0,85.0,0.00388,0.3,degraded
51.0,45.0,43.63647,1.36353,-31.44207,-32.51802,1.07595,2.9875,3.0,85.0,0.0023,0.3,degraded
51.01,45.16692,43.82995,1.33698,-31.3484,-32.4318,1.0834,3.0031,3.0,85.0,0.02486,0.3,degraded
51.02,45.33254,43.98955,1.34299,-31.25198,-32.35201,1.10003,0.8929,3.0,85.0,0.01899,0.3,degraded
51.03,45.49677,44.15818,1.33859,-31.15283,-32.26367,1.11084,3.0115,2.9993,85.0,0.00202,0.3,degraded
51.04,45.65955,44.31107,1.34848,-31.05096,-32.18028,1.12932,3.0056,2.9952,85.0,0.0057,0.3,degraded
51.05,45.82081,44.5176,1.30321,-30.94639,-32.08818,1.14179,2.9989,3.0,85.0,0.01008,0.3,degraded
51.06,45.98046,44.66802,1.31244,-30.83914,-31.99216,1.15302,3.0189,3.0,85.0,0.00099,0.3,degraded
51.07,46.13844,44.82891,1.30953,-30.72922,-31.88732,1.15809,2.9999,3.0,85.0,0.00981,0.3,degraded
51.08,46.29468,44.98673,1.30795,-30.61666,-31.79129,1.17463,3.0122,2.999,85.0,0.00232,0.3,degraded
51.09,46.44909,45.18679,1.26231,-30.50147,-31.68957,1.1881,2.9892,2.9882,85.0,0.0,0.3,degraded
51.1,46.60162,45.34281,1.25881,-30.38368,-31.57063,1.18695,3.0017,3.0,85.0,0.01297,0.3,degraded
51.11,46.75219,45.48121,1.27098,-30.2633,-31.42593,1.16263,2.9941,2.9955,85.0,0.01389,0.3,degraded
51.12,46.90072,45.69603,1.20469,-30.14035,-31.27489,1.13454,3.0125,2.9997,85.0,0.00132,0.3,degraded
51.13,47.04715,45.85584,1.19131,-30.01485,-31.14611,1.13126,2.9861,2.9956,85.0,0.00606,0.3,degraded
51.14,47.19141,46.03466,1.15675,-29.88683,-31.02412,1.13729,2.9925,2.9911,85.0,0.00519,0.3,degraded
51.15,47.33342,46.21522,1.1182,-29.75631,-30.90607,1.14976,2.9924,2.9955,85.0,0.01021,0.3,degraded
51.16,47.47311,46.33732,1.13579,-29.62331,-30.80896,1.18565,3.014,3.0,85.0,0.00755,0.3,degraded
51.17,47.61042,46.46648,1.14394,-29.48785,-30.67507,1.18722,3.0126,3.0,85.0,0.01992,0.3,degraded
51.18,47.74528,46.581,1.16428,-29.34995,-30.51128,1.16133,3.029,3.0,85.0,0.0024,0.3,degraded
51.19,47.87763,46.71693,1.1607,-29.20965,-30.31061,1.10096,3.0042,3.0,85.0,0.02892,0.3,degraded
51.2,48.00738,46.83549,1.17189,-29.06696,-30.19379,1.12683,2.3273,3.0,85.0,0.01254,0.3,degraded
51.21,48.13448,46.97487,1.15961,-28.9219,-30.09678,1.17488,3.0207,2.9891,85.0,0.01445,0.3,degraded
51.22,48.25886,47.10624,1.15262,-28.77451,-29.97051,1.19599,2.985,2.9895,85.0,0.00609,0.3,degraded
51.23,48.38045,47.24679,1.13366,-28.62481,-29.80957,1.18476,3.0103,2.9623,85.0,0.0128,0.3,degraded
51.24,48.49919,47.42496,1.07423,-28.47283,-29.69516,1.22233,2.9971,2.9773,85.0,0.00478,0.3,degraded
51.25,48.61502,47.60501,1.01001,-28.31858,-29.55571,1.23713,2.9782,2.9719,85.0,0.01405,0.3,degraded
51.26,48.72787,47.71676,1.01111,-28.1621,-29.42444,1.26234,3.008,2.9884,85.0,0.0133,0.3,degraded
51.27,48.83768,47.88768,0.95,-28.00342,-29.24893,1.24552,3.0043,3.0,85.0,0.01482,0.3,degraded
51.28,48.94439,48.05567,0.88872,-27.84255,-29.11976,1.27721,3.0158,2.981,85.0,0.01337,0.3,degraded
51.29,49.04793,48.17061,0.87733,-27.67954,-28.95988,1.28035,2.9893,2.9789,85.0,0.01917,0.3,degraded
51.3,49.14826,48.24765,0.90061,-27.5144,-28.82776,1.31336,2.9845,3.0,85.0,0.00966,0.3,degraded
51.31,49.2453,48.32886,0.91644,-27.34717,-28.61074,1.26358,3.0144,3.0,85.0,0.00144,0.3,degraded
51.32,49.339,48.40488,0.93413,-27.17787,-28.44172,1.26385,2.9937,3.0,85.0,0.00689,0.3,degraded
51.33,49.42931,48.48989,0.93943,-27.00654,-28.27183,1.2653,2.9694,3.0,85.0,0.01601,0.3,degraded
51.34,49.51617,48.59631,0.91986,-26.8332,-28.08506,1.25186,2.9558,3.0,85.0,0.01227,0.3,degraded
51.35,49.59952,48.78561,0.81391,-26.65788,-27.95028,1.29241,3.0142,3.0,85.0,0.0229,0.3,degraded
51.36,49.6793,48.90666,0.77264,-26.48061,-27.82472,1.34411,2.9779,2.9771,85.0,0.03383,0.3,degraded
51.37,49.75548,48.99226,0.76322,-26.30143,-27.69896,1.39753,2.9866,2.9973,85.0,0.00769,0.3,degraded
51.38,49.82798,49.06975,0.75824,-26.12036,-27.52414,1.40378,3.0347,2.9901,85.0,0.02967,0.3,degraded
51.39,49.89678,49.15275,0.74403,-25.93743,-27.36818,1.43075,3.0062,1.2848,85.0,0.00221,0.3,degraded
51.4,49.9618,49.23035,0.73145,-25.75268,-27.2156,1.46291,3.0084,1.3942,85.0,0.00031,0.3,degraded
51.41,50.02301,49.31386,0.70915,-25.56614,-27.06386,1.49772,2.9709,2.9887,85.0,0.00847,0.3,degraded
51.42,50.08036,49.3901,0.69026,-25.37784,-26.8631,1.48526,2.9999,2.9957,85.0,0.00259,0.3,degraded
51.43,50.1338,49.4727,0.6611,-25.18781,-26.6711,1.48329,2.9905,3.0,85.0,0.00829,0.3,degraded
51.44,50.18329,49.54966,0.63363,-24.99608,-26.53319,1.5371,3.0013,3.0,85.0,0.01716,0.3,degraded
51.45,50.22878,49.63194,0.59684,-24.80269,-26.3588,1.55611,3.0144,3.0,85.0,0.02072,0.3,degraded
51.46,50.27024,49.70737,0.56287,-24.60767,-26.20247,1.5948,3.0102,2.8043,85.0,0.00432,0.3,degraded
51.47,50.30761,49.79038,0.51723,-24.41104,-26.03815,1.62711,2.9834,2.9876,85.0,0.01033,0.3,degraded
51.48,50.34087,49.86484,0.47602,-24.21286,-25.80981,1.59696,2.9926,2.9633,85.0,0.0035,0.3,degraded
51.49,50.36996,49.9442,0.42576,-24.01314,-25.63506,1.62192,3.0024,2.9944,85.0,0.00607,0.3,degraded
51.5,50.39487,50.01467,0.3802,-23.81192,-25.47,1.65808,2.9932,3.0,85.0,0.00493,0.3,degraded
51.51,50.41554,50.09146,0.32408,-23.60923,-25.27592,1.66668,2.9675,3.0,85.0,0.00758,0.3,degraded
51.52,50.43194,50.15931,0.27264,-23.40512,-25.11792,1.7128,3.021,2.9962,85.0,0.0,0.3,degraded
51.53,50.44405,50.23396,0.21009,-23.19961,-24.93846,1.73885,2.9949,3.0,85.0,0.0064,0.3,degraded
51.54,50.45183,50.3049,0.14693,-22.99274,-24.74141,1.74867,3.0231,3.0,85.0,0.00692,0.3,degraded
51.55,50.45525,50.38143,0.07382,-22.78453,-24.55423,1.76969,3.002,3.0,85.0,0.0005,0.3,degraded
51.56,50.45428,50.45175,0.00253,-22.57504,-24.32917,1.75413,2.9831,2.9795,85.0,0.00816,0.3,degraded
51.57,50.4489,50.52573,-0.07683,-22.36428,-24.15197,1.78769,2.9921,1.7162,85.0,0.00965,0.3,degraded
51.58,50.43907,50.58914,-0.15007,-22.1523,-23.96873,1.81643,2.9819,1.2587,85.0,0.00645,0.3,degraded
51.59,50.42478,50.64675,-0.22198,-21.93913,-23.76172,1.82259,2.8394,3.0,85.0,0.01081,0.3,degraded
51.6,50.406,50.68281,-0.27681,-21.7248,-23.58085,1.85605,3.0016,2.9976,85.0,0.01466,0.3,degraded
51.61,50.3827,50.70749,-0.32479,-21.50936,-23.34488,1.83553,3.0095,2.9941,85.0,0.00097,0.3,degraded
51.62,50.35488,50.72493,-0.37005,-21.29282,-23.15341,1.86059,3.0306,3.0,85.0,0.00333,0.3,degraded
51.63,50.32251,50.74459,-0.42209,-21.07524,-22.91571,1.84047,2.9996,2.9868,85.0,0.00735,0.3,degraded
51.64,50.28557,50.75039,-0.46482,-20.85665,-22.73887,1.88222,2.8422,3.0,85.0,0.01912,0.3,degraded
51.65,50.24405,50.75184,-0.50779,-20.63707,-22.53058,1.89351,2.5484,2.9893,85.0,0.03087,0.3,degraded
51.66,50.19793,50.72472,-0.52679,-20.41655,-22.28827,1.87172,3.026,2.9866,85.0,0.00518,0.3,degraded
51.67,50.14721,50.70494,-0.55773,-20.19512,-22.0522,1.85708,2.9981,2.9954,85.0,0.00212,0.3,degraded
51.68,50.09187,50.67727,-0.5854,-19.97282,-21.83266,1.85985,3.0077,2.9926,85.0,0.00057,0.3,degraded
51.69,50.0319,50.65503,-0.62313,-19.74967,-21.58225,1.83258,3.0249,3.0,85.0,0.01527,0.3,degraded
51.7,49.96729,50.61663,-0.64934,-19.52573,-21.40288,1.87715,2.9771,3.0,85.0,0.0203,0.3,degraded
51.71,49.89805,50.57665,-0.6786,-19.30101,-21.21506,1.91404,2.9747,2.9843,85.0,0.00081,0.3,degraded
51.72,49.82416,50.5292,-0.70504,-19.07557,-21.01798,1.94241,3.0066,0.5433,85.0,0.01894,0.3,degraded
51.73,49.74561,50.48073,-0.73512,-18.84942,-20.81439,1.96497,3.0094,2.9952,85.0,0.0092,0.3,degraded
51.74,49.66242,50.42158,-0.75916,-18.62262,-20.62141,1.99879,3.0082,3.0,85.0,0.00091,0.3,degraded
51.75,49.57458,50.36541,-0.79083,-18.39518,-20.41373,2.01855,3.0089,2.9705,85.0,0.00861,0.3,degraded
51.76,49.48209,50.2957,-0.81361,-18.16716,-20.17455,2.00739,2.9923,2.9963,85.0,0.01991,0.3,degraded
51.77,49.38495,50.22887,-0.84392,-17.93857,-19.98411,2.04553,2.8614,3.0,85.0,0.01688,0.3,degraded
51.78,49.28317,50.14868,-0.86551,-17.70947,-19.77996,2.07049,3.0011,3.0,85.0,0.00733,0.3,degraded
51.79,49.17676,50.07131,-0.89455,-17.47987,-19.56315,2.08327,3.001,3.0,85.0,0.01339,0.3,degraded
51.8,49.06572,49.97305,-0.90733,-17.24983,-19.34066,2.09083,1.5429,2.987,85.0,0.01481,0.3,degraded
51.81,48.95007,49.85303,-0.90297,-17.01937,-19.11733,2.09796,2.9779,0.4395,85.0,0.03605,0.3,degraded
51.82,48.8298,49.76044,-0.93063,-16.78852,-18.87467,2.08616,2.6699,2.9646,85.0,0.01801,0.3,degraded
51.83,48.70495,49.59639,-0.89144,-16.55732,-18.58174,2.02442,3.0152,2.9858,85.0,0.01667,0.3,degraded
51.84,48.57552,49.44282,-0.86731,-16.32581,-18.37562,2.04982,3.0061,2.9958,85.0,0.01984,0.3,degraded
51.85,48.44152,49.35029,-0.90877,-16.09402,-18.1688,2.07478,2.9982,3.0,85.0,0.0132,0.3,degraded
51.86,48.30298,49.25625,-0.95328,-15.86198,-17.8748,2.01282,2.5572,3.0,85.0,0.0018,0.3,degraded
51.87,48.15991,49.14444,-0.98454,-15.62972,-17.65155,2.02182,3.0152,2.9941,85.0,0.01394,0.3,degraded
51.88,48.01233,48.99851,-0.98618,-15.39729,-17.4505,2.05321,3.0068,3.0,85.0,0.01137,0.3,degraded
51.89,47.86027,48.81155,-0.95128,-15.16471,-17.21118,2.04647,2.9864,2.9836,85.0,0.01719,0.3,degraded
51.9,47.70375,48.68184,-0.97809,-14.93202,-17.00346,2.07144,2.9973,2.9894,85.0,0.02384,0.3,degraded
51.91,47.54279,48.56294,-1.02016,-14.69925,-16.8132,2.11394,1.2337,2.9908,85.0,0.02136,0.3,degraded
51.92,47.37742,48.40719,-1.02977,-14.46644,-16.54597,2.07953,3.0104,3.0,85.0,0.0078,0.3,degraded
51.93,47.20767,48.28814,-1.08047,-14.2336,-16.33575,2.10214,2.9906,2.6989,85.0,0.02828,0.3,degraded
51.94,47.03356,48.08407,-1.05051,-14.00079,-16.13609,2.1353,3.0145,3.0,85.0,0.04571,0.3,degraded
51.95,46.85513,47.93437,-1.07923,-13.76803,-15.89525,2.12722,2.974,3.0,85.0,0.03176,0.3,degraded
51.96,46.67242,47.7989,-1.12648,-13.53535,-15.66549,2.13014,2.9769,2.9931,85.0,0.00614,0.3,degraded
51.97,46.48544,47.66786,-1.18242,-13.30278,-15.4362,2.13342,3.0134,2.9905,85.0,0.00925,0.3,degraded
51.98,46.29425,47.50515,-1.2109,-13.07036,-15.15185,2.08149,2.9808,2.9836,85.0,0.00982,0.3,degraded
51.99,46.09887,47.33037,-1.2315,-12.83812,-14.90515,2.06703,2.9864,3.0,85.0,0.00953,0.3,degraded
52.0,45.89935,47.13709,-1.23775,-12.60608,-14.70824,2.10216,3.0061,3.0,85.0,0.00563,0.3,degraded
52.01,45.69571,46.95611,-1.2604,-12.37428,-14.47956,2.10528,2.9857,3.0,85.0,0.00172,0.3,degraded
52.02,45.48801,46.75164,-1.26363,-12.14275,-14.28356,2.1408,2.9855,3.0,85.0,0.00621,0.3,degraded
52.03,45.27629,46.59591,-1.31962,-11.91152,-14.06978,2.15826,2.9949,2.9961,85.0,0.00833,0.3,degraded
52.04,45.06059,46.43053,-1.36994,-11.68062,-13.86192,2.1813,2.9958,3.0,85.0,0.01249,0.3,degraded
52.05,44.84094,46.26657,-1.42563,-11.45007,-13.55606,2.10598,0.828,2.9964,85.0,0.00893,0.3,degraded
52.06,44.61741,46.03548,-1.41807,-11.21992,-13.3372,2.11728,3.0026,2.9707,85.0,0.01288,0.3,degraded
52.07,44.39003,45.85048,-1.46045,-10.99018,-13.05291,2.06274,0.724,2.9799,85.0,0.02288,0.3,degraded
52.08,44.15886,45.63245,-1.47359,-10.76088,-12.81947,2.05859,2.9853,3.0,85.0,0.00295,0.3,degraded
52.09,43.92395,45.43568,-1.51173,-10.53205,-12.58883,2.05678,3.0273,3.0,85.0,0.00817,0.3,degraded
52.1,43.68533,45.20446,-1.51913,-10.30373,-12.39498,2.09125,2.9933,2.9976,85.0,0.01698,0.3,degraded
52.11,43.44308,45.01897,-1.57589,-10.07593,-12.14554,2.0696,3.0206,2.9912,85.0,0.02676,0.3,degraded
52.12,43.19724,44.78139,-1.58415,-9.84869,-11.90235,2.05366,3.0256,2.9976,85.0,0.02914,0.3,degraded
52.13,42.94786,44.57756,-1.6297,-9.62203,-11.71081,2.08878,2.9772,3.0,85.0,0.00603,0.3,degraded
52.14,42.695,44.32129,-1.62629,-9.39598,-11.45137,2.05539,3.0193,2.9694,85.0,0.00158,0.3,degraded
52.15,42.43872,44.1179,-1.67918,-9.17056,-11.24482,2.07426,3.0022,2.256,85.0,0.01595,0.3,degraded
52.16,42.17908,43.89694,-1.71786,-8.9458,-11.01593,2.07013,2.9982,2.9953,85.0,0.03018,0.3,degraded
52.17,41.91613,43.61495,-1.69882,-8.72173,-10.7921,2.07037,2.9987,2.9979,85.0,0.0,0.3,degraded
52.18,41.64993,43.38905,-1.73912,-8.49836,-10.54096,2.0426,2.9983,3.0,85.0,0.00422,0.3,degraded
52.19,41.38055,43.15468,-1.77413,-8.27573,-10.31519,2.03946,2.9877,2.9953,85.0,0.00995,0.3,degraded
52.2,41.10805,42.92784,-1.8198,-8.05386,-10.08963,2.03577,3.0036,3.0,85.0,0.01645,0.3,degraded
52.21,40.83248,42.65159,-1.81911,-7.83277,-9.88518,2.05241,2.9883,0.7286,85.0,0.00557,0.3,degraded
52.22,40.55392,42.37279,-1.81887,-7.61248,-9.63794,2.02546,3.0113,2.9851,85.0,0.03367,0.3,degraded
52.23,40.27242,42.15602,-1.8836,-7.39302,-9.42614,2.03312,2.9829,3.0,85.0,0.02287,0.3,degraded
52.24,39.98806,41.91811,-1.93005,-7.17441,-9.21647,2.04206,3.0101,2.9783,85.0,0.03854,0.3,degraded
52.25,39.7009,41.63016,-1.92926,-6.95667,-9.02198,2.06531,3.0034,2.9755,85.0,0.05318,0.3,degraded
52.26,39.411,41.32087,-1.90986,-6.73983,-8.7432,2.00337,2.9956,3.0,85.0,0.01176,0.3,degraded
52.27,39.11844,41.07796,-1.95952,-6.5239,-8.53677,2.01287,2.9967,2.9942,85.0,0.02208,0.3,degraded
52.28,38.82329,40.83145,-2.00817,-6.3089,-8.31173,2.00282,2.9781,2.9932,85.0,0.02615,0.3,degraded
52.29,38.5256,40.57685,-2.05124,-6.09486,-8.07279,1.97793,1.2662,2.9903,85.0,0.01958,0.3,degraded
52.3,38.22546,40.29077,-2.06531,-5.88179,-7.87961,1.99782,2.99,2.9864,85.0,0.01062,0.3,degraded
52.31,37.92293,40.0387,-2.11577,-5.66972,-7.69565,2.02593,2.9923,3.0,85.0,0.00948,0.3,degraded
52.32,37.61809,39.7139,-2.0958,-5.45866,-7.47338,2.01472,2.9992,2.9944,85.0,0.0074,0.3,degraded
52.33,37.31101,39.4444,-2.13339,-5.24863,-7.25574,2.0071,2.9896,2.9792,85.0,0.00215,0.3,degraded
52.34,37.00175,39.13261,-2.13085,-5.03965,-7.06261,2.02296,3.0102,2.6107,85.0,0.02169,0.3,degraded
52.35,36.6904,38.85848,-2.16807,-4.83174,-6.82233,1.99059,0.3747,2.99,85.0,0.0077,0.3,degraded
52.36,36.37703,38.57141,-2.19437,-4.6249,-6.62577,2.00086,3.0197,2.9971,85.0,0.01274,0.3,degraded
52.37,36.06171,38.26231,-2.2006,-4.41917,-6.36157,1.9424,3.0059,2.9784,85.0,0.01231,0.3,degraded
52.38,35.74452,37.98776,-2.24325,-4.21455,-6.16858,1.95402,3.0297,3.0,85.0,0.0067,0.3,degraded
52.39,35.42553,37.67447,-2.24895,-4.01107,-5.94313,1.93206,3.0158,2.9939,85.0,0.02595,0.3,degraded
52.4,35.10481,37.38281,-2.278,-3.80873,-5.74655,1.93783,2.9935,3.0,85.0,0.01871,0.3,degraded
52.41,34.78245,37.10403,-2.32158,-3.60754,-5.52391,1.91637,3.0205,3.0,85.0,0.02363,0.3,degraded
52.42,34.45852,36.74376,-2.28524,-3.40754,-5.33556,1.92802,2.984,2.9933,85.0,0.01377,0.3,degraded
52.43,34.13309,36.45139,-2.3183,-3.20872,-5.14607,1.93736,3.0069,2.992,85.0,0.00832,0.3,degraded
52.44,33.80625,36.14534,-2.33908,-3.0111,-4.88151,1.87041,3.0026,3.0,85.0,0.00589,0.3,degraded
52.45,33.47807,35.85043,-2.37235,-2.81469,-4.6882,1.87351,0.6154,3.0,85.0,0.00027,0.3,degraded
52.46,33.14863,35.54302,-2.39439,-2.61951,-4.45013,1.83062,2.9973,3.0,85.0,0.00913,0.3,degraded
52.47,32.81801,35.18525,-2.36724,-2.42556,-4.25524,1.82967,2.9853,3.0,85.0,0.01112,0.3,degraded
52.48,32.48628,34.85724,-2.37097,-2.23287,-4.07856,1.84569,2.9952,2.9859,85.0,0.00792,0.3,degraded
52.49,32.15352,34.51611,-2.36259,-2.04143,-3.89804,1.85661,2.9981,2.9902,85.0,0.00305,0.3,degraded
52.5,31.81981,34.18157,-2.36176,-1.85125,-3.69659,1.84534,2.9714,3.0,85.0,0.03173,0.3,degraded
52.51,31.48522,33.87977,-2.39455,-1.66236,-3.5236,1.86124,3.0067,3.0,85.0,0.00537,0.3,degraded
52.52,31.14985,33.52872,-2.37888,-1.47475,-3.33977,1.86502,2.9741,0.5523,85.0,0.01445,0.3,degraded
52.53,30.81375,33.19443,-2.38067,-1.28844,-3.16911,1.88067,3.0092,3.0,85.0,0.01498,0.3,degraded
52.54,30.47702,32.87385,-2.39683,-1.10343,-2.89904,1.79561,3.0038,2.9944,85.0,0.00028,0.3,degraded
52.55,30.13973,32.57169,-2.43197,-0.91973,-2.70325,1.78353,2.9935,3.0,85.0,0.02117,0.3,degraded
52.56,29.80195,32.26715,-2.4652,-0.73735,-2.54797,1.81062,0.9995,3.0,85.0,0.03,0.3,degraded
52.57,29.46377,31.91491,-2.45114,-0.55629,-2.33308,1.77679,2.9925,2.9958,85.0,0.02045,0.3,degraded
52.58,29.12527,31.58731,-2.46204,-0.37656,-2.15875,1.78219,2.9858,2.9755,85.0,0.00519,0.3,degraded
52.59,28.78651,31.25937,-2.47286,-0.19816,-1.93669,1.73853,2.9708,2.9919,85.0,0.02358,0.3,degraded
52.6,28.44758,30.88592,-2.43834,-0.02111,-1.76712,1.74601,3.0278,0.163,85.0,0.01957,0.3,degraded
52.61,28.10856,30.53761,-2.42905,0.1546,-1.53446,1.68906,3.0006,3.0,85.0,0.01335,0.3,degraded
52.62,27.76951,30.20179,-2.43228,0.32896,-1.36627,1.69523,3.0194,2.9941,85.0,0.01007,0.3,degraded
52.63,27.43053,29.83159,-2.40106,0.50197,-1.1677,1.66967,3.0116,3.0,85.0,0.02116,0.3,degraded
52.64,27.09167,29.51802,-2.42635,0.67362,-1.01439,1.68801,2.9995,2.9971,85.0,0.01629,0.3,degraded
52.65,26.75303,29.18853,-2.4355,0.84392,-0.87003,1.71395,3.0027,1.6327,85.0,0.02466,0.3,degraded
52.66,26.41466,28.88923,-2.47457,1.01286,-0.70869,1.72155,2.9799,2.856,85.0,0.0077,0.3,degraded
52.67,26.07666,28.51154,-2.43488,1.18043,-0.49452,1.67495,2.967,3.0,85.0,0.01621,0.3,degraded
52.68,25.73908,28.17682,-2.43774,1.34665,-0.33315,1.67979,3.0272,0.1358,85.0,0.01502,0.3,degraded
52.69,25.40201,27.87433,-2.47232,1.5115,-0.07832,1.58982,2.9938,3.0,85.0,0.03528,0.3,degraded
52.7,25.06552,27.51183,-2.4463,1.67499,0.09357,1.58142,3.0095,3.0,85.0,0.01002,0.3,degraded
52.71,24.72969,27.20004,-2.47035,1.83711,0.23357,1.60355,3.0198,2.0253,85.0,0.01632,0.3,degraded
52.72,24.39457,26.88002,-2.48545,1.99788,0.39735,1.60053,2.9761,2.9894,85.0,0.0076,0.3,degraded
52.73,24.06025,26.57455,-2.51431,2.15728,0.57924,1.57804,3.0124,2.9903,85.0,0.01629,0.3,degraded
52.74,23.72679,26.19765,-2.47086,2.31533,0.7174,1.59793,2.9929,3.0,85.0,0.00707,0.3,degraded
52.75,23.39426,25.82508,-2.43082,2.47202,0.87358,1.59845,3.0,2.9926,85.0,0.01699,0.3,degraded
52.76,23.06274,25.50736,-2.44462,2.62736,1.01766,1.60971,3.004,3.0,85.0,0.02042,0.3,degraded
52.77,22.7323,25.19605,-2.46375,2.78136,1.18767,1.59369,3.0025,2.9861,85.0,0.01961,0.3,degraded
52.78,22.40299,24.87803,-2.47505,2.934,1.34269,1.59131,0.6038,0.7162,85.0,0.0051,0.3,degraded
52.79,22.07488,24.50884,-2.43395,3.0853,1.55379,1.53151,2.997,3.0,85.0,0.02367,0.3,degraded
52.8,21.74805,24.19399,-2.44593,3.23527,1.68776,1.54751,3.0043,3.0,85.0,0.00611,0.3,degraded
52.81,21.42256,23.85643,-2.43387,3.3839,1.89794,1.48597,3.0311,3.0,85.0,0.01018,0.3,degraded
52.82,21.09847,23.53981,-2.44134,3.53121,2.03604,1.49517,3.0137,2.9687,85.0,0.01993,0.3,degraded
52.83,20.77584,23.23182,-2.45597,3.6772,2.24062,1.43659,2.9824,2.9948,85.0,0.02005,0.3,degraded
52.84,20.45475,22.8709,-2.41615,3.82188,2.37255,1.44933,2.9982,2.9784,85.0,0.00618,0.3,degraded
52.85,20.13524,22.56548,-2.43024,3.96524,2.55609,1.40916,3.0283,3.0,85.0,0.00842,0.3,degraded
52.86,19.81738,22.21257,-2.39519,4.10731,2.70415,1.40316,3.0046,3.0,85.0,0.00504,0.3,degraded
52.87,19.50122,21.9153,-2.41407,4.24809,2.85422,1.39387,2.9958,3.0,85.0,0.02047,0.3,degraded
52.88,19.18684,21.61243,-2.42559,4.38758,2.99901,1.38857,2.9985,2.9817,85.0,0.02265,0.3,degraded
52.89,18.87428,21.26214,-2.38787,4.5258,3.13759,1.38821,3.0049,2.9948,85.0,0.00535,0.3,degraded
52.9,18.5636,20.95859,-2.39499,4.66275,3.26029,1.40246,2.9975,2.9939,85.0,0.00697,0.3,degraded
52.91,18.25485,20.64834,-2.39348,4.79844,3.40094,1.3975,3.0096,2.9882,85.0,0.00182,0.3,degraded
52.92,17.9481,20.35511,-2.40701,4.93289,3.52906,1.40382,2.9921,2.9862,85.0,0.01266,0.3,degraded
52.93,17.64339,19.99138,-2.34799,5.06609,3.68985,1.37624,2.9832,2.9998,85.0,0.0222,0.3,degraded
52.94,17.34077,19.68671,-2.34594,5.19808,3.84213,1.35594,2.9932,3.0,85.0,0.02395,0.3,degraded
52.95,17.0403,19.37775,-2.33745,5.32884,3.97525,1.35359,3.0118,2.9714,85.0,0.01985,0.3,degraded
52.96,16.74202,19.06986,-2.32784,5.4584,4.13227,1.32613,3.0111,2.9883,85.0,0.02687,0.3,degraded
52.97,16.44599,18.76791,-2.32192,5.58677,4.2632,1.32357,3.0147,1.5713,85.0,0.02388,0.3,degraded
52.98,16.15224,18.4544,-2.30216,5.71395,4.3901,1.32386,2.9944,3.0,85.0,0.02732,0.3,degraded
52.99,15.86083,18.17611,-2.31528,5.83997,4.4913,1.34867,2.9949,2.9922,85.0,0.01107,0.3,degraded
53.0,15.5718,17.86479,-2.29299,5.96483,4.59558,1.36925,2.9966,2.9474,85.0,0.0254,0.3,degraded
53.01,15.28519,17.55271,-2.26752,6.08855,4.81579,1.27276,3.01,3.0,85.0,0.00499,0.3,degraded
53.02,15.00104,17.25549,-2.25445,6.21113,4.96556,1.24557,2.9776,3.0,85.0,0.0194,0.3,degraded
53.03,14.7194,16.90072,-2.18132,6.3326,5.06085,1.27176,3.0054,2.9496,85.0,0.01571,0.3,degraded
53.04,14.4403,16.60101,-2.16071,6.45297,5.15188,1.30109,3.0079,2.9908,85.0,0.00873,0.3,degraded
53.05,14.16378,16.33413,-2.17035,6.57225,5.28838,1.28388,3.0012,3.0,85.0,0.02326,0.3,degraded
53.06,13.88988,16.07723,-2.18735,6.69046,5.38536,1.3051,2.913,2.9864,85.0,0.01337,0.3,degraded
53.07,13.61863,15.74957,-2.13094,6.8076,5.50415,1.30346,3.0007,2.9975,85.0,0.00918,0.3,degraded
53.08,13.35007,15.46066,-2.1106,6.92371,5.68442,1.23929,3.0107,2.9743,85.0,0.00571,0.3,degraded
53.09,13.08422,15.20554,-2.12132,7.03878,5.84117,1.19761,1.1543,2.9844,85.0,0.01466,0.3,degraded
53.1,12.82112,14.90095,-2.07983,7.15284,5.93323,1.21961,2.9725,3.0,85.0,0.00097,0.3,degraded
53.11,12.5608,14.62736,-2.06656,7.26591,6.03041,1.2355,2.9899,3.0,85.0,0.00493,0.3,degraded
53.12,12.30328,14.32273,-2.01945,7.378,6.12299,1.255,3.0117,2.7735,85.0,0.00444,0.3,degraded
53.13,12.0486,14.07057,-2.02197,7.48912,6.2388,1.25032,0.5345,3.0,85.0,0.00551,0.3,degraded
53.14,11.79677,13.74856,-1.95179,7.59929,6.3564,1.24289,2.9975,2.9837,85.0,0.01915,0.3,degraded
53.15,11.54782,13.49446,-1.94664,7.70853,6.4865,1.22203,2.9966,2.1678,85.0,0.01396,0.3,degraded
53.16,11.30177,13.23321,-1.93144,7.81686,6.58646,1.23041,3.0102,3.0,85.0,0.0043,0.3,degraded
53.17,11.05864,12.99405,-1.9354,7.9243,6.71307,1.21123,3.0213,3.0,85.0,0.01267,0.3,degraded
53.18,10.81846,12.74747,-1.92902,8.03085,6.8066,1.22425,0.2886,2.8779,85.0,0.00936,0.3,degraded
53.19,10.58123,12.43182,-1.85059,8.13655,6.97974,1.15681,2.9953,2.995,85.0,0.01241,0.3,degraded
53.2,10.34697,12.17203,-1.82506,8.2414,7.08348,1.15792,3.0017,3.0,85.0,0.01413,0.3,degraded
53.21,10.11571,11.95111,-1.8354,8.34543,7.1767,1.16873,3.0025,3.0,85.0,0.01031,0.3,degraded
53.22,9.88744,11.69331,-1.80587,8.44865,7.26896,1.17969,2.9875,3.0,85.0,0.0,0.3,degraded
53.23,9.66219,11.44112,-1.77894,8.55109,7.36669,1.1844,2.9969,2.9761,85.0,0.00236,0.3,degraded
53.24,9.43996,11.20652,-1.76657,8.65275,7.46361,1.18915,3.0125,3.0,85.0,0.00738,0.3,degraded
53.25,9.22075,10.95572,-1.73497,8.75367,7.62291,1.13076,3.0273,2.9931,85.0,0.00525,0.3,degraded
53.26,9.00459,10.738,-1.73341,8.85386,7.71977,1.13409,3.0414,2.9862,85.0,0.01418,0.3,degraded
53.27,8.79147,10.52415,-1.73268,8.95333,7.81683,1.1365,0.3006,2.974,85.0,0.00812,0.3,degraded
53.28,8.58139,10.22958,-1.64819,9.05211,7.90827,1.14384,3.0164,2.8095,85.0,0.01289,0.3,degraded
53.29,8.37436,10.00082,-1.62645,9.15022,8.04273,1.10749,3.0141,3.0,85.0,0.01027,0.3,degraded
53.3,8.17038,9.80445,-1.63407,9.24767,8.13374,1.11393,2.9832,3.0,85.0,0.01869,0.3,degraded
53.31,7.96945,9.61207,-1.64262,9.34449,8.22975,1.11474,3.012,2.9527,85.0,0.01824,0.3,degraded
53.32,7.77156,9.39446,-1.6229,9.4407,8.32166,1.11904,3.0092,2.9974,85.0,0.01431,0.3,degraded
53.33,7.57672,9.18996,-1.61324,9.53631,8.42955,1.10676,3.0065,1.6158,85.0,0.00455,0.3,degraded
53.34,7.38491,8.9773,-1.59239,9.63134,8.55302,1.07832,2.9962,2.9619,85.0,0.01499,0.3,degraded
53.35,7.19613,8.79696,-1.60083,9.72582,8.65504,1.07078,2.9789,2.981,85.0,0.00462,0.3,degraded
53.36,7.01037,8.53091,-1.52054,9.81977,8.75311,1.06666,2.9853,2.9932,85.0,0.00545,0.3,degraded
53.37,6.82762,8.33231,-1.50469,9.9132,8.8487,1.0645,2.9747,3.0,85.0,0.00606,0.3,degraded
53.38,6.64787,8.14986,-1.50199,10.00613,8.93807,1.06806,2.9851,2.9832,85.0,0.0,0.3,degraded
53.39,6.4711,7.97683,-1.50573,10.09859,9.03503,1.06356,3.0258,2.9,85.0,0.0066,0.3,degraded
53.4,6.29731,7.76165,-1.46434,10.19059,9.13083,1.05976,3.0062,3.0,85.0,0.00311,0.3,degraded
53.41,6.12648,7.59206,-1.46558,10.28216,9.23366,1.0485,3.0072,2.9959,85.0,0.0,0.3,degraded
53.42,5.95858,7.40588,-1.4473,10.37331,9.32959,1.04372,2.9797,2.9828,85.0,0.00423,0.3,degraded
53.43,5.7936,7.22004,-1.42644,10.46407,9.43268,1.03139,3.0054,3.0,85.0,0.01052,0.3,degraded
53.44,5.63153,7.06166,-1.43013,10.55445,9.54313,1.01132,3.0207,2.9825,85.0,0.01364,0.3,degraded
53.45,5.47233,6.86597,-1.39364,10.64448,9.64695,0.99752,2.998,3.0,85.0,0.01847,0.3,degraded
53.46,5.31598,6.69204,-1.37606,10.73417,9.74426,0.98991,3.0043,2.9933,85.0,0.003,0.3,degraded
53.47,5.16247,6.51629,-1.35382,10.82354,9.84528,0.97826,3.0194,3.0,85.0,0.00973,0.3,degraded
53.48,5.01176,6.32788,-1.31612,10.91262,9.9403,0.97232,2.9658,3.0,85.0,0.00534,0.3,degraded
53.49,4.86383,6.10154,-1.23771,11.00143,10.03775,0.96368,3.0024,2.9917,85.0,0.01585,0.3,degraded
53.5,4.71865,5.9329,-1.21425,11.08998,10.12765,0.96233,2.9832,2.9895,85.0,0.00206,0.3,degraded
53.51,4.57619,5.79489,-1.2187,11.17829,10.2234,0.95489,3.002,2.9866,85.0,0.0047,0.3,degraded
53.52,4.43642,5.64442,-1.208,11.26639,10.31325,0.95314,2.9944,3.0,85.0,0.00601,0.3,degraded
53.53,4.29931,5.50536,-1.20605,11.35429,10.40648,0.9478,3.008,2.9986,85.0,0.0,0.3,degraded
53.54,4.16481,5.35143,-1.18662,11.44201,10.49451,0.9475,3.022,2.9753,85.0,0.01436,0.3,degraded
53.55,4.03291,5.20632,-1.17342,11.52957,10.58952,0.94005,0.0186,2.9913,85.0,0.00865,0.3,degraded
53.56,3.90355,5.05872,-1.15517,11.61699,10.67495,0.94204,1.1873,2.9862,85.0,0.01096,0.3,degraded
53.57,3.77671,4.88887,-1.11216,11.7043,10.76676,0.93753,3.0174,3.0,85.0,0.0014,0.3,degraded
53.58,3.65234,4.73293,-1.08059,11.7915,10.85799,0.93351,2.9988,2.9656,85.0,0.00558,0.3,degraded
53.59,3.53041,4.55791,-1.02751,11.87862,10.95959,0.91903,3.0217,3.0,85.0,0.00524,0.3,degraded
53.6,3.41087,4.43023,-1.01936,11.96567,11.05196,0.91372,1.8278,2.9872,85.0,0.00542,0.3,degraded
53.61,3.29368,4.31361,-1.01993,12.05268,11.15078,0.90191,3.0324,2.9899,85.0,0.02702,0.3,degraded
53.62,3.1788,4.14563,-0.96683,12.13967,11.24433,0.89534,3.0073,2.9896,85.0,0.02255,0.3,degraded
53.63,3.06618,3.97221,-0.90603,12.22664,11.34668,0.87996,3.0097,2.9903,85.0,0.01187,0.3,degraded
53.64,2.95578,3.85241,-0.89663,12.31362,11.44295,0.87067,2.9974,2.9945,85.0,0.01005,0.3,degraded
53.65,2.84755,3.7695,-0.92194,12.40063,11.54433,0.8563,3.0016,2.9992,85.0,0.0008,0.3,degraded
53.66,2.74145,3.67995,-0.9385,12.48768,11.63986,0.84781,3.0079,2.9951,85.0,0.00399,0.3,degraded
53.67,2.63742,3.5208,-0.88338,12.57479,11.73862,0.83617,3.0056,2.9619,85.0,0.00399,0.3,degraded
53.68,2.53541,3.41666,-0.88125,12.66198,11.82789,0.83409,3.0013,2.9933,85.0,0.00582,0.3,degraded
53.69,2.43538,3.3373,-0.90192,12.74927,11.9204,0.82887,2.9926,3.0,85.0,0.00502,0.3,degraded
53.7,2.33727,3.21818,-0.88091,12.83666,12.00443,0.83223,2.9921,2.9826,85.0,0.00363,0.3,degraded
53.71,2.24103,3.11066,-0.86963,12.92419,12.09505,0.82913,3.0243,3.0,85.0,0.00746,0.3,degraded
53.72,2.1466,3.02452,-0.87792,13.01185,12.18028,0.83157,3.0342,2.9658,85.0,0.0,0.3,degraded
53.73,2.05394,2.94179,-0.88785,13.09968,12.2746,0.82509,2.9846,3.0,85.0,0.00364,0.3,degraded
53.74,1.96298,2.8464,-0.88342,13.18768,12.36075,0.82693,2.9859,3.0,85.0,0.00174,0.3,degraded
53.75,1.87368,2.76109,-0.88741,13.27588,12.45504,0.82084,3.0115,3.0,85.0,0.0,0.3,degraded
53.76,1.78597,2.66904,-0.88307,13.36428,12.53993,0.82435,3.025,2.9875,85.0,0.00833,0.3,degraded
53.77,1.69979,2.50526,-0.80547,13.4529,12.62906,0.82384,3.0065,2.994,85.0,0.00309,0.3,degraded
53.78,1.61509,2.39555,-0.78046,13.54175,12.7121,0.82966,3.0005,3.0,85.0,0.00335,0.3,degraded
53.79,1.53181,2.31131,-0.7795,13.63086,12.80122,0.82963,2.9952,2.9924,85.0,0.00316,0.3,degraded
53.8,1.44989,2.2222,-0.77232,13.72022,12.88375,0.83648,2.9996,3.0,85.0,0.00274,0.3,degraded
53.81,1.36926,2.13923,-0.76997,13.80987,12.97231,0.83756,3.0031,2.9918,85.0,0.0,0.3,degraded
53.82,1.28988,2.04897,-0.75909,13.8998,13.05358,0.84622,3.0056,3.0,85.0,0.00205,0.3,degraded
53.83,1.21167,1.96503,-0.75336,13.99003,13.14115,0.84888,2.9735,2.9806,85.0,0.00429,0.3,degraded
53.84,1.13457,1.87561,-0.74104,14.08058,13.22396,0.85662,2.9744,2.997,85.0,0.0,0.3,degraded
53.85,1.05852,1.79542,-0.7369,14.17146,13.31144,0.86003,3.0115,2.9907,85.0,0.00339,0.3,degraded
53.86,0.98346,1.70944,-0.72597,14.26268,13.4012,0.86148,3.0093,2.9886,85.0,0.00452,0.3,degraded
53.87,0.90933,1.62898,-0.71965,14.35425,13.49998,0.85427,3.0077,2.9965,85.0,0.0,0.3,degraded
53.88,0.83605,1.54221,-0.70615,14.44617,13.5898,0.85637,2.9771,3.0,85.0,0.00194,0.3,degraded
53.89,0.76357,1.46432,-0.70074,14.53848,13.68507,0.85341,2.9938,2.9842,85.0,0.00427,0.3,degraded
53.9,0.69182,1.3828,-0.69097,14.63116,13.77202,0.85915,2.9696,2.9843,85.0,0.0,0.3,degraded
53.91,0.62074,1.31042,-0.68968,14.72424,13.86582,0.85842,2.9883,2.9944,85.0,0.00076,0.3,degraded
53.92,0.55025,1.23291,-0.68266,14.81772,13.95393,0.86379,2.9882,2.9881,85.0,0.00451,0.3,degraded
53.93,0.4803,1.16321,-0.6829,14.91162,14.04864,0.86298,3.0097,3.0,85.0,0.0,0.3,degraded
53.94,0.41082,1.08612,-0.6753,15.00593,14.13599,0.86994,3.0032,3.0,85.0,0.00026,0.3,degraded
53.95,0.34173,1.0122,-0.67046,15.10068,14.22913,0.87155,3.0255,3.0,85.0,0.0053,0.3,degraded
53.96,0.27299,0.93042,-0.65743,15.19586,14.31431,0.88155,3.0185,3.0,85.0,0.0,0.3,degraded
53.97,0.20451,0.85628,-0.65178,15.29149,14.40654,0.88495,3.0179,2.9831,85.0,0.00011,0.3,degraded
53.98,0.13623,0.77571,-0.63949,15.38757,14.49389,0.89368,3.0083,2.9782,85.0,0.00437,0.3,degraded
53.99,0.06808,0.70232,-0.63424,15.48412,14.59042,0.89369,3.0044,2.9815,85.0,0.00029,0.3,degraded
54.0,0.0,0.62375,-0.62375,15.58113,14.68276,0.89837,2.991,3.0,85.0,0.0,0.3,degraded
54.01,-0.06808,0.55017,-0.61824,15.67861,14.77933,0.89928,2.9954,3.0,85.0,0.00514,0.3,degraded
54.02,-0.13623,0.47178,-0.608,15.77657,14.87063,0.90594,2.9974,2.9906,85.0,0.0012,0.3,degraded
54.03,-0.20451,0.40031,-0.60482,15.87501,14.97129,0.90373,3.0041,2.9976,85.0,0.0,0.3,degraded
54.04,-0.27299,0.32414,-0.59713,15.97395,15.06425,0.9097,2.9879,2.9862,85.0,0.00361,0.3,degraded
54.05,-0.34173,0.25415,-0.59589,16.07337,15.16301,0.91036,3.0113,2.9932,85.0,0.00174,0.3,degraded
54.06,-0.41082,0.17671,-0.58753,16.1733,15.25547,0.91783,3.0207,3.0,85.0,0.0,0.3,degraded
54.07,-0.4803,0.1048,-0.5851,16.27372,15.35366,0.92006,2.9904,3.0,85.0,0.0039,0.3,degraded
54.08,-0.55025,0.02581,-0.57607,16.37465,15.44692,0.92773,3.0011,2.9944,85.0,0.00206,0.3,degraded
54.09,-0.62074,-0.04577,-0.57496,16.47608,15.54724,0.92884,3.0172,2.9846,85.0,0.0,0.3,degraded
54.1,-0.69182,-0.12176,-0.57007,16.57802,15.64148,0.93654,2.9955,3.0,85.0,0.00388,0.3,degraded
54.11,-0.76357,-0.19,-0.57358,16.68047,15.74563,0.93485,2.9754,3.0,85.0,0.0081,0.3,degraded
54.12,-0.83605,-0.26084,-0.57521,16.78344,15.9127,0.87074,3.0098,2.9941,85.0,0.0,0.3,degraded
54.13,-0.90933,-0.3252,-0.58413,16.88692,16.02272,0.86419,2.9794,2.9973,85.0,0.00837,0.3,degraded
54.14,-0.98346,-0.39691,-0.58655,16.99091,16.10669,0.88421,2.9872,2.9936,85.0,0.00369,0.3,degraded
54.15,-1.05852,-0.46328,-0.59524,17.09541,16.1993,0.89611,2.997,2.9825,85.0,0.0,0.3,degraded
54.16,-1.13457,-0.53789,-0.59668,17.20042,16.28933,0.91109,3.0033,2.9925,85.0,0.00341,0.3,degraded
54.17,-1.21167,-0.60909,-0.60258,17.30595,16.38674,0.91922,2.9848,2.9934,85.0,0.00406,0.3,degraded
54.18,-1.28988,-0.69199,-0.59789,17.41199,16.48033,0.93166,2.9921,2.9955,85.0,0.0,0.3,degraded
54.19,-1.36926,-0.76979,-0.59947,17.51853,16.57912,0.93942,3.0014,3.0,85.0,0.00218,0.3,degraded
54.2,-1.44989,-0.8518,-0.59808,17.62558,16.67733,0.94825,3.0105,2.9967,85.0,0.01,0.3,degraded
54.21,-1.53181,-0.9266,-0.60521,17.73314,16.8478,0.88534,3.0294,3.0,85.0,0.0,0.3,degraded
54.22,-1.61509,-1.00874,-0.60635,17.84119,16.95297,0.88822,2.9699,2.9766,85.0,0.00525,0.3,degraded
54.23,-1.69979,-1.08558,-0.61421,17.94974,17.05611,0.89363,2.9993,2.9904,85.0,0.00454,0.3,degraded
54.24,-1.78597,-1.16936,-0.61661,18.05878,17.15124,0.90754,2.9946,2.9962,85.0,0.0,0.3,degraded
54.25,-1.87368,-1.24869,-0.62498,18.16831,17.25177,0.91654,3.0009,3.0,85.0,0.00055,0.3,degraded
54.26,-1.96298,-1.33284,-0.63014,18.27832,17.34499,0.93334,2.993,3.0,85.0,0.00488,0.3,degraded
54.27,-2.05394,-1.41016,-0.64379,18.38881,17.44418,0.94463,2.9806,3.0,85.0,0.00067,0.3,degraded
54.28,-2.1466,-1.50124,-0.64536,18.49977,17.54,0.95977,2.9954,3.0,85.0,0.00886,0.3,degraded
54.29,-2.24103,-1.58507,-0.65596,18.61119,17.66745,0.94374,3.0068,2.9869,85.0,0.00388,0.3,degraded
54.3,-2.33727,-1.67576,-0.66151,18.72307,17.79525,0.92782,2.9861,3.0,85.0,0.00745,0.3,degraded
54.31,-2.43538,-1.75911,-0.67627,18.8354,17.8985,0.9369,3.006,3.0,85.0,0.0,0.3,degraded
54.32,-2.53541,-1.84875,-0.68666,18.94817,17.99424,0.95393,3.0066,3.0,85.0,0.00428,0.3,degraded
54.33,-2.63742,-1.93422,-0.7032,19.06137,18.09538,0.96599,2.9853,2.9864,85.0,0.00116,0.3,degraded
54.34,-2.74145,-2.0366,-0.70485,19.175,18.19031,0.98469,3.0159,2.9985,85.0,0.00062,0.3,degraded
54.35,-2.84755,-2.154,-0.69355,19.28904,18.29159,0.99745,3.006,3.0,85.0,0.01146,0.3,degraded
54.36,-2.95578,-2.30396,-0.65182,19.40349,18.38886,1.01464,3.0346,2.9899,85.0,0.00888,0.3,degraded
54.37,-3.06618,-2.43713,-0.62905,19.51834,18.53783,0.98051,2.9986,3.0,85.0,0.00715,0.3,degraded
54.38,-3.1788,-2.52844,-0.65036,19.63357,18.66781,0.96575,2.9687,3.0,85.0,0.01035,0.3,degraded
54.39,-3.29368,-2.6085,-0.68518,19.74917,18.8073,0.94187,3.0118,2.9912,85.0,0.0017,0.3,degraded
54.4,-3.41087,-2.69627,-0.7146,19.86513,18.90795,0.95718,3.0144,2.9891,85.0,0.00113,0.3,degraded
54.41,-3.53041,-2.78807,-0.74233,19.98145,19.02129,0.96016,3.01,3.0,85.0,0.01069,0.3,degraded
54.42,-3.65234,-2.94497,-0.70737,20.0981,19.11772,0.98038,3.0062,2.2033,85.0,0.00302,0.3,degraded
54.43,-3.77671,-3.04018,-0.73653,20.21508,19.22671,0.98837,3.0019,2.978,85.0,0.00361,0.3,degraded
54.44,-3.90355,-3.15078,-0.75277,20.33237,19.3217,1.01067,3.0318,2.8797,85.0,0.01291,0.3,degraded
54.45,-4.03291,-3.27878,-0.75413,20.44996,19.49078,0.95918,3.0085,2.9916,85.0,0.00426,0.3,degraded
54.46,-4.16481,-3.39155,-0.77326,20.56783,19.59675,0.97108,2.9957,2.9944,85.0,0.01271,0.3,degraded
54.47,-4.29931,-3.50989,-0.78942,20.68597,19.7088,0.97717,3.0216,3.0,85.0,0.01764,0.3,degraded
54.48,-4.43642,-3.65929,-0.77713,20.80436,19.80368,1.00068,2.9712,3.0,85.0,0.01071,0.3,degraded
54.49,-4.57619,-3.77911,-0.79708,20.92299,19.90427,1.01873,3.0226,3.0,85.0,0.01651,0.3,degraded
54.5,-4.71865,-3.91381,-0.80484,21.04185,20.03797,1.00388,3.0113,3.0,85.0,0.00665,0.3,degraded
54.51,-4.86383,-4.06033,-0.80351,21.16091,20.21059,0.95032,3.0022,2.9821,85.0,0.02539,0.3,degraded
54.52,-5.01176,-4.18326,-0.82851,21.28017,20.30613,0.97403,3.0062,2.9435,85.0,0.02094,0.3,degraded
54.53,-5.16247,-4.32735,-0.83512,21.39959,20.40104,0.99855,2.9871,3.0,85.0,0.0105,0.3,degraded
54.54,-5.31598,-4.45849,-0.85749,21.51917,20.49626,1.02292,2.9914,2.9898,85.0,0.00585,0.3,degraded
54.55,-5.47233,-4.61397,-0.85836,21.63889,20.59617,1.04272,3.0164,2.9302,85.0,0.00956,0.3,degraded
54.56,-5.63153,-4.76047,-0.87106,21.75873,20.70563,1.0531,3.0132,1.1925,85.0,0.00387,0.3,degraded
54.57,-5.7936,-4.90852,-0.88508,21.87867,20.86339,1.01528,3.0083,2.995,85.0,0.01757,0.3,degraded
54.58,-5.95858,-5.02268,-0.9359,21.99869,20.97412,1.02457,3.005,1.8384,85.0,0.00274,0.3,degraded
54.59,-6.12648,-5.18509,-0.94139,22.11877,21.09435,1.02442,3.022,2.9791,85.0,0.01421,0.3,degraded
54.6,-6.29731,-5.33253,-0.96478,22.23889,21.18986,1.04903,3.003,2.9771,85.0,0.00633,0.3,degraded
54.61,-6.4711,-5.47131,-0.9998,22.35904,21.29261,1.06643,3.0036,3.0,85.0,0.00604,0.3,degraded
54.62,-6.64787,-5.67853,-0.96934,22.47919,21.40754,1.07165,2.9843,3.0,85.0,0.01492,0.3,degraded
54.63,-6.82762,-5.84695,-0.98066,22.59932,21.52734,1.07198,3.0008,0.9322,85.0,0.01297,0.3,degraded
54.64,-7.01037,-5.97891,-1.03146,22.71941,21.69985,1.01957,2.9871,2.9807,85.0,0.02164,0.3,degraded
54.65,-7.19613,-6.14571,-1.05042,22.83944,21.81047,1.02897,2.9843,2.9904,85.0,0.01736,0.3,degraded
54.66,-7.38491,-6.3329,-1.05201,22.95939,21.90668,1.05271,2.997,2.9953,85.0,0.01049,0.3,degraded
54.67,-7.57672,-6.47064,-1.10608,23.07923,22.00932,1.06991,2.9931,3.0,85.0,0.01105,0.3,degraded
54.68,-7.77156,-6.63997,-1.13159,23.19895,22.14032,1.05863,3.0093,2.9974,85.0,0.00057,0.3,degraded
54.69,-7.96945,-6.83575,-1.1337,23.31851,22.24632,1.07219,3.0019,3.0,85.0,0.00801,0.3,degraded
54.7,-8.17038,-6.98933,-1.18105,23.4379,22.37296,1.06494,0.9036,3.0,85.0,0.00178,0.3,degraded
54.71,-8.37436,-7.1826,-1.19176,23.55709,22.49468,1.06241,2.9898,3.0,85.0,0.01186,0.3,degraded
54.72,-8.58139,-7.33768,-1.24371,23.67606,22.59289,1.08317,3.001,3.0,85.0,0.03002,0.3,degraded
54.73,-8.79147,-7.52248,-1.26899,23.79479,22.73804,1.05674,2.9803,2.9758,85.0,0.03098,0.3,degraded
54.74,-9.00459,-7.71544,-1.28915,23.91324,22.88226,1.03098,3.0005,2.999,85.0,0.00889,0.3,degraded
54.75,-9.22075,-7.87735,-1.3434,24.03141,23.04254,0.98887,2.9951,3.0,85.0,0.03362,0.3,degraded
54.76,-9.43996,-8.09117,-1.34878,24.14925,23.13843,1.01082,3.024,3.0,85.0,0.00722,0.3,degraded
54.77,-9.66219,-8.26063,-1.40156,24.26675,23.25389,1.01286,3.0182,2.9779,85.0,0.0,0.3,degraded
54.78,-9.88744,-8.50054,-1.3869,24.38388,23.3681,1.01578,3.0182,2.9949,85.0,0.00941,0.3,degraded
54.79,-10.11571,-8.67276,-1.44295,24.50062,23.46583,1.03479,2.993,2.9974,85.0,0.01635,0.3,degraded
54.8,-10.34697,-8.9362,-1.41077,24.61694,23.58144,1.03549,2.9785,3.0,85.0,0.00356,0.3,degraded
54.81,-10.58123,-9.13362,-1.4476,24.73281,23.75138,0.98143,2.9925,2.9964,85.0,0.02634,0.3,degraded
54.82,-10.81846,-9.33007,-1.48839,24.84821,23.84862,0.99959,3.0055,3.0,85.0,0.0202,0.3,degraded
54.83,-11.05864,-9.56259,-1.49605,24.9631,23.94335,1.01976,2.9812,3.0,85.0,0.00755,0.3,degraded
54.84,-11.30177,-9.74901,-1.55276,25.07748,24.04538,1.03209,2.9816,2.9827,85.0,0.02984,0.3,degraded
54.85,-11.54782,-9.97096,-1.57686,25.1913,24.16125,1.03005,3.005,2.9899,85.0,0.02307,0.3,degraded
54.86,-11.79677,-10.19922,-1.59754,25.30454,24.27736,1.02718,3.0089,3.0,85.0,0.00639,0.3,degraded
54.87,-12.0486,-10.42574,-1.62286,25.41717,24.3752,1.04197,3.0156,3.0,85.0,0.00647,0.3,degraded
54.88,-12.30328,-10.64081,-1.66247,25.52917,24.50781,1.02136,2.9931,2.9977,85.0,0.02759,0.3,degraded
54.89,-12.5608,-10.8408,-1.72,25.64051,24.62552,1.01499,2.9848,3.0,85.0,0.00982,0.3,degraded
54.9,-12.82112,-11.13521,-1.68591,25.75116,24.72248,1.02867,2.9992,3.0,85.0,0.00374,0.3,degraded
54.91,-13.08422,-11.37804,-1.70618,25.86109,24.82706,1.03403,2.9854,3.0,85.0,0.01235,0.3,degraded
54.92,-13.35007,-11.58863,-1.76143,25.97027,24.92495,1.04532,2.9824,3.0,85.0,0.02473,0.3,degraded
54.93,-13.61863,-11.86634,-1.75229,26.07868,25.06271,1.01597,2.9874,3.0,85.0,0.02115,0.3,degraded
54.94,-13.88988,-12.13445,-1.75543,26.18629,25.15695,1.02934,2.9916,3.0,85.0,0.00932,0.3,degraded
54.95,-14.16378,-12.36805,-1.79573,26.29307,25.25546,1.03761,2.9869,2.9868,85.0,0.0026,0.3,degraded
54.96,-14.4403,-12.67309,-1.76721,26.39899,25.34889,1.0501,2.9993,2.9966,85.0,0.01294,0.3,degraded
54.97,-14.7194,-12.91039,-1.80901,26.50402,25.45279,1.05123,2.9763,3.0,85.0,0.03441,0.3,degraded
54.98,-15.00104,-13.11874,-1.8823,26.60814,25.63105,0.97708,3.011,3.0,85.0,0.00392,0.3,degraded
54.99,-15.28519,-13.35366,-1.93152,26.71131,25.76332,0.94798,0.2997,3.0,85.0,0.0154,0.3,degraded
55.0,-15.5718,-13.67256,-1.89923,26.81351,25.84934,0.96416,2.9956,2.9708,85.0,0.01684,0.3,degraded
55.01,-15.86083,-13.92452,-1.93631,26.9147,25.94035,0.97435,3.003,3.0,85.0,0.00408,0.3,degraded
55.02,-16.15224,-14.18894,-1.9633,27.01486,26.02955,0.98532,2.9938,3.0,85.0,0.0,0.3,degraded
55.03,-16.44599,-14.42649,-2.0195,27.11397,26.13184,0.98212,3.0157,3.0,85.0,0.02462,0.3,degraded
55.04,-16.74202,-14.72714,-2.01488,27.21198,26.22647,0.98551,2.989,3.0,85.0,0.01865,0.3,degraded
55.05,-17.0403,-14.99571,-2.04459,27.30888,26.32629,0.98258,2.9963,2.9946,85.0,0.02121,0.3,degraded
55.06,-17.34077,-15.23894,-2.10184,27.40462,26.4171,0.98752,2.6485,3.0,85.0,0.01354,0.3,degraded
55.07,-17.64339,-15.53755,-2.10583,27.4992,26.51373,0.98546,2.9974,2.9812,85.0,0.00153,0.3,degraded
55.08,-17.9481,-15.81772,-2.13038,27.59256,26.60522,0.98734,2.9983,2.9705,85.0,0.01234,0.3,degraded
55.09,-18.25485,-16.1102,-2.14466,27.68469,26.70082,0.98387,3.0187,2.9938,85.0,0.02863,0.3,degraded
55.1,-18.5636,-16.39233,-2.17126,27.77556,26.79116,0.9844,3.0039,3.0,85.0,0.00403,0.3,degraded
55.11,-18.87428,-16.68867,-2.18561,27.86514,26.90357,0.96157,2.9848,3.0,85.0,0.00011,0.3,degraded
55.12,-19.18684,-16.99434,-2.1925,27.95339,26.99766,0.95574,3.0003,2.9852,85.0,0.00451,0.3,degraded
55.13,-19.50122,-17.27454,-2.22669,28.0403,27.09854,0.94176,2.9997,3.0,85.0,0.00517,0.3,degraded
55.14,-19.81738,-17.56482,-2.25256,28.12582,27.18858,0.93724,3.0093,2.9959,85.0,0.00913,0.3,degraded
55.15,-20.13524,-17.85432,-2.28092,28.20994,27.28198,0.92796,2.9945,3.0,85.0,0.00263,0.3,degraded
55.16,-20.45475,-18.18679,-2.26796,28.29262,27.37109,0.92154,3.0129,3.0,85.0,0.00457,0.3,degraded
55.17,-20.77584,-18.48022,-2.29563,28.37384,27.46714,0.9067,2.9847,3.0,85.0,0.0,0.3,degraded
55.18,-21.09847,-18.82773,-2.27074,28.45356,27.5552,0.89837,3.0052,3.0,85.0,0.01344,0.3,degraded
55.19,-21.42256,-19.10862,-2.31394,28.53176,27.65005,0.88172,2.9943,2.9892,85.0,0.00699,0.3,degraded
55.2,-21.74805,-19.49001,-2.25804,28.60842,27.73856,0.86985,3.0042,3.0,85.0,0.0011,0.3,degraded
55.21,-22.07488,-19.80149,-2.27339,28.68349,27.83366,0.84983,2.9997,2.9923,85.0,0.00482,0.3,degraded
55.22,-22.40299,-20.08369,-2.3193,28.75696,27.92191,0.83504,2.9924,3.0,85.0,0.01838,0.3,degraded
55.23,-22.7323,-20.36433,-2.36797,28.82879,28.01819,0.81061,2.0637,3.0,85.0,0.01234,0.3,degraded
55.24,-23.06274,-20.67532,-2.38742,28.89897,28.10905,0.78992,2.9983,3.0,85.0,0.00376,0.3,degraded
55.25,-23.39426,-20.98286,-2.4114,28.96745,28.20534,0.76211,3.0047,3.0,85.0,0.00735,0.3,degraded
55.26,-23.72679,-21.32093,-2.40586,29.03422,28.29542,0.7388,3.0014,2.9694,85.0,0.00225,0.3,degraded
55.27,-24.06025,-21.66027,-2.39998,29.09924,28.38772,0.71152,3.0003,3.0,85.0,0.00125,0.3,degraded
55.28,-24.39457,-21.97682,-2.41775,29.1625,28.47487,0.68763,2.976,3.0,85.0,0.00548,0.3,degraded
55.29,-24.72969,-22.30137,-2.42831,29.22396,28.56759,0.65637,2.9758,2.9927,85.0,0.00827,0.3,degraded
55.3,-25.06552,-22.60776,-2.45777,29.28359,28.654,0.62959,3.0061,2.9921,85.0,0.02033,0.3,degraded
55.31,-25.40201,-22.97737,-2.42464,29.34137,28.74641,0.59497,2.9876,3.0,85.0,0.00415,0.3,degraded
55.32,-25.73908,-23.28946,-2.44962,29.39728,28.83145,0.56583,2.9998,3.0,85.0,0.00552,0.3,degraded
55.33,-26.07666,-23.60275,-2.4739,29.45129,28.92571,0.52558,3.0124,3.0,85.0,0.01385,0.3,degraded
55.34,-26.41466,-23.90536,-2.5093,29.50337,29.01451,0.48886,2.7687,3.0,85.0,0.01831,0.3,degraded
55.35,-26.75303,-24.22239,-2.53063,29.55349,29.11106,0.44243,2.9917,3.0,85.0,0.00079,0.3,degraded
55.36,-27.09167,-24.53892,-2.55275,29.60164,29.20033,0.40132,2.9817,3.0,85.0,0.00095,0.3,degraded
55.37,-27.43053,-24.88634,-2.54419,29.64779,29.29638,0.35141,3.0146,3.0,85.0,0.00807,0.3,degraded
55.38,-27.76951,-25.20337,-2.56615,29.69191,29.38713,0.30477,2.2539,3.0,85.0,0.00341,0.3,degraded
55.39,-28.10856,-25.53643,-2.57213,29.73397,29.48478,0.24919,3.014,3.0,85.0,0.00114,0.3,degraded
55.4,-28.44758,-25.86698,-2.5806,29.77396,29.57467,0.1993,2.8195,3.0,85.0,0.00778,0.3,degraded
55.41,-28.78651,-26.20297,-2.58355,29.81186,29.6689,0.14296,3.0026,3.0,85.0,0.00913,0.3,degraded
55.42,-29.12527,-26.57359,-2.55167,29.84763,29.75404,0.09359,2.9825,3.0,85.0,0.0,0.3,degraded
55.43,-29.46377,-26.91319,-2.55058,29.88125,29.84289,0.03836,3.0116,2.9825,85.0,0.0046,0.3,degraded
55.44,-29.80195,-27.27627,-2.52568,29.91271,29.92471,-0.01201,2.9904,2.9785,85.0,0.00334,0.3,degraded
55.45,-30.13973,-27.6069,-2.53283,29.94197,30.01258,-0.07061,2.9949,2.9982,85.0,0.00106,0.3,degraded
55.46,-30.47702,-27.98903,-2.48799,29.96902,30.09504,-0.12601,3.0074,3.0,85.0,0.00559,0.3,degraded
55.47,-30.81375,-28.34635,-2.4674,29.99384,30.18313,-0.18929,3.007,2.979,85.0,0.01173,0.3,degraded
55.48,-31.14985,-28.65988,-2.48996,30.0164,30.26249,-0.24609,3.0047,3.0,85.0,0.01122,0.3,degraded
55.49,-31.48522,-28.97293,-2.51229,30.03669,30.34664,-0.30996,3.0181,2.9885,85.0,0.03046,0.3,degraded
55.5,-31.81981,-29.30651,-2.51329,30.05467,30.39738,-0.3427,2.9996,2.9887,85.0,0.01007,0.3,degraded
55.51,-32.15352,-29.66787,-2.48565,30.07034,30.45286,-0.38252,2.9876,2.9865,85.0,0.00356,0.3,degraded
55.52,-32.48628,-29.98914,-2.49713,30.08368,30.50117,-0.41749,3.0046,3.0,85.0,0.00819,0.3,degraded
55.53,-32.81801,-30.30234,-2.51566,30.09465,30.5533,-0.45865,3.0254,2.76,85.0,0.00623,0.3,degraded
55.54,-33.14863,-30.6963,-2.45234,30.10325,30.58619,-0.48293,3.0049,3.0,85.0,0.00052,0.3,degraded
55.55,-33.47807,-31.02368,-2.4544,30.10946,30.62612,-0.51666,2.9995,2.9431,85.0,0.01641,0.3,degraded
55.56,-33.80625,-31.36782,-2.43844,30.11325,30.65232,-0.53907,2.9748,2.9982,85.0,0.02026,0.3,degraded
55.57,-34.13309,-31.71392,-2.41917,30.11462,30.68085,-0.56624,3.0133,2.9889,85.0,0.00292,0.3,degraded
55.58,-34.45852,-32.03168,-2.42684,30.11353,30.69744,-0.58391,3.0204,2.9967,85.0,0.00466,0.3,degraded
55.59,-34.78245,-32.34545,-2.437,30.10998,30.71542,-0.60544,2.9938,3.0,85.0,0.02569,0.3,degraded
55.6,-35.10481,-32.66988,-2.43493,30.10395,30.7148,-0.61085,3.014,3.0,85.0,0.02046,0.3,degraded
55.61,-35.42553,-33.01542,-2.41011,30.09542,30.72033,-0.62491,3.0015,2.9989,85.0,0.00726,0.3,degraded
55.62,-35.74452,-33.32723,-2.41729,30.08438,30.71901,-0.63463,0.81,3.0,85.0,0.00866,0.3,degraded
55.63,-36.06171,-33.62163,-2.44008,30.07081,30.72061,-0.6498,3.0073,2.5668,85.0,0.01094,0.3,degraded
55.64,-36.37703,-33.98485,-2.39218,30.0547,30.6912,-0.6365,2.985,2.9974,85.0,0.00218,0.3,degraded
55.65,-36.6904,-34.34513,-2.34527,30.03604,30.66869,-0.63265,2.9932,3.0,85.0,0.0165,0.3,degraded
55.66,-37.00175,-34.64829,-2.35346,30.0148,30.63895,-0.62415,3.0254,3.0,85.0,0.02331,0.3,degraded
55.67,-37.31101,-34.92313,-2.38788,29.99098,30.61625,-0.62527,3.0062,3.0,85.0,0.00895,0.3,degraded
55.68,-37.61809,-35.28686,-2.33124,29.96456,30.58769,-0.62313,3.0117,2.9993,85.0,0.02523,0.3,degraded
55.69,-37.92293,-35.62435,-2.29858,29.93553,30.56347,-0.62794,3.0051,2.9826,85.0,0.01133,0.3,degraded
55.7,-38.22546,-35.91081,-2.31465,29.90389,30.53348,-0.62959,3.0015,3.0,85.0,0.00197,0.3,degraded
55.71,-38.5256,-36.25282,-2.27278,29.86961,30.51222,-0.64261,3.0099,2.9998,85.0,0.00532,0.3,degraded
55.72,-38.82329,-36.56618,-2.25711,29.83269,30.4835,-0.65081,2.9978,2.9894,85.0,0.00274,0.3,degraded
55.73,-39.11844,-36.84361,-2.27483,29.79312,30.46117,-0.66805,3.0045,3.0,85.0,0.0,0.3,degraded
55.74,-39.411,-37.14825,-2.26276,29.75088,30.43274,-0.68186,3.0052,2.9925,85.0,0.02297,0.3,degraded
55.75,-39.7009,-37.41879,-2.28211,29.70598,30.41086,-0.70489,2.9848,3.0,85.0,0.01589,0.3,degraded
55.76,-39.98806,-37.70938,-2.27868,29.65839,30.37848,-0.72009,3.0079,2.9994,85.0,0.01447,0.3,degraded
55.77,-40.27242,-37.99959,-2.27284,29.60811,30.34923,-0.74111,0.8362,2.9401,85.0,0.01795,0.3,degraded
55.78,-40.55392,-38.28917,-2.26475,29.55514,30.30873,-0.75359,2.9865,2.9812,85.0,0.00646,0.3,degraded
55.79,-40.83248,-38.5899,-2.24258,29.49947,30.27112,-0.77165,2.996,2.9968,85.0,0.00163,0.3,degraded
55.8,-41.10805,-38.87384,-2.23421,29.44109,30.21933,-0.77824,3.0079,3.0,85.0,0.00723,0.3,degraded
55.81,-41.38055,-39.16082,-2.21973,29.37999,30.17406,-0.79406,2.9913,3.0,85.0,0.01193,0.3,degraded
55.82,-41.64993,-39.50504,-2.1449,29.31617,30.11886,-0.80269,3.0131,3.0,85.0,0.0,0.3,degraded
55.83,-41.91613,-39.81089,-2.10523,29.24963,30.07175,-0.82212,3.0017,3.0,85.0,0.00299,0.3,degraded
55.84,-42.17908,-40.08388,-2.0952,29.18036,30.0164,-0.83604,3.0073,3.0,85.0,0.00472,0.3,degraded
55.85,-42.43872,-40.37831,-2.06041,29.10835,29.96234,-0.85399,3.0062,3.0,85.0,0.00313,0.3,degraded
55.86,-42.695,-40.63537,-2.05963,29.0336,29.90164,-0.86804,3.0158,2.9991,85.0,0.00641,0.3,degraded
55.87,-42.94786,-40.88369,-2.06417,28.95612,29.83811,-0.88199,2.9942,3.0,85.0,0.02057,0.3,degraded
55.88,-43.19724,-41.17633,-2.0209,28.87589,29.76945,-0.89356,3.0045,3.0,85.0,0.01372,0.3,degraded
55.89,-43.44308,-41.43551,-2.00757,28.79292,29.70567,-0.91274,2.9887,2.9872,85.0,0.0137,0.3,degraded
55.9,-43.68533,-41.70506,-1.98027,28.70721,29.63126,-0.92405,2.9966,3.0,85.0,0.00727,0.3,degraded
55.91,-43.92395,-41.94322,-1.98073,28.61875,29.56254,-0.94379,2.9803,2.9876,85.0,0.01778,0.3,degraded
55.92,-44.15886,-42.18713,-1.97173,28.52754,29.48562,-0.95807,3.0254,3.0,85.0,0.0058,0.3,degraded
55.93,-44.39003,-42.47814,-1.91189,28.4336,29.40705,-0.97346,3.0013,3.0,85.0,0.00726,0.3,degraded
55.94,-44.61741,-42.75551,-1.8619,28.33691,29.31518,-0.97827,3.0016,2.9852,85.0,0.00696,0.3,degraded
55.95,-44.84094,-42.97945,-1.86149,28.23748,29.22884,-0.99136,3.0129,2.9893,85.0,0.0056,0.3,degraded
55.96,-45.06059,-43.25112,-1.80946,28.13531,29.13725,-1.00194,3.0048,2.9845,85.0,0.00577,0.3,degraded
55.97,-45.27629,-43.5228,-1.7535,28.0304,29.05195,-1.02155,3.0031,2.966,85.0,0.01021,0.3,degraded
55.98,-45.48801,-43.73905,-1.74897,27.92276,28.95931,-1.03654,2.5444,3.0,85.0,0.00266,0.3,degraded
55.99,-45.69571,-43.94946,-1.74625,27.8124,28.87247,-1.06007,2.9866,2.9845,85.0,0.0465,0.3,degraded
56.0,23.50257,-44.15484,67.65742,16.0196,28.74237,-12.72277,2.9946,3.0,85.0,0.3,0.3,degraded
56.01,23.50257,-43.33001,66.83259,16.0196,27.60955,-11.58995,3.0025,3.0,85.0,0.3,0.3,degraded
56.02,23.50257,-40.90252,64.40509,16.0196,26.32805,-10.30845,3.007,2.5384,85.0,0.3,0.3,degraded
56.03,23.50257,-36.86046,60.36303,16.0196,25.19842,-9.17882,2.9972,3.0,85.0,0.3,0.3,degraded
56.04,23.50257,-31.22364,54.72621,16.0196,24.18242,-8.16282,2.9919,3.0,85.0,0.24503,0.3,degraded
56.05,23.50257,-24.15849,47.66107,16.0196,23.25433,-7.23473,3.0043,3.0,85.0,0.0287,0.3,degraded
56.06,23.50257,-17.45642,40.95899,16.0196,22.42575,-6.40615,3.0194,3.0,85.0,0.17294,0.3,degraded
56.07,23.50257,-11.65602,35.15859,16.0196,21.70916,-5.68956,3.0052,3.0,85.0,0.17292,0.3,degraded
56.08,23.50257,-6.59723,30.0998,16.0196,21.06701,-5.04741,2.9926,3.0,85.0,0.17501,0.3,degraded
56.09,23.50257,-2.21625,25.71882,16.0196,20.51049,-4.49089,2.9865,3.0,85.0,0.14221,0.3,degraded
56.1,23.50257,1.59737,21.9052,16.0196,20.02621,-4.00661,2.991,3.0,85.0,0.10523,0.3,degraded
56.11,23.50257,4.93469,18.56788,16.0196,19.62779,-3.60819,2.9969,2.9987,85.0,0.10983,0.3,degraded
56.12,23.50257,7.81186,15.69071,16.0196,19.29877,-3.27917,3.0179,2.9949,85.0,0.08106,0.3,degraded
56.13,23.50257,10.32691,13.17566,16.0196,18.92968,-2.91008,3.0043,2.9933,85.0,0.05525,0.3,degraded
56.14,23.50257,12.51167,10.9909,16.0196,18.63815,-2.61855,3.012,3.0,85.0,0.0707,0.3,degraded
56.15,23.50257,14.40008,9.10249,16.0196,18.39341,-2.37381,2.9802,3.0,85.0,0.05601,0.3,degraded
56.16,23.50257,16.02218,7.48039,16.0196,18.16286,-2.14325,2.9996,3.0,85.0,0.05761,0.3,degraded
56.17,23.50257,17.42214,6.08043,16.0196,17.96499,-1.94539,3.011,2.9956,85.0,0.03806,0.3,degraded
56.18,23.50257,18.65047,4.8521,16.0196,17.70896,-1.68936,3.0008,2.9849,85.0,0.01591,0.3,degraded
56.19,23.50257,19.68997,3.8126,16.0196,17.50734,-1.48774,2.9409,2.994,85.0,0.04988,0.3,degraded
56.2,23.50257,20.62121,2.88136,16.0196,17.37911,-1.35951,3.0207,3.0,85.0,0.03701,0.3,degraded
56.21,23.50257,21.43862,2.06396,16.0196,17.21651,-1.19691,1.3483,2.9776,85.0,0.01325,0.3,degraded
56.22,23.50257,22.08839,1.41418,16.0196,17.11375,-1.09415,3.0091,3.0,85.0,0.01387,0.3,degraded
56.23,23.50257,22.68279,0.81978,16.0196,17.02545,-1.00585,3.0216,2.994,85.0,0.01557,0.3,degraded
56.24,23.50257,23.1909,0.31167,16.0196,16.92964,-0.91004,2.9701,2.9938,85.0,0.0224,0.3,degraded
56.25,23.50257,23.62698,-0.12441,16.0196,16.83976,-0.82016,3.0106,3.0,85.0,0.01627,0.3,degraded
56.26,23.50257,23.97156,-0.46899,16.0196,16.75735,-0.73775,3.0002,3.0,85.0,0.01388,0.3,degraded
56.27,23.50257,24.26002,-0.75744,16.0196,16.68201,-0.66241,2.9874,3.0,85.0,0.0161,0.3,degraded
56.28,23.50257,24.48234,-0.97977,16.0196,16.59857,-0.57897,2.9959,3.0,85.0,0.01211,0.3,degraded
56.29,23.50257,24.65015,-1.14758,16.0196,16.5169,-0.4973,3.0087,2.9882,85.0,0.01225,0.3,degraded
56.3,23.50257,24.75091,-1.24834,16.0196,16.42617,-0.40657,3.015,3.0,85.0,0.01074,0.3,degraded
56.31,23.50257,24.82618,-1.32361,16.0196,16.34166,-0.32206,3.0103,3.0,85.0,0.00084,0.3,degraded
56.32,23.50257,24.89493,-1.39236,16.0196,16.25441,-0.23481,2.9872,3.0,85.0,0.0,0.3,degraded
56.33,23.50257,24.97181,-1.46924,16.0196,16.17584,-0.15624,3.0046,3.0,85.0,0.00484,0.3,degraded
56.34,23.50257,25.04486,-1.54229,16.0196,16.08818,-0.06858,3.013,3.0,85.0,0.00099,0.3,degraded
56.35,23.50257,25.12444,-1.62186,16.0196,16.00675,0.01285,3.0048,2.9653,85.0,0.0,0.3,degraded
56.36,23.50257,25.19532,-1.69275,16.0196,15.91947,0.10013,3.016,2.9874,85.0,0.01467,0.3,degraded
56.37,23.50257,25.25604,-1.75347,16.0196,15.85394,0.16566,1.8451,2.993,85.0,0.01186,0.3,degraded
56.38,23.50257,25.25118,-1.7486,16.0196,15.79513,0.22447,2.9853,3.0,85.0,0.0,0.3,degraded
56.39,23.50257,25.25449,-1.75191,16.0196,15.74117,0.27843,2.9964,2.9913,85.0,0.00605,0.3,degraded
56.4,23.50257,25.25336,-1.75078,16.0196,15.6987,0.3209,2.9909,2.9927,85.0,0.00464,0.3,degraded
56.41,23.50257,25.26048,-1.7579,16.0196,15.67048,0.34912,3.0054,2.9886,85.0,0.0,0.3,degraded
56.42,23.50257,25.26172,-1.75915,16.0196,15.6381,0.3815,3.0004,2.9874,85.0,0.00458,0.3,degraded
56.43,23.50257,25.25833,-1.75575,16.0196,15.61072,0.40888,2.9795,3.0,85.0,0.00573,0.3,degraded
56.44,23.50257,25.23777,-1.7352,16.0196,15.58175,0.43785,3.0176,3.0,85.0,0.0,0.3,degraded
56.45,23.50257,25.22378,-1.7212,16.0196,15.57044,0.44916,2.9961,2.9906,85.0,0.00505,0.3,degraded
56.46,23.50257,25.19655,-1.69398,16.0196,15.55224,0.46736,2.9959,3.0,85.0,0.00482,0.3,degraded
56.47,23.50257,25.16022,-1.65764,16.0196,15.53878,0.48082,2.9936,2.9979,85.0,0.0,0.3,degraded
56.48,23.50257,25.11675,-1.61417,16.0196,15.53042,0.48918,2.9681,3.0,85.0,0.00391,0.3,degraded
56.49,23.50257,25.07545,-1.57288,16.0196,15.52729,0.49231,2.9892,2.9713,85.0,0.00407,0.3,degraded
56.5,23.50257,25.02623,-1.52365,16.0196,15.52002,0.49959,2.9944,3.0,85.0,0.0,0.3,degraded
56.51,23.50257,24.98175,-1.47917,16.0196,15.51842,0.50118,3.0112,2.9436,85.0,0.00252,0.3,degraded
56.52,23.50257,24.93267,-1.4301,16.0196,15.51446,0.50514,3.0121,2.9978,85.0,0.00367,0.3,degraded
56.53,23.50257,24.88909,-1.38652,16.0196,15.51956,0.50004,2.999,3.0,85.0,0.0,0.3,degraded
56.54,23.50257,24.83935,-1.33677,16.0196,15.52082,0.49878,2.9957,3.0,85.0,0.00161,0.3,degraded
56.55,23.50257,24.79511,-1.29253,16.0196,15.52855,0.49105,3.0031,3.0,85.0,0.00434,0.3,degraded
56.56,23.50257,24.74293,-1.24035,16.0196,15.53207,0.48753,3.0355,2.9816,85.0,0.0,0.3,degraded
56.57,23.50257,24.69964,-1.19707,16.0196,15.54859,0.47101,2.9836,2.9815,85.0,5e-05,0.3,degraded
56.58,23.50257,24.64864,-1.14607,16.0196,15.55637,0.46323,3.0015,3.0,85.0,0.00419,0.3,degraded
56.59,23.50257,24.6044,-1.10182,16.0196,15.57007,0.44953,3.0147,3.0,85.0,0.0,0.3,degraded
56.6,23.50257,24.55656,-1.05399,16.0196,15.57733,0.44227,2.986,2.9986,85.0,0.00046,0.3,degraded
56.61,23.50257,24.51298,-1.01041,16.0196,15.59242,0.42718,3.0079,3.0,85.0,0.00443,0.3,degraded
56.62,23.50257,24.46225,-0.95967,16.0196,15.60022,0.41938,2.9818,3.0,85.0,0.0,0.3,degraded
56.63,23.50257,24.41744,-0.91487,16.0196,15.61443,0.40517,3.0039,3.0,85.0,0.0,0.3,degraded
56.64,23.50257,24.36713,-0.86456,16.0196,15.62194,0.39767,2.9795,3.0,85.0,0.00397,0.3,degraded
56.65,23.50257,24.32172,-0.81914,16.0196,15.634,0.3856,2.997,3.0,85.0,0.0,0.3,degraded
56.66,23.50257,24.27193,-0.76936,16.0196,15.64257,0.37703,2.9868,2.9945,85.0,0.0,0.3,degraded
56.67,23.50257,24.22845,-0.72587,16.0196,15.65683,0.36277,3.0008,2.9902,85.0,0.00437,0.3,degraded
56.68,23.50257,24.17822,-0.67565,16.0196,15.6642,0.3554,3.0006,3.0,85.0,0.00098,0.3,degraded
56.69,23.50257,24.13569,-0.63312,16.0196,15.67666,0.34295,2.9985,3.0,85.0,0.0,0.3,degraded
56.7,23.50257,24.08679,-0.58422,16.0196,15.68222,0.33738,3.0054,2.9796,85.0,0.00413,0.3,degraded
56.71,23.50257,24.04402,-0.54145,16.0196,15.69489,0.32471,3.0057,2.9832,85.0,0.00171,0.3,degraded
56.72,23.50257,23.9962,-0.49363,16.0196,15.70324,0.31637,2.9853,3.0,85.0,0.0,0.3,degraded
56.73,23.50257,23.9532,-0.45062,16.0196,15.72151,0.29809,3.0097,2.9856,85.0,0.00321,0.3,degraded
56.74,23.50257,23.90377,-0.4012,16.0196,15.73489,0.28471,2.9955,3.0,85.0,0.00182,0.3,degraded
56.75,23.50257,23.86302,-0.36045,16.0196,15.75357,0.26603,2.9899,2.9945,85.0,0.0,0.3,degraded
56.76,23.50257,23.81818,-0.31561,16.0196,15.76691,0.2527,2.9955,2.964,85.0,0.004,0.3,degraded
56.77,23.50257,23.78056,-0.27799,16.0196,15.7898,0.2298,2.9846,2.9926,85.0,0.00212,0.3,degraded
56.78,23.50257,23.73704,-0.23446,16.0196,15.80759,0.21201,3.0145,2.9953,85.0,0.0,0.3,degraded
56.79,23.50257,23.70073,-0.19816,16.0196,15.83124,0.18836,3.0245,3.0,85.0,0.00281,0.3,degraded
56.8,23.50257,23.65762,-0.15504,16.0196,15.8491,0.1705,2.9943,3.0,85.0,0.00362,0.3,degraded
56.81,23.50257,23.6194,-0.11682,16.0196,15.87521,0.14439,2.9898,2.9985,85.0,0.0,0.3,degraded
56.82,23.50257,23.57868,-0.07611,16.0196,15.89553,0.12407,3.0268,3.0,85.0,0.00242,0.3,degraded
56.83,23.50257,23.54711,-0.04453,16.0196,15.92175,0.09786,2.9979,3.0,85.0,0.00381,0.3,degraded
56.84,23.50257,23.51002,-0.00745,16.0196,15.93864,0.08096,3.0052,3.0,85.0,0.0,0.3,degraded
56.85,23.50257,23.48111,0.02147,16.0196,15.96024,0.05936,3.0111,3.0,85.0,0.00215,0.3,degraded
56.86,23.50257,23.44713,0.05545,16.0196,15.97164,0.04796,3.0135,2.9993,85.0,0.00339,0.3,degraded
56.87,23.50257,23.41986,0.08271,16.0196,15.98791,0.03169,3.0275,2.9824,85.0,0.0,0.3,degraded
56.88,23.50257,23.38862,0.11396,16.0196,16.00072,0.01888,2.9927,3.0,85.0,0.00224,0.3,degraded
56.89,23.50257,23.36979,0.13278,16.0196,16.01872,0.00088,2.995,2.9858,85.0,0.00525,0.3,degraded
56.9,23.50257,23.35029,0.15228,16.0196,16.03099,-0.01139,2.9967,3.0,85.0,0.0,0.3,degraded
56.91,23.50257,23.33695,0.16563,16.0196,16.05049,-0.03089,2.9771,2.9955,85.0,0.00081,0.3,degraded
56.92,23.50257,23.32028,0.18229,16.0196,16.06425,-0.04464,3.0018,2.9713,85.0,0.00583,0.3,degraded
56.93,23.50257,23.31606,0.18651,16.0196,16.08922,-0.06961,3.023,3.0,85.0,0.00061,0.3,degraded
56.94,23.50257,23.30853,0.19405,16.0196,16.1074,-0.0878,2.9985,3.0,85.0,0.00065,0.3,degraded
56.95,23.50257,23.30584,0.19673,16.0196,16.132,-0.1124,3.0026,3.0,85.0,0.0056,0.3,degraded
56.96,23.50257,23.30523,0.19735,16.0196,16.15002,-0.13042,2.9743,3.0,85.0,0.00179,0.3,degraded
56.97,23.50257,23.31794,0.18463,16.0196,16.17243,-0.15283,2.9834,2.9976,85.0,0.0,0.3,degraded
56.98,23.50257,23.32535,0.17723,16.0196,16.18951,-0.16991,2.9974,3.0,85.0,0.00401,0.3,degraded
56.99,23.50257,23.33771,0.16486,16.0196,16.2149,-0.1953,3.02,3.0,85.0,0.00062,0.3,degraded
57.0,23.50257,23.34464,0.15794,16.0196,16.23477,-0.21517,2.9926,2.9876,85.0,0.0,0.3,degraded
57.01,23.50257,23.3577,0.14488,16.0196,16.26019,-0.24059,2.9939,2.9864,85.0,0.00405,0.3,degraded
57.02,23.50257,23.36443,0.13814,16.0196,16.27998,-0.26038,3.0097,2.9944,85.0,0.00171,0.3,degraded
57.03,23.50257,23.37622,0.12636,16.0196,16.30822,-0.28862,2.9814,2.9682,85.0,0.0,0.3,degraded
57.04,23.50257,23.38139,0.12119,16.0196,16.33431,-0.31471,3.0065,3.0,85.0,0.00485,0.3,degraded
57.05,23.50257,23.39141,0.11117,16.0196,16.37136,-0.35176,3.0173,2.9984,85.0,0.00232,0.3,degraded
57.06,23.50257,23.39546,0.10711,16.0196,16.40416,-0.38456,2.9948,3.0,85.0,0.0,0.3,degraded
57.07,23.50257,23.40705,0.09552,16.0196,16.44448,-0.42488,3.0054,3.0,85.0,0.00297,0.3,degraded
57.08,23.50257,23.41408,0.08849,16.0196,16.47822,-0.45862,2.998,2.99,85.0,0.00232,0.3,degraded
57.09,23.50257,23.42582,0.07675,16.0196,16.51925,-0.49965,3.0152,3.0,85.0,0.0,0.3,degraded
57.1,23.50257,23.43085,0.07173,16.0196,16.55366,-0.53405,3.0054,2.9841,85.0,0.00351,0.3,degraded
57.11,23.50257,23.44215,0.06042,16.0196,16.59604,-0.57644,2.9863,3.0,85.0,0.00429,0.3,degraded
57.12,23.50257,23.44657,0.056,16.0196,16.61942,-0.59982,2.9941,2.995,85.0,0.00024,0.3,degraded
57.13,23.50257,23.45611,0.04646,16.0196,16.64484,-0.62524,3.0261,2.9964,85.0,0.00265,0.3,degraded
57.14,23.50257,23.45995,0.04262,16.0196,16.66311,-0.64351,2.9876,2.9936,85.0,0.00408,0.3,degraded
57.15,23.50257,23.4692,0.03337,16.0196,16.68514,-0.66554,3.0269,2.9819,85.0,0.0,0.3,degraded
57.16,23.50257,23.47076,0.03181,16.0196,16.68916,-0.66956,2.9882,2.9941,85.0,0.00207,0.3,degraded
57.17,23.50257,23.47772,0.02486,16.0196,16.70029,-0.68069,2.9999,2.9738,85.0,0.004,0.3,degraded
57.18,23.50257,23.47745,0.02512,16.0196,16.70315,-0.68355,2.9901,3.0,85.0,0.0,0.3,degraded
57.19,23.50257,23.48145,0.02113,16.0196,16.70655,-0.68695,2.9955,3.0,85.0,0.00203,0.3,degraded
57.2,23.50257,23.47763,0.02494,16.0196,16.6998,-0.6802,3.0233,2.9955,85.0,0.0038,0.3,degraded
57.21,23.50257,23.47963,0.02294,16.0196,16.70077,-0.68117,2.9956,3.0,85.0,0.0,0.3,degraded
57.22,23.50257,23.47551,0.02706,16.0196,16.69333,-0.67373,2.9669,2.9913,85.0,0.00132,0.3,degraded
57.23,23.50257,23.47515,0.02743,16.0196,16.69088,-0.67128,2.9953,3.0,85.0,0.0043,0.3,degraded
57.24,23.50257,23.46827,0.03431,16.0196,16.6806,-0.661,3.0184,2.9882,85.0,0.0,0.3,degraded
57.25,23.50257,23.46703,0.03554,16.0196,16.67567,-0.65607,3.0136,2.9901,85.0,0.0014,0.3,degraded
57.26,23.50257,23.46085,0.04172,16.0196,16.65328,-0.63368,2.9931,3.0,85.0,0.00571,0.3,degraded
57.27,23.50257,23.45948,0.0431,16.0196,16.6362,-0.6166,2.9992,3.0,85.0,0.0,0.3,degraded
57.28,23.50257,23.45377,0.0488,16.0196,16.61297,-0.59337,3.0113,3.0,85.0,0.0,0.3,degraded
57.29,23.50257,23.4559,0.04667,16.0196,16.59581,-0.57621,3.0124,3.0,85.0,0.00464,0.3,degraded
57.3,23.50257,23.45225,0.05032,16.0196,16.57257,-0.55297,2.981,3.0,85.0,0.0,0.3,degraded
57.31,23.50257,23.45619,0.04639,16.0196,16.55599,-0.53639,2.9997,3.0,85.0,0.0,0.3,degraded
57.32,23.50257,23.45361,0.04896,16.0196,16.53333,-0.51373,3.0117,3.0,85.0,0.00425,0.3,degraded
57.33,23.50257,23.45754,0.04504,16.0196,16.51696,-0.49736,2.993,3.0,85.0,0.00016,0.3,degraded
57.34,23.50257,23.45629,0.04628,16.0196,16.49361,-0.47401,2.995,3.0,85.0,0.0,0.3,degraded
57.35,23.50257,23.46035,0.04222,16.0196,16.47789,-0.45829,3.0308,3.0,85.0,0.00374,0.3,degraded
57.36,23.50257,23.45785,0.04472,16.0196,16.4559,-0.4363,3.0005,2.9902,85.0,0.00117,0.3,degraded
57.37,23.50257,23.46376,0.03881,16.0196,16.43982,-0.42022,3.0083,2.9888,85.0,0.0,0.3,degraded
57.38,23.50257,23.46202,0.04055,16.0196,16.41838,-0.39877,2.9724,2.9815,85.0,0.00368,0.3,degraded
57.39,23.50257,23.46548,0.03709,16.0196,16.40482,-0.38521,2.9976,2.977,85.0,0.00155,0.3,degraded
57.4,23.50257,23.46291,0.03966,16.0196,16.38545,-0.36585,3.0039,3.0,85.0,0.0,0.3,degraded
57.41,23.50257,23.46648,0.0361,16.0196,16.3744,-0.3548,3.004,2.9999,85.0,0.00337,0.3,degraded
57.42,23.50257,23.46382,0.03876,16.0196,16.35651,-0.33691,3.0073,2.9955,85.0,0.0019,0.3,degraded
57.43,23.50257,23.46719,0.03539,16.0196,16.34623,-0.32663,2.9994,3.0,85.0,0.0,0.3,degraded
57.44,23.50257,23.46563,0.03694,16.0196,16.32832,-0.30872,2.9962,3.0,85.0,0.00296,0.3,degraded
57.45,23.50257,23.47022,0.03236,16.0196,16.317,-0.2974,3.0022,3.0,85.0,0.00281,0.3,degraded
57.46,23.50257,23.46982,0.03276,16.0196,16.29956,-0.27996,3.0064,3.0,85.0,0.0,0.3,degraded
57.47,23.50257,23.47845,0.02412,16.0196,16.28867,-0.26907,2.9948,3.0,85.0,0.00278,0.3,degraded
57.48,23.50257,23.48174,0.02083,16.0196,16.26834,-0.24874,2.985,3.0,85.0,0.00371,0.3,degraded
57.49,23.50257,23.48947,0.01311,16.0196,16.25437,-0.23476,2.9955,2.9958,85.0,0.0,0.3,degraded
57.5,23.50257,23.49025,0.01232,16.0196,16.23448,-0.21488,2.9789,2.9959,85.0,0.0019,0.3,degraded
57.51,23.50257,23.49434,0.00824,16.0196,16.22087,-0.20127,2.9477,3.0,85.0,0.0035,0.3,degraded
57.52,23.50257,23.49226,0.01032,16.0196,16.19984,-0.18024,3.0343,2.999,85.0,0.0,0.3,degraded
57.53,23.50257,23.49856,0.00401,16.0196,16.18654,-0.16694,3.0146,2.9842,85.0,0.00174,0.3,degraded
57.54,23.50257,23.49654,0.00603,16.0196,16.17012,-0.15051,2.9914,3.0,85.0,0.00424,0.3,degraded
57.55,23.50257,23.49833,0.00424,16.0196,16.15882,-0.13922,3.0187,3.0,85.0,0.0,0.3,degraded
57.56,23.50257,23.49308,0.0095,16.0196,16.14083,-0.12123,2.9989,2.9848,85.0,0.00155,0.3,degraded
57.57,23.50257,23.49206,0.01051,16.0196,16.13045,-0.11084,2.9902,2.9944,85.0,0.00537,0.3,degraded
57.58,23.50257,23.48275,0.01982,16.0196,16.11555,-0.09595,2.9797,2.9938,85.0,0.0,0.3,degraded
57.59,23.50257,23.47848,0.02409,16.0196,16.1087,-0.0891,3.0333,3.0,85.0,0.00067,0.3,degraded
57.6,23.50257,23.46823,0.03435,16.0196,16.09464,-0.07504,2.9896,2.9823,85.0,0.00425,0.3,degraded
57.61,23.50257,23.46445,0.03813,16.0196,16.08661,-0.06701,2.9844,2.9925,85.0,0.0,0.3,degraded
57.62,23.50257,23.45261,0.04996,16.0196,16.07325,-0.05365,3.0047,2.9935,85.0,0.00025,0.3,degraded
57.63,23.50257,23.44453,0.05805,16.0196,16.0662,-0.0466,3.0025,2.9945,85.0,0.00407,0.3,degraded
57.64,23.50257,23.43003,0.07254,16.0196,16.05454,-0.03494,3.0017,3.0,85.0,0.00053,0.3,degraded
57.65,23.50257,23.42018,0.08239,16.0196,16.04572,-0.02612,3.0164,3.0,85.0,0.0,0.3,degraded
57.66,23.50257,23.40862,0.09396,16.0196,16.03312,-0.01352,3.0191,2.9923,85.0,0.00436,0.3,degraded
57.67,23.50257,23.40522,0.09735,16.0196,16.02772,-0.00812,3.0031,2.9857,85.0,0.00065,0.3,degraded
57.68,23.50257,23.395,0.10758,16.0196,16.0147,0.00491,2.9999,3.0,85.0,0.0,0.3,degraded
57.69,23.50257,23.39405,0.10853,16.0196,16.00742,0.01218,2.997,2.9915,85.0,0.0041,0.3,degraded
57.7,23.50257,23.38676,0.11581,16.0196,15.99463,0.02497,3.0153,3.0,85.0,0.0019,0.3,degraded
57.71,23.50257,23.38985,0.11272,16.0196,15.98869,0.03091,2.9755,3.0,85.0,0.0,0.3,degraded
57.72,23.50257,23.38431,0.11826,16.0196,15.97604,0.04356,2.9965,3.0,85.0,0.00405,0.3,degraded
57.73,23.50257,23.38483,0.11775,16.0196,15.96879,0.05081,2.9764,2.9796,85.0,0.0024,0.3,degraded
57.74,23.50257,23.38099,0.12158,16.0196,15.95387,0.06574,2.9929,3.0,85.0,0.0,0.3,degraded
57.75,23.50257,23.38609,0.11648,16.0196,15.94171,0.07789,3.0151,3.0,85.0,0.00301,0.3,degraded
57.76,23.50257,23.38721,0.11536,16.0196,15.92276,0.09684,3.0093,2.9976,85.0,0.0026,0.3,degraded
57.77,23.50257,23.3935,0.10908,16.0196,15.9088,0.1108,3.0144,2.9985,85.0,0.0,0.3,degraded
57.78,23.50257,23.3914,0.11117,16.0196,15.88687,0.13273,3.0079,2.9848,85.0,0.00316,0.3,degraded
57.79,23.50257,23.39507,0.1075,16.0196,15.87013,0.14947,2.9809,3.0,85.0,0.00363,0.3,degraded
57.8,23.50257,23.39424,0.10833,16.0196,15.84631,0.17329,3.0066,3.0,85.0,0.0,0.3,degraded
57.81,23.50257,23.40242,0.10015,16.0196,15.82929,0.19031,3.011,2.9901,85.0,0.00297,0.3,degraded
57.82,23.50257,23.40545,0.09712,16.0196,15.80469,0.21492,3.02,2.9961,85.0,0.00362,0.3,degraded
57.83,23.50257,23.41739,0.08519,16.0196,15.7872,0.2324,3.0119,2.9857,85.0,0.0,0.3,degraded
57.84,23.50257,23.42238,0.0802,16.0196,15.76572,0.25388,2.9767,2.9879,85.0,0.00202,0.3,degraded
57.85,23.50257,23.43193,0.07064,16.0196,15.75277,0.26684,3.0157,2.9945,85.0,0.00401,0.3,degraded
57.86,23.50257,23.43543,0.06715,16.0196,15.73671,0.28289,2.9898,2.9885,85.0,0.0,0.3,degraded
57.87,23.50257,23.44878,0.05379,16.0196,15.72729,0.29231,3.0001,2.9983,85.0,0.00207,0.3,degraded
57.88,23.50257,23.45884,0.04373,16.0196,15.71393,0.30567,3.0426,3.0,85.0,0.00444,0.3,degraded
57.89,23.50257,23.47479,0.02778,16.0196,15.7086,0.311,2.9967,3.0,85.0,0.0,0.3,degraded
57.9,23.50257,23.48508,0.01749,16.0196,15.69669,0.32291,3.0005,2.9996,85.0,0.00042,0.3,degraded
57.91,23.50257,23.50237,0.0002,16.0196,15.6909,0.3287,3.0149,3.0,85.0,0.00384,0.3,degraded
57.92,23.50257,23.51297,-0.01039,16.0196,15.67768,0.34192,2.9895,2.9972,85.0,0.0,0.3,degraded
57.93,23.50257,23.5298,-0.02723,16.0196,15.66956,0.35004,2.9982,2.9684,85.0,0.0,0.3,degraded
57.94,23.50257,23.54134,-0.03876,16.0196,15.65583,0.36378,3.0268,2.9932,85.0,0.00384,0.3,degraded
57.95,23.50257,23.55909,-0.05652,16.0196,15.64662,0.37298,3.0082,2.9861,85.0,0.0,0.3,degraded
57.96,23.50257,23.57004,-0.06747,16.0196,15.63253,0.38707,3.0015,2.9926,85.0,0.0,0.3,degraded
57.97,23.50257,23.58893,-0.08636,16.0196,15.62746,0.39215,3.0052,2.9986,85.0,0.00452,0.3,degraded
57.98,23.50257,23.6014,-0.09883,16.0196,15.61707,0.40253,2.9885,2.9881,85.0,0.00019,0.3,degraded
57.99,23.50257,23.62065,-0.11808,16.0196,15.61312,0.40648,2.9894,2.9719,85.0,0.03259,0.3,degraded
58.0,-32.04294,23.59958,-55.64252,-16.70743,15.60578,-32.31321,2.9951,3.0,85.0,0.3,0.3,degraded
58.01,-32.00989,22.48388,-54.49377,-16.8434,14.51557,-31.35897,2.9769,3.0,85.0,0.3,0.3,degraded
58.02,-31.97877,19.75269,-51.73146,-16.97732,11.69005,-28.66737,3.011,3.0,85.0,0.3,0.3,degraded
58.03,-31.94955,15.42182,-47.37137,-17.10921,8.69489,-25.8041,2.999,2.9877,85.0,0.3,0.3,degraded
58.04,-31.9222,9.58309,-41.50529,-17.23907,6.00463,-23.2437,2.9988,3.0,85.0,0.07741,0.3,degraded
58.05,-31.89667,3.98033,-35.877,-17.3669,3.55373,-20.92063,2.9871,3.0,85.0,0.16775,0.3,degraded
58.06,-31.87293,-0.9164,-30.95653,-17.49271,1.36099,-18.8537,3.0082,2.9921,85.0,0.16795,0.3,degraded
58.07,-31.85094,-5.1609,-26.69004,-17.61651,-0.6493,-16.96721,2.9881,3.0,85.0,0.14419,0.3,degraded
58.08,-31.83065,-8.85761,-22.97304,-17.73829,-2.49599,-15.24231,3.0109,2.9854,85.0,0.16464,0.3,degraded
58.09,-31.81202,-12.08995,-19.72207,-17.85808,-4.13052,-13.72757,2.9927,2.9992,85.0,0.14994,0.3,degraded
58.1,-31.79502,-14.89816,-16.89686,-17.97588,-5.57591,-12.39997,2.9932,2.9748,85.0,0.06669,0.3,degraded
58.11,-31.77958,-17.36075,-14.41883,-18.0917,-6.93241,-11.15929,3.0071,3.0,85.0,0.09309,0.3,degraded
58.12,-31.76567,-19.48879,-12.27688,-18.20554,-8.14781,-10.05774,2.9891,3.0,85.0,0.0885,0.3,degraded
58.13,-31.75325,-21.35873,-10.39452,-18.31742,-9.18542,-9.132,2.9939,3.0,85.0,0.05588,0.3,degraded
58.14,-31.74225,-22.97511,-8.76714,-18.42735,-10.14812,-8.27923,2.999,2.9872,85.0,0.05781,0.3,degraded
58.15,-31.73263,-24.3506,-7.38204,-18.53533,-11.02355,-7.51178,3.0062,3.0,85.0,0.06459,0.3,degraded
58.16,-31.72435,-25.53469,-6.18966,-18.64137,-11.82256,-6.81881,2.9982,3.0,85.0,0.06754,0.3,degraded
58.17,-31.71735,-26.61341,-5.10394,-18.7455,-12.53335,-6.21215,3.0046,3.0,85.0,0.04285,0.3,degraded
58.18,-31.71157,-27.54783,-4.16373,-18.84771,-13.16975,-5.67796,3.0004,3.0,85.0,0.03759,0.3,degraded
58.19,-31.70697,-28.35511,-3.35186,-18.94803,-13.73699,-5.21104,3.0349,3.0,85.0,0.03808,0.3,degraded
58.2,-31.70348,-29.03333,-2.67015,-19.04646,-14.26964,-4.77682,3.0006,3.0,85.0,0.03213,0.3,degraded
58.21,-31.70106,-29.60411,-2.09695,-19.14302,-14.75882,-4.3842,3.007,3.0,85.0,0.01499,0.3,degraded
58.22,-31.69965,-30.11848,-1.58118,-19.23771,-15.20194,-4.03577,2.9877,1.6885,85.0,0.02442,0.3,degraded
58.23,-31.6992,-30.56237,-1.13682,-19.33056,-15.63217,-3.69839,2.9969,2.9747,85.0,0.0199,0.3,degraded
58.24,-31.69963,-30.9506,-0.74903,-19.42158,-16.01014,-3.41144,2.9997,3.0,85.0,0.02104,0.3,degraded
58.25,-31.7009,-31.27231,-0.42859,-19.51078,-16.35311,-3.15767,2.9978,2.9911,85.0,0.0247,0.3,degraded
58.26,-31.70295,-31.53912,-0.16382,-19.59817,-16.69421,-2.90396,2.9972,2.9974,85.0,0.01289,0.3,degraded
58.27,-31.70571,-31.73627,0.03056,-19.68378,-16.98796,-2.69582,2.9682,2.9986,85.0,0.01591,0.3,degraded
58.28,-31.70912,-31.88068,0.17155,-19.76761,-17.28136,-2.48625,3.0082,2.9641,85.0,0.01558,0.3,degraded
58.29,-31.71313,-31.96491,0.25177,-19.84969,-17.58793,-2.26175,3.0114,3.0,85.0,0.01847,0.3,degraded
58.3,-31.71768,-32.04752,0.32985,-19.93002,-17.82309,-2.10693,3.0043,2.9959,85.0,0.00673,0.3,degraded
58.31,-31.72268,-32.12394,0.40126,-20.00863,-18.04869,-1.95995,2.9838,2.9968,85.0,0.01216,0.3,degraded
58.32,-31.7281,-32.20531,0.47721,-20.08553,-18.28494,-1.80059,2.9995,3.0,85.0,0.00134,0.3,degraded
58.33,-31.73386,-32.27842,0.54456,-20.16074,-18.50974,-1.65101,2.972,3.0,85.0,0.01258,0.3,degraded
58.34,-31.73989,-32.35818,0.61829,-20.23428,-18.66784,-1.56644,3.0153,2.9933,85.0,0.01489,0.3,degraded
58.35,-31.74613,-32.42966,0.68353,-20.30616,-18.81391,-1.49225,3.021,3.0,85.0,0.00882,0.3,degraded
58.36,-31.75252,-32.50509,0.75257,-20.37641,-19.05309,-1.32332,3.0088,2.9979,85.0,0.0148,0.3,degraded
58.37,-31.75899,-32.57483,0.81584,-20.44503,-19.22499,-1.22004,3.0021,3.0,85.0,0.01202,0.3,degraded
58.38,-31.76548,-32.65305,0.88757,-20.51205,-19.34649,-1.16556,3.0214,2.9998,85.0,0.00704,0.3,degraded
58.39,-31.77191,-32.71975,0.94784,-20.57749,-19.44506,-1.13243,3.0121,2.9752,85.0,0.00681,0.3,degraded
58.4,-31.77822,-32.75752,0.97929,-20.64137,-19.53959,-1.10178,3.0048,2.9973,85.0,0.00775,0.3,degraded
58.41,-31.78435,-32.78853,1.00418,-20.70371,-19.62426,-1.07945,3.0022,2.9844,85.0,0.00371,0.3,degraded
58.42,-31.79022,-32.8259,1.03568,-20.76452,-19.70579,-1.05873,3.0229,2.9995,85.0,0.00017,0.3,degraded
58.43,-31.79577,-32.8444,1.04864,-20.82383,-19.78017,-1.04366,2.9976,2.9766,85.0,0.00589,0.3,degraded
58.44,-31.80092,-32.86329,1.06237,-20.88165,-19.86259,-1.01905,3.0092,2.9987,85.0,0.00473,0.3,degraded
58.45,-31.80562,-32.86109,1.05547,-20.93801,-19.93866,-0.99935,2.9902,3.0,85.0,0.0,0.3,degraded
58.46,-31.80979,-32.86506,1.05528,-20.99292,-20.02288,-0.97004,2.9932,2.9878,85.0,0.00334,0.3,degraded
58.47,-31.81336,-32.86204,1.04868,-21.04642,-20.10372,-0.9427,3.0026,2.9827,85.0,0.00388,0.3,degraded
58.48,-31.81627,-32.86346,1.04719,-21.09851,-20.19359,-0.90492,3.025,3.0,85.0,0.0,0.3,degraded
58.49,-31.81844,-32.85267,1.03423,-21.14922,-20.27875,-0.87047,3.0137,3.0,85.0,0.00307,0.3,degraded
58.5,-31.81981,-32.84585,1.02604,-21.19858,-20.37114,-0.82743,3.0057,3.0,85.0,0.00466,0.3,degraded
58.51,-31.8203,-32.82675,1.00645,-21.24659,-20.45929,-0.7873,3.0187,2.9825,85.0,0.0,0.3,degraded
58.52,-31.81986,-32.81399,0.99413,-21.29329,-20.55432,-0.73897,3.0017,2.9777,85.0,0.00236,0.3,degraded
58.53,-31.8184,-32.79155,0.97315,-21.3387,-20.64496,-0.69374,3.0157,3.0,85.0,0.00571,0.3,degraded
58.54,-31.81587,-32.76932,0.95345,-21.38283,-20.73606,-0.64677,2.983,3.0,85.0,0.0,0.3,degraded
58.55,-31.81218,-32.74313,0.93094,-21.42571,-20.81013,-0.61558,2.9979,3.0,85.0,0.00145,0.3,degraded
58.56,-31.80729,-32.72329,0.91601,-21.46737,-20.89242,-0.57495,2.9982,2.9992,85.0,0.0043,0.3,degraded
58.57,-31.8011,-32.69768,0.89658,-21.50782,-20.9694,-0.53842,2.9781,2.9828,85.0,0.0,0.3,degraded
58.58,-31.79357,-32.67449,0.88092,-21.54709,-21.0503,-0.49678,2.9868,3.0,85.0,0.00108,0.3,degraded
58.59,-31.78461,-32.64531,0.86069,-21.58519,-21.1259,-0.45929,2.9997,2.9937,85.0,0.00456,0.3,degraded
58.6,-31.77417,-32.61834,0.84417,-21.62216,-21.20646,-0.4157,3.0056,2.995,85.0,0.00044,0.3,degraded
58.61,-31.76217,-32.58579,0.82362,-21.65801,-21.27816,-0.37986,3.0278,2.9959,85.0,0.00034,0.3,degraded
58.62,-31.74855,-32.55788,0.80932,-21.69278,-21.35342,-0.33936,3.0075,3.0,85.0,0.00441,0.3,degraded
58.63,-31.73324,-32.52211,0.78887,-21.72647,-21.4204,-0.30606,3.0289,2.9845,85.0,0.0,0.3,degraded
58.64,-31.71618,-32.49296,0.77678,-21.75911,-21.49431,-0.26481,2.9937,3.0,85.0,0.00019,0.3,degraded
58.65,-31.6973,-32.45865,0.76135,-21.79073,-21.56175,-0.22898,2.9954,3.0,85.0,0.005,0.3,degraded
58.66,-31.67653,-32.42242,0.74589,-21.82135,-21.635,-0.18635,2.9878,3.0,85.0,0.00112,0.3,degraded
58.67,-31.65381,-32.37715,0.72334,-21.851,-21.70146,-0.14954,3.0195,3.0,85.0,0.0,0.3,degraded
58.68,-31.62908,-32.33457,0.70549,-21.87968,-21.77668,-0.103,2.9899,2.9691,85.0,0.00407,0.3,degraded
58.69,-31.60226,-32.28688,0.68462,-21.90744,-21.84614,-0.0613,2.9882,2.9864,85.0,0.00104,0.3,degraded
58.7,-31.57331,-32.24498,0.67166,-21.93429,-21.92249,-0.01179,3.0138,2.9865,85.0,0.0,0.3,degraded
58.71,-31.54215,-32.19807,0.65592,-21.96025,-21.99211,0.03186,3.0284,3.0,85.0,0.00464,0.3,degraded
58.72,-31.50873,-32.15603,0.64729,-21.98535,-22.06605,0.0807,3.0022,3.0,85.0,0.00128,0.3,degraded
58.73,-31.47298,-32.1057,0.63272,-22.00961,-22.13316,0.12355,2.9801,2.9769,85.0,0.0,0.3,degraded
58.74,-31.43485,-32.06266,0.62782,-22.03306,-22.20716,0.1741,2.999,3.0,85.0,0.00568,0.3,degraded
58.75,-31.39426,-32.01149,0.61722,-22.05571,-22.27033,0.21462,3.0015,3.0,85.0,0.00448,0.3,degraded
58.76,-31.35118,-31.96678,0.6156,-22.07759,-22.32053,0.24294,3.0154,3.0,85.0,0.0,0.3,degraded
58.77,-31.30552,-31.91743,0.61191,-22.09872,-22.36412,0.2654,3.012,3.0,85.0,0.00295,0.3,degraded
58.78,-31.25725,-31.87718,0.61992,-22.11913,-22.41252,0.29339,3.0109,3.0,85.0,0.00297,0.3,degraded
58.79,-31.2063,-31.82822,0.62191,-22.13883,-22.45366,0.31483,3.0067,2.9925,85.0,0.00081,0.3,degraded
58.8,-31.15262,-31.78553,0.63291,-22.15786,-22.49164,0.33378,3.0123,2.9994,85.0,0.00448,0.3,degraded
58.81,-31.09615,-31.7354,0.63925,-22.17622,-22.51139,0.33516,2.989,3.0,85.0,0.00334,0.3,degraded
58.82,-31.03683,-31.69139,0.65455,-22.19396,-22.53972,0.34577,3.0102,2.9985,85.0,0.0,0.3,degraded
58.83,-30.97463,-31.63776,0.66313,-22.21108,-22.5626,0.35152,3.0203,2.9935,85.0,0.00309,0.3,degraded
58.84,-30.90948,-31.58143,0.67195,-22.22761,-22.59155,0.36395,3.023,3.0,85.0,0.00356,0.3,degraded
58.85,-30.84133,-31.52094,0.67962,-22.24357,-22.6127,0.36913,3.0038,3.0,85.0,0.0,0.3,degraded
58.86,-30.77013,-31.46762,0.69749,-22.25898,-22.63623,0.37725,3.0239,3.0,85.0,0.00181,0.3,degraded
58.87,-30.69584,-31.40661,0.71077,-22.27387,-22.65045,0.37658,2.9808,2.994,85.0,0.00632,0.3,degraded
58.88,-30.6184,-31.33299,0.71459,-22.28826,-22.66841,0.38015,3.0029,2.9964,85.0,0.00304,0.3,degraded
58.89,-30.53778,-31.24741,0.70964,-22.30216,-22.6636,0.36144,3.0488,2.9883,85.0,0.00251,0.3,degraded
58.9,-30.45392,-31.16735,0.71343,-22.31561,-22.66062,0.34502,2.9902,3.0,85.0,0.00481,0.3,degraded
58.91,-30.36677,-31.08643,0.71966,-22.32861,-22.65098,0.32237,2.9958,2.9763,85.0,0.00027,0.3,degraded
58.92,-30.27631,-31.01796,0.74165,-22.3412,-22.64972,0.30852,3.0033,3.0,85.0,0.0,0.3,degraded
58.93,-30.18248,-30.94398,0.7615,-22.35338,-22.6438,0.29042,2.9998,3.0,85.0,0.00466,0.3,degraded
58.94,-30.08525,-30.87219,0.78694,-22.36519,-22.64568,0.28049,3.0032,3.0,85.0,0.0005,0.3,degraded
58.95,-29.98457,-30.7947,0.81013,-22.37665,-22.64424,0.26759,3.0245,3.0,85.0,0.0,0.3,degraded
58.96,-29.88041,-30.71823,0.83782,-22.38776,-22.64935,0.26159,3.0247,3.0,85.0,0.01019,0.3,degraded
58.97,-29.77273,-30.55017,0.77744,-22.39856,-22.64937,0.25081,3.0055,3.0,85.0,0.00079,0.3,degraded
58.98,-29.66149,-30.44996,0.78848,-22.40906,-22.65926,0.2502,3.0089,3.0,85.0,0.00532,0.3,degraded
58.99,-29.54666,-30.3689,0.82224,-22.41928,-22.66473,0.24545,3.0019,2.9875,85.0,0.01734,0.3,degraded
59.0,-29.4282,-30.26511,0.83691,-22.42925,-22.67794,0.24869,3.0141,2.9992,85.0,0.00707,0.3,degraded
59.01,-29.30609,-30.08652,0.78042,-22.43897,-22.6844,0.24543,3.0188,2.9914,85.0,0.01113,0.3,degraded
59.02,-29.1803,-29.9772,0.79691,-22.44847,-22.69672,0.24825,3.0129,2.9891,85.0,0.01047,0.3,degraded
59.03,-29.05079,-29.89558,0.84479,-22.45777,-22.70073,0.24296,3.0254,2.9998,85.0,0.01267,0.3,degraded
59.04,-28.91753,-29.78676,0.86923,-22.46688,-22.70956,0.24268,3.0113,2.9887,85.0,0.00366,0.3,degraded
59.05,-28.78051,-29.62282,0.84232,-22.47582,-22.71,0.23418,2.9961,2.9919,85.0,0.01444,0.3,degraded
59.06,-28.63969,-29.52337,0.88368,-22.48461,-22.71551,0.23089,3.0052,3.0,85.0,0.00615,0.3,degraded
59.07,-28.49505,-29.34347,0.84842,-22.49327,-22.71489,0.22162,2.9803,3.0,85.0,0.00078,0.3,degraded
59.08,-28.34658,-29.20463,0.85805,-22.50182,-22.72047,0.21866,2.9752,3.0,85.0,0.00385,0.3,degraded
59.09,-28.19424,-29.0698,0.87556,-22.51026,-22.71886,0.2086,2.9825,2.9945,85.0,0.00262,0.3,degraded
59.1,-28.03802,-28.92603,0.888,-22.51862,-22.72065,0.20203,2.9941,2.9983,85.0,0.00286,0.3,degraded
59.11,-27.87791,-28.80786,0.92995,-22.52691,-22.71772,0.1908,3.0028,3.0,85.0,0.00771,0.3,degraded
59.12,-27.71388,-28.69412,0.98024,-22.53516,-22.72289,0.18773,0.0455,2.994,85.0,0.01881,0.3,degraded
59.13,-27.54593,-28.52315,0.97722,-22.54336,-22.72234,0.17898,3.0072,2.9836,85.0,0.01232,0.3,degraded
59.14,-27.37403,-28.41547,1.04144,-22.55154,-22.72589,0.17434,3.0376,3.0,85.0,0.00795,0.3,degraded
59.15,-27.19818,-28.2119,1.01372,-22.55972,-22.72516,0.16544,2.9812,3.0,85.0,0.00655,0.3,degraded
59.16,-27.01837,-28.06133,1.04297,-22.5679,-22.72811,0.16021,2.9788,2.9838,85.0,0.00403,0.3,degraded
59.17,-26.83458,-27.93255,1.09797,-22.5761,-22.72471,0.14861,2.9897,3.0,85.0,0.01687,0.3,degraded
59.18,-26.64681,-27.80155,1.15474,-22.58434,-22.72525,0.14091,2.9981,3.0,85.0,0.00947,0.3,degraded
59.19,-26.45506,-27.63991,1.18485,-22.59262,-22.71819,0.12557,3.0225,2.9954,85.0,0.01386,0.3,degraded
59.2,-26.25932,-27.48924,1.22992,-22.60097,-22.71817,0.11721,3.0099,3.0,85.0,0.00244,0.3,degraded
59.21,-26.05959,-27.33657,1.27698,-22.60938,-22.70943,0.10005,1.5685,2.9863,85.0,0.00508,0.3,degraded
59.22,-25.85587,-27.17593,1.32006,-22.61789,-22.70629,0.0884,3.0077,2.9871,85.0,0.0,0.3,degraded
59.23,-25.64815,-26.9531,1.30494,-22.62648,-22.69909,0.07261,2.9805,2.9873,85.0,0.00129,0.3,degraded
59.24,-25.43645,-26.78193,1.34548,-22.63519,-22.69793,0.06275,2.9859,2.997,85.0,0.02447,0.3,degraded
59.25,-25.22075,-26.58015,1.3594,-22.64401,-22.68959,0.04558,3.0128,3.0,85.0,0.01986,0.3,degraded
59.26,-25.00108,-26.3765,1.37542,-22.65296,-22.68836,0.0354,2.9689,2.9687,85.0,0.00537,0.3,degraded
59.27,-24.77743,-26.19865,1.42122,-22.66205,-22.68203,0.01998,2.9916,2.9808,85.0,0.01087,0.3,degraded
59.28,-24.54982,-26.01977,1.46996,-22.67129,-22.68264,0.01135,2.9755,2.9937,85.0,0.00026,0.3,degraded
59.29,-24.31825,-25.80472,1.48647,-22.68069,-22.67853,-0.00216,2.9988,3.0,85.0,0.00147,0.3,degraded
59.3,-24.08273,-25.62716,1.54443,-22.69025,-22.6831,-0.00715,2.9824,2.9812,85.0,0.00666,0.3,degraded
59.31,-23.84329,-25.43341,1.59012,-22.69998,-22.68356,-0.01642,3.0028,3.0,85.0,0.0023,0.3,degraded
59.32,-23.59992,-25.16417,1.56425,-22.7099,-22.69205,-0.01785,2.9955,2.991,85.0,0.00122,0.3,degraded
59.33,-23.35265,-24.94784,1.59518,-22.72001,-22.69611,-0.0239,2.9722,3.0,85.0,0.02666,0.3,degraded
59.34,-23.1015,-24.7694,1.6679,-22.73032,-22.70813,-0.02219,2.7488,3.0,85.0,0.00457,0.3,degraded
59.35,-22.84649,-24.55712,1.71063,-22.74083,-22.71355,-0.02728,2.9846,2.9915,85.0,0.01773,0.3,degraded
59.36,-22.58763,-24.34907,1.76144,-22.75155,-22.72848,-0.02307,3.0074,3.0,85.0,0.01309,0.3,degraded
59.37,-22.32495,-24.07041,1.74546,-22.76248,-22.73476,-0.02772,2.9789,2.9805,85.0,0.00489,0.3,degraded
59.38,-22.05847,-23.79674,1.73827,-22.77364,-22.74674,-0.0269,3.0041,3.0,85.0,0.0114,0.3,degraded
59.39,-21.78822,-23.58023,1.79201,-22.78502,-22.74993,-0.03509,2.9915,2.9969,85.0,0.00632,0.3,degraded
59.4,-21.51422,-23.28147,1.76725,-22.79663,-22.75712,-0.03951,3.0099,3.0,85.0,0.00468,0.3,degraded
59.41,-21.2365,-23.03774,1.80124,-22.80848,-22.75686,-0.05162,3.035,3.0,85.0,0.01509,0.3,degraded
59.42,-20.95509,-22.83038,1.87528,-22.82057,-22.76528,-0.05528,1.5716,2.9799,85.0,0.02047,0.3,degraded
59.43,-20.67003,-22.589,1.91898,-22.83289,-22.76847,-0.06442,3.0247,3.0,85.0,0.00335,0.3,degraded
59.44,-20.38134,-22.31663,1.9353,-22.84547,-22.7789,-0.06657,2.9776,3.0,85.0,0.0,0.3,degraded
59.45,-20.08905,-22.08048,1.99142,-22.85828,-22.78017,-0.07812,3.0076,2.9946,85.0,0.00564,0.3,degraded
59.46,-19.79322,-21.83335,2.04013,-22.87135,-22.78601,-0.08533,2.9847,2.9996,85.0,0.01545,0.3,degraded
59.47,-19.49386,-21.57047,2.07661,-22.88466,-22.78703,-0.09763,0.5891,2.9795,85.0,0.0,0.3,degraded
59.48,-19.19102,-21.25207,2.06105,-22.89823,-22.79764,-0.10059,2.9948,2.9994,85.0,0.01458,0.3,degraded
59.49,-18.88474,-20.98907,2.10433,-22.91204,-22.80267,-0.10938,3.0238,3.0,85.0,0.00732,0.3,degraded
59.5,-18.57506,-20.64844,2.07338,-22.92611,-22.81406,-0.11205,2.9869,3.0,85.0,0.00216,0.3,degraded
59.51,-18.26202,-20.34819,2.08617,-22.94043,-22.82007,-0.12036,2.9934,2.9874,85.0,0.01211,0.3,degraded
59.52,-17.94567,-20.09418,2.14851,-22.95499,-22.83384,-0.12115,2.9987,2.9906,85.0,0.02683,0.3,degraded
59.53,-17.62605,-19.80634,2.18029,-22.96981,-22.84274,-0.12707,2.9893,2.9806,85.0,0.01963,0.3,degraded
59.54,-17.3032,-19.50896,2.20576,-22.98487,-22.85576,-0.1291,3.0098,3.0,85.0,0.00567,0.3,degraded
59.55,-16.97718,-19.23982,2.26264,-23.00017,-22.86138,-0.1388,3.0056,3.0,85.0,0.02067,0.3,degraded
59.56,-16.64803,-18.96999,2.32196,-23.01572,-22.8739,-0.14182,3.0204,2.9732,85.0,0.00783,0.3,degraded
59.57,-16.3158,-18.61598,2.30017,-23.0315,-22.88236,-0.14914,3.0062,2.9979,85.0,0.00333,0.3,degraded
59.58,-15.98055,-18.28548,2.30493,-23.04752,-22.89866,-0.14885,2.9924,3.0,85.0,0.01379,0.3,degraded
59.59,-15.64233,-18.00341,2.36108,-23.06376,-22.90921,-0.15455,3.008,2.9965,85.0,0.0,0.3,degraded
59.6,-15.30118,-17.68361,2.38242,-23.08024,-22.92858,-0.15166,3.0136,3.0,85.0,0.00804,0.3,degraded
59.61,-14.95718,-17.3755,2.41832,-23.09693,-22.93896,-0.15797,3.0093,2.997,85.0,0.00606,0.3,degraded
59.62,-14.61036,-17.06097,2.45061,-23.11384,-22.95508,-0.15876,2.9967,3.0,85.0,0.00275,0.3,degraded
59.63,-14.2608,-16.69223,2.43144,-23.13096,-22.96473,-0.16623,3.0053,3.0,85.0,0.00283,0.3,degraded
59.64,-13.90854,-16.34457,2.43603,-23.14828,-22.98112,-0.16716,3.0094,3.0,85.0,0.00597,0.3,degraded
59.65,-13.55364,-16.04065,2.48701,-23.1658,-22.98945,-0.17635,1.3512,3.0,85.0,0.00268,0.3,degraded
59.66,-13.19618,-15.7149,2.51873,-23.18351,-23.00104,-0.18247,3.0017,3.0,85.0,0.00136,0.3,degraded
59.67,-12.8362,-15.37582,2.53962,-23.2014,-23.00602,-0.19538,2.9922,2.9885,85.0,0.00519,0.3,degraded
59.68,-12.47378,-15.06363,2.58986,-23.21946,-23.01633,-0.20313,2.9876,2.9785,85.0,0.00423,0.3,degraded
59.69,-12.10896,-14.75095,2.64199,-23.23769,-23.02204,-0.21565,3.0048,2.9938,85.0,0.00115,0.3,degraded
59.7,-11.74183,-14.39055,2.64871,-23.25607,-23.0367,-0.21937,2.9896,2.9719,85.0,0.01313,0.3,degraded
59.71,-11.37245,-14.04171,2.66927,-23.27461,-23.04675,-0.22785,2.9676,2.9838,85.0,0.00314,0.3,degraded
59.72,-11.00087,-13.6839,2.68303,-23.29328,-23.06392,-0.22935,2.9987,2.9985,85.0,0.01814,0.3,degraded
59.73,-10.62717,-13.30145,2.67428,-23.31207,-23.07711,-0.23497,3.0002,3.0,85.0,0.02316,0.3,degraded
59.74,-10.25142,-12.9134,2.66198,-23.33098,-23.09639,-0.23459,3.0002,2.9947,85.0,0.01435,0.3,degraded
59.75,-9.87368,-12.58051,2.70684,-23.35,-23.10947,-0.24053,3.0129,3.0,85.0,0.0144,0.3,degraded
59.76,-9.49402,-12.20235,2.70833,-23.36911,-23.12713,-0.24198,2.9647,2.9896,85.0,0.0041,0.3,degraded
59.77,-9.11253,-11.85329,2.74076,-23.38831,-23.13929,-0.24902,0.2055,3.0,85.0,0.00587,0.3,degraded
59.78,-8.72925,-11.4336,2.70434,-23.40757,-23.16191,-0.24566,3.011,3.0,85.0,0.0105,0.3,degraded
59.79,-8.34428,-11.06949,2.72521,-23.42689,-23.17741,-0.24948,2.9972,2.959,85.0,0.00423,0.3,degraded
59.8,-7.95767,-10.72341,2.76574,-23.44626,-23.19965,-0.24661,2.9999,2.9805,85.0,0.00417,0.3,degraded
59.81,-7.56951,-10.34037,2.77086,-23.46566,-23.21691,-0.24875,3.0048,2.9938,85.0,0.00113,0.3,degraded
59.82,-7.17987,-10.0058,2.82593,-23.48507,-23.23825,-0.24683,1.8765,2.9969,85.0,0.01663,0.3,degraded
59.83,-6.78882,-9.64143,2.85261,-23.50449,-23.25231,-0.25218,0.2868,2.9747,85.0,0.01942,0.3,degraded
59.84,-6.39644,-9.28271,2.88628,-23.5239,-23.27421,-0.24969,3.0017,3.0,85.0,0.00543,0.3,degraded
59.85,-6.0028,-8.90518,2.90238,-23.54328,-23.28637,-0.25692,3.0027,2.9983,85.0,0.00491,0.3,degraded
59.86,-5.60797,-8.54162,2.93365,-23.56263,-23.30375,-0.25887,2.985,3.0,85.0,0.00644,0.3,degraded
59.87,-5.21205,-8.13644,2.92439,-23.58191,-23.31204,-0.26987,2.994,3.0,85.0,0.00651,0.3,degraded
59.88,-4.81509,-7.75429,2.9392,-23.60112,-23.32605,-0.27507,2.9891,2.9988,85.0,0.00205,0.3,degraded
59.89,-4.41719,-7.36601,2.94883,-23.62025,-23.33495,-0.2853,3.0057,3.0,85.0,0.00874,0.3,degraded
59.9,-4.01841,-6.98899,2.97058,-23.63926,-23.34922,-0.29005,3.0089,2.9898,85.0,0.00795,0.3,degraded
59.91,-3.61884,-6.59904,2.9802,-23.65816,-23.35842,-0.29974,3.0018,2.9955,85.0,0.00143,0.3,degraded
59.92,-3.21855,-6.19521,2.97665,-23.67692,-23.37682,-0.3001,3.0077,2.9854,85.0,0.00703,0.3,degraded
59.93,-2.81763,-5.80585,2.98822,-23.69552,-23.38909,-0.30643,2.9931,2.9987,85.0,0.00193,0.3,degraded
59.94,-2.41615,-5.42707,3.01092,-23.71394,-23.41004,-0.30391,3.0062,2.9964,85.0,0.00512,0.3,degraded
59.95,-2.01419,-5.03406,3.01987,-23.73217,-23.42508,-0.30709,3.0225,2.9954,85.0,0.00585,0.3,degraded
59.96,-1.61183,-4.64423,3.0324,-23.75019,-23.44488,-0.30531,2.9719,3.0,85.0,0.00059,0.3,degraded
59.97,-1.20915,-4.2548,3.04564,-23.76798,-23.45791,-0.31007,3.0058,2.9928,85.0,0.00285,0.3,degraded
59.98,-0.80624,-3.8467,3.04047,-23.78552,-23.47582,-0.3097,3.0085,3.0,85.0,0.01983,0.3,degraded
59.99,-0.40316,-3.4675,3.06434,-23.80279,-23.48568,-0.31712,2.966,3.0,85.0,0.03833,0.3,degraded
