work_cycle,T_stable_K,t_cool_hours,sigma_T_K,group_id
0,78.52900343671968,0.21632715648149808,0.2888316856938914,0
1,78.61053289545518,0.21675906170117215,0.2909426946568492,0
2,78.69088119446452,0.21719205320254198,0.29305370361980704,0
3,78.77006544582378,0.21762613390349062,0.29516471258276483,0
4,78.84810251369741,0.21806130672986096,0.2972757215457227,0
5,78.92500901793002,0.21849757461547814,0.2993867305086805,0
6,79.00080133758583,0.21893494050217083,0.3014977394716383,0
7,79.075495614437,0.21937340733979335,0.3036087484345961,0
8,79.14910775640149,0.2198129780862479,0.3057197573975539,0
9,79.22165344093092,0.22025365570750605,0.30783076636051177,0
10,79.29314811834952,0.2206954431776314,0.30994177532346956,0
11,79.36360701514465,0.22113834347880124,0.3120527842864274,0
12,79.43304513720958,0.22158235960132916,0.3141637932493852,0
13,79.50147727303941,0.22202749454368712,0.31627480221234305,0
14,79.56891799688061,0.22247375131252778,0.31838581117530085,0
15,79.63538167183495,0.22292113292270685,0.32049682013825864,0
16,79.70088245291846,0.22336964239730578,0.3226078291012165,0
17,79.76543429007609,0.22381928276765412,0.3247188380641743,0
18,79.82905093115266,0.2242700570733519,0.32682984702713214,0
19,79.89174592482082,0.22472196836229275,0.32894085599008993,0
20,79.95353262346653,0.22517501969068615,0.3310518649530477,0
21,80.01442418603278,0.22562921412308048,0.3331628739160056,0
22,80.07443358082213,0.22608455473238565,0.33527388287896337,0
23,80.13357358825854,0.22654104459989619,0.3373848918419212,0
24,80.19185680360934,0.22699868681531402,0.339495900804879,0
25,80.24929563966766,0.2274574844767716,0.3416069097678368,0
26,80.30590232939605,0.2279174406908549,0.34371791873079466,0
27,80.3616889285317,0.2283785585726267,0.34582892769375245,0
28,80.41666731815414,0.2288408412456496,0.34793993665671036,0
29,80.47084920721547,0.2293042918420094,0.3500509456196681,0
30,80.52424613503406,0.22976891350233847,0.352161954582626,0
31,80.57686947375227,0.23023470937583906,0.3542729635455838,0
32,80.62873043075822,0.23070168262030685,0.35638397250854165,0
33,80.6798400510728,0.23116983640215433,0.35849498147149944,0
34,80.73020921970193,0.2316391738964345,0.36060599043445724,0
35,80.77984866395478,0.23210969828686465,0.3627169993974151,0
36,80.82876895572839,0.23258141276584976,0.3648280083603729,0
37,80.87698051375925,0.23305432053450664,0.36693901732333073,0
38,80.92449360584214,0.2335284248026874,0.3690500262862885,0
39,80.97131835101703,0.23400372878900377,0.3711610352492463,0
40,81.01746472172401,0.2344802357208507,0.37327204421220417,0
41,81.06294254592729,0.23495794883443077,0.37538305317516196,0
42,81.10776150920819,0.23543687137477798,0.3774940621381198,0
43,81.15193115682803,0.23591700659578213,0.3796050711010776,0
44,81.19546089576092,0.23639835776021295,0.3817160800640354,0
45,81.23835999669724,0.2368809281397446,0.38382708902699325,0
46,81.28063759601808,0.23736472101497974,0.3859380979899511,0
47,81.322302697741,0.23784973967547424,0.3880491069529089,0
48,81.36336417543762,0.23833598741976159,0.3901601159158667,0
49,81.40383077412362,0.23882346755537748,0.39227112487882454,0
50,81.44371111212097,0.23931218339888444,0.39438213384178233,0
51,81.48301368289357,0.23980213827589658,0.3964931428047402,0
52,81.52174685685611,0.24029333552110438,0.398604151767698,0
53,81.5599188831567,0.24078577847829946,0.4007151607306558,0
54,81.5975378914337,0.24127947050039955,0.4028261696936136,0
55,81.63461189354726,0.2417744149494736,0.4049371786565714,0
56,81.67114878528545,0.24227061519676657,0.40704818761952927,0
57,81.707156348046,0.24276807462272473,0.40915919658248706,0
58,81.74264225049347,0.2432667966170209,0.41127020554544486,0
59,81.77761405019247,0.24376678457857953,0.4133812145084027,0
60,81.81207919521724,0.24426804191560214,0.4154922234713605,0
61,81.84604502573788,0.24477057204559277,0.41760323243431835,0
62,81.87951877558368,0.2452743783953833,0.41971424139727614,0
63,81.91250757378357,0.24577946440115916,0.42182525036023394,0
64,81.94501844608465,0.24628583350848474,0.4239362593231918,0
65,81.97705831644825,0.2467934891723293,0.42604726828614964,0
66,82.00863400852475,0.24730243485709247,0.42815827724910743,0
67,82.03975224710672,0.24781267403663035,0.4302692862120652,0
68,82.07041965956115,0.24832421019428108,0.4323802951750231,0
69,82.10064277724092,0.24883704682289115,0.43449130413798087,0
70,82.13042803687581,0.24935118742484103,0.4366023131009387,0
71,82.15978178194334,0.24986663551207178,0.4387133220638965,0
72,82.18871026401976,0.25038339460611064,0.4408243310268543,0
73,82.21721964411148,0.2509014682380977,0.44293533998981216,0
74,82.2453159939672,0.25142085994881225,0.44504634895276995,0
75,82.27300529737104,0.2519415732886987,0.4471573579157278,0
76,82.30029345141695,0.2524636118178937,0.4492683668786856,0
77,82.32718626776455,0.2529869791062519,0.4513793758416434,0
78,82.35368947387695,0.25351167873337355,0.45349038480460124,0
79,82.37980871424054,0.2540377142886302,0.4556013937675591,0
80,82.40554955156708,0.25456508937119193,0.4577124027305169,0
81,82.4309174679784,0.2550938075900543,0.4598234116934747,0
82,82.45591786617403,0.25562387256406494,0.4619344206564325,0
83,82.48055607058176,0.2561552879219507,0.4640454296193903,0
84,82.50483732849156,0.25668805730234456,0.46615643858234823,0
85,82.52876681117327,0.25722218435381305,0.46826744754530597,0
86,82.55234961497781,0.25775767273488315,0.47037845650826376,0
87,82.57559076242259,0.25829452611406956,0.47248946547122156,0
88,82.59849520326125,0.2588327481699023,0.4746004744341794,0
89,82.6210678155377,0.25937234259095393,0.4767114833971373,0
90,82.64331340662514,0.259913313075867,0.4788224923600951,0
91,82.66523671424983,0.2604556633333818,0.48093350132305285,0
92,82.68684240750014,0.26099939708236397,0.48304451028601075,0
93,82.7081350878209,0.26154451805183215,0.48515551924896855,0
94,82.72911928999345,0.26209102998098566,0.4872665282119264,0
95,82.74979948310133,0.2626389366192327,0.4893775371748842,0
96,82.7701800714822,0.2631882417262181,0.491488546137842,0
97,82.79026539566576,0.26373894907185114,0.49359955510079984,0
98,82.81005973329819,0.26429106243633427,0.4957105640637577,0
99,82.82956730005321,0.2648445856101906,0.4978215730267155,0
100,82.84879225052984,0.2653995223942926,0.4999325819896733,0
101,82.86773867913729,0.2659558765998902,0.5020435909526311,0
102,82.88641062096693,0.2665136520486394,0.5041545999155889,0
103,82.90481205265162,0.2670728525726307,0.5062656088785468,0
104,82.92294689321275,0.26763348201441745,0.5083766178415046,0
105,82.94081900489472,0.26819554422704484,0.5104876268044624,0
106,82.95843219398765,0.26875904307407855,0.5125986357674202,0
107,82.97579021163789,0.26932398242963324,0.514709644730378,0
108,82.99289675464703,0.2698903661784018,0.5168206536933359,0
109,83.00975546625918,0.27045819821568423,0.5189316626562936,0
110,83.02636993693682,0.27102748244741653,0.5210426716192514,0
111,83.04274370512555,0.2715982227902,0.5231536805822092,0
112,83.0588802580077,0.27217042317133044,0.525264689545167,0
113,83.07478303224494,0.2727440875288271,0.5273756985081249,0
114,83.09045541471025,0.2733192198114626,0.5294867074710827,0
115,83.10590074320919,0.273895823978792,0.5315977164340405,0
116,83.12112230719083,0.27447390400118227,0.5337087253969983,0
117,83.13612334844827,0.27505346385984214,0.5358197343599562,0
118,83.15090706180902,0.2756345075468517,0.537930743322914,0
119,83.16547659581552,0.27621703906519207,0.5400417522858718,0
120,83.1798350533956,0.27680106242877534,0.5421527612488296,0
121,83.19398549252338,0.2773865816624745,0.5442637702117875,0
122,83.2079309268705,0.2779736008021534,0.5463747791747453,0
123,83.221674326448,0.27856212389469687,0.5484857881377031,0
124,83.23521861823876,0.27915215499804086,0.5505967971006609,0
125,83.248566686821,0.27974369818120287,0.5527078060636187,0
126,83.26172137498251,0.2803367575243121,0.5548188150265766,0
127,83.27468548432617,0.2809313371186399,0.5569298239895344,0
128,83.28746177586655,0.2815274410666303,0.5590408329524922,0
129,83.30005297061797,0.28212507348193067,0.56115184191545,0
130,83.31246175017401,0.28272423848942246,0.5632628508784079,0
131,83.3246907572786,0.2833249402252516,0.5653738598413657,0
132,83.33674259638887,0.28392718283685975,0.5674848688043235,0
133,83.34861983422981,0.284530970483015,0.5695958777672813,0
134,83.36032500034092,0.2851363073338431,0.5717068867302391,0
135,83.37186058761498,0.28574319757085825,0.573817895693197,0
136,83.38322905282891,0.2863516453869944,0.5759289046561548,0
137,83.394432817167,0.2869616549866369,0.5780399136191126,0
138,83.40547426673665,0.2875732305856531,0.5801509225820703,0
139,83.4163557530764,0.2881863764114244,0.5822619315450281,0
140,83.42707959365688,0.28880109670287774,0.584372940507986,0
141,83.43764807237432,0.28941739571051683,0.5864839494709437,0
142,83.44806344003689,0.29003527769645415,0.5885949584339016,0
143,83.45832791484422,0.2906547469344427,0.5907059673968594,0
144,83.46844368285966,0.2912758077099079,0.5928169763598172,0
145,83.47841289847595,0.29189846431997934,0.5949279853227751,0
146,83.48823768487402,0.2925227210735232,0.5970389942857329,0
147,83.49792013447518,0.29314858229117396,0.5991500032486907,0
148,83.5074623093867,0.29377605230536696,0.6012610122116485,0
149,83.51686624184107,0.29440513546037056,0.6033720211746063,0
150,83.52613393462876,0.29503583611231865,0.6054830301375642,0
151,83.53526736152479,0.29566815862924284,0.607594039100522,0
152,83.54426846770902,0.29630210739110546,0.6097050480634798,0
153,83.55313917018051,0.296937686789832,0.6118160570264377,0
154,83.56188135816579,0.29757490122934394,0.6139270659893954,0
155,83.57049689352112,0.29821375512559145,0.6160380749523533,0
156,83.57898761112912,0.2988542529065864,0.6181490839153111,0
157,83.58735531928949,0.29949639901243563,0.6202600928782689,0
158,83.59560180010415,0.30014019789537366,0.6223711018412268,0
159,83.60372880985679,0.30078565401979623,0.6244821108041845,0
160,83.61173807938691,0.30143277186229334,0.6265931197671424,0
161,83.61963131445842,0.302081555911683,0.6287041287301002,0
162,83.62741019612295,0.3027320106690442,0.630815137693058,0
163,83.63507638107787,0.303384140647751,0.6329261466560159,0
164,83.64263150201907,0.3040379503735059,0.6350371556189736,0
165,83.65007716798878,0.30469344438437357,0.6371481645819315,0
166,83.65741496471817,0.30535062723081496,0.6392591735448893,0
167,83.6646464549651,0.3060095034757209,0.641370182507847,0
168,83.67177317884693,0.30667007769444654,0.6434811914708051,0
169,83.67879665416856,0.3073323544748452,0.6455922004337626,0
170,83.68571837674564,0.30799633841730245,0.6477032093967205,0
171,83.69253982072318,0.3086620341347709,0.6498142183596783,0
172,83.69926243888946,0.30932944625280423,0.6519252273226361,0
173,83.70588766298549,0.3099985794095917,0.6540362362855942,0
174,83.71241690400987,0.3106694382559932,0.6561472452485517,0
175,83.71885155251935,0.31134202745557327,0.6582582542115096,0
176,83.72519297892495,0.3120163516846364,0.6603692631744674,0
177,83.73144253378383,0.3126924156322616,0.6624802721374252,0
178,83.73760154808696,0.3133702240003377,0.6645912811003832,0
179,83.74367133354248,0.31404978150359825,0.666702290063341,0
180,83.7496531828552,0.3147310928696566,0.6688132990262988,0
181,83.7555483700018,0.31541416283904117,0.6709243079892565,0
182,83.76135815050222,0.31609899616523124,0.6730353169522143,0
183,83.76708376168702,0.3167855976146917,0.6751463259151723,0
184,83.7727264229609,0.31747397196690935,0.6772573348781301,0
185,83.77828733606242,0.31816412401442795,0.6793683438410879,0
186,83.78376768531993,0.31885605856288435,0.6814793528040457,0
187,83.78916863790378,0.31954978043104426,0.6835903617670035,0
188,83.79449134407496,0.3202452944508381,0.6857013707299614,0
189,83.79973693742996,0.32094260546739706,0.6878123796929192,0
190,83.80490653514231,0.32164171833908933,0.689923388655877,0
191,83.81000123820047,0.3223426379375566,0.6920343976188349,0
192,83.81502213164231,0.32304536914774973,0.6941454065817926,0
193,83.81997028478617,0.32374991686796584,0.6962564155447505,0
194,83.82484675145861,0.3244562860098844,0.6983674245077083,0
195,83.8296525702189,0.3251644814986045,0.7004784334706661,0
196,83.83438876458011,0.32587450827268083,0.702589442433624,0
197,83.83905634322718,0.32658637128416096,0.7047004513965817,0
198,83.8436563002317,0.3273000754986223,0.7068114603595396,0
199,83.8481896152636,0.328015625895209,0.7089224693224974,0
200,83.85265725379986,0.3287330274666692,0.7110334782854552,0
201,83.85706016733008,0.32945228521939224,0.7131444872484131,0
202,83.8613992935591,0.3301734041734461,0.7152554962113707,0
203,83.86567555660679,0.33089638936261473,0.7173665051743287,0
204,83.8698898672048,0.33162124583443564,0.7194775141372864,0
205,83.87404312289053,0.3323479786502376,0.7215885231002442,0
206,83.87813620819827,0.33307659288517844,0.7236995320632021,0
207,83.88216999484763,0.33380709362828287,0.7258105410261598,0
208,83.88614534192916,0.33453948598248046,0.7279215499891177,0
209,83.89006309608732,0.33527377506464373,0.7300325589520755,0
210,83.89392409170077,0.3360099660056264,0.7321435679150333,0
211,83.89772915106009,0.3367480639503013,0.7342545768779912,0
212,83.90147908454296,0.33748807405759945,0.7363655858409489,0
213,83.90517469078664,0.33823000150054794,0.7384765948039068,0
214,83.90881675685813,0.3389738514663089,0.7405876037668646,0
215,83.9124060584218,0.3397196291562179,0.7426986127298224,0
216,83.91594335990453,0.34046733978582305,0.7448096216927803,0
217,83.9194294146586,0.3412169885849238,0.7469206306557381,0
218,83.92286496512203,0.34196858079760994,0.7490316396186959,0
219,83.92625074297679,0.34272212168230093,0.7511426485816537,0
220,83.9295874693046,0.34347761651178466,0.7532536575446115,0
221,83.93287585474044,0.3442350705732573,0.7553646665075694,0
222,83.93611659962403,0.34499448916836273,0.7574756754705272,0
223,83.93931039414882,0.3457558776132317,0.759586684433485,0
224,83.94245791850912,0.34651924123852185,0.7616976933964428,0
225,83.94555984304489,0.3472845853894574,0.7638087023594006,0
226,83.94861682838456,0.34805191542586905,0.7659197113223585,0
227,83.95162952558566,0.348821236722234,0.7680307202853163,0
228,83.9545985762735,0.34959255466771577,0.7701417292482741,0
229,83.95752461277785,0.35036587466620517,0.772252738211232,0
230,83.96040825826759,0.3511412021363597,0.7743637471741897,0
231,83.96325012688344,0.3519185425116446,0.7764747561371476,0
232,83.96605082386871,0.35269790124037326,0.7785857651001054,0
233,83.96881094569825,0.3534792837857477,0.7806967740630631,0
234,83.9715310802055,0.35426269562589974,0.782807783026021,0
235,83.97421180670757,0.35504814225393144,0.7849187919889787,0
236,83.9768536961288,0.35583562917795636,0.7870298009519366,0
237,83.97945731112219,0.3566251619211406,0.7891408099148944,0
238,83.98202320618931,0.35741674602174395,0.7912518188778522,0
239,83.98455192779836,0.3582103870331616,0.7933628278408101,0
240,83.98704401450061,0.359006090523965,0.7954738368037678,0
241,83.98949999704502,0.35980386207794374,0.7975848457667257,0
242,83.99192039849132,0.36060370729414737,0.7996958547296835,0
243,83.9943057343214,0.3614056317869269,0.8018068636926413,0
244,83.99665651254914,0.3622096411859769,0.8039178726555992,0
245,83.99897323382848,0.3630157411363774,0.8060288816185569,0
246,84.0012563915602,0.3638239372986361,0.8081398905815148,0
247,84.00350647199687,0.3646342353487305,0.8102508995444726,0
248,84.00572395434651,0.36544664097815044,0.8123619085074304,0
249,84.00790931087455,0.3662611598939406,0.8144729174703883,0
250,84.01006300700453,0.36707779781874283,0.816583926433346,0
251,84.01218550141712,0.3678965604908392,0.8186949353963039,0
252,84.01427724614783,0.3687174536641945,0.8208059443592617,0
253,84.01633868668333,0.36954048310849946,0.8229169533222195,0
254,84.01837026205625,0.37036565460921367,0.8250279622851774,0
255,84.0203724049388,0.37119297396760886,0.8271389712481352,0
256,84.02234554173477,0.3720224470008121,0.829249980211093,0
257,84.02429009267043,0.37285407954184935,0.8313609891740508,0
258,84.02620647188404,0.3736878774396888,0.8334719981370086,0
259,84.028095087514,0.3745238465592849,0.8355830070999665,0
260,84.02995634178582,0.3753619927816216,0.8376940160629243,0
261,84.03179063109772,0.37620232200375675,0.8398050250258821,0
262,84.03359834610514,0.37704484013886574,0.84191603398884,0
263,84.03537987180385,0.3778895531162862,0.8440270429517976,0
264,84.03713558761203,0.37873646688156126,0.8461380519147556,0
265,84.03886586745097,0.3795855873964852,0.8482490608777133,0
266,84.04057107982483,0.38043692063914697,0.8503600698406711,0
267,84.042251587899,0.38129047260397514,0.852471078803629,0
268,84.04390774957757,0.38214624930178276,0.8545820877665867,0
269,84.04553991757945,0.3830042567598122,0.8566930967295446,0
270,84.04714843951349,0.38386450102177977,0.8588041056925024,0
271,84.04873365795262,0.3847269881479216,0.8609151146554602,0
272,84.0502959105067,0.3855917242150381,0.8630261236184181,0
273,84.05183552989448,0.38645871531653986,0.8651371325813758,0
274,84.05335284401441,0.3873279675624927,0.8672481415443337,0
275,84.05484817601452,0.3881994870796638,0.8693591505072915,0
276,84.05632184436124,0.3890732800115669,0.8714701594702493,0
277,84.05777416290718,0.38994935251850865,0.8735811684332071,0
278,84.05920544095802,0.3908277107776341,0.875692177396165,0
279,84.06061598333841,0.39170836098297346,0.8778031863591228,0
280,84.06200609045676,0.3925913093454878,0.8799141953220806,0
281,84.06337605836939,0.3934765620931153,0.8820252042850384,0
282,84.06472617884342,0.39436412547081856,0.8841362132479962,0
283,84.06605673941905,0.3952540057406303,0.8862472222109541,0
284,84.06736802347073,0.39614620918170074,0.8883582311739119,0
285,84.06866031026749,0.39704074209034423,0.8904692401368697,0
286,84.06993387503245,0.39793761078008605,0.8925802490998275,0
287,84.07118898900143,0.39883682158171024,0.8946912580627854,0
288,84.07242591948072,0.3997383808433059,0.8968022670257432,0
289,84.073644929904,0.40064229493031533,0.898913275988701,0
290,84.07484627988849,0.40154857022558144,0.9010242849516588,0
291,84.07603022529013,0.40245721312939503,0.9031352939146166,0
292,84.07719701825818,0.4033682300595431,0.9052463028775746,0
293,84.07834690728887,0.4042816274513562,0.9073573118405323,0
294,84.07948013727837,0.40519741175775703,0.90946832080349,0
295,84.08059694957485,0.4061155894493081,0.9115793297664478,0
296,84.08169758203002,0.40703616701426054,0.9136903387294056,0
297,84.08278226904963,0.40795915095860236,0.9158013476923637,0
298,84.08385124164352,0.4088845478061066,0.9179123566553214,0
299,84.08490472747476,0.4098123640983809,0.9200233656182792,0
300,84.08594295090816,0.41074260639491544,0.9221343745812369,0
301,84.08696613305801,0.41167528127313263,0.9242453835441947,0
302,84.08797449183521,0.4126103953284358,0.9263563925071527,0
303,84.08896824199371,0.41354795517425863,0.9284674014701105,0
304,84.08994759517614,0.41448796744211447,0.9305784104330683,0
305,84.09091275995901,0.41543043878164576,0.9326894193960261,0
306,84.09186394189705,0.4163753758606739,0.934800428358984,0
307,84.09280134356702,0.417322785365249,0.9369114373219418,0
308,84.09372516461082,0.4182726739996995,0.9390224462848996,0
309,84.09463560177808,0.41922504848668285,0.9411334552478574,0
310,84.09553284896796,0.42017991556723466,0.9432444642108152,0
311,84.09641709727057,0.4211372820008205,0.9453554731737731,0
312,84.09728853500752,0.4220971545653849,0.9474664821367309,0
313,84.09814734777217,0.423059540057403,0.9495774910996887,0
314,84.09899371846906,0.4240244452919309,0.9516885000626465,0
315,84.09982782735291,0.4249918771026564,0.9537995090256043,0
316,84.100649852067,0.42596184234195045,0.9559105179885622,0
317,84.10145996768095,0.42693434788091794,0.95802152695152,0
318,84.10225834672814,0.4279094006094492,0.9601325359144778,0
319,84.1030451592423,0.4288870074362713,0.9622435448774356,0
320,84.10382057279382,0.42986717528899987,0.9643545538403935,0
321,84.10458475252543,0.43084991111419074,0.9664655628033513,0
322,84.10533786118731,0.43183522187739165,0.9685765717663091,0
323,84.1060800591718,0.43282311456319444,0.9706875807292669,0
324,84.1068115045476,0.43381359617528725,0.9727985896922247,0
325,84.10753235309332,0.4348066737365066,0.9749095986551826,0
326,84.10824275833076,0.43580235428889,0.9770206076181404,0
327,84.10894287155759,0.4368006448937287,0.9791316165810982,0
328,84.10963284187949,0.43780155263162,0.981242625544056,0
329,84.11031281624204,0.43880508460252043,0.9833536345070137,0
330,84.11098293946189,0.4398112479257988,0.9854646434699716,0
331,84.11164335425768,0.44082004974028904,0.9875756524329294,0
332,84.1122942012804,0.44183149720434406,0.9896866613958872,0
333,84.11293561914339,0.4428455974958887,0.991797670358845,0
334,84.11356774445176,0.44386235781247335,0.9939086793218028,0
335,84.11419071183158,0.44488178537132844,0.9960196882847607,0
336,84.11480465395857,0.44590388740941717,0.9981306972477185,0
337,84.11540970158624,0.44692867118349056,1.0002417062106763,0
338,84.11600598357386,0.44795614397014105,1.002352715173634,0
339,84.11659362691378,0.44898631306585723,1.004463724136592,0
340,84.11717275675863,0.45001918578707795,1.0065747330995498,0
341,84.11774349644782,0.45105476947024736,1.0086857420625075,0
342,84.11830596753391,0.4520930714718694,1.0107967510254654,0
343,84.11886028980847,0.4531340991685627,1.012907759988423,0
344,84.11940658132757,0.4541778599571162,1.015018768951381,0
345,84.11994495843693,0.4552243612545435,1.017129777914339,0
346,84.12047553579676,0.45627361049813947,1.0192407868772966,0
347,84.12099842640606,0.4573256151455344,1.0213517958402545,0
348,84.12151374162681,0.4583803826747508,1.0234628048032122,0
349,84.1220215912076,0.4594379205842587,1.02557381376617,0
350,84.12252208330703,0.46049823639303183,1.027684822729128,0
351,84.12301532451679,0.4615613376406038,1.0297958316920857,0
352,84.12350141988428,0.46262723188712435,1.0319068406550436,0
353,84.12398047293505,0.4636959267134156,1.0340178496180013,0
354,84.1244525856948,0.46476742972102936,1.0361288585809594,0
355,84.12491785871113,0.4658417485323031,1.038239867543917,0
356,84.12537639107498,0.4669188907904172,1.0403508765068747,0
357,84.12582828044168,0.4679988641594523,1.0424618854698326,0
358,84.12627362305182,0.46908167632444614,1.0445728944327906,0
359,84.12671251375163,0.4701673349914512,1.0466839033957485,0
360,84.12714504601331,0.4712558478875921,1.0487949123587061,0
361,84.12757131195488,0.47234722276112356,1.050905921321664,0
362,84.12799140235978,0.473441467381488,1.0530169302846217,0
363,84.1284054066962,0.47453858953937367,1.0551279392475796,0
364,84.12881341313621,0.47563859704677297,1.0572389482105375,0
365,84.12921550857445,0.47674149773704055,1.0593499571734952,0
366,84.12961177864668,0.4778472994649521,1.0614609661364531,0
367,84.130002307748,0.4789560101067628,1.0635719750994108,0
368,84.13038717905087,0.48006763756026627,1.0656829840623687,0
369,84.13076647452274,0.4811821897448536,1.0677939930253266,0
370,84.13114027494359,0.4822996746015723,1.0699050019882843,0
371,84.13150865992309,0.48342010009318587,1.0720160109512422,0
372,84.13187170791754,0.48454347420423305,1.0741270199142,0
373,84.13222949624664,0.4856698049410877,1.0762380288771578,0
374,84.13258210110988,0.48679910033201823,1.0783490378401157,0
375,84.13292959760285,0.4879313684272482,1.0804600468030734,0
376,84.13327205973317,0.4890666172990159,1.0825710557660313,0
377,84.13360956043627,0.49020485504163464,1.0846820647289892,0
378,84.13394217159092,0.49134608977155364,1.0867930736919469,0
379,84.13426996403456,0.49249032962741834,1.0889040826549048,0
380,84.13459300757836,0.4936375827701312,1.0910150916178625,0
381,84.13491137102213,0.49478785738291287,1.0931261005808204,0
382,84.13522512216888,0.49594116167136304,1.0952371095437783,0
383,84.13553432783938,0.49709750386352203,1.097348118506736,0
384,84.13583905388631,0.498256892209932,1.0994591274696939,0
385,84.13613936520832,0.4994193349836987,1.1015701364326516,0
386,84.13643532576381,0.5005848404805533,1.1036811453956095,0
387,84.1367269985846,0.5017534170189143,1.1057921543585674,0
388,84.13701444578936,0.5029250729399497,1.107903163321525,0
389,84.13729772859676,0.5040998166076391,1.110014172284483,0
390,84.13757690733861,0.505277656408837,1.1121251812474406,0
391,84.13785204147264,0.5064586007533342,1.1142361902103985,0
392,84.13812318959519,0.5076426580739214,1.1163471991733565,0
393,84.13839040945369,0.5088298368264522,1.1184582081363141,0
394,84.13865375795893,0.5100201454899063,1.120569217099272,0
395,84.13891329119726,0.5112135925664522,1.1226802260622297,0
396,84.13916906444238,0.5124101865815114,1.1247912350251876,0
397,84.13942113216731,0.5136099360838222,1.1269022439881455,0
398,84.13966954805585,0.5148128496455028,1.1290132529511032,0
399,84.13991436501405,0.5160189358621161,1.1311242619140611,0
400,84.14015563518147,0.5172282033527336,1.1332352708770188,0
401,84.14039340994235,0.5184406607599993,1.1353462798399767,0
402,84.14062773993642,0.5196563167501954,1.1374572888029346,0
403,84.14085867506985,0.520875180013306,1.1395682977658923,0
404,84.14108626452574,0.5220972592630828,1.1416793067288502,0
405,84.14131055677466,0.5233225632371094,1.143790315691808,0
406,84.14153159958497,0.5245511006968673,1.1459013246547658,0
407,84.14174944003297,0.5257828804278009,1.1480123336177237,0
408,84.14196412451297,0.5270179112393836,1.1501233425806814,0
409,84.1421756987471,0.5282562019651827,1.1522343515436393,0
410,84.14238420779512,0.5294977614629267,1.154345360506597,0
411,84.14258969606396,0.5307425986145706,1.1564563694695549,0
412,84.14279220731727,0.531990722326362,1.1585673784325128,0
413,84.14299178468458,0.5332421415289089,1.1606783873954705,0
414,84.14318847067064,0.5344968651772448,1.1627893963584282,0
415,84.14338230716439,0.535754902250897,1.164900405321386,0
416,84.14357333544791,0.5370162617539529,1.167011414284344,0
417,84.14376159620521,0.5382809527151273,1.1691224232473019,0
418,84.14394712953087,0.5395489841878303,1.1712334322102596,0
419,84.14412997493864,0.5408203652502348,1.1733444411732172,0
420,84.14431017136975,0.5420951050053437,1.1754554501361751,0
421,84.14448775720133,0.5433732125810592,1.177566459099133,0
422,84.1446627702545,0.5446546971302494,1.179677468062091,0
423,84.14483524780242,0.545939567830818,1.1817884770250486,0
424,84.14500522657828,0.5472278338857722,1.1838994859880063,0
425,84.1451727427831,0.5485195045232921,1.1860104949509642,0
426,84.14533783209342,0.5498145889967982,1.1881215039139221,0
427,84.14550052966894,0.5511130965850227,1.19023251287688,0
428,84.14566087015994,0.5524150365920768,1.1923435218398377,0
429,84.14581888771477,0.5537204183475215,1.1944545308027954,0
430,84.14597461598697,0.5550292512064368,1.1965655397657533,0
431,84.1461280881426,0.5563415445494917,1.1986765487287112,0
432,84.1462793368672,0.5576573077830144,1.2007875576916691,0
433,84.14642839437275,0.558976550339062,1.2028985666546268,0
434,84.1465752924046,0.5602992816754923,1.2050095756175847,0
435,84.14672006224816,0.5616255112760327,1.2071205845805424,0
436,84.1468627347356,0.5629552486503524,1.2092315935435003,0
437,84.14700334025244,0.5642885033341333,1.2113426025064582,0
438,84.14714190874392,0.5656252848891405,1.2134536114694159,0
439,84.1472784697215,0.5669656029032945,1.2155646204323738,0
440,84.14741305226909,0.5683094669907426,1.2176756293953315,0
441,84.14754568504921,0.5696568867919305,1.2197866383582894,0
442,84.1476763963092,0.5710078719736748,1.2218976473212473,0
443,84.14780521388707,0.5723624322292347,1.224008656284205,0
444,84.14793216521763,0.5737205772783849,1.2261196652471629,0
445,84.14805727733813,0.5750823168674882,1.2282306742101206,0
446,84.1481805768942,0.5764476607695681,1.2303416831730785,0
447,84.14830209014539,0.5778166187843816,1.2324526921360364,0
448,84.14842184297083,0.579189200738493,1.234563701098994,0
449,84.14853986087472,0.580565416485347,1.236674710061952,0
450,84.14865616899179,0.5819452759053425,1.2387857190249096,0
451,84.14877079209259,0.583328788905906,1.2408967279878675,0
452,84.14888375458884,0.5847159654215665,1.2430077369508254,0
453,84.14899508053858,0.5861068154140285,1.2451187459137836,0
454,84.1491047936513,0.5875013488722478,1.247229754876741,0
455,84.14921291729304,0.5888995758125052,1.2493407638396987,0
456,84.14931947449126,0.5903015062784814,1.2514517728026566,0
457,84.14942448793988,0.5917071503413328,1.2535627817656145,0
458,84.14952798000397,0.5931165180997657,1.2556737907285727,0
459,84.14962997272463,0.5945296196801126,1.2577847996915301,0
460,84.14973048782363,0.5959464652364076,1.2598958086544878,0
461,84.14982954670805,0.5973670649504621,1.2620068176174457,0
462,84.14992717047483,0.5987914290319412,1.2641178265804036,0
463,84.15002337991525,0.6002195677184398,1.2662288355433617,0
464,84.15011819551941,0.6016514912755592,1.2683398445063192,0
465,84.15021163748054,0.6030872099969836,1.2704508534692769,0
466,84.15030372569932,0.6045267342045575,1.2725618624322348,0
467,84.15039447978812,0.6059700742483621,1.274672871395193,0
468,84.15048391907516,0.6074172405067935,1.2767838803581508,0
469,84.15057206260869,0.6088682433866394,1.2788948893211083,0
470,84.15065892916093,0.6103230933231578,1.281005898284066,0
471,84.1507445372322,0.6117818007801541,1.2831169072470239,0
472,84.15082890505477,0.6132443762500601,1.285227916209982,0
473,84.15091205059674,0.6147108302540114,1.28733892517294,0
474,84.15099399156595,0.6161811733419271,1.2894499341358974,0
475,84.15107474541367,0.6176554160925881,1.291560943098855,0
476,84.15115432933835,0.6191335691137161,1.293671952061813,0
477,84.15123276028926,0.6206156430420531,1.295782961024771,0
478,84.15131005497014,0.6221016485434409,1.297893969987729,0
479,84.15138622984273,0.6235915963129004,1.3000049789506867,0
480,84.15146130113028,0.6250854970747124,1.3021159879136441,0
481,84.15153528482098,0.6265833615824965,1.304226996876602,0
482,84.15160819667143,0.6280852006192927,1.3063380058395602,0
483,84.15168005220994,0.6295910249976414,1.308449014802518,0
484,84.15175086673983,0.6311008455596637,1.3105600237654758,0
485,84.15182065534276,0.6326146731771437,1.3126710327284332,0
486,84.15188943288184,0.6341325187516089,1.3147820416913913,0
487,84.15195721400491,0.6356543932144112,1.3168930506543493,0
488,84.15202401314755,0.6371803075268101,1.3190040596173072,0
489,84.15208984453622,0.6387102726800531,1.3211150685802648,0
490,84.15215472219128,0.6402442996954586,1.3232260775432223,0
491,84.15221865992997,0.6417823996244985,1.3253370865061804,0
492,84.15228167136934,0.6433245835488801,1.3274480954691383,0
493,84.15234376992917,0.6448708625806293,1.3295591044320962,0
494,84.15240496883483,0.6464212478621737,1.331670113395054,0
495,84.15246528112007,0.647975750566426,1.3337811223580114,0
496,84.15252471962982,0.649534381896867,1.3358921313209695,0
497,84.15258329702294,0.6510971530876297,1.3380031402839274,0
498,84.15264102577486,0.6526640754035833,1.3401141492468853,0
499,84.15269791818028,0.6542351601404173,1.342225158209843,0
500,84.1527539863558,0.6558104186247259,1.3443361671728005,0
501,84.15280924224245,0.6573898622140928,1.3464471761357586,0
502,84.15286369760831,0.6589735022971759,1.3485581850987165,0
503,84.15291736405092,0.6605613502937923,1.3506691940616744,0
504,84.15297025299984,0.6621534176550041,1.352780203024632,0
505,84.153022375719,0.6637497158632037,1.35489121198759,0
506,84.15307374330919,0.6653502564321995,1.3570022209505477,0
507,84.15312436671036,0.6669550509073026,1.3591132299135056,0
508,84.15317425670393,0.6685641108654119,1.3612242388764635,0
509,84.15322342391521,0.6701774479151018,1.3633352478394212,0
510,84.15327187881547,0.6717950736967085,1.365446256802379,0
511,84.15331963172437,0.6734169998824172,1.3675572657653368,0
512,84.15336669281201,0.6750432381763484,1.3696682747282947,0
513,84.15341307210117,0.6766738003146469,1.3717792836912526,0
514,84.15345877946942,0.6783086980655687,1.3738902926542103,0
515,84.15350382465121,0.6799479432295686,1.3760013016171682,0
516,84.15354821724,0.6815915476393893,1.3781123105801258,0
517,84.15359196669023,0.683239523160149,1.3802233195430837,0
518,84.1536350823194,0.6848918816894307,1.3823343285060417,0
519,84.15367757330999,0.6865486351573707,1.3844453374689993,0
520,84.15371944871148,0.6882097955267484,1.3865563464319572,0
521,84.15376071744222,0.6898753747930747,1.388667355394915,0
522,84.15380138829137,0.6915453849846828,1.3907783643578728,0
523,84.15384146992074,0.693219838162817,1.3928893733208307,0
524,84.15388097086668,0.6948987464217241,1.3950003822837886,0
525,84.15391989954183,0.6965821218887424,1.3971113912467463,0
526,84.153958264237,0.6982699767243936,1.399222400209704,0
527,84.15399607312285,0.699962323122473,1.401333409172662,0
528,84.1540333342517,0.7016591733101409,1.4034444181356198,0
529,84.15407005555916,0.7033605395480138,1.4055554270985777,0
530,84.1541062448659,0.7050664341302562,1.4076664360615354,0
531,84.15414190987933,0.7067768693846722,1.409777445024493,0
532,84.15417705819513,0.7084918576727985,1.411888453987451,0
533,84.15421169729896,0.710211411389996,1.413999462950409,0
534,84.15424583456807,0.7119355429655422,1.4161104719133668,0
535,84.15427947727278,0.7136642648627252,1.4182214808763245,0
536,84.15431263257811,0.7153975895789362,1.4203324898392822,0
537,84.15434530754527,0.7171355296457624,1.42244349880224,0
538,84.15437750913316,0.7188780976290817,1.424554507765198,0
539,84.15440924419988,0.7206253061291564,1.426665516728156,0
540,84.15444051950415,0.7223771677807268,1.4287765256911136,0
541,84.15447134170681,0.7241336952531059,1.4308875346540713,0
542,84.15450171737217,0.7258949012502747,1.4329985436170292,0
543,84.15453165296944,0.7276607985109764,1.435109552579987,0
544,84.15456115487413,0.7294313998088118,1.437220561542945,0
545,84.15459022936936,0.7312067179523353,1.4393315705059027,0
546,84.15461888264724,0.7329867657851499,1.4414425794688603,0
547,84.15464712081015,0.7347715561860036,1.4435535884318182,0
548,84.1546749498721,0.7365611020688863,1.4456645973947762,0
549,84.15470237575994,0.7383554163831244,1.4477756063577338,0
550,84.15472940431466,0.74015451211348,1.4498866153206917,0
551,84.15475604129263,0.7419584022802466,1.4519976242836496,0
552,84.15478229236683,0.7437670999393465,1.4541086332466073,0
553,84.15480816312804,0.7455806181824287,1.4562196422095652,0
554,84.15483365908607,0.7473989701369665,1.458330651172523,0
555,84.15485878567087,0.7492221689663561,1.4604416601354808,0
556,84.15488354823376,0.7510502278700144,1.4625526690984387,0
557,84.15490795204849,0.7528831600834782,1.4646636780613964,0
558,84.15493200231246,0.7547209788785031,1.4667746870243543,0
559,84.15495570414772,0.756563697563162,1.468885695987312,0
560,84.15497906260217,0.7584113294819455,1.47099670495027,0
561,84.15500208265051,0.7602638880158613,1.4731077139132278,0
562,84.15502476919542,0.7621213865825341,1.4752187228761855,0
563,84.15504712706856,0.7639838386363063,1.4773297318391434,0
564,84.15506916103153,0.7658512576683378,1.479440740802101,0
565,84.155090875777,0.7677236572067078,1.481551749765059,0
566,84.15511227592965,0.7696010508165156,1.483662758728017,0
567,84.15513336604715,0.7714834520999817,1.4857737676909746,0
568,84.15515415062114,0.77337087469655,1.4878847766539325,0
569,84.15517463407818,0.7752633322829887,1.4899957856168904,0
570,84.1551948207807,0.777160838573494,1.492106794579848,0
571,84.15521471502795,0.7790634073197925,1.494217803542806,0
572,84.15523432105688,0.7809710523112422,1.4963288125057637,0
573,84.15525364304307,0.7828837873749378,1.4984398214687216,0
574,84.15527268510158,0.7848016263758127,1.5005508304316795,0
575,84.15529145128787,0.7867245832167435,1.5026618393946372,0
576,84.15530994559863,0.7886526718386531,1.504772848357595,0
577,84.1553281719727,0.7905859062206155,1.5068838573205527,0
578,84.15534613429179,0.7925243003799605,1.5089948662835106,0
579,84.15536383638141,0.7944678683723778,1.5111058752464686,0
580,84.15538128201163,0.7964166242920225,1.5132168842094262,0
581,84.15539847489794,0.7983705822716207,1.5153278931723841,0
582,84.15541541870193,0.8003297564825747,1.5174389021353418,0
583,84.15543211703223,0.8022941611350691,1.5195499110982997,0
584,84.15544857344511,0.8042638104781771,1.5216609200612576,0
585,84.15546479144537,0.8062387187999672,1.5237719290242153,0
586,84.15548077448702,0.8082189004276098,1.5258829379871732,0
587,84.15549652597402,0.8102043697274841,1.527993946950131,0
588,84.155512049261,0.8121951411052859,1.5301049559130888,0
589,84.15552734765407,0.8141912290061356,1.5322159648760467,0
590,84.15554242441134,0.816192647914685,1.5343269738390044,0
591,84.15555728274379,0.8181994123552272,1.5364379828019623,0
592,84.15557192581582,0.8202115368918038,1.53854899176492,0
593,84.15558635674604,0.8222290361283145,1.540660000727878,0
594,84.15560057860787,0.8242519247086264,1.5427710096908358,0
595,84.15561459443018,0.826280217316683,1.5448820186537935,0
596,84.15562840719797,0.8283139286766139,1.5469930276167514,0
597,84.155642019853,0.830353073552846,1.549104036579709,0
598,84.1556554352944,0.8323976667502125,1.551215045542667,0
599,84.15566865637933,0.8344477231140643,1.5533260545056249,0
600,84.15568168592351,0.8365032575303814,1.5554370634685826,0
601,84.15569452670191,0.8385642849258825,1.5575480724315405,0
602,84.15570718144924,0.8406308202681393,1.5596590813944982,0
603,84.15571965286068,0.8427028785656856,1.561770090357456,0
604,84.15573194359227,0.8447804748681319,1.563881099320414,0
605,84.15574405626164,0.846863624266276,1.5659921082833717,0
606,84.15575599344847,0.8489523418922174,1.5681031172463296,0
607,84.15576775769505,0.8510466429194691,1.5702141262092875,0
608,84.15577935150685,0.8531465425630721,1.5723251351722451,0
609,84.15579077735308,0.8552520560797086,1.574436144135203,0
610,84.15580203766712,0.8573631987678162,1.5765471530981607,0
611,84.15581313484712,0.8594799859677025,1.5786581620611186,0
612,84.1558240712565,0.8616024330616593,1.5807691710240765,0
613,84.15583484922442,0.8637305554740782,1.5828801799870342,0
614,84.1558454710463,0.8658643686715656,1.5849911889499921,0
615,84.15585593898433,0.8680038881630583,1.5871021979129498,0
616,84.15586625526788,0.8701491294999395,1.5892132068759077,0
617,84.15587642209405,0.8723001082761558,1.5913242158388656,0
618,84.15588644162814,0.874456840128332,1.5934352248018233,0
619,84.155896316004,0.8766193407358902,1.5955462337647812,0
620,84.15590604732465,0.8787876258211654,1.597657242727739,0
621,84.15591563766257,0.880961711149524,1.5997682516906968,0
622,84.15592508906029,0.8831416125294814,1.6018792606536547,0
623,84.15593440353068,0.8853273458128201,1.6039902696166124,0
624,84.15594358305748,0.8875189268947078,1.6061012785795703,0
625,84.1559526295957,0.8897163717138173,1.608212287542528,0
626,84.15596154507202,0.8919196962524454,1.610323296505486,0
627,84.15597033138519,0.8941289165366314,1.6124343054684438,0
628,84.15597899040645,0.8963440486362778,1.6145453144314015,0
629,84.15598752397997,0.8985651086652708,1.6166563233943594,0
630,84.15599593392317,0.9007921127816003,1.618767332357317,0
631,84.15600422202714,0.9030250771874799,1.620878341320275,0
632,84.15601239005703,0.9052640181294704,1.6229893502832329,0
633,84.15602043975241,0.907508951898598,1.6251003592461906,0
634,84.15602837282768,0.9097598948304793,1.6272113682091485,0
635,84.15603619097234,0.9120168633054413,1.6293223771721062,0
636,84.15604389585148,0.9142798737486452,1.631433386135064,0
637,84.15605148910602,0.9165489426302083,1.633544395098022,0
638,84.15605897235312,0.9188240864653275,1.6356554040609796,0
639,84.15606634718652,0.921105321814403,1.6377664130239376,0
640,84.15607361517688,0.923392665283162,1.6398774219868955,0
641,84.15608077787208,0.9256861335227826,1.6419884309498531,0
642,84.15608783679757,0.9279857432300189,1.644099439912811,0
643,84.15609479345673,0.9302915111473251,1.6462104488757687,0
644,84.15610164933116,0.9326034540629813,1.6483214578387266,0
645,84.15610840588096,0.9349215888112188,1.6504324668016845,0
646,84.1561150645451,0.9372459322723462,1.6525434757646422,0
647,84.15612162674172,0.9395765013728752,1.6546544847276001,0
648,84.15612809386838,0.9419133130856475,1.6567654936905578,0
649,84.1561344673024,0.9442563844299622,1.6588765026535157,0
650,84.15614074840116,0.9466057324717011,1.6609875116164736,0
651,84.15614693850236,0.9489613743234594,1.6630985205794313,0
652,84.15615303892436,0.951323327144671,1.6652095295423892,0
653,84.15615905096635,0.9536916081417383,1.667320538505347,0
654,84.15616497590878,0.95606623456816,1.6694315474683048,0
655,84.15617081501347,0.9584472237246608,1.6715425564312627,0
656,84.156176569524,0.9608345929593207,1.6736535653942204,0
657,84.15618224066597,0.963228359667704,1.6757645743571783,0
658,84.15618782964712,0.9656285412929904,1.677875583320136,0
659,84.15619333765781,0.9680351553261045,1.6799865922830939,0
660,84.15619876587108,0.9704482193058476,1.6820976012460518,0
661,84.15620411544299,0.9728677508190281,1.6842086102090095,0
662,84.15620938751287,0.9752937675005929,1.6863196191719674,0
663,84.15621458320352,0.9777262870337604,1.688430628134925,0
664,84.1562197036215,0.9801653271501515,1.690541637097883,0
665,84.15622474985733,0.982610905629922,1.6926526460608409,0
666,84.1562297229857,0.9850630403018974,1.6947636550237986,0
667,84.15623462406577,0.9875217490437046,1.6968746639867565,0
668,84.15623945414134,0.9899870497819059,1.6989856729497141,0
669,84.1562442142411,0.9924589604921332,1.701096681912672,0
670,84.1562489053788,0.9949374991992228,1.70320769087563,0
671,84.15625352855355,0.9974226839773497,1.7053186998385876,0
672,84.15625808474996,0.9999145329501626,1.7074297088015455,0
673,84.1562625749384,1.0024130642909204,1.7095407177645032,0
674,84.15626700007512,1.0049182962226266,1.7116517267274611,0
675,84.15627136110258,1.0074302470181673,1.713762735690419,0
676,84.15627565894957,1.0099489350004462,1.7158737446533767,0
677,84.15627989453141,1.0124743785425234,1.7179847536163346,0
678,84.15628406875018,1.015006596067751,1.7200957625792925,0
679,84.15628818249486,1.0175456060499117,1.7222067715422502,0
680,84.15629223664158,1.0200914270133579,1.7243177805052081,0
681,84.15629623205376,1.022644077533148,1.7264287894681658,0
682,84.15630016958232,1.0252035762351877,1.7285397984311237,0
683,84.15630405006587,1.0277699417963675,1.7306508073940816,0
684,84.15630787433082,1.0303431929447036,1.7327618163570393,0
685,84.15631164319166,1.0329233484594773,1.7348728253199972,0
686,84.15631535745105,1.0355104271713755,1.7369838342829549,0
687,84.15631901790002,1.0381044479626316,1.7390948432459128,0
688,84.15632262531817,1.0407054297671672,1.7412058522088707,0
689,84.15632618047377,1.0433133915707329,1.7433168611718284,0
690,84.15632968412397,1.0459283524110505,1.7454278701347863,0
691,84.15633313701498,1.0485503313779556,1.747538879097744,0
692,84.15633653988216,1.051179347613541,1.7496498880607019,0
693,84.15633989345022,1.0538154203122978,1.7517608970236598,0
694,84.1563431984334,1.0564585687212618,1.7538719059866175,0
695,84.15634645553557,1.0591088121401548,1.7559829149495754,0
696,84.1563496654504,1.0617661699215308,1.758093923912533,0
697,84.15635282886153,1.0644306614709198,1.760204932875491,0
698,84.15635594644267,1.067102306246973,1.7623159418384489,0
699,84.15635901885778,1.069781123761609,1.7644269508014065,0
700,84.15636204676123,1.0724671335801588,1.7665379597643645,0
701,84.15636503079786,1.0751603553215126,1.7686489687273221,0
702,84.15636797160319,1.0778608086582666,1.77075997769028,0
703,84.15637086980354,1.0805685133168703,1.7728709866532382,0
704,84.15637372601617,1.0832834890777736,1.7749819956161956,0
705,84.15637654084934,1.0860057557755742,1.7770930045791535,0
706,84.15637931490257,1.088735333299168,1.7792040135421112,0
707,84.15638204876663,1.0914722415918954,1.7813150225050691,0
708,84.15638474302379,1.094216500651692,1.7834260314680273,0
709,84.15638739824784,1.0969681305312378,1.7855370404309847,0
710,84.15639001500428,1.0997271513381068,1.7876480493939428,0
711,84.15639259385041,1.1024935832349183,1.7897590583569003,0
712,84.15639513533544,1.1052674464394865,1.7918700673198582,0
713,84.15639764000066,1.1080487612249728,1.7939810762828163,0
714,84.1564001083795,1.110837547920036,1.7960920852457738,0
715,84.15640254099763,1.1136338269089867,1.798203094208732,0
716,84.15640493837317,1.1164376186319374,1.8003141031716898,0
717,84.15640730101669,1.1192489435849566,1.8024251121346473,0
718,84.15640962943134,1.122067822320222,1.8045361210976054,0
719,84.15641192411304,1.1248942754461735,1.8066471300605629,0
720,84.1564141855505,1.1277283236276685,1.808758139023521,0
721,84.15641641422533,1.130569987586136,1.810869147986479,0
722,84.1564186106122,1.1334192880997305,1.8129801569494366,0
723,84.15642077517886,1.1362762460034892,1.8150911659123945,0
724,84.15642290838632,1.1391408821894866,1.817202174875352,0
725,84.15642501068889,1.142013217606991,1.81931318383831,0
726,84.15642708253431,1.144893273262622,1.821424192801268,0
727,84.15642912436383,1.1477810702205065,1.8235352017642257,0
728,84.15643113661228,1.150676629602437,1.8256462107271836,0
729,84.15643311970825,1.1535799725880282,1.8277572196901413,0
730,84.1564350740741,1.156491120414878,1.8298682286530992,0
731,84.156437000126,1.1594100943787238,1.831979237616057,0
732,84.1564388982742,1.1623369158336037,1.8340902465790148,0
733,84.15644076892295,1.1652716061920143,1.8362012555419727,0
734,84.15644261247061,1.1682141869250733,1.8383122645049303,0
735,84.15644442930986,1.171164679562677,1.8404232734678883,0
736,84.1564462198276,1.174123105693665,1.8425342824308462,0
737,84.15644798440518,1.1770894869659783,1.8446452913938038,0
738,84.1564497234184,1.1800638450868222,1.8467563003567617,0
739,84.15645143723764,1.1830462018228314,1.8488673093197194,0
740,84.15645312622789,1.1860365790002279,1.8509783182826773,0
741,84.15645479074884,1.1890349985049893,1.8530893272456352,0
742,84.15645643115502,1.1920414822830077,1.855200336208593,0
743,84.15645804779578,1.1950560523402585,1.8573113451715508,0
744,84.15645964101543,1.1980787307429606,1.8594223541345085,0
745,84.15646121115327,1.2011095396177456,1.8615333630974664,0
746,84.15646275854371,1.2041485011518196,1.8636443720604243,0
747,84.1564642835163,1.2071956375931328,1.865755381023382,0
748,84.15646578639581,1.210250971250541,1.86786638998634,0
749,84.15646726750234,1.2133145244939791,1.8699773989492976,0
750,84.15646872715128,1.2163863197546212,1.8720884079122555,0
751,84.15647016565354,1.2194663795250553,1.8741994168752134,0
752,84.15647158331548,1.2225547263594456,1.876310425838171,0
753,84.15647298043899,1.2256513828737041,1.878421434801129,0
754,84.15647435732167,1.2287563717456615,1.880532443764087,0
755,84.15647571425671,1.2318697157152325,1.8826434527270446,0
756,84.15647705153314,1.2349914375845898,1.8847544616900025,0
757,84.15647836943575,1.2381215602183313,1.8868654706529602,0
758,84.15647966824521,1.2412601065436553,1.888976479615918,0
759,84.15648094823814,1.244407099550527,1.891087488578876,0
760,84.15648220968716,1.2475625622918556,1.8931984975418337,0
761,84.1564834528609,1.2507265178836613,1.8953095065047916,0
762,84.15648467802413,1.2538989895052544,1.8974205154677493,0
763,84.15648588543779,1.2570800003994018,1.8995315244307072,0
764,84.15648707535902,1.2602695738725087,1.901642533393665,0
765,84.15648824804124,1.2634677332947837,1.9037535423566228,0
766,84.15648940373421,1.2666745021004235,1.9058645513195807,0
767,84.15649054268404,1.2698899037877798,1.9079755602825383,0
768,84.15649166513332,1.2731139619195404,1.9100865692454962,0
769,84.15649277132108,1.276346700122903,1.9121975782084542,0
770,84.15649386148294,1.2795881420897517,1.9143085871714118,0
771,84.15649493585104,1.2828383115768371,1.9164195961343697,0
772,84.15649599465422,1.2860972324059505,1.9185306050973274,0
773,84.15649703811798,1.2893649284641042,1.9206416140602853,0
774,84.15649806646452,1.2926414237037087,1.9227526230232432,0
775,84.15649907991286,1.2959267421427545,1.924863631986201,0
776,84.15650007867886,1.2992209078649881,1.9269746409491588,0
777,84.15650106297522,1.3025239450200956,1.9290856499121165,0
778,84.15650203301156,1.3058358778238803,1.9311966588750744,0
779,84.15650298899448,1.3091567305584473,1.9333076678380323,0
780,84.15650393112757,1.3124865275723812,1.93541867680099,0
781,84.1565048596115,1.3158252932809316,1.937529685763948,0
782,84.15650577464399,1.3191730521661937,1.9396406947269056,0
783,84.15650667641992,1.3225298287772935,1.9417517036898635,0
784,84.15650756513138,1.3258956477305672,1.9438627126528214,0
785,84.15650844096758,1.3292705337097517,1.945973721615779,0
786,84.15650930411512,1.3326545114661632,1.948084730578737,0
787,84.15651015475777,1.3360476058188857,1.950195739541695,0
788,84.15651099307672,1.3394498416549565,1.9523067485046526,0
789,84.15651181925051,1.3428612439295504,1.9544177574676105,0
790,84.15651263345508,1.3462818376661698,1.9565287664305682,0
791,84.15651343586386,1.3497116479568272,1.958639775393526,0
792,84.15651422664772,1.3531506999622382,1.960750784356484,0
793,84.15651500597508,1.3565990189120043,1.9628617933194417,0
794,84.15651577401192,1.3600566301048074,1.9649728022823996,0
795,84.1565165309218,1.3635235589085932,1.9670838112453572,0
796,84.15651727686596,1.3669998307607663,1.9691948202083152,0
797,84.15651801200322,1.370485471168375,1.971305829171273,0
798,84.15651873649016,1.3739805057083092,1.9734168381342307,0
799,84.15651945048108,1.3774849600274837,1.9755278470971886,0
800,84.15652015412805,1.3809988598430363,1.9776388560601463,0
0,78.76642527296063,0.15154042824945418,0.25026570171492735,1
1,78.82716494957997,0.15187492408129372,0.25241943963008595,1
2,78.88705154506597,0.15221027436447596,0.25457317754524456,1
3,78.9460970408361,0.15254648136544346,0.25672691546040316,1
4,79.00431325003024,0.15288354735670262,0.25888065337556176,1
5,79.06171181987428,0.1532214746168402,0.26103439129072037,1
6,79.11830423401024,0.15356026543053944,0.263188129205879,1
7,79.17410181479383,0.15389992208859662,0.26534186712103763,1
8,79.22911572555974,0.15424044688793723,0.26749560503619624,1
9,79.28335697285495,0.15458184213163254,0.26964934295135484,1
10,79.33683640864095,0.154924110128916,0.2718030808665134,1
11,79.38956473246472,0.1552672531951998,0.273956818781672,1
12,79.44155249359952,0.1556112736520914,0.2761105566968306,1
13,79.49281009315531,0.1559561738274102,0.2782642946119892,1
14,79.54334778615983,0.15630195605520414,0.2804180325271478,1
15,79.59317568361023,0.15664862267576637,0.2825717704423064,1
16,79.64230375449594,0.15699617603565208,0.284725508357465,1
17,79.69074182779325,0.1573446184876952,0.2868792462726236,1
18,79.73849959443162,0.15769395239102535,0.2890329841877823,1
19,79.78558660923271,0.15804418011108448,0.2911867221029409,1
20,79.83201229282187,0.15839530401964416,0.2933404600180995,1
21,79.87778593351294,0.15874732649482215,0.2954941979332581,1
22,79.92291668916658,0.1591002499210997,0.2976479358484167,1
23,79.96741358902244,0.15945407668933848,0.2998016737635753,1
24,80.01128553550564,0.15980880919679774,0.3019554116787339,1
25,80.05454130600782,0.16016444984715142,0.3041091495938925,1
26,80.0971895546433,0.16052100105050532,0.3062628875090511,1
27,80.13923881398043,0.1608784652234145,0.3084166254242097,1
28,80.1806974967487,0.16123684478890032,0.31057036333936827,1
29,80.22157389752192,0.16159614217646798,0.31272410125452693,1
30,80.26187619437758,0.16195635982212384,0.3148778391696855,1
31,80.30161245053316,0.16231750016839275,0.31703157708484414,1
32,80.34079061595921,0.16267956566433578,0.31918531500000275,1
33,80.37941852896998,0.16304255876556745,0.32133905291516135,1
34,80.41750391779156,0.16340648193427337,0.32349279083031995,1
35,80.45505440210812,0.16377133763922813,0.32564652874547856,1
36,80.49207749458623,0.16413712835581248,0.32780026666063716,1
37,80.52858060237809,0.16450385656603153,0.32995400457579577,1
38,80.56457102860334,0.16487152475853215,0.33210774249095437,1
39,80.60005597381021,0.16524013542862095,0.334261480406113,1
40,80.63504253741617,0.1656096910782821,0.33641521832127164,1
41,80.66953771912823,0.16598019421619523,0.3385689562364302,1
42,80.70354842034341,0.16635164735775332,0.34072269415158885,1
43,80.73708144552947,0.16672405302508084,0.34287643206674745,1
44,80.77014350358625,0.16709741374705162,0.34503016998190605,1
45,80.80274120918801,0.16747173205930707,0.34718390789706466,1
46,80.83488108410664,0.16784701050427436,0.3493376458122232,1
47,80.86656955851664,0.16822325163118437,0.3514913837273818,1
48,80.8978129722815,0.16860045799609027,0.3536451216425404,1
49,80.92861757622208,0.1689786321618855,0.355798859557699,1
50,80.95898953336729,0.1693577766983223,0.3579525974728576,1
51,80.98893492018705,0.1697378941820301,0.3601063353880163,1
52,81.01845972780805,0.17011898719653382,0.36226007330317483,1
53,81.04756986321233,0.1705010583322724,0.3644138112183335,1
54,81.07627115041913,0.17088411018661745,0.3665675491334921,1
55,81.10456933165005,0.17126814536389182,0.3687212870486507,1
56,81.13247006847791,0.17165316647538795,0.3708750249638093,1
57,81.15997894295948,0.17203917613938696,0.3730287628789679,1
58,81.18710145875221,0.17242617698117718,0.3751825007941265,1
59,81.21384304221539,0.17281417163307294,0.3773362387092851,1
60,81.24020904349577,0.17320316273443334,0.3794899766244437,1
61,81.26620473759793,0.17359315293168134,0.38164371453960233,1
62,81.29183532543975,0.1739841448783225,0.383797452454761,1
63,81.31710593489278,0.17437614123496414,0.38595119036991954,1
64,81.34202162180834,0.17476914466933416,0.38810492828507814,1
65,81.36658737102888,0.17516315785630035,0.3902586662002367,1
66,81.39080809738543,0.17555818347788937,0.39241240411539535,1
67,81.41468864668079,0.175954224223306,0.39456614203055396,1
68,81.43823379665908,0.1763512827889525,0.39671987994571256,1
69,81.46144825796159,0.1767493618784477,0.39887361786087117,1
70,81.48433667506927,0.1771484642026465,0.40102735577602977,1
71,81.50690362723194,0.1775485924796591,0.4031810936911884,1
72,81.52915362938434,0.17794974943487074,0.405334831606347,1
73,81.55109113304961,0.1783519378009609,0.40748856952150564,1
74,81.57272052722978,0.17875516031792302,0.4096423074366642,1
75,81.59404613928388,0.1791594197330841,0.41179604535182285,1
76,81.61507223579372,0.1795647188011243,0.4139497832669814,1
77,81.63580302341755,0.1799710602840967,0.41610352118214006,1
78,81.65624264973158,0.180378446951447,0.4182572590972986,1
79,81.67639520405987,0.1807868815800336,0.42041099701245727,1
80,81.69626471829241,0.18119636695414693,0.42256473492761587,1
81,81.71585516769183,0.18160690586552997,0.4247184728427745,1
82,81.73517047168866,0.1820185011133979,0.4268722107579331,1
83,81.75421449466556,0.1824311555044582,0.42902594867309163,1
84,81.7729910467304,0.1828448718529307,0.43117968658825023,1
85,81.79150388447854,0.18325965298056782,0.43333342450340884,1
86,81.80975671174447,0.18367550171667466,0.4354871624185675,1
87,81.82775318034278,0.18409242089812933,0.43764090033372605,1
88,81.84549689079876,0.18451041336940324,0.4397946382488847,1
89,81.8629913930688,0.18492948198258133,0.44194837616404326,1
90,81.88024018725058,0.1853496295973827,0.4441021140792019,1
91,81.89724672428336,0.18577085908118085,0.4462558519943605,1
92,81.91401440663839,0.18619317330902443,0.4484095899095191,1
93,81.93054658899963,0.18661657516365765,0.45056332782467773,1
94,81.94684657893492,0.18704106753554095,0.45271706573983633,1
95,81.96291763755777,0.18746665332287174,0.45487080365499494,1
96,81.97876298017968,0.18789333543160502,0.45702454157015354,1
97,81.99438577695358,0.18832111677547436,0.4591782794853122,1
98,82.00978915350794,0.1887500002760126,0.46133201740047075,1
99,82.02497619157224,0.18917998886257284,0.4634857553156294,1
100,82.03994992959338,0.18961108547234934,0.46563949323078796,1
101,82.0547133633437,0.19004329305039863,0.46779323114594656,1
102,82.0692694465203,0.19047661454966053,0.46994696906110517,1
103,82.08362109133593,0.19091105293097924,0.4721007069762638,1
104,82.09777116910172,0.19134661116312468,0.4742544448914224,1
105,82.11172251080158,0.19178329222281362,0.476408182806581,1
106,82.12547790765862,0.192221099094731,0.4785619207217396,1
107,82.13904011169356,0.1926600347715513,0.4807156586368982,1
108,82.1524118362753,0.19310010225395996,0.48286939655205685,1
109,82.16559575666389,0.19354130455067495,0.4850231344672154,1
110,82.17859451054564,0.19398364467846804,0.48717687238237406,1
111,82.19141069856087,0.19442712566218676,0.4893306102975326,1
112,82.20404688482428,0.19487175053477573,0.49148434821269127,1
113,82.21650559743787,0.19531752233729865,0.4936380861278498,1
114,82.22878932899678,0.19576444411895977,0.4957918240430085,1
115,82.24090053708794,0.1962125189371259,0.4979455619581671,1
116,82.25284164478181,0.19666174985734836,0.5000992998733257,1
117,82.26461504111712,0.19711213995338467,0.5022530377884842,1
118,82.27622308157885,0.19756369230722082,0.5044067757036429,1
119,82.28766808856948,0.19801641000909315,0.5065605136188015,1
120,82.29895235187362,0.1984702961575106,0.5087142515339601,1
121,82.31007812911622,0.19892535385927676,0.5108679894491186,1
122,82.32104764621408,0.1993815862295122,0.5130217273642773,1
123,82.33186309782134,0.19983899639167674,0.5151754652794359,1
124,82.34252664776847,0.20029758747759172,0.5173292031945946,1
125,82.3530404294952,0.2007573626274627,0.5194829411097531,1
126,82.3634065464774,0.2012183249899016,0.5216366790249117,1
127,82.37362707264788,0.20168047772194947,0.5237904169400703,1
128,82.3837040528113,0.2021438239890988,0.5259441548552289,1
129,82.3936395030533,0.2026083669653167,0.5280978927703875,1
130,82.40343541114387,0.203074109833067,0.530251630685546,1
131,82.41309373693502,0.2035410557833336,0.5324053686007048,1
132,82.42261641275287,0.2040092080156428,0.5345591065158634,1
133,82.43200534378427,0.20447856973808654,0.536712844431022,1
134,82.44126240845793,0.20494914416734542,0.5388665823461806,1
135,82.45038945882033,0.20542093452871135,0.5410203202613392,1
136,82.45938832090611,0.205893944056111,0.5431740581764978,1
137,82.46826079510356,0.2063681759921288,0.5453277960916565,1
138,82.47700865651468,0.20684363358803015,0.547481534006815,1
139,82.48563365531042,0.20732032010378476,0.5496352719219736,1
140,82.4941375170808,0.20779823880808984,0.5517890098371322,1
141,82.50252194318011,0.20827739297839382,0.5539427477522909,1
142,82.51078861106738,0.20875778590091926,0.5560964856674494,1
143,82.51893917464191,0.20923942087068698,0.558250223582608,1
144,82.5269752645742,0.2097223011915393,0.5604039614977666,1
145,82.53489848863218,0.2102064301761638,0.5625576994129253,1
146,82.54271043200288,0.21069181114611693,0.5647114373280839,1
147,82.5504126576096,0.21117844743184794,0.5668651752432424,1
148,82.55800670642454,0.21166634237272258,0.569018913158401,1
149,82.56549409777718,0.21215549931704714,0.5711726510735596,1
150,82.57287632965819,0.21264592162209223,0.5733263889887183,1
151,82.58015487901912,0.21313761265411718,0.5754801269038768,1
152,82.58733120206799,0.2136305757883936,0.5776338648190354,1
153,82.5944067345605,0.21412481440923004,0.579787602734194,1
154,82.60138289208734,0.214620331909996,0.5819413406493528,1
155,82.60826107035746,0.21511713169314617,0.5840950785645113,1
156,82.61504264547722,0.2156152171702449,0.5862488164796699,1
157,82.62172897422572,0.21611459176199066,0.5884025543948285,1
158,82.62832139432629,0.21661525889824026,0.5905562923099872,1
159,82.63482122471413,0.21711722201803382,0.5927100302251458,1
160,82.6412297658001,0.21762048456961908,0.5948637681403044,1
161,82.647548299731,0.21812505001047613,0.5970175060554629,1
162,82.65377809064601,0.21863092180734234,0.5991712439706216,1
163,82.65992038492968,0.21913810343623683,0.6013249818857802,1
164,82.66597641146119,0.2196465983824859,0.6034787198009388,1
165,82.67194738186028,0.2201564101407474,0.6056324577160973,1
166,82.67783449072967,0.22066754221503615,0.6077861956312559,1
167,82.68363891589401,0.22117999811874883,0.6099399335464146,1
168,82.68936181863556,0.22169378137468918,0.6120936714615731,1
169,82.69500434392653,0.2222088955150933,0.6142474093767318,1
170,82.70056762065809,0.22272534408165479,0.6164011472918903,1
171,82.70605276186633,0.22324313062555035,0.618554885207049,1
172,82.71146086495486,0.22376225870746483,0.6207086231222076,1
173,82.71679301191442,0.22428273189761716,0.6228623610373663,1
174,82.72205026953928,0.2248045537757855,0.6250160989525247,1
175,82.72723368964076,0.22532772793133327,0.6271698368676835,1
176,82.73234430925758,0.22585225796323444,0.6293235747828421,1
177,82.73738315086345,0.22637814748009966,0.6314773126980007,1
178,82.7423512225715,0.22690540010020183,0.6336310506131592,1
179,82.74724951833606,0.2274340194515022,0.6357847885283179,1
180,82.7520790181515,0.22796400917167625,0.6379385264434765,1
181,82.7568406882483,0.22849537290813965,0.6400922643586352,1
182,82.76153548128634,0.22902811431807463,0.6422460022737937,1
183,82.7661643365455,0.22956223706845588,0.6443997401889522,1
184,82.77072818011362,0.230097744836077,0.6465534781041109,1
185,82.77522792507173,0.23063464130757672,0.6487072160192695,1
186,82.77966447167677,0.23117293017946544,0.6508609539344281,1
187,82.78403870754167,0.2317126151581515,0.6530146918495866,1
188,82.78835150781296,0.23225369995996778,0.6551684297647453,1
189,82.79260373534584,0.2327961883111985,0.6573221676799039,1
190,82.7967962408768,0.2333400839481056,0.6594759055950625,1
191,82.80092986319389,0.2338853906169557,0.661629643510221,1
192,82.80500542930442,0.23443211207404685,0.6637833814253797,1
193,82.80902375460056,0.23498025208573547,0.6659371193405383,1
194,82.81298564302233,0.23552981442846324,0.6680908572556971,1
195,82.81689188721857,0.2360808028887842,0.6702445951708556,1
196,82.82074326870544,0.23663322126339192,0.6723983330860142,1
197,82.82454055802279,0.23718707335914652,0.6745520710011728,1
198,82.82828451488837,0.23774236299310214,0.6767058089163315,1
199,82.83197588834976,0.23829909399253402,0.67885954683149,1
200,82.83561541693426,0.23885727019496616,0.6810132847466486,1
201,82.83920382879668,0.2394168954481987,0.6831670226618072,1
202,82.84274184186495,0.23997797361033532,0.6853207605769658,1
203,82.84623016398382,0.24054050854981118,0.6874744984921244,1
204,82.84966949305641,0.24110450414542028,0.689628236407283,1
205,82.85306051718393,0.24166996428634355,0.6917819743224416,1
206,82.85640391480328,0.24223689287217648,0.6939357122376002,1
207,82.85970035482275,0.242805293812957,0.6960894501527589,1
208,82.86295049675596,0.24337517102919387,0.6982431880679174,1
209,82.86615499085373,0.24394652845189424,0.700396925983076,1
210,82.86931447823414,0.24451937002259205,0.7025506638982346,1
211,82.87242959101093,0.24509369969337647,0.7047044018133933,1
212,82.87550095241981,0.24566952142691967,0.7068581397285518,1
213,82.87852917694326,0.2462468391965057,0.7090118776437104,1
214,82.88151487043342,0.24682565698605863,0.711165615558869,1
215,82.88445863023331,0.24740597879017126,0.7133193534740278,1
216,82.88736104529634,0.2479878086141337,0.7154730913891864,1
217,82.89022269630418,0.2485711504739619,0.717626829304345,1
218,82.89304415578282,0.2491560083964265,0.7197805672195035,1
219,82.89582598821728,0.24974238641908184,0.7219343051346621,1
220,82.8985687501644,0.2503302885902946,0.7240880430498208,1
221,82.90127299036429,0.2509197189692729,0.7262417809649793,1
222,82.90393924985003,0.2515106816260955,0.7283955188801379,1
223,82.906568062056,0.25210318064174064,0.7305492567952965,1
224,82.90915995292454,0.2526972201081156,0.7327029947104552,1
225,82.9117154410112,0.2532928041280858,0.7348567326256137,1
226,82.91423503758847,0.25388993681550426,0.7370104705407723,1
227,82.9167192467481,0.2544886222952409,0.7391642084559309,1
228,82.91916856550195,0.25508886470321246,0.7413179463710896,1
229,82.92158348388136,0.2556906681864117,0.7434716842862482,1
230,82.92396448503528,0.2562940369029373,0.7456254222014068,1
231,82.9263120453269,0.25689897502202363,0.7477791601165653,1
232,82.9286266344289,0.2575054867240706,0.749932898031724,1
233,82.93090871541753,0.2581135762006736,0.7520866359468826,1
234,82.93315874486514,0.25872324765465354,0.7542403738620412,1
235,82.93537717293162,0.25933450530008667,0.7563941117771998,1
236,82.93756444345439,0.2599473533623354,0.7585478496923584,1
237,82.93972099403723,0.2605617960780778,0.760701587607517,1
238,82.94184725613786,0.26117783769533853,0.7628553255226755,1
239,82.9439436551542,0.26179548247351897,0.7650090634378343,1
240,82.94601061050952,0.26241473468342785,0.7671628013529928,1
241,82.94804853573635,0.2630355986073117,0.7693165392681515,1
242,82.95005783855919,0.2636580785388856,0.77147027718331,1
243,82.95203892097612,0.264282178783364,0.7736240150984687,1
244,82.95399217933918,0.2649079036574915,0.7757777530136272,1
245,82.95591800443374,0.26553525748957363,0.7779314909287859,1
246,82.9578167815566,0.266164244619508,0.7800852288439445,1
247,82.95968889059313,0.26679486939881547,0.7822389667591031,1
248,82.96153470609325,0.26742713619067116,0.7843927046742617,1
249,82.96335459734638,0.2680610493699355,0.7865464425894203,1
250,82.96514892845532,0.26869661332318623,0.7887001805045789,1
251,82.96691805840908,0.26933383244874903,0.7908539184197375,1
252,82.96866234115471,0.26997271115672944,0.7930076563348961,1
253,82.97038212566815,0.27061325386904456,0.7951613942500547,1
254,82.97207775602399,0.2712554650194543,0.7973151321652133,1
255,82.97374957146434,0.27189934905359353,0.7994688700803719,1
256,82.9753979064667,0.2725449104290038,0.8016226079955305,1
257,82.97702309081086,0.2731921536151651,0.8037763459106891,1
258,82.97862544964492,0.27384108309352806,0.8059300838258477,1
259,82.9802053035503,0.274491703357546,0.8080838217410063,1
260,82.98176296860592,0.27514401891270723,0.810237559656165,1
261,82.98329875645136,0.27579803427656696,0.8123912975713236,1
262,82.9848129743493,0.27645375397877997,0.8145450354864822,1
263,82.98630592524695,0.27711118256113315,0.8166987734016408,1
264,82.98777790783666,0.27777032457757755,0.8188525113167994,1
265,82.98922921661567,0.27843118459426164,0.821006249231958,1
266,82.99066014194507,0.2790937671895634,0.8231599871471166,1
267,82.99207097010785,0.2797580769541236,0.8253137250622752,1
268,82.99346198336619,0.28042411849087817,0.8274674629774339,1
269,82.99483346001793,0.2810918964150918,0.8296212008925924,1
270,82.99618567445225,0.2817614153543906,0.8317749388077511,1
271,82.9975188972046,0.28243267994879506,0.8339286767229096,1
272,82.99883339501075,0.2831056948507539,0.8360824146380683,1
273,83.00012943086023,0.2837804647251766,0.8382361525532268,1
274,83.0014072640489,0.2844569942494678,0.8403898904683854,1
275,83.00266715023083,0.2851352881135597,0.842543628383544,1
276,83.00390934146951,0.2858153510199465,0.8446973662987026,1
277,83.00513408628817,0.2864971876837177,0.8468511042138612,1
278,83.0063416297196,0.28718080283259195,0.8490048421290198,1
279,83.0075322133551,0.287866201206951,0.8511585800441784,1
280,83.00870607539292,0.2885533875598735,0.853312317959337,1
281,83.00986345068577,0.289242366657169,0.8554660558744958,1
282,83.01100457078793,0.28993314327741243,0.8576197937896543,1
283,83.01212966400149,0.290625722211978,0.859773531704813,1
284,83.01323895542211,0.29132010826507354,0.8619272696199715,1
285,83.01433266698398,0.2920163062537751,0.8640810075351302,1
286,83.01541101750425,0.2927143210080614,0.8662347454502887,1
287,83.01647422272683,0.2934141573708482,0.8683884833654474,1
288,83.01752249536553,0.2941158201980233,0.8705422212806059,1
289,83.01855604514661,0.29481931435848113,0.8726959591957646,1
290,83.01957507885076,0.2955246447341578,0.8748496971109231,1
291,83.02057980035445,0.2962318162200657,0.8770034350260818,1
292,83.02157041067076,0.2969408337243291,0.8791571729412404,1
293,83.02254710798952,0.29765170216821896,0.8813109108563989,1
294,83.02351008771706,0.29836442648618794,0.8834646487715576,1
295,83.02445954251519,0.29907901162590655,0.8856183866867161,1
296,83.02539566233989,0.29979546254829775,0.8877721246018748,1
297,83.02631863447915,0.30051378422757297,0.8899258625170333,1
298,83.02722864359058,0.3012339816512675,0.892079600432192,1
299,83.02812587173828,0.3019560598202764,0.8942333383473505,1
300,83.02901049842927,0.30268002374889025,0.8963870762625092,1
301,83.02988270064944,0.303405878464831,0.8985408141776677,1
302,83.03074265289891,0.30413362900928814,0.9006945520928265,1
303,83.031590527227,0.30486328043695465,0.902848290007985,1
304,83.03242649326658,0.3055948378160632,0.9050020279231437,1
305,83.03325071826808,0.3063283062284228,0.9071557658383023,1
306,83.03406336713289,0.30706369076945456,0.9093095037534609,1
307,83.03486460244642,0.30780099654822884,0.9114632416686195,1
308,83.03565458451054,0.3085402286875015,0.9136169795837781,1
309,83.03643347137574,0.3092813923237508,0.9157707174989367,1
310,83.03720141887271,0.3100244926072138,0.9179244554140952,1
311,83.03795858064348,0.3107695347019237,0.9200781933292539,1
312,83.03870510817222,0.3115165237857466,0.9222319312444124,1
313,83.03944115081553,0.31226546505041874,0.9243856691595711,1
314,83.04016685583233,0.3130163637015835,0.9265394070747296,1
315,83.04088236841325,0.31376922495882875,0.9286931449898883,1
316,83.04158783170979,0.3145240540557244,0.9308468829050469,1
317,83.0422833868629,0.31528085623985985,0.9330006208202055,1
318,83.0429691730312,0.31603963677288116,0.9351543587353641,1
319,83.04364532741884,0.31680040093052947,0.9373080966505227,1
320,83.044311985303,0.31756315400267826,0.9394618345656813,1
321,83.04496928006085,0.3183279012933713,0.9416155724808399,1
322,83.04561734319635,0.3190946481208609,0.9437693103959985,1
323,83.04625630436647,0.31986339981764583,0.9459230483111571,1
324,83.04688629140715,0.3206341617305095,0.9480767862263157,1
325,83.04750743035893,0.32140693922055824,0.9502305241414744,1
326,83.04811984549212,0.32218173766326,0.952384262056633,1
327,83.04872365933163,0.32295856244848253,0.9545379999717917,1
328,83.04931899268156,0.32373741898053193,0.9566917378869502,1
329,83.04990596464934,0.3245183126781917,0.9588454758021088,1
330,83.0504846926695,0.3253012489747615,0.9609992137172674,1
331,83.05105529252727,0.3260862333180957,0.963152951632426,1
332,83.05161787838166,0.32687327117064297,0.9653066895475846,1
333,83.05217256278837,0.3276623680094849,0.9674604274627432,1
334,83.0527194567222,0.3284535293263755,0.9696141653779018,1
335,83.05325866959939,0.32924676062778063,0.9717679032930604,1
336,83.0537903092994,0.33004206743491715,0.973921641208219,1
337,83.05431448218657,0.33083945528379294,0.9760753791233776,1
338,83.05483129313133,0.33163892972524583,0.9782291170385363,1
339,83.05534084553126,0.33244049632498424,0.9803828549536948,1
340,83.05584324133169,0.3332441606636263,0.9825365928688535,1
341,83.05633858104618,0.33404992833674024,0.984690330784012,1
342,83.05682696377654,0.3348578049548846,0.9868440686991707,1
343,83.05730848723277,0.3356677961436479,0.9889978066143292,1
344,83.05778324775251,0.33647990754368956,0.991151544529488,1
345,83.05825134032035,0.3372941448107798,0.9933052824446464,1
346,83.05871285858683,0.3381105136158403,0.9954590203598052,1
347,83.0591678948872,0.33892901964498523,0.9976127582749637,1
348,83.05961654025984,0.3397496685995614,0.9997664961901223,1
349,83.06005888446455,0.3405724661961894,1.0019202341052809,1
350,83.06049501600043,0.3413974181668045,1.0040739720204395,1
351,83.06092502212364,0.34222453025869787,1.006227709935598,1
352,83.06134898886482,0.34305380823455756,1.008381447850757,1
353,83.06176700104635,0.34388525787250973,1.0105351857659153,1
354,83.06217914229927,0.3447188849661603,1.0126889236810739,1
355,83.06258549508001,0.3455546953246365,1.0148426615962325,1
356,83.06298614068697,0.34639269477262785,1.016996399511391,1
357,83.06338115927669,0.34723288915042866,1.01915013742655,1
358,83.06377062987988,0.34807528431397977,1.0213038753417083,1
359,83.06415463041735,0.34891988613490976,1.023457613256867,1
360,83.06453323771547,0.3497667005005781,1.0256113511720257,1
361,83.06490652752161,0.35061573331411655,1.0277650890871841,1
362,83.0652745745193,0.3514669904944717,1.029918827002343,1
363,83.0656374523431,0.35232047797644744,1.0320725649175013,1
364,83.06599523359341,0.3531762017107474,1.0342263028326601,1
365,83.06634798985098,0.3540341676640175,1.0363800407478188,1
366,83.0666957916912,0.3548943818188891,1.0385337786629771,1
367,83.06703870869823,0.3557568501740213,1.0406875165781357,1
368,83.06737680947894,0.3566215787441443,1.0428412544932943,1
369,83.06771016167663,0.3574885735601023,1.044994992408453,1
370,83.06803883198455,0.35835784066889687,1.0471487303236118,1
371,83.06836288615926,0.3592293861337303,1.0493024682387702,1
372,83.06868238903375,0.36010321603404866,1.0514562061539288,1
373,83.06899740453049,0.3609793364655859,1.0536099440690876,1
374,83.06930799567412,0.36185775354040733,1.055763681984246,1
375,83.06961422460412,0.362738473386953,1.0579174198994048,1
376,83.06991615258725,0.36362150215008215,1.0600711578145632,1
377,83.07021384002975,0.3645068459911173,1.062224895729722,1
378,83.0705073464895,0.36539451108788784,1.0643786336448806,1
379,83.07079673068786,0.3662845036347746,1.066532371560039,1
380,83.07108205052148,0.36717682984275435,1.0686861094751976,1
381,83.07136336307386,0.3680714959394442,1.0708398473903564,1
382,83.07164072462675,0.36896850816914617,1.0729935853055148,1
383,83.07191419067145,0.369867872792892,1.0751473232206736,1
384,83.07218381591989,0.3707695960884878,1.077301061135832,1
385,83.07244965431555,0.37167368435055953,1.0794547990509906,1
386,83.07271175904431,0.37258014389059746,1.0816085369661494,1
387,83.07297018254506,0.3734889810370021,1.0837622748813078,1
388,83.0732249765202,0.37440020213512876,1.0859160127964667,1
389,83.07347619194591,0.37531381354733373,1.088069750711625,1
390,83.07372387908254,0.37622982165301927,1.0902234886267839,1
391,83.0739680874844,0.37714823284868,1.0923772265419425,1
392,83.07420886600993,0.3780690535479479,1.0945309644571009,1
393,83.07444626283129,0.3789922901816391,1.0966847023722595,1
394,83.07468032544409,0.37991794919779925,1.0988384402874183,1
395,83.07491110067687,0.3808460370617503,1.1009921782025767,1
396,83.07513863470048,0.38177656025613643,1.1031459161177355,1
397,83.0753629730373,0.3827095252809706,1.1052996540328939,1
398,83.07558416057033,0.3836449386536813,1.1074533919480527,1
399,83.07580224155224,0.384582806909159,1.1096071298632113,1
400,83.07601725961412,0.3855231365998032,1.1117608677783697,1
401,83.07622925777432,0.3864659342955691,1.1139146056935285,1
402,83.07643827844697,0.38741120658401496,1.116068343608687,1
403,83.07664436345051,0.3883589600703492,1.1182220815238457,1
404,83.07684755401606,0.3893092013774779,1.1203758194390043,1
405,83.0770478907956,0.3902619371460515,1.1225295573541627,1
406,83.07724541387023,0.3912171740345138,1.1246832952693213,1
407,83.07744016275808,0.39217491871914795,1.1268370331844801,1
408,83.07763217642224,0.39313517789412594,1.1289907710996387,1
409,83.07782149327859,0.3940979582715553,1.1311445090147974,1
410,83.07800815120346,0.39506326658152807,1.1332982469299557,1
411,83.07819218754122,0.39603110957216825,1.1354519848451146,1
412,83.0783736391117,0.39700149400968093,1.1376057227602732,1
413,83.07855254221765,0.39797442667840016,1.1397594606754315,1
414,83.07872893265194,0.39894991438083793,1.1419131985905904,1
415,83.07890284570473,0.399927963937733,1.144066936505749,1
416,83.07907431617052,0.400908582188099,1.1462206744209076,1
417,83.07924337835514,0.4018917759892747,1.1483744123360662,1
418,83.0794100660826,0.40287755221697186,1.1505281502512246,1
419,83.07957441270186,0.4038659177653256,1.1526818881663836,1
420,83.07973645109348,0.4048568795469429,1.154835626081542,1
421,83.07989621367624,0.4058504444929528,1.1569893639967006,1
422,83.08005373241356,0.40684661955305573,1.1591431019118592,1
423,83.08020903882,0.40784541169557337,1.1612968398270176,1
424,83.08036216396745,0.4088468279074986,1.1634505777421764,1
425,83.08051313849144,0.40985087519454555,1.165604315657335,1
426,83.08066199259719,0.4108575605811999,1.1677580535724934,1
427,83.0808087560657,0.41186689111076913,1.1699117914876522,1
428,83.08095345825973,0.41287887384543287,1.1720655294028108,1
429,83.0810961281296,0.41389351586629386,1.1742192673179694,1
430,83.08123679421905,0.4149108242734283,1.176373005233128,1
431,83.08137548467096,0.41593080618593703,1.1785267431482864,1
432,83.08151222723285,0.41695346874199624,1.1806804810634455,1
433,83.08164704926264,0.4179788190989092,1.1828342189786039,1
434,83.08177997773396,0.4190068644331566,1.1849879568937625,1
435,83.08191103924156,0.4200376119404489,1.187141694808921,1
436,83.08204026000675,0.42107106883577755,1.1892954327240797,1
437,83.08216766588252,0.4221072423534665,1.1914491706392383,1
438,83.08229328235876,0.42314613974722437,1.1936029085543969,1
439,83.08241713456735,0.42418776829019605,1.1957566464695553,1
440,83.08253924728722,0.42523213527501547,1.197910384384714,1
441,83.08265964494927,0.42627924801385675,1.2000641222998727,1
442,83.08277835164127,0.42732911383848815,1.2022178602150313,1
443,83.08289539111269,0.4283817401003231,1.20437159813019,1
444,83.08301078677941,0.4294371341704738,1.2065253360453483,1
445,83.0831245617285,0.4304953034398038,1.2086790739605073,1
446,83.08323673872269,0.4315562553189808,1.2108328118756657,1
447,83.08334734020508,0.43261999723853,1.2129865497908243,1
448,83.08345638830355,0.4336865366488873,1.215140287705983,1
449,83.08356390483516,0.4347558810204526,1.2172940256211415,1
450,83.08366991131057,0.4358280378436434,1.2194477635363001,1
451,83.08377442893834,0.43690301462894826,1.2216015014514587,1
452,83.08387747862916,0.4379808189069813,1.2237552393666171,1
453,83.08397908100001,0.43906145822853515,1.2259089772817762,1
454,83.0840792563783,0.44014494016463596,1.2280627151969346,1
455,83.084178024806,0.44123127230659737,1.2302164531120932,1
456,83.08427540604352,0.44232046226607447,1.2323701910272518,1
457,83.08437141957377,0.44341251767511913,1.2345239289424101,1
458,83.08446608460606,0.4445074461862339,1.2366776668575692,1
459,83.08455942007984,0.4456052554724278,1.2388314047727276,1
460,83.08465144466862,0.4467059532272701,1.2409851426878862,1
461,83.0847421767836,0.4478095471649466,1.2431388806030448,1
462,83.08483163457741,0.44891604502031424,1.2452926185182034,1
463,83.08491983594774,0.4500254545489568,1.247446356433362,1
464,83.08500679854089,0.45113778352724027,1.2496000943485206,1
465,83.08509253975535,0.45225303975236897,1.2517538322636792,1
466,83.0851770767452,0.45337123104244076,1.253907570178838,1
467,83.08526042642364,0.454492365236504,1.2560613080939964,1
468,83.08534260546632,0.4556164501946128,1.258215046009155,1
469,83.08542363031466,0.456743493797884,1.2603687839243136,1
470,83.08550351717918,0.45787350394855325,1.2625225218394724,1
471,83.08558228204271,0.459006488570032,1.2646762597546308,1
472,83.08565994066362,0.4601424556069639,1.2668299976697894,1
473,83.08573650857895,0.4612814130252822,1.268983735584948,1
474,83.08581200110751,0.4624233688122664,1.2711374735001066,1
475,83.08588643335298,0.46356833097659966,1.2732912114152652,1
476,83.08595982020692,0.4647163075484263,1.2754449493304238,1
477,83.08603217635171,0.46586730657940906,1.2775986872455825,1
478,83.08610351626352,0.4670213361427874,1.279752425160741,1
479,83.08617385421523,0.4681784043334345,1.2819061630758999,1
480,83.08624320427924,0.46933851926791625,1.2840599009910583,1
481,83.0863115803303,0.4705016890845483,1.2862136389062169,1
482,83.08637899604832,0.47166792194345575,1.2883673768213755,1
483,83.08644546492103,0.4728372260266301,1.2905211147365343,1
484,83.08651100024677,0.47400960953798926,1.2926748526516927,1
485,83.0865756151371,0.47518508070343557,1.2948285905668513,1
486,83.08663932251939,0.4763636477709149,1.29698232848201,1
487,83.08670213513949,0.47754531901047576,1.2991360663971687,1
488,83.08676406556424,0.4787301027143289,1.301289804312327,1
489,83.08682512618394,0.47991800719690614,1.3034435422274857,1
490,83.0868853292149,0.4811090407949207,1.3055972801426443,1
491,83.08694468670184,0.48230321186742586,1.3077510180578031,1
492,83.08700321052035,0.4835005287958764,1.3099047559729617,1
493,83.08706091237916,0.4847009999841871,1.3120584938881201,1
494,83.08711780382261,0.48590463385879407,1.3142122318032787,1
495,83.08717389623287,0.48711143886871483,1.3163659697184373,1
496,83.08722920083228,0.4883214234856085,1.3185197076335962,1
497,83.08728372868553,0.48953459620383694,1.3206734455487545,1
498,83.08733749070193,0.4907509655405256,1.3228271834639131,1
499,83.08739049763756,0.49197054003562457,1.3249809213790718,1
500,83.08744276009743,0.4931933282519694,1.3271346592942306,1
501,83.0874942885376,0.494419338775343,1.3292883972093892,1
502,83.08754509326731,0.4956485802145367,1.3314421351245476,1
503,83.08759518445096,0.49688106120141273,1.3335958730397062,1
504,83.08764457211024,0.4981167903909649,1.335749610954865,1
505,83.08769326612604,0.49935577646138174,1.3379033488700236,1
506,83.0877412762405,0.5005980281141079,1.340057086785182,1
507,83.08778861205892,0.5018435540739072,1.3422108247003406,1
508,83.0878352830517,0.5030923630889249,1.3443645626154994,1
509,83.08788129855627,0.5043444639307498,1.346518300530658,1
510,83.08792666777885,0.5055998653944781,1.3486720384458164,1
511,83.08797139979639,0.5068585762987758,1.350825776360975,1
512,83.08801550355837,0.5081206054859423,1.3529795142761336,1
513,83.08805898788853,0.5093859618219733,1.3551332521912924,1
514,83.08810186148673,0.5106546541966247,1.357286990106451,1
515,83.08814413293065,0.5119266915234761,1.3594407280216094,1
516,83.08818581067743,0.5132020827399955,1.361594465936768,1
517,83.08822690306549,0.5144808368076015,1.3637482038519269,1
518,83.08826741831612,0.5157629627117297,1.3659019417670855,1
519,83.08830736453514,0.5170484694618959,1.3680556796822438,1
520,83.08834674971453,0.5183373660917604,1.3702094175974024,1
521,83.08838558173402,0.5196296616591939,1.3723631555125613,1
522,83.08842386836267,0.5209253652463414,1.3745168934277199,1
523,83.08846161726042,0.5222244859596876,1.3766706313428783,1
524,83.08849883597965,0.5235270329301227,1.3788243692580369,1
525,83.08853553196664,0.5248330153130067,1.3809781071731957,1
526,83.0885717125631,0.5261424422882364,1.3831318450883543,1
527,83.08860738500762,0.5274553230603097,1.385285583003513,1
528,83.08864255643714,0.5287716668583934,1.3874393209186713,1
529,83.08867723388833,0.5300914829363873,1.3895930588338299,1
530,83.08871142429909,0.5314147805729924,1.3917467967489887,1
531,83.08874513450982,0.5327415690717759,1.3939005346641473,1
532,83.08877837126487,0.534071857761239,1.3960542725793057,1
533,83.08881114121385,0.5354056559948833,1.3982080104944643,1
534,83.08884345091303,0.5367429731512776,1.4003617484096231,1
535,83.08887530682654,0.5380838186341257,1.4025154863247817,1
536,83.08890671532774,0.5394282018723332,1.4046692242399403,1
537,83.08893768270049,0.5407761323200755,1.4068229621550987,1
538,83.08896821514037,0.5421276194568656,1.4089767000702575,1
539,83.08899831875597,0.5434826727876215,1.4111304379854162,1
540,83.08902799957006,0.5448413018427352,1.4132841759005748,1
541,83.08905726352084,0.5462035161781403,1.4154379138157331,1
542,83.08908611646312,0.5475693253753806,1.417591651730892,1
543,83.08911456416944,0.5489387390416792,1.4197453896460506,1
544,83.0891426123313,0.5503117668100068,1.4218991275612092,1
545,83.08917026656023,0.5516884183391514,1.4240528654763676,1
546,83.08919753238901,0.5530687033137867,1.4262066033915264,1
547,83.08922441527262,0.5544526314445423,1.428360341306685,1
548,83.08925092058954,0.5558402124680727,1.4305140792218436,1
549,83.08927705364259,0.557231456147128,1.4326678171370022,1
550,83.08930281966019,0.5586263722706224,1.4348215550521606,1
551,83.08932822379731,0.560024970653706,1.4369752929673194,1
552,83.0893532711365,0.5614272611378337,1.439129030882478,1
553,83.08937796668897,0.5628332535908371,1.4412827687976366,1
554,83.0894023153955,0.5642429579069942,1.443436506712795,1
555,83.08942632212752,0.5656563840071005,1.4455902446279538,1
556,83.08944999168799,0.5670735418385406,1.4477439825431124,1
557,83.08947332881245,0.5684944413753592,1.449897720458271,1
558,83.08949633816994,0.5699190926183325,1.4520514583734294,1
559,83.08951902436388,0.57134750559504,1.4542051962885882,1
560,83.08954139193307,0.5727796903599365,1.4563589342037468,1
561,83.08956344535257,0.5742156569944236,1.4585126721189055,1
562,83.08958518903455,0.5756554156069229,1.460666410034064,1
563,83.08960662732926,0.5770989763329479,1.4628201479492227,1
564,83.0896277645258,0.5785463493351766,1.4649738858643813,1
565,83.08964860485307,0.5799975448035243,1.4671276237795399,1
566,83.08966915248057,0.581452572955217,1.4692813616946985,1
567,83.08968941151922,0.5829114440348645,1.4714350996098569,1
568,83.0897093860222,0.5843741683145339,1.4735888375250157,1
569,83.0897290799858,0.5858407560938226,1.4757425754401743,1
570,83.08974849735016,0.5873112176999332,1.477896313355333,1
571,83.08976764200007,0.5887855634877468,1.4800500512704915,1
572,83.08978651776577,0.5902638038398973,1.48220378918565,1
573,83.08980512842372,0.5917459491668463,1.4843575271008087,1
574,83.08982347769731,0.5932320099069567,1.4865112650159673,1
575,83.08984156925766,0.5947219965265689,1.488665002931126,1
576,83.08985940672432,0.5962159195200745,1.4908187408462845,1
577,83.08987699366598,0.5977137894099929,1.4929724787614431,1
578,83.08989433360128,0.5992156167470449,1.4951262166766017,1
579,83.08991142999935,0.6007214121102307,1.4972799545917603,1
580,83.08992828628065,0.6022311861069033,1.499433692506919,1
581,83.0899449058176,0.6037449493728464,1.5015874304220775,1
582,83.08996129193524,0.6052627125723494,1.5037411683372361,1
583,83.08997744791192,0.6067844863982852,1.5058949062523947,1
584,83.08999337697993,0.6083102815721849,1.5080486441675534,1
585,83.09000908232618,0.6098401088443168,1.510202382082712,1
586,83.09002456709281,0.6113739789937617,1.5123561199978706,1
587,83.09003983437785,0.6129119028284914,1.5145098579130292,1
588,83.09005488723578,0.6144538911854454,1.5166635958281878,1
589,83.0900697286782,0.6159999549306091,1.5188173337433464,1
590,83.09008436167444,0.6175501049590915,1.520971071658505,1
591,83.09009878915208,0.6191043521952028,1.5231248095736636,1
592,83.09011301399761,0.6206627075925341,1.5252785474888222,1
593,83.09012703905695,0.6222251821340339,1.5274322854039808,1
594,83.09014086713611,0.6237917868320889,1.5295860233191394,1
595,83.09015450100163,0.6253625327286014,1.531739761234298,1
596,83.09016794338123,0.6269374308950694,1.5338934991494566,1
597,83.0901811969643,0.6285164924326652,1.5360472370646154,1
598,83.09019426440244,0.630099728472316,1.5382009749797738,1
599,83.09020714831006,0.6316871501747824,1.5403547128949324,1
600,83.0902198512648,0.6332787687307398,1.542508450810091,1
601,83.09023237580816,0.6348745953608573,1.5446621887252499,1
602,83.09024472444587,0.6364746413158794,1.5468159266404082,1
603,83.09025689964852,0.6380789178767052,1.5489696645555668,1
604,83.09026890385196,0.6396874363544709,1.5511234024707254,1
605,83.09028073945788,0.6413002080906295,1.553277140385884,1
606,83.09029240883422,0.6429172444570329,1.5554308783010429,1
607,83.09030391431561,0.6445385568560134,1.5575846162162013,1
608,83.09031525820396,0.6461641567204649,1.5597383541313599,1
609,83.09032644276883,0.6477940555139253,1.5618920920465185,1
610,83.09033747024789,0.6494282647306587,1.5640458299616773,1
611,83.09034834284738,0.6510667958957376,1.5661995678768357,1
612,83.09035906274258,0.6527096605651257,1.5683533057919943,1
613,83.09036963207821,0.6543568703257606,1.5705070437071529,1
614,83.09038005296883,0.6560084367956366,1.5726607816223117,1
615,83.09039032749936,0.6576643716238889,1.57481451953747,1
616,83.0904004577254,0.6593246864908763,1.5769682574526287,1
617,83.09041044567368,0.6609893931082649,1.5791219953677873,1
618,83.09042029334248,0.6626585032191123,1.5812757332829461,1
619,83.090430002702,0.6643320285979526,1.5834294711981047,1
620,83.0904395756948,0.6660099810508787,1.5855832091132631,1
621,83.09044901423611,0.6676923724156297,1.5877369470284217,1
622,83.09045832021431,0.6693792145616729,1.5898906849435803,1
623,83.0904674954912,0.6710705193902916,1.5920444228587391,1
624,83.09047654190248,0.6727662988346681,1.5941981607738975,1
625,83.09048546125804,0.6744665648599708,1.5963518986890561,1
626,83.09049425534238,0.6761713294634394,1.5985056366042147,1
627,83.0905029259149,0.677880604674471,1.6006593745193736,1
628,83.09051147471033,0.6795944025547063,1.602813112434532,1
629,83.09051990343899,0.6813127351981159,1.6049668503496906,1
630,83.09052821378722,0.6830356147310872,1.6071205882648492,1
631,83.09053640741766,0.6847630533125116,1.609274326180008,1
632,83.09054448596957,0.6864950631338714,1.6114280640951666,1
633,83.09055245105925,0.6882316564193267,1.613581802010325,1
634,83.09056030428023,0.6899728454258042,1.6157355399254836,1
635,83.09056804720372,0.6917186424430837,1.6178892778406424,1
636,83.09057568137882,0.6934690597938874,1.620043015755801,1
637,83.09058320833289,0.6952241098339674,1.6221967536709594,1
638,83.09059062957184,0.6969838049521954,1.624350491586118,1
639,83.0905979465804,0.6987481575706496,1.6265042295012766,1
640,83.0906051608225,0.7005171801447059,1.6286579674164354,1
641,83.09061227374148,0.7022908851631254,1.630811705331594,1
642,83.09061928676041,0.7040692851481458,1.6329654432467524,1
643,83.09062620128238,0.7058523926555689,1.635119181161911,1
644,83.09063301869074,0.7076402202748528,1.6372729190770698,1
645,83.09063974034945,0.7094327806292005,1.6394266569922284,1
646,83.09064636760331,0.7112300863756517,1.6415803949073868,1
647,83.09065290177824,0.7130321502051722,1.6437341328225454,1
648,83.09065934418149,0.7148389848427467,1.6458878707377043,1
649,83.090665696102,0.7166506030474676,1.6480416086528629,1
650,83.09067195881057,0.7184670176126289,1.6501953465680212,1
651,83.09067813356019,0.7202882413658165,1.6523490844831799,1
652,83.09068422158623,0.7221142871690004,1.6545028223983387,1
653,83.09069022410671,0.7239451679186273,1.6566565603134973,1
654,83.09069614232254,0.7257808965457122,1.6588102982286559,1
655,83.09070197741778,0.7276214860159326,1.6609640361438143,1
656,83.09070773055983,0.7294669493297193,1.663117774058973,1
657,83.09071340289972,0.7313172995223526,1.6652715119741317,1
658,83.09071899557232,0.7331725496640521,1.6674252498892903,1
659,83.09072450969653,0.7350327128600735,1.6695789878044487,1
660,83.09072994637556,0.7368978022508011,1.6717327257196073,1
661,83.09073530669711,0.7387678310118428,1.6738864636347661,1
662,83.09074059173362,0.7406428123541227,1.6760402015499247,1
663,83.09074580254246,0.7425227595239785,1.678193939465083,1
664,83.09075094016613,0.7444076858032543,1.6803476773802417,1
665,83.09075600563253,0.7462976045093975,1.6825014152954005,1
666,83.0907609999551,0.7481925289955522,1.6846551532105591,1
667,83.09076592413302,0.7500924726506578,1.6868088911257177,1
668,83.09077077915148,0.7519974488995416,1.6889626290408761,1
669,83.09077556598183,0.7539074712030183,1.691116366956035,1
670,83.09078028558173,0.755822553057984,1.6932701048711936,1
671,83.09078493889545,0.7577427079975145,1.6954238427863522,1
672,83.09078952685397,0.7596679495909622,1.6975775807015105,1
673,83.09079405037518,0.761598291444052,1.6997313186166694,1
674,83.09079851036411,0.7635337471989807,1.701885056531828,1
675,83.09080290771305,0.7654743305345134,1.7040387944469866,1
676,83.09080724330178,0.7674200551660828,1.7061925323621452,1
677,83.09081151799771,0.7693709348458861,1.7083462702773036,1
678,83.09081573265607,0.7713269833629853,1.7105000081924624,1
679,83.09081988812008,0.773288214543404,1.712653746107621,1
680,83.09082398522112,0.7752546422502287,1.7148074840227796,1
681,83.09082802477889,0.7772262803837063,1.716961221937938,1
682,83.09083200760158,0.7792031428813458,1.7191149598530968,1
683,83.09083593448602,0.7811852437180156,1.7212686977682554,1
684,83.09083980621787,0.7831725969060461,1.723422435683414,1
685,83.09084362357173,0.7851652164953291,1.7255761735985724,1
686,83.09084738731133,0.7871631165734184,1.7277299115137312,1
687,83.09085109818969,0.7891663112656312,1.7298836494288898,1
688,83.09085475694921,0.7911748147351492,1.7320373873440484,1
689,83.09085836432193,0.7931886411831202,1.734191125259207,1
690,83.09086192102954,0.7952078048487596,1.7363448631743656,1
691,83.09086542778365,0.7972323200094537,1.7384986010895243,1
692,83.09086888528583,0.7992622009808599,1.7406523390046829,1
693,83.09087229422784,0.8012974621170116,1.7428060769198415,1
694,83.09087565529167,0.8033381178104194,1.7449598148349998,1
695,83.09087896914978,0.8053841824921757,1.7471135527501587,1
696,83.09088223646518,0.8074356706320568,1.7492672906653173,1
697,83.09088545789155,0.809492596738628,1.7514210285804759,1
698,83.09088863407338,0.8115549753593462,1.7535747664956343,1
699,83.09089176564613,0.8136228210806654,1.755728504410793,1
700,83.09089485323635,0.8156961485281408,1.7578822423259517,1
701,83.09089789746174,0.8177749723665338,1.7600359802411103,1
702,83.09090089893137,0.8198593072999169,1.762189718156269,1
703,83.09090385824574,0.8219491680717792,1.7643434560714275,1
704,83.0909067759969,0.8240445694651323,1.7664971939865861,1
705,83.09090965276863,0.8261455263026161,1.7686509319017447,1
706,83.09091248913644,0.8282520534466049,1.7708046698169033,1
707,83.09091528566783,0.8303641657993153,1.772958407732062,1
708,83.0909180429223,0.8324818783029104,1.7751121456472205,1
709,83.09092076145146,0.8346052059396096,1.7772658835623791,1
710,83.09092344179922,0.8367341637317949,1.7794196214775377,1
711,83.09092608450185,0.838868766742118,1.7815733593926963,1
712,83.09092869008803,0.8410090300736095,1.783727097307855,1
713,83.0909312590791,0.8431549688697861,1.7858808352230136,1
714,83.090933791989,0.8453065983147606,1.7880345731381722,1
715,83.0909362893245,0.8474639336333487,1.7901883110533308,1
716,83.09093875158524,0.8496269900911805,1.7923420489684894,1
717,83.09094117926384,0.8517957829948077,1.794495786883648,1
718,83.09094357284599,0.8539703276918156,1.7966495247988066,1
719,83.09094593281057,0.8561506395709307,1.7988032627139652,1
720,83.09094825962976,0.8583367340621338,1.8009570006291238,1
721,83.09095055376906,0.860528626636768,1.8031107385442824,1
722,83.09095281568747,0.8627263328076512,1.805264476459441,1
723,83.09095504583752,0.864929868129187,1.8074182143745996,1
724,83.09095724466538,0.867139248197476,1.8095719522897584,1
725,83.09095941261099,0.8693544886504281,1.8117256902049168,1
726,83.09096155010806,0.871575605167874,1.8138794281200754,1
727,83.09096365758427,0.8738026134716778,1.816033166035234,1
728,83.09096573546124,0.8760355293258504,1.8181869039503928,1
729,83.09096778415469,0.8782743685366614,1.8203406418655512,1
730,83.09096980407448,0.8805191469527536,1.8224943797807098,1
731,83.09097179562477,0.8827698804652558,1.8246481176958684,1
732,83.09097375920398,0.8850265850078969,1.826801855611027,1
733,83.09097569520495,0.8872892765571205,1.8289555935261856,1
734,83.09097760401505,0.8895579711321993,1.8311093314413442,1
735,83.09097948601614,0.8918326847953492,1.8332630693565029,1
736,83.09098134158477,0.8941134336518459,1.8354168072716615,1
737,83.09098317109216,0.8964002338501397,1.8375705451868203,1
738,83.09098497490436,0.8986931015819705,1.8397242831019787,1
739,83.09098675338224,0.9009920530824852,1.8418780210171373,1
740,83.09098850688163,0.9032971046303533,1.8440317589322959,1
741,83.09099023575332,0.9056082725478843,1.8461854968474547,1
742,83.09099194034324,0.9079255732011436,1.848339234762613,1
743,83.0909936209924,0.9102490230000712,1.8504929726777717,1
744,83.09099527803707,0.9125786383985978,1.8526467105929303,1
745,83.09099691180874,0.9149144358947652,1.8548004485080891,1
746,83.0909985226343,0.9172564320308414,1.8569541864232477,1
747,83.091000110836,0.919604643393442,1.859107924338406,1
748,83.09100167673164,0.9219590866136482,1.8612616622535647,1
749,83.09100322063445,0.9243197783671249,1.8634154001687233,1
750,83.09100474285333,0.9266867353742416,1.8655691380838821,1
751,83.09100624369286,0.9290599744001926,1.8677228759990405,1
752,83.09100772345327,0.9314395122551162,1.8698766139141991,1
753,83.09100918243064,0.9338253657942157,1.8720303518293577,1
754,83.09101062091685,0.9362175519178795,1.8741840897445166,1
755,83.0910120391997,0.9386160875718036,1.876337827659675,1
756,83.09101343756295,0.9410209897471125,1.8784915655748335,1
757,83.09101481628636,0.9434322754804811,1.8806453034899921,1
758,83.09101617564578,0.9458499618542558,1.882799041405151,1
759,83.09101751591317,0.9482740659965789,1.8849527793203096,1
760,83.09101883735666,0.9507046050815103,1.887106517235468,1
761,83.09102014024064,0.9531415963291512,1.8892602551506266,1
762,83.0910214248258,0.9555850570057658,1.8914139930657854,1
763,83.0910226913691,0.9580350044239078,1.893567730980944,1
764,83.09102394012397,0.9604914559425428,1.8957214688961024,1
765,83.09102517134023,0.9629544289671736,1.897875206811261,1
766,83.09102638526421,0.9654239409499638,1.9000289447264196,1
767,83.09102758213879,0.9679000093898642,1.9021826826415784,1
768,83.09102876220341,0.9703826518327383,1.9043364205567368,1
769,83.09102992569417,0.9728718858714871,1.9064901584718954,1
770,83.09103107284386,0.9753677291461762,1.908643896387054,1
771,83.09103220388197,0.9778701993441609,1.9107976343022128,1
772,83.09103331903478,0.9803793142002153,1.9129513722173714,1
773,83.09103441852541,0.9828950914966575,1.9151051101325298,1
774,83.09103550257385,0.9854175490634787,1.9172588480476884,1
775,83.09103657139696,0.9879467047784682,1.9194125859628473,1
776,83.09103762520857,0.9904825765673457,1.9215663238780059,1
777,83.09103866421954,0.9930251824038865,1.9237200617931642,1
778,83.09103968863772,0.9955745403100525,1.9258737997083228,1
779,83.09104069866808,0.9981306683561187,1.9280275376234817,1
780,83.0910416945127,1.0006935846608065,1.9301812755386403,1
781,83.0910426763708,1.0032633073914115,1.9323350134537989,1
782,83.09104364443883,1.005839854763933,1.9344887513689573,1
783,83.09104459891046,1.0084232450432056,1.936642489284116,1
784,83.09104553997666,1.0110134965430313,1.9387962271992747,1
785,83.0910464678257,1.0136106276263093,1.9409499651144333,1
786,83.09104738264323,1.0162146567051678,1.9431037030295917,1
787,83.09104828461224,1.0188256022410955,1.9452574409447503,1
788,83.09104917391322,1.0214434827450767,1.947411178859909,1
789,83.09105005072408,1.024068316777721,1.9495649167750677,1
790,83.09105091522025,1.026700122949397,1.951718654690226,1
791,83.09105176757467,1.0293389199203682,1.9538723926053847,1
792,83.09105260795788,1.0319847264009223,1.9560261305205435,1
793,83.091053436538,1.0346375611515097,1.9581798684357021,1
794,83.09105425348085,1.0372974429828763,1.9603336063508607,1
795,83.0910550589498,1.039964390756198,1.9624873442660191,1
796,83.09105585310607,1.0426384233832153,1.964641082181178,1
797,83.0910566361085,1.0453195598263716,1.9667948200963365,1
798,83.09105740811377,1.0480078190989468,1.9689485580114952,1
799,83.09105816927632,1.050703220265195,1.9711022959266535,1
800,83.09105891974843,1.0534057824404783,1.9732560338418124,1
0,78.82488466419782,0.2487773436611923,0.2033856382390762,2
1,78.90071079762053,0.24921069780683391,0.20506401979584077,2
2,78.97537911665445,0.24964497744087005,0.2067424013526053,2
3,79.04890730035162,0.2500801846596101,0.20842078290936986,2
4,79.12131275781677,0.25051632156418036,0.21009916446613439,2
5,79.19261263232924,0.2509533902605351,0.21177754602289897,2
6,79.26282380540194,0.2513913928594677,0.21345592757966353,2
7,79.33196290077836,0.25183033147662215,0.21513430913642806,2
8,79.40004628836854,0.2522702082325036,0.21681269069319262,2
9,79.46709008812493,0.2527110252524902,0.21849107224995715,2
10,79.53311017385909,0.25315278466684377,0.2201694538067217,2
11,79.59812217700005,0.25359548861072156,0.22184783536348626,2
12,79.66214149029541,0.2540391392241873,0.2235262169202508,2
13,79.72518327145575,0.25448373865222235,0.22520459847701538,2
14,79.7872624467436,0.25492928904473744,0.22688298003377988,2
15,79.84839371450737,0.25537579255658355,0.22856136159054447,2
16,79.90859154866155,0.2558232513475638,0.23023974314730902,2
17,79.96787020211362,0.25627166758244463,0.23191812470407355,2
18,80.02624371013869,0.25672104343096697,0.2335965062608381,2
19,80.08372589370258,0.2571713810678582,0.23527488781760264,2
20,80.14033036273423,0.2576226826728435,0.2369532693743672,2
21,80.19607051934804,0.25807495043065704,0.23863165093113178,2
22,80.25095956101705,0.2585281865310539,0.24031003248789629,2
23,80.30501048369777,0.25898239316882166,0.24198841404466087,2
24,80.35823608490709,0.2594375725437918,0.24366679560142537,2
25,80.41064896675238,0.2598937268608512,0.24534517715818996,2
26,80.46226153891524,0.26035085832995436,0.24702355871495452,2
27,80.51308602158977,0.2608089691661345,0.24870194027171905,2
28,80.5631344483758,0.26126806158951543,0.25038032182848363,2
29,80.6124186691282,0.26172813782532356,0.2520587033852481,2
30,80.66095035276244,0.2621892001038993,0.2537370849420127,2
31,80.70874099001745,0.2626512506607091,0.2554154664987773,2
32,80.75580189617625,0.2631142917363571,0.2570938480555418,2
33,80.80214421374507,0.26357832557659705,0.25877222961230634,2
34,80.8477789150915,0.26404335443234433,0.26045061116907087,2
35,80.89271680504241,0.2645093805596875,0.26212899272583545,2
36,80.93696852344219,0.26497640621990054,0.26380737428260004,2
37,80.9805445476719,0.2654444336794547,0.2654857558393645,2
38,81.02345519513003,0.2659134652100304,0.2671641373961291,2
39,81.06571062567524,0.2663835030885294,0.2688425189528936,2
40,81.10732084403196,0.2668545495970869,0.2705209005096582,2
41,81.14829570215917,0.26732660702308303,0.27219928206642274,2
42,81.18864490158303,0.26779967765915585,0.2738776636231873,2
43,81.22837799569385,0.2682737638032128,0.27555604517995186,2
44,81.26750439200806,0.2687488677584429,0.2772344267367164,2
45,81.30603335439561,0.2692249918333295,0.2789128082934809,2
46,81.34397400527334,0.26970213834166157,0.2805911898502455,2
47,81.38133532776489,0.27018030960254674,0.28226957140701003,2
48,81.4181261678276,0.2706595079404232,0.2839479529637746,2
49,81.45435523634694,0.271139735685072,0.28562633452053915,2
50,81.49003111119899,0.2716209951716294,0.2873047160773037,2
51,81.5251622392814,0.2721032887405993,0.28898309763406826,2
52,81.55975693851335,0.2725866187378655,0.2906614791908328,2
53,81.59382339980489,0.27307098751470416,0.2923398607475973,2
54,81.62736968899642,0.27355639742779614,0.29401824230436185,2
55,81.66040374876832,0.2740428508392397,0.29569662386112644,2
56,81.69293340052153,0.2745303501165627,0.297375005417891,2
57,81.72496634622945,0.27501889763273535,0.29905338697465556,2
58,81.75651017026148,0.2755084957661826,0.3007317685314201,2
59,81.78757234117877,0.27599914690079674,0.3024101500881846,2
60,81.81816021350254,0.27649085342595026,0.3040885316449492,2
61,81.84828102945536,0.2769836177365079,0.30576691320171373,2
62,81.87794192067592,0.27747744223284015,0.3074452947584783,2
63,81.90714990990757,0.27797232932083504,0.30912367631524285,2
64,81.93591191266103,0.2784682814119116,0.3108020578720074,2
65,81.96423473885179,0.2789653009230321,0.31248043942877196,2
66,81.99212509441251,0.2794633902767153,0.3141588209855365,2
67,82.01958958288074,0.2799625519010488,0.3158372025423011,2
68,82.04663470696238,0.28046278822970216,0.3175155840990656,2
69,82.07326687007141,0.2809641017019396,0.31919396565583014,2
70,82.09949237784592,0.28146649476263325,0.32087234721259467,2
71,82.12531743964112,0.2819699698622755,0.32255072876935925,2
72,82.15074816999956,0.2824745294569927,0.32422911032612384,2
73,82.17579059009874,0.28298017600855724,0.32590749188288837,2
74,82.20045062917688,0.2834869119844015,0.32758587343965284,2
75,82.22473412593664,0.28399473985763024,0.3292642549964174,2
76,82.24864682992761,0.28450366210703393,0.330942636553182,2
77,82.27219440290759,0.28501368121710197,0.33262101810994654,2
78,82.29538242018313,0.28552479967803546,0.3342993996667111,2
79,82.31821637192958,0.2860370199857608,0.3359777812234756,2
80,82.340701664491,0.2865503446419428,0.3376561627802402,2
81,82.3628436216601,0.28706477615399745,0.3393345443370048,2
82,82.38464748593897,0.28758031703510584,0.3410129258937693,2
83,82.40611841978007,0.28809696980422705,0.34269130745053383,2
84,82.42726150680875,0.2886147369861116,0.34436968900729836,2
85,82.44808175302674,0.2891336211113148,0.34604807056406295,2
86,82.4685840879975,0.2896536247162101,0.3477264521208275,2
87,82.48877336601332,0.29017475034300244,0.34940483367759206,2
88,82.50865436724474,0.2906970005397419,0.3510832152343566,2
89,82.52823179887226,0.29122037786033705,0.3527615967911211,2
90,82.54751029620084,0.2917448848645684,0.35443997834788565,2
91,82.56649442375752,0.29227052411810206,0.35611835990465024,2
92,82.58518867637198,0.29279729819250316,0.3577967414614148,2
93,82.60359748024091,0.29332520966524966,0.35947512301817935,2
94,82.62172519397589,0.2938542611197459,0.36115350457494383,2
95,82.63957610963546,0.294384455145336,0.3628318861317084,2
96,82.65715445374124,0.2949157943373182,0.364510267688473,2
97,82.67446438827875,0.2954482812969577,0.3661886492452376,2
98,82.69151001168272,0.2959819186315013,0.36786703080200206,2
99,82.70829535980754,0.29651670895419063,0.3695454123587666,2
100,82.72482440688282,0.2970526548842762,0.3712237939155312,2
101,82.74110106645429,0.297589759047031,0.37290217547229576,2
102,82.75712919231052,0.2981280240737648,0.3745805570290603,2
103,82.77291257939522,0.2986674526018379,0.3762589385858248,2
104,82.78845496470593,0.29920804727467476,0.37793732014258935,2
105,82.8037600281787,0.29974981074177853,0.37961570169935394,2
106,82.81883139355939,0.30029274565874453,0.38129408325611847,2
107,82.83367262926171,0.3008368546872748,0.38297246481288305,2
108,82.84828724921208,0.30138214049519185,0.3846508463696476,2
109,82.86267871368159,0.30192860575645286,0.3863292279264121,2
110,82.8768504301053,0.30247625315116383,0.38800760948317664,2
111,82.89080575388908,0.3030250853655937,0.3896859910399412,2
112,82.9045479892039,0.30357510509218877,0.3913643725967058,2
113,82.91808038976832,0.30412631502958676,0.39304275415347034,2
114,82.93140615961875,0.30467871788263096,0.39472113571023487,2
115,82.9445284538681,0.30523231636238485,0.3963995172669994,2
116,82.95745037945285,0.30578711318614626,0.398077898823764,2
117,82.97017499586863,0.3063431110774618,0.3997562803805286,2
118,82.98270531589458,0.30690031276614127,0.40143466193729305,2
119,82.99504430630675,0.307458720988272,0.4031130434940576,2
120,83.0071948885805,0.3080183384862334,0.40479142505082216,2
121,83.01915993958218,0.30857916800871166,0.40646980660758675,2
122,83.03094229225037,0.3091412123107139,0.4081481881643513,2
123,83.04254473626652,0.30970447415358304,0.40982656972111586,2
124,83.05397001871555,0.3102689563050124,0.41150495127788045,2
125,83.06522084473617,0.31083466153906003,0.4131833328346449,2
126,83.07629987816149,0.31140159263616396,0.41486171439140945,2
127,83.08720974214965,0.31196975238315644,0.416540095948174,2
128,83.0979530198049,0.3125391435732786,0.4182184775049385,2
129,83.10853225478924,0.3131097690061958,0.4198968590617031,2
130,83.11894995192463,0.3136816314880119,0.4215752406184677,2
131,83.12920857778607,0.3142547338312843,0.4232536221752322,2
132,83.13931056128564,0.314829078855039,0.4249320037319968,2
133,83.14925829424752,0.3154046693847852,0.4266103852887614,2
134,83.15905413197436,0.31598150825253013,0.4282887668455259,2
135,83.16870039380488,0.316559598296795,0.4299671484022904,2
136,83.17819936366308,0.3171389423626285,0.431645529959055,2
137,83.18755329059894,0.3177195433016233,0.43332391151581945,2
138,83.19676438932099,0.31830140397193013,0.43500229307258403,2
139,83.2058348407206,0.31888452723827354,0.43668067462934856,2
140,83.21476679238839,0.3194689159719665,0.43835905618611315,2
141,83.22356235912272,0.3200545730509263,0.44003743774287774,2
142,83.23222362343041,0.320641501359689,0.44171581929964226,2
143,83.24075263601975,0.3212297037894252,0.44339420085640685,2
144,83.24915141628611,0.3218191832379554,0.44507258241317144,2
145,83.25742195279005,0.32240994260976474,0.4467509639699359,2
146,83.2655662037281,0.3230019848160191,0.4484293455267005,2
147,83.27358609739649,0.32359531277458004,0.45010772708346497,2
148,83.28148353264763,0.32418992941002045,0.4517861086402295,2
149,83.2892603793397,0.3247858376536399,0.4534644901969941,2
150,83.29691847877943,0.3253830404434801,0.45514287175375867,2
151,83.30445964415802,0.3259815407243408,0.4568212533105232,2
152,83.31188566098044,0.32658134144779494,0.4584996348672878,2
153,83.31919828748819,0.32718244557220455,0.46017801642405237,2
154,83.32639925507561,0.32778485606273616,0.4618563979808169,2
155,83.33349026869982,0.3283885758913768,0.4635347795375814,2
156,83.34047300728434,0.32899360803694955,0.46521316109434596,2
157,83.34734912411669,0.32959995548512927,0.46689154265111044,2
158,83.35412024723976,0.33020762122845854,0.468569924207875,2
159,83.36078797983735,0.3308166082663632,0.47024830576463955,2
160,83.3673539006137,0.33142691960516885,0.47192668732140414,2
161,83.37381956416726,0.33203855825811585,0.4736050688781687,2
162,83.38018650135886,0.33265152724537606,0.4752834504349333,2
163,83.38645621967406,0.3332658295940686,0.47696183199169784,2
164,83.39263020358013,0.3338814683382756,0.4786402135484624,2
165,83.39870991487754,0.33449844651905847,0.4803185951052269,2
166,83.40469679304604,0.3351167671844741,0.4819969766619915,2
167,83.41059225558544,0.3357364333895908,0.48367535821875596,2
168,83.41639769835135,0.3363574481965046,0.4853537397755205,2
169,83.42211449588554,0.3369798146743553,0.4870321213322851,2
170,83.42774400174146,0.3376035358993429,0.48871050288904966,2
171,83.4332875488047,0.33822861495474377,0.4903888844458142,2
172,83.43874644960862,0.3388550549309269,0.4920672660025788,2
173,83.444121996645,0.33948285892537056,0.49374564755934336,2
174,83.44941546267017,0.3401120300426783,0.4954240291161079,2
175,83.45462810100635,0.34074257139459563,0.49710241067287236,2
176,83.45976114583833,0.3413744861000264,0.49878079222963695,2
177,83.46481581250573,0.34200777728504944,0.5004591737864015,2
178,83.46979329779076,0.3426424480829348,0.502137555343166,2
179,83.47469478020153,0.34327850163416074,0.5038159368999305,2
180,83.47952142025117,0.34391594108643003,0.5054943184566951,2
181,83.48427436073251,0.34455476959468667,0.5071727000134597,2
182,83.48895472698871,0.3451949903211329,0.5088510815702243,2
183,83.4935636271797,0.3458366064352454,0.5105294631269889,2
184,83.49810215254452,0.3464796211137924,0.5122078446837534,2
185,83.50257137765976,0.34712403754085064,0.5138862262405179,2
186,83.50697236069392,0.34776985890782186,0.5155646077972824,2
187,83.51130614365798,0.34841708841344987,0.5172429893540469,2
188,83.5155737526521,0.3490657292638376,0.5189213709108115,2
189,83.51977619810857,0.3497157846724638,0.5205997524675761,2
190,83.5239144750311,0.3503672578602002,0.5222781340243406,2
191,83.52798956323029,0.35102015205532866,0.5239565155811052,2
192,83.53200242755575,0.3516744704935581,0.5256348971378698,2
193,83.53595401812443,0.35233021641804174,0.5273132786946343,2
194,83.53984527054565,0.35298739307939403,0.5289916602513989,2
195,83.54367710614262,0.3536460037357083,0.5306700418081634,2
196,83.54745043217055,0.35430605165257345,0.5323484233649279,2
197,83.55116614203143,0.35496754010309184,0.5340268049216925,2
198,83.55482511548566,0.3556304723678961,0.535705186478457,2
199,83.55842821886023,0.35629485173516673,0.5373835680352216,2
200,83.56197630525395,0.3569606815006495,0.5390619495919862,2
201,83.56547021473934,0.3576279649676729,0.5407403311487508,2
202,83.56891077456157,0.35829670544716563,0.5424187127055152,2
203,83.57229879933439,0.3589669062576741,0.5440970942622798,2
204,83.57563509123287,0.3596385707253798,0.5457754758190444,2
205,83.57892044018344,0.3603117021841174,0.5474538573758089,2
206,83.58215562405087,0.36098630397539194,0.5491322389325735,2
207,83.58534140882246,0.36166237944839674,0.550810620489338,2
208,83.5884785487894,0.3623399319600311,0.5524890020461025,2
209,83.59156778672534,0.36301896487491797,0.5541673836028671,2
210,83.5946098540623,0.36369948156542187,0.5558457651596316,2
211,83.59760547106379,0.3643814854116667,0.5575241467163962,2
212,83.60055534699539,0.36506497980155383,0.5592025282731607,2
213,83.60346018029269,0.3657499681307796,0.5608809098299253,2
214,83.60632065872662,0.36643645380285367,0.5625592913866899,2
215,83.60913745956627,0.3671244402291169,0.5642376729434544,2
216,83.61191124973936,0.3678139308287595,0.565916054500219,2
217,83.61464268599,0.368504929028839,0.5675944360569836,2
218,83.61733241503431,0.36919743826429846,0.569272817613748,2
219,83.61998107371343,0.3698914619779847,0.5709511991705125,2
220,83.62258928914441,0.3705870036206665,0.5726295807272771,2
221,83.62515767886863,0.3712840666510526,0.5743079622840417,2
222,83.62768685099802,0.3719826545358108,0.5759863438408063,2
223,83.63017740435902,0.3726827707495852,0.5776647253975709,2
224,83.63262992863444,0.3733844187750155,0.5793431069543354,2
225,83.63504500450301,0.3740876021027551,0.5810214885110999,2
226,83.63742320377686,0.3747923242314895,0.5826998700678644,2
227,83.63976508953697,0.375498588667955,0.584378251624629,2
228,83.6420712162664,0.376206398926957,0.5860566331813934,2
229,83.6443421299817,0.37691575853138926,0.587735014738158,2
230,83.64657836836201,0.37762667101225156,0.5894133962949226,2
231,83.64878046087658,0.37833913990866913,0.5910917778516872,2
232,83.65094892890991,0.3790531687679113,0.5927701594084518,2
233,83.6530842858854,0.37976876114541014,0.5944485409652164,2
234,83.65518703738677,0.38048592060477915,0.5961269225219809,2
235,83.6572576812778,0.38120465071783244,0.5978053040787453,2
236,83.65929670782027,0.3819249550646034,0.5994836856355099,2
237,83.66130459978996,0.38264683723336385,0.6011620671922745,2
238,83.66328183259098,0.38337030082064283,0.602840448749039,2
239,83.66522887436835,0.38409534943124596,0.6045188303058036,2
240,83.66714618611884,0.38482198667827405,0.6061972118625681,2
241,83.66903422180009,0.3855502161831427,0.6078755934193327,2
242,83.6708934284381,0.38628004157560125,0.6095539749760972,2
243,83.67272424623313,0.38701146649375195,0.6112323565328618,2
244,83.67452710866381,0.38774449458406945,0.6129107380896263,2
245,83.67630244258987,0.3884791295014197,0.6145891196463908,2
246,83.67805066835321,0.38921537490908,0.6162675012031554,2
247,83.67977219987733,0.38995323447875735,0.61794588275992,2
248,83.68146744476545,0.39069271189060917,0.6196242643166846,2
249,83.68313680439692,0.39143381083326173,0.6213026458734491,2
250,83.68478067402232,0.3921765350038302,0.6229810274302137,2
251,83.68639944285701,0.39292088810793807,0.6246594089869781,2
252,83.68799349417328,0.39366687385973687,0.6263377905437427,2
253,83.68956320539114,0.3944144959819256,0.6280161721005073,2
254,83.69110894816761,0.39516375820577093,0.6296945536572718,2
255,83.69263108848477,0.3959146642711263,0.6313729352140364,2
256,83.69412998673643,0.39666721792645243,0.633051316770801,2
257,83.69560599781337,0.39742142292883653,0.6347296983275655,2
258,83.69705947118747,0.3981772830440127,0.63640807988433,2
259,83.6984907509944,0.3989348020463815,0.6380864614410945,2
260,83.69990017611507,0.3996939837190301,0.6397648429978591,2
261,83.70128808025596,0.4004548318537524,0.6414432245546237,2
262,83.70265479202804,0.401217350251069,0.6431216061113882,2
263,83.70400063502464,0.4019815427202474,0.6447999876681528,2
264,83.70532592789799,0.4027474130793219,0.6464783692249173,2
265,83.70663098443475,0.4035149651551142,0.6481567507816819,2
266,83.70791611363026,0.40428420278325355,0.6498351323384465,2
267,83.70918161976172,0.40505512980819697,0.651513513895211,2
268,83.71042780246017,0.4058277500832495,0.6531918954519755,2
269,83.71165495678154,0.40660206747058514,0.65487027700874,2
270,83.71286337327645,0.40737808584126656,0.6565486585655046,2
271,83.71405333805896,0.4081558090752661,0.6582270401222692,2
272,83.7152251328744,0.40893524106148627,0.6599054216790338,2
273,83.71637903516603,0.40971638569778024,0.6615838032357984,2
274,83.71751531814073,0.41049924689097234,0.6632621847925628,2
275,83.71863425083367,0.4112838285568791,0.6649405663493273,2
276,83.7197360981721,0.4120701346203299,0.6666189479060919,2
277,83.72082112103796,0.4128581690151874,0.6682973294628565,2
278,83.72188957632969,0.41364793568436886,0.6699757110196211,2
279,83.72294171702306,0.41443943857986654,0.6716540925763855,2
280,83.72397779223112,0.4152326816627694,0.6733324741331501,2
281,83.72499804726307,0.41602766890328297,0.6750108556899147,2
282,83.72600272368244,0.4168244042807514,0.6766892372466793,2
283,83.72699205936424,0.41762289178367795,0.6783676188034438,2
284,83.72796628855127,0.4184231354097464,0.6800460003602082,2
285,83.72892564190961,0.419225139165842,0.6817243819169728,2
286,83.72987034658323,0.42002890706807283,0.6834027634737374,2
287,83.73080062624776,0.420834443141791,0.685081145030502,2
288,83.73171670116344,0.4216417514216142,0.6867595265872666,2
289,83.73261878822728,0.42245083595144667,0.688437908144031,2
290,83.73350710102447,0.4232617007845009,0.6901162897007956,2
291,83.73438184987883,0.4240743499833191,0.6917946712575601,2
292,83.73524324190271,0.42488878761979454,0.6934730528143247,2
293,83.73609148104599,0.42570501777519343,0.6951514343710893,2
294,83.73692676814436,0.42652304454017603,0.6968298159278538,2
295,83.73774930096688,0.42734287201481885,0.6985081974846183,2
296,83.73855927426284,0.42816450430863606,0.7001865790413829,2
297,83.73935687980781,0.4289879455406014,0.7018649605981475,2
298,83.7401423064491,0.4298131998391698,0.7035433421549121,2
299,83.74091574015041,0.43064027134229965,0.7052217237116766,2
300,83.74167736403592,0.43146916419747405,0.706900105268441,2
301,83.74242735843363,0.4322998825617236,0.7085784868252056,2
302,83.74316590091806,0.43313243060164774,0.7102568683819702,2
303,83.74389316635225,0.43396681249343716,0.7119352499387348,2
304,83.74460932692924,0.43480303242289575,0.7136136314954993,2
305,83.74531455221276,0.4356410945854631,0.7152920130522639,2
306,83.74600900917746,0.43648100318623617,0.7169703946090284,2
307,83.74669286224835,0.4373227624399923,0.7186487761657929,2
308,83.74736627333982,0.4381663765712107,0.7203271577225575,2
309,83.7480294018939,0.4390118498140955,0.722005539279322,2
310,83.74868240491809,0.4398591864125978,0.7236839208360866,2
311,83.74932543702243,0.44070839062043854,0.7253623023928512,2
312,83.74995865045625,0.4415594667011302,0.7270406839496157,2
313,83.75058219514405,0.44241241892800076,0.7287190655063803,2
314,83.75119621872112,0.44326725158421487,0.7303974470631448,2
315,83.75180086656849,0.4441239689627975,0.7320758286199094,2
316,83.75239628184725,0.44498257536665625,0.7337542101766739,2
317,83.7529826055326,0.44584307510860466,0.7354325917334384,2
318,83.75355997644705,0.44670547251138415,0.737110973290203,2
319,83.75412853129345,0.44756977190768765,0.7387893548469675,2
320,83.75468840468726,0.4484359776401825,0.7404677364037321,2
321,83.75523972918847,0.4493040940615333,0.7421461179604967,2
322,83.75578263533295,0.45017412553442476,0.7438244995172613,2
323,83.75631725166339,0.45104607643158523,0.7455028810740257,2
324,83.7568437047597,0.4519199511358094,0.7471812626307902,2
325,83.75736211926902,0.4527957540399822,0.7488596441875548,2
326,83.75787261793519,0.45367348954710124,0.7505380257443194,2
327,83.75837532162787,0.45455316207030094,0.752216407301084,2
328,83.75887034937107,0.4554347760328751,0.7538947888578486,2
329,83.75935781837141,0.45631833586830106,0.755573170414613,2
330,83.75983784404586,0.45720384602026276,0.7572515519713776,2
331,83.76031054004903,0.4580913109426746,0.7589299335281422,2
332,83.76077601830009,0.45898073509970444,0.7606083150849067,2
333,83.7612343890093,0.45987212296579805,0.7622866966416713,2
334,83.76168576070408,0.46076547902570214,0.7639650781984357,2
335,83.76213024025469,0.4616608077744886,0.7656434597552003,2
336,83.76256793289957,0.46255811371757805,0.7673218413119649,2
337,83.76299894227024,0.4634574013707635,0.7690002228687295,2
338,83.76342337041582,0.4643586752602352,0.7706786044254941,2
339,83.76384131782724,0.4652619399226031,0.7723569859822585,2
340,83.76425288346097,0.4661671999049226,0.774035367539023,2
341,83.76465816476248,0.4670744597647172,0.7757137490957876,2
342,83.76505725768935,0.4679837240700035,0.7773921306525522,2
343,83.7654502567339,0.46889499739931506,0.7790705122093168,2
344,83.76583725494564,0.4698082843417267,0.7807488937660813,2
345,83.7662183439533,0.470723589496879,0.7824272753228458,2
346,83.76659361398646,0.4716409174750025,0.7841056568796104,2
347,83.76696315389697,0.4725602728969419,0.785784038436375,2
348,83.76732705117999,0.4734816603941811,0.7874624199931395,2
349,83.76768539199466,0.47440508460886743,0.789140801549904,2
350,83.76803826118453,0.4753305501938358,0.7908191831066685,2
351,83.76838574229768,0.4762580618126344,0.7924975646634331,2
352,83.76872791760641,0.4771876241395485,0.7941759462201977,2
353,83.76906486812685,0.4781192418596256,0.7958543277769623,2
354,83.76939667363797,0.47905291966869995,0.7975327093337268,2
355,83.76972341270067,0.4799886622734181,0.7992110908904914,2
356,83.77004516267623,0.4809264743912631,0.8008894724472558,2
357,83.77036199974464,0.48186636075057965,0.8025678540040204,2
358,83.77067399892275,0.48280832609059976,0.804246235560785,2
359,83.77098123408187,0.4837523751614671,0.8059246171175495,2
360,83.77128377796544,0.48469851272426245,0.8076029986743141,2
361,83.77158170220605,0.485646743551029,0.8092813802310787,2
362,83.7718750773426,0.48659707242479766,0.8109597617878432,2
363,83.77216397283685,0.4875495041396121,0.8126381433446078,2
364,83.77244845708994,0.4885040435005547,0.8143165249013723,2
365,83.7727285974586,0.4894606953237716,0.8159949064581368,2
366,83.77300446027101,0.49041946443649803,0.8176732880149015,2
367,83.77327611084262,0.4913803556770845,0.8193516695716658,2
368,83.77354361349153,0.49234337389502203,0.8210300511284306,2
369,83.77380703155373,0.4933085239509677,0.822708432685195,2
370,83.77406642739814,0.4942758107167711,0.8243868142419596,2
371,83.77432186244135,0.495245239075499,0.8260651957987242,2
372,83.77457339716213,0.49621681392146266,0.8277435773554886,2
373,83.77482109111581,0.49719054016024244,0.8294219589122532,2
374,83.77506500294834,0.4981664227087146,0.8311003404690177,2
375,83.77530519041015,0.499144466495077,0.8327787220257824,2
376,83.77554171036994,0.5001246764588754,0.8344571035825468,2
377,83.77577461882798,0.5011070575510297,0.8361354851393116,2
378,83.7760039709295,0.5020916147338597,0.8378138666960759,2
379,83.77622982097769,0.5030783529811121,0.8394922482528405,2
380,83.77645222244655,0.5040672772779864,0.8411706298096051,2
381,83.7766712279936,0.5050583926211611,0.8428490113663696,2
382,83.77688688947231,0.5060517040188208,0.8445273929231342,2
383,83.77709925794433,0.5070472164906826,0.8462057744798988,2
384,83.77730838369169,0.5080449350680221,0.8478841560366633,2
385,83.77751431622863,0.5090448647937005,0.8495625375934277,2
386,83.77771710431335,0.5100470107221918,0.8512409191501925,2
387,83.77791679595953,0.5110513779196086,0.8529193007069569,2
388,83.77811343844769,0.5120579714637299,0.8545976822637216,2
389,83.77830707833647,0.5130667964440272,0.8562760638204859,2
390,83.77849776147353,0.5140778579616918,0.8579544453772505,2
391,83.77868553300651,0.515091161129662,0.8596328269340151,2
392,83.77887043739366,0.5161067110726504,0.8613112084907797,2
393,83.77905251841437,0.51712451292717,0.8629895900475443,2
394,83.77923181917957,0.5181445718415627,0.8646679716043089,2
395,83.7794083821419,0.5191668929760257,0.8663463531610734,2
396,83.77958224910577,0.5201914815026394,0.8680247347178378,2
397,83.77975346123728,0.5212183426053945,0.8697031162746025,2
398,83.77992205907395,0.5222474814802196,0.8713814978313669,2
399,83.78008808253433,0.5232789033350085,0.8730598793881317,2
400,83.78025157092739,0.5243126133896481,0.874738260944896,2
401,83.78041256296196,0.525348616876046,0.8764166425016606,2
402,83.78057109675572,0.5263869190381582,0.8780950240584252,2
403,83.78072720984439,0.5274275251320167,0.8797734056151898,2
404,83.78088093919051,0.528470440425758,0.8814517871719543,2
405,83.78103232119224,0.5295156701996497,0.8831301687287187,2
406,83.78118139169196,0.5305632197461203,0.8848085502854834,2
407,83.78132818598476,0.5316130943697854,0.8864869318422478,2
408,83.7814727388268,0.5326652993874774,0.8881653133990126,2
409,83.78161508444356,0.5337198401282724,0.889843694955777,2
410,83.78175525653783,0.5347767219335197,0.8915220765125416,2
411,83.78189328829792,0.5358359501568687,0.8932004580693061,2
412,83.78202921240525,0.5368975301642984,0.8948788396260707,2
413,83.7821630610423,0.5379614673341454,0.8965572211828352,2
414,83.7822948659001,0.5390277670571325,0.8982356027395998,2
415,83.78242465818579,0.540096434736397,0.8999139842963644,2
416,83.78255246863,0.5411674757875198,0.9015923658531287,2
417,83.78267832749415,0.5422408956385536,0.9032707474098935,2
418,83.78280226457754,0.5433166997300521,0.9049491289666579,2
419,83.78292430922447,0.5443948935150988,0.9066275105234226,2
420,83.7830444903312,0.5454754824593355,0.9083058920801871,2
421,83.78316283635276,0.5465584720409916,0.9099842736369516,2
422,83.78327937530963,0.547643867750913,0.9116626551937161,2
423,83.7833941347945,0.5487316750925916,0.9133410367504807,2
424,83.78350714197873,0.5498218995821939,0.9150194183072453,2
425,83.78361842361878,0.5509145467485901,0.9166977998640097,2
426,83.78372800606253,0.5520096221333848,0.9183761814207745,2
427,83.7838359152556,0.5531071312909442,0.9200545629775388,2
428,83.78394217674739,0.5542070797884275,0.9217329445343035,2
429,83.78404681569721,0.5553094732058155,0.923411326091068,2
430,83.78414985688019,0.5564143171359397,0.9250897076478325,2
431,83.78425132469316,0.5575216171845132,0.9267680892045971,2
432,83.78435124316043,0.5586313789701595,0.9284464707613617,2
433,83.78444963593947,0.5597436081244423,0.9301248523181262,2
434,83.78454652632652,0.560858310291896,0.9318032338748908,2
435,83.78464193726211,0.561975491130055,0.9334816154316554,2
436,83.78473589133647,0.5630951563094836,0.9351599969884198,2
437,83.78482841079489,0.5642173115138067,0.9368383785451845,2
438,83.784919517543,0.5653419624397396,0.9385167601019488,2
439,83.78500923315195,0.5664691147971175,0.9401951416587137,2
440,83.7850975788635,0.5675987743089274,0.941873523215478,2
441,83.78518457559508,0.5687309467113367,0.9435519047722426,2
442,83.7852702439447,0.5698656377537248,0.9452302863290072,2
443,83.78535460419585,0.5710028531987129,0.9469086678857718,2
444,83.78543767632235,0.5721425988221949,0.9485870494425364,2
445,83.78551947999298,0.5732848804133678,0.9502654309993007,2
446,83.78560003457623,0.5744297037747625,0.9519438125560654,2
447,83.78567935914482,0.5755770747222748,0.9536221941128298,2
448,83.78575747248026,0.5767269990851956,0.9553005756695946,2
449,83.78583439307725,0.5778794827062425,0.956978957226359,2
450,83.78591013914813,0.5790345314415901,0.9586573387831235,2
451,83.78598472862713,0.5801921511609018,0.9603357203398881,2
452,83.78605817917462,0.5813523477473601,0.9620141018966527,2
453,83.78613050818133,0.5825151270976987,0.9636924834534172,2
454,83.78620173277244,0.5836804951222324,0.9653708650101818,2
455,83.78627186981164,0.5848484577448904,0.9670492465669464,2
456,83.78634093590512,0.5860190209032456,0.9687276281237107,2
457,83.7864089474055,0.5871921905485478,0.9704060096804755,2
458,83.78647592041573,0.5883679726457539,0.9720843912372399,2
459,83.78654187079283,0.5895463731735606,0.9737627727940047,2
460,83.78660681415174,0.5907273981244354,0.9754411543507691,2
461,83.78667076586896,0.5919110535046483,0.9771195359075336,2
462,83.7867337410862,0.5930973453343047,0.9787979174642981,2
463,83.78679575471395,0.5942862796473758,0.9804762990210627,2
464,83.78685682143504,0.5954778624917316,0.9821546805778273,2
465,83.78691695570811,0.5966720999291728,0.9838330621345917,2
466,83.786976171771,0.5978689980354628,0.9855114436913565,2
467,83.78703448364419,0.5990685629003598,0.9871898252481208,2
468,83.78709190513403,0.600270800627649,0.9888682068048855,2
469,83.78714844983611,0.6014757173351759,0.99054658836165,2
470,83.78720413113837,0.6026833191548773,0.9922249699184145,2
471,83.78725896222434,0.6038936122328148,0.993903351475179,2
472,83.78731295607626,0.6051066027292072,0.9955817330319436,2
473,83.78736612547816,0.6063222968184628,0.9972601145887082,2
474,83.78741848301881,0.6075407006892126,0.9989384961454728,2
475,83.7874700410948,0.6087618205443428,1.0006168777022373,2
476,83.78752081191344,0.6099856626010276,1.0022952592590018,2
477,83.7875708074956,0.6112122330907629,1.0039736408157665,2
478,83.78762003967861,0.6124415382593982,1.005652022372531,2
479,83.7876685201191,0.6136735843671707,1.0073304039292956,2
480,83.78771626029565,0.6149083776887376,1.00900878548606,2
481,83.78776327151161,0.6161459245132105,1.0106871670428246,2
482,83.78780956489771,0.6173862311441872,1.012365548599589,2
483,83.78785515141475,0.618629303899787,1.0140439301563537,2
484,83.78790004185613,0.6198751491126827,1.0157223117131182,2
485,83.78794424685047,0.6211237731301344,1.017400693269883,2
486,83.78798777686407,0.6223751823140241,1.0190790748266474,2
487,83.78803064220347,0.6236293830408882,1.0207574563834119,2
488,83.78807285301777,0.6248863817019521,1.0224358379401763,2
489,83.78811441930115,0.6261461847031637,1.024114219496941,2
490,83.78815535089515,0.6274087984652278,1.0257926010537055,2
491,83.78819565749106,0.6286742294236396,1.02747098261047,2
492,83.7882353486322,0.629942484028719,1.0291493641672347,2
493,83.78827443371611,0.6312135687456453,1.0308277457239992,2
494,83.78831292199693,0.6324874900544905,1.0325061272807639,2
495,83.7883508225874,0.6337642544502542,1.0341845088375283,2
496,83.78838814446121,0.6350438684428991,1.035862890394293,2
497,83.78842489645493,0.6363263385573829,1.0375412719510573,2
498,83.78846108727025,0.6376116713336955,1.039219653507822,2
499,83.78849672547602,0.6388998733268925,1.0408980350645864,2
500,83.7885318195102,0.6401909511071295,1.042576416621351,2
501,83.78856637768192,0.6414849112596981,1.0442547981781156,2
502,83.78860040817345,0.6427817603850599,1.04593317973488,2
503,83.78863391904213,0.6440815050988823,1.0476115612916448,2
504,83.78866691822222,0.6453841520320724,1.0492899428484093,2
505,83.7886994135269,0.6466897078308136,1.0509683244051737,2
506,83.78873141264998,0.6479981791565993,1.0526467059619384,2
507,83.78876292316784,0.6493095726862698,1.054325087518703,2
508,83.78879395254113,0.6506238951120462,1.0560034690754674,2
509,83.78882450811663,0.6519411531415672,1.0576818506322319,2
510,83.78885459712893,0.6532613534979237,1.0593602321889966,2
511,83.7888842267021,0.654584502919695,1.061038613745761,2
512,83.7889134038515,0.6559106081609843,1.0627169953025257,2
513,83.78894213548531,0.6572396759914545,1.0643953768592902,2
514,83.78897042840627,0.6585717131963642,1.0660737584160547,2
515,83.78899828931324,0.6599067265766035,1.0677521399728194,2
516,83.78902572480278,0.6612447229487303,1.0694305215295838,2
517,83.78905274137072,0.6625857091450064,1.0711089030863485,2
518,83.78907934541374,0.6639296920134337,1.0727872846431128,2
519,83.78910554323079,0.6652766784177899,1.0744656661998775,2
520,83.78913134102467,0.6666266752376664,1.076144047756642,2
521,83.78915674490348,0.667979689368503,1.0778224293134067,2
522,83.78918176088204,0.6693357277216259,1.0795008108701711,2
523,83.78920639488332,0.6706947972242832,1.0811791924269356,2
524,83.78923065273987,0.6720569048196828,1.0828575739837003,2
525,83.78925454019515,0.6734220574670281,1.0845359555404648,2
526,83.78927806290496,0.6747902621415556,1.0862143370972295,2
527,83.7893012264387,0.6761615258345716,1.087892718653994,2
528,83.78932403628076,0.6775358555534895,1.0895711002107584,2
529,83.78934649783177,0.6789132583218668,1.091249481767523,2
530,83.78936861640992,0.6802937411794417,1.0929278633242876,2
531,83.78939039725215,0.6816773111821727,1.094606244881052,2
532,83.78941184551547,0.6830639754022724,1.0962846264378165,2
533,83.78943296627816,0.6844537409282485,1.0979630079945812,2
534,83.7894537645409,0.6858466148649391,1.0996413895513457,2
535,83.78947424522806,0.6872426043335516,1.1013197711081104,2
536,83.78949441318883,0.6886417164716996,1.1029981526648749,2
537,83.78951427319831,0.6900439584334416,1.1046765342216394,2
538,83.78953382995871,0.6914493373893184,1.1063549157784038,2
539,83.78955308810045,0.692857860526391,1.1080332973351685,2
540,83.78957205218323,0.6942695350482792,1.109711678891933,2
541,83.78959072669716,0.6956843681751993,1.1113900604486975,2
542,83.78960911606372,0.6971023671440029,1.1130684420054622,2
543,83.78962722463694,0.6985235392082147,1.1147468235622267,2
544,83.78964505670436,0.6999478916380717,1.1164252051189913,2
545,83.78966261648802,0.701375431720561,1.1181035866757558,2
546,83.7896799081455,0.7028061667594587,1.1197819682325203,2
547,83.78969693577095,0.7042401040753691,1.121460349789285,2
548,83.78971370339593,0.7056772510057627,1.1231387313460492,2
549,83.78973021499048,0.7071176149050157,1.124817112902814,2
550,83.78974647446401,0.7085612031444487,1.1264954944595784,2
551,83.78976248566626,0.7100080231123662,1.1281738760163431,2
552,83.78977825238813,0.7114580822140953,1.1298522575731076,2
553,83.78979377836271,0.7129113878720251,1.1315306391298723,2
554,83.78980906726602,0.7143679475256465,1.1332090206866368,2
555,83.789824122718,0.7158277686315907,1.1348874022434012,2
556,83.78983894828329,0.7172908586636699,1.136565783800166,2
557,83.78985354747209,0.7187572251129157,1.1382441653569304,2
558,83.78986792374104,0.7202268754876202,1.1399225469136949,2
559,83.78988208049398,0.7216998173133748,1.1416009284704594,2
560,83.78989602108275,0.7231760581331105,1.143279310027224,2
561,83.78990974880806,0.7246556055071373,1.1449576915839885,2
562,83.78992326692017,0.7261384670131855,1.1466360731407532,2
563,83.78993657861973,0.727624650246445,1.1483144546975177,2
564,83.78994968705855,0.7291141628196052,1.1499928362542822,2
565,83.78996259534026,0.7306070123628969,1.1516712178110469,2
566,83.78997530652113,0.7321032065241314,1.1533495993678113,2
567,83.78998782361077,0.7336027529687411,1.155027980924576,2
568,83.79000014957282,0.735105659379821,1.1567063624813403,2
569,83.79001228732565,0.7366119334581687,1.158384744038105,2
570,83.79002423974312,0.7381215829223255,1.1600631255948695,2
571,83.79003600965515,0.7396346155086176,1.1617415071516342,2
572,83.79004759984849,0.7411510389711967,1.1634198887083986,2
573,83.79005901306734,0.7426708610820812,1.165098270265163,2
574,83.79007025201393,0.7441940896311977,1.1667766518219278,2
575,83.79008131934934,0.745720732426422,1.1684550333786923,2
576,83.79009221769394,0.7472507972936208,1.170133414935457,2
577,83.79010294962808,0.7487842920766925,1.1718117964922214,2
578,83.79011351769277,0.7503212246376101,1.173490178048986,2
579,83.79012392439017,0.7518616028564615,1.1751685596057504,2
580,83.79013417218425,0.7534054346314926,1.1768469411625149,2
581,83.79014426350138,0.7549527278791476,1.1785253227192796,2
582,83.79015420073083,0.7565034905341127,1.180203704276044,2
583,83.79016398622542,0.7580577305493571,1.1818820858328087,2
584,83.79017362230205,0.7596154558961752,1.1835604673895732,2
585,83.79018311124223,0.7611766745642295,1.185238848946338,2
586,83.79019245529264,0.7627413945615926,1.1869172305031024,2
587,83.79020165666564,0.7643096239147895,1.1885956120598669,2
588,83.79021071753982,0.7658813706688404,1.1902739936166313,2
589,83.79021964006051,0.7674566428873034,1.1919523751733958,2
590,83.79022842634026,0.7690354486523169,1.1936307567301605,2
591,83.79023707845941,0.7706177960646431,1.195309138286925,2
592,83.79024559846647,0.7722036932437106,1.1969875198436897,2
593,83.79025398837871,0.7737931483276574,1.1986659014004541,2
594,83.79026225018261,0.775386169473374,1.2003442829572188,2
595,83.79027038583428,0.776982764856547,1.2020226645139833,2
596,83.79027839725998,0.7785829426717021,1.2037010460707478,2
597,83.79028628635656,0.7801867111322478,1.2053794276275125,2
598,83.79029405499192,0.781794078470519,1.2070578091842767,2
599,83.79030170500539,0.7834050529378205,1.2087361907410414,2
600,83.79030923820828,0.7850196428044706,1.210414572297806,2
601,83.79031665638419,0.7866378563598456,1.2120929538545706,2
602,83.79032396128952,0.788259701912423,1.213771335411335,2
603,83.79033115465383,0.7898851877898262,1.2154497169680998,2
604,83.79033823818025,0.791514322338868,1.2171280985248643,2
605,83.79034521354598,0.7931471139255953,1.2188064800816287,2
606,83.79035208240253,0.7947835709353342,1.2204848616383934,2
607,83.79035884637622,0.7964237017727328,1.222163243195158,2
608,83.79036550706856,0.798067514861807,1.2238416247519224,2
609,83.79037206605658,0.7997150186459849,1.2255200063086868,2
610,83.79037852489323,0.8013662215881517,1.2271983878654515,2
611,83.79038488510777,0.8030211321706937,1.228876769422216,2
612,83.79039114820607,0.8046797588955453,1.2305551509789805,2
613,83.79039731567106,0.8063421102842316,1.2322335325357452,2
614,83.79040338896297,0.8080081948779158,1.2339119140925097,2
615,83.79040936951978,0.8096780212374428,1.2355902956492744,2
616,83.79041525875746,0.8113515979433855,1.2372686772060388,2
617,83.79042105807045,0.8130289335960905,1.2389470587628035,2
618,83.79042676883178,0.8147100368157226,1.2406254403195678,2
619,83.79043239239361,0.8163949162423126,1.2423038218763325,2
620,83.7904379300874,0.8180835805358007,1.243982203433097,2
621,83.79044338322433,0.8197760383760838,1.2456605849898614,2
622,83.79044875309548,0.8214722984630614,1.2473389665466261,2
623,83.79045404097229,0.8231723695166817,1.2490173481033906,2
624,83.79045924810676,0.8248762602769875,1.2506957296601553,2
625,83.79046437573177,0.826583979504163,1.2523741112169198,2
626,83.79046942506136,0.8282955359785806,1.2540524927736845,2
627,83.79047439729106,0.8300109385008464,1.255730874330449,2
628,83.79047929359815,0.8317301958918475,1.2574092558872134,2
629,83.7904841151419,0.833453316992799,1.259087637443978,2
630,83.79048886306389,0.8351803106652905,1.2607660190007424,2
631,83.79049353848829,0.8369111857913333,1.262444400557507,2
632,83.79049814252208,0.8386459512734077,1.2641227821142715,2
633,83.79050267625536,0.8403846160345096,1.2658011636710362,2
634,83.79050714076155,0.8421271890181988,1.2674795452278007,2
635,83.79051153709771,0.8438736791886452,1.2691579267845654,2
636,83.79051586630477,0.8456240955306773,1.2708363083413299,2
637,83.79052012940772,0.8473784470498301,1.2725146898980944,2
638,83.79052432741594,0.8491367427723913,1.2741930714548588,2
639,83.79052846132338,0.8508989917454511,1.2758714530116233,2
640,83.79053253210881,0.852665203036949,1.277549834568388,2
641,83.79053654073608,0.8544353857357225,1.2792282161251525,2
642,83.79054048815428,0.8562095489515545,1.2809065976819172,2
643,83.79054437529804,0.857987701815223,1.2825849792386816,2
644,83.79054820308772,0.8597698534785474,1.2842633607954461,2
645,83.79055197242961,0.8615560131144397,1.2859417423522108,2
646,83.79055568421616,0.863346189916951,1.2876201239089753,2
647,83.79055933932622,0.8651403931013214,1.28929850546574,2
648,83.79056293862519,0.8669386319040285,1.2909768870225042,2
649,83.79056648296526,0.8687409155828365,1.292655268579269,2
650,83.79056997318563,0.870547253416845,1.2943336501360334,2
651,83.79057341011267,0.8723576547065388,1.296012031692798,2
652,83.79057679456012,0.8741721287738367,1.2976904132495626,2
653,83.79058012732933,0.8759906849621414,1.299368794806327,2
654,83.79058340920939,0.8778133326363887,1.3010471763630918,2
655,83.79058664097732,0.8796400811830973,1.3027255579198562,2
656,83.79058982339832,0.8814709400104188,1.304403939476621,2
657,83.79059295722587,0.8833059185481871,1.3060823210333854,2
658,83.79059604320197,0.8851450262479692,1.3077607025901499,2
659,83.79059908205728,0.8869882725831142,1.3094390841469143,2
660,83.7906020745113,0.8888356670488051,1.311117465703679,2
661,83.79060502127254,0.8906872191621076,1.3127958472604435,2
662,83.79060792303872,0.8925429384620217,1.314474228817208,2
663,83.79061078049686,0.8944028345095317,1.3161526103739727,2
664,83.79061359432352,0.8962669168876571,1.3178309919307372,2
665,83.79061636518493,0.8981351952015039,1.3195093734875019,2
666,83.79061909373715,0.9000076790783141,1.3211877550442663,2
667,83.79062178062618,0.9018843781675192,1.322866136601031,2
668,83.79062442648822,0.9037653021407889,1.3245445181577953,2
669,83.79062703194971,0.9056504606920839,1.32622289971456,2
670,83.79062959762756,0.9075398635377064,1.3279012812713245,2
671,83.7906321241292,0.9094335204163533,1.329579662828089,2
672,83.79063461205287,0.9113314410891655,1.3312580443848536,2
673,83.7906370619876,0.9132336353397815,1.332936425941618,2
674,83.79063947451345,0.9151401129743887,1.3346148074983828,2
675,83.79064185020167,0.9170508838217752,1.3362931890551473,2
676,83.7906441896147,0.9189659577333827,1.3379715706119117,2
677,83.79064649330645,0.9208853445833575,1.3396499521686764,2
678,83.79064876182238,0.922809054268604,1.3413283337254407,2
679,83.79065099569958,0.924737096708837,1.3430067152822054,2
680,83.79065319546697,0.9266694818466336,1.3446850968389699,2
681,83.79065536164539,0.9286062196474872,1.3463634783957346,2
682,83.7906574947477,0.9305473200998592,1.348041859952499,2
683,83.79065959527898,0.9324927932152327,1.3497202415092637,2
684,83.79066166373653,0.9344426490281651,1.3513986230660282,2
685,83.79066370061012,0.9363968975963418,1.3530770046227927,2
686,83.79066570638203,0.9383555490006295,1.3547553861795574,2
687,83.79066768152713,0.9403186133451287,1.3564337677363218,2
688,83.79066962651308,0.9422861007572296,1.3581121492930863,2
689,83.7906715418004,0.9442580213876635,1.3597905308498508,2
690,83.79067342784256,0.9462343854105573,1.3614689124066155,2
691,83.79067528508612,0.9482152030234882,1.36314729396338,2
692,83.7906771139708,0.9502004844475372,1.3648256755201447,2
693,83.79067891492966,0.9521902399273433,1.3665040570769091,2
694,83.79068068838906,0.9541844797311585,1.3681824386336736,2
695,83.79068243476891,0.9561832141509009,1.3698608201904383,2
696,83.79068415448273,0.958186453502211,1.3715392017472028,2
697,83.79068584793765,0.9601942081245048,1.3732175833039675,2
698,83.79068751553466,0.9622064883810304,1.3748959648607317,2
699,83.79068915766858,0.9642233046589215,1.3765743464174964,2
700,83.7906907747282,0.9662446673692523,1.378252727974261,2
701,83.79069236709641,0.9682705869470954,1.3799311095310256,2
702,83.79069393515022,0.9703010738515734,1.38160949108779,2
703,83.79069547926089,0.9723361385659173,1.3832878726445546,2
704,83.79069699979402,0.9743757915975203,1.3849662542013192,2
705,83.79069849710963,0.9764200434779953,1.3866446357580837,2
706,83.79069997156223,0.9784689047632287,1.3883230173148484,2
707,83.79070142350093,0.9805223860334379,1.390001398871613,2
708,83.7907028532695,0.9825804978932278,1.3916797804283774,2
709,83.79070426120644,0.9846432509716448,1.3933581619851418,2
710,83.79070564764514,0.9867106559222358,1.3950365435419063,2
711,83.79070701291384,0.9887827234231037,1.396714925098671,2
712,83.7907083573358,0.9908594641769626,1.3983933066554355,2
713,83.79070968122933,0.9929408889111975,1.4000716882122002,2
714,83.7907109849079,0.9950270083779187,1.4017500697689647,2
715,83.79071226868017,0.9971178333540203,1.4034284513257294,2
716,83.79071353285009,0.9992133746412368,1.4051068328824938,2
717,83.79071477771699,1.0013136430662002,1.4067852144392583,2
718,83.79071600357558,1.0034186494804977,1.4084635959960228,2
719,83.79071721071615,1.0055284047607302,1.4101419775527873,2
720,83.79071839942448,1.007642919808568,1.411820359109552,2
721,83.79071956998203,1.0097622055508098,1.4134987406663164,2
722,83.79072072266595,1.0118862729394418,1.4151771222230811,2
723,83.79072185774916,1.0140151329516938,1.4168555037798456,2
724,83.79072297550042,1.0161487965900982,1.4185338853366103,2
725,83.79072407618435,1.0182872748825487,1.4202122668933748,2
726,83.79072516006157,1.0204305788823584,1.4218906484501392,2
727,83.7907262273887,1.0225787196683191,1.423569030006904,2
728,83.79072727841847,1.024731708344759,1.4252474115636682,2
729,83.79072831339973,1.0268895560416025,1.4269257931204329,2
730,83.7907293325775,1.0290522739144292,1.4286041746771974,2
731,83.7907303361931,1.0312198731445328,1.430282556233962,2
732,83.79073132448418,1.03339236493898,1.4319609377907265,2
733,83.79073229768471,1.035569760530671,1.4336393193474912,2
734,83.79073325602512,1.037752071178398,1.4353177009042557,2
735,83.7907341997323,1.0399393081669066,1.4369960824610202,2
736,83.79073512902971,1.0421314828069537,1.4386744640177849,2
737,83.79073604413738,1.0443286064353683,1.4403528455745493,2
738,83.79073694527195,1.0465306904151122,1.4420312271313138,2
739,83.7907378326468,1.0487377461353398,1.4437096086880783,2
740,83.79073870647204,1.0509497850114582,1.445387990244843,2
741,83.79073956695454,1.0531668184851881,1.4470663718016075,2
742,83.79074041429806,1.0553888580246253,1.448744753358372,2
743,83.7907412487032,1.0576159151243008,1.4504231349151366,2
744,83.79074207036754,1.0598480013052405,1.452101516471901,2
745,83.7907428794856,1.0620851281150285,1.4537798980286658,2
746,83.79074367624898,1.064327307127868,1.4554582795854303,2
747,83.79074446084631,1.0665745499446415,1.457136661142195,2
748,83.79074523346337,1.068826868192973,1.4588150426989592,2
749,83.79074599428309,1.0710842735272903,1.460493424255724,2
750,83.79074674348558,1.073346777628886,1.4621718058124884,2
751,83.79074748124826,1.0756143922059798,1.4638501873692529,2
752,83.79074820774579,1.0778871289937806,1.4655285689260176,2
753,83.7907489231502,1.0801649997545488,1.467206950482782,2
754,83.79074962763086,1.0824480162776589,1.4688853320395467,2
755,83.79075032135457,1.0847361903796613,1.4705637135963112,2
756,83.79075100448557,1.0870295339043463,1.472242095153076,2
757,83.79075167718564,1.0893280587228062,1.4739204767098404,2
758,83.79075233961402,1.0916317767334973,1.4755988582666049,2
759,83.79075299192755,1.093940699862305,1.4772772398233693,2
760,83.79075363428069,1.0962548400626058,1.4789556213801338,2
761,83.79075426682554,1.0985742093153308,1.4806340029368985,2
762,83.79075488971185,1.1008988196290301,1.482312384493663,2
763,83.7907555030871,1.1032286830399354,1.4839907660504277,2
764,83.79075610709651,1.105563811612025,1.4856691476071922,2
765,83.79075670188311,1.1079042174370866,1.4873475291639568,2
766,83.79075728758771,1.110249912634782,1.4890259107207213,2
767,83.79075786434899,1.1126009093527125,1.4907042922774858,2
768,83.79075843230352,1.1149572197664812,1.4923826738342505,2
769,83.79075899158576,1.1173188560797593,1.4940610553910147,2
770,83.79075954232813,1.119685830524351,1.4957394369477794,2
771,83.79076008466104,1.1220581553602562,1.497417818504544,2
772,83.7907606187129,1.1244358428757382,1.4990962000613086,2
773,83.79076114461012,1.1268189053873878,1.500774581618073,2
774,83.79076166247725,1.1292073552401882,1.5024529631748376,2
775,83.7907621724369,1.1316012048075808,1.5041313447316023,2
776,83.7907626746098,1.134000466491532,1.5058097262883667,2
777,83.79076316911485,1.1364051527225973,1.5074881078451314,2
778,83.79076365606916,1.1388152759599879,1.509166489401896,2
779,83.79076413558798,1.1412308486916374,1.5108448709586604,2
780,83.79076460778488,1.143651883434267,1.5125232525154249,2
781,83.79076507277165,1.146078392733453,1.5142016340721896,2
782,83.79076553065838,1.148510389163693,1.515880015628954,2
783,83.79076598155348,1.1509478853284718,1.5175583971857185,2
784,83.79076642556372,1.15339089386033,1.5192367787424832,2
785,83.79076686279421,1.1558394274209285,1.5209151602992477,2
786,83.7907672933485,1.158293498701119,1.5225935418560124,2
787,83.7907677173285,1.1607531204210086,1.5242719234127768,2
788,83.79076813483462,1.1632183053300282,1.5259503049695415,2
789,83.79076854596569,1.165689066207,1.5276286865263058,2
790,83.79076895081907,1.1681654158602073,1.5293070680830705,2
791,83.7907693494906,1.170647367127458,1.530985449639835,2
792,83.7907697420747,1.173134932876157,1.5326638311965994,2
793,83.79077012866429,1.1756281260033736,1.5343422127533641,2
794,83.7907705093509,1.1781269594359074,1.5360205943101286,2
795,83.79077088422471,1.18063144613036,1.5376989758668933,2
796,83.79077125337443,1.1831415990732022,1.5393773574236578,2
797,83.79077161688748,1.1856574312808437,1.5410557389804225,2
798,83.79077197484995,1.1881789557997005,1.542734120537187,2
799,83.79077232734655,1.1907061857062669,1.5444125020939514,2
800,83.79077267446077,1.1932391341071817,1.546090883650716,2
0,76.0512425561139,0.14514129333362039,0.3065659507910363,3
1,76.13808381690717,0.14549305380971084,0.30907599062800123,3
2,76.22369834283268,0.14584584767544517,0.3115860304649662,3
3,76.30810346296214,0.14619967813521634,0.31409607030193115,3
4,76.39131626157375,0.1465545484034832,0.31660611013889606,3
5,76.47335358161023,0.14691046170480232,0.319116149975861,3
6,76.55423202808791,0.1472674212738596,0.3216261898128259,3
7,76.63396797145775,0.1476254303555025,0.32413622964979083,3
8,76.71257755091887,0.1479844922047716,0.3266462694867558,3
9,76.79007667768524,0.14834461008693312,0.32915630932372075,3
10,76.86648103820617,0.14870578727751105,0.3316663491606857,3
11,76.94180609734155,0.1490680270623192,0.3341763889976506,3
12,77.01606710149184,0.14943133273749407,0.3366864288346155,3
13,77.08927908168424,0.14979570760952698,0.3391964686715805,3
14,77.161456856615,0.15016115499529692,0.3417065085085454,3
15,77.23261503564888,0.1505276782221031,0.34421654834551035,3
16,77.30276802177619,0.15089528062769805,0.3467265881824753,3
17,77.37193001452808,0.1512639655603203,0.3492366280194402,3
18,77.44011501285061,0.15163373637872746,0.3517466678564051,3
19,77.50733681793831,0.15200459645222958,0.3542567076933701,3
20,77.57360903602762,0.15237654916072205,0.35676674753033505,3
21,77.63894508115084,0.15274959789471929,0.3592767873673,3
22,77.70335817785137,0.15312374605538792,0.3617868272042649,3
23,77.76686136386037,0.1534989970545806,0.3642968670412298,3
24,77.82946749273569,0.15387535431486937,0.3668069068781948,3
25,77.89118923646362,0.15425282126957984,0.3693169467151597,3
26,77.95203908802372,0.15463140136282472,0.3718269865521246,3
27,78.01202936391755,0.1550110980495378,0.3743370263890896,3
28,78.07117220666159,0.15539191479550848,0.3768470662260545,3
29,78.12947958724502,0.15577385507741542,0.3793571060630194,3
30,78.18696330755273,0.1561569223828612,0.3818671458999844,3
31,78.24363500275409,0.15654112021040661,0.3843771857369493,3
32,78.29950614365808,0.15692645206960523,0.3868872255739143,3
33,78.35458803903497,0.15731292148103806,0.3893972654108792,3
34,78.40889183790537,0.15770053197634826,0.3919073052478441,3
35,78.46242853179692,0.15808928709827588,0.394417345084809,3
36,78.51520895696895,0.15847919040069308,0.396927384921774,3
37,78.56724379660591,0.15887024544863898,0.3994374247587389,3
38,78.61854358297974,0.15926245581835496,0.4019474645957038,3
39,78.66911869958165,0.15965582509732,0.4044575044326688,3
40,78.7189793832238,0.16005035688428587,0.4069675442696337,3
41,78.7681357261114,0.1604460547893129,0.4094775841065987,3
42,78.81659767788535,0.16084292243380546,0.4119876239435636,3
43,78.86437504763623,0.16124096345054784,0.4144976637805285,3
44,78.91147750588965,0.16164018148373993,0.4170077036174935,3
45,78.9579145865637,0.16204058018903325,0.4195177434544584,3
46,79.00369568889865,0.16244216323356717,0.4220277832914233,3
47,79.04883007935948,0.1628449342960049,0.4245378231283883,3
48,79.09332689351145,0.16324889706657003,0.4270478629653532,3
49,79.13719513786923,0.16365405524708265,0.4295579028023182,3
50,79.18044369171987,0.16406041255099624,0.43206794263928305,3
51,79.22308130892007,0.16446797270343402,0.434577982476248,3
52,79.26511661966804,0.1648767394412259,0.437088022313213,3
53,79.30655813225022,0.16528671651294538,0.4395980621501779,3
54,79.34741423476359,0.16569790767894643,0.4421081019871428,3
55,79.38769319681337,0.16611031671140067,0.44461814182410775,3
56,79.42740317118687,0.16652394739433465,0.4471281816610727,3
57,79.46655219550371,0.16693880352366713,0.4496382214980376,3
58,79.5051481938427,0.16735488890724662,0.4521482613350026,3
59,79.54319897834571,0.16777220736488893,0.4546583011719675,3
60,79.58071225079894,0.16819076272841488,0.4571683410089324,3
61,79.61769560419178,0.16861055884168813,0.4596783808458974,3
62,79.65415652425374,0.16903159956065314,0.46218842068286226,3
63,79.6901023909696,0.1694538887533733,0.46469846051982727,3
64,79.7255404800732,0.16987743030006894,0.4672085003567922,3
65,79.76047796452006,0.1703022280931558,0.4697185401937571,3
66,79.7949219159393,0.1707282860372834,0.4722285800307221,3
67,79.82887930606492,0.17115560804937355,0.47473861986768695,3
68,79.86235700814704,0.17158419805865918,0.4772486597046519,3
69,79.89536179834303,0.17201406000672284,0.4797586995416169,3
70,79.92790035708906,0.17244519784753598,0.4822687393785818,3
71,79.95997927045228,0.17287761554749764,0.4847787792155467,3
72,79.99160503146392,0.17331131708547387,0.48728881905251165,3
73,80.02278404143351,0.17374630645283692,0.4897988588894766,3
74,80.05352261124455,0.1741825876535045,0.49230889872644146,3
75,80.08382696263192,0.17462016470397965,0.4948189385634065,3
76,80.11370322944114,0.17505904163339003,0.4973289784003714,3
77,80.14315745887,0.175499222483528,0.4998390182373363,3
78,80.17219561269248,0.17594071130889039,0.5023490580743013,3
79,80.2008235684655,0.17638351217671838,0.5048590979112662,3
80,80.22904712071859,0.1768276291670381,0.5073691377482311,3
81,80.25687198212675,0.1772730663727004,0.5098791775851961,3
82,80.28430378466673,0.1777198278994216,0.512389217422161,3
83,80.31134808075696,0.17816791786582395,0.514899257259126,3
84,80.33801034438146,0.17861734040347624,0.5174092970960908,3
85,80.36429597219778,0.17906809965693465,0.5199193369330558,3
86,80.39021028462936,0.17952019978378367,0.5224293767700208,3
87,80.4157585269424,0.1799736449546772,0.5249394166069857,3
88,80.44094587030752,0.18042843935337954,0.5274494564439506,3
89,80.4657774128465,0.18088458717680697,0.5299594962809155,3
90,80.49025818066418,0.18134209263506912,0.5324695361178805,3
91,80.51439312886575,0.1818009599515103,0.5349795759548454,3
92,80.53818714255968,0.1822611933627515,0.5374896157918103,3
93,80.56164503784657,0.18272279711873218,0.5399996556287753,3
94,80.58477156279396,0.1831857754827522,0.5425096954657402,3
95,80.60757139839733,0.1836501327315137,0.5450197353027052,3
96,80.63004915952759,0.1841158731551638,0.54752977513967,3
97,80.65220939586519,0.18458300105733655,0.550039814976635,3
98,80.67405659282097,0.18505152075519565,0.5525498548136,3
99,80.69559517244414,0.18552143657947695,0.5550598946505649,3
100,80.71682949431721,0.1859927528745314,0.5575699344875298,3
101,80.73776385643845,0.1864654739983678,0.5600799743244947,3
102,80.75840249609189,0.18693960432269585,0.5625900141614597,3
103,80.77874959070495,0.1874151482329694,0.5651000539984246,3
104,80.79880925869392,0.18789211012842974,0.5676100938353896,3
105,80.8185855602977,0.18837049442214895,0.5701201336723545,3
106,80.83808249839949,0.18885030554107368,0.5726301735093194,3
107,80.85730401933706,0.18933154792606868,0.5751402133462844,3
108,80.87625401370155,0.1898142260319607,0.5776502531832493,3
109,80.89493631712492,0.1902983443275826,0.5801602930202142,3
110,80.9133547110563,0.1907839072958174,0.5826703328571792,3
111,80.93151292352742,0.19127091943364258,0.5851803726941441,3
112,80.94941462990718,0.19175938525217442,0.587690412531109,3
113,80.96706345364558,0.1922493092767127,0.590200452368074,3
114,80.98446296700713,0.19274069604678518,0.5927104922050389,3
115,81.0016166917939,0.1932335501161928,0.5952205320420039,3
116,81.01852810005836,0.19372787605305425,0.5977305718789688,3
117,81.03520061480617,0.19422367843985133,0.6002406117159337,3
118,81.05163761068903,0.19472096187347407,0.6027506515528986,3
119,81.06784241468766,0.1952197309652664,0.6052606913898636,3
120,81.08381830678533,0.1957199903410714,0.6077707312268285,3
121,81.09956852063168,0.19622174464127703,0.6102807710637935,3
122,81.1150962441972,0.19672499852086228,0.6127908109007584,3
123,81.13040462041862,0.1972297566494427,0.6153008507377233,3
124,81.14549674783493,0.19773602371131688,0.6178108905746882,3
125,81.16037568121466,0.19824380440551245,0.6203209304116531,3
126,81.17504443217413,0.19875310344583275,0.6228309702486182,3
127,81.18950596978705,0.19926392556090328,0.6253410100855831,3
128,81.20376322118544,0.19977627549421834,0.627851049922548,3
129,81.2178190721522,0.2002901580041879,0.630361089759513,3
130,81.23167636770508,0.20080557786418482,0.6328711295964778,3
131,81.24533791267268,0.20132253986259172,0.6353811694334428,3
132,81.25880647226207,0.20184104880284845,0.6378912092704079,3
133,81.2720847726185,0.20236110950349948,0.6404012491073727,3
134,81.28517550137724,0.20288272679824151,0.6429112889443376,3
135,81.29808130820757,0.2034059055359712,0.6454213287813025,3
136,81.31080480534904,0.20393065058083318,0.6479313686182675,3
137,81.32334856814025,0.20445696681226794,0.6504414084552324,3
138,81.33571513554016,0.20498485912506015,0.6529514482921974,3
139,81.34790701064188,0.20551433242938696,0.6554614881291624,3
140,81.35992666117946,0.20604539165086658,0.6579715279661272,3
141,81.37177652002725,0.20657804173060682,0.6604815678030921,3
142,81.38345898569243,0.20711228762525402,0.662991607640057,3
143,81.39497642280043,0.207648134307042,0.6655016474770221,3
144,81.40633116257357,0.208185586763841,0.668011687313987,3
145,81.41752550330288,0.20872464999920734,0.6705217271509519,3
146,81.4285617108134,0.2092653290324325,0.6730317669879169,3
147,81.43944201892268,0.20980762889859284,0.6755418068248817,3
148,81.45016862989297,0.2103515546485994,0.6780518466618466,3
149,81.460743714877,0.21089711134924766,0.6805618864988118,3
150,81.47116941435739,0.2114443040832677,0.6830719263357766,3
151,81.48144783857997,0.21199313794937452,0.6855819661727415,3
152,81.4915810679808,0.2125436180623182,0.6880920060097064,3
153,81.50157115360741,0.21309574955293448,0.6906020458466714,3
154,81.51142011753383,0.21364953756819566,0.6931120856836362,3
155,81.52112995326993,0.21420498727126117,0.6956221255206013,3
156,81.5307026261649,0.21476210384152875,0.6981321653575663,3
157,81.54014007380505,0.2153208924746856,0.7006422051945311,3
158,81.54944420640606,0.2158813583827598,0.703152245031496,3
159,81.55861690719952,0.21644350679417151,0.7056622848684609,3
160,81.56766003281417,0.21700734295378507,0.708172324705426,3
161,81.57657541365171,0.2175728721229604,0.7106823645423909,3
162,81.58536485425724,0.21814009957960528,0.7131924043793558,3
163,81.59403013368453,0.21870903061822736,0.7157024442163208,3
164,81.60257300585614,0.21927967054998654,0.7182124840532856,3
165,81.61099519991845,0.21985202470274742,0.7207225238902505,3
166,81.61929842059155,0.22042609842113195,0.7232325637272157,3
167,81.62748434851439,0.2210018970665722,0.7257426035641805,3
168,81.63555464058491,0.2215794260173634,0.7282526434011454,3
169,81.64351093029543,0.22215869066871718,0.7307626832381103,3
170,81.65135482806328,0.22273969643281455,0.7332727230750753,3
171,81.6590879215567,0.2233224487388598,0.7357827629120401,3
172,81.66671177601633,0.22390695303313388,0.7382928027490052,3
173,81.67422793457187,0.2244932147790482,0.7408028425859702,3
174,81.68163791855454,0.22508123945719882,0.743312882422935,3
175,81.68894322780498,0.2256710325654205,0.7458229222598999,3
176,81.69614534097678,0.22626259961884096,0.7483329620968648,3
177,81.70324571583585,0.22685594614993548,0.7508430019338299,3
178,81.7102457895554,0.22745107770858153,0.7533530417707948,3
179,81.71714697900693,0.22804799986211358,0.7558630816077597,3
180,81.72395068104692,0.22864671819537827,0.7583731214447247,3
181,81.73065827279962,0.22924723831078936,0.7608831612816895,3
182,81.73727111193581,0.2298495658283834,0.7633932011186544,3
183,81.74379053694756,0.23045370638587484,0.7659032409556195,3
184,81.75021786741914,0.23105966563871233,0.7684132807925844,3
185,81.75655440429418,0.23166744926013397,0.7709233206295493,3
186,81.76280143013892,0.23227706294122397,0.7734333604665142,3
187,81.76896020940188,0.23288851239096836,0.7759434003034792,3
188,81.77503198866972,0.23350180333631188,0.7784534401404442,3
189,81.78101799691962,0.23411694152221418,0.780963479977409,3
190,81.786919445768,0.23473393271170695,0.7834735198143741,3
191,81.79273752971582,0.23535278268595064,0.7859835596513389,3
192,81.79847342639025,0.23597349724429162,0.7884935994883038,3
193,81.8041282967831,0.2365960822043196,0.7910036393252687,3
194,81.80970328548584,0.237220543401925,0.7935136791622338,3
195,81.81519952092123,0.23784688669135684,0.7960237189991987,3
196,81.82061811557172,0.2384751179452803,0.7985337588361636,3
197,81.82596016620462,0.23910524305483508,0.8010437986731286,3
198,81.83122675409417,0.23973726792969324,0.8035538385100934,3
199,81.8364189452403,0.24037119849811803,0.8060638783470583,3
200,81.84153779058443,0.2410070407070222,0.8085739181840234,3
201,81.8465843262222,0.24164480052202694,0.8110839580209883,3
202,81.85155957361323,0.24228448392752067,0.8135939978579532,3
203,81.85646453978777,0.2429260969267184,0.8161040376949181,3
204,81.86130021755058,0.24356964554172078,0.8186140775318832,3
205,81.86606758568193,0.24421513581357407,0.821124117368848,3
206,81.87076760913565,0.2448625738023293,0.8236341572058129,3
207,81.87540123923444,0.24551196558710253,0.826144197042778,3
208,81.87996941386247,0.24616331726613505,0.8286542368797428,3
209,81.88447305765519,0.2468166349568532,0.8311642767167077,3
210,81.88891308218649,0.24747192479592914,0.8336743165536726,3
211,81.8932903861532,0.24812919293934166,0.8361843563906377,3
212,81.89760585555702,0.24878844556243662,0.8386943962276026,3
213,81.9018603638838,0.24944968885998836,0.8412044360645675,3
214,81.90605477228041,0.2501129290462607,0.8437144759015325,3
215,81.91018992972901,0.2507781723550684,0.8462245157384973,3
216,81.91426667321885,0.25144542503983885,0.8487345555754622,3
217,81.91828582791575,0.25211469337367404,0.8512445954124273,3
218,81.9222482073291,0.2527859836494122,0.8537546352493922,3
219,81.92615461347651,0.2534593021796902,0.8562646750863571,3
220,81.93000583704614,0.254134655297006,0.858774714923322,3
221,81.93380265755674,0.2548120493537812,0.8612847547602871,3
222,81.93754584351547,0.25549149072242394,0.863794794597252,3
223,81.9412361525734,0.25617298579539155,0.8663048344342168,3
224,81.94487433167889,0.25685654098525407,0.8688148742711818,3
225,81.9484611172288,0.25754216272475755,0.8713249141081467,3
226,81.95199723521749,0.25822985746688776,0.8738349539451116,3
227,81.95548340138382,0.2589196316849337,0.8763449937820766,3
228,81.95892032135598,0.25961149187255184,0.8788550336190416,3
229,81.96230869079433,0.2603054445438301,0.8813650734560065,3
230,81.96564919553224,0.26100149623335256,0.8838751132929714,3
231,81.96894251171483,0.26169965349626373,0.8863851531299364,3
232,81.97218930593591,0.2623999229083336,0.8888951929669012,3
233,81.97539023537288,0.2631023110660224,0.8914052328038661,3
234,81.9785459479197,0.2638068245865461,0.8939152726408311,3
235,81.98165708231808,0.26451347010794163,0.8964253124777961,3
236,81.98472426828677,0.26522225428913254,0.898935352314761,3
237,81.98774812664897,0.26593318380999487,0.9014453921517259,3
238,81.99072926945806,0.2666462653714233,0.903955431988691,3
239,81.99366830012143,0.26736150569539685,0.9064654718256558,3
240,81.99656581352261,0.26807891152504637,0.9089755116626207,3
241,81.99942239614174,0.26879848962472,0.9114855514995857,3
242,82.00223862617422,0.2695202467800511,0.9139955913365506,3
243,82.00501507364774,0.27024418979802467,0.9165056311735155,3
244,82.00775230053773,0.2709703255070447,0.9190156710104805,3
245,82.010450860881,0.2716986607570021,0.9215257108474455,3
246,82.01311130088797,0.27242920241934204,0.9240357506844104,3
247,82.0157341590532,0.27316195738713195,0.9265457905213753,3
248,82.01831996626436,0.2738969325751299,0.9290558303583402,3
249,82.02086924590972,0.27463413491985267,0.9315658701953051,3
250,82.0233825139841,0.2753735713796443,0.9340759100322701,3
251,82.02586027919324,0.2761152489347453,0.936585949869235,3
252,82.02830304305684,0.2768591745873613,0.9390959897062,3
253,82.03071130001003,0.2776053553617324,0.9416060295431649,3
254,82.03308553750348,0.2783537983042026,0.9441160693801298,3
255,82.03542623610207,0.2791045104832895,0.9466261092170947,3
256,82.03773386958206,0.2798574989897541,0.9491361490540597,3
257,82.04000890502712,0.28061277093667103,0.9516461888910247,3
258,82.04225180292283,0.2813703334594988,0.9541562287279896,3
259,82.04446301724983,0.28213019371615045,0.9566662685649545,3
260,82.04664299557575,0.28289235888706415,0.9591763084019194,3
261,82.04879217914582,0.28365683617527443,0.9616863482388844,3
262,82.05091100297217,0.28442363280648314,0.9641963880758494,3
263,82.05299989592186,0.2851927560291312,0.9667064279128142,3
264,82.05505928080369,0.28596421311446985,0.9692164677497792,3
265,82.05708957445378,0.2867380113566332,0.9717265075867441,3
266,82.05909118782,0.2875141580727095,0.9742365474237091,3
267,82.06106452604506,0.2882926606028142,0.976746587260674,3
268,82.06300998854854,0.28907352631016237,0.9792566270976389,3
269,82.06492796910779,0.2898567625811411,0.9817666669346039,3
270,82.06681885593756,0.29064237682538324,0.9842767067715688,3
271,82.0686830317686,0.29143037647584,0.9867867466085337,3
272,82.07052087392519,0.29222076898885485,0.9892967864454986,3
273,82.07233275440142,0.2930135618442372,0.9918068262824636,3
274,82.07411903993653,0.2938087625453361,0.9943168661194286,3
275,82.07588009208915,0.2946063786191149,0.9968269059563934,3
276,82.07761626731046,0.2954064176162251,0.9993369457933584,3
277,82.07932791701636,0.2962088871110818,1.0018469856303234,3
278,82.08101538765857,0.2970137947019376,1.0043570254672882,3
279,82.08267902079477,0.29782114801095877,1.006867065304253,3
280,82.08431915315776,0.29863095468429973,1.0093771051412181,3
281,82.08593611672359,0.29944322239217924,1.0118871449781832,3
282,82.08753023877873,0.3002579588289563,1.014397184815148,3
283,82.08910184198636,0.3010751717132054,1.016907224652113,3
284,82.09065124445169,0.30189486878779415,1.0194172644890778,3
285,82.09217875978628,0.3027170578199588,1.0219273043260428,3
286,82.09368469717157,0.30354174660138133,1.024437344163008,3
287,82.09516936142145,0.3043689429482669,1.0269473839999728,3
288,82.09663305304399,0.30519865470142066,1.0294574238369376,3
289,82.09807606830218,0.3060308897263254,1.0319674636739025,3
290,82.09949869927394,0.3068656559132195,1.0344775035108675,3
291,82.10090123391132,0.3077029611771748,1.0369875433478326,3
292,82.10228395609862,0.3085428134581752,1.0394975831847975,3
293,82.10364714571,0.30938522072119445,1.0420076230217623,3
294,82.10499107866605,0.31023019095627585,1.0445176628587272,3
295,82.10631602698966,0.31107773217861046,1.0470277026956922,3
296,82.10762225886107,0.3119278524286169,1.049537742532657,3
297,82.10891003867216,0.3127805597720208,1.0520477823696222,3
298,82.11017962707997,0.31363586229993423,1.054557822206587,3
299,82.11143128105945,0.314493768128936,1.0570678620435519,3
300,82.1126652539555,0.31535428540115207,1.059577901880517,3
301,82.11388179553417,0.3162174222843356,1.0620879417174818,3
302,82.11508115203331,0.3170831869719482,1.0645979815544466,3
303,82.11626356621238,0.3179515876832408,1.0671080213914117,3
304,82.11742927740156,0.31882263266333477,1.0696180612283765,3
305,82.11857852155019,0.3196963301833039,1.0721281010653416,3
306,82.1197115312746,0.3205726885402556,1.0746381409023065,3
307,82.12082853590509,0.3214517160574136,1.0771481807392713,3
308,82.12192976153243,0.32233342108419955,1.0796582205762362,3
309,82.12301543105359,0.3232178119963164,1.0821682604132012,3
310,82.12408576421683,0.3241048971958307,1.0846783002501663,3
311,82.12514097766626,0.32499468511125573,1.0871883400871312,3
312,82.12618128498559,0.32588718419763524,1.089698379924096,3
313,82.12720689674141,0.3267824029366266,1.0922084197610609,3
314,82.12821802052586,0.327680349836585,1.094718459598026,3
315,82.12921486099854,0.3285810334326474,1.097228499434991,3
316,82.13019761992801,0.32948446228681727,1.0997385392719559,3
317,82.13116649623264,0.3303906449880488,1.1022485791089207,3
318,82.13212168602081,0.33129959015233246,1.1047586189458856,3
319,82.13306338263064,0.3322113064227795,1.1072686587828506,3
320,82.13399177666913,0.3331258024697082,1.1097786986198157,3
321,82.13490705605076,0.33404308699072893,1.1122887384567806,3
322,82.13580940603545,0.33496316871083076,1.1147987782937454,3
323,82.13669900926612,0.33588605638246716,1.1173088181307103,3
324,82.13757604580567,0.33681175878564346,1.1198188579676753,3
325,82.13844069317338,0.33774028472800255,1.1223288978046402,3
326,82.13929312638085,0.3386716430449131,1.1248389376416053,3
327,82.14013351796746,0.339605842599556,1.12734897747857,3
328,82.14096203803524,0.3405428922830129,1.129859017315535,3
329,82.14177885428336,0.34148280101435347,1.1323690571525,3
330,82.14258413204202,0.34242557774072396,1.1348790969894649,3
331,82.14337803430595,0.3433712314374358,1.13738913682643,3
332,82.14416072176738,0.34431977110805406,1.1398991766633948,3
333,82.14493235284857,0.3452712057844866,1.1424092165003596,3
334,82.14569308373389,0.34622554452707366,1.1449192563373247,3
335,82.14644306840141,0.34718279642467725,1.1474292961742896,3
336,82.1471824586541,0.348142970594771,1.1499393360112546,3
337,82.1479114041505,0.3491060761835307,1.1524493758482195,3
338,82.1486300524351,0.35007212236592417,1.1549594156851843,3
339,82.14933854896809,0.35104111834580287,1.1574694555221494,3
340,82.1500370371549,0.352013073355992,1.1599794953591143,3
341,82.15072565837518,0.3529879966583826,1.1624895351960791,3
342,82.15140455201143,0.3539658975440227,1.164999575033044,3
343,82.15207385547721,0.35494678533320945,1.167509614870009,3
344,82.15273370424494,0.3559306693755813,1.170019654706974,3
345,82.15338423187335,0.35691755905021044,1.172529694543939,3
346,82.15402557003449,0.35790746376569554,1.1750397343809038,3
347,82.15465784854037,0.35890039296025494,1.1775497742178687,3
348,82.15528119536928,0.35989635610181986,1.1800598140548337,3
349,82.15589573669166,0.36089536268812833,1.1825698538917986,3
350,82.15650159689562,0.3618974222468188,1.1850798937287637,3
351,82.15709889861218,0.3629025443355247,1.1875899335657285,3
352,82.15768776274001,0.3639107385419688,1.1900999734026934,3
353,82.15826830846999,0.3649220144840581,1.1926100132396584,3
354,82.15884065330924,0.36593638180997906,1.1951200530766233,3
355,82.159404913105,0.3669538501982929,1.1976300929135884,3
356,82.15996120206802,0.3679744293580316,1.2001401327505532,3
357,82.16050963279567,0.36899812902879364,1.202650172587518,3
358,82.16105031629473,0.3700249589808405,1.2051602124244831,3
359,82.16158336200395,0.37105492901519344,1.207670252261448,3
360,82.16210887781607,0.3720880489637301,1.210180292098413,3
361,82.16262697009974,0.37312432868928225,1.212690331935378,3
362,82.16313774372102,0.37416377808573315,1.2152003717723427,3
363,82.16364130206462,0.3752064070781151,1.2177104116093078,3
364,82.16413774705481,0.37625222562270827,1.2202204514462727,3
365,82.16462717917608,0.3773012437071387,1.2227304912832377,3
366,82.16510969749345,0.37835347135047726,1.2252405311202026,3
367,82.1655853996725,0.379408918603339,1.2277505709571674,3
368,82.1660543819992,0.3804675955479821,1.2302606107941325,3
369,82.16651673939938,0.381529512298408,1.2327706506310974,3
370,82.16697256545791,0.38259467900046146,1.2352806904680622,3
371,82.16742195243765,0.38366310583193075,1.2377907303050273,3
372,82.16786499129817,0.38473480300264845,1.2403007701419921,3
373,82.1683017717141,0.3858097807545924,1.242810809978957,3
374,82.16873238209334,0.38688804936198723,1.245320849815922,3
375,82.16915690959492,0.3879696191314056,1.2478308896528871,3
376,82.1695754401466,0.38905450040187073,1.250340929489852,3
377,82.16998805846237,0.3901427035449583,1.252850969326817,3
378,82.1703948480595,0.391234238964899,1.2553610091637817,3
379,82.1707958912755,0.3923291170986818,1.2578710490007468,3
380,82.17119126928476,0.39342734841615695,1.2603810888377118,3
381,82.17158106211497,0.3945289434201399,1.2628911286746765,3
382,82.17196534866336,0.3956339126465146,1.2654011685116415,3
383,82.17234420671262,0.3967422666643384,1.2679112083486064,3
384,82.17271771294669,0.3978540160759463,1.2704212481855712,3
385,82.17308594296624,0.3989691715170558,1.2729312880225363,3
386,82.17344897130401,0.4000877436568724,1.2754413278595012,3
387,82.17380687143987,0.40120974319819475,1.277951367696466,3
388,82.17415971581569,0.40233518087752107,1.2804614075334313,3
389,82.17450757585001,0.40346406746515506,1.2829714473703961,3
390,82.17485052195255,0.4045964137653123,1.285481487207361,3
391,82.17518862353835,0.40573223061622754,1.287991527044326,3
392,82.17552194904188,0.4068715288902617,1.290501566881291,3
393,82.17585056593096,0.40801431949400974,1.2930116067182558,3
394,82.17617454072025,0.4091606133684079,1.2955216465552208,3
395,82.17649393898492,0.4103104214888428,1.2980316863921855,3
396,82.17680882537373,0.41146375486525943,1.3005417262291505,3
397,82.17711926362222,0.4126206245422705,1.3030517660661158,3
398,82.17742531656562,0.4137810415992654,1.3055618059030802,3
399,82.1777270461515,0.4149450171505199,1.3080718457400455,3
400,82.17802451345239,0.41611256234530636,1.3105818855770104,3
401,82.17831777867805,0.4172836883680038,1.3130919254139752,3
402,82.17860690118775,0.41845840643820864,1.3156019652509403,3
403,82.17889193950221,0.4196367278108457,1.3181120050879052,3
404,82.17917295131548,0.42081866377627963,1.32062204492487,3
405,82.17944999350664,0.42200422566042667,1.323132084761835,3
406,82.17972312215126,0.4231934248248664,1.3256421245988,3
407,82.17999239253278,0.4243862726669548,1.3281521644357648,3
408,82.18025785915371,0.42558278061993615,1.33066220427273,3
409,82.18051957574664,0.4267829601530572,1.333172244109695,3
410,82.18077759528511,0.42798682277167976,1.3356822839466598,3
411,82.18103196999436,0.42919438001739496,1.3381923237836248,3
412,82.18128275136189,0.4304056434681375,1.3407023636205895,3
413,82.18152999014788,0.43162062473830004,1.3432124034575545,3
414,82.18177373639546,0.4328393354788484,1.3457224432945196,3
415,82.18201403944083,0.43406178737743634,1.3482324831314842,3
416,82.18225094792327,0.4352879921585219,1.3507425229684493,3
417,82.18248450979496,0.4365179615834828,1.3532525628054142,3
418,82.18271477233074,0.4377517074507334,1.355762602642379,3
419,82.18294178213758,0.43898924159584074,1.358272642479344,3
420,82.1831655851641,0.44023057589164244,1.360782682316309,3
421,82.18338622670987,0.4414757222483636,1.363292722153274,3
422,82.18360375143449,0.44272469261373504,1.365802761990239,3
423,82.18381820336673,0.44397749897311123,1.368312801827204,3
424,82.18402962591338,0.44523415334958927,1.3708228416641688,3
425,82.18423806186811,0.44649466780412733,1.3733328815011339,3
426,82.18444355342001,0.44775905443566466,1.3758429213380987,3
427,82.18464614216224,0.4490273253812408,1.3783529611750636,3
428,82.1848458691004,0.45029949281611575,1.3808630010120286,3
429,82.18504277466081,0.4515755689538907,1.3833730408489933,3
430,82.18523689869879,0.4528555660466291,1.3858830806859583,3
431,82.18542828050658,0.45413949638497697,1.3883931205229236,3
432,82.18561695882143,0.45542737229828567,1.390903160359888,3
433,82.18580297183334,0.45671920615473316,1.3934132001968533,3
434,82.18598635719283,0.4580150103614466,1.3959232400338182,3
435,82.18616715201861,0.45931479736462544,1.398433279870783,3
436,82.186345392905,0.46061857964966385,1.400943319707748,3
437,82.1865211159294,0.4619263697412753,1.403453359544713,3
438,82.18669435665954,0.4632381802036155,1.4059633993816778,3
439,82.18686515016078,0.46455402364040754,1.4084734392186429,3
440,82.18703353100311,0.46587391269506623,1.4109834790556077,3
441,82.18719953326813,0.46719786005082303,1.4134935188925726,3
442,82.18736319055608,0.4685258784308521,1.4160035587295379,3
443,82.1875245359925,0.46985798059839595,1.4185135985665027,3
444,82.187683602235,0.4711941793568915,1.4210236384034676,3
445,82.18784042147989,0.4725344875500974,1.4235336782404326,3
446,82.18799502546865,0.4738789180622205,1.4260437180773973,3
447,82.18814744549437,0.4752274838180438,1.4285537579143623,3
448,82.1882977124081,0.4765801977830542,1.4310637977513272,3
449,82.18844585662507,0.4779370729635707,1.433573837588292,3
450,82.18859190813087,0.47929812240687353,1.4360838774252571,3
451,82.18873589648751,0.4806633592013327,1.438593917262222,3
452,82.18887785083939,0.482032796476538,1.4411039570991868,3
453,82.18901779991921,0.48340644740342886,1.443613996936152,3
454,82.18915577205382,0.48478432519442444,1.446124036773117,3
455,82.18929179516988,0.4861664431035548,1.4486340766100818,3
456,82.18942589679955,0.48755281442659176,1.4511441164470469,3
457,82.18955810408612,0.4889434525011805,1.4536541562840117,3
458,82.18968844378938,0.4903383707069718,1.4561641961209766,3
459,82.18981694229115,0.4917375824657543,1.4586742359579417,3
460,82.18994362560056,0.49314110124158733,1.4611842757949065,3
461,82.19006851935936,0.49454894054093446,1.4636943156318714,3
462,82.19019164884702,0.4959611139127964,1.4662043554688364,3
463,82.19031303898596,0.497377634948846,1.468714395305801,3
464,82.19043271434654,0.4987985172835623,1.4712244351427661,3
465,82.190550699152,0.5002237745943656,1.473734474979731,3
466,82.19066701728342,0.5016534206017531,1.4762445148166958,3
467,82.19078169228453,0.5030874690694338,1.4787545546536611,3
468,82.19089474736649,0.5045259338044656,1.481264594490626,3
469,82.19100620541253,0.505968828657392,1.4837746343275908,3
470,82.1911160889827,0.5074161675223786,1.486284674164556,3
471,82.19122442031829,0.5088679643373509,1.4887947140015207,3
472,82.19133122134646,0.5103242330841324,1.4913047538384856,3
473,82.1914365136846,0.5117849877885825,1.4938147936754507,3
474,82.1915403186447,0.5132502425207364,1.4963248335124155,3
475,82.19164265723774,0.5147200113949427,1.4988348733493804,3
476,82.19174355017789,0.5161943085700049,1.5013449131863457,3
477,82.19184301788668,0.5176731482493201,1.50385495302331,3
478,82.1919410804972,0.5191565446810207,1.5063649928602754,3
479,82.19203775785809,0.5206445121581141,1.5088750326972404,3
480,82.19213306953765,0.5221370650186261,1.511385072534205,3
481,82.19222703482771,0.5236342176457405,1.5138951123711701,3
482,82.19231967274762,0.5251359844679436,1.516405152208135,3
483,82.19241100204803,0.5266423799591655,1.5189151920450998,3
484,82.19250104121475,0.5281534186389244,1.521425231882065,3
485,82.19258980847243,0.5296691150724696,1.5239352717190298,3
486,82.19267732178827,0.5311894838709258,1.5264453115559946,3
487,82.19276359887566,0.5327145396914381,1.52895535139296,3
488,82.1928486571978,0.5342442972373166,1.5314653912299248,3
489,82.19293251397119,0.5357787712581826,1.5339754310668896,3
490,82.19301518616908,0.537317976550114,1.5364854709038547,3
491,82.19309669052502,0.5388619279557917,1.5389955107408195,3
492,82.19317704353617,0.5404106403646468,1.5415055505777844,3
493,82.19325626146659,0.5419641287130085,1.5440155904147492,3
494,82.19333436035063,0.5435224079842504,1.5465256302517143,3
495,82.19341135599616,0.545085493208941,1.5490356700886792,3
496,82.1934872639877,0.5466533994649901,1.551545709925644,3
497,82.19356209968967,0.5482261418778002,1.554055749762609,3
498,82.19363587824938,0.5498037356204146,1.556565789599574,3
499,82.19370861460024,0.5513861959136686,1.559075829436539,3
500,82.19378032346465,0.5529735380263399,1.5615858692735038,3
501,82.19385101935708,0.5545657772752994,1.564095909110469,3
502,82.19392071658694,0.5561629290256632,1.5666059489474338,3
503,82.19398942926153,0.5577650086909447,1.5691159887843986,3
504,82.19405717128883,0.5593720317332068,1.5716260286213637,3
505,82.19412395638038,0.5609840136632154,1.5741360684583285,3
506,82.19418979805403,0.562600970040593,1.5766461082952934,3
507,82.19425470963665,0.5642229164739717,1.5791561481322585,3
508,82.19431870426689,0.5658498686211495,1.5816661879692233,3
509,82.19438179489777,0.5674818421892437,1.5841762278061882,3
510,82.19444399429933,0.5691188529348469,1.586686267643153,3
511,82.19450531506125,0.5707609166641835,1.5891963074801183,3
512,82.19456576959534,0.5724080492332655,1.5917063473170832,3
513,82.1946253701381,0.5740602665480494,1.594216387154048,3
514,82.19468412875314,0.5757175845645947,1.596726426991013,3
515,82.19474205733368,0.5773800192892202,1.599236466827978,3
516,82.19479916760494,0.5790475867786639,1.6017465066649428,3
517,82.19485547112652,0.5807203031402413,1.6042565465019076,3
518,82.19491097929466,0.5823981845320051,1.6067665863388727,3
519,82.1949657033447,0.5840812471629047,1.6092766261758376,3
520,82.19501965435323,0.5857695072929471,1.6117866660128024,3
521,82.19507284324035,0.5874629812333578,1.6142967058497677,3
522,82.19512528077193,0.5891616853467424,1.6168067456867325,3
523,82.19517697756176,0.5908656360472478,1.6193167855236974,3
524,82.19522794407366,0.5925748498007262,1.6218268253606625,3
525,82.1952781906237,0.5942893431248961,1.6243368651976273,3
526,82.19532772738216,0.5960091325895077,1.6268469050345922,3
527,82.19537656437569,0.597734234816506,1.629356944871557,3
528,82.1954247114893,0.5994646664801954,1.631866984708522,3
529,82.19547217846834,0.6012004443074048,1.634377024545487,3
530,82.1955189749205,0.6029415850776536,1.6368870643824518,3
531,82.1955651103178,0.6046881056233168,1.639397104219417,3
532,82.19561059399838,0.606440022829793,1.641907144056382,3
533,82.19565543516852,0.6081973536356708,1.6444171838933468,3
534,82.19569964290443,0.6099601150328963,1.6469272237303116,3
535,82.19574322615412,0.6117283240669416,1.6494372635672767,3
536,82.19578619373918,0.6135019978369736,1.6519473034042416,3
537,82.19582855435662,0.6152811534960233,1.6544573432412064,3
538,82.19587031658054,0.6170658082511556,1.6569673830781715,3
539,82.19591148886397,0.6188559793636393,1.6594774229151363,3
540,82.19595207954052,0.6206516841491186,1.6619874627521012,3
541,82.19599209682605,0.6224529399777843,1.664497502589066,3
542,82.19603154882039,0.6242597642745447,1.667007542426031,3
543,82.19607044350894,0.6260721745192005,1.669517582262996,3
544,82.19610878876432,0.6278901882466154,1.6720276220999608,3
545,82.1961465923479,0.629713823046891,1.674537661936926,3
546,82.19618386191142,0.6315430965655412,1.677047701773891,3
547,82.19622060499857,0.6333780265036655,1.6795577416108558,3
548,82.19625682904642,0.6352186306181256,1.6820677814478209,3
549,82.19629254138702,0.6370649267217207,1.6845778212847857,3
550,82.19632774924885,0.6389169326833639,1.6870878611217506,3
551,82.19636245975826,0.6407746664282591,1.6895979009587154,3
552,82.19639667994092,0.6426381459380784,1.6921079407956805,3
553,82.19643041672329,0.6445073892511399,1.6946179806326453,3
554,82.19646367693394,0.6463824144625872,1.6971280204696102,3
555,82.19649646730505,0.6482632397245672,1.6996380603065755,3
556,82.19652879447362,0.6501498832464112,1.7021481001435403,3
557,82.19656066498295,0.652042363294814,1.7046581399805052,3
558,82.19659208528387,0.6539406981940157,1.70716817981747,3
559,82.19662306173612,0.6558449063259824,1.7096782196544351,3
560,82.19665360060958,0.6577550061305885,1.7121882594914,3
561,82.19668370808556,0.6596710161057994,1.7146982993283648,3
562,82.19671339025805,0.6615929548078545,1.7172083391653299,3
563,82.19674265313498,0.6635208408514508,1.7197183790022947,3
564,82.19677150263938,0.6654546929099275,1.7222284188392596,3
565,82.19679994461062,0.6673945297154504,1.7247384586762249,3
566,82.1968279848056,0.669340370059198,1.7272484985131897,3
567,82.19685562889985,0.6712922327915471,1.7297585383501546,3
568,82.19688288248881,0.6732501368222594,1.7322685781871194,3
569,82.19690975108878,0.6752141011206693,1.7347786180240845,3
570,82.1969362401382,0.6771841447158707,1.7372886578610494,3
571,82.19696235499866,0.6791602866969065,1.7397986976980142,3
572,82.19698810095603,0.681142546212957,1.7423087375349793,3
573,82.19701348322151,0.6831309424735293,1.7448187773719441,3
574,82.19703850693264,0.6851254947486484,1.747328817208909,3
575,82.19706317715445,0.6871262223690469,1.7498388570458738,3
576,82.19708749888038,0.6891331447263568,1.752348896882839,3
577,82.19711147703335,0.6911462812733019,1.754858936719804,3
578,82.19713511646673,0.6931656515238902,1.7573689765567688,3
579,82.19715842196533,0.6951912750536067,1.759879016393734,3
580,82.19718139824637,0.6972231714996077,1.7623890562306987,3
581,82.19720404996045,0.6992613605609147,1.7648990960676636,3
582,82.19722638169243,0.7013058619986108,1.7674091359046287,3
583,82.19724839796245,0.703356695636034,1.7699191757415935,3
584,82.1972701032268,0.705413881358976,1.7724292155785584,3
585,82.19729150187877,0.7074774391158771,1.7749392554155232,3
586,82.19731259824964,0.7095473889180255,1.7774492952524883,3
587,82.19733339660947,0.7116237508397535,1.7799593350894531,3
588,82.19735390116803,0.7137065450186382,1.782469374926418,3
589,82.1973741160756,0.7157957916556991,1.7849794147633833,3
590,82.19739404542385,0.7178915110155996,1.7874894546003481,3
591,82.19741369324662,0.7199937234268469,1.789999494437313,3
592,82.1974330635208,0.7221024492819932,1.7925095342742778,3
593,82.19745216016712,0.7242177090378381,1.795019574111243,3
594,82.19747098705085,0.726339523215631,1.7975296139482078,3
595,82.19748954798271,0.7284679124012738,1.8000396537851726,3
596,82.19750784671962,0.7306028972455254,1.8025496936221377,3
597,82.19752588696534,0.732744498464206,1.8050597334591025,3
598,82.19754367237141,0.734892736838402,1.8075697732960674,3
599,82.1975612065377,0.7370476332146716,1.8100798131330322,3
600,82.1975784930133,0.7392092085052521,1.8125898529699975,3
601,82.1975955352971,0.7413774836882658,1.8150998928069624,3
602,82.19761233683862,0.7435524798079293,1.8176099326439272,3
603,82.19762890103861,0.7457342179747595,1.8201199724808923,3
604,82.19764523124982,0.7479227193657851,1.8226300123178572,3
605,82.1976613307776,0.7501180052247549,1.825140052154822,3
606,82.19767720288064,0.7523200968623485,1.827650091991787,3
607,82.19769285077156,0.7545290156563871,1.830160131828752,3
608,82.19770827761764,0.7567447830520455,1.8326701716657168,3
609,82.19772348654138,0.7589674205620647,1.8351802115026816,3
610,82.19773848062121,0.7611969497669637,1.837690251339647,3
611,82.19775326289202,0.7634333923152551,1.8402002911766118,3
612,82.1977678363459,0.7656767699236575,1.8427103310135766,3
613,82.19778220393262,0.767927104377312,1.8452203708505417,3
614,82.19779636856028,0.7701844175299973,1.8477304106875065,3
615,82.19781033309593,0.772448731304346,1.8502404505244714,3
616,82.1978241003661,0.7747200676920617,1.8527504903614362,3
617,82.19783767315741,0.7769984487541377,1.8552605301984013,3
618,82.19785105421708,0.7792838966210736,1.8577705700353662,3
619,82.19786424625356,0.7815764334930964,1.860280609872331,3
620,82.19787725193702,0.7838760816403791,1.862790649709296,3
621,82.19789007389991,0.7861828634032617,1.865300689546261,3
622,82.19790271473752,0.788496801192472,1.8678107293832258,3
623,82.19791517700843,0.7908179174893484,1.870320769220191,3
624,82.19792746323512,0.7931462348460613,1.872830809057156,3
625,82.19793957590443,0.7954817758858376,1.8753408488941208,3
626,82.19795151746804,0.7978245633031837,1.8778508887310856,3
627,82.19796329034303,0.8001746198641115,1.8803609285680507,3
628,82.19797489691233,0.8025319684063624,1.8828709684050156,3
629,82.19798633952519,0.8048966318396342,1.8853810082419804,3
630,82.1979976204977,0.807268633145808,1.8878910480789455,3
631,82.19800874211322,0.8096479953791761,1.8904010879159103,3
632,82.19801970662284,0.812034741666669,1.8929111277528752,3
633,82.1980305162459,0.8144288952080859,1.89542116758984,3
634,82.1980411731703,0.8168304792763237,1.8979312074268053,3
635,82.19805167955313,0.8192395172176075,1.9004412472637702,3
636,82.19806203752096,0.8216560324517219,1.902951287100735,3
637,82.19807224917031,0.8240800484722436,1.9054613269377,3
638,82.19808231656812,0.8265115888467719,1.907971366774665,3
639,82.19809224175211,0.8289506772171649,1.9104814066116298,3
640,82.1981020267312,0.8313973372997716,1.9129914464485949,3
641,82.19811167348597,0.8338515928856676,1.9155014862855597,3
642,82.19812118396898,0.8363134678408904,1.9180115261225246,3
643,82.19813056010526,0.8387829861066762,1.9205215659594894,3
644,82.19813980379257,0.8412601716996962,1.9230316057964547,3
645,82.19814891690196,0.8437450487122953,1.9255416456334196,3
646,82.19815790127795,0.84623764131273,1.9280516854703844,3
647,82.19816675873908,0.8487379737454082,1.9305617253073495,3
648,82.19817549107816,0.8512460703311292,1.9330717651443143,3
649,82.19818410006269,0.8537619554673244,1.9355818049812792,3
650,82.19819258743519,0.8562856536282983,1.938091844818244,3
651,82.19820095491357,0.8588171893654726,1.940601884655209,3
652,82.1982092041915,0.8613565873076278,1.943111924492174,3
653,82.19821733693868,0.8639038721611473,1.9456219643291388,3
654,82.19822535480125,0.866459068710263,1.9481320041661039,3
655,82.19823325940209,0.8690222018172997,1.950642044003069,3
656,82.19824105234115,0.8715932964229217,1.9531520838400338,3
657,82.19824873519579,0.87417237754638,1.9556621236769987,3
658,82.19825630952107,0.8767594702857598,1.9581721635139637,3
659,82.19826377685011,0.8793545998182289,1.9606822033509286,3
660,82.19827113869435,0.8819577914002877,1.9631922431878934,3
661,82.1982783965439,0.8845690703680187,1.9657022830248585,3
662,82.19828555186778,0.8871884621373375,1.9682123228618233,3
663,82.19829260611431,0.8898159922042446,1.9707223626987882,3
664,82.1982995607113,0.8924516861450783,1.9732324025357533,3
665,82.19830641706646,0.8950955696167671,1.9757424423727181,3
666,82.19831317656752,0.8977476683570847,1.978252482209683,3
667,82.19831984058271,0.9004080081849042,1.9807625220466478,3
668,82.19832641046084,0.9030766150004543,1.9832725618836131,3
669,82.19833288753172,0.9057535147855755,1.985782601720578,3
670,82.19833927310636,0.9084387336039774,1.9882926415575428,3
671,82.19834556847725,0.9111322976014972,1.990802681394508,3
672,82.19835177491863,0.9138342330063581,1.9933127212314727,3
673,82.19835789368675,0.9165445661294293,1.9958227610684376,3
674,82.19836392602006,0.9192633233644871,1.9983328009054024,3
675,82.19836987313957,0.9219905311884751,2.0008428407423677,3
676,82.19837573624903,0.9247262161617674,2.0033528805793326,3
677,82.19838151653519,0.9274704049284316,2.0058629204162974,3
678,82.19838721516801,0.930223124216492,2.0083729602532623,3
679,82.19839283330094,0.932984400838195,2.010883000090227,3
680,82.19839837207114,0.9357542616902743,2.013393039927192,3
681,82.19840383259971,0.9385327337542176,2.0159030797641573,3
682,82.19840921599189,0.9413198440965332,2.018413119601122,3
683,82.19841452333732,0.9441156198690184,2.020923159438087,3
684,82.19841975571028,0.946920088309029,2.023433199275052,3
685,82.1984249141698,0.9497332767397478,2.025943239112017,3
686,82.19842999976002,0.9525552125704566,2.028453278948982,3
687,82.19843501351032,0.9553859232968065,2.030963318785947,3
688,82.1984399564355,0.9582254365010907,2.0334733586229117,3
689,82.19844482953603,0.961073779852518,2.0359833984598765,3
690,82.1984496337983,0.9639309811074862,2.0384934382968414,3
691,82.19845437019472,0.9667970681098574,2.0410034781338062,3
692,82.19845903968398,0.9696720687912335,2.0435135179707715,3
693,82.19846364321121,0.9725560111712335,2.0460235578077364,3
694,82.19846818170822,0.9754489233577698,2.048533597644701,3
695,82.19847265609361,0.9783508335473274,2.0510436374816665,3
696,82.19847706727306,0.9812617700252441,2.0535536773186314,3
697,82.19848141613942,0.984181761165988,2.056063717155596,3
698,82.19848570357291,0.9871108354334414,2.058573756992561,3
699,82.19848993044138,0.9900490213811806,2.061083796829526,3
700,82.19849409760036,0.9929963476527602,2.0635938366664908,3
701,82.19849820589332,0.9959528429819953,2.0661038765034556,3
702,82.19850225615181,0.9989185361932479,2.068613916340421,3
703,82.19850624919565,1.0018934562017103,2.0711239561773858,3
704,82.19851018583306,1.0048776320136938,2.0736339960143506,3
705,82.19851406686082,1.0078710927269139,2.076144035851316,3
706,82.1985178930645,1.0108738675307793,2.0786540756882808,3
707,82.19852166521858,1.0138859857066818,2.0811641155252456,3
708,82.19852538408654,1.0169074766282848,2.0836741553622105,3
709,82.19852905042112,1.0199383697618154,2.0861841951991753,3
710,82.1985326649644,1.022978694666356,2.08869423503614,3
711,82.19853622844802,1.0260284809941362,2.091204274873105,3
712,82.19853974159325,1.0290877584908285,2.0937143147100703,3
713,82.19854320511116,1.0321565569958397,2.096224354547035,3
714,82.19854661970282,1.0352349064426105,2.098734394384,3
715,82.19854998605936,1.0383228368589084,2.101244434220965,3
716,82.19855330486216,1.0414203783671265,2.1037544740579297,3
717,82.19855657678298,1.0445275611845835,2.106264513894895,3
718,82.19855980248406,1.0476444156238192,2.10877455373186,3
719,82.19856298261831,1.0507709720928984,2.1112845935688247,3
720,82.19856611782944,1.05390726109571,2.1137946334057895,3
721,82.19856920875203,1.0570533132322701,2.1163046732427544,3
722,82.1985722560117,1.0602091591990244,2.1188147130797197,3
723,82.19857526022525,1.0633748297891525,2.1213247529166845,3
724,82.19857822200075,1.0665503558928737,2.1238347927536494,3
725,82.1985811419377,1.0697357684977509,2.1263448325906142,3
726,82.1985840206271,1.0729310986890002,2.128854872427579,3
727,82.19858685865162,1.0761363776497965,2.131364912264544,3
728,82.19858965658571,1.0793516366615832,2.133874952101509,3
729,82.1985924149957,1.0825769071043831,2.136384991938474,3
730,82.19859513443991,1.0858122204571075,2.138895031775439,3
731,82.19859781546877,1.0890576082978685,2.141405071612404,3
732,82.19860045862495,1.0923131023042927,2.1439151114493686,3
733,82.19860306444345,1.095578734253834,2.146425151286334,3
734,82.19860563345169,1.098854536024088,2.148935191123299,3
735,82.19860816616966,1.1021405395931096,2.1514452309602636,3
736,82.19861066311003,1.1054367770397275,2.1539552707972285,3
737,82.19861312477818,1.1087432805438628,2.1564653106341933,3
738,82.19861555167238,1.1120600823868492,2.158975350471158,3
739,82.19861794428382,1.11538721495175,2.1614853903081235,3
740,82.19862030309685,1.1187247107236813,2.1639954301450883,3
741,82.19862262858884,1.1220726022901317,2.166505469982053,3
742,82.19862492123053,1.1254309223412868,2.169015509819018,3
743,82.19862718148597,1.128799703670353,2.1715255496559833,3
744,82.19862940981265,1.1321789791738803,2.174035589492948,3
745,82.19863160666159,1.13556878185209,2.176545629329913,3
746,82.19863377247745,1.1389691448092019,2.179055669166878,3
747,82.19863590769863,1.1423801012537598,2.1815657090038427,3
748,82.1986380127573,1.1458016844989631,2.1840757488408076,3
749,82.19864008807953,1.149233927962996,2.1865857886777724,3
750,82.1986421340854,1.1526768651693566,2.1890958285147377,3
751,82.19864415118903,1.1561305297471922,2.1916058683517026,3
752,82.19864613979871,1.15959495543163,2.1941159081886674,3
753,82.19864810031693,1.163070176064112,2.1966259480256327,3
754,82.19865003314054,1.1665562255927304,2.1991359878625976,3
755,82.19865193866073,1.1700531380725634,2.2016460276995624,3
756,82.19865381726322,1.1735609476660134,2.2041560675365273,3
757,82.19865566932823,1.1770796886431438,2.206666107373492,3
758,82.19865749523066,1.1806093953820207,2.209176147210457,3
759,82.19865929534006,1.184150102369051,2.211686187047422,3
760,82.1986610700208,1.1877018441993257,2.214196226884387,3
761,82.19866281963209,1.1912646555769624,2.216706266721352,3
762,82.19866454452807,1.1948385713154481,2.219216306558317,3
763,82.19866624505786,1.1984236263379848,2.221726346395282,3
764,82.19866792156567,1.202019855677836,2.224236386232247,3
765,82.19866957439085,1.205627294478672,2.226746426069212,3
766,82.19867120386792,1.2092459779949192,2.2292564659061767,3
767,82.19867281032671,1.2128759415921098,2.2317665057431415,3
768,82.19867439409238,1.216517220747231,2.2342765455801064,3
769,82.1986759554855,1.2201698510490764,2.236786585417071,3
770,82.1986774948221,1.2238338681986,2.2392966252540365,3
771,82.19867901241378,1.2275093080092685,2.2418066650910013,3
772,82.19868050856769,1.2311962064074158,2.244316704927966,3
773,82.19868198358665,1.2348945994325997,2.246826744764931,3
774,82.19868343776925,1.2386045232379594,2.2493367846018963,3
775,82.19868487140981,1.2423260140905716,2.251846824438861,3
776,82.19868628479851,1.2460591083718124,2.254356864275826,3
777,82.19868767822143,1.2498038425777154,2.256866904112791,3
778,82.19868905196063,1.2535602533193344,2.2593769439497557,3
779,82.19869040629413,1.2573283773231052,2.2618869837867206,3
780,82.19869174149608,1.2611082514312115,2.264397023623686,3
781,82.19869305783673,1.2648999126019465,2.2669070634606507,3
782,82.19869435558253,1.2687033979100821,2.2694171032976156,3
783,82.19869563499616,1.2725187445472348,2.2719271431345804,3
784,82.19869689633654,1.276345989822233,2.2744371829715457,3
785,82.19869813985902,1.2801851711614893,2.2769472228085106,3
786,82.19869936581529,1.2840363261093695,2.2794572626454754,3
787,82.19870057445347,1.2878994923285636,2.2819673024824403,3
788,82.19870176601822,1.2917747076004604,2.284477342319405,3
789,82.19870294075072,1.2956620098255223,2.28698738215637,3
790,82.19870409888875,1.299561437023659,2.289497421993335,3
791,82.19870524066671,1.3034730273346053,2.2920074618303,3
792,82.19870636631572,1.307396819018298,2.294517501667265,3
793,82.19870747606362,1.3113328504552562,2.29702754150423,3
794,82.19870857013501,1.3152811601469596,2.2995375813411947,3
795,82.19870964875136,1.3192417867162327,2.30204762117816,3
796,82.198710712131,1.3232147689076244,2.304557661015125,3
797,82.19871176048915,1.3272001455877929,2.3070677008520897,3
798,82.19871279403799,1.3311979557458922,2.3095777406890545,3
799,82.19871381298675,1.3352082384939563,2.3120877805260194,3
800,82.19871481754167,1.3392310330672876,2.3145978203629842,3
0,75.50885666791125,0.24561648241409245,0.34493079320404585,4
1,75.58125881731833,0.24612530881388808,0.3475889063276278,4
2,75.65243344756816,0.2466353368698101,0.35024701945120973,4
3,75.72240137024288,0.24714656952768863,0.35290513257479167,4
4,75.79118304408135,0.2476590097406449,0.35556324569837366,4
5,75.85879858096122,0.24817266046910907,0.3582213588219556,4
6,75.92526775177974,0.2486875246808385,0.3608794719455375,4
7,75.99060999223481,0.24920360535093583,0.36353758506911943,4
8,76.05484440850793,0.24972090546186732,0.36619569819270137,4
9,76.11798978285101,0.25023942800348103,0.36885381131628336,4
10,76.18006457907819,0.2507591759730251,0.3715119244398653,4
11,76.2410869479648,0.25128015237516627,0.37417003756344724,4
12,76.30107473255462,0.2518023602220081,0.3768281506870292,4
13,76.36004547337726,0.2523258025331096,0.3794862638106111,4
14,76.41801641357698,0.25285048233550345,0.38214437693419306,4
15,76.47500450395466,0.25337640266371486,0.384802490057775,4
16,76.53102640792424,0.2539035665597801,0.387460603181357,4
17,76.58609850638513,0.25443197707326476,0.39011871630493894,4
18,76.64023690251196,0.25496163726128296,0.3927768294285208,4
19,76.69345742646327,0.25549255018851585,0.39543494255210276,4
20,76.7457756400102,0.2560247189272303,0.3980930556756847,4
21,76.79720684108678,0.2565581465572977,0.4007511687992667,4
22,76.84776606826316,0.25709283616621303,0.40340928192284864,4
23,76.89746810514279,0.2576287908491137,0.4060673950464306,4
24,76.94632748468526,0.25816601370879844,0.4087255081700125,4
25,76.99435849345569,0.25870450785574617,0.41138362129359446,4
26,77.04157517580225,0.2592442764081356,0.4140417344171764,4
27,77.08799133796263,0.25978532249186354,0.4166998475407583,4
28,77.13362055210109,0.2603276492405647,0.41935796066434033,4
29,77.17847616027697,0.2608712597956306,0.4220160737879223,4
30,77.22257127834588,0.2614161573062289,0.42467418691150416,4
31,77.26591879979487,0.26196234492932263,0.4273323000350861,4
32,77.30853139951249,0.26250982582968957,0.42999041315866804,4
33,77.35042153749488,0.26305860317994156,0.43264852628225003,4
34,77.3916014624892,0.2636086801605442,0.435306639405832,4
35,77.43208321557509,0.2641600599598358,0.4379647525294139,4
36,77.47187863368559,0.26471274577404763,0.44062286565299585,4
37,77.51099935306819,0.26526674080732293,0.4432809787765778,4
38,77.54945681268735,0.26582204827173667,0.44593909190015973,4
39,77.58726225756925,0.2663786713873154,0.4485972050237416,4
40,77.62442674208988,0.2669366133820569,0.45125531814732356,4
41,77.66096113320731,0.26749587749194975,0.4539134312709056,4
42,77.69687611363925,0.2680564669609936,0.4565715443944875,4
43,77.73218218498667,0.2686183850412185,0.45922965751806943,4
44,77.76688967080449,0.2691816349927053,0.4618877706416514,4
45,77.80100871962021,0.2697462200836053,0.46454588376523337,4
46,77.83454930790138,0.27031214359016054,0.4672039968888153,4
47,77.86752124297271,0.2708794087967236,0.46986211001239725,4
48,77.8999341658837,0.2714480189957778,0.4725202231359792,4
49,77.93179755422781,0.27201797748795764,0.47517833625956113,4
50,77.96312072491364,0.2725892875820687,0.47783644938314307,4
51,77.99391283688921,0.2731619525951079,0.48049456250672495,4
52,78.02418289382013,0.27373597585228415,0.4831526756303069,4
53,78.05393974672218,0.2743113606870384,0.4858107887538889,4
54,78.08319209654944,0.27488811044106415,0.48846890187747083,4
55,78.11194849673844,0.2754662284643281,0.49112701500105277,4
56,78.14021735570918,0.27604571811509054,0.4937851281246347,4
57,78.16800693932382,0.2766265827599256,0.49644324124821665,4
58,78.19532537330355,0.2772088257737427,0.49910135437179864,4
59,78.22218064560464,0.27779245053980617,0.5017594674953806,4
60,78.2485806087541,0.2783774604497571,0.5044175806189625,4
61,78.27453298214576,0.2789638589036332,0.5070756937425445,4
62,78.30004535429745,0.27955164930989,0.5097338068661263,4
63,78.32512518506994,0.280140835085422,0.5123919199897083,4
64,78.34977980784808,0.280731419655583,0.5150500331132902,4
65,78.37401643168528,0.28132340645420767,0.5177081462368722,4
66,78.3978421434113,0.28191679892363225,0.5203662593604542,4
67,78.42126390970448,0.28251160051471563,0.5230243724840361,4
68,78.4442885791289,0.28310781468686097,0.5256824856076181,4
69,78.4669228841368,0.28370544490803606,0.5283405987312001,4
70,78.48917344303722,0.2843044946547954,0.530998711854782,4
71,78.51104676193117,0.284904967412301,0.5336568249783639,4
72,78.53254923661407,0.28550686667434383,0.5363149381019459,4
73,78.55368715444587,0.2861101959433655,0.5389730512255277,4
74,78.57446669618943,0.2867149587304793,0.5416311643491097,4
75,78.5948939378179,0.287321158555492,0.5442892774726916,4
76,78.61497485229125,0.2879287989469254,0.5469473905962736,4
77,78.63471531130281,0.2885378834420378,0.5496055037198555,4
78,78.65412108699614,0.28914841558684573,0.5522636168434375,4
79,78.67319785365287,0.2897603989361459,0.5549217299670195,4
80,78.69195118935178,0.29037383705353675,0.5575798430906014,4
81,78.71038657759995,0.29098873351144017,0.5602379562141834,4
82,78.72850940893605,0.2916050918911238,0.5628960693377654,4
83,78.74632498250656,0.2922229157827227,0.5655541824613473,4
84,78.76383850761535,0.2928422087852612,0.5682122955849291,4
85,78.78105510524674,0.2934629745066754,0.5708704087085111,4
86,78.79797980956295,0.2940852165638349,0.573528521832093,4
87,78.81461756937614,0.2947089385825652,0.576186634955675,4
88,78.8309732495954,0.2953341441976697,0.5788447480792569,4
89,78.84705163264927,0.29596083705295206,0.5815028612028389,4
90,78.86285741988411,0.2965890208012388,0.5841609743264209,4
91,78.87839523293883,0.29721869910440124,0.5868190874500028,4
92,78.89366961509623,0.2978498756333783,0.5894772005735847,4
93,78.90868503261146,0.2984825540681986,0.5921353136971668,4
94,78.92344587601796,0.2991167380980037,0.5947934268207486,4
95,78.93795646141133,0.29975243142106983,0.5974515399443305,4
96,78.95222103171122,0.3003896377448313,0.6001096530679125,4
97,78.9662437579021,0.3010283607859028,0.6027677661914944,4
98,78.98002874025283,0.30166860427010234,0.6054258793150764,4
99,78.99358000951553,0.30231037193247395,0.6080839924386583,4
100,79.00690152810422,0.3029536675173109,0.6107421055622403,4
101,79.01999719125347,0.3035984947781782,0.6134002186858222,4
102,79.0328708281573,0.3042448574779359,0.6160583318094041,4
103,79.0455262030889,0.3048927593887621,0.6187164449329862,4
104,79.0579670165013,0.30554220429217605,0.621374558056568,4
105,79.07019690610935,0.30619319597906125,0.6240326711801499,4
106,79.08221944795343,0.30684573824968886,0.6266907843037319,4
107,79.09403815744513,0.30749983491374083,0.6293488974273139,4
108,79.10565649039505,0.3081554897903333,0.6320070105508958,4
109,79.11707784402338,0.3088127067080402,0.6346651236744778,4
110,79.12830555795324,0.30947148950491615,0.6373232367980597,4
111,79.13934291518713,0.31013184202852073,0.6399813499216417,4
112,79.15019314306699,0.3107937681359417,0.6426394630452236,4
113,79.16085941421775,0.31145727169381837,0.6452975761688055,4
114,79.17134484747515,0.31212235657836573,0.6479556892923874,4
115,79.1816525087976,0.31278902667539815,0.6506138024159694,4
116,79.19178541216266,0.31345728588035304,0.6532719155395513,4
117,79.20174652044842,0.3141271380983147,0.6559300286631333,4
118,79.21153874629978,0.3147985872440385,0.6585881417867153,4
119,79.2211649529801,0.3154716372419746,0.6612462549102972,4
120,79.2306279552085,0.3161462920262921,0.6639043680338792,4
121,79.23993051998283,0.3168225555409034,0.6665624811574611,4
122,79.24907536738876,0.31750043173948794,0.6692205942810431,4
123,79.25806517139509,0.31817992458551675,0.671878707404625,4
124,79.26690256063573,0.3188610380522766,0.674536820528207,4
125,79.27559011917822,0.31954377612289453,0.6771949336517888,4
126,79.28413038727936,0.32022814279036205,0.6798530467753707,4
127,79.29252586212797,0.3209141420575596,0.6825111598989527,4
128,79.3007789985751,0.3216017779372814,0.6851692730225347,4
129,79.30889220985179,0.32229105445225975,0.6878273861461166,4
130,79.31686786827471,0.3229819756351897,0.6904854992696985,4
131,79.3247083059399,0.32367454552875413,0.6931436123932805,4
132,79.33241581540453,0.3243687681856479,0.6958017255168625,4
133,79.33999265035743,0.32506464766860327,0.6984598386404445,4
134,79.34744102627793,0.32576218805041457,0.7011179517640264,4
135,79.35476312108376,0.3264613934139631,0.7037760648876084,4
136,79.36196107576778,0.3271622678522423,0.7064341780111902,4
137,79.36903699502413,0.3278648154683827,0.7090922911347721,4
138,79.37599294786355,0.3285690403756774,0.7117504042583542,4
139,79.3828309682184,0.32927494669760676,0.7144085173819362,4
140,79.3895530555374,0.3299825385678641,0.7170666305055181,4
141,79.39616117537024,0.3306918201303808,0.7197247436291001,4
142,79.40265725994232,0.3314027955393519,0.722382856752682,4
143,79.40904320871974,0.33211546895926153,0.7250409698762639,4
144,79.41532088896471,0.3328298445649082,0.7276990829998459,4
145,79.42149213628157,0.3335459265414308,0.7303571961234278,4
146,79.42755875515346,0.3342637190843337,0.7330153092470097,4
147,79.43352251946997,0.3349832263995133,0.7356734223705916,4
148,79.43938517304588,0.33570445270328275,0.7383315354941735,4
149,79.445148430131,0.3364274022223987,0.7409896486177555,4
150,79.45081397591143,0.337152079194087,0.7436477617413374,4
151,79.45638346700235,0.3378784878660684,0.7463058748649194,4
152,79.46185853193235,0.3386066324965845,0.7489639879885013,4
153,79.46724077161969,0.33933651735442455,0.7516221011120833,4
154,79.47253175984032,0.3400681467189509,0.7542802142356652,4
155,79.47773304368816,0.34080152488012566,0.756938327359247,4
156,79.48284614402739,0.34153665613853673,0.7595964404828291,4
157,79.48787255593719,0.3422735448054244,0.7622545536064111,4
158,79.49281374914891,0.34301219520270754,0.764912666729993,4
159,79.49767116847576,0.3437526116630104,0.767570779853575,4
160,79.5024462342354,0.3444947985296889,0.7702288929771569,4
161,79.50714034266511,0.3452387601568575,0.7728870061007388,4
162,79.51175486633012,0.34598450090941546,0.7755451192243209,4
163,79.51629115452496,0.3467320251630741,0.7782032323479029,4
164,79.52075053366796,0.3474813373043837,0.7808613454714848,4
165,79.52513430768911,0.34823244173075957,0.7835194585950667,4
166,79.52944375841138,0.34898534285050986,0.7861775717186487,4
167,79.53368014592539,0.3497400450828625,0.7888356848422305,4
168,79.53784470895803,0.3504965528579917,0.7914937979658125,4
169,79.54193866523458,0.35125487061704574,0.7941519110893944,4
170,79.54596321183476,0.3520150028121739,0.7968100242129764,4
171,79.5499195255428,0.35277695390655384,0.7994681373365583,4
172,79.55380876319153,0.35354072837441897,0.8021262504601402,4
173,79.5576320620006,0.35430633070108575,0.8047843635837222,4
174,79.56139053990903,0.35507376538298147,0.8074424767073041,4
175,79.56508529590212,0.3558430369276715,0.8101005898308861,4
176,79.56871741033277,0.3566141498538873,0.812758702954468,4
177,79.57228794523738,0.3573871086915536,0.8154168160780499,4
178,79.57579794464638,0.35816191798181674,0.8180749292016318,4
179,79.57924843488955,0.3589385822770721,0.8207330423252137,4
180,79.58264042489604,0.35971710614099234,0.8233911554487958,4
181,79.5859749064895,0.36049749414855503,0.8260492685723778,4
182,79.58925285467792,0.3612797508860711,0.8287073816959597,4
183,79.59247522793895,0.36206388095121256,0.8313654948195417,4
184,79.59564296849996,0.3628498889530409,0.8340236079431236,4
185,79.59875700261362,0.3636377795120355,0.8366817210667055,4
186,79.6018182408288,0.3644275572601218,0.8393398341902876,4
187,79.6048275782567,0.3652192268406994,0.8419979473138696,4
188,79.60778589483269,0.36601279290867117,0.8446560604374515,4
189,79.61069405557353,0.3668082601304712,0.8473141735610333,4
190,79.61355291083034,0.36760563318409384,0.8499722866846153,4
191,79.6163632965372,0.3684049167591223,0.8526303998081972,4
192,79.61912603445569,0.3692061155567571,0.8552885129317792,4
193,79.621841932415,0.3700092342898453,0.8579466260553611,4
194,79.6245117845483,0.37081427768290903,0.8606047391789431,4
195,79.62713637152487,0.3716212504721749,0.863262852302525,4
196,79.62971646077838,0.3724301574056027,0.8659209654261069,4
197,79.63225280673129,0.3732410032429145,0.8685790785496889,4
198,79.63474615101542,0.37405379275562406,0.8712371916732707,4
199,79.63719722268888,0.37486853072706605,0.8738953047968527,4
200,79.63960673844915,0.37568522195242515,0.8765534179204346,4
201,79.64197540284272,0.37650387123876594,0.8792115310440166,4
202,79.64430390847106,0.37732448340506153,0.8818696441675985,4
203,79.64659293619314,0.378147063282224,0.8845277572911804,4
204,79.64884315532456,0.378971615713134,0.8871858704147624,4
205,79.65105522383318,0.3797981455526692,0.8898439835383445,4
206,79.65322978853156,0.3806266576677359,0.8925020966619264,4
207,79.65536748526611,0.38145715693729737,0.8951602097855083,4
208,79.65746893910297,0.38228964825240475,0.8978183229090902,4
209,79.65953476451078,0.38312413651622623,0.9004764360326721,4
210,79.66156556554039,0.383960626644078,0.9031345491562541,4
211,79.66356193600143,0.3847991235634536,0.9057926622798362,4
212,79.66552445963603,0.38563963221405456,0.9084507754034181,4
213,79.6674537102894,0.3864821575478208,0.911108888527,4
214,79.66935025207769,0.38732670452896045,0.913767001650582,4
215,79.67121463955293,0.388173278133981,0.9164251147741639,4
216,79.67304741786518,0.3890218833517192,0.9190832278977459,4
217,79.67484912292188,0.3898725251833721,0.9217413410213278,4
218,79.67662028154467,0.3907252086425277,0.9243994541449098,4
219,79.67836141162331,0.39157993875519503,0.9270575672684916,4
220,79.68007302226717,0.392436720559836,0.9297156803920735,4
221,79.68175561395411,0.3932955591073956,0.9323737935156555,4
222,79.68340967867677,0.39415645946133304,0.9350319066392374,4
223,79.68503570008647,0.3950194266976529,0.9376900197628194,4
224,79.68663415363463,0.39588446590493614,0.9403481328864013,4
225,79.68820550671177,0.39675158218437145,0.9430062460099833,4
226,79.68975021878417,0.39762078064978634,0.9456643591335652,4
227,79.69126874152825,0.39849206642767865,0.948322472257147,4
228,79.69276151896264,0.39936544465724805,0.950980585380729,4
229,79.69422898757799,0.4002409204904274,0.9536386985043112,4
230,79.69567157646458,0.40111849909191444,0.956296811627893,4
231,79.69708970743785,0.40199818563920325,0.9589549247514749,4
232,79.69848379516169,0.40287998532261654,0.9616130378750569,4
233,79.69985424726973,0.40376390334533696,0.9642711509986388,4
234,79.70120146448444,0.40464994492343914,0.9669292641222208,4
235,79.70252584073445,0.40553811528592176,0.9695873772458029,4
236,79.70382776326959,0.4064284196747397,0.9722454903693848,4
237,79.70510761277421,0.4073208633448361,0.9749036034929667,4
238,79.70636576347847,0.4082154515641743,0.9775617166165487,4
239,79.70760258326779,0.4091121896137708,0.9802198297401306,4
240,79.70881843379031,0.410011082787727,0.9828779428637126,4
241,79.71001367056283,0.4109121363932623,0.9855360559872944,4
242,79.71118864307458,0.41181535575074585,0.9881941691108764,4
243,79.71234369488951,0.41272074619372995,0.9908522822344583,4
244,79.71347916374673,0.4136283130689824,0.9935103953580402,4
245,79.71459538165924,0.4145380617365192,0.9961685084816222,4
246,79.71569267501104,0.4154499975696379,0.9988266216052041,4
247,79.71677136465259,0.41636412595495,1.001484734728786,4
248,79.71783176599452,0.417280452292414,1.004142847852368,4
249,79.71887418910002,0.4181989819953694,1.0068009609759498,4
250,79.71989893877533,0.41911972049056867,1.0094590740995317,4
251,79.72090631465902,0.42004267321821126,1.0121171872231138,4
252,79.72189661130948,0.420967845631977,1.0147753003466957,4
253,79.72287011829111,0.42189524319905913,1.0174334134702778,4
254,79.72382712025903,0.4228248714001983,1.0200915265938597,4
255,79.72476789704221,0.42375673572971595,1.0227496397174416,4
256,79.72569272372539,0.4246908416955478,1.0254077528410235,4
257,79.72660187072944,0.4256271948192783,1.0280658659646056,4
258,79.72749560389047,0.42656580063617366,1.0307239790881875,4
259,79.7283741845376,0.42750666469521637,1.0333820922117694,4
260,79.72923786956927,0.4284497925591391,1.0360402053353512,4
261,79.73008691152846,0.4293951898044589,1.0386983184589331,4
262,79.73092155867646,0.4303428620215112,1.0413564315825152,4
263,79.7317420550655,0.4312928148144841,1.0440145447060973,4
264,79.73254864061012,0.43224505380145306,1.0466726578296792,4
265,79.7333415511573,0.4331995846144152,1.049330770953261,4
266,79.73412101855543,0.4341564128993237,1.051988884076843,4
267,79.73488727072207,0.4351155443161225,1.0546469972004249,4
268,79.73564053171067,0.4360769845387811,1.057305110324007,4
269,79.73638102177601,0.43704073925532944,1.0599632234475889,4
270,79.73710895743865,0.43800681416789267,1.0626213365711707,4
271,79.73782455154819,0.4389752149927259,1.0652794496947526,4
272,79.73852801334554,0.43994594746024995,1.0679375628183347,4
273,79.73921954852416,0.4409190173150857,1.0705956759419166,4
274,79.73989935929008,0.4418944303160898,1.0732537890654985,4
275,79.74056764442112,0.44287219223639,1.0759119021890806,4
276,79.741224599325,0.4438523088634202,1.0785700153126625,4
277,79.7418704160964,0.44483478599895665,1.0812281284362444,4
278,79.74250528357328,0.44581962945915266,1.0838862415598263,4
279,79.74312938739193,0.4468068450745748,1.0865443546834084,4
280,79.74374291004139,0.4477964386902389,1.0892024678069903,4
281,79.74434603091672,0.44878841616564535,1.0918605809305721,4
282,79.74493892637145,0.4497827833748153,1.094518694054154,4
283,79.74552176976923,0.4507795462063267,1.0971768071777361,4
284,79.74609473153447,0.4517787105633506,1.099834920301318,4
285,79.74665797920214,0.45278028236368695,1.1024930334249,4
286,79.74721167746681,0.45378426753980106,1.1051511465484818,4
287,79.74775598823081,0.4547906720388606,1.107809259672064,4
288,79.74829107065149,0.45579950182277074,1.1104673727956458,4
289,79.7488170811879,0.4568107628682124,1.1131254859192279,4
290,79.74933417364636,0.45782446116667735,1.1157835990428098,4
291,79.74984249922562,0.4588406027245061,1.1184417121663917,4
292,79.75034220656092,0.45985919356292426,1.1210998252899735,4
293,79.75083344176753,0.46088023971807934,1.1237579384135554,4
294,79.75131634848344,0.46190374724107824,1.1264160515371375,4
295,79.75179106791143,0.462929722198024,1.1290741646607194,4
296,79.75225773886022,0.4639581706700529,1.1317322777843013,4
297,79.75271649778522,0.46498909875337263,1.1343903909078832,4
298,79.75316747882829,0.4660225125592985,1.137048504031465,4
299,79.75361081385705,0.4670584182142916,1.1397066171550472,4
300,79.75404663250343,0.46809682185999657,1.1423647302786293,4
301,79.75447506220152,0.4691377296532787,1.1450228434022112,4
302,79.75489622822491,0.4701811477662622,1.147680956525793,4
303,79.75531025372322,0.4712270823863676,1.150339069649375,4
304,79.75571725975824,0.4722755397163502,1.1529971827729568,4
305,79.75611736533921,0.47332652597433794,1.155655295896539,4
306,79.75651068745768,0.4743800473938694,1.1583134090201208,4
307,79.7568973411217,0.4754361102239321,1.1609715221437027,4
308,79.75727743938944,0.4764947207290011,1.1636296352672846,4
309,79.75765109340232,0.4775558851890771,1.1662877483908665,4
310,79.75801841241734,0.4786196098997251,1.1689458615144486,4
311,79.75837950383927,0.4796859011721131,1.1716039746380307,4
312,79.75873447325179,0.4807547653330507,1.1742620877616126,4
313,79.7590834244486,0.4818262087250281,1.1769202008851944,4
314,79.7594264594636,0.4829002377062547,1.1795783140087763,4
315,79.75976367860082,0.48397685865069845,1.1822364271323582,4
316,79.76009518046368,0.48505607794812466,1.1848945402559403,4
317,79.76042106198392,0.48613790200413537,1.1875526533795222,4
318,79.76074141844983,0.48722233724020897,1.190210766503104,4
319,79.76105634353416,0.48830939009373875,1.192868879626686,4
320,79.76136592932158,0.4893990670180733,1.1955269927502679,4
321,79.76167026633547,0.4904913744825554,1.19818510587385,4
322,79.7619694435645,0.49158631897256233,1.2008432189974318,4
323,79.76226354848859,0.49268390698954534,1.2035013321210137,4
324,79.7625526671045,0.49378414505106927,1.2061594452445958,4
325,79.76283688395104,0.4948870396908533,1.2088175583681777,4
326,79.76311628213367,0.49599259745881,1.2114756714917596,4
327,79.7633909433489,0.49710082492108665,1.2141337846153417,4
328,79.76366094790812,0.49821172866010466,1.2167918977389236,4
329,79.76392637476113,0.49932531527460033,1.2194500108625055,4
330,79.7641873015192,0.5004415913796654,1.2221081239860874,4
331,79.76444380447774,0.5015605636067874,1.2247662371096695,4
332,79.76469595863864,0.5026822386038904,1.2274243502332514,4
333,79.76494383773223,0.503806623035376,1.2300824633568332,4
334,79.76518751423876,0.5049337235821643,1.2327405764804151,4
335,79.76542705940966,0.506063546941734,1.235398689603997,4
336,79.76566254328833,0.5071960998281652,1.2380568027275791,4
337,79.76589403473066,0.5083313889721783,1.240714915851161,4
338,79.76612160142516,0.509469421121178,1.243373028974743,4
339,79.76634530991267,0.510610203039292,1.246031142098325,4
340,79.76656522560597,0.5117537415074146,1.2486892552219069,4
341,79.76678141280875,0.5129000433232472,1.2513473683454888,4
342,79.76699393473456,0.5140491153013406,1.2540054814690709,4
343,79.76720285352512,0.5152009642731359,1.2566635945926528,4
344,79.76740823026866,0.5163555970870075,1.2593217077162346,4
345,79.76761012501768,0.5175130206083048,1.2619798208398165,4
346,79.76780859680656,0.518673241719394,1.2646379339633984,4
347,79.76800370366877,0.5198362673197003,1.2672960470869805,4
348,79.76819550265388,0.521002104325751,1.2699541602105624,4
349,79.76838404984427,0.5221707596712167,1.2726122733341445,4
350,79.76856940037143,0.5233422403069553,1.2752703864577264,4
351,79.76875160843218,0.5245165532010536,1.2779284995813083,4
352,79.76893072730445,0.52569370533887,1.2805866127048902,4
353,79.76910680936292,0.5268737037230784,1.2832447258284723,4
354,79.76927990609427,0.5280565553737102,1.2859028389520542,4
355,79.76945006811228,0.5292422673281973,1.288560952075636,4
356,79.7696173451726,0.5304308466414165,1.291219065199218,4
357,79.76978178618735,0.5316223003857311,1.2938771783227998,4
358,79.76994343923934,0.5328166356510359,1.296535291446382,4
359,79.77010235159621,0.5340138595447995,1.2991934045699638,4
360,79.77025856972418,0.5352139791921086,1.301851517693546,4
361,79.77041213930171,0.5364170017357113,1.3045096308171278,4
362,79.77056310523281,0.5376229343360615,1.3071677439407097,4
363,79.77071151166017,0.5388317841713622,1.3098258570642916,4
364,79.77085740197806,0.54004355843761,1.3124839701878737,4
365,79.77100081884508,0.5412582643486388,1.3151420833114555,4
366,79.77114180419656,0.5424759091361648,1.3178001964350374,4
367,79.77128039925684,0.5436965000498303,1.3204583095586193,4
368,79.77141664455137,0.5449200443572481,1.3231164226822012,4
369,79.77155057991848,0.5461465493440466,1.3257745358057833,4
370,79.77168224452113,0.547376022313914,1.3284326489293652,4
371,79.77181167685825,0.5486084705886439,1.331090762052947,4
372,79.77193891477607,0.5498439015081792,1.3337488751765292,4
373,79.77206399547919,0.5510823224306576,1.336406988300111,4
374,79.7721869555414,0.5523237407324572,1.339065101423693,4
375,79.77230783091645,0.553568163808241,1.341723214547275,4
376,79.77242665694848,0.5548155990710031,1.344381327670857,4
377,79.77254346838245,0.5560660539521133,1.3470394407944388,4
378,79.77265829937421,0.5573195359013635,1.3496975539180207,4
379,79.77277118350052,0.5585760523870127,1.3523556670416026,4
380,79.77288215376892,0.5598356108958336,1.3550137801651847,4
381,79.77299124262727,0.5610982189331578,1.3576718932887666,4
382,79.77309848197336,0.5623638840229227,1.3603300064123485,4
383,79.77320390316416,0.5636326137077167,1.3629881195359304,4
384,79.77330753702498,0.5649044155488262,1.3656462326595125,4
385,79.77340941385854,0.5661792971262818,1.3683043457830943,4
386,79.77350956345383,0.5674572660389048,1.3709624589066765,4
387,79.77360801509472,0.5687383299043538,1.3736205720302583,4
388,79.77370479756867,0.5700224963591716,1.3762786851538402,4
389,79.77379993917502,0.5713097730588318,1.378936798277422,4
390,79.77389346773333,0.5726001676777862,1.381594911401004,4
391,79.77398541059154,0.5738936879095115,1.384253024524586,4
392,79.77407579463386,0.5751903414665565,1.386911137648168,4
393,79.77416464628875,0.5764901360805897,1.3895692507717499,4
394,79.77425199153659,0.5777930795024471,1.3922273638953317,4
395,79.77433785591728,0.5790991795021787,1.3948854770189139,4
396,79.7744222645377,0.5804084438690972,1.3975435901424957,4
397,79.77450524207909,0.5817208804118252,1.4002017032660776,4
398,79.77458681280419,0.5830364969583434,1.4028598163896595,4
399,79.77466700056445,0.5843553013560389,1.4055179295132414,4
400,79.7747458288069,0.5856773014717525,1.4081760426368235,4
401,79.77482332058105,0.5870025051918277,1.4108341557604054,4
402,79.77489949854561,0.5883309204221595,1.4134922688839873,4
403,79.77497438497517,0.5896625550882417,1.4161503820075692,4
404,79.77504800176663,0.5909974171352164,1.418808495131151,4
405,79.77512037044568,0.5923355145279227,1.4214666082547331,4
406,79.77519151217302,0.5936768552509455,1.424124721378315,4
407,79.77526144775064,0.5950214473086639,1.426782834501897,4
408,79.7753301976278,0.5963692987253019,1.4294409476254788,4
409,79.77539778190709,0.5977204175449756,1.4320990607490611,4
410,79.77546422035027,0.5990748118317444,1.434757173872643,4
411,79.77552953238404,0.6004324896696595,1.437415286996225,4
412,79.77559373710577,0.601793459162813,1.440073400119807,4
413,79.77565685328901,0.6031577284353897,1.4427315132433889,4
414,79.77571889938903,0.6045253056317146,1.4453896263669708,4
415,79.77577989354825,0.6058961989163046,1.4480477394905527,4
416,79.77583985360144,0.6072704164739171,1.4507058526141345,4
417,79.77589879708103,0.608647966509602,1.4533639657377166,4
418,79.77595674122219,0.6100288572487506,1.4560220788612985,4
419,79.77601370296787,0.6114130969371467,1.4586801919848804,4
420,79.7760696989738,0.6128006938410173,1.4613383051084623,4
421,79.77612474561332,0.614191656247083,1.4639964182320446,4
422,79.77617885898212,0.6155859924626091,1.4666545313556265,4
423,79.77623205490306,0.6169837108154567,1.4693126444792084,4
424,79.77628434893073,0.6183848196541332,1.4719707576027903,4
425,79.77633575635598,0.6197893273478443,1.4746288707263724,4
426,79.77638629221043,0.6211972422865454,1.4772869838499543,4
427,79.77643597127084,0.6226085728809917,1.4799450969735362,4
428,79.77648480806347,0.6240233275627923,1.482603210097118,4
429,79.77653281686827,0.6254415147844594,1.4852613232207001,4
430,79.7765800117231,0.626863143019462,1.487919436344282,4
431,79.77662640642781,0.6282882207622768,1.490577549467864,4
432,79.77667201454828,0.6297167565284407,1.4932356625914458,4
433,79.77671684942042,0.631148758854604,1.4958937757150277,4
434,79.77676092415402,0.6325842362985807,1.4985518888386098,4
435,79.77680425163659,0.6340231974394036,1.5012100019621917,4
436,79.77684684453719,0.6354656508773742,1.5038681150857736,4
437,79.77688871531002,0.6369116052341183,1.5065262282093554,4
438,79.7769298761982,0.6383610691526367,1.5091843413329373,4
439,79.77697033923721,0.6398140512973594,1.5118424544565194,4
440,79.77701011625852,0.6412705603541982,1.5145005675801013,4
441,79.77704921889303,0.6427306050306008,1.5171586807036832,4
442,79.77708765857437,0.6441941940556033,1.519816793827265,4
443,79.7771254465424,0.6456613361798845,1.5224749069508472,4
444,79.77716259384637,0.6471320401758195,1.525133020074429,4
445,79.77719911134821,0.6486063148375328,1.527791133198011,4
446,79.77723500972571,0.6500841689809536,1.5304492463215928,4
447,79.77727029947563,0.6515656114438687,1.5331073594451747,4
448,79.77730499091673,0.6530506510859775,1.5357654725687568,4
449,79.77733909419285,0.6545392967889461,1.5384235856923387,4
450,79.77737261927585,0.6560315574564618,1.5410816988159206,4
451,79.77740557596852,0.6575274420142878,1.5437398119395025,4
452,79.77743797390745,0.6590269594103183,1.5463979250630844,4
453,79.77746982256586,0.6605301186146325,1.5490560381866665,4
454,79.77750113125634,0.6620369286195511,1.5517141513102484,4
455,79.77753190913361,0.6635473984396901,1.5543722644338303,4
456,79.77756216519717,0.665061537112017,1.5570303775574121,4
457,79.77759190829396,0.6665793536959058,1.5596884906809942,4
458,79.77762114712088,0.6681008572731932,1.5623466038045764,4
459,79.77764989022745,0.6696260569482335,1.5650047169281582,4
460,79.77767814601818,0.6711549618479556,1.5676628300517403,4
461,79.7777059227551,0.6726875811219177,1.5703209431753222,4
462,79.77773322856021,0.6742239239423647,1.572979056298904,4
463,79.77776007141775,0.6757639995042836,1.575637169422486,4
464,79.77778645917661,0.6773078170254606,1.5782952825460679,4
465,79.77781239955263,0.6788553857465373,1.58095339566965,4
466,79.77783790013082,0.6804067149310671,1.5836115087932319,4
467,79.77786296836759,0.6819618138655736,1.5862696219168138,4
468,79.77788761159292,0.6835206918596053,1.5889277350403956,4
469,79.77791183701255,0.6850833582457948,1.5915858481639775,4
470,79.77793565171002,0.6866498223799146,1.5942439612875599,4
471,79.77795906264882,0.6882200936409358,1.5969020744111417,4
472,79.77798207667429,0.6897941814310844,1.5995601875347236,4
473,79.77800470051582,0.6913720951759006,1.6022183006583057,4
474,79.77802694078865,0.6929538443242947,1.6048764137818876,4
475,79.77804880399586,0.6945394383486071,1.6075345269054695,4
476,79.77807029653029,0.6961288867446646,1.6101926400290514,4
477,79.77809142467639,0.6977221990318405,1.6128507531526335,4
478,79.77811219461208,0.6993193847531115,1.6155088662762154,4
479,79.77813261241052,0.7009204534751172,1.6181669793997973,4
480,79.77815268404191,0.7025254147882182,1.6208250925233791,4
481,79.77817241537522,0.704134278306556,1.623483205646961,4
482,79.77819181217993,0.705747053668111,1.6261413187705431,4
483,79.7782108801277,0.7073637505347619,1.628799431894125,4
484,79.77822962479402,0.7089843785923452,1.631457545017707,4
485,79.77824805165989,0.7106089475507146,1.6341156581412888,4
486,79.77826616611333,0.7122374671438009,1.6367737712648707,4
487,79.77828397345104,0.713869947129671,1.6394318843884528,4
488,79.77830147887992,0.715506397290589,1.6420899975120347,4
489,79.7783186875186,0.7171468274330746,1.6447481106356165,4
490,79.77833560439889,0.718791247387965,1.6474062237591984,4
491,79.77835223446733,0.720439667010474,1.6500643368827803,4
492,79.77836858258658,0.7220920961802537,1.6527224500063624,4
493,79.77838465353686,0.7237485448014536,1.6553805631299443,4
494,79.77840045201732,0.7254090228027826,1.6580386762535262,4
495,79.7784159826475,0.72707354013757,1.660696789377108,4
496,79.77843124996855,0.7287421067838258,1.6633549025006902,4
497,79.77844625844467,0.7304147327443026,1.666013015624272,4
498,79.77846101246438,0.7320914280465565,1.668671128747854,4
499,79.77847551634176,0.7337722027430095,1.6713292418714358,4
500,79.77848977431778,0.7354570669110099,1.6739873549950177,4
501,79.77850379056149,0.7371460306528961,1.6766454681185998,4
502,79.77851756917126,0.738839104096056,1.6793035812421817,4
503,79.77853111417598,0.7405362973929921,1.6819616943657636,4
504,79.77854442953624,0.7422376207213813,1.6846198074893455,4
505,79.77855751914548,0.7439430842841392,1.6872779206129274,4
506,79.7785703868311,0.7456526983094817,1.6899360337365097,4
507,79.77858303635566,0.7473664730509879,1.6925941468600916,4
508,79.77859547141787,0.7490844187876635,1.6952522599836735,4
509,79.7786076956538,0.7508065458240042,1.6979103731072556,4
510,79.77861971263782,0.7525328644900572,1.7005684862308375,4
511,79.7786315258837,0.754263385141487,1.7032265993544193,4
512,79.77864313884568,0.7559981181596375,1.7058847124780012,4
513,79.7786545549194,0.7577370739515955,1.7085428256015833,4
514,79.77866577744294,0.7594802629502564,1.7112009387251652,4
515,79.77867680969777,0.7612276956143856,1.713859051848747,4
516,79.77868765490977,0.7629793824286857,1.716517164972329,4
517,79.77869831625007,0.7647353339038577,1.7191752780959109,4
518,79.77870879683609,0.7664955605766686,1.721833391219493,4
519,79.77871909973233,0.7682600730100134,1.724491504343075,4
520,79.77872922795142,0.7700288817929823,1.7271496174666567,4
521,79.77873918445484,0.7718019975409239,1.7298077305902386,4
522,79.7787489721539,0.7735794308955117,1.7324658437138205,4
523,79.77875859391054,0.7753611925248081,1.7351239568374026,4
524,79.77876805253817,0.7771472931233311,1.7377820699609845,4
525,79.77877735080251,0.7789377434121194,1.7404401830845666,4
526,79.77878649142241,0.7807325541387987,1.7430982962081487,4
527,79.77879547707057,0.7825317360776465,1.7457564093317306,4
528,79.77880431037443,0.7843353000296598,1.7484145224553125,4
529,79.77881299391684,0.7861432568226204,1.7510726355788944,4
530,79.77882153023693,0.7879556173111618,1.7537307487024765,4
531,79.77882992183068,0.7897723923768356,1.7563888618260584,4
532,79.77883817115183,0.7915935929281782,1.7590469749496402,4
533,79.7788462806125,0.793419229900779,1.7617050880732221,4
534,79.7788542525839,0.795249314257345,1.764363201196804,4
535,79.77886208939705,0.7970838569877712,1.7670213143203861,4
536,79.77886979334346,0.7989228691092055,1.769679427443968,4
537,79.77887736667576,0.800766361666118,1.7723375405675499,4
538,79.77888481160842,0.8026143457303676,1.7749956536911318,4
539,79.77889213031833,0.8044668324012717,1.7776537668147137,4
540,79.77889932494551,0.8063238328056719,1.7803118799382958,4
541,79.77890639759369,0.8081853580980046,1.7829699930618776,4
542,79.7789133503309,0.8100514194603683,1.7856281061854595,4
543,79.77892018519015,0.8119220281025923,1.7882862193090414,4
544,79.77892690416995,0.8137971952623059,1.7909443324326235,4
545,79.77893350923496,0.8156769322050076,1.7936024455562054,4
546,79.77894000231649,0.8175612502241336,1.7962605586797873,4
547,79.77894638531315,0.8194501606411272,1.7989186718033692,4
548,79.77895266009132,0.8213436748055093,1.801576784926951,4
549,79.77895882848577,0.8232418040949465,1.8042348980505334,4
550,79.77896489230014,0.8251445599153228,1.8068930111741153,4
551,79.7789708533075,0.8270519537008079,1.8095511242976972,4
552,79.77897671325087,0.8289639969139285,1.8122092374212793,4
553,79.77898247384368,0.8308807010456384,1.8148673505448611,4
554,79.77898813677038,0.8328020776153893,1.817525463668443,4
555,79.77899370368678,0.8347281381712003,1.820183576792025,4
556,79.77899917622068,0.8366588942897311,1.8228416899156068,4
557,79.77900455597224,0.8385943575763506,1.825499803039189,4
558,79.77900984451452,0.8405345396652104,1.8281579161627708,4
559,79.7790150433939,0.842479452219314,1.8308160292863527,4
560,79.77902015413054,0.8444291069305903,1.8334741424099346,4
561,79.7790251782188,0.8463835155199648,1.8361322555335167,4
562,79.77903011712779,0.8483426897374312,1.8387903686570986,4
563,79.7790349723016,0.8503066413621237,1.8414484817806804,4
564,79.77903974515992,0.8522753822023896,1.8441065949042623,4
565,79.77904443709835,0.8542489240958616,1.8467647080278442,4
566,79.77904904948879,0.8562272789095302,1.8494228211514263,4
567,79.77905358367993,0.8582104585398179,1.8520809342750082,4
568,79.77905804099757,0.8601984749126499,1.85473904739859,4
569,79.77906242274504,0.8621913399835297,1.857397160522172,4
570,79.77906673020358,0.8641890657376109,1.8600552736457538,4
571,79.77907096463268,0.8661916641897722,1.862713386769336,4
572,79.7790751272705,0.8681991473846893,1.8653714998929178,4
573,79.7790792193342,0.8702115273969109,1.8680296130165,4
574,79.77908324202032,0.8722288163309311,1.870687726140082,4
575,79.77908719650509,0.8742510263212654,1.873345839263664,4
576,79.7790910839448,0.8762781695325232,1.8760039523872458,4
577,79.77909490547616,0.8783102581594848,1.8786620655108277,4
578,79.77909866221658,0.8803473044271745,1.8813201786344098,4
579,79.77910235526456,0.8823893205909361,1.8839782917579917,4
580,79.77910598569991,0.884436318936509,1.8866364048815736,4
581,79.77910955458421,0.8864883117801026,1.8892945180051555,4
582,79.779113062961,0.888545311468472,1.8919526311287373,4
583,79.77911651185615,0.8906073303789949,1.8946107442523195,4
584,79.77911990227808,0.8926743809197465,1.8972688573759013,4
585,79.77912323521821,0.8947464755295755,1.8999269704994832,4
586,79.77912651165104,0.8968236266781822,1.902585083623065,4
587,79.77912973253466,0.8989058468661926,1.905243196746647,4
588,79.77913289881081,0.9009931486252379,1.907901309870229,4
589,79.77913601140537,0.9030855445180288,1.910559422993811,4
590,79.77913907122841,0.9051830471384344,1.9132175361173929,4
591,79.77914207917468,0.9072856691115591,1.9158756492409748,4
592,79.77914503612368,0.9093934230938199,1.9185337623645566,4
593,79.77914794294001,0.9115063217730242,1.9211918754881387,4
594,79.77915080047367,0.9136243778684482,1.9238499886117206,4
595,79.77915360956018,0.9157476041309142,1.9265081017353025,4
596,79.77915637102093,0.9178760133428692,1.9291662148588844,4
597,79.77915908566337,0.9200096183184642,1.9318243279824665,4
598,79.77916175428128,0.9221484319036309,1.9344824411060486,4
599,79.77916437765495,0.9242924669761637,1.9371405542296305,4
600,79.77916695655146,0.9264417364457953,1.9397986673532126,4
601,79.7791694917249,0.9285962532542786,1.9424567804767945,4
602,79.77917198391656,0.930756030375465,1.9451148936003764,4
603,79.77917443385513,0.9329210808153839,1.9477730067239583,4
604,79.77917684225702,0.9350914176123236,1.9504311198475401,4
605,79.77917920982641,0.9372670538369106,1.9530892329711222,4
606,79.77918153725561,0.9394480025921894,1.9557473460947041,4
607,79.77918382522516,0.9416342770137046,1.958405459218286,4
608,79.77918607440404,0.9438258902695796,1.961063572341868,4
609,79.77918828544995,0.9460228555605994,1.9637216854654498,4
610,79.77919045900938,0.9482251861202895,1.966379798589032,4
611,79.77919259571789,0.9504328952149993,1.9690379117126138,4
612,79.77919469620026,0.9526459961439826,1.9716960248361957,4
613,79.77919676107066,0.9548645022394784,1.9743541379597775,4
614,79.7791987909329,0.9570884268667949,1.9770122510833597,4
615,79.77920078638046,0.9593177834243893,1.9796703642069415,4
616,79.77920274799685,0.9615525853439522,1.9823284773305234,4
617,79.77920467635565,0.963792846090488,1.9849865904541053,4
618,79.7792065720207,0.9660385791623994,1.9876447035776872,4
619,79.7792084355463,0.968289798091569,1.9903028167012693,4
620,79.77921026747734,0.9705465164434437,1.9929609298248512,4
621,79.7792120683495,0.972808747817116,1.995619042948433,4
622,79.77921383868934,0.9750765058454102,1.9982771560720154,4
623,79.77921557901452,0.9773498041949633,2.000935269195597,4
624,79.77921728983392,0.9796286565663117,2.0035933823191794,4
625,79.77921897164777,0.9819130766939732,2.0062514954427613,4
626,79.77922062494784,0.9842030783465318,2.008909608566343,4
627,79.77922225021757,0.9864986753267235,2.011567721689925,4
628,79.77922384793217,0.9887998814715191,2.014225834813507,4
629,79.77922541855884,0.9911067106522116,2.016883947937089,4
630,79.77922696255682,0.9934191767744983,2.0195420610606707,4
631,79.77922848037757,0.9957372937785695,2.0222001741842526,4
632,79.77922997246492,0.9980610756391912,2.0248582873078345,4
633,79.77923143925514,1.000390536365794,2.0275164004314163,4
634,79.77923288117715,1.002725690002555,2.0301745135549987,4
635,79.77923429865254,1.0050665506284884,2.0328326266785806,4
636,79.7792356920958,1.0074131323575297,2.0354907398021624,4
637,79.77923706191437,1.0097654493386223,2.0381488529257443,4
638,79.77923840850879,1.0121235157558048,2.040806966049326,4
639,79.7792397322728,1.0144873458282984,2.043465079172908,4
640,79.77924103359348,1.0168569538105936,2.04612319229649,4
641,79.77924231285132,1.0192323539925385,2.048781305420072,4
642,79.7792435704204,1.021613560699426,2.0514394185436537,4
643,79.77924480666844,1.024000588292082,2.054097531667236,4
644,79.7792460219569,1.0263934511669535,2.056755644790818,4
645,79.77924721664112,1.0287921637561968,2.0594137579144,4
646,79.77924839107047,1.0311967405277669,2.0620718710379817,4
647,79.77924954558831,1.0336071959855055,2.064729984161564,4
648,79.77925068053227,1.0360235446692307,2.067388097285146,4
649,79.77925179623416,1.0384458011548259,2.070046210408728,4
650,79.77925289302026,1.0408739800543294,2.0727043235323097,4
651,79.77925397121125,1.0433080960160244,2.0753624366558916,4
652,79.77925503112237,1.0457481637245287,2.0780205497794735,4
653,79.77925607306358,1.0481941979008846,2.0806786629030554,4
654,79.77925709733954,1.0506462133026508,2.0833367760266372,4
655,79.77925810424972,1.0531042247239903,2.0859948891502196,4
656,79.77925909408857,1.0555682469957646,2.0886530022738015,4
657,79.77926006714551,1.0580382949856215,2.0913111153973833,4
658,79.77926102370509,1.0605143835980892,2.0939692285209652,4
659,79.77926196404697,1.0629965277746662,2.096627341644547,4
660,79.77926288844611,1.0654847424939133,2.099285454768129,4
661,79.77926379717283,1.0679790427715463,2.101943567891711,4
662,79.77926469049284,1.0704794436605272,2.1046016810152928,4
663,79.77926556866733,1.0729859602511576,2.1072597941388747,4
664,79.77926643195309,1.0754986076711703,2.1099179072624565,4
665,79.77926728060255,1.0780174010858243,2.112576020386039,4
666,79.77926811486385,1.080542355697995,2.1152341335096208,4
667,79.77926893498095,1.0830734867482699,2.1178922466332026,4
668,79.77926974119362,1.085610809515041,2.1205503597567845,4
669,79.77927053373762,1.0881543393146003,2.1232084728803664,4
670,79.77927131284467,1.0907040915012303,2.1258665860039483,4
671,79.77927207874262,1.0932600814673032,2.1285246991275306,4
672,79.77927283165538,1.095822324643371,2.1311828122511125,4
673,79.77927357180313,1.098390836498263,2.1338409253746944,4
674,79.77927429940227,1.1009656325391803,2.1364990384982763,4
675,79.77927501466559,1.10354672831179,2.139157151621858,4
676,79.77927571780218,1.1061341394003215,2.14181526474544,4
677,79.77927640901767,1.1087278814276627,2.1444733778690224,4
678,79.77927708851418,1.1113279700554544,2.1471314909926043,4
679,79.77927775649037,1.1139344209841886,2.149789604116186,4
680,79.77927841314157,1.1165472499533031,2.152447717239768,4
681,79.7792790586598,1.1191664727412793,2.15510583036335,4
682,79.77927969323378,1.1217921051657385,2.157763943486932,4
683,79.77928031704909,1.124424163083539,2.1604220566105137,4
684,79.77928093028811,1.1270626623908742,2.1630801697340956,4
685,79.77928153313017,1.1297076190233692,2.1657382828576774,4
686,79.77928212575155,1.132359048956181,2.1683963959812593,4
687,79.7792827083255,1.1350169682040925,2.1710545091048417,4
688,79.7792832810224,1.1376813928216143,2.1737126222284235,4
689,79.77928384400968,1.1403523389030836,2.1763707353520054,4
690,79.77928439745199,1.1430298225827595,2.1790288484755873,4
691,79.77928494151112,1.145713860034926,2.181686961599169,4
692,79.77928547634617,1.1484044674739884,2.184345074722751,4
693,79.77928600211355,1.151101661154576,2.187003187846333,4
694,79.77928651896697,1.153805457371638,2.189661300969915,4
695,79.77928702705755,1.1565158724605473,2.192319414093497,4
696,79.77928752653388,1.1592329227971985,2.194977527217079,4
697,79.779288017542,1.16195662479811,2.197635640340661,4
698,79.77928850022548,1.1646869949205225,2.200293753464243,4
699,79.77928897472545,1.167424049662504,2.202951866587825,4
700,79.77928944118067,1.1701678055630467,2.205609979711407,4
701,79.7792898997275,1.172918279202172,2.208268092834989,4
702,79.77929035050008,1.1756754872010307,2.210926205958571,4
703,79.77929079363015,1.178439446222005,2.2135843190821527,4
704,79.77929122924732,1.1812101729688118,2.2162424322057346,4
705,79.77929165747896,1.1839876841866046,2.2189005453293165,4
706,79.7792920784503,1.1867719966620771,2.2215586584528983,4
707,79.7792924922844,1.1895631272235647,2.2242167715764802,4
708,79.77929289910227,1.19236109274115,2.2268748847000626,4
709,79.7792932990229,1.1951659101267647,2.2295329978236444,4
710,79.7792936921632,1.1979775963342942,2.2321911109472263,4
711,79.7792940786381,1.2007961683596822,2.234849224070808,4
712,79.77929445856066,1.2036216432410338,2.23750733719439,4
713,79.77929483204194,1.2064540380587219,2.240165450317972,4
714,79.77929519919115,1.2092933699354906,2.242823563441554,4
715,79.77929556011564,1.2121396560365605,2.2454816765651358,4
716,79.77929591492097,1.2149929135697353,2.2481397896887176,4
717,79.77929626371085,1.2178531597855065,2.2507979028122995,4
718,79.77929660658728,1.22072041197716,2.253456015935882,4
719,79.77929694365052,1.2235946874808814,2.2561141290594637,4
720,79.77929727499914,1.226476003675864,2.2587722421830456,4
721,79.77929760073,1.2293643779844128,2.261430355306628,4
722,79.77929792093838,1.2322598278720556,2.26408846843021,4
723,79.77929823571787,1.235162370847647,2.2667465815537917,4
724,79.77929854516056,1.238072024463476,2.2694046946773736,4
725,79.77929884935688,1.240988806315377,2.2720628078009555,4
726,79.7792991483958,1.2439127340428333,2.2747209209245374,4
727,79.77929944236476,1.2468438253290899,2.2773790340481193,4
728,79.77929973134972,1.249782097901259,2.280037147171701,4
729,79.77930001543518,1.2527275695304299,2.282695260295283,4
730,79.7793002947042,1.2556802580317787,2.2853533734188654,4
731,79.77930056923844,1.258640181264677,2.2880114865424472,4
732,79.77930083911819,1.261607357132802,2.290669599666029,4
733,79.77930110442233,1.2645818035842464,2.293327712789611,4
734,79.77930136522848,1.2675635386116282,2.295985825913193,4
735,79.77930162161286,1.2705525802522024,2.2986439390367748,4
736,79.77930187365045,1.2735489465879701,2.3013020521603567,4
737,79.77930212141496,1.2765526557457914,2.3039601652839385,4
738,79.7793023649788,1.2795637258974957,2.3066182784075204,4
739,79.77930260441325,1.2825821752599924,2.3092763915311028,4
740,79.77930283978826,1.2856080220953856,2.3119345046546846,4
741,79.77930307117269,1.2886412847110835,2.3145926177782665,4
742,79.77930329863418,1.291681981459912,2.3172507309018484,4
743,79.77930352223925,1.294730130740228,2.3199088440254303,4
744,79.77930374205329,1.2977857509960309,2.3225669571490126,4
745,79.77930395814055,1.3008488607170776,2.3252250702725945,4
746,79.77930417056423,1.3039194784389951,2.3278831833961764,4
747,79.77930437938643,1.3069976227433941,2.3305412965197583,4
748,79.77930458466824,1.3100833122579845,2.33319940964334,4
749,79.77930478646965,1.3131765656566878,2.335857522766922,4
750,79.77930498484969,1.316277401659754,2.338515635890504,4
751,79.77930517986636,1.3193858390338749,2.341173749014086,4
752,79.77930537157668,1.3225018965923,2.343831862137668,4
753,79.7793055600367,1.325625593194953,2.34648997526125,4
754,79.77930574530156,1.3287569477485457,2.349148088384832,4
755,79.77930592742538,1.3318959792066956,2.351806201508414,4
756,79.77930610646145,1.335042706570042,2.3544643146319957,4
757,79.7793062824621,1.3381971488863629,2.3571224277555776,4
758,79.77930645547882,1.3413593252506912,2.3597805408791594,4
759,79.77930662556217,1.3445292548054328,2.3624386540027413,4
760,79.7793067927619,1.3477069567404847,2.365096767126323,4
761,79.7793069571269,1.3508924502933513,2.3677548802499055,4
762,79.77930711870522,1.354085754749263,2.3704129933734874,4
763,79.77930727754412,1.357286889441297,2.3730711064970693,4
764,79.77930743369002,1.3604958737504922,2.375729219620651,4
765,79.77930758718861,1.3637127271059715,2.378387332744233,4
766,79.77930773808475,1.3669374689850593,2.381045445867815,4
767,79.77930788642257,1.3701701189134023,2.383703558991397,4
768,79.77930803224545,1.373410696465088,2.386361672114979,4
769,79.77930817559601,1.3766592212627666,2.389019785238561,4
770,79.7793083165162,1.3799157129777713,2.391677898362143,4
771,79.77930845504719,1.383180191330237,2.394336011485725,4
772,79.7793085912295,1.386452676089225,2.3969941246093067,4
773,79.77930872510295,1.389733187072841,2.399652237732889,4
774,79.77930885670668,1.3930217441483597,2.402310350856471,4
775,79.77930898607919,1.3963183672323445,2.404968463980053,4
776,79.77930911325828,1.3996230762907713,2.4076265771036347,4
777,79.77930923828116,1.402935891339151,2.4102846902272166,4
778,79.77930936118437,1.406256832442652,2.4129428033507985,4
779,79.77930948200388,1.4095859197162235,2.4156009164743804,4
780,79.77930960077498,1.4129231733247196,2.4182590295979622,4
781,79.77930971753241,1.416268613483023,2.420917142721544,4
782,79.77930983231032,1.4196222604561686,2.423575255845126,4
783,79.77930994514226,1.4229841345594683,2.4262333689687083,4
784,79.77931005606123,1.4263542561586369,2.42889148209229,4
785,79.77931016509966,1.4297326456699149,2.431549595215872,4
786,79.77931027228944,1.4331193235601962,2.434207708339454,4
787,79.77931037766189,1.4365143103471536,2.436865821463036,4
788,79.77931048124783,1.4399176265993618,2.4395239345866178,4
789,79.77931058307757,1.4433292929364288,2.4421820477101996,4
790,79.77931068318087,1.446749330029118,2.4448401608337815,4
791,79.779310781587,1.4501777585994786,2.4474982739573634,4
792,79.77931087832474,1.45361459942097,2.4501563870809457,4
793,79.77931097342235,1.4570598733185918,2.4528145002045276,4
794,79.77931106690768,1.4605136011690096,2.4554726133281095,4
795,79.77931115880804,1.463975803900687,2.458130726451692,4
796,79.7793112491503,1.467446502494008,2.4607888395752737,4
797,79.77931133796088,1.4709257179814124,2.4634469526988556,4
798,79.77931142526575,1.4744134714475208,2.4661050658224375,4
799,79.77931151109043,1.477909784029266,2.4687631789460194,4
800,79.77931159546003,1.4814146769160215,2.4714212920696013,4
0,78.19310603815791,0.18665292007518455,0.3942688941412905,5
1,78.26364867785378,0.18699897037374502,0.39748624584281655,5
2,78.33314904461025,0.1873457220504231,0.4007035975443426,5
3,78.40162253809034,0.18769317657552625,0.4039209492458687,5
4,78.46908433042586,0.18804133542248053,0.40713830094739484,5
5,78.53554936957923,0.1883902000678372,0.4103556526489209,5
6,78.60103238265553,0.18873977199127934,0.4135730043504469,5
7,78.66554787916576,0.18909005267562864,0.41679035605197295,5
8,78.72911015424177,0.18944104360685196,0.42000770775349905,5
9,78.79173329180372,0.18979274627406809,0.4232250594550251,5
10,78.8534311676808,0.19014516216955438,0.4264424111565511,5
11,78.9142174526857,0.1904982927887537,0.42965976285807717,5
12,78.97410561564384,0.19085213963028075,0.4328771145596033,5
13,79.0331089263777,0.19120670419592936,0.43609446626112935,5
14,79.09124045864709,0.19156198799067875,0.43931181796265545,5
15,79.14851309304603,0.1919179925227007,0.4425291696641815,5
16,79.20493951985678,0.19227471930336607,0.4457465213657075,5
17,79.26053224186168,0.1926321698472518,0.44896387306723357,5
18,79.31530357711348,0.19299034567214762,0.45218122476875966,5
19,79.36926566166481,0.19334924829906303,0.45539857647028575,5
20,79.42243045225713,0.19370887925223393,0.45861592817181185,5
21,79.47480972897016,0.19406924005912973,0.4618332798733379,5
22,79.526415097832,0.1944303322504601,0.4650506315748639,5
23,79.57725799339082,0.1947921573601819,0.46826798327638997,5
24,79.62734968124846,0.19515471692550612,0.47148533497791606,5
25,79.67670126055658,0.19551801248690476,0.4747026866794421,5
26,79.7253236664761,0.19588204558811784,0.47792003838096825,5
27,79.7732276726,0.1962468177761602,0.4811373900824943,5
28,79.82042389334067,0.19661233060132882,0.4843547417840203,5
29,79.86692278628169,0.19697858561720938,0.4875720934855464,5
30,79.91273465449507,0.1973455843806836,0.49078944518707246,5
31,79.9578696488241,0.19771332845193595,0.4940067968885985,5
32,80.00233777013261,0.19808181939446112,0.49722414859012454,5
33,80.0461488715209,0.19845105877507058,0.5004415002916507,5
34,80.08931266050892,0.19882104816390006,0.5036588519931766,5
35,80.13183870118729,0.19919178913441626,0.5068762036947028,5
36,80.17373641633645,0.19956328326342426,0.5100935553962288,5
37,80.21501508951452,0.1999355321310745,0.513310907097755,5
38,80.25568386711436,0.20030853732086978,0.516528258799281,5
39,80.29575176039012,0.20068230041967267,0.519745610500807,5
40,80.33522764745405,0.2010568230177124,0.5229629622023331,5
41,80.37412027524353,0.20143210670859218,0.5261803139038591,5
42,80.41243826145933,0.2018081530892964,0.5293976656053853,5
43,80.45019009647497,0.2021849637601977,0.5326150173069113,5
44,80.4873841452181,0.20256254032506438,0.5358323690084373,5
45,80.52402864902389,0.2029408843910674,0.5390497207099634,5
46,80.56013172746114,0.20331999756878774,0.5422670724114894,5
47,80.59570138013142,0.2036998814722238,0.5454844241130156,5
48,80.63074548844153,0.20408053771879844,0.5487017758145416,5
49,80.66527181734995,0.2044619679293664,0.5519191275160678,5
50,80.69928801708721,0.2048441737282216,0.5551364792175938,5
51,80.73280162485116,0.2052271567431045,0.5583538309191198,5
52,80.76582006647696,0.2056109186052092,0.5615711826206459,5
53,80.79835065808244,0.20599546094919124,0.5647885343221719,5
54,80.83040060768928,0.2063807854131746,0.568005886023698,5
55,80.86197701682005,0.20676689363875916,0.571223237725224,5
56,80.8930868820718,0.20715378727102823,0.5744405894267501,5
57,80.9237370966663,0.2075414679585558,0.5776579411282762,5
58,80.95393445197743,0.2079299373534142,0.5808752928298023,5
59,80.98368563903604,0.2083191971111813,0.5840926445313284,5
60,81.01299725001243,0.2087092488909481,0.5873099962328544,5
61,81.04187577967711,0.20910009435532623,0.5905273479343804,5
62,81.07032762683984,0.20949173517045544,0.5937446996359065,5
63,81.09835909576749,0.20988417300601095,0.5969620513374326,5
64,81.12597639758089,0.21027740953521137,0.6001794030389586,5
65,81.15318565163105,0.21067144643482577,0.6033967547404847,5
66,81.17999288685516,0.21106628538518157,0.6066141064420107,5
67,81.20640404311236,0.2114619280701721,0.6098314581435368,5
68,81.2324249724999,0.21185837617726389,0.6130488098450629,5
69,81.25806144064987,0.21225563139750472,0.616266161546589,5
70,81.2833191280067,0.21265369542553092,0.6194835132481151,5
71,81.3082036310858,0.21305256995957517,0.622700864949641,5
72,81.33272046371364,0.2134522567014741,0.6259182166511672,5
73,81.35687505824949,0.21385275735667594,0.6291355683526931,5
74,81.38067276678908,0.2142540736342483,0.6323529200542193,5
75,81.4041188623505,0.21465620724688586,0.6355702717557453,5
76,81.42721854004262,0.215059159910918,0.6387876234572714,5
77,81.44997691821615,0.21546293334631658,0.6420049751587974,5
78,81.47239903959782,0.21586752927670383,0.6452223268603235,5
79,81.49448987240763,0.21627294942935996,0.6484396785618497,5
80,81.51625431145975,0.21667919553523102,0.6516570302633756,5
81,81.53769717924713,0.21708626932893665,0.6548743819649018,5
82,81.55882322701,0.21749417254877804,0.6580917336664278,5
83,81.57963713578863,0.2179029069367456,0.6613090853679539,5
84,81.60014351746058,0.21831247423852695,0.6645264370694799,5
85,81.62034691576255,0.21872287620351477,0.6677437887710059,5
86,81.64025180729722,0.21913411458481455,0.6709611404725321,5
87,81.65986260252504,0.21954619113925283,0.6741784921740581,5
88,81.67918364674165,0.21995910762738463,0.6773958438755842,5
89,81.69821922104056,0.22037286581350185,0.6806131955771103,5
90,81.71697354326182,0.22078746746564112,0.6838305472786363,5
91,81.73545076892655,0.22120291435559147,0.6870478989801624,5
92,81.75365499215773,0.2216192082589028,0.6902652506816884,5
93,81.77159024658738,0.2220363509548935,0.6934826023832146,5
94,81.78926050625024,0.2224543442266587,0.6966999540847405,5
95,81.80666968646446,0.22287318986107815,0.6999173057862667,5
96,81.823821644699,0.2232928896488245,0.7031346574877927,5
97,81.84072018142842,0.22371344538437113,0.7063520091893187,5
98,81.85736904097503,0.22413485886600049,0.7095693608908448,5
99,81.87377191233841,0.22455713189581195,0.7127867125923709,5
100,81.88993243001298,0.2249802662797301,0.716004064293897,5
101,81.90585417479313,0.225404263827513,0.719221415995423,5
102,81.9215406745668,0.22582912635276006,0.7224387676969491,5
103,81.93699540509711,0.22625485567292045,0.7256561193984751,5
104,81.95222179079246,0.2266814536093012,0.7288734711000012,5
105,81.96722320546542,0.22710892198707539,0.7320908228015273,5
106,81.98200297308017,0.22753726263529053,0.7353081745030533,5
107,81.9965643684891,0.2279664773868767,0.7385255262045793,5
108,82.01091061815836,0.22839656807865474,0.7417428779061054,5
109,82.02504490088288,0.22882753655134477,0.7449602296076315,5
110,82.03897034849055,0.22925938464957424,0.7481775813091576,5
111,82.05269004653636,0.22969211422188643,0.7513949330106837,5
112,82.06620703498594,0.2301257271207488,0.7546122847122098,5
113,82.07952430888919,0.23056022520256114,0.7578296364137358,5
114,82.09264481904395,0.23099561032766422,0.7610469881152618,5
115,82.10557147264974,0.23143188436034795,0.7642643398167879,5
116,82.11830713395204,0.23186904916885998,0.767481691518314,5
117,82.13085462487686,0.23230710662541398,0.77069904321984,5
118,82.143216725656,0.23274605860619818,0.7739163949213661,5
119,82.15539617544319,0.23318590699138383,0.7771337466228921,5
120,82.16739567292089,0.23362665366513363,0.7803510983244183,5
121,82.17921787689836,0.23406830051561026,0.7835684500259443,5
122,82.19086540690074,0.23451084943498493,0.7867858017274704,5
123,82.20234084374945,0.23495430231944592,0.7900031534289963,5
124,82.21364673013413,0.23539866106920704,0.7932205051305224,5
125,82.22478557117593,0.2358439275885163,0.7964378568320486,5
126,82.23575983498269,0.23629010378566453,0.7996552085335747,5
127,82.24657195319573,0.23673719157299383,0.8028725602351007,5
128,82.25722432152871,0.23718519286690645,0.8060899119366267,5
129,82.26771930029841,0.23763410958787323,0.8093072636381528,5
130,82.27805921494776,0.23808394366044228,0.8125246153396789,5
131,82.2882463565611,0.2385346970132478,0.8157419670412049,5
132,82.2982829823718,0.2389863715790187,0.8189593187427311,5
133,82.30817131626247,0.23943896929458724,0.822176670444257,5
134,82.31791354925764,0.23989249210089802,0.8253940221457832,5
135,82.32751184000932,0.24034694194301634,0.8286113738473093,5
136,82.33696831527524,0.24080232077013747,0.8318287255488352,5
137,82.34628507039014,0.24125863053559501,0.8350460772503612,5
138,82.35546416973,0.24171587319686993,0.8382634289518873,5
139,82.36450764716955,0.2421740507155995,0.8414807806534135,5
140,82.37341750653279,0.24263316505758575,0.8446981323549396,5
141,82.38219572203711,0.24309321819280477,0.8479154840564657,5
142,82.39084423873066,0.24355421209541545,0.8511328357579916,5
143,82.3993649729234,0.24401614874376823,0.8543501874595177,5
144,82.40775981261157,0.24447903012041433,0.8575675391610439,5
145,82.41603061789625,0.2449428582121144,0.8607848908625698,5
146,82.42417922139526,0.2454076350098477,0.8640022425640957,5
147,82.43220742864943,0.24587336250882091,0.8672195942656219,5
148,82.44011701852257,0.2463400427084774,0.870436945967148,5
149,82.44790974359559,0.246807677612506,0.8736542976686742,5
150,82.45558733055495,0.24727626922885007,0.8768716493702001,5
151,82.46315148057514,0.24774581956971675,0.8800890010717262,5
152,82.47060386969568,0.24821633065158583,0.8833063527732523,5
153,82.47794614919249,0.2486878044952189,0.8865237044747785,5
154,82.48517994594376,0.2491602431256687,0.8897410561763044,5
155,82.49230686279037,0.24963364857228793,0.8929584078778305,5
156,82.4993284788912,0.2501080228687385,0.8961757595793565,5
157,82.50624635007287,0.2505833680530009,0.8993931112808826,5
158,82.51306200917455,0.2510596861673833,0.9026104629824088,5
159,82.5197769663876,0.2515369792585304,0.9058278146839347,5
160,82.5263927095902,0.25201524937743336,0.9090451663854607,5
161,82.532910704677,0.2524944985794386,0.9122625180869869,5
162,82.53933239588393,0.2529747289242572,0.915479869788513,5
163,82.54565920610825,0.25345594247597397,0.9186972214900391,5
164,82.55189253722381,0.2539381413030572,0.9219145731915651,5
165,82.55803377039162,0.2544213274783677,0.925131924893091,5
166,82.56408426636597,0.25490550307916826,0.9283492765946172,5
167,82.57004536579588,0.2553906701871329,0.9315666282961433,5
168,82.5759183895222,0.25587683088835644,0.9347839799976693,5
169,82.58170463887022,0.25636398727336385,0.9380013316991953,5
170,82.58740539593809,0.25685214143711954,0.9412186834007215,5
171,82.59302192388084,0.2573412954790372,0.9444360351022475,5
172,82.59855546719027,0.25783145150298886,0.9476533868037736,5
173,82.60400725197073,0.2583226116173145,0.9508707385052997,5
174,82.6093784862108,0.2588147779348318,0.9540880902068256,5
175,82.61467036005092,0.25930795257284545,0.9573054419083518,5
176,82.61988404604713,0.25980213765315674,0.9605227936098779,5
177,82.62502069943083,0.2602973353020731,0.9637401453114041,5
178,82.63008145836484,0.260793547650418,0.96695749701293,5
179,82.63506744419547,0.26129077683354,0.9701748487144559,5
180,82.63997976170108,0.261789024991323,0.9733922004159821,5
181,82.6448194993369,0.26228829426819555,0.9766095521175082,5
182,82.64958772947605,0.2627885868131405,0.9798269038190343,5
183,82.65428550864735,0.263289904779705,0.9830442555205602,5
184,82.65891387776924,0.2637922503260099,0.9862616072220863,5
185,82.66347386238057,0.26429562561475967,0.9894789589236125,5
186,82.66796647286776,0.26480003281325215,0.9926963106251386,5
187,82.67239270468868,0.2653054740933882,0.9959136623266646,5
188,82.67675353859323,0.2658119516316819,0.9991310140281905,5
189,82.6810499408407,0.2663194676092698,1.0023483657297168,5
190,82.68528286341375,0.26682802421192103,1.005565717431243,5
191,82.68945324422948,0.2673376236300475,1.0087830691327688,5
192,82.6935620073472,0.2678482680587132,1.012000420834295,5
193,82.6976100631731,0.2683599596976447,1.015217772535821,5
194,82.70159830866213,0.2688727007512405,1.018435124237347,5
195,82.70552762751662,0.2693864934285814,1.0216524759388732,5
196,82.70939889038213,0.2699013399434403,1.0248698276403991,5
197,82.71321295504039,0.2704172425142924,1.028087179341925,5
198,82.71697066659931,0.27093420336432483,1.0313045310434512,5
199,82.72067285768027,0.271452224721447,1.0345218827449774,5
200,82.72432034860262,0.27197130881830067,1.0377392344465035,5
201,82.72791394756543,0.2724914578922699,1.0409565861480294,5
202,82.73145445082653,0.2730126741854911,1.0441739378495554,5
203,82.73494264287903,0.27353495994486327,1.0473912895510815,5
204,82.73837929662506,0.27405831742205833,1.0506086412526077,5
205,82.74176517354708,0.2745827488735308,1.0538259929541336,5
206,82.74510102387656,0.27510825656052845,1.0570433446556597,5
207,82.74838758676027,0.27563484274910227,1.060260696357186,5
208,82.75162559042403,0.2761625097101168,1.0634780480587118,5
209,82.75481575233405,0.2766912597192603,1.066695399760238,5
210,82.75795877935593,0.2772210950570551,1.0699127514617641,5
211,82.76105536791128,0.277752018008868,1.07313010316329,5
212,82.76410620413202,0.27828403086492026,1.0763474548648162,5
213,82.76711196401241,0.27881713592029833,1.0795648065663423,5
214,82.77007331355887,0.27935133547496394,1.0827821582678683,5
215,82.7729909089375,0.2798866318337646,1.0859995099693944,5
216,82.77586539661951,0.28042302730644403,1.0892168616709204,5
217,82.77869741352443,0.28096052420765255,1.0924342133724465,5
218,82.78148758716125,0.2814991248569575,1.0956515650739727,5
219,82.78423653576752,0.2820388315788537,1.0988689167754986,5
220,82.78694486844623,0.28257964670277425,1.1020862684770245,5
221,82.78961318530082,0.2831215725631005,1.1053036201785507,5
222,82.79224207756819,0.28366461149917316,1.1085209718800768,5
223,82.79483212774967,0.2842087658553024,1.111738323581603,5
224,82.79738390974006,0.2847540379807787,1.1149556752831289,5
225,82.79989798895483,0.28530043022988344,1.1181730269846548,5
226,82.8023749224554,0.2858479449618995,1.121390378686181,5
227,82.80481525907256,0.28639658454112193,1.1246077303877071,5
228,82.80721953952808,0.2869463513368686,1.1278250820892333,5
229,82.80958829655454,0.28749724772349067,1.1310424337907592,5
230,82.81192205501333,0.28804927608038405,1.1342597854922853,5
231,82.81422133201099,0.28860243879199915,1.1374771371938115,5
232,82.81648663701375,0.2891567382478525,1.1406944888953376,5
233,82.8187184719605,0.28971217684253703,1.1439118405968636,5
234,82.82091733137385,0.2902687569757331,1.1471291922983895,5
235,82.82308370246986,0.2908264810522193,1.1503465439999156,5
236,82.82521806526594,0.2913853514818833,1.1535638957014418,5
237,82.82732089268717,0.29194537067973275,1.1567812474029677,5
238,82.82939265067115,0.29250654106590607,1.1599985991044939,5
239,82.83143379827122,0.29306886506568375,1.1632159508060198,5
240,82.83344478775814,0.2936323451094987,1.166433302507546,5
241,82.83542606472038,0.2941969836329479,1.169650654209072,5
242,82.83737806816278,0.29476278307680287,1.172868005910598,5
243,82.83930123060384,0.29532974588702093,1.176085357612124,5
244,82.84119597817157,0.2958978745147563,1.17930270931365,5
245,82.84306273069794,0.296467171416371,1.1825200610151763,5
246,82.84490190181182,0.2970376390534462,1.1857374127167022,5
247,82.84671389903073,0.2976092798927929,1.1889547644182283,5
248,82.84849912385104,0.29818209640646365,1.1921721161197545,5
249,82.85025797183702,0.29875609107176326,1.1953894678212806,5
250,82.85199083270842,0.2993312663712602,1.1986068195228066,5
251,82.85369809042687,0.29990762479279764,1.2018241712243327,5
252,82.85538012328092,0.3004851688295051,1.2050415229258589,5
253,82.85703730396989,0.3010639009798091,1.2082588746273848,5
254,82.85866999968643,0.30164382374744503,1.211476226328911,5
255,82.8602785721979,0.3022249396414681,1.2146935780304369,5
256,82.86186337792651,0.3028072511762647,1.217910929731963,5
257,82.86342476802832,0.30339076087156414,1.2211282814334892,5
258,82.86496308847101,0.3039754712524493,1.224345633135015,5
259,82.86647868011057,0.30456138484936873,1.2275629848365412,5
260,82.86797187876684,0.305148504198148,1.2307803365380672,5
261,82.86944301529783,0.30573683184000044,1.2339976882395933,5
262,82.8708924156732,0.3063263703215398,1.2372150399411193,5
263,82.87232040104628,0.3069171221947907,1.2404323916426454,5
264,82.87372728782539,0.3075090900172006,1.2436497433441716,5
265,82.8751133877439,0.30810227635165166,1.2468670950456975,5
266,82.87647900792925,0.30869668376647147,1.2500844467472236,5
267,82.87782445097109,0.3092923148354457,1.2533017984487496,5
268,82.87915001498828,0.3098891721378288,1.2565191501502757,5
269,82.88045599369494,0.3104872582583563,1.2597365018518019,5
270,82.88174267646552,0.3110865757872561,1.262953853553328,5
271,82.88301034839898,0.3116871273202606,1.266171205254854,5
272,82.8842592903819,0.3122889154586177,1.26938855695638,5
273,82.88548977915076,0.3128919428091034,1.2726059086579062,5
274,82.8867020873532,0.31349621198403277,1.2758232603594322,5
275,82.88789648360849,0.31410172560127264,1.2790406120609583,5
276,82.88907323256704,0.3147084862842527,1.2822579637624842,5
277,82.890232594969,0.3153164966619775,1.2854753154640104,5
278,82.89137482770212,0.31592575936903866,1.2886926671655363,5
279,82.89250018385856,0.3165362770456263,1.2919100188670625,5
280,82.89360891279102,0.3171480523375415,1.2951273705685886,5
281,82.89470126016806,0.3177610878962079,1.2983447222701145,5
282,82.89577746802838,0.31837538637868346,1.3015620739716407,5
283,82.89683777483461,0.3189909504476731,1.3047794256731666,5
284,82.89788241552604,0.3196077827715403,1.3079967773746928,5
285,82.89891162157072,0.3202258860243191,1.3112141290762187,5
286,82.89992562101676,0.3208452628857267,1.3144314807777449,5
287,82.90092463854282,0.3214659160411748,1.317648832479271,5
288,82.90190889550792,0.3220878481817822,1.320866184180797,5
289,82.90287861000049,0.32271106200438715,1.324083535882323,5
290,82.90383399688666,0.32333556021155907,1.3273008875838492,5
291,82.90477526785796,0.32396134551161104,1.3305182392853754,5
292,82.90570263147809,0.32458842061861193,1.3337355909869013,5
293,82.90661629322925,0.32521678825239886,1.3369529426884275,5
294,82.90751645555761,0.32584645113858907,1.3401702943899536,5
295,82.90840331791817,0.32647741200859276,1.3433876460914795,5
296,82.909277076819,0.327109673599625,1.3466049977930057,5
297,82.9101379258647,0.3277432386547185,1.3498223494945316,5
298,82.9109860557994,0.32837810992273553,1.3530397011960578,5
299,82.91182165454893,0.3290142901583808,1.3562570528975837,5
300,82.91264490726252,0.3296517821222136,1.3594744045991098,5
301,82.9134559963538,0.3302905885806603,1.3626917563006358,5
302,82.91425510154124,0.3309307123060273,1.365909108002162,5
303,82.91504239988794,0.3315721560765128,1.369126459703688,5
304,82.91581806584087,0.3322149226762198,1.372343811405214,5
305,82.91658227126956,0.33285901489516895,1.3755611631067401,5
306,82.91733518550413,0.33350443552931053,1.378778514808266,5
307,82.91807697537283,0.3341511873805374,1.3819958665097922,5
308,82.91880780523906,0.3347992732566979,1.3852132182113182,5
309,82.91952783703766,0.33544869597160804,1.3884305699128443,5
310,82.92023723031093,0.3360994583450647,1.3916479216143705,5
311,82.92093614224392,0.3367515632028579,1.3948652733158966,5
312,82.92162472769921,0.33740501337678414,1.3980826250174225,5
313,82.92230313925133,0.33805981170465865,1.4012999767189487,5
314,82.92297152722045,0.3387159610303285,1.4045173284204748,5
315,82.92363003970581,0.3393734642036854,1.4077346801220008,5
316,82.92427882261845,0.3400323240806787,1.410952031823527,5
317,82.92491801971353,0.3406925435233279,1.414169383525053,5
318,82.92554777262227,0.3413541253997362,1.417386735226579,5
319,82.92616822088323,0.342017072584103,1.4206040869281051,5
320,82.9267795019733,0.34268138795673697,1.423821438629631,5
321,82.92738175133815,0.34334707440406914,1.4270387903311572,5
322,82.9279751024222,0.34401413481866583,1.4302561420326831,5
323,82.92855968669825,0.3446825720992422,1.4334734937342093,5
324,82.92913563369656,0.34535238915067445,1.4366908454357354,5
325,82.92970307103357,0.3460235888840138,1.4399081971372614,5
326,82.93026212444018,0.34669617421649934,1.4431255488387875,5
327,82.93081291778961,0.34737014807157096,1.4463429005403134,5
328,82.93135557312485,0.3480455133788831,1.4495602522418396,5
329,82.93189021068568,0.3487222730743174,1.4527776039433655,5
330,82.93241694893533,0.34940043009999666,1.4559949556448917,5
331,82.93293590458674,0.35007998740429713,1.4592123073464178,5
332,82.9334471926284,0.350760947941863,1.462429659047944,5
333,82.93395092634982,0.35144331467361917,1.46564701074947,5
334,82.9344472173667,0.3521270905667843,1.468864362450996,5
335,82.93493617564552,0.3528122785948849,1.4720817141525222,5
336,82.9354179095281,0.3534988817377683,1.4752990658540481,5
337,82.9358925257554,0.3541869029816165,1.4785164175555743,5
338,82.93636012949139,0.3548763453189593,1.4817337692571002,5
339,82.93682082434611,0.355567211748688,1.4849511209586264,5
340,82.93727471239885,0.35625950527606887,1.4881684726601525,5
341,82.93772189422062,0.35695322891275694,1.4913858243616784,5
342,82.9381624688965,0.3576483856768094,1.4946031760632046,5
343,82.93859653404758,0.35834497859269937,1.4978205277647305,5
344,82.93902418585259,0.3590430106913295,1.5010378794662567,5
345,82.93944551906922,0.3597424850100457,1.5042552311677826,5
346,82.9398606270551,0.36044340459265084,1.5074725828693087,5
347,82.94026960178847,0.3611457724894185,1.510689934570835,5
348,82.94067253388864,0.36184959175710685,1.5139072862723608,5
349,82.94106951263598,0.3625548654589726,1.517124637973887,5
350,82.94146062599171,0.3632615966647843,1.520341989675413,5
351,82.94184596061747,0.3639697884508368,1.523559341376939,5
352,82.94222560189442,0.36467944389996493,1.5267766930784652,5
353,82.94259963394225,0.36539056610155746,1.5299940447799913,5
354,82.94296813963774,0.3661031581515709,1.5332113964815173,5
355,82.94333120063317,0.3668172231525439,1.5364287481830434,5
356,82.9436888973744,0.3675327642136108,1.5396460998845696,5
357,82.9440413091187,0.36824978445051604,1.5428634515860955,5
358,82.94438851395232,0.3689682869856281,1.5460808032876217,5
359,82.94473058880776,0.36968827494795364,1.5492981549891476,5
360,82.94506760948083,0.3704097514731516,1.5525155066906737,5
361,82.94539965064749,0.3711327197035474,1.5557328583921997,5
362,82.94572678588031,0.37185718278814733,1.5589502100937258,5
363,82.94604908766485,0.37258314388265246,1.562167561795252,5
364,82.94636662741567,0.37331060614947287,1.5653849134967779,5
365,82.9466794754922,0.3740395727577428,1.568602265198304,5
366,82.94698770121428,0.37477004688333376,1.57181961689983,5
367,82.94729137287756,0.3755020317088696,1.5750369686013561,5
368,82.9475905577686,0.3762355304237408,1.578254320302882,5
369,82.94788532217983,0.3769705462241188,1.5814716720044082,5
370,82.94817573142414,0.37770708231297057,1.5846890237059343,5
371,82.9484618498495,0.37844514190007306,1.5879063754074605,5
372,82.94874374085305,0.3791847282020274,1.5911237271089866,5
373,82.94902146689529,0.3799258444422742,1.5943410788105126,5
374,82.94929508951385,0.38066849385110696,1.5975584305120387,5
375,82.94956466933715,0.38141267966568815,1.6007757822135644,5
376,82.94983026609776,0.3821584051300625,1.6039931339150906,5
377,82.95009193864576,0.38290567349517224,1.6072104856166167,5
378,82.95034974496168,0.38365448801887225,1.6104278373181429,5
379,82.95060374216943,0.3844048519659437,1.613645189019669,5
380,82.95085398654885,0.38515676860811,1.6168625407211952,5
381,82.95110053354827,0.3859102412240506,1.6200798924227213,5
382,82.95134343779677,0.38666527309941656,1.623297244124247,5
383,82.95158275311627,0.3874218675268448,1.6265145958257732,5
384,82.95181853253348,0.38818002780597355,1.6297319475272993,5
385,82.95205082829163,0.3889397572434569,1.632949299228825,5
386,82.95227969186203,0.38970105915297987,1.6361666509303512,5
387,82.95250517395556,0.39046393685527325,1.6393840026318773,5
388,82.95272732453375,0.391228393678129,1.6426013543334035,5
389,82.95294619282004,0.3919944329564148,1.6458187060349296,5
390,82.95316182731052,0.39276205803208947,1.6490360577364558,5
391,82.9533742757848,0.39353127225421813,1.6522534094379815,5
392,82.95358358531647,0.39430207897898695,1.6554707611395076,5
393,82.95378980228368,0.3950744815697187,1.6586881128410338,5
394,82.95399297237931,0.39584848339688794,1.6619054645425597,5
395,82.95419314062111,0.39662408783813585,1.6651228162440859,5
396,82.95439035136171,0.3974012982782862,1.668340167945612,5
397,82.95458464829842,0.39818011810936016,1.6715575196471382,5
398,82.95477607448291,0.3989605507305915,1.6747748713486643,5
399,82.95496467233076,0.39974259954844243,1.6779922230501905,5
400,82.95515048363087,0.4005262679766189,1.6812095747517164,5
401,82.95533354955471,0.4013115594360856,1.6844269264532423,5
402,82.9555139106654,0.40209847735508203,1.6876442781547685,5
403,82.95569160692678,0.40288702516913766,1.6908616298562942,5
404,82.95586667771221,0.4036772063210875,1.6940789815578203,5
405,82.95603916181327,0.4044690242610877,1.6972963332593465,5
406,82.95620909744845,0.4052624824466313,1.7005136849608726,5
407,82.95637652227153,0.40605758434256345,1.7037310366623988,5
408,82.95654147337993,0.4068543334210978,1.706948388363925,5
409,82.956703987323,0.40765273316183115,1.710165740065451,5
410,82.95686410011002,0.4084527870517603,1.7133830917669768,5
411,82.95702184721827,0.40925449858529717,1.716600443468503,5
412,82.95717726360084,0.4100578712642848,1.7198177951700289,5
413,82.95733038369438,0.41086290859801294,1.723035146871555,5
414,82.95748124142673,0.4116696141032343,1.7262524985730812,5
415,82.95762987022447,0.41247799130418034,1.7294698502746073,5
416,82.95777630302024,0.4132880437325769,1.7326872019761332,5
417,82.95792057226018,0.41409977492766065,1.7359045536776594,5
418,82.95806270991098,0.41491318843619474,1.7391219053791855,5
419,82.95820274746703,0.41572828781248505,1.7423392570807115,5
420,82.95834071595739,0.4165450766183962,1.7455566087822376,5
421,82.95847664595267,0.41736355842336736,1.7487739604837633,5
422,82.9586105675718,0.4181837368044292,1.7519913121852895,5
423,82.95874251048868,0.41900561534621905,1.7552086638868156,5
424,82.95887250393879,0.41982919764099796,1.7584260155883418,5
425,82.95900057672566,0.42065448728866633,1.761643367289868,5
426,82.95912675722722,0.4214814878967805,1.764860718991394,5
427,82.95925107340214,0.4223102030805694,1.7680780706929202,5
428,82.95937355279601,0.4231406364629501,1.771295422394446,5
429,82.95949422254738,0.42397279167454466,1.774512774095972,5
430,82.95961310939387,0.4248066723536968,1.7777301257974982,5
431,82.95973023967805,0.4256422821464878,1.7809474774990242,5
432,82.95984563935325,0.42647962470675344,1.78416482920055,5
433,82.95995933398935,0.4273187036961002,1.7873821809020762,5
434,82.96007134877843,0.42815952278392216,1.7905995326036024,5
435,82.96018170854038,0.4290020856474173,1.7938168843051285,5
436,82.96029043772833,0.42984639597160423,1.7970342360066547,5
437,82.96039756043415,0.43069245744933893,1.8002515877081808,5
438,82.96050310039374,0.4315402737813315,1.8034689394097068,5
439,82.96060708099228,0.43238984867616254,1.806686291111233,5
440,82.96070952526946,0.43324118585030036,1.8099036428127586,5
441,82.96081045592456,0.43409428902811764,1.8131209945142848,5
442,82.96090989532144,0.43494916194190825,1.816338346215811,5
443,82.96100786549357,0.43580580833190397,1.819555697917337,5
444,82.96110438814885,0.43666423194629184,1.8227730496188632,5
445,82.96119948467447,0.4375244365412307,1.8259904013203894,5
446,82.96129317614158,0.43838642588086824,1.8292077530219155,5
447,82.96138548331005,0.43925020373735835,1.8324251047234412,5
448,82.96147642663298,0.44011577389087786,1.8356424564249674,5
449,82.96156602626131,0.4409831401296436,1.838859808126493,5
450,82.96165430204823,0.4418523062499299,1.8420771598280192,5
451,82.96174127355359,0.44272327605608536,1.8452945115295454,5
452,82.96182696004824,0.44359605336055025,1.8485118632310715,5
453,82.96191138051834,0.44447064198387404,1.8517292149325977,5
454,82.96199455366948,0.4453470457547318,1.8549465666341238,5
455,82.96207649793091,0.44622526850994265,1.85816391833565,5
456,82.96215723145956,0.44710531409448634,1.861381270037176,5
457,82.9622367721441,0.4479871863615209,1.864598621738702,5
458,82.96231513760888,0.4488708891723999,1.8678159734402278,5
459,82.96239234521789,0.44975642639669067,1.871033325141754,5
460,82.96246841207852,0.4506438019121903,1.87425067684328,5
461,82.96254335504543,0.45153301960494463,1.8774680285448062,5
462,82.96261719072422,0.4524240833692654,1.8806853802463324,5
463,82.96268993547517,0.4533169971077473,1.8839027319478585,5
464,82.9627616054168,0.4542117647312866,1.8871200836493847,5
465,82.96283221642953,0.45510839015909793,1.8903374353509104,5
466,82.9629017841591,0.45600687731873246,1.8935547870524365,5
467,82.9629703240201,0.4569072301460958,1.8967721387539627,5
468,82.96303785119939,0.4578094525854655,1.8999894904554884,5
469,82.96310438065937,0.4587135485895091,1.9032068421570145,5
470,82.96316992714148,0.4596195221193017,1.9064241938585407,5
471,82.96323450516925,0.4605273771443443,1.9096415455600668,5
472,82.96329812905168,0.46143711764258155,1.912858897261593,5
473,82.96336081288635,0.4623487476004199,1.9160762489631191,5
474,82.96342257056251,0.4632622710127452,1.9192936006646448,5
475,82.96348341576427,0.4641776918829412,1.922510952366171,5
476,82.96354336197346,0.46509501422290755,1.9257283040676971,5
477,82.9636024224728,0.4660142420530782,1.928945655769223,5
478,82.96366061034873,0.4669353794024389,1.9321630074707492,5
479,82.96371793849428,0.4678584303085461,1.9353803591722754,5
480,82.96377441961207,0.46878339881754494,1.9385977108738015,5
481,82.96383006621699,0.46971028898418754,1.9418150625753277,5
482,82.96388489063902,0.47063910487185134,1.9450324142768538,5
483,82.96393890502601,0.471569850552558,1.94824976597838,5
484,82.96399212134625,0.4725025301069907,1.9514671176799057,5
485,82.96404455139127,0.4734371476245136,1.9546844693814318,5
486,82.96409620677832,0.47437370720319016,1.9579018210829575,5
487,82.96414709895306,0.47531221294980136,1.9611191727844837,5
488,82.96419723919199,0.4762526689798645,1.9643365244860098,5
489,82.96424663860502,0.4771950794176517,1.967553876187536,5
490,82.96429530813792,0.4781394483962088,1.9707712278890621,5
491,82.96434325857471,0.4790857800573737,1.9739885795905883,5
492,82.9643905005401,0.4800340785517956,1.977205931292114,5
493,82.96443704450182,0.4809843480389532,1.9804232829936401,5
494,82.96448290077292,0.481936592687174,1.9836406346951663,5
495,82.96452807951407,0.48289081667365275,1.9868579863966924,5
496,82.96457259073584,0.4838470241844709,1.9900753380982183,5
497,82.96461644430087,0.4848052194146148,1.9932926897997445,5
498,82.9646596499261,0.48576540656799555,1.9965100415012706,5
499,82.9647022171849,0.4867275898574673,1.9997273932027966,5
500,82.96474415550915,0.4876917735048465,2.002944744904323,5
501,82.96478547419144,0.4886579617409313,2.0061620966058484,5
502,82.96482618238701,0.4896261588055204,2.009379448307375,5
503,82.96486628911586,0.49059636894743225,2.0125968000089007,5
504,82.96490580326468,0.4915685964245244,2.015814151710427,5
505,82.96494473358892,0.4925428455037126,2.019031503411953,5
506,82.96498308871462,0.4935191204609904,2.022248855113479,5
507,82.96502087714038,0.49449742558144816,2.025466206815005,5
508,82.96505810723923,0.49547776515929287,2.0286835585165313,5
509,82.9650947872605,0.49646014349786693,2.031900910218057,5
510,82.96513092533164,0.4974445649096682,2.035118261919583,5
511,82.96516652945998,0.4984310337163693,2.0383356136211095,5
512,82.96520160753458,0.49941955424883727,2.0415529653226354,5
513,82.96523616732793,0.5004101308471528,2.044770317024162,5
514,82.96527021649766,0.5014027678606305,2.0479876687256877,5
515,82.96530376258829,0.5023974696478382,2.0512050204272136,5
516,82.96533681303285,0.5033942405766163,2.0544223721287396,5
517,82.96536937515452,0.5043930850240984,2.057639723830266,5
518,82.96540145616837,0.5053940073767305,2.060857075531792,5
519,82.96543306318274,0.506397012030291,2.064074427233318,5
520,82.96546420320104,0.5074021033899105,2.0672917789348437,5
521,82.96549488312317,0.5084092858700922,2.07050913063637,5
522,82.96552510974709,0.5094185638947311,2.073726482337896,5
523,82.9655548897703,0.5104299418971345,2.0769438340394224,5
524,82.96558422979139,0.5114434243200422,2.080161185740948,5
525,82.96561313631139,0.5124590156156463,2.0833785374424743,5
526,82.96564161573534,0.5134767202456114,2.086595889144,5
527,82.9656696743736,0.5144965426810949,2.0898132408455266,5
528,82.96569731844332,0.5155184874027671,2.0930305925470525,5
529,82.96572455406978,0.5165425589008316,2.0962479442485784,5
530,82.96575138728775,0.5175687616750458,2.099465295950105,5
531,82.96577782404287,0.5185971002347408,2.1026826476516307,5
532,82.96580387019289,0.5196275790988419,2.105899999353157,5
533,82.96582953150903,0.5206602027958896,2.1091173510546826,5
534,82.96585481367725,0.5216949758640594,2.112334702756209,5
535,82.96587972229949,0.522731902851183,2.115552054457735,5
536,82.96590426289491,0.5237709883147678,2.1187694061592612,5
537,82.96592844090114,0.524812236822019,2.121986757860787,5
538,82.96595226167547,0.5258556529498594,2.125204109562313,5
539,82.96597573049601,0.5269012412849494,2.128421461263839,5
540,82.96599885256293,0.5279490064237101,2.1316388129653654,5
541,82.96602163299953,0.5289989529723413,2.1348561646668913,5
542,82.96604407685342,0.5300510855468443,2.1380735163684172,5
543,82.96606618909763,0.5311054087730417,2.141290868069943,5
544,82.96608797463173,0.5321619272865993,2.1445082197714695,5
545,82.9661094382829,0.533220645733046,2.1477255714729955,5
546,82.96613058480696,0.5342815687677959,2.150942923174522,5
547,82.9661514188895,0.5353447010561684,2.1541602748760478,5
548,82.96617194514685,0.5364100472734101,2.1573776265775737,5
549,82.96619216812718,0.5374776121047153,2.1605949782790996,5
550,82.96621209231141,0.5385474002452482,2.163812329980626,5
551,82.96623172211429,0.5396194164001626,2.167029681682152,5
552,82.9662510618853,0.5406936652846248,2.170247033383678,5
553,82.96627011590972,0.5417701516238338,2.1734643850852042,5
554,82.96628888840947,0.5428488801530431,2.17668173678673,5
555,82.96630738354406,0.5439298556175828,2.1798990884882565,5
556,82.96632560541163,0.5450130827728794,2.183116440189782,5
557,82.9663435580497,0.5460985663844791,2.1863337918913084,5
558,82.96636124543616,0.5471863112280685,2.1895511435928343,5
559,82.96637867149012,0.5482763220894961,2.1927684952943607,5
560,82.96639584007278,0.5493686037647943,2.1959858469958866,5
561,82.96641275498831,0.5504631610602013,2.1992031986974125,5
562,82.96642941998468,0.5515599987921823,2.2024205503989385,5
563,82.96644583875442,0.5526591217874515,2.205637902100465,5
564,82.96646201493559,0.553760534882994,2.2088552538019908,5
565,82.96647795211241,0.554864242926088,2.212072605503517,5
566,82.96649365381623,0.5559702507743264,2.2152899572050426,5
567,82.96650912352617,0.5570785632956383,2.218507308906569,5
568,82.96652436466995,0.5581891853683125,2.221724660608095,5
569,82.96653938062465,0.5593021218810179,2.2249420123096213,5
570,82.96655417471747,0.5604173777328264,2.2281593640111472,5
571,82.96656875022643,0.5615349578332358,2.231376715712673,5
572,82.96658311038111,0.5626548671021906,2.2345940674141995,5
573,82.96659725836341,0.5637771104701053,2.2378114191157255,5
574,82.96661119730817,0.5649016928778858,2.241028770817252,5
575,82.96662493030395,0.5660286192769535,2.2442461225187773,5
576,82.96663846039367,0.5671578946292654,2.2474634742203037,5
577,82.96665179057526,0.5682895239073381,2.2506808259218296,5
578,82.96666492380238,0.5694235120942703,2.253898177623356,5
579,82.96667786298508,0.5705598641837645,2.2571155293248815,5
580,82.96669061099034,0.5716985851801505,2.260332881026408,5
581,82.96670317064284,0.5728396800984072,2.2635502327279338,5
582,82.96671554472552,0.5739831539641863,2.26676758442946,5
583,82.96672773598016,0.575129011813834,2.269984936130986,5
584,82.96673974710808,0.5762772586944146,2.273202287832512,5
585,82.96675158077066,0.577427899663733,2.276419639534038,5
586,82.96676323958997,0.5785809397903574,2.2796369912355643,5
587,82.96677472614931,0.5797363841536429,2.28285434293709,5
588,82.96678604299386,0.580894237843754,2.2860716946386166,5
589,82.96679719263115,0.5820545059616875,2.2892890463401425,5
590,82.9668081775317,0.583217193619296,2.2925063980416684,5
591,82.96681900012949,0.5843823059393105,2.2957237497431944,5
592,82.96682966282258,0.5855498480553649,2.2989411014447207,5
593,82.96684016797353,0.5867198251120174,2.3021584531462467,5
594,82.96685051791009,0.5878922422647748,2.3053758048477726,5
595,82.96686071492553,0.5890671046801161,2.308593156549299,5
596,82.96687076127928,0.5902444175355154,2.311810508250825,5
597,82.96688065919737,0.5914241860194653,2.3150278599523513,5
598,82.96689041087296,0.5926064153315006,2.3182452116538768,5
599,82.9669000184668,0.593791110682222,2.321462563355403,5
600,82.9669094841077,0.5949782772933193,2.324679915056929,5
601,82.96691880989303,0.5961679203975949,2.3278972667584554,5
602,82.96692799788916,0.5973600452389886,2.331114618459981,5
603,82.96693705013193,0.5985546570725999,2.3343319701615073,5
604,82.96694596862713,0.5997517611647127,2.337549321863033,5
605,82.96695475535086,0.600951362792819,2.3407666735645596,5
606,82.96696341225008,0.6021534672456423,2.3439840252660855,5
607,82.96697194124295,0.6033580798231623,2.3472013769676114,5
608,82.96698034421928,0.6045652058366382,2.3504187286691374,5
609,82.96698862304099,0.6057748506086335,2.3536360803706637,5
610,82.96699677954248,0.6069870194730392,2.3568534320721897,5
611,82.96700481553103,0.6082017177750988,2.360070783773716,5
612,82.96701273278723,0.6094189508714318,2.363288135475242,5
613,82.96702053306535,0.6106387241300587,2.366505487176768,5
614,82.96702821809376,0.6118610429304245,2.3697228388782943,5
615,82.96703578957529,0.6130859126634236,2.37294019057982,5
616,82.9670432491876,0.6143133387314237,2.376157542281346,5
617,82.96705059858355,0.6155433265482912,2.379374893982872,5
618,82.96705783939161,0.6167758815394148,2.3825922456843984,5
619,82.96706497321618,0.6180110091417302,2.3858095973859244,5
620,82.96707200163794,0.6192487148037452,2.3890269490874507,5
621,82.96707892621423,0.620489003985564,2.392244300788976,5
622,82.96708574847936,0.6217318821589117,2.3954616524905026,5
623,82.96709246994502,0.6229773548071599,2.3986790041920285,5
624,82.96709909210048,0.6242254274253507,2.401896355893555,5
625,82.96710561641311,0.6254761055202216,2.405113707595081,5
626,82.96711204432849,0.6267293946102312,2.4083310592966067,5
627,82.96711837727094,0.6279853002255834,2.4115484109981327,5
628,82.96712461664367,0.6292438279082527,2.414765762699659,5
629,82.9671307638292,0.6305049832120098,2.417983114401185,5
630,82.96713682018958,0.6317687717024455,2.421200466102711,5
631,82.96714278706676,0.6330351989569974,2.4244178178042373,5
632,82.96714866578289,0.634304270564974,2.427635169505763,5
633,82.96715445764052,0.6355759921275803,2.430852521207289,5
634,82.96716016392301,0.636850369257944,2.4340698729088155,5
635,82.96716578589475,0.6381274075811396,2.4372872246103414,5
636,82.96717132480141,0.6394071127342148,2.4405045763118673,5
637,82.9671767818703,0.6406894903662153,2.4437219280133937,5
638,82.96718215831058,0.6419745461382114,2.4469392797149196,5
639,82.96718745531354,0.6432622857233226,2.4501566314164456,5
640,82.96719267405287,0.6445527148067438,2.4533739831179715,5
641,82.96719781568491,0.6458458390857712,2.456591334819498,5
642,82.96720288134897,0.6471416642698274,2.459808686521024,5
643,82.96720787216744,0.6484401960804881,2.46302603822255,5
644,82.96721278924616,0.6497414402515076,2.4662433899240757,5
645,82.9672176336747,0.6510454025288446,2.469460741625602,5
646,82.9672224065264,0.6523520886706887,2.472678093327128,5
647,82.96722710885888,0.6536615044474856,2.4758954450286543,5
648,82.96723174171402,0.6549736556419647,2.4791127967301803,5
649,82.96723630611837,0.6562885480491636,2.482330148431706,5
650,82.96724080308329,0.6576061874764555,2.485547500133232,5
651,82.96724523360521,0.6589265797435752,2.4887648518347585,5
652,82.96724959866583,0.6602497306826449,2.4919822035362844,5
653,82.96725389923233,0.661575646138202,2.4951995552378103,5
654,82.96725813625764,0.6629043319672238,2.4984169069393367,5
655,82.96726231068058,0.6642357940391557,2.5016342586408626,5
656,82.96726642342608,0.6655700382359361,2.504851610342389,5
657,82.96727047540547,0.6669070704520246,2.508068962043915,5
658,82.96727446751655,0.6682468965944277,2.511286313745441,5
659,82.96727840064386,0.6695895225827259,2.514503665446967,5
660,82.96728227565893,0.6709349543491006,2.517721017148493,5
661,82.96728609342034,0.6722831978383604,2.520938368850019,5
662,82.96728985477404,0.6736342590079692,2.524155720551545,5
663,82.96729356055346,0.6749881438280718,2.527373072253071,5
664,82.96729721157968,0.6763448582815215,2.5305904239545973,5
665,82.96730080866172,0.6777044083639079,2.5338077756561233,5
666,82.96730435259659,0.679066800083583,2.5370251273576496,5
667,82.96730784416955,0.6804320394616887,2.540242479059175,5
668,82.96731128415425,0.6818001325321845,2.5434598307607015,5
669,82.96731467331291,0.6831710853418742,2.5466771824622274,5
670,82.9673180123965,0.684544903950434,2.549894534163754,5
671,82.96732130214487,0.6859215944304391,2.5531118858652797,5
672,82.96732454328695,0.6873011628673922,2.5563292375668056,5
673,82.9673277365409,0.6886836153597498,2.559546589268332,5
674,82.96733088261428,0.690068958018951,2.562763940969858,5
675,82.9673339822042,0.6914571969694449,2.565981292671384,5
676,82.96733703599742,0.6928483383487177,2.56919864437291,5
677,82.9673400446706,0.6942423883073211,2.572415996074436,5
678,82.96734300889042,0.6956393530088998,2.575633347775962,5
679,82.96734592931367,0.6970392386302204,2.5788506994774885,5
680,82.96734880658742,0.6984420513611973,2.5820680511790144,5
681,82.96735164134925,0.6998477974049233,2.5852854028805403,5
682,82.96735443422725,0.7012564829776954,2.5885027545820662,5
683,82.96735718584026,0.7026681143090445,2.5917201062835926,5
684,82.96735989679797,0.7040826976417632,2.5949374579851185,5
685,82.96736256770107,0.7055002392319334,2.5981548096866445,5
686,82.96736519914138,0.7069207453489559,2.6013721613881704,5
687,82.96736779170195,0.7083442222755776,2.6045895130896968,5
688,82.96737034595724,0.7097706763079205,2.6078068647912227,5
689,82.96737286247321,0.7112001137555102,2.611024216492749,5
690,82.96737534180747,0.7126325409413045,2.6142415681942746,5
691,82.96737778450937,0.7140679642017218,2.617458919895801,5
692,82.96738019112016,0.7155063898866705,2.620676271597327,5
693,82.96738256217309,0.7169478243595763,2.6238936232988532,5
694,82.96738489819353,0.7183922739974127,2.627110975000379,5
695,82.96738719969908,0.7198397451907288,2.630328326701905,5
696,82.96738946719972,0.721290244343679,2.6335456784034315,5
697,82.96739170119785,0.7227437778740511,2.6367630301049574,5
698,82.9673939021885,0.7242003522132962,2.6399803818064838,5
699,82.96739607065933,0.7256599738065569,2.6431977335080092,5
700,82.96739820709085,0.7271226491126979,2.6464150852095356,5
701,82.96740031195642,0.7285883846043341,2.6496324369110615,5
702,82.96740238572245,0.73005718676786,2.652849788612588,5
703,82.96740442884843,0.7315290621034796,2.656067140314114,5
704,82.96740644178705,0.7330040171252353,2.6592844920156398,5
705,82.96740842498436,0.7344820583610382,2.6625018437171657,5
706,82.96741037887976,0.7359631923526966,2.665719195418692,5
707,82.96741230390622,0.7374474256559466,2.668936547120218,5
708,82.96741420049025,0.738934764840481,2.6721538988217444,5
709,82.96741606905212,0.7404252164899798,2.67537125052327,5
710,82.96741791000584,0.7419187872021393,2.6785886022247962,5
711,82.96741972375932,0.7434154835887027,2.681805953926322,5
712,82.96742151071447,0.7449153122754892,2.6850233056278485,5
713,82.96742327126721,0.7464182799024249,2.6882406573293745,5
714,82.96742500580764,0.7479243931235725,2.6914580090309004,5
715,82.9674267147201,0.749433658607161,2.6946753607324263,5
716,82.96742839838326,0.7509460830356167,2.6978927124339527,5
717,82.96743005717016,0.7524616731055932,2.7011100641354786,5
718,82.96743169144837,0.7539804355280011,2.7043274158370045,5
719,82.96743330157997,0.7555023770280396,2.707544767538531,5
720,82.96743488792177,0.7570275043452255,2.710762119240057,5
721,82.96743645082523,0.7585558242334252,2.713979470941583,5
722,82.96743799063668,0.760087343460884,2.7171968226431087,5
723,82.9674395076973,0.7616220688102582,2.720414174344635,5
724,82.96744100234324,0.7631600070786442,2.723631526046161,5
725,82.96744247490565,0.7647011650776102,2.7268488777476874,5
726,82.96744392571085,0.7662455496332276,2.7300662294492133,5
727,82.96744535508029,0.7677931675861002,2.733283581150739,5
728,82.96744676333068,0.7693440257913973,2.736500932852265,5
729,82.96744815077408,0.770898131118883,2.7397182845537915,5
730,82.96744951771788,0.7724554904529483,2.7429356362553174,5
731,82.96745086446498,0.7740161106926418,2.746152987956844,5
732,82.9674521913138,0.7755799987517012,2.7493703396583693,5
733,82.96745349855831,0.7771471615585851,2.7525876913598957,5
734,82.96745478648819,0.7787176060565032,2.7558050430614216,5
735,82.96745605538881,0.7802913392034485,2.759022394762948,5
736,82.96745730554133,0.781868367972229,2.762239746464474,5
737,82.96745853722274,0.7834486993504988,2.765457098166,5
738,82.96745975070596,0.7850323403407903,2.768674449867526,5
739,82.96746094625988,0.7866192979605453,2.771891801569052,5
740,82.96746212414939,0.7882095792421469,2.7751091532705785,5
741,82.9674632846355,0.7898031912329522,2.778326504972104,5
742,82.96746442797534,0.791400140995323,2.7815438566736304,5
743,82.96746555442223,0.7930004356066584,2.7847612083751563,5
744,82.9674666642258,0.7946040821594273,2.7879785600766827,5
745,82.96746775763192,0.7962110877611995,2.791195911778208,5
746,82.9674688348829,0.7978214595346788,2.7944132634797345,5
747,82.9674698962174,0.7994352046177349,2.7976306151812604,5
748,82.9674709418706,0.8010523301634351,2.800847966882787,5
749,82.9674719720742,0.8026728433400788,2.8040653185843127,5
750,82.96747298705645,0.8042967513312272,2.8072826702858387,5
751,82.96747398704227,0.805924061335738,2.8105000219873646,5
752,82.96747497225323,0.8075547805677965,2.813717373688891,5
753,82.96747594290761,0.8091889162569494,2.816934725390417,5
754,82.9674768992205,0.8108264756481373,2.8201520770919433,5
755,82.96747784140379,0.8124674660017269,2.823369428793469,5
756,82.96747876966626,0.8141118945935448,2.826586780494995,5
757,82.96747968421356,0.8157597687149098,2.829804132196521,5
758,82.96748058524837,0.817411095672666,2.8330214838980474,5
759,82.96748147297032,0.8190658827892161,2.8362388355995733,5
760,82.96748234757611,0.8207241374025551,2.8394561873010993,5
761,82.96748320925953,0.822385866866302,2.8426735390026256,5
762,82.9674840582115,0.8240510785497347,2.8458908907041516,5
763,82.96748489462016,0.8257197798378226,2.849108242405678,5
764,82.9674857186708,0.8273919781312604,2.8523255941072034,5
765,82.96748653054603,0.8290676808465013,2.85554294580873,5
766,82.96748733042574,0.8307468954157906,2.8587602975102557,5
767,82.96748811848718,0.8324296292871998,2.861977649211782,5
768,82.96748889490493,0.8341158899246597,2.865195000913308,5
769,82.96748965985107,0.8358056848079953,2.868412352614834,5
770,82.96749041349506,0.8374990214329585,2.87162970431636,5
771,82.9674911560039,0.8391959073112624,2.8748470560178863,5
772,82.96749188754212,0.8408963499706157,2.878064407719412,5
773,82.96749260827181,0.8426003569547564,2.881281759420938,5
774,82.96749331835265,0.8443079358234864,2.884499111122464,5
775,82.967494017942,0.8460190941527055,2.8877164628239904,5
776,82.96749470719487,0.8477338395344455,2.8909338145255163,5
777,82.96749538626396,0.8494521795769049,2.8941511662270427,5
778,82.96749605529976,0.8511741219044835,2.8973685179285686,5
779,82.96749671445052,0.8528996741578162,2.9005858696300946,5
780,82.96749736386225,0.8546288439938092,2.903803221331621,5
781,82.96749800367888,0.8563616390856726,2.907020573033147,5
782,82.96749863404219,0.8580980671229569,2.910237924734673,5
783,82.96749925509181,0.8598381358115867,2.9134552764361987,5
784,82.96749986696538,0.8615818528738963,2.916672628137725,5
785,82.96750046979847,0.8633292260486645,2.919889979839251,5
786,82.96750106372465,0.8650802630911495,2.9231073315407774,5
787,82.96750164887554,0.8668349717731245,2.926324683242303,5
788,82.96750222538077,0.868593359882912,2.9295420349438293,5
789,82.96750279336808,0.8703554352254201,2.932759386645355,5
790,82.96750335296336,0.8721212056221774,2.9359767383468816,5
791,82.96750390429055,0.8738906789113686,2.9391940900484075,5
792,82.96750444747185,0.8756638629478695,2.9424114417499334,5
793,82.96750498262762,0.877440765603283,2.9456287934514593,5
794,82.9675055098764,0.8792213947659753,2.9488461451529857,5
795,82.96750602933506,0.8810057583411104,2.9520634968545116,5
796,82.96750654111865,0.8827938642506872,2.9552808485560376,5
797,82.96750704534061,0.8845857204335743,2.958498200257564,5
798,82.96750754211266,0.8863813348455468,2.96171555195909,5
799,82.96750803154485,0.8881807154593221,2.964932903660616,5
800,82.96750851374566,0.8899838702645952,2.968150255362142,5
0,75.19891638243219,0.2119985221566282,0.295989256277721,6
1,75.2654817052547,0.21238569183686862,0.2984127155559815,6
2,75.33113170272792,0.21277372886931784,0.300836174834242,6
3,75.39587896129267,0.21316263533689558,0.3032596341125025,6
4,75.45973589431631,0.21355241332762312,0.30568309339076305,6
5,75.52271474447271,0.21394306493463577,0.30810655266902354,6
6,75.58482758608932,0.21433459225619572,0.310530011947284,6
7,75.6460863274622,0.21472699739570422,0.3129534712255446,6
8,75.70650271313896,0.21512028246171472,0.3153769305038051,6
9,75.76608832617049,0.21551444956794522,0.3178003897820656,6
10,75.82485459033165,0.2159095008332911,0.32022384906032614,6
11,75.88281277231147,0.21630543838183788,0.3226473083385866,6
12,75.93997398387312,0.21670226434287393,0.32507076761684717,6
13,75.99634918398438,0.21709998085090343,0.32749422689510765,6
14,76.0519491809186,0.21749859004565902,0.32991768617336814,6
15,76.1067846343269,0.2178980940721148,0.3323411454516287,6
16,76.1608660572819,0.2182984950804992,0.33476460472988917,6
17,76.21420381829313,0.21869979522630795,0.3371880640081497,6
18,76.2668081432951,0.219101996670317,0.3396115232864102,6
19,76.31868911760762,0.2195051015785955,0.3420349825646707,6
20,76.36985668786951,0.21990911212251898,0.34445844184293123,6
21,76.42032066394549,0.2203140304787822,0.3468819011211917,6
22,76.47009072080694,0.22071985882941242,0.3493053603994522,6
23,76.5191764003868,0.22112659936178247,0.3517288196777128,6
24,76.567587113409,0.22153425426862383,0.3541522789559733,6
25,76.61533214119258,0.22194282574804003,0.35657573823423383,6
26,76.66242063743123,0.2223523160035197,0.3589991975124943,6
27,76.70886162994813,0.22276272724394985,0.3614226567907548,6
28,76.75466402242685,0.22317406168362924,0.36384611606901535,6
29,76.7998365961183,0.22358632154228164,0.36626957534727583,6
30,76.84438801152434,0.22399950904506924,0.3686930346255364,6
31,76.88832681005815,0.22441362642260598,0.37111649390379686,6
32,76.93166141568175,0.224828675910971,0.37353995318205735,6
33,76.97440013652111,0.22524465975172217,0.3759634124603179,6
34,77.01655116645892,0.22566158019190946,0.3783868717385784,6
35,77.05812258670564,0.22607943948408848,0.38081033101683887,6
36,77.09912236734866,0.2264982398863341,0.38323379029509946,6
37,77.13955836888049,0.22691798366225416,0.38565724957335995,6
38,77.17943834370567,0.22733867308100272,0.38808070885162044,6
39,77.21876993762713,0.22776031041729414,0.390504168129881,6
40,77.257560691312,0.22818289795141639,0.39292762740814147,6
41,77.29581804173733,0.22860643796924524,0.395351086686402,6
42,77.33354932361593,0.2290309327622574,0.3977745459646625,6
43,77.37076177080253,0.22945638462754495,0.40019800524292304,6
44,77.4074625176807,0.22988279586782875,0.4026214645211835,6
45,77.44365860053065,0.2303101687914724,0.405044923799444,6
46,77.47935695887824,0.23073850571249627,0.40746838307770455,6
47,77.51456443682538,0.23116780895059116,0.40989184235596504,6
48,77.54928778436222,0.23159808083113256,0.41231530163422553,6
49,77.58353365866127,0.23202932368519452,0.41473876091248607,6
50,77.61730862535372,0.23246153984956347,0.41716222019074656,6
51,77.65061915978812,0.23289473166675284,0.41958567946900704,6
52,77.68347164827199,0.23332890148501653,0.42200913874726764,6
53,77.71587238929604,0.2337640516583634,0.42443259802552813,6
54,77.74782759474185,0.23420018454657138,0.42685605730378867,6
55,77.77934339107274,0.23463730251520176,0.42927951658204916,6
56,77.81042582050836,0.23507540793561327,0.4317029758603097,6
57,77.8410808421831,0.2355145031849764,0.4341264351385702,6
58,77.8713143332886,0.23595459064628774,0.4365498944168307,6
59,77.90113209020046,0.2363956727083844,0.4389733536950912,6
60,77.93053982958966,0.23683775176595834,0.4413968129733517,6
61,77.95954318951841,0.23728083021957064,0.4438202722516122,6
62,77.98814773052115,0.23772491047566613,0.44624373152987273,6
63,78.01635893667064,0.23816999494658792,0.4486671908081332,6
64,78.04418221662932,0.23861608605059176,0.4510906500863937,6
65,78.0716229046863,0.23906318621186068,0.4535141093646543,6
66,78.09868626178,0.23951129786051958,0.45593756864291485,6
67,78.12537747650688,0.23996042343264995,0.4583610279211753,6
68,78.15170166611608,0.24041056537030442,0.4607844871994358,6
69,78.17766387749056,0.24086172612152135,0.46320794647769636,6
70,78.2032690881147,0.24131390814033993,0.46563140575595685,6
71,78.22852220702855,0.2417671138868147,0.46805486503421734,6
72,78.25342807576904,0.24222134582703037,0.4704783243124779,6
73,78.27799146929816,0.24267660643311673,0.47290178359073837,6
74,78.30221709691841,0.2431328981832635,0.47532524286899885,6
75,78.32610960317572,0.24359022356173532,0.4777487021472594,6
76,78.34967356874988,0.2440485850588867,0.4801721614255199,6
77,78.37291351133271,0.2445079851711769,0.48259562070378037,6
78,78.39583388649424,0.2449684264011851,0.4850190799820409,6
79,78.41843908853694,0.24542991125762537,0.4874425392603014,6
80,78.44073345133816,0.24589244225536194,0.4898659985385619,6
81,78.46272124918103,0.24635602191542413,0.4922894578168225,6
82,78.48440669757397,0.24682065276502171,0.494712917095083,6
83,78.50579395405882,0.24728633733756,0.4971363763733435,6
84,78.526887119008,0.24775307817265518,0.499559835651604,6
85,78.54769023641055,0.24822087781614965,0.5019832949298646,6
86,78.56820729464752,0.24868973882012724,0.5044067542081251,6
87,78.5884422272566,0.2491596637429286,0.5068302134863856,6
88,78.60839891368627,0.24963065514916682,0.5092536727646461,6
89,78.62808118003949,0.2501027156097425,0.5116771320429065,6
90,78.64749279980737,0.25057584770185964,0.514100591321167,6
91,78.66663749459254,0.2510500540090408,0.5165240505994276,6
92,78.68551893482265,0.2515253371211429,0.5189475098776881,6
93,78.70414074045414,0.2520016996343727,0.5213709691559486,6
94,78.72250648166617,0.2524791441513027,0.5237944284342091,6
95,78.74061967954519,0.25295767328088625,0.5262178877124697,6
96,78.75848380675988,0.2534372896384739,0.5286413469907302,6
97,78.7761022882271,0.25391799584582875,0.5310648062689907,6
98,78.7934785017683,0.2543997945311425,0.5334882655472512,6
99,78.81061577875737,0.254882688329051,0.5359117248255116,6
100,78.82751740475908,0.2553666798806503,0.5383351841037721,6
101,78.84418662015919,0.2558517718335127,0.5407586433820327,6
102,78.86062662078558,0.2563379668417023,0.5431821026602932,6
103,78.876840558521,0.2568252675657915,0.5456055619385537,6
104,78.89283154190734,0.2573136766728763,0.5480290212168143,6
105,78.90860263674162,0.25780319683659336,0.5504524804950748,6
106,78.92415686666372,0.2582938307371353,0.5528759397733353,6
107,78.93949721373613,0.25878558106126703,0.5552993990515958,6
108,78.95462661901563,0.2592784505023422,0.5577228583298564,6
109,78.96954798311715,0.2597724417603192,0.5601463176081167,6
110,78.98426416676992,0.26026755754177744,0.5625697768863773,6
111,78.99877799136588,0.26076380055993376,0.5649932361646378,6
112,79.01309223950066,0.2612611735346587,0.5674166954428983,6
113,79.02720965550695,0.2617596791924928,0.5698401547211588,6
114,79.04113294598078,0.2622593202666634,0.5722636139994194,6
115,79.05486478030033,0.2627600994971004,0.5746870732776799,6
116,79.06840779113774,0.26326201963045365,0.5771105325559404,6
117,79.08176457496386,0.26376508342010885,0.579533991834201,6
118,79.09493769254601,0.2642692936262044,0.5819574511124614,6
119,79.10792966943899,0.26477465301564795,0.5843809103907219,6
120,79.12074299646918,0.26528116436213306,0.5868043696689824,6
121,79.13338013021222,0.2657888304461561,0.589227828947243,6
122,79.14584349346384,0.2662976540550328,0.5916512882255034,6
123,79.1581354757045,0.266807637982915,0.594074747503764,6
124,79.17025843355736,0.26731878503080786,0.5964982067820245,6
125,79.18221469124023,0.26783109800658617,0.598921666060285,6
126,79.19400654101105,0.26834457972501186,0.6013451253385454,6
127,79.20563624360744,0.2688592330077505,0.603768584616806,6
128,79.21710602868013,0.26937506068338857,0.6061920438950664,6
129,79.22841809522036,0.2698920655874504,0.608615503173327,6
130,79.23957461198155,0.2704102505624153,0.6110389624515876,6
131,79.25057771789504,0.27092961845773467,0.613462421729848,6
132,79.26142952248021,0.2714501721298492,0.6158858810081087,6
133,79.27213210624888,0.2719719144422059,0.6183093402863691,6
134,79.28268752110421,0.27249484826527587,0.6207327995646296,6
135,79.29309779073407,0.2730189764765709,0.6231562588428902,6
136,79.30336491099904,0.27354430196066143,0.6255797181211507,6
137,79.31349085031508,0.27407082760919343,0.628003177399411,6
138,79.32347755003084,0.27459855632090624,0.6304266366776717,6
139,79.33332692479996,0.27512749100164985,0.6328500959559321,6
140,79.34304086294806,0.27565763456440234,0.6352735552341927,6
141,79.35262122683478,0.27618898992928775,0.6376970145124533,6
142,79.36206985321093,0.2767215600235932,0.6401204737907137,6
143,79.37138855357045,0.27725534778178695,0.6425439330689743,6
144,79.38057911449793,0.27779035614553593,0.6449673923472348,6
145,79.38964329801094,0.2783265880637235,0.6473908516254953,6
146,79.39858284189798,0.2788640464924671,0.6498143109037557,6
147,79.40739946005155,0.2794027343951363,0.6522377701820163,6
148,79.41609484279682,0.2799426547423704,0.6546612294602767,6
149,79.42467065721566,0.28048381051209664,0.6570846887385373,6
150,79.43312854746625,0.2810262046895479,0.6595081480167978,6
151,79.4414701350983,0.2815698402672808,0.6619316072950583,6
152,79.44969701936397,0.28211472024519374,0.6643550665733188,6
153,79.4578107775244,0.2826608476305449,0.6667785258515794,6
154,79.4658129651522,0.2832082254379705,0.6692019851298397,6
155,79.47370511642961,0.28375685668950285,0.6716254444081003,6
156,79.4814887444427,0.28430674441458875,0.6740489036863608,6
157,79.48916534147136,0.28485789165010755,0.6764723629646213,6
158,79.49673637927552,0.28541030144038954,0.6788958222428818,6
159,79.5042033093772,0.2859639768372343,0.6813192815211424,6
160,79.51156756333893,0.28651892089992914,0.6837427407994028,6
161,79.51883055303806,0.2870751366952675,0.6861662000776635,6
162,79.52599367093755,0.2876326272975675,0.688589659355924,6
163,79.53305829035293,0.28819139578869035,0.6910131186341844,6
164,79.54002576571551,0.28875144525805896,0.6934365779124451,6
165,79.54689743283217,0.28931277880267675,0.6958600371907054,6
166,79.55367460914135,0.28987539952714614,0.698283496468966,6
167,79.56035859396569,0.2904393105436872,0.7007069557472265,6
168,79.56695066876114,0.29100451497215674,0.703130415025487,6
169,79.5734520973626,0.2915710159400668,0.7055538743037475,6
170,79.5798641262263,0.2921388165826036,0.7079773335820081,6
171,79.58618798466865,0.29270792004264645,0.7104007928602685,6
172,79.59242488510206,0.2932783294707868,0.7128242521385291,6
173,79.5985760232673,0.29385004802534714,0.7152477114167897,6
174,79.60464257846274,0.2944230788724,0.71767117069505,6
175,79.6106257137705,0.29499742518578714,0.7200946299733106,6
176,79.6165265762794,0.2955730901471387,0.7225180892515711,6
177,79.6223462973049,0.29615007694589207,0.7249415485298316,6
178,79.62808599260597,0.29672838877931185,0.7273650078080921,6
179,79.63374676259905,0.2973080288525083,0.7297884670863527,6
180,79.63932969256894,0.2978890003784571,0.7322119263646131,6
181,79.64483585287698,0.29847130657801885,0.7346353856428737,6
182,79.65026629916616,0.299054950679958,0.7370588449211342,6
183,79.65562207256357,0.299639935920963,0.7394823041993946,6
184,79.66090419988001,0.300226265545665,0.7419057634776551,6
185,79.66611369380676,0.30081394280665835,0.7443292227559157,6
186,79.6712515531099,0.3014029709645194,0.7467526820341761,6
187,79.67631876282158,0.3019933532878265,0.7491761413124368,6
188,79.68131629442907,0.3025850930531798,0.7515996005906973,6
189,79.6862451060609,0.30317819354522113,0.7540230598689577,6
190,79.69110614267058,0.3037726580566531,0.7564465191472184,6
191,79.69590033621779,0.30436848988825993,0.7588699784254788,6
192,79.70062860584699,0.30496569234892656,0.7612934377037394,6
193,79.70529185806373,0.3055642687556591,0.7637168969819998,6
194,79.70989098690838,0.30616422243360475,0.7661403562602603,6
195,79.71442687412754,0.30676555671607153,0.7685638155385208,6
196,79.71890038934313,0.30736827494454877,0.7709872748167814,6
197,79.72331239021906,0.30797238046872716,0.7734107340950418,6
198,79.72766372262572,0.30857787664651887,0.7758341933733024,6
199,79.73195522080208,0.3091847668440778,0.778257652651563,6
200,79.73618770751571,0.30979305443582006,0.7806811119298234,6
201,79.74036199422045,0.310402742804444,0.783104571208084,6
202,79.74447888121205,0.31101383534095106,0.7855280304863445,6
203,79.74853915778152,0.3116263354446659,0.7879514897646049,6
204,79.75254360236654,0.31224024652325677,0.7903749490428654,6
205,79.75649298270064,0.3128555719927566,0.792798408321126,6
206,79.76038805596042,0.3134723152775831,0.7952218675993864,6
207,79.7642295689107,0.3140904798105597,0.797645326877647,6
208,79.7680182580477,0.31471006903293597,0.8000687861559075,6
209,79.77175484974028,0.3153310863944088,0.802492245434168,6
210,79.77544006036909,0.3159535353531429,0.8049157047124285,6
211,79.77907459646403,0.3165774193757917,0.8073391639906891,6
212,79.78265915483965,0.3172027419375183,0.8097626232689494,6
213,79.78619442272874,0.3178295065220166,0.8121860825472101,6
214,79.78968107791414,0.31845771662153183,0.8146095418254705,6
215,79.79311978885859,0.3190873757368823,0.817033001103731,6
216,79.79651121483299,0.31971848737748,0.8194564603819917,6
217,79.79985600604273,0.3203510550613518,0.8218799196602521,6
218,79.80315480375236,0.32098508231516115,0.8243033789385125,6
219,79.80640824040856,0.32162057267422867,0.8267268382167732,6
220,79.80961693976134,0.3222575296825541,0.8291502974950337,6
221,79.8127815169837,0.32289595689283723,0.8315737567732941,6
222,79.81590257878949,0.3235358578664995,0.8339972160515547,6
223,79.81898072354979,0.32417723617370575,0.8364206753298151,6
224,79.8220165414076,0.3248200953933852,0.8388441346080757,6
225,79.82501061439102,0.3254644391132534,0.8412675938863362,6
226,79.82796351652475,0.32611027092983413,0.8436910531645967,6
227,79.83087581394025,0.3267575944484805,0.8461145124428572,6
228,79.83374806498423,0.3274064132833971,0.8485379717211178,6
229,79.83658082032566,0.3280567310576617,0.8509614309993782,6
230,79.8393746230614,0.3287085514032471,0.8533848902776388,6
231,79.84213000882032,0.3293618779610431,0.8558083495558994,6
232,79.84484750586593,0.33001671438087854,0.8582318088341597,6
233,79.84752763519772,0.33067306432154303,0.8606552681124203,6
234,79.85017091065107,0.3313309314508093,0.8630787273906808,6
235,79.85277783899568,0.33199031944545526,0.8655021866689413,6
236,79.85534892003275,0.3326512319912862,0.8679256459472018,6
237,79.85788464669086,0.33331367278315693,0.8703491052254624,6
238,79.86038550512045,0.33397764552499426,0.8727725645037228,6
239,79.86285197478695,0.3346431539298191,0.8751960237819834,6
240,79.86528452856282,0.3353102017197692,0.8776194830602438,6
241,79.86768363281813,0.3359787926261213,0.8800429423385043,6
242,79.87004974751,0.3366489303893137,0.882466401616765,6
243,79.87238332627076,0.33732061875896907,0.8848898608950254,6
244,79.87468481649498,0.33799386149391686,0.8873133201732858,6
245,79.87695465942517,0.33866866236221593,0.8897367794515464,6
246,79.87919329023643,0.3393450251411775,0.892160238729807,6
247,79.88140113811984,0.34002295361738777,0.8945836980080675,6
248,79.88357862636478,0.34070245158673085,0.897007157286328,6
249,79.88572617244009,0.3413835228544118,0.8994306165645884,6
250,79.88784418807406,0.3420661712349793,0.901854075842849,6
251,79.88993307933337,0.34275040055234884,0.9042775351211095,6
252,79.89199324670102,0.34343621463982577,0.90670099439937,6
253,79.89402508515302,0.34412361734012853,0.9091244536776305,6
254,79.89602898423416,0.3448126125054117,0.9115479129558911,6
255,79.89800532813268,0.3455032039972893,0.9139713722341515,6
256,79.89995449575395,0.34619539568685814,0.9163948315124121,6
257,79.90187686079305,0.3468891914547213,0.9188182907906727,6
258,79.9037727918065,0.34758459519101104,0.921241750068933,6
259,79.90564265228288,0.348281610795413,0.9236652093471936,6
260,79.90748680071248,0.34898024217718915,0.9260886686254541,6
261,79.9093055906561,0.3496804932552018,0.9285121279037146,6
262,79.91109937081279,0.3503823679579368,0.9309355871819751,6
263,79.91286848508673,0.3510858702235279,0.9333590464602357,6
264,79.91461327265313,0.35179100399977975,0.9357825057384962,6
265,79.91633406802327,0.3524977732441924,0.9382059650167567,6
266,79.91803120110868,0.35320618192398484,0.9406294242950172,6
267,79.91970499728427,0.35391623401611905,0.9430528835732778,6
268,79.92135577745088,0.3546279335073237,0.9454763428515381,6
269,79.92298385809664,0.3553412843941189,0.9478998021297987,6
270,79.92458955135777,0.35605629068283967,0.9503232614080592,6
271,79.92617316507832,0.3567729563896604,0.9527467206863197,6
272,79.92773500286933,0.35749128554061904,0.9551701799645802,6
273,79.92927536416683,0.3582112821716415,0.9575936392428408,6
274,79.93079454428947,0.35893295032856587,0.9600170985211012,6
275,79.932292834495,0.359656294067167,0.9624405577993618,6
276,79.93377052203616,0.3603813174531807,0.9648640170776224,6
277,79.9352278902157,0.3611080245623287,0.9672874763558829,6
278,79.93666521844078,0.36183641948034295,0.9697109356341433,6
279,79.93808278227648,0.3625665063029903,0.9721343949124038,6
280,79.93948085349864,0.3632982891360973,0.9745578541906644,6
281,79.94085970014598,0.36403177209557513,0.9769813134689248,6
282,79.94221958657144,0.3647669593074441,0.9794047727471854,6
283,79.94356077349295,0.36550385490785897,0.9818282320254459,6
284,79.94488351804334,0.3662424630431335,0.9842516913037064,6
285,79.94618807381966,0.36698278786976574,0.9866751505819669,6
286,79.94747469093181,0.3677248335544633,0.9890986098602275,6
287,79.94874361605048,0.36846860427416783,0.9915220691384878,6
288,79.94999509245443,0.3692141042160811,0.9939455284167484,6
289,79.95122936007718,0.3699613375776898,0.996368987695009,6
290,79.95244665555295,0.3707103085667907,0.9987924469732695,6
291,79.95364721226204,0.37146102140151666,1.00121590625153,6
292,79.95483126037564,0.3722134803103614,1.0036393655297906,6
293,79.95599902689986,0.3729676895322057,1.006062824808051,6
294,79.95715073571931,0.37372365331634233,1.0084862840863116,6
295,79.95828660764002,0.37448137592250247,1.010909743364572,6
296,79.95940686043176,0.3752408616208806,1.0133332026428326,6
297,79.96051170886976,0.37600211469216094,1.015756661921093,6
298,79.961601364776,0.3767651394275428,1.0181801211993535,6
299,79.96267603705967,0.37752994012876695,1.0206035804776141,6
300,79.96373593175733,0.3782965211081415,1.0230270397558745,6
301,79.96478125207237,0.3790648866885674,1.025450499034135,6
302,79.96581219841396,0.37983504120356537,1.0278739583123957,6
303,79.96682896843551,0.3806069889973014,1.030297417590656,6
304,79.96783175707252,0.38138073442461345,1.0327208768689167,6
305,79.96882075657999,0.3821562818510372,1.0351443361471773,6
306,79.96979615656925,0.3829336356528333,1.0375677954254376,6
307,79.97075814404434,0.3837128002170127,1.0399912547036982,6
308,79.97170690343783,0.3844937799413639,1.0424147139819586,6
309,79.97264261664623,0.38527657923447933,1.0448381732602192,6
310,79.97356546306477,0.38606120251578196,1.0472616325384796,6
311,79.97447561962193,0.3868476542155518,1.0496850918167402,6
312,79.97537326081323,0.38763593877495295,1.0521085510950008,6
313,79.97625855873476,0.38842606064606033,1.0545320103732612,6
314,79.97713168311614,0.38921802429188646,1.0569554696515218,6
315,79.9779928013531,0.3900118341864084,1.0593789289297824,6
316,79.97884207853954,0.39080749481459487,1.0618023882080427,6
317,79.97967967749916,0.3916050106724335,1.0642258474863033,6
318,79.98050575881676,0.3924043862669574,1.066649306764564,6
319,79.98132048086892,0.3932056261162732,1.0690727660428243,6
320,79.98212399985445,0.3940087347495877,1.071496225321085,6
321,79.98291646982429,0.3948137167072353,1.0739196845993453,6
322,79.98369804271107,0.3956205765407059,1.0763431438776059,6
323,79.98446886835822,0.39642931881267174,1.0787666031558663,6
324,79.9852290945487,0.3972399480970153,1.0811900624341269,6
325,79.98597886703334,0.39805246897885693,1.0836135217123875,6
326,79.98671832955881,0.3988668860545826,1.0860369809906478,6
327,79.98744762389511,0.3996832039318713,1.0884604402689084,6
328,79.98816688986281,0.4005014272297234,1.090883899547169,6
329,79.98887626535983,0.40132156057848795,1.0933073588254294,6
330,79.98957588638791,0.4021436086198913,1.09573081810369,6
331,79.99026588707864,0.40296757600706457,1.0981542773819506,6
332,79.99094639971918,0.4037934674045721,1.100577736660211,6
333,79.99161755477766,0.4046212874884394,1.1030011959384716,6
334,79.99227948092818,0.4054510409461817,1.105424655216732,6
335,79.99293230507544,0.4062827324768317,1.1078481144949925,6
336,79.99357615237912,0.4071163667909689,1.110271573773253,6
337,79.99421114627786,0.4079519486107469,1.1126950330515135,6
338,79.99483740851292,0.4087894826699228,1.1151184923297741,6
339,79.9954550591515,0.4096289737138854,1.1175419516080345,6
340,79.99606421660981,0.41047042649968396,1.119965410886295,6
341,79.99666499767574,0.41131384579605695,1.1223888701645557,6
342,79.99725751753124,0.41215923638346075,1.124812329442816,6
343,79.99784188977442,0.41300660305409875,1.1272357887210767,6
344,79.99841822644136,0.41385595061195013,1.1296592479993373,6
345,79.9989866380275,0.4147072838727987,1.1320827072775976,6
346,79.99954723350893,0.4155606076642625,1.1345061665558582,6
347,80.00010012036321,0.41641592682582246,1.1369296258341186,6
348,80.00064540459,0.4172732462088519,1.1393530851123792,6
349,80.00118319073138,0.4181325706766457,1.1417765443906396,6
350,80.00171358189192,0.41899390510445,1.1442000036689002,6
351,80.00223667975838,0.41985725437949095,1.1466234629471608,6
352,80.00275258461929,0.42072262340100514,1.1490469222254212,6
353,80.00326139538409,0.4215900170802684,1.1514703815036818,6
354,80.00376320960217,0.42245944034062605,1.1538938407819423,6
355,80.00425812348153,0.4233308981175222,1.1563173000602027,6
356,80.00474623190725,0.42420439535853005,1.1587407593384633,6
357,80.00522762845962,0.4250799370233812,1.1611642186167237,6
358,80.00570240543217,0.4259575280839959,1.1635876778949843,6
359,80.00617065384932,0.4268371735245135,1.1660111371732447,6
360,80.00663246348383,0.4277188783413217,1.1684345964515053,6
361,80.00708792287398,0.4286026475430876,1.1708580557297659,6
362,80.00753711934061,0.4294884861507871,1.1732815150080262,6
363,80.00798013900385,0.430376399197736,1.1757049742862868,6
364,80.00841706679955,0.43126639172962017,1.1781284335645474,6
365,80.0088479864957,0.43215846880452574,1.1805518928428078,6
366,80.00927298070836,0.43305263549296996,1.1829753521210684,6
367,80.00969213091756,0.4339488968779318,1.185398811399329,6
368,80.01010551748294,0.43484725805488267,1.1878222706775894,6
369,80.01051321965913,0.4357477241318169,1.19024572995585,6
370,80.01091531561092,0.4366503002292832,1.1926691892341104,6
371,80.01131188242827,0.4375549914804151,1.195092648512371,6
372,80.01170299614115,0.43846180303096205,1.1975161077906313,6
373,80.01208873173401,0.43937074003932064,1.199939567068892,6
374,80.01246916316019,0.44028180767656583,1.2023630263471528,6
375,80.01284436335617,0.44119501112648185,1.2047864856254131,6
376,80.01321440425544,0.442110355585594,1.2072099449036735,6
377,80.01357935680238,0.4430278462631995,1.2096334041819339,6
378,80.01393929096582,0.4439474883813996,1.2120568634601943,6
379,80.01429427575248,0.4448692871751305,1.214480322738455,6
380,80.01464437922014,0.44579324789219543,1.2169037820167157,6
381,80.0149896684908,0.44671937579329624,1.219327241294976,6
382,80.0153302097634,0.4476476761520651,1.2217507005732366,6
383,80.01566606832668,0.4485781542550963,1.224174159851497,6
384,80.01599730857151,0.44951081540197846,1.2265976191297576,6
385,80.01632399400344,0.4504456649053265,1.229021078408018,6
386,80.01664618725468,0.4513827080908135,1.2314445376862788,6
387,80.01696395009624,0.4523219502972031,1.2338679969645392,6
388,80.01727734344973,0.45326339687638156,1.2362914562427996,6
389,80.01758642739904,0.4542070531933905,1.23871491552106,6
390,80.01789126120184,0.45515292462645884,1.2411383747993208,6
391,80.018191903301,0.45610101656703567,1.2435618340775811,6
392,80.01848841133571,0.4570513344198226,1.2459852933558417,6
393,80.0187808421526,0.4580038836028064,1.2484087526341023,6
394,80.01906925181659,0.4589586695472921,1.2508322119123627,6
395,80.01935369562172,0.4599156976979353,1.253255671190623,6
396,80.01963422810164,0.4608749735127755,1.2556791304688837,6
397,80.01991090304013,0.46183650246326885,1.2581025897471443,6
398,80.02018377348142,0.4628002900343213,1.2605260490254049,6
399,80.02045289174032,0.4637663417243217,1.2629495083036653,6
400,80.02071830941227,0.4647346630451751,1.2653729675819256,6
401,80.02098007738327,0.46570525952233593,1.2677964268601862,6
402,80.02123824583953,0.4666781366948416,1.2702198861384468,6
403,80.02149286427722,0.4676533001153458,1.2726433454167074,6
404,80.02174398151188,0.468630755350152,1.275066804694968,6
405,80.02199164568779,0.46961050797924736,1.2774902639732284,6
406,80.0222359042872,0.4705925635963365,1.2799137232514888,6
407,80.02247680413947,0.47157692780887456,1.2823371825297492,6
408,80.02271439143001,0.472563606238102,1.28476064180801,6
409,80.02294871170913,0.4735526045190783,1.2871841010862706,6
410,80.0231798099008,0.4745439283007157,1.289607560364531,6
411,80.02340773031123,0.4755375832458135,1.2920310196427913,6
412,80.02363251663743,0.47653357503109284,1.294454478921052,6
413,80.02385421197552,0.47753190934723,1.2968779381993125,6
414,80.02407285882897,0.47853259189889147,1.299301397477573,6
415,80.02428849911686,0.4795356284047685,1.3017248567558337,6
416,80.02450117418182,0.4805410245976111,1.304148316034094,6
417,80.02471092479797,0.48154878622426334,1.3065717753123545,6
418,80.02491779117881,0.4825589190456977,1.3089952345906148,6
419,80.02512181298479,0.4835714288370498,1.3114186938688757,6
420,80.02532302933109,0.4845863213876538,1.313842153147136,6
421,80.02552147879494,0.48560360250107676,1.3162656124253966,6
422,80.02571719942317,0.48662327799515415,1.318689071703657,6
423,80.02591022873938,0.48764535370202505,1.3211125309819176,6
424,80.02610060375125,0.488669835468167,1.323535990260178,6
425,80.02628836095751,0.4896967291544318,1.3259594495384386,6
426,80.02647353635507,0.4907260406360806,1.3283829088166994,6
427,80.02665616544581,0.49175777580281965,1.3308063680949598,6
428,80.02683628324344,0.4927919405588357,1.3332298273732202,6
429,80.02701392428023,0.4938285408228318,1.3356532866514805,6
430,80.02718912261355,0.49486758252806307,1.338076745929741,6
431,80.0273619118325,0.4959090716223726,1.3405002052080017,6
432,80.02753232506429,0.49695301406822745,1.3429236644862623,6
433,80.02770039498061,0.4979994158427543,1.3453471237645227,6
434,80.02786615380388,0.49904828293777626,1.3477705830427833,6
435,80.02802963331345,0.5000996213598484,1.3501940423210437,6
436,80.02819086485165,0.5011534371302947,1.352617501599304,6
437,80.02834987932988,0.5022097362852438,1.3550409608775646,6
438,80.02850670723441,0.503268524875666,1.3574644201558255,6
439,80.02866137863236,0.5043298089674098,1.3598878794340858,6
440,80.02881392317741,0.5053935946412379,1.3623113387123462,6
441,80.02896437011542,0.5064598879928652,1.3647347979906066,6
442,80.02911274829013,0.5075286951329945,1.3671582572688674,6
443,80.02925908614868,0.5086000221873538,1.3695817165471278,6
444,80.02940341174701,0.5096738752967338,1.3720051758253884,6
445,80.02954575275527,0.5107502606170244,1.374428635103649,6
446,80.02968613646311,0.5118291843192522,1.3768520943819094,6
447,80.02982458978498,0.5129106525896177,1.3792755536601697,6
448,80.02996113926518,0.5139946716295328,1.3816990129384303,6
449,80.03009581108303,0.5150812476556583,1.384122472216691,6
450,80.03022863105785,0.5161703868999413,1.3865459314949515,6
451,80.03035962465394,0.5172620956096533,1.388969390773212,6
452,80.03048881698544,0.5183563800474273,1.3913928500514723,6
453,80.03061623282115,0.5194532464912964,1.3938163093297329,6
454,80.03074189658926,0.5205527012347314,1.3962397686079935,6
455,80.0308658323821,0.5216547505866784,1.398663227886254,6
456,80.03098806396068,0.522759400871598,1.4010866871645147,6
457,80.03110861475926,0.5238666584295024,1.403510146442775,6
458,80.03122750788991,0.5249765296159947,1.4059336057210354,6
459,80.03134476614683,0.5260890208023067,1.4083570649992958,6
460,80.03146041201086,0.5272041383753376,1.4107805242775566,6
461,80.03157446765361,0.5283218887376928,1.4132039835558172,6
462,80.03168695494192,0.5294422783077222,1.4156274428340776,6
463,80.03179789544187,0.5305653135195594,1.418050902112338,6
464,80.03190731042301,0.5316910008231605,1.4204743613905986,6
465,80.0320152208624,0.5328193466843428,1.4228978206688592,6
466,80.03212164744872,0.5339503575848247,1.4253212799471195,6
467,80.03222661058606,0.5350840400222637,1.4277447392253801,6
468,80.03233013039804,0.5362204005102967,1.4301681985036407,6
469,80.03243222673147,0.537359445578579,1.4325916577819011,6
470,80.03253291916032,0.5385011817728237,1.4350151170601615,6
471,80.03263222698936,0.5396456156548414,1.437438576338422,6
472,80.03273016925793,0.5407927538025799,1.4398620356166827,6
473,80.03282676474358,0.5419426028101638,1.4422854948949433,6
474,80.0329220319656,0.5430951692879347,1.4447089541732037,6
475,80.03301598918866,0.5442504598624911,1.447132413451464,6
476,80.03310865442629,0.5454084811767277,1.4495558727297246,6
477,80.03320004544427,0.5465692398898769,1.4519793320079852,6
478,80.03329017976415,0.5477327426775482,1.4544027912862456,6
479,80.03337907466651,0.5488989962317685,1.4568262505645064,6
480,80.0334667471943,0.5500680072610232,1.4592497098427668,6
481,80.03355321415613,0.551239782490296,1.4616731691210272,6
482,80.03363849212948,0.5524143286611103,1.4640966283992876,6
483,80.03372259746388,0.5535916525315694,1.4665200876775484,6
484,80.03380554628401,0.5547717608763976,1.468943546955809,6
485,80.03388735449289,0.5559546604869812,1.4713670062340694,6
486,80.03396803777477,0.5571403581714095,1.4737904655123297,6
487,80.03404761159831,0.5583288607545162,1.4762139247905903,6
488,80.03412609121942,0.55952017507792,1.4786373840688507,6
489,80.03420349168425,0.5607143080000669,1.4810608433471113,6
490,80.03427982783204,0.561911266396271,1.4834843026253717,6
491,80.03435511429797,0.5631110571587564,1.4859077619036325,6
492,80.034429365516,0.5643136871966986,1.4883312211818929,6
493,80.0345025957216,0.5655191634362667,1.4907546804601532,6
494,80.0345748189545,0.5667274928206648,1.493178139738414,6
495,80.03464604906134,0.5679386823101745,1.4956015990166744,6
496,80.0347162996984,0.5691527388821965,1.4980250582949348,6
497,80.03478558433416,0.5703696695312931,1.5004485175731954,6
498,80.03485391625188,0.5715894812692306,1.502871976851456,6
499,80.03492130855219,0.5728121811250211,1.5052954361297166,6
500,80.03498777415555,0.574037776144966,1.507718895407977,6
501,80.0350533258048,0.5752662733926976,1.5101423546862374,6
502,80.0351179760675,0.5764976799492226,1.5125658139644982,6
503,80.03518173733842,0.5777320029129644,1.5149892732427586,6
504,80.03524462184191,0.5789692493998065,1.517412732521019,6
505,80.0353066416342,0.580209426543135,1.5198361917992798,6
506,80.03536780860574,0.5814525414938819,1.5222596510775401,6
507,80.0354281344835,0.5826986014205691,1.5246831103558005,6
508,80.03548763083316,0.5839476135093504,1.527106569634061,6
509,80.0355463090614,0.585199584964056,1.5295300289123217,6
510,80.03560418041802,0.586454523006236,1.531953488190582,6
511,80.03566125599814,0.5877124348752034,1.5343769474688427,6
512,80.0357175467443,0.5889733278280787,1.536800406747103,6
513,80.0357730634486,0.590237209139833,1.5392238660253637,6
514,80.0358278167547,0.5915040861033329,1.5416473253036242,6
515,80.03588181715995,0.5927739660293838,1.5440707845818846,6
516,80.0359350750173,0.5940468562467747,1.546494243860145,6
517,80.0359876005374,0.5953227641023218,1.5489177031384058,6
518,80.03603940379043,0.5966016969609139,1.5513411624166662,6
519,80.03609049470813,0.5978836622055563,1.5537646216949266,6
520,80.0361408830857,0.5991686672374159,1.5561880809731874,6
521,80.03619057858357,0.600456719475865,1.5586115402514478,6
522,80.03623959072941,0.6017478263585274,1.5610349995297081,6
523,80.03628792891983,0.603041995341323,1.5634584588079687,6
524,80.03633560242227,0.6043392338985121,1.5658819180862293,6
525,80.03638262037668,0.605639549522742,1.5683053773644897,6
526,80.03642899179738,0.6069429497250909,1.5707288366427503,6
527,80.03647472557472,0.6082494420351147,1.5731522959210107,6
528,80.03651983047678,0.6095590340008912,1.5755757551992715,6
529,80.03656431515108,0.6108717331890671,1.5779992144775319,6
530,80.03660818812625,0.6121875471849023,1.5804226737557923,6
531,80.03665145781365,0.6135064835923174,1.582846133034053,6
532,80.03669413250893,0.6148285500339384,1.5852695923123135,6
533,80.0367362203937,0.6161537541511435,1.5876930515905738,6
534,80.03677772953709,0.6174821036041088,1.5901165108688344,6
535,80.03681866789724,0.6188136060718553,1.592539970147095,6
536,80.03685904332285,0.6201482692522947,1.5949634294253554,6
537,80.03689886355471,0.6214861008622766,1.597386888703616,6
538,80.03693813622719,0.6228271086376346,1.5998103479818764,6
539,80.03697686886964,0.6241713003332333,1.602233807260137,6
540,80.03701506890792,0.6255186837230156,1.6046572665383976,6
541,80.03705274366573,0.6268692666000488,1.607080725816658,6
542,80.0370899003661,0.6282230567765733,1.6095041850949183,6
543,80.03712654613271,0.6295800620840477,1.6119276443731791,6
544,80.03716268799133,0.6309402903731982,1.6143511036514395,6
545,80.03719833287107,0.6323037495140651,1.6167745629297,6
546,80.03723348760579,0.6336704473960505,1.6191980222079607,6
547,80.03726815893535,0.635040391927966,1.621621481486221,6
548,80.03730235350696,0.6364135910380808,1.6240449407644815,6
549,80.03733607787642,0.6377900526741693,1.626468400042742,6
550,80.03736933850938,0.6391697848035598,1.6288918593210027,6
551,80.03740214178256,0.640552795413182,1.631315318599263,6
552,80.03743449398503,0.6419390925096156,1.6337387778775236,6
553,80.03746640131938,0.6433286841191387,1.636162237155784,6
554,80.03749786990286,0.6447215782877768,1.6385856964340448,6
555,80.03752890576867,0.6461177830813505,1.6410091557123052,6
556,80.03755951486701,0.6475173065855255,1.6434326149905656,6
557,80.03758970306626,0.6489201569058607,1.6458560742688264,6
558,80.0376194761541,0.650326342167857,1.6482795335470868,6
559,80.03764883983867,0.6517358705170077,1.6507029928253472,6
560,80.03767779974956,0.6531487501188462,1.6531264521036078,6
561,80.03770636143898,0.6545649891589966,1.6555499113818684,6
562,80.03773453038279,0.6559845958432231,1.6579733706601287,6
563,80.03776231198157,0.6574075783974787,1.6603968299383893,6
564,80.03778971156157,0.658833945067956,1.6628202892166497,6
565,80.03781673437588,0.6602637041211369,1.6652437484949103,6
566,80.03784338560533,0.6616968638438421,1.667667207773171,6
567,80.03786967035948,0.6631334325432818,1.6700906670514313,6
568,80.03789559367767,0.6645734185471057,1.6725141263296917,6
569,80.03792116052992,0.666016830203453,1.6749375856079525,6
570,80.03794637581791,0.6674636758810043,1.6773610448862128,6
571,80.03797124437594,0.6689139639690302,1.6797845041644732,6
572,80.03799577097182,0.6703677028774442,1.682207963442734,6
573,80.03801996030776,0.6718249010368513,1.6846314227209944,6
574,80.0380438170214,0.6732855668986012,1.6870548819992548,6
575,80.03806734568653,0.6747497089348383,1.6894783412775154,6
576,80.03809055081408,0.6762173356385528,1.691901800555776,6
577,80.03811343685292,0.6776884555236324,1.6943252598340364,6
578,80.03813600819082,0.6791630771249144,1.696748719112297,6
579,80.03815826915512,0.6806412089982362,1.6991721783905573,6
580,80.03818022401371,0.6821228597204879,1.7015956376688182,6
581,80.03820187697582,0.6836080378896638,1.7040190969470785,6
582,80.0382232321927,0.6850967521249148,1.706442556225339,6
583,80.03824429375864,0.6865890110666001,1.7088660155035995,6
584,80.03826506571154,0.6880848233763398,1.71128947478186,6
585,80.0382855520338,0.6895841977370673,1.7137129340601205,6
586,80.03830575665309,0.6910871428530814,1.716136393338381,6
587,80.03832568344302,0.6925936674500999,1.7185598526166415,6
588,80.03834533622398,0.6941037802753115,1.720983311894902,6
589,80.0383647187638,0.6956174900974289,1.7234067711731627,6
590,80.0383838347785,0.6971348057067426,1.725830230451423,6
591,80.03840268793303,0.6986557359151726,1.7282536897296834,6
592,80.03842128184192,0.7001802895563235,1.7306771490079442,6
593,80.03843962006998,0.7017084754855368,1.7331006082862046,6
594,80.03845770613303,0.7032403025799445,1.735524067564465,6
595,80.03847554349855,0.7047757797385237,1.7379475268427258,6
596,80.03849313558632,0.7063149158821493,1.7403709861209862,6
597,80.03851048576908,0.7078577199536487,1.7427944453992466,6
598,80.03852759737325,0.7094042009178557,1.7452179046775071,6
599,80.03854447367945,0.7109543677616652,1.7476413639557677,6
600,80.03856111792321,0.7125082294940865,1.7500648232340281,6
601,80.03857753329558,0.7140657951462992,1.7524882825122887,6
602,80.03859372294372,0.7156270737717065,1.754911741790549,6
603,80.03860968997151,0.7171920744459913,1.7573352010688097,6
604,80.03862543744015,0.71876080626717,1.7597586603470703,6
605,80.03864096836877,0.7203332783556483,1.7621821196253307,6
606,80.03865628573493,0.7219094998542758,1.764605578903591,6
607,80.03867139247532,0.7234894799284021,1.7670290381818519,6
608,80.03868629148619,0.7250732277659315,1.7694524974601122,6
609,80.03870098562398,0.7266607525773789,1.7718759567383728,6
610,80.03871547770586,0.728252063595926,1.7742994160166334,6
611,80.03872977051027,0.7298471700774759,1.7767228752948938,6
612,80.03874386677741,0.7314460813007109,1.7791463345731544,6
613,80.03875776920984,0.7330488065671471,1.7815697938514148,6
614,80.03877148047292,0.7346553552011916,1.7839932531296754,6
615,80.03878500319539,0.7362657365501987,1.786416712407936,6
616,80.03879833996983,0.7378799599845259,1.7888401716861964,6
617,80.03881149335317,0.7394980348975916,1.7912636309644567,6
618,80.03882446586718,0.7411199707059315,1.7936870902427176,6
619,80.03883725999896,0.7427457768492554,1.796110549520978,6
620,80.0388498782014,0.7443754627905044,1.7985340087992383,6
621,80.03886232289368,0.7460090380159082,1.8009574680774991,6
622,80.03887459646168,0.7476465120350431,1.8033809273557595,6
623,80.0388867012585,0.7492878943808885,1.8058043866340199,6
624,80.03889863960488,0.7509331946098854,1.8082278459122805,6
625,80.03891041378965,0.7525824223019937,1.810651305190541,6
626,80.03892202607015,0.7542355870607509,1.8130747644688014,6
627,80.03893347867269,0.7558926985133292,1.815498223747062,6
628,80.03894477379298,0.7575537663105948,1.8179216830253224,6
629,80.03895591359651,0.7592188001271658,1.820345142303583,6
630,80.03896690021901,0.7608878096614705,1.8227686015818436,6
631,80.03897773576684,0.7625608046358069,1.825192060860104,6
632,80.0389884223174,0.7642377947964005,1.8276155201383644,6
633,80.0389989619195,0.7659187899134645,1.8300389794166252,6
634,80.03900935659384,0.7676037997812576,1.8324624386948856,6
635,80.03901960833325,0.7692928342181444,1.8348858979731462,6
636,80.03902971910321,0.7709859030666544,1.8373093572514068,6
637,80.03903969084216,0.7726830161935412,1.8397328165296671,6
638,80.03904952546188,0.774384183489843,1.8421562758079277,6
639,80.03905922484788,0.7760894148709417,1.844579735086188,6
640,80.03906879085972,0.7777987202766238,1.8470031943644487,6
641,80.0390782253314,0.7795121096711394,1.8494266536427093,6
642,80.0390875300717,0.7812295930432636,1.8518501129209697,6
643,80.03909670686453,0.7829511804063564,1.85427357219923,6
644,80.03910575746927,0.7846768817984233,1.8566970314774909,6
645,80.03911468362111,0.7864067072821763,1.8591204907557513,6
646,80.03912348703136,0.7881406669450945,1.8615439500340116,6
647,80.03913216938781,0.7898787708994859,1.8639674093122724,6
648,80.03914073235507,0.7916210292825474,1.8663908685905328,6
649,80.03914917757481,0.7933674522564271,1.8688143278687932,6
650,80.03915750666617,0.7951180500082856,1.8712377871470538,6
651,80.039165721226,0.7968728327503576,1.8736612464253144,6
652,80.03917382282918,0.7986318107200137,1.8760847057035748,6
653,80.03918181302899,0.8003949941798223,1.8785081649818354,6
654,80.03918969335727,0.8021623934176116,1.8809316242600957,6
655,80.03919746532488,0.8039340187465327,1.8833550835383563,6
656,80.03920513042183,0.8057098805051212,1.885778542816617,6
657,80.0392126901177,0.8074899890573594,1.8882020020948773,6
658,80.03922014586182,0.8092743547927405,1.8906254613731377,6
659,80.03922749908362,0.81106298812633,1.8930489206513985,6
660,80.03923475119286,0.8128558994988299,1.895472379929659,6
661,80.03924190357992,0.8146530993766407,1.8978958392079195,6
662,80.03924895761605,0.816454598251926,1.90031929848618,6
663,80.03925591465365,0.8182604066426755,1.9027427577644405,6
664,80.03926277602653,0.8200705350927681,1.905166217042701,6
665,80.03926954305017,0.8218849941720366,1.9075896763209614,6
666,80.03927621702192,0.8237037944763316,1.910013135599222,6
667,80.03928279922133,0.8255269466275847,1.9124365948774826,6
668,80.03928929091035,0.827354461273874,1.914860054155743,6
669,80.03929569333354,0.8291863490894882,1.9172835134340034,6
670,80.0393020077184,0.8310226207749901,1.9197069727122642,6
671,80.03930823527553,0.8328632870572836,1.9221304319905246,6
672,80.03931437719886,0.8347083586896766,1.924553891268785,6
673,80.03932043466594,0.8365578464519471,1.9269773505470458,6
674,80.03932640883811,0.8384117611504082,1.9294008098253062,6
675,80.0393323008607,0.8402701136179734,1.9318242691035665,6
676,80.0393381118634,0.842132914714223,1.9342477283818271,6
677,80.03934384296024,0.8440001753254681,1.9366711876600877,6
678,80.03934949525001,0.8458719063648188,1.939094646938348,6
679,80.03935506981635,0.8477481187722479,1.9415181062166087,6
680,80.03936056772805,0.8496288235146594,1.943941565494869,6
681,80.03936599003916,0.8515140315859527,1.9463650247731297,6
682,80.03937133778925,0.8534037540070911,1.9487884840513903,6
683,80.03937661200357,0.8552980018261673,1.9512119433296506,6
684,80.03938181369331,0.8571967861184707,1.953635402607911,6
685,80.03938694385575,0.8591001179865545,1.9560588618861718,6
686,80.03939200347443,0.8610080085603026,1.9584823211644322,6
687,80.03939699351939,0.8629204689969974,1.9609057804426926,6
688,80.03940191494732,0.8648375104813869,1.9633292397209534,6
689,80.03940676870175,0.8667591442257532,1.9657526989992138,6
690,80.03941155571327,0.8686853814699794,1.9681761582774744,6
691,80.03941627689963,0.8706162334816181,1.9705996175557348,6
692,80.03942093316597,0.8725517115559599,1.9730230768339954,6
693,80.03942552540501,0.8744918270161013,1.975446536112256,6
694,80.03943005449715,0.8764365912130135,1.9778699953905163,6
695,80.03943452131072,0.8783860155256111,1.9802934546687767,6
696,80.03943892670212,0.8803401113608214,1.9827169139470375,6
697,80.03944327151594,0.8822988901536519,1.985140373225298,6
698,80.03944755658515,0.884262363367262,1.9875638325035583,6
699,80.0394517827313,0.8862305424930303,1.9899872917818189,6
700,80.03945595076463,0.8882034390506254,1.9924107510600795,6
701,80.03946006148425,0.8901810645880748,1.9948342103383399,6
702,80.03946411567824,0.8921634306818353,1.9972576696166005,6
703,80.03946811412389,0.8941505489368635,1.9996811288948608,6
704,80.03947205758779,0.896142430986685,2.0021045881731214,6
705,80.03947594682596,0.8981390884934657,2.004528047451382,6
706,80.03947978258405,0.900140533148082,2.0069515067296426,6
707,80.03948356559748,0.9021467766701919,2.0093749660079028,6
708,80.03948729659149,0.9041578308083056,2.0117984252861634,6
709,80.03949097628143,0.9061737073398571,2.014221884564424,6
710,80.03949460537274,0.908194418071275,2.0166453438426846,6
711,80.0394981845612,0.9102199748380543,2.019068803120945,6
712,80.039501714533,0.9122503895048277,2.0214922623992053,6
713,80.03950519596494,0.9142856739654384,2.023915721677466,6
714,80.03950862952446,0.9163258401430106,2.0263391809557265,6
715,80.03951201586985,0.9183708999900231,2.028762640233987,6
716,80.03951535565032,0.9204208654883812,2.0311860995122477,6
717,80.0395186495062,0.9224757486494886,2.0336095587905083,6
718,80.03952189806898,0.924535561514321,2.0360330180687685,6
719,80.03952510196149,0.9266003161534991,2.038456477347029,6
720,80.03952826179795,0.9286700246673605,2.0408799366252897,6
721,80.0395313781842,0.9307446991860341,2.0433033959035503,6
722,80.03953445171769,0.9328243518695136,2.045726855181811,6
723,80.03953748298767,0.9349089949077304,2.048150314460071,6
724,80.03954047257533,0.9369986405206275,2.0505737737383316,6
725,80.0395434210538,0.9390933009582343,2.052997233016592,6
726,80.03954632898841,0.9411929885007396,2.055420692294853,6
727,80.03954919693662,0.9432977154585672,2.057844151573113,6
728,80.0395520254483,0.9454074941724495,2.060267610851374,6
729,80.03955481506573,0.9475223370135029,2.062691070129634,6
730,80.03955756632372,0.9496422563833016,2.0651145294078948,6
731,80.03956027974976,0.9517672647139545,2.0675379886861553,6
732,80.03956295586408,0.9538973744681786,2.069961447964416,6
733,80.03956559517972,0.9560325981393757,2.072384907242676,6
734,80.03956819820272,0.9581729482517078,2.0748083665209367,6
735,80.03957076543209,0.9603184373601727,2.0772318257991973,6
736,80.03957329736005,0.96246907805068,2.079655285077458,6
737,80.03957579447203,0.9646248829401277,2.0820787443557185,6
738,80.03957825724675,0.9667858646764781,2.0845022036339786,6
739,80.0395806861564,0.968952035938835,2.0869256629122392,6
740,80.03958308166662,0.97112340943752,2.0893491221905,6
741,80.0395854442367,0.9732999979141492,2.0917725814687604,6
742,80.03958777431961,0.9754818141417114,2.094196040747021,6
743,80.03959007236205,0.9776688709246446,2.0966195000252816,6
744,80.0395923388046,0.9798611810989136,2.099042959303542,6
745,80.03959457408178,0.9820587575320882,2.1014664185818024,6
746,80.03959677862215,0.9842616131234205,2.103889877860063,6
747,80.03959895284838,0.9864697608039236,2.1063133371383236,6
748,80.03960109717728,0.9886832135364494,2.108736796416584,6
749,80.03960321201998,0.9909019843157674,2.1111602556948443,6
750,80.03960529778193,0.9931260861686437,2.113583714973105,6
751,80.03960735486302,0.995355532153919,2.1160071742513655,6
752,80.03960938365765,0.9975903353625888,2.118430633529626,6
753,80.03961138455475,0.9998305089178814,2.1208540928078863,6
754,80.03961335793795,1.0020760659753387,2.1232775520861473,6
755,80.03961530418557,1.0043270197228948,2.1257010113644075,6
756,80.03961722367079,1.0065833833809568,2.128124470642668,6
757,80.03961911676156,1.0088451702024837,2.1305479299209287,6
758,80.03962098382085,1.0111123934730681,2.1329713891991893,6
759,80.03962282520662,1.0133850665110153,2.1353948484774494,6
760,80.0396246412719,1.015663202667425,2.13781830775571,6
761,80.03962643236484,1.0179468153262712,2.1402417670339706,6
762,80.03962819882886,1.0202359179044844,2.142665226312231,6
763,80.03962994100262,1.0225305238520317,2.145088685590492,6
764,80.03963165922012,1.0248306466519992,2.147512144868752,6
765,80.03963335381079,1.0271362998206728,2.1499356041470126,6
766,80.0396350250995,1.029447496907621,2.152359063425273,6
767,80.03963667340668,1.031764251495776,2.1547825227035338,6
768,80.03963829904835,1.034086577201517,2.1572059819817944,6
769,80.03963990233616,1.0364144876747514,2.159629441260055,6
770,80.03964148357753,1.0387479965989987,2.162052900538315,6
771,80.03964304307557,1.0410871176914724,2.1644763598165757,6
772,80.03964458112931,1.0434318647031642,2.1668998190948363,6
773,80.03964609803359,1.0457822514189261,2.169323278373097,6
774,80.03964759407926,1.0481382916575543,2.1717467376513575,6
775,80.03964906955312,1.0504999992718733,2.1741701969296177,6
776,80.03965052473806,1.0528673881488195,2.1765936562078783,6
777,80.03965195991307,1.055240472209525,2.179017115486139,6
778,80.0396533753533,1.0576192654094025,2.1814405747643995,6
779,80.0396547713301,1.0600037817382293,2.1838640340426596,6
780,80.03965614811115,1.0623940352202323,2.1862874933209206,6
781,80.03965750596036,1.0647900399141736,2.188710952599181,6
782,80.0396588451381,1.0671918099134339,2.1911344118774414,6
783,80.03966016590108,1.0695993593460993,2.193557871155702,6
784,80.03966146850254,1.072012702375047,2.1959813304339626,6
785,80.03966275319222,1.0744318531980297,2.1984047897122228,6
786,80.0396640202164,1.0768568260477636,2.2008282489904833,6
787,80.039665269818,1.0792876351920122,2.203251708268744,6
788,80.03966650223661,1.081724294933675,2.2056751675470045,6
789,80.0396677177085,1.0841668196108725,2.208098626825265,6
790,80.03966891646668,1.086615223597034,2.2105220861035253,6
791,80.03967009874101,1.0890695213009844,2.212945545381786,6
792,80.03967126475814,1.0915297271670312,2.2153690046600465,6
793,80.03967241474163,1.0939958556750522,2.217792463938307,6
794,80.03967354891194,1.0964679213405835,2.2202159232165672,6
795,80.03967466748651,1.0989459387149065,2.2226393824948283,6
796,80.0396757706798,1.1014299223851374,2.2250628417730884,6
797,80.03967685870333,1.103919886974314,2.227486301051349,6
798,80.03967793176568,1.1064158471414862,2.2299097603296096,6
799,80.03967899007259,1.1089178175818029,2.2323332196078702,6
800,80.03968003382694,1.1114258130266015,2.234756678886131,6
0,77.83322280328619,0.21508699909998974,0.30913653367413246,7
1,77.90540933646544,0.21559542786256475,0.31161095783149034,7
2,77.97648847650757,0.21610530338602993,0.3140853819888483,7
3,78.04647721161666,0.2166166299723245,0.3165598061462061,7
4,78.11539226938565,0.21712941193629584,0.319034230303564,7
5,78.18325012079414,0.21764365360573804,0.32150865446092186,7
6,78.25006698414515,0.2181593593214309,0.3239830786182798,7
7,78.3158588289413,0.21867653343717902,0.3264575027756377,7
8,78.38064137970159,0.21919518031985102,0.32893192693299556,7
9,78.44443011971966,0.21971530434941855,0.33140635109035343,7
10,78.50724029476429,0.22023690991899597,0.3338807752477113,7
11,78.56908691672328,0.22076000143487962,0.3363551994050692,7
12,78.6299847671913,0.2212845833165876,0.33882962356242713,7
13,78.68994840100278,0.22181065999689942,0.341304047719785,7
14,78.74899214971053,0.222338235921896,0.3437784718771429,7
15,78.80713012501111,0.22286731555099948,0.3462528960345007,7
16,78.86437622211754,0.2233979033570134,0.34872732019185865,7
17,78.92074412308028,0.22393000382616296,0.3512017443492165,7
18,78.97624730005738,0.22446362145813525,0.3536761685065744,7
19,79.0308990185343,0.22499876076611997,0.35615059266393234,7
20,79.08471234049448,0.22553542627684958,0.35862501682129017,7
21,79.13770012754112,0.22607362253064056,0.36109944097864805,7
22,79.1898750439713,0.22661335408143374,0.363573865136006,7
23,79.24124955980261,0.2271546254968356,0.36604828929336386,7
24,79.29183595375372,0.22769744135815911,0.36852271345072174,7
25,79.34164631617891,0.2282418062604652,0.3709971376080797,7
26,79.39069255195777,0.2287877248126037,0.37347156176543755,7
27,79.43898638334052,0.22933520163725524,0.3759459859227954,7
28,79.48653935274967,0.22988424137097252,0.37842041008015326,7
29,79.53336282553867,0.23043484866422204,0.3808948342375112,7
30,79.57946799270835,0.23098702818142594,0.3833692583948691,7
31,79.6248658735815,0.23154078460100422,0.38584368255222695,7
32,79.66956731843666,0.23209612261541632,0.38831810670958483,7
33,79.71358301110133,0.23265304693120373,0.3907925308669427,7
34,79.7569234715054,0.2332115622690321,0.3932669550243006,7
35,79.79959905819553,0.23377167336373392,0.3957413791816585,7
36,79.84161997081084,0.23433338496435072,0.3982158033390164,7
37,79.88299625252066,0.23489670183417627,0.4006902274963743,7
38,79.92373779242496,0.235461628750799,0.4031646516537322,7
39,79.96385432791777,0.23602817050614525,0.40563907581109004,7
40,80.00335544701456,0.23659633190652224,0.4081134999684479,7
41,80.04225059064376,0.23716611777266133,0.4105879241258058,7
42,80.0805490549032,0.2377375329397613,0.41306234828316374,7
43,80.1182599932819,0.23831058225753202,0.41553677244052156,7
44,80.15539241884781,0.2388852705902379,0.41801119659787944,7
45,80.19195520640194,0.23946160281674175,0.4204856207552373,7
46,80.22795709459952,0.24003958383054863,0.42296004491259526,7
47,80.26340668803853,0.2406192185398498,0.42543446906995314,7
48,80.29831245931626,0.24120051186756689,0.427908893227311,7
49,80.3326827510543,0.24178346875139636,0.43038331738466895,7
50,80.36652577789242,0.24236809414385369,0.43285774154202683,7
51,80.39984962845196,0.24295439301231794,0.43533216569938465,7
52,80.43266226726897,0.24354237033907658,0.4378065898567426,7
53,80.46497153669786,0.24413203112137022,0.44028101401410047,7
54,80.49678515878568,0.24472338037143748,0.44275543817145835,7
55,80.52811073711776,0.24531642311656032,0.4452298623288162,7
56,80.55895575863495,0.24591116439910884,0.4477042864861741,7
57,80.5893275954231,0.24650760927658716,0.450178710643532,7
58,80.61923350647496,0.24710576282167857,0.45265313480088987,7
59,80.64868063942515,0.24770563012229105,0.4551275589582478,7
60,80.67767603225843,0.24830721628160352,0.4576019831156057,7
61,80.70622661499185,0.24891052641811123,0.46007640727296356,7
62,80.73433921133103,0.24951556566567218,0.46255083143032144,7
63,80.76202054030105,0.250122339173553,0.4650252555876793,7
64,80.78927721785233,0.25073085210647544,0.4674996797450372,7
65,80.81611575844188,0.2513411096446629,0.46997410390239514,7
66,80.84254257659026,0.2519531169838869,0.47244852805975296,7
67,80.86856398841472,0.25256687933551386,0.47492295221711084,7
68,80.8941862131387,0.2531824019265519,0.4773973763744687,7
69,80.91941537457832,0.2537996899996979,0.47987180053182665,7
70,80.94425750260599,0.2544187488133849,0.48234622468918453,7
71,80.96871853459153,0.25503958364182905,0.4848206488465424,7
72,80.99280431682126,0.2556621997750772,0.48729507300390035,7
73,81.0165206058953,0.25628660251905455,0.4897694971612582,7
74,81.03987307010334,0.25691279719561233,0.4922439213186161,7
75,81.06286729077954,0.2575407891425756,0.494718345475974,7
76,81.08550876363631,0.25817058371379137,0.49719276963333187,7
77,81.10780290007793,0.25880218627917684,0.49966719379068975,7
78,81.12975502849386,0.2594356022247675,0.5021416179480476,7
79,81.15137039553227,0.2600708369527657,0.5046160421054054,7
80,81.17265416735393,0.2607078958815893,0.5070904662627633,7
81,81.19361143086705,0.2613467844459203,0.5095648904201213,7
82,81.21424719494301,0.26198750809675375,0.5120393145774792,7
83,81.23456639161353,0.2626300723014469,0.5145137387348371,7
84,81.25457387724938,0.26327448254376834,0.516988162892195,7
85,81.27427443372119,0.2639207443239472,0.5194625870495528,7
86,81.29367276954223,0.26456886315872286,0.5219370112069107,7
87,81.31277352099379,0.2652188445813945,0.5244114353642686,7
88,81.33158125323332,0.26587069414187053,0.5268858595216265,7
89,81.35010046138548,0.2665244174067192,0.5293602836789844,7
90,81.36833557161646,0.2671800199592183,0.5318347078363422,7
91,81.3862909421919,0.26783750739940515,0.5343091319937001,7
92,81.40397086451858,0.2684968853441274,0.536783556151058,7
93,81.42137956416995,0.2691581594270935,0.5392579803084159,7
94,81.43852120189618,0.26982133529892305,0.5417324044657739,7
95,81.45539987461854,0.2704864186271982,0.5442068286231317,7
96,81.47201961640856,0.27115341509651397,0.5466812527804896,7
97,81.4883843994523,0.2718223304085301,0.5491556769378475,7
98,81.50449813499957,0.2724931702820217,0.5516301010952054,7
99,81.52036467429882,0.2731659404529313,0.5541045252525633,7
100,81.53598780951762,0.27384064667441976,0.5565789494099211,7
101,81.55137127464894,0.2745172947169189,0.559053373567279,7
102,81.56651874640363,0.27519589036818254,0.5615277977246369,7
103,81.58143384508918,0.2758764394333392,0.5640022218819948,7
104,81.59612013547493,0.27655894773494416,0.5664766460393527,7
105,81.61058112764417,0.27724342111303163,0.5689510701967105,7
106,81.62482027783291,0.2779298654251676,0.5714254943540684,7
107,81.6388409892561,0.27861828654650234,0.5738999185114264,7
108,81.65264661292089,0.2793086903698234,0.5763743426687843,7
109,81.6662404484276,0.28000108280560854,0.5788487668261422,7
110,81.67962574475833,0.28069546978207893,0.5813231909835,7
111,81.6928057010534,0.28139185724525256,0.5837976151408579,7
112,81.70578346737611,0.2820902511589975,0.5862720392982158,7
113,81.7185621454655,0.2827906575050859,0.5887464634555736,7
114,81.73114478947768,0.28349308228324777,0.5912208876129316,7
115,81.74353440671585,0.2841975315112245,0.5936953117702894,7
116,81.75573395834904,0.2849040112248237,0.5961697359276473,7
117,81.76774636011977,0.28561252747797305,0.5986441600850052,7
118,81.77957448304105,0.2863230863427747,0.6011185842423631,7
119,81.79122115408242,0.2870356939095605,0.603593008399721,7
120,81.80268915684576,0.287750356286946,0.606067432557079,7
121,81.81398123223042,0.2884670796018861,0.6085418567144367,7
122,81.82510007908846,0.2891858699997297,0.6110162808717946,7
123,81.83604835486958,0.2899067336442753,0.6134907050291526,7
124,81.84682867625631,0.29062967671782647,0.6159651291865104,7
125,81.85744361978938,0.29135470542124714,0.6184395533438682,7
126,81.86789572248357,0.2920818259740177,0.6209139775012261,7
127,81.878187482434,0.292811044614291,0.6233884016585841,7
128,81.88832135941324,0.29354236759894836,0.625862825815942,7
129,81.89829977545918,0.29427580120365576,0.6283372499732999,7
130,81.90812511545393,0.2950113517229206,0.6308116741306578,7
131,81.91779972769376,0.295749025470148,0.6332860982880156,7
132,81.92732592445046,0.296488828777698,0.6357605224453734,7
133,81.93670598252385,0.29723076799694226,0.6382349466027315,7
134,81.94594214378603,0.29797484949832126,0.6407093707600893,7
135,81.95503661571718,0.2987210796714017,0.6431837949174473,7
136,81.96399157193316,0.299469464924934,0.645658219074805,7
137,81.972809152705,0.30022001168690976,0.6481326432321629,7
138,81.98149146547043,0.30097272640462003,0.6506070673895208,7
139,81.99004058533757,0.3017276155447129,0.6530814915468787,7
140,81.99845855558091,0.3024846855932519,0.6555559157042367,7
141,82.00674738812967,0.3032439430557744,0.6580303398615945,7
142,82.01490906404857,0.30400539445735,0.6605047640189524,7
143,82.02294553401143,0.3047690463426394,0.6629791881763102,7
144,82.0308587187673,0.30553490527595323,0.6654536123336682,7
145,82.03865050959963,0.3063029778413112,0.667928036491026,7
146,82.04632276877814,0.3070732706425011,0.670402460648384,7
147,82.05387733000404,0.30784579030313863,0.6728768848057418,7
148,82.06131599884826,0.3086205434667266,0.6753513089630998,7
149,82.06864055318296,0.3093975367967151,0.6778257331204576,7
150,82.07585274360649,0.31017677697656104,0.6803001572778155,7
151,82.08295429386172,0.31095827070978876,0.6827745814351733,7
152,82.08994690124813,0.3117420247200501,0.6852490055925312,7
153,82.09683223702736,0.31252804575118465,0.6877234297498892,7
154,82.10361194682272,0.3133163405672812,0.6901978539072471,7
155,82.1102876510125,0.31410691595273776,0.692672278064605,7
156,82.11686094511718,0.3148997787123233,0.6951467022219627,7
157,82.12333340018084,0.31569493567123835,0.6976211263793207,7
158,82.12970656314663,0.3164923936751772,0.7000955505366785,7
159,82.13598195722646,0.3172921595903887,0.7025699746940366,7
160,82.14216108226509,0.3180942403037386,0.7050443988513942,7
161,82.14824541509859,0.31889864272277135,0.7075188230087522,7
162,82.15423640990727,0.31970537377577246,0.7099932471661101,7
163,82.16013549856335,0.3205144404118303,0.712467671323468,7
164,82.16594409097301,0.32132584960089927,0.7149420954808259,7
165,82.17166357541356,0.3221396083338623,0.7174165196381838,7
166,82.17729531886503,0.32295572362259367,0.7198909437955417,7
167,82.1828406673371,0.3237742025000222,0.7223653679528994,7
168,82.18830094619062,0.32459505202019456,0.7248397921102575,7
169,82.19367746045452,0.3254182792583386,0.7273142162676153,7
170,82.19897149513758,0.32624389131092757,0.7297886404249733,7
171,82.2041843155357,0.3270718952957431,0.732263064582331,7
172,82.20931716753417,0.32790229835194007,0.7347374887396889,7
173,82.21437127790553,0.3287351076401105,0.7372119128970468,7
174,82.21934785460277,0.32957033034234795,0.7396863370544048,7
175,82.22424808704801,0.3304079736623122,0.7421607612117627,7
176,82.22907314641677,0.33124804482529446,0.7446351853691205,7
177,82.23382418591787,0.33209055107828167,0.7471096095264784,7
178,82.23850234106914,0.3329354996900224,0.7495840336838362,7
179,82.24310872996871,0.33378289795109206,0.7520584578411942,7
180,82.24764445356232,0.33463275317395824,0.754532881998552,7
181,82.25211059590636,0.33548507269304695,0.75700730615591,7
182,82.25650822442708,0.3363398638648084,0.7594817303132678,7
183,82.2608383901756,0.3371971340677832,0.7619561544706258,7
184,82.26510212807918,0.3380568907026688,0.7644305786279836,7
185,82.26930045718856,0.3389191411923863,0.7669050027853415,7
186,82.2734343809215,0.33978389298214706,0.7693794269426993,7
187,82.27750488730263,0.34065115353951964,0.7718538511000573,7
188,82.28151294919954,0.3415209303544971,0.7743282752574152,7
189,82.28545952455538,0.3423932309395646,0.7768026994147731,7
190,82.28934555661772,0.34326806282976663,0.779277123572131,7
191,82.29317197416407,0.3441454335827755,0.7817515477294887,7
192,82.29693969172382,0.34502535077895835,0.7842259718868467,7
193,82.3006496097968,0.3459078220214464,0.7867003960442045,7
194,82.3043026150686,0.3467928549362028,0.7891748202015626,7
195,82.30789958062229,0.3476804571720914,0.7916492443589204,7
196,82.31144136614735,0.3485706364009456,0.7941236685162782,7
197,82.31492881814494,0.3494634003176376,0.7965980926736361,7
198,82.31836277013029,0.35035875664014726,0.799072516830994,7
199,82.32174404283192,0.3512567131096318,0.8015469409883519,7
200,82.32507344438781,0.35215727749049586,0.8040213651457099,7
201,82.32835177053846,0.3530604575704606,0.8064957893030678,7
202,82.3315798048172,0.35396626116063434,0.8089702134604255,7
203,82.33475831873737,0.3548746960955828,0.8114446376177835,7
204,82.33788807197675,0.3557857702333995,0.8139190617751413,7
205,82.34096981255914,0.3566994914557767,0.8163934859324993,7
206,82.34400427703305,0.35761586766807596,0.818867910089857,7
207,82.34699219064791,0.3585349067993998,0.821342334247215,7
208,82.3499342675272,0.3594566168026627,0.8238167584045729,7
209,82.35283121083931,0.36038100565466297,0.8262911825619308,7
210,82.3556837129655,0.36130808135615405,0.8287656067192887,7
211,82.3584924556654,0.36223785193191727,0.8312400308766466,7
212,82.36125811023994,0.36317032543083344,0.8337144550340044,7
213,82.36398133769185,0.3641055099259558,0.8361888791913622,7
214,82.3666627888836,0.3650434135145822,0.8386633033487203,7
215,82.36930310469293,0.3659840443183285,0.8411377275060781,7
216,82.37190291616608,0.36692741048320116,0.8436121516634361,7
217,82.3744628446686,0.36787352017967107,0.8460865758207938,7
218,82.37698350203382,0.3688223816027468,0.8485609999781518,7
219,82.37946549070914,0.36977400297204827,0.8510354241355096,7
220,82.38190940389995,0.3707283925318811,0.8535098482928676,7
221,82.38431582571147,0.37168555855131086,0.8559842724502255,7
222,82.3866853312883,0.3726455093242367,0.8584586966075833,7
223,82.38901848695197,0.3736082531694671,0.8609331207649412,7
224,82.39131585033614,0.3745737984307941,0.8634075449222991,7
225,82.39357797052007,0.3755421534770685,0.865881969079657,7
226,82.39580538815966,0.37651332670227533,0.8683563932370147,7
227,82.39799863561683,0.3774873265256094,0.8708308173943728,7
228,82.40015823708666,0.3784641613915511,0.8733052415517306,7
229,82.40228470872268,0.3794438397699421,0.8757796657090886,7
230,82.4043785587603,0.38042637015606223,0.8782540898664464,7
231,82.40644028763819,0.3814117610707053,0.8807285140238043,7
232,82.40847038811796,0.3824000210602562,0.8832029381811621,7
233,82.4104693454019,0.38339115869676804,0.8856773623385201,7
234,82.41243763724897,0.3843851825780384,0.888151786495878,7
235,82.4143757340889,0.38538210132768785,0.8906262106532359,7
236,82.41628409913477,0.38638192359523693,0.8931006348105938,7
237,82.41816318849357,0.3873846580561844,0.8955750589679515,7
238,82.42001345127534,0.38839031341208463,0.8980494831253095,7
239,82.4218353297004,0.3893988983906268,0.9005239072826673,7
240,82.42362925920514,0.3904104217457131,0.9029983314400254,7
241,82.425395668546,0.39142489225753746,0.9054727555973832,7
242,82.42713497990205,0.39244231873266466,0.907947179754741,7
243,82.42884760897574,0.39346271000410976,0.9104216039120989,7
244,82.43053396509245,0.39448607493141724,0.9128960280694568,7
245,82.43219445129812,0.39551242240074125,0.9153704522268147,7
246,82.43382946445574,0.3965417613249253,0.9178448763841727,7
247,82.43543939534011,0.3975741006435826,0.9203193005415305,7
248,82.43702462873128,0.39860944932317643,0.9227937246988883,7
249,82.43858554350648,0.3996478163571013,0.9252681488562463,7
250,82.44012251273072,0.40068921076576297,0.9277425730136042,7
251,82.44163590374589,0.4017336415966608,0.930216997170962,7
252,82.44312607825862,0.4027811179244685,0.9326914213283198,7
253,82.44459339242667,0.40383164885111594,0.9351658454856777,7
254,82.44603819694414,0.4048852435058713,0.9376402696430357,7
255,82.44746083712518,0.40594191104542304,0.9401146938003936,7
256,82.44886165298658,0.4070016606539624,0.9425891179577515,7
257,82.45024097932905,0.40806450154326607,0.9450635421151093,7
258,82.45159914581721,0.4091304429527794,0.9475379662724672,7
259,82.45293647705837,0.41019949414969903,0.9500123904298251,7
260,82.45425329268018,0.411271664429057,0.9524868145871831,7
261,82.4555499074069,0.4123469631138039,0.954961238744541,7
262,82.45682663113476,0.4134253995548928,0.9574356629018987,7
263,82.45808376900591,0.41450698313136414,0.9599100870592566,7
264,82.45932162148145,0.4155917232504293,0.9623845112166145,7
265,82.46054048441314,0.41667962934755565,0.9648589353739724,7
266,82.46174064911422,0.4177707108865516,0.9673333595313303,7
267,82.46292240242892,0.41886497735965206,0.9698077836886883,7
268,82.4640860268011,0.41996243828760293,0.9722822078460461,7
269,82.46523180034173,0.42106310321974805,0.974756632003404,7
270,82.46635999689535,0.42216698173411427,0.9772310561607619,7
271,82.46747088610554,0.42327408343749817,0.9797054803181198,7
272,82.46856473347935,0.4243844179655523,0.9821799044754776,7
273,82.46964180045076,0.42549799498287233,0.9846543286328356,7
274,82.47070234444315,0.42661482418308316,0.9871287527901934,7
275,82.4717466189309,0.4277349152889273,0.9896031769475513,7
276,82.4727748734998,0.42885827805235216,0.9920776011049092,7
277,82.47378735390693,0.42998492225459695,0.994552025262267,7
278,82.47478430213923,0.4311148577062819,0.9970264494196249,7
279,82.47576595647138,0.432248094247496,0.9995008735769828,7
280,82.47673255152276,0.4333846417478857,1.0019752977343408,7
281,82.47768431831354,0.4345245101067438,1.0044497218916986,7
282,82.47862148431985,0.4356677092530988,1.0069241460490566,7
283,82.47954427352818,0.4368142491458036,1.0093985702064145,7
284,82.48045290648892,0.43796413977362614,1.0118729943637723,7
285,82.48134760036906,0.43911739115533865,1.0143474185211303,7
286,82.48222856900408,0.440274013339808,1.016821842678488,7
287,82.48309602294906,0.44143401640608637,1.0192962668358458,7
288,82.48395016952904,0.44259741046350176,1.0217706909932038,7
289,82.48479121288852,0.44376420565174934,1.0242451151505616,7
290,82.4856193540403,0.4449344121409823,1.0267195393079196,7
291,82.48643479091349,0.4461080401319039,1.0291939634652776,7
292,82.48723771840082,0.4472850998558591,1.0316683876226354,7
293,82.48802832840525,0.4484656015749263,1.0341428117799933,7
294,82.48880680988577,0.4496495555820106,1.0366172359373511,7
295,82.48957334890262,0.4508369722009358,1.039091660094709,7
296,82.49032812866179,0.45202786178653764,1.041566084252067,7
297,82.49107132955868,0.45322223472475687,1.0440405084094249,7
298,82.49180312922134,0.4544201014327328,1.0465149325667826,7
299,82.49252370255287,0.45562147235889744,1.0489893567241406,7
300,82.49323322177325,0.45682635798306914,1.0514637808814984,7
301,82.49393185646045,0.4580347688165472,1.0539382050388564,7
302,82.49461977359101,0.45924671540220635,1.0564126291962141,7
303,82.49529713757993,0.46046220831459195,1.0588870533535721,7
304,82.49596411031995,0.46168125816001476,1.0613614775109301,7
305,82.4966208512203,0.46290387557664714,1.063835901668288,7
306,82.49726751724471,0.464130071234618,1.0663103258256459,7
307,82.49790426294899,0.4653598558361099,1.0687847499830037,7
308,82.49853124051798,0.4665932401154542,1.0712591741403616,7
309,82.49914859980186,0.4678302348392288,1.0737335982977194,7
310,82.49975648835202,0.46907085080635447,1.0762080224550774,7
311,82.5003550514563,0.4703150988481924,1.0786824466124352,7
312,82.50094443217371,0.4715629898286414,1.0811568707697932,7
313,82.50152477136865,0.47281453464423623,1.083631294927151,7
314,82.50209620774456,0.4740697442242451,1.086105719084509,7
315,82.50265887787705,0.4753286295307688,1.0885801432418667,7
316,82.5032129162466,0.47659120155883883,1.0910545673992247,7
317,82.5037584552706,0.4778574713365167,1.0935289915565827,7
318,82.50429562533513,0.4791274499249929,1.0960034157139404,7
319,82.50482455482602,0.4804011484186872,1.0984778398712984,7
320,82.50534537015956,0.48167857794534774,1.1009522640286562,7
321,82.50585819581273,0.48295974966615185,1.103426688186014,7
322,82.50636315435298,0.48424467477580635,1.105901112343372,7
323,82.50686036646745,0.48553336450264806,1.1083755365007297,7
324,82.50734995099185,0.48682583010874547,1.1108499606580877,7
325,82.50783202493888,0.48812208288999975,1.1133243848154457,7
326,82.50830670352617,0.4894221341762467,1.1157988089728035,7
327,82.50877410020387,0.4907259953313586,1.1182732331301615,7
328,82.50923432668165,0.4920336777533467,1.1207476572875192,7
329,82.50968749295554,0.49334519287446377,1.1232220814448772,7
330,82.5101337073341,0.49466055216130694,1.1256965056022352,7
331,82.51057307646442,0.49597976711492137,1.128170929759593,7
332,82.51100570535749,0.4973028492709033,1.1306453539169508,7
333,82.51143169741337,0.49862981019950425,1.1331197780743087,7
334,82.51185115444594,0.49996066150573526,1.1355942022316665,7
335,82.51226417670708,0.5012954148294713,1.1380686263890245,7
336,82.51267086291084,0.5026340818455557,1.1405430505463823,7
337,82.51307131025685,0.5039766742639061,1.1430174747037403,7
338,82.51346561445368,0.5053232038296195,1.1454918988610983,7
339,82.51385386974162,0.5066736823230777,1.147966323018456,7
340,82.51423616891529,0.5080281215600538,1.150440747175814,7
341,82.51461260334574,0.5093865333918188,1.1529151713331718,7
342,82.51498326300232,0.5107489297052474,1.1553895954905298,7
343,82.51534823647421,0.5121153224229263,1.1578640196478878,7
344,82.51570761099156,0.5134857235032608,1.1603384438052455,7
345,82.51606147244632,0.5148601449405827,1.1628128679626033,7
346,82.51640990541286,0.5162385987652579,1.1652872921199613,7
347,82.51675299316805,0.5176210970437956,1.167761716277319,7
348,82.51709081771128,0.5190076518789559,1.170236140434677,7
349,82.51742345978397,0.5203982754098602,1.1727105645920348,7
350,82.51775099888894,0.521792979812099,1.1751849887493928,7
351,82.51807351330939,0.5231917772978429,1.1776594129067508,7
352,82.51839108012756,0.5245946801159511,1.1801338370641086,7
353,82.51870377524321,0.5260017005520834,1.1826082612214666,7
354,82.51901167339176,0.5274128509288094,1.1850826853788243,7
355,82.51931484816211,0.5288281436057204,1.187557109536182,7
356,82.51961337201428,0.5302475909795403,1.19003153369354,7
357,82.51990731629667,0.5316712054842375,1.192505957850898,7
358,82.52019675126319,0.5330989995911363,1.1949803820082558,7
359,82.52048174608994,0.5345309858090299,1.1974548061656138,7
360,82.52076236889187,0.5359671766842931,1.1999292303229716,7
361,82.52103868673896,0.5374075848009944,1.2024036544803296,7
362,82.52131076567231,0.5388522227810104,1.2048780786376874,7
363,82.52157867071989,0.5403011032841387,1.2073525027950454,7
364,82.5218424659121,0.5417542390082124,1.2098269269524033,7
365,82.52210221429708,0.5432116426892142,1.2123013511097611,7
366,82.52235797795572,0.5446733271013909,1.214775775267119,7
367,82.52260981801659,0.5461393050573696,1.2172501994244769,7
368,82.52285779467051,0.5476095894082712,1.2197246235818346,7
369,82.52310196718489,0.5490841930438279,1.2221990477391926,7
370,82.52334239391796,0.5505631288924981,1.2246734718965506,7
371,82.52357913233269,0.5520464099215837,1.2271478960539084,7
372,82.52381223901052,0.553534049137346,1.2296223202112664,7
373,82.52404176966492,0.5550260595851239,1.2320967443686242,7
374,82.52426777915463,0.5565224543494504,1.2345711685259821,7
375,82.52449032149683,0.558023246554171,1.2370455926833401,7
376,82.52470944988006,0.5595284493625619,1.239520016840698,7
377,82.5249252166769,0.561038075977448,1.2419944409980557,7
378,82.5251376734565,0.5625521396413229,1.2444688651554137,7
379,82.52534687099688,0.564070653636467,1.2469432893127714,7
380,82.52555285929711,0.5655936312850678,1.2494177134701294,7
381,82.52575568758922,0.5671210859493401,1.2518921376274872,7
382,82.52595540435003,0.568653031031645,1.254366561784845,7
383,82.52615205731264,0.5701894799746126,1.2568409859422032,7
384,82.52634569347791,0.5717304462612617,1.2593154100995612,7
385,82.52653635912567,0.5732759434151213,1.261789834256919,7
386,82.5267240998258,0.5748259850003532,1.2642642584142767,7
387,82.52690896044908,0.5763805846218734,1.2667386825716347,7
388,82.52709098517794,0.5779397559254751,1.2692131067289927,7
389,82.52727021751706,0.5795035125979512,1.2716875308863504,7
390,82.52744670030368,0.5810718683672177,1.2741619550437082,7
391,82.52762047571792,0.582644837002438,1.276636379201066,7
392,82.5277915852928,0.5842224323141457,1.279110803358424,7
393,82.5279600699242,0.5858046681543702,1.281585227515782,7
394,82.52812596988066,0.5873915584167607,1.2840596516731397,7
395,82.52828932481293,0.5889831170367112,1.2865340758304975,7
396,82.52845017376349,0.590579357991487,1.2890084999878557,7
397,82.52860855517591,0.5921802953003495,1.2914829241452137,7
398,82.528764506904,0.5937859430246833,1.2939573483025715,7
399,82.52891806622084,0.5953963152681222,1.2964317724599292,7
400,82.52906926982774,0.5970114261766768,1.2989061966172872,7
401,82.52921815386298,0.5986312899388612,1.3013806207746452,7
402,82.52936475391047,0.6002559207858217,1.303855044932003,7
403,82.52950910500817,0.6018853329914643,1.3063294690893608,7
404,82.52965124165664,0.6035195408725835,1.3088038932467185,7
405,82.52979119782707,0.6051585587889914,1.3112783174040765,7
406,82.52992900696958,0.6068024011436468,1.3137527415614345,7
407,82.53006470202111,0.6084510823827848,1.3162271657187923,7
408,82.53019831541333,0.6101046169960475,1.31870158987615,7
409,82.53032987908038,0.6117630195166137,1.3211760140335083,7
410,82.53045942446653,0.6134263045213311,1.3236504381908663,7
411,82.53058698253363,0.6150944866308456,1.326124862348224,7
412,82.5307125837686,0.6167675805097355,1.3285992865055818,7
413,82.53083625819065,0.6184456008666407,1.3310737106629398,7
414,82.53095803535844,0.6201285624543981,1.3335481348202975,7
415,82.53107794437723,0.6218164800701723,1.3360225589776555,7
416,82.53119601390577,0.6235093685555899,1.3384969831350133,7
417,82.53131227216315,0.6252072427968735,1.340971407292371,7
418,82.53142674693557,0.6269101177249744,1.343445831449729,7
419,82.53153946558295,0.6286180083157085,1.345920255607087,7
420,82.53165045504554,0.6303309295898903,1.3483946797644448,7
421,82.53175974185025,0.6320488966134693,1.3508691039218026,7
422,82.53186735211708,0.6337719244976642,1.3533435280791606,7
423,82.53197331156531,0.6355000283991002,1.3558179522365188,7
424,82.53207764551969,0.637233223519945,1.3582923763938766,7
425,82.53218037891646,0.6389715251080456,1.3607668005512343,7
426,82.53228153630933,0.6407149484570663,1.363241224708592,7
427,82.53238114187532,0.642463508906626,1.36571564886595,7
428,82.53247921942055,0.644217221842436,1.368190073023308,7
429,82.53257579238598,0.6459761026964399,1.3706644971806659,7
430,82.53267088385293,0.6477401669469509,1.3731389213380236,7
431,82.53276451654864,0.6495094301187923,1.3756133454953816,7
432,82.53285671285172,0.6512839077834369,1.3780877696527396,7
433,82.53294749479747,0.6530636155591482,1.3805621938100974,7
434,82.53303688408312,0.6548485691111197,1.3830366179674551,7
435,82.53312490207307,0.6566387841516167,1.3855110421248131,7
436,82.53321156980401,0.6584342764401182,1.3879854662821713,7
437,82.53329690798986,0.660235061783458,1.3904598904395291,7
438,82.5333809370268,0.6620411560359679,1.3929343145968869,7
439,82.53346367699811,0.6638525750996199,1.3954087387542446,7
440,82.53354514767898,0.6656693349241698,1.3978831629116026,7
441,82.53362536854124,0.6674914515073009,1.4003575870689606,7
442,82.53370435875799,0.669318940894768,1.4028320112263184,7
443,82.53378213720823,0.6711518191805415,1.4053064353836762,7
444,82.53385872248131,0.6729901025069533,1.4077808595410342,7
445,82.53393413288144,0.6748338070648415,1.4102552836983921,7
446,82.534008386432,0.6766829490936968,1.41272970785575,7
447,82.5340815008799,0.6785375448818077,1.4152041320131077,7
448,82.53415349369979,0.6803976107664091,1.4176785561704657,7
449,82.53422438209823,0.6822631631338272,1.4201529803278234,7
450,82.53429418301786,0.6841342184196287,1.4226274044851817,7
451,82.53436291314136,0.6860107931087689,1.4251018286425394,7
452,82.53443058889555,0.687892903735739,1.4275762527998972,7
453,82.53449722645516,0.6897805668847161,1.4300506769572552,7
454,82.53456284174688,0.6916737991897123,1.4325251011146132,7
455,82.534627450453,0.6935726173347246,1.434999525271971,7
456,82.53469106801528,0.6954770380538846,1.4374739494293287,7
457,82.53475370963858,0.6973870781316103,1.4399483735866867,7
458,82.53481539029451,0.6993027544027564,1.4424227977440447,7
459,82.53487612472497,0.7012240837527663,1.4448972219014025,7
460,82.53493592744576,0.7031510831178246,1.4473716460587602,7
461,82.53499481274997,0.705083769485009,1.449846070216118,7
462,82.53505279471142,0.7070221598924433,1.452320494373476,7
463,82.53510988718804,0.7089662714294516,1.4547949185308342,7
464,82.53516610382518,0.710916121236712,1.457269342688192,7
465,82.53522145805881,0.7128717265064101,1.4597437668455497,7
466,82.53527596311883,0.7148331044823956,1.4622181910029077,7
467,82.5353296320322,0.716800272460336,1.4646926151602657,7
468,82.53538247762599,0.7187732477878731,1.4671670393176235,7
469,82.5354345125305,0.7207520478647793,1.4696414634749813,7
470,82.5354857491823,0.7227366901431149,1.4721158876323392,7
471,82.53553619982713,0.7247271921273837,1.4745903117896972,7
472,82.53558587652296,0.7267235713746927,1.477064735947055,7
473,82.53563479114266,0.7287258454949086,1.4795391601044128,7
474,82.53568295537706,0.7307340321508172,1.4820135842617705,7
475,82.53573038073759,0.7327481490582826,1.4844880084191285,7
476,82.53577707855911,0.7347682139864067,1.4869624325764867,7
477,82.5358230600026,0.7367942447576892,1.4894368567338445,7
478,82.53586833605779,0.7388262592481878,1.4919112808912023,7
479,82.53591291754586,0.7408642753876803,1.4943857050485603,7
480,82.53595681512196,0.7429083111598247,1.4968601292059183,7
481,82.53600003927781,0.7449583846023221,1.499334553363276,7
482,82.53604260034413,0.7470145138070796,1.5018089775206338,7
483,82.53608450849319,0.7490767169203721,1.5042834016779916,7
484,82.53612577374123,0.7511450121430067,1.5067578258353496,7
485,82.5361664059508,0.7532194177304864,1.5092322499927076,7
486,82.53620641483316,0.7552999519931742,1.5117066741500653,7
487,82.5362458099506,0.7573866332964587,1.514181098307423,7
488,82.53628460071872,0.7594794800609194,1.516655522464781,7
489,82.53632279640865,0.7615785107624921,1.5191299466221393,7
490,82.53636040614936,0.7636837439326358,1.521604370779497,7
491,82.53639743892967,0.7657951981585003,1.5240787949368548,7
492,82.53643390360062,0.7679128920830915,1.5265532190942128,7
493,82.53646980887738,0.7700368444054423,1.5290276432515708,7
494,82.53650516334147,0.7721670738807785,1.5315020674089286,7
495,82.53653997544276,0.7743035993206895,1.5339764915662863,7
496,82.53657425350147,0.7764464395932967,1.5364509157236441,7
497,82.5366080057102,0.7785956136234243,1.538925339881002,7
498,82.53664124013586,0.7807511403927686,1.54139976403836,7
499,82.53667396472164,0.7829130389400706,1.5438741881957179,7
500,82.53670618728881,0.7850813283612863,1.5463486123530759,7
501,82.53673791553872,0.7872560278097593,1.5488230365104336,7
502,82.53676915705455,0.789437156496393,1.5512974606677914,7
503,82.53679991930314,0.7916247336898244,1.5537718848251496,7
504,82.53683020963679,0.7938187787165965,1.5562463089825074,7
505,82.53686003529502,0.7960193109613332,1.5587207331398654,7
506,82.53688940340629,0.7982263498669142,1.5611951572972231,7
507,82.5369183209897,0.8004399149346497,1.5636695814545811,7
508,82.53694679495665,0.802660025724456,1.566144005611939,7
509,82.53697483211255,0.8048867018550323,1.5686184297692969,7
510,82.5370024391584,0.8071199630040361,1.5710928539266547,7
511,82.53702962269237,0.8093598289082629,1.5735672780840126,7
512,82.53705638921147,0.8116063193638211,1.5760417022413704,7
513,82.53708274511298,0.8138594542263127,1.5785161263987282,7
514,82.53710869669608,0.8161192534110113,1.5809905505560862,7
515,82.5371342501633,0.8183857368930412,1.583464974713444,7
516,82.53715941162203,0.8206589247075576,1.5859393988708022,7
517,82.53718418708596,0.8229388369499274,1.58841382302816,7
518,82.53720858247651,0.82522549377591,1.590888247185518,7
519,82.5372326036243,0.8275189154018393,1.5933626713428757,7
520,82.53725625627047,0.8298191221048045,1.5958370955002337,7
521,82.5372795460681,0.8321261342228344,1.5983115196575914,7
522,82.53730247858356,0.8344399721550807,1.6007859438149494,7
523,82.53732505929779,0.8367606563619994,1.6032603679723072,7
524,82.5373472936077,0.8390882073655381,1.605734792129665,7
525,82.53736918682735,0.8414226457493191,1.608209216287023,7
526,82.53739074418932,0.8437639921588258,1.6106836404443807,7
527,82.53741197084594,0.8461122673015876,1.6131580646017387,7
528,82.53743287187041,0.848467491947368,1.6156324887590965,7
529,82.5374534522582,0.8508296869283498,1.6181069129164547,7
530,82.5374737169281,0.8531988731393245,1.6205813370738125,7
531,82.53749367072345,0.8555750715378798,1.6230557612311705,7
532,82.53751331841327,0.857958303144589,1.6255301853885282,7
533,82.53753266469347,0.8603485890431987,1.6280046095458862,7
534,82.53755171418786,0.8627459503808214,1.630479033703244,7
535,82.53757047144936,0.8651504083681233,1.632953457860602,7
536,82.53758894096103,0.8675619842795178,1.6354278820179597,7
537,82.53760712713715,0.8699806994533553,1.6379023061753175,7
538,82.53762503432431,0.8724065752921167,1.6403767303326755,7
539,82.53764266680238,0.8748396332626057,1.6428511544900333,7
540,82.53766002878561,0.8772798948961421,1.6453255786473913,7
541,82.53767712442358,0.8797273817887562,1.647800002804749,7
542,82.53769395780222,0.8821821156013825,1.6502744269621072,7
543,82.53771053294476,0.8846441180600565,1.652748851119465,7
544,82.53772685381274,0.8871134109561088,1.655223275276823,7
545,82.53774292430691,0.8895900161463624,1.6576976994341808,7
546,82.53775874826819,0.8920739555533292,1.6601721235915388,7
547,82.53777432947857,0.8945652511654075,1.6626465477488965,7
548,82.53778967166201,0.8970639250370805,1.6651209719062543,7
549,82.53780477848538,0.8995699992891147,1.6675953960636123,7
550,82.53781965355924,0.9020834961087593,1.67006982022097,7
551,82.53783430043882,0.9046044377499458,1.672544244378328,7
552,82.53784872262477,0.9071328465334894,1.6750186685356858,7
553,82.53786292356405,0.9096687448472888,1.6774930926930438,7
554,82.53787690665075,0.912212155146529,1.6799675168504016,7
555,82.53789067522689,0.9147630999538832,1.6824419410077598,7
556,82.5379042325832,0.9173216018597157,1.6849163651651176,7
557,82.53791758195995,0.9198876835222856,1.6873907893224755,7
558,82.5379307265477,0.9224613676679512,1.6898652134798333,7
559,82.53794366948806,0.9250426770913732,1.692339637637191,7
560,82.53795641387443,0.9276316346557227,1.694814061794549,7
561,82.53796896275279,0.9302282632928853,1.6972884859519068,7
562,82.53798131912237,0.932832586003668,1.6997629101092648,7
563,82.53799348593637,0.9354446258580071,1.7022373342666226,7
564,82.53800546610275,0.9380644059951755,1.7047117584239806,7
565,82.53801726248477,0.9406919496239906,1.7071861825813384,7
566,82.53802887790185,0.9433272800230255,1.7096606067386964,7
567,82.53804031513012,0.945970420540816,1.7121350308960541,7
568,82.5380515769031,0.9486213945960735,1.7146094550534123,7
569,82.53806266591242,0.9512802256778942,1.71708387921077,7
570,82.5380735848084,0.9539469373459719,1.719558303368128,7
571,82.53808433620068,0.956621553230809,1.7220327275254859,7
572,82.5380949226589,0.959304097033931,1.7245071516828436,7
573,82.53810534671328,0.961994592528099,1.7269815758402016,7
574,82.53811561085519,0.964693063557524,1.7294559999975594,7
575,82.5381257175378,0.9673995340380822,1.7319304241549174,7
576,82.53813566917667,0.9701140279575301,1.7344048483122751,7
577,82.53814546815026,0.9728365693757208,1.7368792724696331,7
578,82.53815511680058,0.9755671824248204,1.739353696626991,7
579,82.5381646174337,0.9783058913095259,1.741828120784349,7
580,82.53817397232028,0.9810527203072836,1.7443025449417067,7
581,82.5381831836962,0.9838076937685071,1.7467769690990649,7
582,82.53819225376303,0.9865708361167967,1.7492513932564224,7
583,82.53820118468853,0.9893421718491606,1.7517258174137802,7
584,82.53820997860724,0.992121725536234,1.7542002415711384,7
585,82.53821863762093,0.9949095218225018,1.7566746657284962,7
586,82.53822716379915,0.9977055854265195,1.7591490898858542,7
587,82.53823555917968,1.0005099411411382,1.761623514043212,7
588,82.53824382576906,1.0033226138337241,1.76409793820057,7
589,82.53825196554304,1.0061436284463874,1.7665723623579277,7
590,82.53825998044705,1.008973009996202,1.7690467865152857,7
591,82.5382678723967,1.0118107835754353,1.7715212106726435,7
592,82.53827564327818,1.0146569743517715,1.7739956348300014,7
593,82.53828329494877,1.0175116075685398,1.7764700589873592,7
594,82.53829082923725,1.0203747085449408,1.778944483144717,7
595,82.53829824794435,1.0232463026762761,1.781418907302075,7
596,82.53830555284318,1.026126415434175,1.7838933314594327,7
597,82.53831274567962,1.0290150723668259,1.786367755616791,7
598,82.53831982817279,1.0319122990992062,1.7888421797741487,7
599,82.53832680201545,1.034818121333312,1.7913166039315067,7
600,82.53833366887436,1.0377325648483917,1.7937910280888645,7
601,82.53834043039073,1.0406556555011761,1.7962654522462225,7
602,82.5383470881806,1.0435874192261125,1.7987398764035802,7
603,82.5383536438352,1.046527882035599,1.8012143005609382,7
604,82.53836009892136,1.0494770700202172,1.803688724718296,7
605,82.53836645498188,1.0524350093489696,1.806163148875654,7
606,82.53837271353588,1.055401726269513,1.8086375730330118,7
607,82.53837887607918,1.0583772471083965,1.8111119971903695,7
608,82.53838494408464,1.0613615982712983,1.8135864213477275,7
609,82.53839091900255,1.0643548062432635,1.8160608455050853,7
610,82.53839680226095,1.0673568975889431,1.8185352696624435,7
611,82.53840259526594,1.0703678989528336,1.8210096938198013,7
612,82.53840829940208,1.073387837059516,1.8234841179771593,7
613,82.5384139160327,1.0764167387138979,1.825958542134517,7
614,82.53841944650017,1.0794546308014534,1.828432966291875,7
615,82.5384248921263,1.0825015402884675,1.8309073904492328,7
616,82.53843025421264,1.0855574942222774,1.8333818146065908,7
617,82.53843553404073,1.0886225197315176,1.8358562387639485,7
618,82.53844073287246,1.0916966440263622,1.8383306629213063,7
619,82.5384458519504,1.0947798943987728,1.8408050870786643,7
620,82.53845089249802,1.0978722982227418,1.843279511236022,7
621,82.53845585572002,1.1009738829545412,1.84575393539338,7
622,82.53846074280264,1.1040846761329695,1.8482283595507378,7
623,82.53846555491391,1.1072047053795981,1.850702783708096,7
624,82.53847029320396,1.1103339983990232,1.8531772078654538,7
625,82.53847495880522,1.113472582979113,1.8556516320228118,7
626,82.53847955283284,1.1166204869912586,1.8581260561801696,7
627,82.53848407638478,1.1197777383906267,1.8606004803375276,7
628,82.53848853054218,1.1229443652164088,1.8630749044948853,7
629,82.53849291636962,1.1261203955920764,1.865549328652243,7
630,82.53849723491533,1.1293058577256334,1.868023752809601,7
631,82.53850148721143,1.13250077990987,1.8704981769669589,7
632,82.53850567427429,1.1357051905226172,1.8729726011243168,7
633,82.5385097971046,1.1389191180270046,1.8754470252816746,7
634,82.53851385668773,1.142142590971715,1.8779214494390326,7
635,82.53851785399395,1.1453756379912419,1.8803958735963904,7
636,82.53852178997863,1.1486182878061482,1.8828702977537486,7
637,82.5385256655825,1.1518705692233242,1.8853447219111064,7
638,82.53852948173181,1.1551325111362476,1.8878191460684643,7
639,82.53853323933866,1.1584041425252445,1.8902935702258221,7
640,82.53853693930112,1.1616854924577493,1.8927679943831799,7
641,82.53854058250353,1.1649765900885678,1.8952424185405379,7
642,82.53854416981659,1.1682774646601386,1.8977168426978956,7
643,82.53854770209769,1.1715881455027986,1.9001912668552536,7
644,82.53855118019108,1.1749086620350446,1.9026656910126114,7
645,82.53855460492801,1.1782390437638008,1.9051401151699694,7
646,82.53855797712704,1.1815793202846836,1.9076145393273272,7
647,82.53856129759411,1.1849295212822686,1.9100889634846852,7
648,82.53856456712285,1.1882896765303579,1.912563387642043,7
649,82.53856778649465,1.1916598158922485,1.9150378117994011,7
650,82.538570956479,1.1950399693210014,1.917512235956759,7
651,82.53857407783352,1.198430166859711,1.919986660114117,7
652,82.53857715130421,1.2018304386417773,1.9224610842714747,7
653,82.53858017762568,1.205240814891176,1.9249355084288324,7
654,82.53858315752119,1.2086613259227308,1.9274099325861904,7
655,82.53858609170298,1.2120920021423882,1.9298843567435482,7
656,82.53858898087232,1.2155328740474898,1.9323587809009062,7
657,82.53859182571972,1.2189839722270472,1.934833205058264,7
658,82.53859462692513,1.2224453273620193,1.937307629215622,7
659,82.53859738515804,1.2259169702255872,1.9397820533729797,7
660,82.53860010107769,1.229398931683432,1.9422564775303377,7
661,82.53860277533317,1.2328912426940128,1.9447309016876955,7
662,82.53860540856367,1.236393934308846,1.9472053258450537,7
663,82.53860800139853,1.2399070376727845,1.9496797500024114,7
664,82.53861055445743,1.2434305840242994,1.9521541741597692,7
665,82.53861306835059,1.246964604695761,1.9546285983171272,7
666,82.53861554367882,1.2505091311137202,1.957103022474485,7
667,82.53861798103375,1.2540641947991937,1.959577446631843,7
668,82.5386203809979,1.2576298273679458,1.9620518707892007,7
669,82.53862274414489,1.261206060530775,1.9645262949465587,7
670,82.5386250710395,1.2647929260937996,1.9670007191039165,7
671,82.53862736223789,1.268390455958743,1.9694751432612745,7
672,82.53862961828764,1.2719986821232223,1.9719495674186323,7
673,82.538631839728,1.2756176366810374,1.9744239915759902,7
674,82.53863402708984,1.279247351822458,1.976898415733348,7
675,82.538636180896,1.2828878598345161,1.9793728398907058,7
676,82.53863830166124,1.2865391931012948,1.981847264048064,7
677,82.53864038989241,1.2902013841042221,1.9843216882054218,7
678,82.53864244608862,1.2938744654223615,1.9867961123627798,7
679,82.53864447074129,1.2975584697327074,1.9892705365201375,7
680,82.53864646433436,1.3012534298104792,1.9917449606774955,7
681,82.53864842734427,1.3049593785294165,1.9942193848348533,7
682,82.53865036024021,1.3086763488620743,1.9966938089922113,7
683,82.53865226348414,1.312404373880122,1.999168233149569,7
684,82.53865413753094,1.3161434867546402,2.001642657306927,7
685,82.53865598282853,1.3198937207564194,2.004117081464285,7
686,82.53865779981793,1.3236551092562618,2.006591505621643,7
687,82.5386595889334,1.3274276857252791,2.0090659297790006,7
688,82.53866135060255,1.3312114837351965,2.0115403539363585,7
689,82.53866308524645,1.3350065369586541,2.0140147780937165,7
690,82.53866479327968,1.3388128791695104,2.016489202251074,7
691,82.53866647511043,1.3426305442431474,2.018963626408432,7
692,82.53866813114071,1.3464595661567753,2.02143805056579,7
693,82.53866976176629,1.3502999789897383,2.023912474723148,7
694,82.5386713673769,1.3541518169238225,2.0263868988805056,7
695,82.53867294835631,1.358015114243564,2.028861323037864,7
696,82.53867450508235,1.361889905336557,2.0313357471952216,7
697,82.5386760379271,1.3657762246937644,2.0338101713525796,7
698,82.53867754725692,1.3696741069098284,2.0362845955099376,7
699,82.53867903343254,1.373583586683382,2.038759019667295,7
700,82.53868049680915,1.377504698817363,2.041233443824653,7
701,82.53868193773653,1.381437478219326,2.043707867982011,7
702,82.53868335655903,1.385381959901756,2.046182292139369,7
703,82.5386847536158,1.3893381789823889,2.0486567162967266,7
704,82.5386861292407,1.3933061706845222,2.0511311404540846,7
705,82.53868748376253,1.397285970337335,2.0536055646114426,7
706,82.53868881750503,1.4012776133762075,2.0560799887688006,7
707,82.53869013078696,1.4052811353430383,2.058554412926158,7
708,82.53869142392222,1.4092965718865658,2.0610288370835166,7
709,82.53869269721984,1.4133239587626882,2.063503261240874,7
710,82.53869395098417,1.4173633318347882,2.0659776853982317,7
711,82.53869518551485,1.4214147270740536,2.06845210955559,7
712,82.53869640110696,1.4254781805598034,2.0709265337129477,7
713,82.538697598051,1.4295537284798112,2.0734009578703056,7
714,82.53869877663307,1.4336414071306338,2.0758753820276636,7
715,82.53869993713485,1.437741252917934,2.0783498061850216,7
716,82.53870107983369,1.4418533023568145,2.080824230342379,7
717,82.53870220500272,1.4459775920721423,2.083298654499737,7
718,82.53870331291084,1.4501141587988804,2.085773078657095,7
719,82.53870440382286,1.4542630393824196,2.088247502814453,7
720,82.53870547799951,1.4584242707789092,2.0907219269718107,7
721,82.53870653569753,1.4625978900555914,2.093196351129169,7
722,82.5387075771697,1.4667839343911337,2.0956707752865267,7
723,82.53870860266494,1.470982441075965,2.0981451994438842,7
724,82.53870961242833,1.4751934475126127,2.1006196236012427,7
725,82.53871060670126,1.4794169912160373,2.1030940477586,7
726,82.5387115857213,1.4836531098139731,2.105568471915958,7
727,82.53871254972249,1.4879018410472642,2.108042896073316,7
728,82.53871349893521,1.4921632227702082,2.110517320230674,7
729,82.53871443358632,1.496437292950895,2.1129917443880317,7
730,82.5387153538992,1.5007240896715492,2.1154661685453897,7
731,82.53871626009385,1.5050236511288748,2.1179405927027477,7
732,82.53871715238681,1.5093360156343973,2.1204150168601057,7
733,82.53871803099135,1.5136612216148109,2.1228894410174632,7
734,82.53871889611747,1.5179993076123226,2.1253638651748212,7
735,82.53871974797194,1.5223503122850022,2.1278382893321792,7
736,82.53872058675836,1.5267142744071287,2.1303127134895368,7
737,82.53872141267718,1.531091232869541,2.132787137646895,7
738,82.53872222592582,1.5354812266799878,2.1352615618042528,7
739,82.53872302669865,1.5398842949634781,2.1377359859616107,7
740,82.53872381518704,1.5443004769626356,2.1402104101189687,7
741,82.53872459157945,1.5487298120380522,2.1426848342763267,7
742,82.53872535606146,1.5531723396686414,2.1451592584336843,7
743,82.53872610881575,1.5576280994519953,2.1476336825910423,7
744,82.53872685002227,1.5620971311047414,2.1501081067484002,7
745,82.53872757985813,1.566579474462899,2.152582530905758,7
746,82.5387282984978,1.5710751694822407,2.155056955063116,7
747,82.53872900611302,1.5755842562386504,2.1575313792204738,7
748,82.53872970287291,1.5801067749284858,2.1600058033778318,7
749,82.53873038894402,1.5846427658689402,2.1624802275351893,7
750,82.53873106449029,1.5891922694984058,2.1649546516925477,7
751,82.5387317296732,1.5937553263768365,2.1674290758499053,7
752,82.53873238465174,1.598331977186118,2.1699035000072633,7
753,82.53873302958242,1.6029222627304291,2.1723779241646213,7
754,82.53873366461941,1.6075262239366142,2.1748523483219793,7
755,82.53873428991449,1.6121439018545474,2.177326772479337,7
756,82.53873490561708,1.6167753376575071,2.179801196636695,7
757,82.53873551187435,1.6214205726425437,2.182275620794053,7
758,82.5387361088312,1.6260796482308526,2.1847500449514103,7
759,82.53873669663031,1.6307526059681494,2.1872244691087683,7
760,82.53873727541216,1.6354394875250415,2.1896988932661263,7
761,82.53873784531508,1.6401403346974057,2.1921733174234843,7
762,82.53873840647529,1.6448551894067645,2.194647741580842,7
763,82.53873895902689,1.6495840937006614,2.1971221657382003,7
764,82.53873950310195,1.6543270897530447,2.199596589895558,7
765,82.53874003883051,1.6590842198646438,2.202071014052916,7
766,82.53874056634062,1.663855526463352,2.204545438210274,7
767,82.53874108575833,1.6686410521046078,2.207019862367632,7
768,82.53874159720782,1.6734408394717804,2.2094942865249894,7
769,82.53874210081129,1.678254931376551,2.2119687106823473,7
770,82.53874259668913,1.6830833707593027,2.2144431348397053,7
771,82.53874308495986,1.687926200689505,2.216917558997063,7
772,82.53874356574015,1.6927834643661024,2.219391983154421,7
773,82.53874403914493,1.6976552051179035,2.221866407311779,7
774,82.53874450528735,1.702541466403972,2.224340831469137,7
775,82.5387449642788,1.70744229181402,2.2268152556264944,7
776,82.538745416229,1.7123577250687956,2.229289679783853,7
777,82.53874586124596,1.7172878100204831,2.2317641039412104,7
778,82.53874629943604,1.7222325906530953,2.2342385280985684,7
779,82.53874673090397,1.7271921110828699,2.2367129522559264,7
780,82.53874715575287,1.732166415558667,2.239187376413284,7
781,82.53874757408428,1.7371555484623684,2.241661800570642,7
782,82.5387479859982,1.7421595543092787,2.244136224728,7
783,82.53874839159305,1.747178477748524,2.246610648885358,7
784,82.5387487909658,1.7522123635634554,2.2490850730427154,7
785,82.53874918421187,1.7572612566720542,2.2515594972000734,7
786,82.53874957142527,1.7623252021273352,2.2540339213574314,7
787,82.53874995269854,1.767404245117752,2.2565083455147894,7
788,82.5387503281228,1.7724984309676046,2.258982769672147,7
789,82.53875069778779,1.7776078051374506,2.2614571938295054,7
790,82.53875106178185,1.7827324132245117,2.263931617986863,7
791,82.53875142019199,1.787872300963086,2.266406042144221,7
792,82.53875177310385,1.7930275142249594,2.268880466301579,7
793,82.5387521206018,1.7981980990198208,2.2713548904589365,7
794,82.53875246276887,1.8033841014956749,2.2738293146162945,7
795,82.53875279968686,1.8085855679392586,2.2763037387736524,7
796,82.53875313143628,1.813802544776459,2.2787781629310104,7
797,82.53875345809644,1.819035078572731,2.281252587088368,7
798,82.53875377974538,1.8242832160335172,2.283727011245726,7
799,82.53875409646001,1.8295470040046693,2.286201435403084,7
800,82.53875440831601,1.8348264894728687,2.288675859560442,7
0,76.98636207881154,0.22516724468320648,0.39008140620059695,8
1,77.05504484548106,0.22561450571677455,0.39329852058947423,8
2,77.1228289020051,0.22606282778113126,0.3965156349783515,8
3,77.18972600795541,0.2265122135168378,0.3997327493672288,8
4,77.2557477690305,0.22696266557110092,0.40294986375610603,8
5,77.32090563906888,0.22741418659778947,0.4061669781449833,8
6,77.38521092203626,0.2278667792574515,0.4093840925338606,8
7,77.44867477398661,0.22832044621733089,0.4126012069227379,8
8,77.51130820499753,0.22877519015138434,0.41581832131161517,8
9,77.57312208108038,0.22923101374029825,0.41903543570049245,8
10,77.63412712606541,0.22968791967150584,0.42225255008936974,8
11,77.69433392346208,0.23014591063920395,0.425469664478247,8
12,77.75375291829529,0.23060498934437024,0.4286867788671242,8
13,77.81239441891735,0.23106515849478038,0.4319038932560015,8
14,77.87026859879634,0.231526420805025,0.43512100764487877,8
15,77.92738549828113,0.23198877899652703,0.43833812203375605,8
16,77.98375502634312,0.23245223579755886,0.44155523642263333,8
17,78.03938696229544,0.23291679394325976,0.4447723508115106,8
18,78.09429095748942,0.23338245617565295,0.4479894652003879,8
19,78.14847653698902,0.2338492252436633,0.45120657958926513,8
20,78.20195310122327,0.23431710390313443,0.4544236939781424,8
21,78.25472992761709,0.23478609491684635,0.4576408083670197,8
22,78.30681617220084,0.23525620105453288,0.460857922755897,8
23,78.35822087119872,0.23572742509289935,0.46407503714477427,8
24,78.40895294259647,0.23619976981563992,0.46729215153365156,8
25,78.45902118768848,0.2366732380134554,0.47050926592252884,8
26,78.50843429260466,0.23714783248407104,0.473726380311406,8
27,78.55720082981745,0.23762355603225382,0.4769434947002833,8
28,78.60532925962892,0.23810041146983085,0.4801606090891606,8
29,78.65282793163861,0.23857840161570656,0.48337772347803787,8
30,78.699705086192,0.23905752929588095,0.48659483786691515,8
31,78.74596885581009,0.23953779734346736,0.48981195225579244,8
32,78.79162726660033,0.24001920859871043,0.4930290666446697,8
33,78.83668823964899,0.24050176590900413,0.49624618103354695,8
34,78.88115959239538,0.24098547212890964,0.4994632954224243,8
35,78.92504903998804,0.24147033012017383,0.5026804098113015,8
36,78.96836419662324,0.24195634275174682,0.5058975242001787,8
37,79.01111257686591,0.24244351289980065,0.509114638589056,8
38,79.05330159695333,0.2429318434477472,0.5123317529779333,8
39,79.09493857608172,0.2434213372862567,0.5155488673668106,8
40,79.13603073767602,0.24391199731327576,0.5187659817556879,8
41,79.17658521064311,0.2444038264340459,0.5219830961445652,8
42,79.21660903060844,0.24489682756112208,0.5252002105334425,8
43,79.25610914113678,0.24539100361439087,0.5284173249223197,8
44,79.29509239493669,0.24588635752108912,0.531634439311197,8
45,79.33356555504943,0.24638289221582244,0.5348515537000743,8
46,79.37153529602229,0.246880610640584,0.5380686680889516,8
47,79.40900820506643,0.24737951574477274,0.5412857824778289,8
48,79.44599078319973,0.24787961048521245,0.5445028968667062,8
49,79.48248944637466,0.24838089782617045,0.5477200112555833,8
50,79.51851052659124,0.24888338073937616,0.5509371256444606,8
51,79.55406027299568,0.24938706220404,0.5541542400333379,8
52,79.58914485296447,0.24989194520687252,0.5573713544222152,8
53,79.62377035317428,0.25039803274210304,0.5605884688110925,8
54,79.65794278065798,0.25090532781149866,0.5638055831999698,8
55,79.69166806384676,0.2514138334243833,0.567022697588847,8
56,79.7249520535986,0.251923552597657,0.5702398119777242,8
57,79.75780052421337,0.2524344883558146,0.5734569263666016,8
58,79.7902191744345,0.2529466437309653,0.5766740407554788,8
59,79.82221362843771,0.2534600217628516,0.5798911551443561,8
60,79.85378943680671,0.2539746254988686,0.5831082695332334,8
61,79.88495207749611,0.25449045799408376,0.5863253839221106,8
62,79.91570695678179,0.25500752231125545,0.5895424983109879,8
63,79.94605941019883,0.2555258215208529,0.5927596126998652,8
64,79.97601470346713,0.2560453587010757,0.5959767270887425,8
65,80.00557803340493,0.25656613693787295,0.5991938414776198,8
66,80.03475452883042,0.2570881593249631,0.6024109558664971,8
67,80.06354925145143,0.2576114289638535,0.6056280702553744,8
68,80.09196719674372,0.25813594896385994,0.6088451846442516,8
69,80.12001329481745,0.2586617224421265,0.6120622990331289,8
70,80.14769241127263,0.25918875252364515,0.6152794134220061,8
71,80.17500934804309,0.25971704234127574,0.6184965278108835,8
72,80.20196884422968,0.26024659503576564,0.6217136421997607,8
73,80.22857557692241,0.2607774137557699,0.6249307565886381,8
74,80.25483416201173,0.2613095016578708,0.6281478709775152,8
75,80.28074915498954,0.2618428619065985,0.6313649853663925,8
76,80.30632505173928,0.2623774976744503,0.6345820997552698,8
77,80.33156628931609,0.26291341214191133,0.6377992141441471,8
78,80.35647724671644,0.2634506084974745,0.6410163285330244,8
79,80.38106224563789,0.2639890899376608,0.6442334429219015,8
80,80.40532555122884,0.26452885966703943,0.6474505573107789,8
81,80.42927137282847,0.26506992089824805,0.6506676716996561,8
82,80.45290386469696,0.2656122768520134,0.6538847860885334,8
83,80.47622712673626,0.2661559307571715,0.6571019004774107,8
84,80.49924520520133,0.2667008858506883,0.660319014866288,8
85,80.5219620934021,0.2672471453776798,0.6635361292551653,8
86,80.54438173239625,0.2677947125914331,0.6667532436440424,8
87,80.56650801167297,0.26834359075342673,0.6699703580329198,8
88,80.5883447698277,0.2688937831333515,0.673187472421797,8
89,80.60989579522806,0.26944529300913095,0.6764045868106743,8
90,80.63116482667108,0.2699981236669423,0.6796217011995516,8
91,80.65215555403188,0.2705522784012374,0.6828388155884288,8
92,80.67287161890376,0.2711077605147634,0.6860559299773061,8
93,80.69331661522993,0.27166457331858374,0.6892730443661834,8
94,80.71349408992711,0.27222272013209925,0.6924901587550607,8
95,80.7334075435008,0.2727822042830688,0.695707273143938,8
96,80.75306043065257,0.2733430291076311,0.6989243875328153,8
97,80.77245616087943,0.27390519795032514,0.7021415019216926,8
98,80.79159809906528,0.27446871416411167,0.7053586163105698,8
99,80.81048956606476,0.27503358111039466,0.7085757306994471,8
100,80.82913383927925,0.27559980215904223,0.7117928450883243,8
101,80.84753415322557,0.2761673806884082,0.7150099594772017,8
102,80.86569370009703,0.2767363200853534,0.7182270738660789,8
103,80.8836156303173,0.2773066237452675,0.7214441882549563,8
104,80.9013030530869,0.27787829507208983,0.7246613026438334,8
105,80.91875903692267,0.27845133747833173,0.7278784170327107,8
106,80.93598661019007,0.2790257543850977,0.731095531421588,8
107,80.95298876162855,0.2796015492221072,0.7343126458104653,8
108,80.96976844087007,0.28017872542771627,0.7375297601993426,8
109,80.98632855895087,0.2807572864489397,0.7407468745882198,8
110,81.00267198881639,0.2813372357414724,0.7439639889770971,8
111,81.01880156581977,0.28191857676971166,0.7471811033659743,8
112,81.03472008821369,0.2825013130067789,0.7503982177548516,8
113,81.05043031763589,0.2830854479345418,0.7536153321437289,8
114,81.06593497958818,0.2836709850436364,0.7568324465326062,8
115,81.08123676390937,0.2842579278334891,0.7600495609214835,8
116,81.09633832524187,0.2848462798123388,0.7632666753103607,8
117,81.11124228349227,0.28543604449725946,0.766483789699238,8
118,81.12595122428577,0.28602722541418196,0.7697009040881153,8
119,81.14046769941487,0.2866198260979168,0.7729180184769926,8
120,81.15479422728197,0.28721385009217626,0.7761351328658699,8
121,81.16893329333632,0.28780930094959717,0.7793522472547472,8
122,81.18288735050524,0.28840618223176295,0.7825693616436245,8
123,81.19665881961957,0.2890044975092268,0.7857864760325017,8
124,81.21025008983379,0.2896042503615337,0.789003590421379,8
125,81.22366351904037,0.2902054443772436,0.7922207048102562,8
126,81.23690143427892,0.2908080831539538,0.7954378191991334,8
127,81.24996613213985,0.29141217029832217,0.7986549335880108,8
128,81.26285987916282,0.29201770942608957,0.8018720479768882,8
129,81.27558491222995,0.29262470416210307,0.8050891623657653,8
130,81.28814343895387,0.2932331581403388,0.8083062767546425,8
131,81.30053763806073,0.293843075003925,0.8115233911435199,8
132,81.3127696597682,0.29445445840516515,0.8147405055323971,8
133,81.32484162615842,0.29506731200556113,0.8179576199212745,8
134,81.33675563154624,0.2956816394758365,0.8211747343101516,8
135,81.3485137428425,0.2962974444959593,0.8243918486990288,8
136,81.36011799991263,0.2969147307551663,0.8276089630879062,8
137,81.37157041593056,0.2975335019519854,0.8308260774767836,8
138,81.38287297772791,0.2981537617942598,0.8340431918656608,8
139,81.39402764613877,0.29877551399917107,0.837260306254538,8
140,81.40503635633978,0.29939876229326295,0.8404774206434152,8
141,81.4159010181859,0.30002351041246494,0.8436945350322925,8
142,81.42662351654181,0.3006497621021158,0.8469116494211699,8
143,81.43720571160877,0.3012775211169875,0.8501287638100471,8
144,81.44764943924744,0.30190679122130903,0.8533458781989244,8
145,81.45795651129636,0.3025375761887902,0.8565629925878017,8
146,81.46812871588624,0.3031698798026454,0.8597801069766791,8
147,81.47816781775019,0.303803705855618,0.8629972213655562,8
148,81.48807555852993,0.30443905815000394,0.8662143357544335,8
149,81.49785365707787,0.3050759404976761,0.8694314501433107,8
150,81.5075038097553,0.30571435672010844,0.8726485645321881,8
151,81.5170276907268,0.30635431064840013,0.8758656789210654,8
152,81.52642695225055,0.30699580612329996,0.8790827933099427,8
153,81.53570322496498,0.30763884699523064,0.8822999076988198,8
154,81.54485811817179,0.30828343712431316,0.8855170220876972,8
155,81.55389322011501,0.3089295803803913,0.8887341364765744,8
156,81.5628100982566,0.3095772806430563,0.8919512508654518,8
157,81.57161029954838,0.3102265418016712,0.895168365254329,8
158,81.58029535070037,0.3108773677553957,0.8983854796432061,8
159,81.58886675844568,0.31152976241321073,0.9016025940320835,8
160,81.59732600980189,0.3121837296939435,0.9048197084209609,8
161,81.6056745723291,0.31283927352629204,0.9080368228098381,8
162,81.61391389438437,0.31349639784885014,0.9112539371987153,8
163,81.62204540537317,0.3141551066101327,0.9144710515875925,8
164,81.63007051599725,0.3148154037686001,0.9176881659764698,8
165,81.6379906184994,0.31547729329268415,0.9209052803653472,8
166,81.645807086905,0.31614077916081246,0.9241223947542244,8
167,81.6535212772604,0.31680586536143396,0.9273395091431016,8
168,81.66113452786813,0.31747255589304446,0.930556623531979,8
169,81.66864815951912,0.3181408547642116,0.9337737379208564,8
170,81.67606347572183,0.3188107659936005,0.9369908523097336,8
171,81.68338176292838,0.319482293609999,0.9402079666986108,8
172,81.69060429075773,0.3201554416523438,0.943425081087488,8
173,81.69773231221598,0.32083021416974505,0.9466421954763654,8
174,81.70476706391366,0.32150661522151314,0.9498593098652427,8
175,81.71170976628036,0.3221846488771837,0.95307642425412,8
176,81.71856162377641,0.3228643192165436,0.9562935386429972,8
177,81.72532382510184,0.323545630329657,0.9595106530318743,8
178,81.7319975434026,0.324228586316891,0.9627277674207517,8
179,81.73858393647411,0.3249131912889418,0.9659448818096291,8
180,81.7450841469621,0.32559944936686075,0.9691619961985063,8
181,81.75149930256082,0.32628736468208047,0.9723791105873835,8
182,81.75783051620873,0.32697694137644107,0.9755962249762609,8
183,81.76407888628152,0.3276681836022164,0.9788133393651383,8
184,81.77024549678276,0.32836109552214027,0.9820304537540154,8
185,81.77633141753182,0.32905568130943313,0.9852475681428926,8
186,81.7823377043496,0.3297519451478282,0.9884646825317698,8
187,81.78826539924161,0.3304498912315983,0.9916817969206472,8
188,81.79411553057878,0.33114952376558215,0.9948989113095246,8
189,81.79988911327587,0.33185084696521117,0.9981160256984017,8
190,81.80558714896753,0.3325538650565365,1.001333140087279,8
191,81.81121062618212,0.33325858227625527,1.0045502544761564,8
192,81.81676052051309,0.3339650028717378,1.0077673688650335,8
193,81.82223779478835,0.33467313110105434,1.010984483253911,8
194,81.82764339923726,0.33538297123300254,1.014201597642788,8
195,81.83297827165546,0.3360945275471338,1.0174187120316653,8
196,81.83824333756762,0.336807804333781,1.0206358264205426,8
197,81.84343951038792,0.33752280589408534,1.0238529408094201,8
198,81.84856769157864,0.3382395365400239,1.0270700551982972,8
199,81.85362877080641,0.3389580005944368,1.0302871695871745,8
200,81.85862362609664,0.3396782023910547,1.0335042839760515,8
201,81.86355312398587,0.3404001462745262,1.036721398364929,8
202,81.86841811967197,0.3411238366004455,1.0399385127538063,8
203,81.8732194571627,0.3418492777353798,1.0431556271426836,8
204,81.87795796942194,0.3425764740568975,1.0463727415315607,8
205,81.88263447851432,0.34330542995359525,1.0495898559204382,8
206,81.8872497957478,0.34403614982512637,1.0528069703093155,8
207,81.89180472181442,0.3447686380822286,1.0560240846981928,8
208,81.89630004692921,0.3455028991467517,1.0592411990870698,8
209,81.90073655096728,0.3462389374516861,1.062458313475947,8
210,81.90511500359911,0.3469767574411906,1.0656754278648244,8
211,81.90943616442408,0.3477163635706207,1.068892542253702,8
212,81.91370078310229,0.34845776030655673,1.072109656642579,8
213,81.91790959948453,0.3492009521268326,1.0753267710314562,8
214,81.92206334374073,0.3499459435205634,1.0785438854203335,8
215,81.92616273648656,0.35069273898817466,1.0817609998092108,8
216,81.93020848890849,0.3514413430414305,1.084978114198088,8
217,81.93420130288713,0.35219176020346243,1.0881952285869654,8
218,81.93814187111906,0.3529439950087977,1.0914123429758427,8
219,81.94203087723692,0.35369805200338855,1.09462945736472,8
220,81.94586899592808,0.35445393574464057,1.0978465717535975,8
221,81.94965689305167,0.355211650801442,1.1010636861424745,8
222,81.95339522575408,0.3559712017541924,1.1042808005313518,8
223,81.95708464258298,0.35673259319483186,1.1074979149202289,8
224,81.96072578359983,0.3574958297268701,1.1107150293091064,8
225,81.96431928049091,0.35826091596541576,1.1139321436979837,8
226,81.96786575667693,0.3590278565372055,1.117149258086861,8
227,81.9713658274212,0.3597966560806332,1.120366372475738,8
228,81.97482009993628,0.36056731924578,1.1235834868646155,8
229,81.97822917348947,0.3613398506944432,1.1268006012534928,8
230,81.98159363950661,0.3621142551001659,1.13001771564237,8
231,81.98491408167483,0.362890537148267,1.1332348300312471,8
232,81.98819107604372,0.3636687015358706,1.1364519444201244,8
233,81.99142519112529,0.36444875297193574,1.1396690588090017,8
234,81.99461698799259,0.36523069617728654,1.1428861731978792,8
235,81.9977670203771,0.366014535884642,1.1461032875867563,8
236,82.00087583476473,0.3668002768386461,1.1493204019756336,8
237,82.00394397049065,0.36758792379589755,1.1525375163645109,8
238,82.00697195983287,0.36837748152498057,1.1557546307533881,8
239,82.00996032810454,0.3691689548064946,1.1589717451422654,8
240,82.01290959374518,0.36996234843308495,1.1621888595311427,8
241,82.01582026841051,0.3707576672094728,1.16540597392002,8
242,82.01869285706127,0.37155491595248646,1.1686230883088973,8
243,82.02152785805082,0.3723540994910908,1.1718402026977746,8
244,82.0243257632116,0.37315522266641904,1.1750573170866518,8
245,82.02708705794045,0.3739582903318026,1.1782744314755291,8
246,82.02981222128281,0.3747633073528023,1.1814915458644064,8
247,82.03250172601585,0.37557027860723896,1.1847086602532837,8
248,82.03515603873046,0.3763792089852249,1.187925774642161,8
249,82.03777561991224,0.37719010338919423,1.1911428890310383,8
250,82.04036092402134,0.37800296673393435,1.1943600034199153,8
251,82.04291239957132,0.37881780394661707,1.1975771178087928,8
252,82.045430489207,0.3796346199668299,1.20079423219767,8
253,82.04791562978119,0.3804534197466073,1.2040113465865474,8
254,82.05036825243049,0.3812742082504622,1.2072284609754245,8
255,82.05278878265013,0.38209699045541723,1.210445575364302,8
256,82.05517764036776,0.38292177135103683,1.213662689753179,8
257,82.05753524001628,0.38374855593945817,1.2168798041420563,8
258,82.05986199060577,0.3845773492354235,1.2200969185309336,8
259,82.06215829579443,0.38540815626631186,1.223314032919811,8
260,82.06442455395864,0.3862409820721704,1.2265311473086882,8
261,82.06666115826202,0.3870758317057472,1.2297482616975655,8
262,82.06886849672367,0.3879127102325228,1.2329653760864427,8
263,82.07104695228549,0.3887516227307424,1.23618249047532,8
264,82.07319690287858,0.38959257429144817,1.2393996048641973,8
265,82.07531872148888,0.3904355700185116,1.2426167192530746,8
266,82.0774127762218,0.3912806150286655,1.2458338336419519,8
267,82.07947943036612,0.39212771445153716,1.2490509480308292,8
268,82.081519042457,0.3929768734296801,1.2522680624197065,8
269,82.0835319663382,0.3938280971186072,1.2554851768085837,8
270,82.08551855122342,0.3946813906868234,1.258702291197461,8
271,82.08747914175696,0.3955367593158582,1.2619194055863383,8
272,82.08941407807346,0.3963942082002988,1.2651365199752156,8
273,82.09132369585689,0.3972537425478228,1.2683536343640927,8
274,82.09320832639885,0.3981153675792316,1.2715707487529702,8
275,82.095068296656,0.3989790885284831,1.2747878631418472,8
276,82.09690392930675,0.3998449106427254,1.2780049775307247,8
277,82.09871554280733,0.4007128391823295,1.2812220919196018,8
278,82.10050345144697,0.4015828794209231,1.2844392063084793,8
279,82.10226796540246,0.4024550366454239,1.2876563206973564,8
280,82.10400939079192,0.40332931615607337,1.2908734350862336,8
281,82.10572802972791,0.40420572326646986,1.294090549475111,8
282,82.10742418036995,0.405084263303603,1.2973076638639882,8
283,82.10909813697606,0.40596494160788665,1.3005247782528655,8
284,82.11075018995396,0.4068477635331938,1.3037418926417428,8
285,82.11238062591141,0.4077327344468895,1.30695900703062,8
286,82.1139897277059,0.4086198597298658,1.3101761214194974,8
287,82.11557777449376,0.4095091447765754,1.3133932358083746,8
288,82.11714504177857,0.41040059499506576,1.316610350197252,8
289,82.11869180145895,0.41129421580701386,1.3198274645861292,8
290,82.12021832187577,0.4121900126477603,1.3230445789750065,8
291,82.12172486785863,0.4130879909663438,1.3262616933638838,8
292,82.1232117007719,0.413988156225536,1.329478807752761,8
293,82.12467907855998,0.4148905139018755,1.3326959221416383,8
294,82.1261272557921,0.4157950694857036,1.3359130365305154,8
295,82.12755648370644,0.4167018284811982,1.339130150919393,8
296,82.12896701025377,0.4176107964064094,1.34234726530827,8
297,82.13035908014044,0.41852197879329384,1.3455643796971475,8
298,82.13173293487078,0.41943538118775037,1.3487814940860245,8
299,82.13308881278914,0.4203510091496553,1.351998608474902,8
300,82.13442694912105,0.4212688682528969,1.3552157228637791,8
301,82.1357475760142,0.4221889640854116,1.3584328372526566,8
302,82.13705092257858,0.4231113022492192,1.3616499516415337,8
303,82.13833721492637,0.42403588836045814,1.364867066030411,8
304,82.139606676211,0.42496272804942126,1.3680841804192883,8
305,82.140859526666,0.4258918269605919,1.3713012948081655,8
306,82.14209598364315,0.4268231907526794,1.3745184091970428,8
307,82.14331626165017,0.42775682509865454,1.37773552358592,8
308,82.14452057238798,0.42869273568578653,1.3809526379747974,8
309,82.1457091247874,0.4296309282156784,1.3841697523636747,8
310,82.14688212504542,0.4305714084043033,1.3873868667525517,8
311,82.14803977666092,0.431514181982041,1.3906039811414292,8
312,82.14918228047003,0.4324592546937138,1.3938210955303063,8
313,82.15030983468095,0.43340663229862353,1.3970382099191838,8
314,82.15142263490833,0.4343563205705876,1.4002553243080609,8
315,82.15252087420721,0.43530832529797603,1.4034724386969384,8
316,82.15360474310654,0.4362626522837479,1.4066895530858154,8
317,82.15467442964217,0.43721930734548825,1.4099066674746927,8
318,82.15573011938955,0.43817829631544514,1.41312378186357,8
319,82.15677199549584,0.4391396250405666,1.4163408962524473,8
320,82.1578002387118,0.44010329938253734,1.4195580106413246,8
321,82.158815027423,0.44106932521781655,1.4227751250302019,8
322,82.1598165376809,0.44203770843767487,1.4259922394190792,8
323,82.1608049432333,0.44300845494823177,1.4292093538079564,8
324,82.16178041555455,0.44398157067049304,1.4324264681968337,8
325,82.16274312387523,0.44495706154038855,1.435643582585711,8
326,82.16369323521161,0.4459349335088096,1.4388606969745883,8
327,82.1646309143945,0.4469151925416469,1.4420778113634656,8
328,82.1655563240979,0.4478978446198283,1.4452949257523429,8
329,82.16646962486732,0.448882895739357,1.4485120401412201,8
330,82.16737097514745,0.4498703519113491,1.4517291545300974,8
331,82.16826053130976,0.45086021916207253,1.4549462689189747,8
332,82.16913844767964,0.4518525035329843,1.458163383307852,8
333,82.17000487656311,0.45284721108076964,1.461380497696729,8
334,82.17085996827329,0.4538443478773801,1.4645976120856066,8
335,82.17170387115645,0.454843920010072,1.4678147264744836,8
336,82.17253673161778,0.45584593358144554,1.4710318408633611,8
337,82.17335869414673,0.45685039470948263,1.4742489552522382,8
338,82.17416990134214,0.4578573095275868,1.4774660696411157,8
339,82.17497049393694,0.4588666841846212,1.4806831840299928,8
340,82.17576061082259,0.4598785248449482,1.48390029841887,8
341,82.17654038907315,0.46089283768846806,1.4871174128077473,8
342,82.1773099639691,0.46190962891065884,1.4903345271966246,8
343,82.17806946902073,0.46292890472261483,1.493551641585502,8
344,82.17881903599141,0.4639506713510866,1.4967687559743792,8
345,82.17955879492037,0.46497493503852017,1.4999858703632565,8
346,82.18028887414528,0.4660017020430972,1.5032029847521338,8
347,82.18100940032451,0.46703097863877363,1.506420099141011,8
348,82.18172049845916,0.4680627711153207,1.5096372135298883,8
349,82.18242229191462,0.46909708577836395,1.5128543279187656,8
350,82.18311490244214,0.4701339289494239,1.516071442307643,8
351,82.18379845019979,0.47117330696595555,1.5192885566965202,8
352,82.18447305377342,0.4722152261813892,1.5225056710853975,8
353,82.18513883019715,0.4732596929651702,1.5257227854742748,8
354,82.18579589497377,0.4743067137028,1.5289398998631518,8
355,82.18644436209466,0.4753562947958758,1.5321570142520293,8
356,82.1870843440597,0.47640844266213234,1.5353741286409064,8
357,82.18771595189666,0.4774631637354816,1.538591243029784,8
358,82.18833929518054,0.4785204644660542,1.541808357418661,8
359,82.18895448205254,0.4795803513202398,1.5450254718075385,8
360,82.18956161923887,0.480642830780729,1.5482425861964155,8
361,82.1901608120692,0.48170790934655355,1.551459700585293,8
362,82.190752164495,0.48277559353312843,1.55467681497417,8
363,82.19133577910749,0.48384588987229243,1.5578939293630474,8
364,82.19191175715557,0.48491880491235023,1.5611110437519247,8
365,82.1924801985632,0.4859943452181136,1.564328158140802,8
366,82.19304120194695,0.48707251737094304,1.5675452725296795,8
367,82.19359486463293,0.48815332796878985,1.5707623869185567,8
368,82.19414128267373,0.4892367836262378,1.5739795013074338,8
369,82.19468055086516,0.49032289097454496,1.577196615696311,8
370,82.19521276276257,0.4914116566616863,1.5804137300851884,8
371,82.1957380106972,0.4925030873523952,1.5836308444740654,8
372,82.19625638579208,0.4935971897282062,1.5868479588629427,8
373,82.19676797797797,0.4946939704874974,1.5900650732518202,8
374,82.19727287600881,0.49579343634553286,1.5932821876406975,8
375,82.19777116747728,0.496895594034505,1.596499302029575,8
376,82.19826293882986,0.4980004503035779,1.599716416418452,8
377,82.1987482753819,0.4991080119189296,1.6029335308073294,8
378,82.19922726133241,0.5002182856637951,1.6061506451962066,8
379,82.19969997977866,0.5013312783385099,1.6093677595850837,8
380,82.20016651273058,0.5024469967605525,1.612584873973961,8
381,82.20062694112501,0.5035654477645881,1.615801988362838,8
382,82.20108134483975,0.504686638202512,1.6190191027517158,8
383,82.2015298027074,0.5058105749434927,1.6222362171405929,8
384,82.20197239252903,0.5069372648740158,1.6254533315294701,8
385,82.2024091910877,0.5080667148979278,1.6286704459183476,8
386,82.20284027416174,0.5091989319364797,1.631887560307225,8
387,82.20326571653798,0.5103339229283709,1.635104674696102,8
388,82.20368559202461,0.5114716948297935,1.6383217890849793,8
389,82.20409997346407,0.5126122546144761,1.6415389034738563,8
390,82.20450893274565,0.5137556092737285,1.6447560178627336,8
391,82.204912540818,0.5149017658164857,1.6479731322516111,8
392,82.2053108677014,0.5160507312693525,1.6511902466404884,8
393,82.20570398249988,0.5172025126766482,1.6544073610293657,8
394,82.20609195341329,0.5183571171004511,1.6576244754182432,8
395,82.20647484774909,0.5195145516206435,1.6608415898071203,8
396,82.206852731934,0.5206748233349567,1.6640587041959976,8
397,82.20722567152558,0.521837939359016,1.6672758185848748,8
398,82.20759373122354,0.5230039068263852,1.670492932973752,8
399,82.20795697488101,0.5241727328886134,1.6737100473626292,8
400,82.20831546551562,0.5253444247152791,1.6769271617515062,8
401,82.20866926532041,0.5265189894940356,1.680144276140384,8
402,82.20901843567461,0.5276964344306578,1.683361390529261,8
403,82.20936303715433,0.528876766749087,1.6865785049181385,8
404,82.20970312954304,0.5300599936914768,1.6897956193070158,8
405,82.21003877184195,0.5312461225182398,1.6930127336958931,8
406,82.21037002228022,0.5324351605080924,1.6962298480847702,8
407,82.21069693832509,0.5336271149581023,1.6994469624736475,8
408,82.21101957669188,0.5348219931837344,1.7026640768625245,8
409,82.21133799335375,0.5360198025188964,1.7058811912514018,8
410,82.21165224355148,0.5372205503159869,1.7090983056402793,8
411,82.21196238180302,0.5384242439459406,1.7123154200291566,8
412,82.21226846191296,0.5396308907982761,1.715532534418034,8
413,82.21257053698183,0.5408404982811422,1.7187496488069114,8
414,82.21286865941539,0.5420530738213654,1.7219667631957885,8
415,82.21316288093365,0.5432686248644963,1.7251838775846657,8
416,82.21345325257985,0.5444871588748582,1.7284009919735428,8
417,82.21373982472939,0.5457086833355927,1.73161810636242,8
418,82.21402264709842,0.5469332057487087,1.7348352207512974,8
419,82.21430176875263,0.5481607336351293,1.7380523351401749,8
420,82.21457723811568,0.5493912745347399,1.741269449529052,8
421,82.21484910297758,0.5506248360064354,1.7444865639179297,8
422,82.21511741050303,0.5518614256281692,1.7477036783068067,8
423,82.21538220723956,0.5531010509970002,1.750920792695684,8
424,82.21564353912567,0.5543437197291421,1.754137907084561,8
425,82.21590145149872,0.5555894394600108,1.7573550214734384,8
426,82.21615598910286,0.5568382178442736,1.7605721358623156,8
427,82.21640719609672,0.5580900625558971,1.7637892502511927,8
428,82.21665511606119,0.5593449812881968,1.7670063646400702,8
429,82.21689979200684,0.5606029817538849,1.7702234790289475,8
430,82.21714126638147,0.5618640716851203,1.7734405934178248,8
431,82.21737958107748,0.5631282588335567,1.7766577078067023,8
432,82.21761477743907,0.5643955509703926,1.7798748221955794,8
433,82.21784689626946,0.5656659558864203,1.7830919365844566,8
434,82.218075977838,0.5669394813920752,1.786309050973334,8
435,82.21830206188709,0.5682161353174855,1.789526165362211,8
436,82.21852518763907,0.5694959255125224,1.7927432797510883,8
437,82.21874539380312,0.570778859846849,1.7959603941399656,8
438,82.21896271858188,0.5720649462099708,1.799177508528843,8
439,82.21917719967811,0.5733541925112863,1.8023946229177201,8
440,82.21938887430125,0.5746466066801357,1.8056117373065979,8
441,82.21959777917381,0.5759421966658531,1.808828851695475,8
442,82.21980395053785,0.5772409704378153,1.8120459660843522,8
443,82.22000742416118,0.5785429359854938,1.8152630804732293,8
444,82.22020823534356,0.5798481013185043,1.8184801948621065,8
445,82.22040641892289,0.5811564744666583,1.8216973092509838,8
446,82.22060200928122,0.5824680634800141,1.824914423639861,8
447,82.2207950403507,0.5837828764289275,1.8281315380287384,8
448,82.22098554561947,0.5851009214041029,1.8313486524176157,8
449,82.22117355813748,0.5864222065166455,1.8345657668064932,8
450,82.22135911052227,0.5877467398981121,1.8377828811953705,8
451,82.2215422349645,0.5890745297005628,1.8409999955842475,8
452,82.2217229632337,0.5904055840966129,1.8442171099731248,8
453,82.22190132668365,0.5917399112794847,1.847434224362002,8
454,82.22207735625787,0.5930775194630598,1.8506513387508792,8
455,82.22225108249499,0.5944184168819302,1.8538684531397565,8
456,82.22242253553405,0.5957626117914526,1.857085567528634,8
457,82.22259174511971,0.5971101124677987,1.8603026819175112,8
458,82.22275874060746,0.5984609272080086,1.8635197963063888,8
459,82.22292355096863,0.599815064330044,1.8667369106952658,8
460,82.22308620479546,0.6011725321728402,1.869954025084143,8
461,82.22324673030612,0.6025333390963592,1.8731711394730204,8
462,82.22340515534948,0.6038974934816435,1.8763882538618974,8
463,82.22356150741004,0.6052650037308679,1.8796053682507747,8
464,82.22371581361266,0.6066358782673943,1.882822482639652,8
465,82.22386810072729,0.6080101255358242,1.8860395970285295,8
466,82.22401839517357,0.6093877540020531,1.8892567114174066,8
467,82.22416672302546,0.6107687721533235,1.8924738258062839,8
468,82.22431311001574,0.6121531884982787,1.8956909401951614,8
469,82.22445758154048,0.6135410115670179,1.8989080545840387,8
470,82.22460016266342,0.6149322499111494,1.9021251689729157,8
471,82.22474087812037,0.616326912103845,1.905342283361793,8
472,82.22487975232347,0.6177250067398949,1.9085593977506703,8
473,82.22501680936543,0.6191265424357617,1.9117765121395474,8
474,82.22515207302368,0.6205315278296355,1.9149936265284249,8
475,82.22528556676455,0.6219399715814885,1.9182107409173021,8
476,82.22541731374733,0.6233518823731301,1.9214278553061794,8
477,82.22554733682823,0.6247672689082622,1.924644969695057,8
478,82.22567565856441,0.6261861399125339,1.927862084083934,8
479,82.2258023012179,0.6276085041335978,1.9310791984728113,8
480,82.22592728675936,0.6290343703411645,1.9342963128616886,8
481,82.22605063687203,0.6304637473270586,1.9375134272505656,8
482,82.2261723729554,0.6318966439052757,1.940730541639443,8
483,82.22629251612896,0.6333330689120364,1.94394765602832,8
484,82.22641108723585,0.6347730312058437,1.9471647704171977,8
485,82.22652810684644,0.636216539667539,1.9503818848060748,8
486,82.226643595262,0.6376636032003584,1.953598999194952,8
487,82.22675757251814,0.6391142307299889,1.9568161135838296,8
488,82.22687005838829,0.6405684312046258,1.9600332279727068,8
489,82.22698107238713,0.6420262135950288,1.963250342361584,8
490,82.22709063377403,0.6434875868945792,1.9664674567504612,8
491,82.22719876155634,0.6449525601193378,1.9696845711393383,8
492,82.22730547449268,0.6464211423081005,1.972901685528216,8
493,82.22741079109625,0.6478933425224571,1.976118799917093,8
494,82.22751472963796,0.649369169846848,1.9793359143059703,8
495,82.2276173081497,0.6508486333886226,1.9825530286948474,8
496,82.22771854442738,0.6523317422780966,1.9857701430837251,8
497,82.22781845603403,0.6538185056686099,1.9889872574726022,8
498,82.22791706030293,0.6553089327365851,1.9922043718614795,8
499,82.2280143743405,0.6568030326815859,1.9954214862503565,8
500,82.22811041502936,0.6583008147263746,1.9986386006392338,8
501,82.22820519903121,0.6598022881169716,2.0018557150281113,8
502,82.22829874278969,0.6613074621227137,2.0050728294169886,8
503,82.22839106253336,0.6628163460363132,2.008289943805866,8
504,82.22848217427837,0.6643289491739166,2.011507058194743,8
505,82.2285720938313,0.6658452808751638,2.01472417258362,8
506,82.22866083679195,0.6673653505032474,2.0179412869724977,8
507,82.22874841855592,0.6688891674449727,2.021158401361375,8
508,82.22883485431744,0.6704167411108164,2.0243755157502523,8
509,82.22892015907186,0.6719480809349868,2.027592630139129,8
510,82.22900434761837,0.6734831963754839,2.030809744528007,8
511,82.22908743456247,0.6750220969141594,2.034026858916884,8
512,82.22916943431858,0.6765647920567763,2.0372439733057615,8
513,82.22925036111248,0.6781112913330699,2.0404610876946383,8
514,82.22933022898383,0.6796616042968083,2.0436782020835156,8
515,82.22940905178855,0.6812157405258525,2.0468953164723933,8
516,82.22948684320131,0.6827737096222183,2.0501124308612706,8
517,82.2295636167178,0.6843355212121358,2.0533295452501474,8
518,82.22963938565714,0.6859011849461116,2.0565466596390247,8
519,82.22971416316416,0.6874707104989897,2.0597637740279024,8
520,82.2297879622117,0.6890441075700137,2.0629808884167797,8
521,82.22986079560285,0.6906213858828865,2.0661980028056566,8
522,82.22993267597316,0.692202555185834,2.069415117194534,8
523,82.23000361579287,0.693787625251666,2.072632231583411,8
524,82.23007362736901,0.6953766058778388,2.075849345972289,8
525,82.23014272284762,0.6969695068865169,2.0790664603611657,8
526,82.23021091421576,0.6985663381246354,2.082283574750043,8
527,82.23027821330368,0.7001671094639627,2.0855006891389203,8
528,82.2303446317868,0.7017718308011638,2.0887178035277976,8
529,82.23041018118782,0.7033805120578617,2.091934917916675,8
530,82.2304748728786,0.7049931631807017,2.095152032305552,8
531,82.23053871808224,0.7066097941414141,2.0983691466944294,8
532,82.23060172787498,0.7082304149368776,2.1015862610833067,8
533,82.23066391318811,0.7098550355891822,2.104803375472184,8
534,82.23072528480992,0.7114836661456938,2.1080204898610613,8
535,82.23078585338749,0.7131163166791171,2.1112376042499386,8
536,82.23084562942863,0.7147529972875608,2.114454718638816,8
537,82.23090462330363,0.7163937180946001,2.117671833027693,8
538,82.23096284524709,0.7180384892493422,2.1208889474165704,8
539,82.23102030535968,0.7196873209264902,2.1241060618054477,8
540,82.23107701360993,0.7213402233264079,2.127323176194325,8
541,82.2311329798359,0.7229972066751847,2.1305402905832023,8
542,82.23118821374696,0.7246582812247004,2.1337574049720796,8
543,82.2312427249254,0.7263234572526898,2.136974519360957,8
544,82.23129652282812,0.7279927450628085,2.140191633749834,8
545,82.2313496167883,0.7296661549846994,2.1434087481387114,8
546,82.23140201601699,0.7313436973740558,2.1466258625275882,8
547,82.23145372960472,0.7330253826126889,2.149842976916466,8
548,82.23150476652306,0.7347112211085937,2.1530600913053433,8
549,82.23155513562618,0.7364012232960147,2.1562772056942205,8
550,82.23160484565243,0.7380953996355116,2.1594943200830974,8
551,82.23165390522577,0.7397937606140272,2.1627114344719747,8
552,82.23170232285734,0.7414963167449525,2.1659285488608524,8
553,82.23175010694692,0.7432030785681946,2.1691456632497297,8
554,82.23179726578438,0.7449140566502426,2.1723627776386065,8
555,82.2318438075511,0.7466292615842355,2.175579892027484,8
556,82.2318897403214,0.748348703990029,2.1787970064163615,8
557,82.231935072064,0.750072394514264,2.182014120805239,8
558,82.23197981064328,0.7518003438304318,2.185231235194116,8
559,82.23202396382077,0.7535325626389451,2.188448349582993,8
560,82.2320675392564,0.7552690616672026,2.1916654639718702,8
561,82.23211054450992,0.7570098516696607,2.194882578360748,8
562,82.2321529870421,0.7587549434278982,2.1980996927496252,8
563,82.23219487421613,0.7605043477506876,2.201316807138502,8
564,82.23223621329885,0.7622580754740618,2.2045339215273794,8
565,82.23227701146197,0.7640161374613842,2.2077510359162567,8
566,82.23231727578344,0.7657785446034174,2.2109681503051344,8
567,82.23235701324852,0.7675453078183918,2.2141852646940112,8
568,82.23239623075109,0.7693164380520755,2.2174023790828885,8
569,82.23243493509484,0.7710919462778435,2.220619493471766,8
570,82.23247313299444,0.7728718434967473,2.2238366078606435,8
571,82.23251083107667,0.7746561407375858,2.2270537222495204,8
572,82.23254803588159,0.7764448490569739,2.2302708366383976,8
573,82.23258475386373,0.7782379795394128,2.233487951027275,8
574,82.23262099139315,0.7800355432973624,2.236705065416152,8
575,82.23265675475653,0.7818375514713091,2.2399221798050295,8
576,82.2326920501583,0.7836440152298385,2.243139294193907,8
577,82.23272688372172,0.7854549457697051,2.246356408582784,8
578,82.23276126148993,0.7872703543159048,2.2495735229716614,8
579,82.23279518942697,0.7890902521217451,2.2527906373605386,8
580,82.23282867341884,0.7909146504689162,2.256007751749416,8
581,82.23286171927457,0.7927435606675641,2.259224866138293,8
582,82.23289433272714,0.7945769940563615,2.2624419805271705,8
583,82.2329265194345,0.7964149620025793,2.2656590949160478,8
584,82.23295828498061,0.7982574759021605,2.268876209304925,8
585,82.23298963487633,0.8001045471797902,2.2720933236938023,8
586,82.23302057456043,0.8019561872889707,2.2753104380826796,8
587,82.23305110940049,0.8038124077120921,2.278527552471557,8
588,82.23308124469389,0.8056732199605063,2.2817446668604338,8
589,82.23311098566867,0.8075386355746006,2.2849617812493115,8
590,82.23314033748447,0.8094086661238691,2.2881788956381888,8
591,82.23316930523339,0.8112833232069888,2.291396010027066,8
592,82.23319789394095,0.8131626184518906,2.294613124415943,8
593,82.23322610856688,0.8150465635158352,2.2978302388048206,8
594,82.23325395400602,0.8169351700854859,2.301047353193698,8
595,82.23328143508914,0.8188284498769836,2.304264467582575,8
596,82.23330855658384,0.8207264146360207,2.307481581971452,8
597,82.2333353231953,0.8226290761379157,2.3106986963603293,8
598,82.23336173956716,0.8245364461876886,2.313915810749207,8
599,82.23338781028227,0.826448536620135,2.3171329251380843,8
600,82.23341353986353,0.828365359299902,2.320350039526961,8
601,82.23343893277467,0.8302869261215632,2.3235671539158385,8
602,82.233463993421,0.8322132490096936,2.326784268304716,8
603,82.23348872615017,0.8341443399189477,2.3300013826935935,8
604,82.23351313525296,0.8360802108341316,2.3332184970824703,8
605,82.23353722496402,0.838020873770283,2.3364356114713476,8
606,82.23356099946257,0.8399663407727449,2.339652725860225,8
607,82.23358446287314,0.8419166239172436,2.3428698402491026,8
608,82.2336076192663,0.843871735309964,2.3460869546379794,8
609,82.23363047265934,0.8458316870876276,2.3493040690268567,8
610,82.23365302701703,0.8477964914175694,2.352521183415734,8
611,82.23367528625222,0.8497661604978153,2.3557382978046113,8
612,82.23369725422656,0.8517407065571586,2.3589554121934886,8
613,82.23371893475118,0.8537201418552388,2.362172526582366,8
614,82.23374033158737,0.8557044786826188,2.365389640971243,8
615,82.23376144844715,0.8576937293608635,2.3686067553601204,8
616,82.233782288994,0.8596879062426177,2.3718238697489977,8
617,82.23380285684348,0.8616870217116842,2.375040984137875,8
618,82.2338231555638,0.8636910881831035,2.3782580985267523,8
619,82.2338431886765,0.8657001181032313,2.3814752129156296,8
620,82.23386295965705,0.8677141239498192,2.384692327304507,8
621,82.23388247193542,0.8697331182320921,2.387909441693384,8
622,82.23390172889673,0.8717571134908288,2.3911265560822614,8
623,82.23392073388177,0.8737861222984418,2.3943436704711387,8
624,82.23393949018767,0.8758201572590567,2.397560784860016,8
625,82.23395800106834,0.8778592310085921,2.4007778992488933,8
626,82.2339762697352,0.8799033562148398,2.4039950136377706,8
627,82.23399429935756,0.8819525455775462,2.407212128026648,8
628,82.23401209306333,0.8840068118284922,2.410429242415525,8
629,82.23402965393946,0.8860661677315737,2.4136463568044024,8
630,82.2340469850325,0.8881306260828834,2.4168634711932797,8
631,82.23406408934918,0.890200199710792,2.420080585582157,8
632,82.23408096985682,0.8922749014760294,2.4232976999710343,8
633,82.23409762948398,0.8943547442717665,2.4265148143599116,8
634,82.23411407112084,0.8964397410236968,2.4297319287487884,8
635,82.23413029761981,0.8985299046901193,2.432949043137666,8
636,82.23414631179595,0.9006252482620197,2.4361661575265434,8
637,82.23416211642751,0.902725784763154,2.4393832719154207,8
638,82.23417771425633,0.9048315272501306,2.4426003863042975,8
639,82.23419310798846,0.9069424888124928,2.4458175006931753,8
640,82.23420830029445,0.9090586825728035,2.4490346150820526,8
641,82.23422329380998,0.911180121686727,2.45225172947093,8
642,82.23423809113619,0.9133068193431126,2.4554688438598067,8
643,82.23425269484022,0.9154387887640798,2.458685958248684,8
644,82.23426710745561,0.9175760432051007,2.4619030726375617,8
645,82.23428133148273,0.9197185959550852,2.465120187026439,8
646,82.23429536938926,0.9218664603364652,2.468337301415316,8
647,82.23430922361057,0.9240196497052787,2.471554415804193,8
648,82.23432289655017,0.926178177451255,2.4747715301930704,8
649,82.23433639058013,0.9283420569979,2.477988644581948,8
650,82.23434970804145,0.9305113018025815,2.481205758970825,8
651,82.23436285124455,0.9326859253566137,2.4844228733597022,8
652,82.23437582246957,0.9348659411853439,2.4876399877485795,8
653,82.23438862396684,0.9370513628482388,2.4908571021374573,8
654,82.23440125795724,0.9392422039389687,2.494074216526334,8
655,82.23441372663258,0.9414384780854963,2.4972913309152114,8
656,82.23442603215601,0.9436401989501612,2.5005084453040887,8
657,82.23443817666235,0.9458473802297678,2.503725559692966,8
658,82.23445016225851,0.9480600356556723,2.5069426740818432,8
659,82.2344619910238,0.9502781789938692,2.5101597884707205,8
660,82.23447366501038,0.9525018240450794,2.513376902859598,8
661,82.2344851862435,0.9547309846448381,2.516594017248475,8
662,82.23449655672194,0.9569656746635815,2.5198111316373524,8
663,82.23450777841829,0.9592059080067361,2.5230282460262297,8
664,82.23451885327938,0.9614516986148063,2.526245360415107,8
665,82.23452978322653,0.9637030604634639,2.5294624748039842,8
666,82.23454057015594,0.9659600075636352,2.5326795891928615,8
667,82.23455121593899,0.9682225539615917,2.535896703581739,8
668,82.23456172242255,0.9704907137390385,2.539113817970616,8
669,82.23457209142938,0.9727645010132036,2.5423309323594934,8
670,82.23458232475834,0.9750439299369282,2.5455480467483707,8
671,82.23459242418475,0.9773290146987561,2.5487651611372475,8
672,82.23460239146074,0.9796197695230241,2.551982275526125,8
673,82.23461222831548,0.9819162086699516,2.5551993899150025,8
674,82.23462193645553,0.9842183464357327,2.55841650430388,8
675,82.2346315175651,0.9865261971526259,2.5616336186927566,8
676,82.23464097330641,0.9888397751890449,2.5648507330816344,8
677,82.23465030531987,0.9911590949496504,2.5680678474705116,8
678,82.23465951522445,0.9934841708754424,2.571284961859389,8
679,82.23466860461795,0.9958150174438501,2.5745020762482658,8
680,82.23467757507726,0.9981516491688252,2.577719190637143,8
681,82.2346864281586,1.0004940806009335,2.580936305026021,8
682,82.23469516539787,1.002842326327448,2.584153419414898,8
683,82.23470378831085,1.005196400972441,2.587370533803775,8
684,82.2347122983935,1.0075563191968768,2.590587648192652,8
685,82.2347206971222,1.0099220956987054,2.59380476258153,8
686,82.234728985954,1.0122937452129557,2.597021876970407,8
687,82.23473716632691,1.0146712825118285,2.600238991359284,8
688,82.23474523966009,1.0170547224047917,2.6034561057481613,8
689,82.23475320735416,1.0194440797386723,2.6066732201370386,8
690,82.23476107079141,1.0218393693977537,2.6098903345259163,8
691,82.23476883133601,1.0242406063038667,2.613107448914793,8
692,82.23477649033434,1.0266478054164876,2.6163245633036705,8
693,82.23478404911509,1.0290609817328302,2.6195416776925478,8
694,82.23479150898963,1.0314801502879438,2.622758792081425,8
695,82.23479887125212,1.033905326154807,2.6259759064703023,8
696,82.23480613717983,1.036336524444424,2.6291930208591796,8
697,82.23481330803327,1.0387737603059206,2.632410135248057,8
698,82.23482038505651,1.0412170489266397,2.635627249636934,8
699,82.23482736947729,1.0436664055322398,2.6388443640258115,8
700,82.23483426250732,1.0461218453867893,2.6420614784146887,8
701,82.23484106534244,1.0485833837928644,2.645278592803566,8
702,82.23484777916283,1.0510510360916474,2.6484957071924433,8
703,82.23485440513326,1.0535248176630223,2.6517128215813206,8
704,82.23486094440325,1.056004743925674,2.654929935970198,8
705,82.23486739810726,1.058490830337185,2.658147050359075,8
706,82.23487376736492,1.0609830923941348,2.6613641647479525,8
707,82.23488005328119,1.0634815456321975,2.6645812791368297,8
708,82.2348862569466,1.0659862056262412,2.667798393525707,8
709,82.2348923794374,1.0684970879904256,2.6710155079145843,8
710,82.23489842181574,1.0710142083783032,2.6742326223034616,8
711,82.23490438512991,1.0735375824829165,2.677449736692339,8
712,82.23491027041445,1.0760672260369,2.680666851081216,8
713,82.23491607869036,1.0786031548125783,2.6838839654700934,8
714,82.23492181096532,1.0811453846220667,2.6871010798589707,8
715,82.23492746823378,1.0836939313173728,2.690318194247848,8
716,82.2349330514772,1.0862488107904957,2.6935353086367253,8
717,82.2349385616642,1.088810038973528,2.696752423025602,8
718,82.2349439997507,1.0913776318387558,2.69996953741448,8
719,82.23494936668014,1.0939516053987617,2.703186651803357,8
720,82.23495466338362,1.096531975706526,2.7064037661922344,8
721,82.23495989078003,1.0991187588555276,2.7096208805811113,8
722,82.23496504977625,1.1017119709798477,2.712837994969989,8
723,82.2349701412673,1.1043116282542713,2.7160551093588663,8
724,82.23497516613648,1.1069177468943912,2.7192722237477436,8
725,82.23498012525552,1.1095303431567092,2.7224893381366204,8
726,82.23498501948475,1.1121494333387412,2.7257064525254977,8
727,82.23498984967328,1.1147750337791187,2.7289235669143754,8
728,82.23499461665908,1.117407160857695,2.7321406813032527,8
729,82.23499932126911,1.1200458309956476,2.7353577956921296,8
730,82.2350039643196,1.1226910606555827,2.738574910081007,8
731,82.23500854661603,1.12534286634164,2.741792024469884,8
732,82.23501306895338,1.128001264599599,2.745009138858762,8
733,82.23501753211619,1.1306662720169802,2.7482262532476387,8
734,82.23502193687875,1.1333379052231551,2.751443367636516,8
735,82.23502628400526,1.136016180889449,2.7546604820253933,8
736,82.23503057424986,1.1387011157292468,2.757877596414271,8
737,82.23503480835684,1.1413927264981019,2.761094710803148,8
738,82.23503898706078,1.144091029993839,2.764311825192025,8
739,82.23504311108661,1.1467960430566635,2.7675289395809024,8
740,82.2350471811498,1.1495077825692677,2.7707460539697797,8
741,82.23505119795642,1.152226265456937,2.773963168358657,8
742,82.23505516220337,1.1549515086876594,2.7771802827475343,8
743,82.23505907457837,1.1576835292722318,2.7803973971364115,8
744,82.23506293576015,1.1604223442643677,2.783614511525289,8
745,82.2350667464186,1.1631679707608082,2.786831625914166,8
746,82.23507050721479,1.1659204259014277,2.7900487403030434,8
747,82.23507421880117,1.1686797268693432,2.7932658546919207,8
748,82.23507788182167,1.171445890891025,2.796482969080798,8
749,82.23508149691173,1.174218935236406,2.7997000834696752,8
750,82.23508506469854,1.176998877218989,2.8029171978585525,8
751,82.23508858580107,1.1797857341959592,2.80613431224743,8
752,82.23509206083017,1.182579523568294,2.809351426636307,8
753,82.2350954903887,1.1853802627808732,2.8125685410251844,8
754,82.23509887507166,1.1881879693225887,2.8157856554140612,8
755,82.23510221546623,1.1910026607264586,2.819002769802939,8
756,82.23510551215192,1.1938243545697345,2.8222198841918162,8
757,82.23510876570067,1.1966530684740175,2.8254369985806935,8
758,82.2351119766769,1.1994888201053673,2.8286541129695704,8
759,82.2351151456377,1.2023316271744147,2.831871227358448,8
760,82.23511827313284,1.205181507436475,2.8350883417473254,8
761,82.23512135970486,1.2080384786916605,2.8383054561362027,8
762,82.23512440588927,1.2109025587849938,2.8415225705250795,8
763,82.23512741221452,1.2137737656065202,2.844739684913957,8
764,82.23513037920219,1.2166521170914222,2.8479567993028345,8
765,82.23513330736698,1.2195376312201343,2.851173913691712,8
766,82.23513619721689,1.2224303260184546,2.8543910280805886,8
767,82.23513904925329,1.225330219557662,2.857608142469466,8
768,82.23514186397094,1.22823732995463,2.860825256858343,8
769,82.23514464185818,1.2311516753719414,2.864042371247221,8
770,82.23514738339692,1.2340732740180038,2.867259485636098,8
771,82.23515008906277,1.2370021441471664,2.870476600024975,8
772,82.23515275932515,1.2399383040598342,2.8736937144138524,8
773,82.23515539464728,1.2428817721025853,2.87691082880273,8
774,82.23515799548638,1.2458325666682886,2.8801279431916074,8
775,82.23516056229364,1.248790706196218,2.883345057580484,8
776,82.23516309551438,1.251756209172171,2.8865621719693615,8
777,82.23516559558806,1.254729094128587,2.8897792863582388,8
778,82.23516806294842,1.2577093796446637,2.8929964007471165,8
779,82.2351704980235,1.260697084346475,2.8962135151359933,8
780,82.23517290123577,1.2636922269070912,2.8994306295248706,8
781,82.23517527300214,1.266694826046695,2.902647743913748,8
782,82.23517761373408,1.2697049005327032,2.9058648583026256,8
783,82.23517992383766,1.2727224691798833,2.9090819726915025,8
784,82.23518220371369,1.2757475508504748,2.9122990870803798,8
785,82.23518445375765,1.2787801644543082,2.915516201469257,8
786,82.23518667435992,1.2818203289489265,2.9187333158581343,8
787,82.23518886590573,1.2848680633397036,2.9219504302470116,8
788,82.23519102877529,1.2879233866799662,2.925167544635889,8
789,82.23519316334382,1.2909863180711147,2.928384659024766,8
790,82.23519526998165,1.2940568766627454,2.9316017734136435,8
791,82.23519734905423,1.2971350816527702,2.9348188878025208,8
792,82.23519940092227,1.3002209522875405,2.938036002191398,8
793,82.23520142594172,1.303314507861968,2.9412531165802753,8
794,82.23520342446392,1.306415767719649,2.9444702309691526,8
795,82.23520539683555,1.3095247512529855,2.94768734535803,8
796,82.23520734339883,1.312641477903309,2.950904459746907,8
797,82.23520926449143,1.315765967161006,2.9541215741357845,8
798,82.23521116044664,1.3188982385656371,2.9573386885246618,8
799,82.23521303159337,1.3220383117060674,2.960555802913539,8
800,82.23521487825627,1.3251862062205844,2.963772917302416,8
0,78.05250924010147,0.23890773939544793,0.29615890948223406,9
1,78.1470377374317,0.2394419346966783,0.2985637468633234,9
2,78.2401990302854,0.23997749664819115,0.30096858424441275,9
3,78.33201289310234,0.24051442889027197,0.30337342162550207,9
4,78.42249881431651,0.24105273507300778,0.3057782590065914,9
5,78.51167600049264,0.24159241885631366,0.3081830963876807,9
6,78.59956338040304,0.24213348390995929,0.3105879337687701,9
7,78.68617960904542,0.2426759339135957,0.3129927711498594,9
8,78.77154307160258,0.24321977255678173,0.3153976085309487,9
9,78.8556718873449,0.24376500353901098,0.31780244591203805,9
10,78.93858391347625,0.24431163056973842,0.3202072832931274,9
11,79.0202967489245,0.24485965736840748,0.32261212067421674,9
12,79.10082773807696,0.24540908766447694,0.32501695805530606,9
13,79.18019397446193,0.24595992519744797,0.3274217954363954,9
14,79.25841230437705,0.24651217371689121,0.32982663281748476,9
15,79.33549933046497,0.2470658369824741,0.3322314701985741,9
16,79.41147141523754,0.24762091876398798,0.3346363075796634,9
17,79.48634468454887,0.2481774228413755,0.3370411449607527,9
18,79.56013503101823,0.24873535300475802,0.3394459823418421,9
19,79.6328581174034,0.2492947130544631,0.3418508197229314,9
20,79.70452937992526,0.24985550680105206,0.34425565710402073,9
21,79.77516403154429,0.2504177380653476,0.34666049448511005,9
22,79.8447770651897,0.2509814106784615,0.3490653318661994,9
23,79.91338325694177,0.25154652848182246,0.35147016924728874,9
24,79.98099716916828,0.2521130953272039,0.35387500662837806,9
25,80.0476331536155,0.2526811150767518,0.35627984400946744,9
26,80.11330535445451,0.253250591603013,0.35868468139055676,9
27,80.17802771128343,0.2538215287889629,0.3610895187716461,9
28,80.24181396208625,0.254393930528034,0.3634943561527354,9
29,80.30467764614885,0.2549678007241439,0.3658991935338247,9
30,80.36663210693285,0.2555431432917235,0.3683040309149141,9
31,80.42769049490792,0.2561199621557458,0.3707088682960034,9
32,80.4878657703431,0.2566982612517539,0.37311370567709273,9
33,80.5471707060577,0.25727804452589,0.3755185430581821,9
34,80.60561789013252,0.25785931593492356,0.37792338043927143,9
35,80.6632197285818,0.25844207944628034,0.38032821782036075,9
36,80.71998844798642,0.259026339038071,0.38273305520145007,9
37,80.77593609808932,0.25961209869912,0.3851378925825394,9
38,80.83107455435297,0.26019936242899455,0.38754272996362876,9
39,80.88541552048017,0.26078813423803365,0.3899475673447181,9
40,80.93897053089826,0.261378418147377,0.3923524047258074,9
41,80.99175095320746,0.2619702181889944,0.3947572421068968,9
42,81.04376799059364,0.26256353840571484,0.3971620794879861,9
43,81.09503268420647,0.26315838285125587,0.3995669168690754,9
44,81.14555591550291,0.263754755590253,0.4019717542501647,9
45,81.19534840855691,0.26435266069828933,0.404376591631254,9
46,81.24442073233577,0.2649521022619246,0.40678142901234343,9
47,81.29278330294348,0.2655530843787255,0.4091862663934327,9
48,81.34044638583161,0.2661556111572951,0.411591103774522,9
49,81.3874200979783,0.2667596867173024,0.41399594115561145,9
50,81.43371441003572,0.2673653151895126,0.41640077853670077,9
51,81.47933914844631,0.26797250071581696,0.41880561591779003,9
52,81.52430399752875,0.26858124744926276,0.42121045329887946,9
53,81.56861850153335,0.26919155955408325,0.4236152906799688,9
54,81.61229206666808,0.2698034412057284,0.42602012806105805,9
55,81.65533396309499,0.27041689659089463,0.42842496544214737,9
56,81.69775332689802,0.2710319299075555,0.4308298028232367,9
57,81.73955916202218,0.271648545364992,0.43323464020432606,9
58,81.78076034218468,0.2722667471838232,0.4356394775854154,9
59,81.82136561275856,0.27288653959603676,0.4380443149665047,9
60,81.86138359262891,0.27350792684501973,0.4404491523475941,9
61,81.90082277602237,0.2741309131855893,0.4428539897286834,9
62,81.93969153431007,0.2747555028840236,0.4452588271097727,9
63,81.97799811778455,0.2753817002180928,0.44766366449086203,9
64,82.01575065741103,0.2760095094770898,0.45006850187195135,9
65,82.0529571665532,0.27663893496186187,0.45247333925304073,9
66,82.0896255426742,0.2772699809848415,0.45487817663413005,9
67,82.12576356901288,0.2779026518700776,0.45728301401521937,9
68,82.16137891623596,0.2785369519532673,0.45968785139630874,9
69,82.19647914406613,0.27917288558178666,0.46209268877739806,9
70,82.23107170288671,0.27981045711472324,0.4644975261584874,9
71,82.26516393532307,0.28044967092290685,0.46690236353957676,9
72,82.29876307780118,0.2810905313889415,0.469307200920666,9
73,82.3318762620836,0.28173304290723755,0.4717120383017554,9
74,82.36451051678327,0.28237720988404297,0.4741168756828447,9
75,82.39667276885542,0.28302303673747586,0.47652171306393404,9
76,82.42836984506792,0.28367052789755626,0.4789265504450234,9
77,82.45960847345023,0.28431968780623834,0.48133138782611273,9
78,82.49039528472159,0.28497052091744246,0.48373622520720205,9
79,82.52073681369843,0.28562303169708775,0.48614106258829143,9
80,82.55063950068144,0.2862772246231243,0.4885458999693807,9
81,82.58010969282259,0.28693310418556606,0.49095073735047007,9
82,82.60915364547239,0.28759067488652257,0.4933555747315594,9
83,82.63777752350764,0.28824994124023245,0.4957604121126487,9
84,82.66598740264001,0.28891090777309597,0.4981652494937381,9
85,82.69378927070564,0.2895735790237075,0.5005700868748274,9
86,82.72118902893615,0.29023795954288895,0.5029749242559167,9
87,82.7481924932112,0.29090405389372237,0.5053797616370062,9
88,82.77480539529306,0.29157186665158336,0.5077845990180954,9
89,82.80103338404307,0.2922414024041741,0.5101894363991848,9
90,82.82688202662084,0.2929126657515567,0.5125942737802741,9
91,82.85235680966584,0.2935856613061867,0.5149991111613633,9
92,82.87746314046203,0.2942603936929461,0.5174039485424528,9
93,82.90220634808558,0.2949368675491776,0.5198087859235421,9
94,82.92659168453609,0.2956150875247175,0.5222136233046314,9
95,82.95062432585127,0.2962950582819301,0.5246184606857208,9
96,82.97430937320571,0.2969767844957411,0.5270232980668101,9
97,82.99765185399363,0.29766027085367175,0.5294281354478995,9
98,83.02065672289594,0.29834552205587267,0.5318329728289888,9
99,83.04332886293197,0.29903254281515823,0.534237810210078,9
100,83.065673086496,0.2997213378570404,0.5366426475911674,9
101,83.0876941363786,0.3004119119197634,0.5390474849722567,9
102,83.10939668677344,0.30110426975433774,0.5414523223533461,9
103,83.13078534426941,0.30179841612457503,0.5438571597344355,9
104,83.15186464882844,0.3024943558071223,0.5462619971155247,9
105,83.17263907474904,0.3031920935914967,0.548666834496614,9
106,83.19311303161622,0.3038916342801204,0.5510716718777035,9
107,83.21329086523725,0.30459298268835533,0.5534765092587927,9
108,83.23317685856428,0.3052961436445381,0.5558813466398821,9
109,83.25277523260331,0.30600112199001506,0.5582861840209714,9
110,83.27209014731021,0.3067079225791775,0.5606910214020607,9
111,83.29112570247374,0.3074165502794969,0.56309585878315,9
112,83.30988593858567,0.30812700997155995,0.5655006961642394,9
113,83.3283748376985,0.3088393065491046,0.5679055335453287,9
114,83.34659632427072,0.3095534449190547,0.5703103709264181,9
115,83.36455426599969,0.31026943000155643,0.5727152083075073,9
116,83.38225247464271,0.31098726673001353,0.5751200456885968,9
117,83.39969470682607,0.3117069600511233,0.5775248830696861,9
118,83.41688466484241,0.3124285149249124,0.5799297204507754,9
119,83.43382599743664,0.313151936324773,0.5823345578318647,9
120,83.45052230058033,0.31387722923749856,0.584739395212954,9
121,83.46697711823504,0.3146043986633204,0.5871442325940434,9
122,83.48319394310457,0.3153334496159437,0.5895490699751328,9
123,83.49917621737632,0.316064387122584,0.591953907356222,9
124,83.51492733345188,0.3167972162240039,0.5943587447373114,9
125,83.53045063466719,0.3175319419745492,0.5967635821184007,9
126,83.54574941600214,0.31826856944218584,0.5991684194994901,9
127,83.56082692477993,0.3190071037085369,0.6015732568805794,9
128,83.57568636135646,0.3197475498689189,0.6039780942616687,9
129,83.59033087979951,0.3204899130323793,0.606382931642758,9
130,83.6047635885583,0.32123419832173344,0.6087877690238475,9
131,83.6189875511233,0.32198041087360163,0.6111926064049368,9
132,83.6330057866764,0.32272855583844656,0.6135974437860261,9
133,83.64682127073189,0.3234786383806106,0.6160022811671153,9
134,83.66043693576793,0.3242306636783531,0.6184071185482047,9
135,83.67385567184907,0.3249846369238885,0.6208119559292941,9
136,83.68708032723964,0.32574056332342355,0.6232167933103835,9
137,83.70011370900838,0.32649844809719514,0.6256216306914727,9
138,83.71295858362421,0.3272582964795084,0.6280264680725621,9
139,83.72561767754354,0.32802011371877465,0.6304313054536513,9
140,83.73809367778884,0.3287839050775493,0.6328361428347408,9
141,83.75038923251913,0.3295496758325702,0.6352409802158301,9
142,83.76250695159197,0.3303174312747961,0.6376458175969195,9
143,83.77444940711753,0.33108717670944465,0.6400506549780087,9
144,83.78621913400445,0.33185891745603124,0.642455492359098,9
145,83.79781863049799,0.33263265884840754,0.6448603297401874,9
146,83.80925035871022,0.33340840623480017,0.6472651671212768,9
147,83.82051674514268,0.33418616497784953,0.6496700045023661,9
148,83.83162018120146,0.3349659404546487,0.6520748418834554,9
149,83.8425630237047,0.3357477380567827,0.6544796792645446,9
150,83.85334759538296,0.3365315631903672,0.6568845166456341,9
151,83.86397618537218,0.3373174212760882,0.6592893540267234,9
152,83.87445104969959,0.338105317749241,0.6616941914078128,9
153,83.88477441176255,0.33889525805977017,0.664099028788902,9
154,83.89494846280054,0.33968724767230835,0.6665038661699915,9
155,83.90497536236023,0.34048129206621663,0.6689087035510807,9
156,83.91485723875388,0.34127739673562413,0.6713135409321701,9
157,83.92459618951109,0.3420755671894675,0.6737183783132594,9
158,83.93419428182405,0.3428758089515316,0.6761232156943489,9
159,83.94365355298626,0.3436781275604889,0.6785280530754381,9
160,83.95297601082507,0.34448252856994016,0.6809328904565274,9
161,83.96216363412772,0.34528901754845465,0.6833377278376167,9
162,83.9712183730615,0.3460976000796104,0.6857425652187061,9
163,83.9801421495876,0.34690828176203486,0.6881474025997955,9
164,83.98893685786912,0.3477210682094457,0.6905522399808848,9
165,83.99760436467307,0.34853596505069123,0.6929570773619741,9
166,84.00614650976667,0.3493529779297916,0.6953619147430634,9
167,84.0145651063078,0.3501721125059795,0.6977667521241527,9
168,84.02286194122992,0.35099337445374146,0.7001715895052422,9
169,84.03103877562134,0.3518167694628589,0.7025764268863315,9
170,84.039097345099,0.3526423032384494,0.7049812642674208,9
171,84.04703936017692,0.35346998150100845,0.70738610164851,9
172,84.05486650662925,0.35429980998645055,0.7097909390295994,9
173,84.06258044584811,0.3551317944461511,0.7121957764106888,9
174,84.07018281519618,0.3559659406469883,0.7146006137917782,9
175,84.07767522835434,0.35680225437138446,0.7170054511728674,9
176,84.08505927566411,0.3576407414173485,0.7194102885539566,9
177,84.09233652446525,0.3584814075985181,0.721815125935046,9
178,84.09950851942847,0.35932425874420143,0.7242199633161355,9
179,84.10657678288324,0.36016930069941994,0.7266248006972248,9
180,84.11354281514096,0.3610165393249505,0.7290296380783141,9
181,84.12040809481341,0.36186598049736807,0.7314344754594034,9
182,84.12717407912665,0.3627176301090885,0.7338393128404926,9
183,84.13384220423018,0.3635714940684108,0.7362441502215821,9
184,84.14041388550197,0.36442757829956096,0.7386489876026715,9
185,84.14689051784877,0.36528588874273404,0.7410538249837608,9
186,84.1532734760022,0.3661464313541377,0.7434586623648501,9
187,84.15956411481058,0.3670092121060356,0.7458634997459394,9
188,84.16576376952654,0.3678742369867905,0.7482683371270287,9
189,84.17187375609033,0.36874151200090777,0.7506731745081181,9
190,84.17789537140929,0.369611043169079,0.7530780118892075,9
191,84.18382989363303,0.3704828365282261,0.7554828492702967,9
192,84.18967858242473,0.3713568981315446,0.7578876866513862,9
193,84.19544267922858,0.3722332340485475,0.7602925240324754,9
194,84.20112340753323,0.3731118503651103,0.7626973614135648,9
195,84.20672197313154,0.373992753183514,0.7651021987946541,9
196,84.21223956437645,0.37487594862249013,0.7675070361757436,9
197,84.2176773524333,0.3757614428172652,0.7699118735568328,9
198,84.22303649152836,0.37664924191960464,0.772316710937922,9
199,84.22831811919387,0.3775393520978584,0.7747215483190114,9
200,84.23352335650948,0.3784317795370047,0.7771263857001008,9
201,84.23865330834018,0.3793265304386959,0.7795312230811902,9
202,84.24370906357083,0.3802236110213029,0.7819360604622794,9
203,84.24869169533737,0.3811230275199605,0.7843408978433687,9
204,84.25360226125447,0.38202478618661284,0.786745735224458,9
205,84.25844180364011,0.38292889329005847,0.7891505726055474,9
206,84.26321134973679,0.3838353551159961,0.7915554099866369,9
207,84.26791191192957,0.3847441779670701,0.7939602473677261,9
208,84.27254448796101,0.38565536816291657,0.7963650847488154,9
209,84.27711006114285,0.3865689320402089,0.7987699221299047,9
210,84.28160960056485,0.38748487595270387,0.801174759510994,9
211,84.28604406130037,0.3884032062712879,0.8035795968920835,9
212,84.29041438460919,0.38932392938402327,0.8059844342731729,9
213,84.29472149813725,0.39024705169619445,0.8083892716542621,9
214,84.29896631611356,0.39117257963035457,0.8107941090353513,9
215,84.3031497395443,0.39210051962637227,0.8131989464164407,9
216,84.30727265640394,0.3930308781414784,0.8156037837975301,9
217,84.31133594182391,0.3939636616503126,0.8180086211786195,9
218,84.3153404582782,0.394898876644971,0.8204134585597087,9
219,84.3192870557665,0.39583652963505245,0.822818295940798,9
220,84.32317657199457,0.39677662714770673,0.8252231333218873,9
221,84.32700983255215,0.3977191757276813,0.8276279707029768,9
222,84.3307876510881,0.3986641819373691,0.8300328080840661,9
223,84.33451082948314,0.3996116523568561,0.8324376454651554,9
224,84.33818015802007,0.4005615935839692,0.8348424828462447,9
225,84.34179641555149,0.40151401223432426,0.8372473202273341,9
226,84.34536036966516,0.40246891494137377,0.8396521576084234,9
227,84.3488727768469,0.40342630835645527,0.8420569949895128,9
228,84.35233438264113,0.4043861991488397,0.8444618323706021,9
229,84.3557459218092,0.4053485940057798,0.8468666697516914,9
230,84.35910811848528,0.40631349963255864,0.8492715071327807,9
231,84.3624216863301,0.40728092275253813,0.8516763445138701,9
232,84.3656873286824,0.40825087010720823,0.8540811818949594,9
233,84.36890573870826,0.4092233484562358,0.8564860192760488,9
234,84.37207759954825,0.4101983645775136,0.858890856657138,9
235,84.37520358446231,0.41117592526720936,0.8612956940382275,9
236,84.37828435697284,0.41215603733981554,0.8637005314193167,9
237,84.38132057100538,0.41313870762819865,0.8661053688004061,9
238,84.38431287102748,0.4141239429836485,0.8685102061814954,9
239,84.38726189218553,0.4151117502759288,0.8709150435625849,9
240,84.39016826043951,0.41610213639332616,0.8733198809436741,9
241,84.39303259269589,0.4170951082427008,0.8757247183247634,9
242,84.39585549693855,0.41809067274953626,0.8781295557058527,9
243,84.39863757235788,0.41908883685799003,0.8805343930869421,9
244,84.40137940947793,0.4200896075309437,0.8829392304680315,9
245,84.40408159028172,0.42109299175005394,0.8853440678491208,9
246,84.40674468833485,0.4220989965158026,0.88774890523021,9
247,84.4093692689072,0.42310762884754827,0.8901537426112994,9
248,84.4119558890929,0.42411889578357675,0.8925585799923887,9
249,84.41450509792861,0.4251328043811522,0.8949634173734782,9
250,84.41701743651006,0.42614936171656886,0.8973682547545674,9
251,84.41949343810688,0.42716857488520177,0.8997730921356568,9
252,84.4219336282758,0.42819045100155895,0.902177929516746,9
253,84.4243385249722,0.42921499719933265,0.9045827668978355,9
254,84.42670863866006,0.4302422206314514,0.9069876042789248,9
255,84.42904447242033,0.43127212847013185,0.9093924416600141,9
256,84.43134652205768,0.432304727906931,0.9117972790411034,9
257,84.43361527620574,0.4333400261527981,0.9142021164221928,9
258,84.43585121643088,0.43437803043812745,0.916606953803282,9
259,84.43805481733429,0.4354187480128109,0.9190117911843715,9
260,84.44022654665291,0.43646218614629007,0.9214166285654608,9
261,84.44236686535854,0.4375083521276095,0.9238214659465501,9
262,84.44447622775576,0.4385572532654699,0.9262263033276394,9
263,84.4465550815784,0.4396088968882803,0.9286311407087288,9
264,84.44860386808446,0.4406632903442126,0.9310359780898181,9
265,84.45062302214994,0.44172044100125346,0.9334408154709075,9
266,84.45261297236097,0.4427803562472592,0.9358456528519967,9
267,84.45457414110489,0.44384304349000847,0.9382504902330862,9
268,84.45650694465988,0.4449085101572569,0.9406553276141755,9
269,84.45841179328332,0.44597676369679007,0.9430601649952648,9
270,84.46028909129886,0.4470478115764785,0.9454650023763541,9
271,84.46213923718226,0.4481216612843316,0.9478698397574434,9
272,84.46396262364594,0.4491983203285519,0.9502746771385328,9
273,84.46575963772241,0.4502777962375896,0.9526795145196222,9
274,84.46753066084632,0.45136009656019793,0.9550843519007114,9
275,84.46927606893549,0.4524452288654866,0.9574891892818008,9
276,84.47099623247067,0.45353320074297837,0.9598940266628901,9
277,84.47269151657424,0.4546240198026633,0.9622988640439795,9
278,84.47436228108762,0.4557176936750538,0.9647037014250688,9
279,84.47600888064773,0.456814230011241,0.967108538806158,9
280,84.47763166476219,0.45791363648294925,0.9695133761872474,9
281,84.47923097788357,0.4590159207825929,0.9719182135683369,9
282,84.4808071594825,0.46012109062333156,0.9743230509494261,9
283,84.48236054411967,0.46122915373912593,0.9767278883305155,9
284,84.48389146151693,0.4623401178847946,0.9791327257116048,9
285,84.48540023662716,0.46345399083607014,0.981537563092694,9
286,84.48688718970338,0.46457078038965544,0.9839424004737835,9
287,84.48835263636661,0.4656904943632805,0.9863472378548727,9
288,84.48979688767294,0.4668131405957594,0.9887520752359621,9
289,84.49122025017952,0.4679387269470467,0.9911569126170515,9
290,84.49262302600965,0.46906726129829496,0.9935617499981407,9
291,84.49400551291687,0.4701987515519125,0.9959665873792302,9
292,84.49536800434821,0.47133320563161935,0.9983714247603195,9
293,84.49671078950645,0.47247063148250656,1.0007762621414087,9
294,84.49803415341151,0.47361103707109264,1.0031810995224981,9
295,84.49933837696095,0.4747544303853819,1.0055859369035876,9
296,84.50062373698958,0.47590081943492263,1.0079907742846768,9
297,84.50189050632828,0.4770502122508652,1.0103956116657662,9
298,84.50313895386181,0.47820261688602,1.0128004490468554,9
299,84.50436934458597,0.47935804141491684,1.0152052864279448,9
300,84.5055819396638,0.4805164939338627,1.0176101238090343,9
301,84.50677699648105,0.481677982561001,1.0200149611901235,9
302,84.50795476870078,0.4828425154363706,1.0224197985712127,9
303,84.50911550631723,0.4840101007219648,1.024824635952302,9
304,84.51025945570886,0.48518074660179095,1.0272294733333913,9
305,84.51138685969066,0.4863544612819294,1.0296343107144807,9
306,84.51249795756567,0.48753125299059347,1.03203914809557,9
307,84.51359298517583,0.4887111299781892,1.0344439854766594,9
308,84.51467217495198,0.4898941005173753,1.0368488228577488,9
309,84.5157357559632,0.49108017290312334,1.039253660238838,9
310,84.51678395396549,0.4922693554527776,1.0416584976199275,9
311,84.5178169914496,0.4934616565061162,1.044063335001017,9
312,84.51883508768836,0.4946570844254109,1.046468172382106,9
313,84.5198384587831,0.4958556475954888,1.0488730097631955,9
314,84.52082731770966,0.4970573544237922,1.0512778471442847,9
315,84.52180187436348,0.49826221334044063,1.0536826845253742,9
316,84.52276233560418,0.4994702327982915,1.0560875219064634,9
317,84.52370890529954,0.5006814212730019,1.0584923592875528,9
318,84.52464178436867,0.50189578726309,1.060897196668642,9
319,84.52556117082472,0.5031133392899967,1.0633020340497314,9
320,84.52646725981688,0.5043340858981477,1.0657068714308207,9
321,84.52736024367186,0.5055580356550158,1.06811170881191,9
322,84.52824031193464,0.5067851971511825,1.0705165461929995,9
323,84.52910765140871,0.5080155790004015,1.0729213835740887,9
324,84.52996244619578,0.5092491898396599,1.0753262209551782,9
325,84.53080487773481,0.5104860383292422,1.0777310583362674,9
326,84.53163512484052,0.5117261331527925,1.0801358957173568,9
327,84.5324533637414,0.5129694830173781,1.0825407330984462,9
328,84.53325976811703,0.5142160966535524,1.0849455704795354,9
329,84.53405450913502,0.5154659828154181,1.0873504078606249,9
330,84.53483775548727,0.5167191502806918,1.089755245241714,9
331,84.5356096734259,0.5179756078507667,1.0921600826228035,9
332,84.53637042679837,0.5192353643507771,1.0945649200038927,9
333,84.5371201770824,0.5204984286296628,1.0969697573849821,9
334,84.53785908342017,0.5217648095602323,1.0993745947660714,9
335,84.53858730265215,0.523034516039229,1.1017794321471608,9
336,84.53930498935031,0.5243075569873941,1.10418426952825,9
337,84.54001229585103,0.5255839413495327,1.1065891069093394,9
338,84.54070937228735,0.5268636780945778,1.1089939442904289,9
339,84.54139636662092,0.5281467762156566,1.111398781671518,9
340,84.5420734246733,0.529433244730155,1.1138036190526075,9
341,84.54274069015705,0.5307230926797835,1.1162084564336967,9
342,84.54339830470607,0.5320163291306422,1.1186132938147861,9
343,84.54404640790581,0.5333129631732881,1.1210181311958756,9
344,84.54468513732282,0.5346130039228001,1.1234229685769648,9
345,84.54531462853396,0.5359164605188451,1.1258278059580542,9
346,84.54593501515521,0.5372233421257453,1.1282326433391434,9
347,84.54654642886999,0.5385336579325442,1.1306374807202328,9
348,84.54714899945711,0.539847417153073,1.133042318101322,9
349,84.54774285481838,0.541164629026019,1.1354471554824115,9
350,84.54832812100568,0.5424853028149909,1.1378519928635007,9
351,84.54890492224777,0.5438094478085875,1.1402568302445901,9
352,84.54947338097662,0.5451370733204647,1.1426616676256793,9
353,84.55003361785344,0.5464681886894032,1.1450665050067688,9
354,84.55058575179423,0.547802803279376,1.1474713423878582,9
355,84.55112989999509,0.5491409264796175,1.1498761797689474,9
356,84.55166617795706,0.5504825677046907,1.1522810171500368,9
357,84.55219469951064,0.5518277363945561,1.1546858545311263,9
358,84.55271557683993,0.5531764420146402,1.1570906919122155,9
359,84.55322892050651,0.5545286940559042,1.159495529293305,9
360,84.55373483947282,0.5558845020349132,1.1619003666743941,9
361,84.55423344112536,0.5572438754939055,1.1643052040554835,9
362,84.55472483129745,0.5586068240008611,1.1667100414365728,9
363,84.55520911429167,0.5599733571495725,1.1691148788176622,9
364,84.55568639290207,0.5613434845597135,1.1715197161987514,9
365,84.55615676843594,0.5627172158769091,1.1739245535798408,9
366,84.55662034073528,0.5640945607728065,1.17632939096093,9
367,84.55707720819808,0.5654755289451442,1.1787342283420195,9
368,84.55752746779915,0.5668601301178238,1.1811390657231087,9
369,84.55797121511071,0.5682483740409789,1.183543903104198,9
370,84.55840854432266,0.5696402704910483,1.1859487404852875,9
371,84.55883954826263,0.5710358292708446,1.1883535778663767,9
372,84.55926431841561,0.5724350602096275,1.1907584152474662,9
373,84.55968294494343,0.5738379731631739,1.1931632526285556,9
374,84.56009551670387,0.5752445780138501,1.1955680900096446,9
375,84.56050212126951,0.5766548846706836,1.197972927390734,9
376,84.56090284494633,0.578068903069435,1.2003777647718235,9
377,84.56129777279205,0.5794866431726705,1.2027826021529129,9
378,84.56168698863415,0.5809081149698336,1.205187439534002,9
379,84.56207057508769,0.5823333284773191,1.2075922769150915,9
380,84.56244861357283,0.5837622937385437,1.209997114296181,9
381,84.56282118433211,0.5851950208240214,1.2124019516772704,9
382,84.56318836644749,0.5866315198314354,1.2148067890583594,9
383,84.56355023785716,0.588071800885711,1.2172116264394488,9
384,84.56390687537201,0.5895158741390911,1.2196164638205382,9
385,84.56425835469204,0.5909637497712077,1.2220213012016272,9
386,84.5646047504223,0.5924154379891574,1.2244261385827166,9
387,84.56494613608888,0.5938709490275756,1.226830975963806,9
388,84.56528258415436,0.5953302931487097,1.2292358133448955,9
389,84.56561416603331,0.5967934806424949,1.231640650725985,9
390,84.56594095210737,0.5982605218266287,1.2340454881070742,9
391,84.56626301174023,0.5997314270466453,1.2364503254881636,9
392,84.56658041329239,0.601206206675992,1.238855162869253,9
393,84.56689322413553,0.6026848711161028,1.241260000250342,9
394,84.56720151066699,0.6041674307964763,1.2436648376314314,9
395,84.56750533832374,0.6056538961747492,1.2460696750125206,9
396,84.56780477159633,0.6071442777367744,1.24847451239361,9
397,84.56809987404252,0.6086385859966952,1.2508793497746993,9
398,84.56839070830084,0.6101368314970236,1.2532841871557887,9
399,84.56867733610386,0.6116390248087159,1.2556890245368781,9
400,84.56895981829125,0.6131451765312493,1.2580938619179676,9
401,84.56923821482275,0.6146552972927,1.260498699299057,9
402,84.56951258479089,0.6161693977498196,1.2629035366801462,9
403,84.56978298643351,0.6176874885881125,1.2653083740612354,9
404,84.57004947714613,0.6192095805219145,1.2677132114423248,9
405,84.57031211349413,0.6207356842944693,1.270118048823414,9
406,84.57057095122477,0.6222658106780085,1.2725228862045033,9
407,84.57082604527902,0.6237999704738275,1.2749277235855927,9
408,84.57107744980321,0.6253381745123665,1.2773325609666821,9
409,84.57132521816052,0.626880433653287,1.2797373983477713,9
410,84.57156940294233,0.6284267587855524,1.2821422357288608,9
411,84.57181005597936,0.6299771608275065,1.2845470731099502,9
412,84.57204722835269,0.6315316507269526,1.2869519104910396,9
413,84.57228097040458,0.6330902394612338,1.289356747872129,9
414,84.57251133174918,0.6346529380373119,1.291761585253218,9
415,84.57273836128306,0.6362197574918486,1.2941664226343075,9
416,84.57296210719555,0.6377907088912842,1.296571260015397,9
417,84.57318261697903,0.6393658033319196,1.298976097396486,9
418,84.57339993743895,0.6409450519399962,1.3013809347775753,9
419,84.57361411470382,0.6425284658717765,1.3037857721586648,9
420,84.57382519423494,0.6441160563136256,1.3061906095397542,9
421,84.57403322083613,0.6457078344820927,1.3085954469208434,9
422,84.57423823866316,0.6473038116239922,1.3110002843019328,9
423,84.57444029123316,0.6489039990164863,1.3134051216830223,9
424,84.57463942143386,0.6505084079671652,1.3158099590641117,9
425,84.5748356715327,0.6521170498141319,1.3182147964452007,9
426,84.57502908318575,0.653729935926082,1.32061963382629,9
427,84.57521969744664,0.655347077702388,1.3230244712073795,9
428,84.57540755477521,0.656968486573182,1.3254293085884687,9
429,84.57559269504607,0.6585941739994381,1.327834145969558,9
430,84.57577515755717,0.6602241514730565,1.3302389833506474,9
431,84.57595498103805,0.6618584305169464,1.3326438207317368,9
432,84.57613220365808,0.6634970226851102,1.3350486581128262,9
433,84.57630686303456,0.6651399395627277,1.3374534954939155,9
434,84.57647899624077,0.666787192766239,1.3398583328750049,9
435,84.57664863981371,0.6684387939434315,1.3422631702560943,9
436,84.576815829762,0.6700947547735214,1.3446680076371835,9
437,84.57698060157341,0.6717550869672416,1.3470728450182727,9
438,84.57714299022244,0.6734198022669245,1.349477682399362,9
439,84.57730303017775,0.6750889124465891,1.3518825197804514,9
440,84.57746075540946,0.6767624293120253,1.3542873571615408,9
441,84.57761619939637,0.6784403647008806,1.35669219454263,9
442,84.57776939513307,0.6801227304827461,1.3590970319237194,9
443,84.57792037513693,0.6818095385592418,1.3615018693048089,9
444,84.57806917145497,0.6835008008641045,1.3639067066858983,9
445,84.57821581567077,0.6851965293632739,1.3663115440669875,9
446,84.57836033891105,0.6868967360549794,1.3687163814480767,9
447,84.57850277185236,0.6886014329698281,1.3711212188291662,9
448,84.57864314472754,0.690310632170891,1.3735260562102556,9
449,84.57878148733218,0.6920243457537921,1.3759308935913446,9
450,84.57891782903091,0.6937425858467956,1.378335730972434,9
451,84.57905219876368,0.6954653646108939,1.3807405683535234,9
452,84.57918462505181,0.6971926942398967,1.3831454057346129,9
453,84.57931513600415,0.6989245869605187,1.385550243115702,9
454,84.579443759323,0.7006610550324699,1.3879550804967915,9
455,84.57957052230996,0.7024021107485432,1.390359917877881,9
456,84.57969545187179,0.7041477664347047,1.3927647552589704,9
457,84.57981857452606,0.7058980344501832,1.3951695926400594,9
458,84.57993991640681,0.7076529271875599,1.3975744300211488,9
459,84.58005950327012,0.7094124570728587,1.3999792674022382,9
460,84.5801773604995,0.7111766365656362,1.4023841047833272,9
461,84.58029351311139,0.7129454781590726,1.4047889421644166,9
462,84.58040798576035,0.7147189943800628,1.407193779545506,9
463,84.58052080274437,0.7164971977893062,1.4095986169265955,9
464,84.58063198801003,0.7182801009814004,1.412003454307685,9
465,84.58074156515752,0.7200677165849297,1.4144082916887741,9
466,84.58084955744573,0.7218600572625604,1.4168131290698636,9
467,84.58095598779714,0.7236571357111293,1.419217966450953,9
468,84.58106087880266,0.7254589646617389,1.4216228038320422,9
469,84.5811642527265,0.7272655568798484,1.4240276412131314,9
470,84.5812661315108,0.729076925165367,1.4264324785942208,9
471,84.58136653678044,0.730893082352747,1.42883731597531,9
472,84.5814654898474,0.732714041311077,1.4312421533563993,9
473,84.58156301171555,0.7345398149441755,1.4336469907374887,9
474,84.58165912308485,0.7363704161906849,1.4360518281185781,9
475,84.58175384435594,0.7382058580241653,1.4384566654996676,9
476,84.5818471956344,0.740046153453189,1.440861502880757,9
477,84.58193919673498,0.741891315521435,1.4432663402618462,9
478,84.58202986718587,0.7437413573077845,1.4456711776429356,9
479,84.58211922623278,0.7455962919264142,1.4480760150240248,9
480,84.58220729284311,0.7474561325268939,1.4504808524051143,9
481,84.58229408570988,0.7493208922942811,1.4528856897862035,9
482,84.58237962325578,0.7511905844492158,1.4552905271672927,9
483,84.58246392363702,0.7530652222480193,1.457695364548382,9
484,84.58254700474723,0.7549448189827876,1.4601002019294713,9
485,84.58262888422122,0.7568293879814902,1.4625050393105608,9
486,84.58270957943876,0.7587189426080662,1.4649098766916502,9
487,84.58278910752823,0.7606134962625211,1.4673147140727396,9
488,84.58286748537027,0.7625130623810255,1.469719551453829,9
489,84.58294472960141,0.7644176544360111,1.4721243888349183,9
490,84.5830208566175,0.7663272859362699,1.4745292262160075,9
491,84.5830958825773,0.7682419704270528,1.476934063597097,9
492,84.58316982340583,0.7701617214901663,1.4793389009781859,9
493,84.58324269479779,0.7720865527440729,1.4817437383592755,9
494,84.5833145122209,0.7740164778439897,1.4841485757403647,9
495,84.58338529091911,0.7759515104819874,1.4865534131214542,9
496,84.58345504591594,0.7778916643870902,1.4889582505025434,9
497,84.58352379201762,0.779836953325375,1.4913630878836328,9
498,84.58359154381618,0.7817873911000728,1.4937679252647222,9
499,84.58365831569266,0.7837429915516677,1.4961727626458114,9
500,84.58372412182007,0.7857037685579985,1.4985776000269007,9
501,84.58378897616645,0.787669736034359,1.50098243740799,9
502,84.58385289249776,0.7896409079335992,1.5033872747890795,9
503,84.58391588438094,0.7916172982462278,1.505792112170169,9
504,84.58397796518663,0.7935989210005123,1.508196949551258,9
505,84.58403914809215,0.7955857902625827,1.5106017869323474,9
506,84.58409944608417,0.7975779201365322,1.5130066243134368,9
507,84.58415887196158,0.7995753247645209,1.5154114616945262,9
508,84.5842174383381,0.8015780183268781,1.5178162990756154,9
509,84.58427515764508,0.8035860150422058,1.5202211364567049,9
510,84.58433204213402,0.8055993291674822,1.522625973837794,9
511,84.58438810387923,0.807617974998164,1.5250308112188835,9
512,84.5844433547804,0.8096419668682926,1.5274356485999727,9
513,84.58449780656511,0.8116713191505966,1.5298404859810621,9
514,84.58455147079128,0.8137060462565969,1.5322453233621516,9
515,84.58460435884972,0.8157461626367121,1.5346501607432408,9
516,84.58465648196643,0.817791682780362,1.53705499812433,9
517,84.58470785120512,0.8198426212160748,1.5394598355054194,9
518,84.5847584774694,0.8218989925115916,1.5418646728865089,9
519,84.58480837150525,0.8239608112739727,1.5442695102675983,9
520,84.58485754390314,0.8260280921497041,1.5466743476486877,9
521,84.58490600510046,0.828100849824803,1.5490791850297767,9
522,84.58495376538359,0.8301790990249265,1.5514840224108661,9
523,84.58500083489012,0.8322628545154761,1.5538888597919556,9
524,84.58504722361106,0.834352131101708,1.5562936971730448,9
525,84.58509294139287,0.8364469436288383,1.5586985345541342,9
526,84.58513799793963,0.838547306982152,1.5611033719352234,9
527,84.58518240281505,0.8406532360871114,1.5635082093163128,9
528,84.58522616544451,0.8427647459094645,1.565913046697402,9
529,84.5852692951171,0.844881851455354,1.5683178840784915,9
530,84.58531180098753,0.847004567771426,1.570722721459581,9
531,84.58535369207809,0.8491329099449392,1.5731275588406701,9
532,84.5853949772806,0.8512668931038762,1.5755323962217593,9
533,84.58543566535829,0.8534065324170511,1.5779372336028488,9
534,84.58547576494759,0.8555518430942224,1.5803420709839382,9
535,84.58551528456006,0.8577028403862013,1.5827469083650276,9
536,84.58555423258414,0.8598595395849646,1.5851517457461168,9
537,84.58559261728696,0.8620219560237642,1.587556583127206,9
538,84.58563044681607,0.8641901050772398,1.5899614205082955,9
539,84.58566772920116,0.8663640021615304,1.592366257889385,9
540,84.5857044723558,0.868543662734386,1.5947710952704741,9
541,84.5857406840791,0.8707291022952809,1.5971759326515635,9
542,84.58577637205738,0.8729203363855256,1.5995807700326528,9
543,84.58581154386579,0.8751173805883796,1.6019856074137422,9
544,84.58584620696986,0.8773202505291666,1.6043904447948314,9
545,84.58588036872725,0.8795289618753854,1.6067952821759208,9
546,84.5859140363891,0.8817435303368266,1.6092001195570103,9
547,84.58594721710173,0.8839639716656843,1.6116049569380997,9
548,84.58597991790809,0.8861903016566727,1.6140097943191887,9
549,84.58601214574925,0.8884225361471398,1.616414631700278,9
550,84.58604390746592,0.8906606910171831,1.6188194690813675,9
551,84.58607520979983,0.8929047821897658,1.621224306462457,9
552,84.58610605939523,0.8951548256308296,1.6236291438435462,9
553,84.58613646280027,0.8974108373494155,1.6260339812246354,9
554,84.58616642646838,0.8996728333977764,1.6284388186057248,9
555,84.58619595675964,0.9019408298714949,1.6308436559868142,9
556,84.58622505994218,0.9042148429096019,1.6332484933679035,9
557,84.58625374219343,0.9064948886946915,1.6356533307489929,9
558,84.58628200960152,0.9087809834530413,1.638058168130082,9
559,84.58630986816645,0.9110731434547278,1.6404630055111715,9
560,84.58633732380154,0.9133713850137463,1.6428678428922607,9
561,84.5863643823345,0.9156757244881302,1.6452726802733502,9
562,84.58639104950878,0.9179861782800677,1.6476775176544396,9
563,84.58641733098476,0.9203027628360239,1.650082355035529,9
564,84.58644323234097,0.9226254946468575,1.652487192416618,9
565,84.58646875907523,0.9249543902479436,1.6548920297977074,9
566,84.58649391660585,0.927289466219292,1.6572968671787969,9
567,84.58651871027277,0.9296307391856677,1.6597017045598863,9
568,84.5865431453387,0.9319782258167141,1.6621065419409755,9
569,84.58656722699024,0.9343319428270711,1.6645113793220647,9
570,84.58659096033897,0.9366919069764997,1.6669162167031542,9
571,84.58661435042252,0.9390581350700014,1.6693210540842436,9
572,84.58663740220568,0.9414306439579414,1.6717258914653328,9
573,84.58666012058146,0.9438094505361725,1.6741307288464222,9
574,84.58668251037201,0.9461945717461552,1.6765355662275114,9
575,84.58670457632985,0.9485860245750839,1.6789404036086006,9
576,84.58672632313866,0.9509838260560082,1.68134524098969,9
577,84.58674775541446,0.9533879932679575,1.6837500783707795,9
578,84.58676887770645,0.9557985433360664,1.686154915751869,9
579,84.58678969449805,0.9582154934316969,1.6885597531329584,9
580,84.58681021020786,0.9606388607725659,1.6909645905140473,9
581,84.58683042919051,0.9630686626228682,1.6933694278951368,9
582,84.58685035573772,0.9655049162934037,1.6957742652762262,9
583,84.58686999407911,0.9679476391417026,1.6981791026573156,9
584,84.58688934838308,0.9703968485721511,1.7005839400384049,9
585,84.58690842275782,0.97285256203612,1.702988777419494,9
586,84.58692722125204,0.9753147970320887,1.7053936148005835,9
587,84.58694574785592,0.9777835711057752,1.7077984521816727,9
588,84.58696400650192,0.9802589018502622,1.7102032895627621,9
589,84.58698200106562,0.9827408069061254,1.7126081269438516,9
590,84.58699973536656,0.9852293039615622,1.715012964324941,9
591,84.58701721316902,0.9877244107525196,1.71741780170603,9
592,84.58703443818284,0.9902261450628242,1.7198226390871194,9
593,84.58705141406422,0.9927345247243108,1.7222274764682088,9
594,84.58706814441645,0.9952495676169523,1.7246323138492983,9
595,84.58708463279073,0.9977712916689898,1.7270371512303877,9
596,84.58710088268688,1.000299714857063,1.7294419886114767,9
597,84.58711689755411,1.0028348552063415,1.7318468259925661,9
598,84.58713268079174,1.0053767307906543,1.7342516633736555,9
599,84.58714823574992,1.007925359732624,1.7366565007547448,9
600,84.58716356573035,1.0104807602037957,1.7390613381358342,9
601,84.58717867398698,1.0130429504247709,1.7414661755169234,9
602,84.58719356372669,1.0156119486653397,1.7438710128980128,9
603,84.58720823810998,1.0181877732446138,1.746275850279102,9
604,84.58722270025163,1.0207704425311592,1.7486806876601915,9
605,84.5872369532214,1.023359974943131,1.751085525041281,9
606,84.5872510000446,1.025956388948406,1.7534903624223703,9
607,84.58726484370284,1.0285597030647178,1.7558951998034593,9
608,84.58727848713457,1.031169935859791,1.7583000371845487,9
609,84.58729193323573,1.0337871059514778,1.7607048745656382,9
610,84.58730518486041,1.0364112320078906,1.7631097119467276,9
611,84.5873182448214,1.0390423327475413,1.7655145493278168,9
612,84.58733111589082,1.0416804269394744,1.767919386708906,9
613,84.58734380080067,1.0443255334034047,1.7703242240899955,9
614,84.58735630224346,1.0469776710098555,1.7727290614710849,9
615,84.58736862287276,1.0496368586802933,1.775133898852174,9
616,84.58738076530372,1.0523031153872682,1.7775387362332635,9
617,84.58739273211373,1.0549764601545493,1.779943573614353,9
618,84.58740452584284,1.0576569120572645,1.7823484109954422,9
619,84.58741614899441,1.06034449022204,1.7847532483765314,9
620,84.58742760403557,1.0630392138271378,1.7871580857576208,9
621,84.58743889339776,1.0657411021025962,1.7895629231387102,9
622,84.58745001947726,1.0684501743303694,1.7919677605197997,9
623,84.58746098463571,1.0711664498444677,1.7943725979008887,9
624,84.58747179120057,1.0738899480310986,1.796777435281978,9
625,84.58748244146565,1.076620688328807,1.7991822726630675,9
626,84.58749293769156,1.0793586902286176,1.801587110044157,9
627,84.58750328210625,1.0821039732741762,1.8039919474252462,9
628,84.58751347690543,1.084856557061892,1.8063967848063354,9
629,84.58752352425304,1.0876164612410792,1.8088016221874248,9
630,84.58753342628174,1.0903837055141017,1.8112064595685142,9
631,84.58754318509332,1.0931583096365154,1.8136112969496034,9
632,84.5875528027592,1.0959402934172118,1.8160161343306929,9
633,84.58756228132084,1.0987296767185626,1.8184209717117823,9
634,84.58757162279015,1.101526479456564,1.8208258090928715,9
635,84.58758082914994,1.1043307216009812,1.8232306464739607,9
636,84.58758990235438,1.1071424231754947,1.8256354838550501,9
637,84.58759884432934,1.1099616042578444,1.8280403212361396,9
638,84.58760765697284,1.1127882849799777,1.830445158617229,9
639,84.58761634215544,1.1156224855281935,1.832849995998318,9
640,84.5876249017207,1.1184642261432922,1.8352548333794074,9
641,84.58763333748544,1.1213135271207193,1.8376596707604969,9
642,84.58764165124026,1.124170408810716,1.8400645081415863,9
643,84.58764984474983,1.127034891618466,1.8424693455226755,9
644,84.5876579197533,1.1299069960042438,1.844874182903765,9
645,84.58766587796468,1.132786742483565,1.8472790202848541,9
646,84.58767372107319,1.1356741516273323,1.8496838576659436,9
647,84.58768145074359,1.1385692440619894,1.8520886950470328,9
648,84.5876890686166,1.141472040469668,1.8544935324281222,9
649,84.58769657630917,1.144382561588339,1.8568983698092116,9
650,84.58770397541491,1.147300828211964,1.8593032071903008,9
651,84.58771126750435,1.1502268611906463,1.86170804457139,9
652,84.5877184541253,1.1531606814307822,1.8641128819524795,9
653,84.58772553680319,1.1561023098952137,1.866517719333569,9
654,84.58773251704142,1.15905176760338,1.8689225567146583,9
655,84.58773939632158,1.1620090756314718,1.8713273940957473,9
656,84.58774617610389,1.1649742551125841,1.8737322314768368,9
657,84.58775285782744,1.1679473272368686,1.8761370688579262,9
658,84.58775944291045,1.1709283132516908,1.8785419062390156,9
659,84.58776593275073,1.173917234461781,1.8809467436201048,9
660,84.58777232872578,1.1769141122293931,1.8833515810011943,9
661,84.58777863219319,1.1799189679744566,1.8857564183822835,9
662,84.58778484449098,1.1829318231747348,1.888161255763373,9
663,84.58779096693776,1.1859526993659792,1.8905660931444621,9
664,84.58779700083308,1.188981618142089,1.8929709305255515,9
665,84.58780294745769,1.192018601155264,1.895375767906641,9
666,84.58780880807382,1.1950636701161663,1.89778060528773,9
667,84.58781458392546,1.198116846794076,1.9001854426688194,9
668,84.58782027623857,1.2011781530170496,1.9025902800499088,9
669,84.58782588622144,1.20424761067208,1.9049951174309983,9
670,84.58783141506481,1.2073252417052551,1.9073999548120877,9
671,84.58783686394226,1.2104110681219158,1.9098047921931767,9
672,84.58784223401034,1.2135051119868203,1.912209629574266,9
673,84.58784752640894,1.2166073954242997,1.9146144669553555,9
674,84.58785274226139,1.2197179406184226,1.917019304336445,9
675,84.58785788267483,1.2228367698131548,1.9194241417175342,9
676,84.58786294874037,1.2259639053125215,1.9218289790986236,9
677,84.5878679415333,1.22909936948077,1.9242338164797128,9
678,84.58787286211343,1.232243184742532,1.926638653860802,9
679,84.58787771152518,1.2353953735829861,1.9290434912418915,9
680,84.58788249079791,1.2385559585480233,1.9314483286229809,9
681,84.58788720094604,1.241724962244409,1.9338531660040703,9
682,84.58789184296938,1.2449024073399488,1.9362580033851593,9
683,84.58789641785323,1.2480883165636523,1.9386628407662487,9
684,84.58790092656864,1.2512827127059003,1.9410676781473382,9
685,84.58790537007266,1.2544856186186077,1.9434725155284276,9
686,84.58790974930845,1.257697057215394,1.945877352909517,9
687,84.58791406520555,1.2609170514717458,1.9482821902906062,9
688,84.58791831868007,1.2641456244251859,1.9506870276716954,9
689,84.58792251063484,1.2673827991754412,1.9530918650527849,9
690,84.58792664195964,1.2706285988846093,1.955496702433874,9
691,84.58793071353139,1.2738830467773306,1.9579015398149635,9
692,84.58793472621434,1.2771461661409518,1.960306377196053,9
693,84.58793868086019,1.2804179803257,1.9627112145771421,9
694,84.58794257830839,1.2836985127448506,1.9651160519582314,9
695,84.58794641938618,1.286987786874897,1.9675208893393208,9
696,84.5879502049089,1.2902858262557244,1.9699257267204102,9
697,84.58795393568005,1.2935926544907765,1.9723305641014997,9
698,84.58795761249152,1.296908295247232,1.9747354014825886,9
699,84.58796123612375,1.3002327722561737,1.977140238863678,9
700,84.5879648073459,1.3035661093127613,1.9795450762447675,9
701,84.587968326916,1.306908330276407,1.981949913625857,9
702,84.58797179558111,1.3102594590709455,1.9843547510069461,9
703,84.5879752140775,1.3136195196848122,1.9867595883880356,9
704,84.58797858313078,1.3169885361712133,1.9891644257691248,9
705,84.58798190345604,1.3203665326483045,1.9915692631502142,9
706,84.58798517575808,1.323753533299365,1.9939741005313034,9
707,84.58798840073146,1.3271495623729728,1.9963789379123928,9
708,84.58799157906074,1.3305546441831821,1.9987837752934823,9
709,84.58799471142054,1.3339688031097001,2.0011886126745715,9
710,84.58799779847573,1.3373920635980645,2.0035934500556607,9
711,84.58800084088156,1.340824450159821,2.0059982874367503,9
712,84.58800383928384,1.3442659873727016,2.0084031248178396,9
713,84.588006794319,1.347716699880804,2.0108079621989288,9
714,84.58800970661426,1.3511766123947697,2.0132127995800184,9
715,84.5880125767878,1.3546457496919664,2.0156176369611076,9
716,84.58801540544886,1.3581241366166648,2.018022474342197,9
717,84.58801819319781,1.3616117980802218,2.020427311723286,9
718,84.58802094062642,1.3651087590612618,2.0228321491043757,9
719,84.58802364831783,1.368615044605856,2.025236986485465,9
720,84.5880263168468,1.372130679827709,2.027641823866554,9
721,84.58802894677972,1.3756556899083368,2.0300466612476433,9
722,84.58803153867484,1.379190100097253,2.032451498628733,9
723,84.58803409308233,1.382733935712152,2.034856336009822,9
724,84.58803661054438,1.3862872221390923,2.0372611733909114,9
725,84.58803909159533,1.3898499848326822,2.0396660107720006,9
726,84.58804153676182,1.393422249316265,2.0420708481530903,9
727,84.58804394656288,1.3970040411821043,2.0444756855341795,9
728,84.58804632150998,1.4005953860915699,2.0468805229152687,9
729,84.58804866210724,1.4041963097753256,2.0492853602963583,9
730,84.5880509688515,1.4078068380335154,2.0516901976774475,9
731,84.58805324223236,1.411426996735952,2.0540950350585367,9
732,84.58805548273239,1.4150568118223048,2.056499872439626,9
733,84.58805769082713,1.4186963093022882,2.0589047098207156,9
734,84.5880598669853,1.4223455152558513,2.061309547201805,9
735,84.5880620116688,1.4260044558333678,2.0637143845828945,9
736,84.58806412533286,1.4296731572558259,2.0661192219639832,9
737,84.58806620842613,1.43335164581502,2.068524059345073,9
738,84.58806826139076,1.43703994787374,2.070928896726162,9
739,84.58807028466252,1.440738089865966,2.0733337341072517,9
740,84.58807227867088,1.4444460982970586,2.075738571488341,9
741,84.58807424383907,1.4481639997439515,2.07814340886943,9
742,84.58807618058424,1.4518918208553466,2.0805482462505194,9
743,84.58807808931745,1.4556295883519073,2.082953083631609,9
744,84.58807997044387,1.4593773290264518,2.0853579210126982,9
745,84.5880818243628,1.463135069744149,2.0877627583937874,9
746,84.58808365146773,1.4669028374427153,2.090167595774877,9
747,84.58808545214649,1.4706806591326071,2.0925724331559663,9
748,84.5880872267813,1.4744685618972215,2.0949772705370555,9
749,84.58808897574883,1.4782665728930904,2.0973821079181447,9
750,84.58809069942032,1.48207471935008,2.0997869452992344,9
751,84.58809239816165,1.4858930285715866,2.1021917826803236,9
752,84.58809407233339,1.4897215279347378,2.104596620061413,9
753,84.58809572229089,1.4935602448905914,2.107001457442502,9
754,84.58809734838438,1.4974092069643323,2.1094062948235917,9
755,84.58809895095901,1.5012684417554774,2.111811132204681,9
756,84.58810053035495,1.5051379769380722,2.11421596958577,9
757,84.58810208690743,1.5090178402608958,2.1166208069668597,9
758,84.58810362094685,1.5129080595476587,2.119025644347949,9
759,84.58810513279884,1.5168086626972095,2.121430481729038,9
760,84.5881066227843,1.520719677683736,2.1238353191101274,9
761,84.58810809121947,1.524641132556967,2.126240156491217,9
762,84.58810953841606,1.5285730554423804,2.128644993872306,9
763,84.58811096468126,1.5325154745414056,2.1310498312533954,9
764,84.5881123703178,1.5364684181316262,2.1334546686344846,9
765,84.58811375562404,1.5404319145669916,2.1358595060155743,9
766,84.58811512089402,1.5444059922780184,2.1382643433966635,9
767,84.58811646641755,1.5483906797720008,2.140669180777753,9
768,84.58811779248022,1.5523860056332133,2.1430740181588424,9
769,84.5881190993635,1.5563919985231243,2.1454788555399316,9
770,84.58812038734477,1.5604086871806022,2.1478836929210208,9
771,84.58812165669747,1.5644361004221226,2.1502885303021104,9
772,84.58812290769097,1.5684742671419807,2.1526933676831996,9
773,84.58812414059086,1.5725232163125016,2.155098205064289,9
774,84.5881253556588,1.5765829769842505,2.157503042445378,9
775,84.58812655315273,1.5806535782862419,2.1599078798264673,9
776,84.5881277333268,1.5847350494261545,2.162312717207557,9
777,84.58812889643153,1.5888274196905448,2.164717554588646,9
778,84.5881300427138,1.592930718445055,2.1671223919697358,9
779,84.58813117241692,1.5970449751346318,2.1695272293508245,9
780,84.58813228578067,1.6011702192837398,2.171932066731914,9
781,84.5881333830414,1.6053064804965729,2.1743369041130034,9
782,84.58813446443199,1.6094537884572748,2.176741741494093,9
783,84.58813553018199,1.6136121729301505,2.1791465788751823,9
784,84.5881365805176,1.6177816637598876,2.1815514162562715,9
785,84.58813761566176,1.621962290871767,2.1839562536373607,9
786,84.58813863583423,1.6261540842718878,2.1863610910184503,9
787,84.58813964125152,1.6303570740473816,2.1887659283995395,9
788,84.58814063212705,1.6345712903666305,2.1911707657806287,9
789,84.58814160867114,1.6387967634794902,2.1935756031617184,9
790,84.58814257109105,1.643033523717508,2.1959804405428076,9
791,84.58814351959111,1.647281601494145,2.198385277923897,9
792,84.58814445437262,1.6515410273049926,2.200790115304986,9
793,84.588145375634,1.6558118317280024,2.2031949526860757,9
794,84.5881462835708,1.6600940454237025,2.205599790067165,9
795,84.58814717837573,1.6643876991354223,2.208004627448254,9
796,84.58814806023874,1.6686928236895175,2.2104094648293433,9
797,84.58814892934699,1.6730094499955934,2.212814302210433,9
798,84.58814978588498,1.6773376090467298,2.215219139591522,9
799,84.5881506300345,1.6816773319197065,2.2176239769726114,9
800,84.58815146197475,1.68602864977523,2.220028814353701,9
