unit,cycle,day,fault_mode,severity_level,avg_detectivity,NETD_mK,SiTF,signal_gain,read_noise_index,label
IRCLT-0581,1,0,coupled_severe_fault,severe,21845793366.1772,16.826571719652232,1.0090345663219082,1.0090345663219082,1.0032752313666349,coupled_severe_fault
IRCLT-0581,2,3,coupled_severe_fault,severe,21915718664.29616,16.552758783674268,1.0431395450344545,1.0431395450344545,0.9837358299831898,coupled_severe_fault
IRCLT-0581,3,8,coupled_severe_fault,severe,20221741253.277832,16.697789284279768,1.002984200908564,1.002984200908564,1.0194816450142905,coupled_severe_fault
IRCLT-0581,4,13,coupled_severe_fault,severe,22531289671.3291,16.09357964551386,1.006877871404241,1.006877871404241,1.0102997894961017,coupled_severe_fault
IRCLT-0581,5,16,coupled_severe_fault,severe,21806374815.258358,16.518728184170683,0.9955161838007706,0.9955161838007706,1.02408267051403,coupled_severe_fault
IRCLT-0581,6,21,coupled_severe_fault,severe,22690420774.5671,17.864193510559204,0.9728949176437728,0.9728949176437728,1.0390170968048695,coupled_severe_fault
IRCLT-0581,7,24,coupled_severe_fault,severe,20238370746.97353,17.50152522810791,0.95341351446486,0.95341351446486,1.0552950236949827,coupled_severe_fault
IRCLT-0581,8,29,coupled_severe_fault,severe,21180105188.71484,17.0495458049602,0.9535933013432192,0.9535933013432192,1.0538141804850163,coupled_severe_fault
IRCLT-0581,9,31,coupled_severe_fault,severe,21389513624.43846,18.15811006023851,0.9772237850576151,0.9772237850576151,1.0521240156476237,coupled_severe_fault
IRCLT-0581,10,36,coupled_severe_fault,severe,20778186166.263325,18.1253708842272,0.964050118599838,0.964050118599838,1.0702373313630742,coupled_severe_fault
IRCLT-0581,11,39,coupled_severe_fault,severe,19968562123.285248,18.061431976768773,0.9804384621902998,0.9804384621902998,1.060526005447059,coupled_severe_fault
IRCLT-0581,12,40,coupled_severe_fault,severe,20036022007.79169,18.75884049994161,0.959961097302686,0.959961097302686,1.0943008746555642,coupled_severe_fault
IRCLT-0581,13,42,coupled_severe_fault,severe,19482223639.35516,18.154695604682978,0.9608508492609298,0.9608508492609298,1.0595987931667703,coupled_severe_fault
IRCLT-0581,14,43,coupled_severe_fault,severe,22492882149.600067,18.47512475977043,0.9383540564019412,0.9383540564019412,1.0991823399602072,coupled_severe_fault
IRCLT-0581,15,47,coupled_severe_fault,severe,19987831671.516262,18.521618473207106,0.9315196708399484,0.9315196708399484,1.091746868500481,coupled_severe_fault
IRCLT-0581,16,51,coupled_severe_fault,severe,20309308055.297832,18.65283509945832,0.9340745861276988,0.9340745861276988,1.10473962094045,coupled_severe_fault
IRCLT-0581,17,55,coupled_severe_fault,severe,22038260243.226967,18.869509382996988,0.9140570246010864,0.9140570246010864,1.098888757426184,coupled_severe_fault
IRCLT-0581,18,57,coupled_severe_fault,severe,19354897089.3652,19.97326488814921,0.9280899303625032,0.9280899303625032,1.1259464075921464,coupled_severe_fault
IRCLT-0581,19,58,coupled_severe_fault,severe,18404672049.58027,19.15020959692373,0.902580177642352,0.902580177642352,1.139477671332682,coupled_severe_fault
IRCLT-0581,20,62,coupled_severe_fault,severe,20566153837.63251,19.350421657748896,0.9216992513384048,0.9216992513384048,1.1203086186290891,coupled_severe_fault
IRCLT-0581,21,64,coupled_severe_fault,severe,19026452931.06632,19.981841416746512,0.9061538162561829,0.9061538162561829,1.1418328153543862,coupled_severe_fault
IRCLT-0581,22,66,coupled_severe_fault,severe,20805924441.77586,18.99547918608423,0.942385475279621,0.942385475279621,1.0975128503750302,coupled_severe_fault
IRCLT-0581,23,70,coupled_severe_fault,severe,18991017324.346584,19.773075212625763,0.8710995964056956,0.8710995964056956,1.1537466217575003,coupled_severe_fault
IRCLT-0581,24,72,coupled_severe_fault,severe,20239736915.36716,19.402683077717302,0.8827260805876991,0.8827260805876991,1.1484236479133132,coupled_severe_fault
IRCLT-0581,25,77,coupled_severe_fault,severe,19660007460.068897,19.22217993342208,0.8756620046128766,0.8756620046128766,1.1397849077767113,coupled_severe_fault
IRCLT-0581,26,78,coupled_severe_fault,severe,21029696201.47392,19.17579286177184,0.904926849215928,0.904926849215928,1.1351913973713783,coupled_severe_fault
IRCLT-0581,27,83,coupled_severe_fault,severe,19581766835.999317,20.31258614145052,0.8951788419940444,0.8951788419940444,1.1504835734877572,coupled_severe_fault
IRCLT-0581,28,87,coupled_severe_fault,severe,20096349379.27432,19.595851621520612,0.8456540051620673,0.8456540051620673,1.1775102519698857,coupled_severe_fault
IRCLT-0581,29,92,coupled_severe_fault,severe,18547932968.673462,19.794206835107538,0.8615223720877019,0.8615223720877019,1.18301213059824,coupled_severe_fault
IRCLT-0581,30,95,coupled_severe_fault,severe,20722153354.927532,19.845966688967025,0.8638657856316414,0.8638657856316414,1.1884572842751793,coupled_severe_fault
IRCLT-0581,31,98,coupled_severe_fault,severe,19293015583.10927,20.410080159600927,0.8530058100147485,0.8530058100147485,1.190493707405304,coupled_severe_fault
IRCLT-0581,32,102,coupled_severe_fault,severe,19858004146.479286,21.10247131157691,0.8540206076658716,0.8540206076658716,1.2002378231763315,coupled_severe_fault
IRCLT-0581,33,103,coupled_severe_fault,severe,18251351857.922268,20.266025317909783,0.8384819396575856,0.8384819396575856,1.2173110647715837,coupled_severe_fault
IRCLT-0581,34,108,coupled_severe_fault,severe,19041831757.82174,20.822899166271306,0.8502749685291604,0.8502749685291604,1.1865208083988894,coupled_severe_fault
IRCLT-0581,35,113,coupled_severe_fault,severe,19207514273.730152,21.40992835798053,0.8527073201623165,0.8527073201623165,1.2079319210117792,coupled_severe_fault
IRCLT-0581,36,115,coupled_severe_fault,severe,18836980421.121216,20.59529727467985,0.861645048250234,0.861645048250234,1.1918710818558125,coupled_severe_fault
IRCLT-0581,37,119,coupled_severe_fault,severe,16949057594.731537,21.996208584614354,0.8094395520671565,0.8094395520671565,1.2614023317360157,coupled_severe_fault
IRCLT-0581,38,123,coupled_severe_fault,severe,19156842989.66221,21.259079952386305,0.8307645046932358,0.8307645046932358,1.2311512235399005,coupled_severe_fault
IRCLT-0581,39,125,coupled_severe_fault,severe,16695292782.436062,22.280523354343764,0.8039648750593261,0.8039648750593261,1.2662541494569202,coupled_severe_fault
IRCLT-0581,40,126,coupled_severe_fault,severe,18064646654.570305,22.91719490282638,0.8027494942142537,0.8027494942142537,1.278865948978236,coupled_severe_fault
IRCLT-0581,41,129,coupled_severe_fault,severe,18117800655.000813,21.93962233916736,0.8221051573242516,0.8221051573242516,1.2336240264551392,coupled_severe_fault
IRCLT-0581,42,133,coupled_severe_fault,severe,19807429235.181755,22.136791816724333,0.7924030607098542,0.7924030607098542,1.2431340962935034,coupled_severe_fault
IRCLT-0581,43,136,coupled_severe_fault,severe,20387670711.857067,22.043949761694172,0.7966123923572013,0.7966123923572013,1.2531074399789357,coupled_severe_fault
IRCLT-0581,44,140,coupled_severe_fault,severe,16323426846.53745,22.80020142674816,0.7958109126279587,0.7958109126279587,1.2881353905082784,coupled_severe_fault
IRCLT-0581,45,142,coupled_severe_fault,severe,17895276502.488274,21.615299975166703,0.7902734952829176,0.7902734952829176,1.2737671435034958,coupled_severe_fault
IRCLT-0581,46,143,coupled_severe_fault,severe,17354014086.07658,22.616571167113317,0.7634832076691912,0.7634832076691912,1.3076531237187878,coupled_severe_fault
IRCLT-0581,47,148,coupled_severe_fault,severe,18446584547.705532,22.752271372664666,0.7974604244713135,0.7974604244713135,1.2811768104524155,coupled_severe_fault
IRCLT-0581,48,153,coupled_severe_fault,severe,16998357518.507685,23.366603026421924,0.7531122085465539,0.7531122085465539,1.3194073650024574,coupled_severe_fault
IRCLT-0581,49,157,coupled_severe_fault,severe,18423359938.79097,22.872545312259213,0.7945892315546605,0.7945892315546605,1.2929918615201654,coupled_severe_fault
IRCLT-0581,50,161,coupled_severe_fault,severe,16587250865.267632,23.186789849883905,0.7762100976910966,0.7762100976910966,1.3160273060772052,coupled_severe_fault
IRCLT-0581,51,162,coupled_severe_fault,severe,17064541935.154991,23.685257311576056,0.7525419952512609,0.7525419952512609,1.343157806181348,coupled_severe_fault
IRCLT-0581,52,166,coupled_severe_fault,severe,15713818850.141047,23.530631535530446,0.7611138016148461,0.7611138016148461,1.3454293605253775,coupled_severe_fault
IRCLT-0581,53,169,coupled_severe_fault,severe,16675078104.802628,23.74853967872307,0.7580839373908121,0.7580839373908121,1.352427032619188,coupled_severe_fault
IRCLT-0581,54,174,coupled_severe_fault,severe,17529585662.783844,22.80316955855513,0.7564847594067229,0.7564847594067229,1.335185435340143,coupled_severe_fault
IRCLT-0581,55,178,coupled_severe_fault,severe,17360841121.29021,23.06603442457209,0.7813731189273051,0.7813731189273051,1.3158822875502756,coupled_severe_fault
IRCLT-0581,56,182,coupled_severe_fault,severe,17126669997.96693,23.576802055432896,0.7726431910679876,0.7726431910679876,1.3306403915234777,coupled_severe_fault
IRCLT-0581,57,184,coupled_severe_fault,severe,16211813850.321173,23.58606381280839,0.7373477377351286,0.7373477377351286,1.3870786330625484,coupled_severe_fault
IRCLT-0581,58,186,coupled_severe_fault,severe,14580227291.284834,24.575188116721684,0.7263377751574829,0.7263377751574829,1.4022027773922219,coupled_severe_fault
IRCLT-0581,59,188,coupled_severe_fault,severe,17842836211.213787,24.855420848431248,0.7428067168921171,0.7428067168921171,1.3694909373128314,coupled_severe_fault
IRCLT-0581,60,190,coupled_severe_fault,severe,15488226041.13452,24.699364626853825,0.7309159774406943,0.7309159774406943,1.3939135614734324,coupled_severe_fault
IRCLT-0581,61,191,coupled_severe_fault,severe,15794270771.801287,24.955587933741388,0.7233438488971851,0.7233438488971851,1.412119477266243,coupled_severe_fault
IRCLT-0581,62,193,coupled_severe_fault,severe,15006018618.288734,24.510978996645328,0.7325652900177747,0.7325652900177747,1.389220419757269,coupled_severe_fault
IRCLT-0581,63,198,coupled_severe_fault,severe,15023699972.680069,24.99414573056212,0.7055678353589864,0.7055678353589864,1.4341001557225268,coupled_severe_fault
IRCLT-0581,64,200,coupled_severe_fault,severe,17177498324.225191,24.130395474456094,0.7370944689237438,0.7370944689237438,1.3737676310749434,coupled_severe_fault
IRCLT-0581,65,201,coupled_severe_fault,severe,16056633358.243984,24.694043076194955,0.7111636877044125,0.7111636877044125,1.4204202500548355,coupled_severe_fault
IRCLT-0581,66,204,coupled_severe_fault,severe,16373733055.382175,25.44168871493648,0.7319022690642629,0.7319022690642629,1.4192756804908382,coupled_severe_fault
IRCLT-0581,67,209,coupled_severe_fault,severe,14988283297.406513,26.51832771291391,0.7101130443029634,0.7101130443029634,1.4662551967314597,coupled_severe_fault
IRCLT-0581,68,212,coupled_severe_fault,severe,16420288966.132694,26.249519267785374,0.681461339027985,0.681461339027985,1.481385970103991,coupled_severe_fault
IRCLT-0581,69,216,coupled_severe_fault,severe,16276040468.701756,25.918062904514407,0.7096450164384162,0.7096450164384162,1.4400648455594331,coupled_severe_fault
IRCLT-0581,70,220,coupled_severe_fault,severe,15429258732.83449,26.067000159031267,0.7182335020813805,0.7182335020813805,1.4108328351637216,coupled_severe_fault
IRCLT-0581,71,223,coupled_severe_fault,severe,16750510601.200752,26.40726380177741,0.6948245671265563,0.6948245671265563,1.4785895538518332,coupled_severe_fault
IRCLT-0581,72,227,coupled_severe_fault,severe,15131231365.1403,26.853876013340344,0.6984916507408765,0.6984916507408765,1.4482215639799731,coupled_severe_fault
IRCLT-0581,73,231,coupled_severe_fault,severe,14664780229.129612,27.60113707906936,0.6707300344789122,0.6707300344789122,1.515261618853061,coupled_severe_fault
IRCLT-0581,74,236,coupled_severe_fault,severe,16005682435.247292,27.035082836164808,0.6831444809893515,0.6831444809893515,1.5077629886132728,coupled_severe_fault
IRCLT-0581,75,237,coupled_severe_fault,severe,14779255756.094904,26.00349329560356,0.6800806380981725,0.6800806380981725,1.4987959752033673,coupled_severe_fault
IRCLT-0581,76,239,coupled_severe_fault,severe,16780665964.074009,26.613665788527,0.6979005906460102,0.6979005906460102,1.4679681077116575,coupled_severe_fault
IRCLT-0581,77,240,coupled_severe_fault,severe,15135890563.735262,26.22838898040306,0.6890443062250544,0.6890443062250544,1.4812492870234304,coupled_severe_fault
IRCLT-0581,78,241,coupled_severe_fault,severe,14870846402.397396,27.109432107500268,0.6479447451109697,0.6479447451109697,1.5294043536680857,coupled_severe_fault
IRCLT-0581,79,244,coupled_severe_fault,severe,16171868452.761929,26.868760841023263,0.6594119003419201,0.6594119003419201,1.5245681481841258,coupled_severe_fault
IRCLT-0581,80,249,coupled_severe_fault,severe,14454958402.238522,27.909986114807968,0.656020461664682,0.656020461664682,1.536538974885751,coupled_severe_fault
IRCLT-0581,81,252,coupled_severe_fault,severe,14795114069.330915,27.305122560227822,0.6525500505720231,0.6525500505720231,1.5495293074438616,coupled_severe_fault
IRCLT-0581,82,253,coupled_severe_fault,severe,14379054073.110703,26.713968447937397,0.6771109777354939,0.6771109777354939,1.5027856847601837,coupled_severe_fault
IRCLT-0581,83,256,coupled_severe_fault,severe,14215679952.03525,27.9236467610072,0.6659431061924639,0.6659431061924639,1.5381700609427775,coupled_severe_fault
IRCLT-0581,84,258,coupled_severe_fault,severe,14531778179.253178,27.039816130244432,0.6555054335292974,0.6555054335292974,1.5270851226275124,coupled_severe_fault
IRCLT-0581,85,262,coupled_severe_fault,severe,14838714480.465137,27.440454778143977,0.6698274466225692,0.6698274466225692,1.5276723922634623,coupled_severe_fault
IRCLT-0581,86,264,coupled_severe_fault,severe,13392077659.723276,27.801944693561254,0.6470338055643104,0.6470338055643104,1.57313061719836,coupled_severe_fault
IRCLT-0581,87,265,coupled_severe_fault,severe,15982693915.3558,27.280367045114666,0.6732732806051984,0.6732732806051984,1.5186818920713978,coupled_severe_fault
IRCLT-0581,88,266,coupled_severe_fault,severe,14297566580.587147,27.811487884800172,0.6443315277976519,0.6443315277976519,1.5689841215502414,coupled_severe_fault
IRCLT-0581,89,267,coupled_severe_fault,severe,14919093334.799587,28.46360921927611,0.6709981179102998,0.6709981179102998,1.5228881544962058,coupled_severe_fault
IRCLT-0581,90,270,coupled_severe_fault,severe,15032668433.343447,27.877949305121003,0.6572268487349834,0.6572268487349834,1.5496962233318408,coupled_severe_fault
IRCLT-0581,91,271,coupled_severe_fault,severe,14042217551.431229,27.435929244256915,0.6558864617761878,0.6558864617761878,1.5638318357206151,coupled_severe_fault
IRCLT-0581,92,274,coupled_severe_fault,severe,13923783211.455198,29.1228315933344,0.6437928253990012,0.6437928253990012,1.6111209145399927,coupled_severe_fault
IRCLT-0581,93,278,coupled_severe_fault,severe,14278029088.23416,29.63808943930105,0.6342937134112342,0.6342937134112342,1.6008349040734433,coupled_severe_fault
IRCLT-0581,94,280,coupled_severe_fault,severe,14249066624.946032,29.76543833199292,0.6267448029321883,0.6267448029321883,1.6148087841926708,coupled_severe_fault
IRCLT-0581,95,283,coupled_severe_fault,severe,14021641508.396624,29.076719329508286,0.6198386777320358,0.6198386777320358,1.6317595969317382,coupled_severe_fault
IRCLT-0581,96,288,coupled_severe_fault,severe,13493909681.12216,29.98526598353969,0.6205297596874517,0.6205297596874517,1.6586508541931655,coupled_severe_fault
IRCLT-0581,97,291,coupled_severe_fault,severe,14755636030.902702,28.39673185554047,0.6310117252190371,0.6310117252190371,1.581443357063004,coupled_severe_fault
IRCLT-0581,98,294,coupled_severe_fault,severe,13317500782.950514,29.315834084493904,0.6205649431784754,0.6205649431784754,1.6359380300655717,coupled_severe_fault
IRCLT-0581,99,299,coupled_severe_fault,severe,13835514550.697641,30.09252676460953,0.6004929220029729,0.6004929220029729,1.686995563885279,coupled_severe_fault
IRCLT-0581,100,303,coupled_severe_fault,severe,13626175203.316618,29.867209113259243,0.6139527335984603,0.6139527335984603,1.6753456395015631,coupled_severe_fault
IRCLT-0581,101,306,coupled_severe_fault,severe,11729530657.673271,32.01496486712031,0.6061189938420809,0.6061189938420809,1.712025102577294,coupled_severe_fault
IRCLT-0581,102,308,coupled_severe_fault,severe,13787138156.62812,31.257634834548412,0.5828815501622083,0.5828815501622083,1.7442806842521736,coupled_severe_fault
IRCLT-0581,103,311,coupled_severe_fault,severe,12366863515.4912,31.326757753985834,0.5877128656617927,0.5877128656617927,1.7288599782834286,coupled_severe_fault
IRCLT-0581,104,316,coupled_severe_fault,severe,14532887914.4536,31.15074788810644,0.6095994529820966,0.6095994529820966,1.681153742652066,coupled_severe_fault
IRCLT-0581,105,318,coupled_severe_fault,severe,13683396343.654371,30.306984941431185,0.6067817367760682,0.6067817367760682,1.669165993858912,coupled_severe_fault
IRCLT-0581,106,322,coupled_severe_fault,severe,13060177158.584385,31.39652280306664,0.6073029112610453,0.6073029112610453,1.704151881845988,coupled_severe_fault
IRCLT-0581,107,323,coupled_severe_fault,severe,12691055616.790985,31.502106213381854,0.5934685587145835,0.5934685587145835,1.7269951098347127,coupled_severe_fault
IRCLT-0581,108,325,coupled_severe_fault,severe,12806019813.9386,29.95969392820185,0.5835143645778392,0.5835143645778392,1.722227310458037,coupled_severe_fault
IRCLT-0581,109,328,coupled_severe_fault,severe,14179946985.729456,31.066516865344123,0.5921862234598313,0.5921862234598313,1.692467050245973,coupled_severe_fault
IRCLT-0581,110,333,coupled_severe_fault,severe,12725409568.984022,33.54536101950476,0.5673929662145202,0.5673929662145202,1.8208962336208707,coupled_severe_fault
IRCLT-0581,111,661,coupled_severe_fault,severe,4045865508.76236,65.0,0.1837699556245229,0.1837699556245229,5.0,coupled_severe_fault
IRCLT-0582,1,0,coupled_severe_fault,severe,21655322864.285442,16.40569110889211,0.9656554463612352,0.9656554463612352,0.9989652735343539,coupled_severe_fault
IRCLT-0582,2,2,coupled_severe_fault,severe,22205159146.745243,16.266954649460608,0.9815316367321708,0.9815316367321708,1.0118253175703331,coupled_severe_fault
IRCLT-0582,3,5,coupled_severe_fault,severe,22111077174.70096,16.09983949016162,0.9584202438571741,0.9584202438571741,1.014339203224061,coupled_severe_fault
IRCLT-0582,4,8,coupled_severe_fault,severe,24302740830.26217,16.97830483319985,0.9684988621826782,0.9684988621826782,1.0227557929516884,coupled_severe_fault
IRCLT-0582,5,9,coupled_severe_fault,severe,21480956988.237347,17.021721803287853,0.9274511823723344,0.9274511823723344,1.037908556253298,coupled_severe_fault
IRCLT-0582,6,13,coupled_severe_fault,severe,19637761558.45385,17.149786543323163,0.9561549148857172,0.9561549148857172,1.0498930455990898,coupled_severe_fault
IRCLT-0582,7,16,coupled_severe_fault,severe,23309859327.142715,16.649380057387454,0.9663955032827192,0.9663955032827192,1.0130380420815233,coupled_severe_fault
IRCLT-0582,8,17,coupled_severe_fault,severe,19049271752.446625,17.919254082462004,0.9581988499716858,0.9581988499716858,1.0505525705947574,coupled_severe_fault
IRCLT-0582,9,18,coupled_severe_fault,severe,22531007147.200684,17.179300355117707,0.9447368541295706,0.9447368541295706,1.0333825034955315,coupled_severe_fault
IRCLT-0582,10,21,coupled_severe_fault,severe,20704000172.099308,17.415589316790882,0.9333052310084972,0.9333052310084972,1.0508269510577737,coupled_severe_fault
IRCLT-0582,11,24,coupled_severe_fault,severe,20859568944.81518,17.49874127852383,0.928230749738408,0.928230749738408,1.0546274303608614,coupled_severe_fault
IRCLT-0582,12,28,coupled_severe_fault,severe,19937960087.77768,17.456299342379765,0.9128013167166386,0.9128013167166386,1.0629610461257055,coupled_severe_fault
IRCLT-0582,13,32,coupled_severe_fault,severe,21150296307.529045,18.84006401982354,0.9053004964983004,0.9053004964983004,1.079028845914149,coupled_severe_fault
IRCLT-0582,14,34,coupled_severe_fault,severe,20670104206.56581,17.636380681479913,0.892846249292747,0.892846249292747,1.087537494731718,coupled_severe_fault
IRCLT-0582,15,39,coupled_severe_fault,severe,20342585045.005585,18.746839592620645,0.8857797194696259,0.8857797194696259,1.111855829940688,coupled_severe_fault
IRCLT-0582,16,43,coupled_severe_fault,severe,19215460519.583,18.84969779854357,0.9058129676649628,0.9058129676649628,1.1000473755371718,coupled_severe_fault
IRCLT-0582,17,48,coupled_severe_fault,severe,19945085408.81941,19.197062925223747,0.8601519458764638,0.8601519458764638,1.1354894957756771,coupled_severe_fault
IRCLT-0582,18,52,coupled_severe_fault,severe,21638412219.978226,17.948016482464237,0.8843544252579022,0.8843544252579022,1.10348763824062,coupled_severe_fault
IRCLT-0582,19,55,coupled_severe_fault,severe,20424745864.62809,18.730840295354877,0.898213139771384,0.898213139771384,1.1179642135682109,coupled_severe_fault
IRCLT-0582,20,58,coupled_severe_fault,severe,19550516706.498287,18.71074075670712,0.8572197903039601,0.8572197903039601,1.129101031369614,coupled_severe_fault
IRCLT-0582,21,62,coupled_severe_fault,severe,20502020171.265682,19.36354347400452,0.8544558311615803,0.8544558311615803,1.1533362618979062,coupled_severe_fault
IRCLT-0582,22,63,coupled_severe_fault,severe,19522221321.187286,18.75103625925695,0.8498770192804792,0.8498770192804792,1.1347263537178025,coupled_severe_fault
IRCLT-0582,23,64,coupled_severe_fault,severe,18559407363.42516,19.3834004227778,0.8460687597638704,0.8460687597638704,1.1645772568297483,coupled_severe_fault
IRCLT-0582,24,67,coupled_severe_fault,severe,18028448060.547062,19.91292533198236,0.8376231425965802,0.8376231425965802,1.1623153227440224,coupled_severe_fault
IRCLT-0582,25,70,coupled_severe_fault,severe,18693372338.5693,19.514153239823283,0.8456877544636061,0.8456877544636061,1.1581281210845624,coupled_severe_fault
IRCLT-0582,26,73,coupled_severe_fault,severe,19203089283.25973,19.539125540170218,0.8449758336082274,0.8449758336082274,1.1735597370093158,coupled_severe_fault
IRCLT-0582,27,78,coupled_severe_fault,severe,20101335757.90666,19.96458239665029,0.8325161556227542,0.8325161556227542,1.1787838867190932,coupled_severe_fault
IRCLT-0582,28,83,coupled_severe_fault,severe,19167673173.80305,21.046233664809172,0.8094063687107745,0.8094063687107745,1.1918267027770801,coupled_severe_fault
IRCLT-0582,29,85,coupled_severe_fault,severe,18085023794.21574,20.587807032956395,0.8104116632831668,0.8104116632831668,1.219103602123834,coupled_severe_fault
IRCLT-0582,30,87,coupled_severe_fault,severe,19334452313.82652,20.21987566321816,0.8197600702656899,0.8197600702656899,1.2208613065506808,coupled_severe_fault
IRCLT-0582,31,88,coupled_severe_fault,severe,18696109651.88493,20.824692773422974,0.8087622976414252,0.8087622976414252,1.1997298444107924,coupled_severe_fault
IRCLT-0582,32,92,coupled_severe_fault,severe,19544750479.43344,20.0157522137358,0.8093270762165354,0.8093270762165354,1.20142678632924,coupled_severe_fault
IRCLT-0582,33,93,coupled_severe_fault,severe,17785364886.412327,21.11154200799995,0.7989157560810888,0.7989157560810888,1.2174359253795115,coupled_severe_fault
IRCLT-0582,34,97,coupled_severe_fault,severe,18281454787.19299,21.522600431346653,0.7889552956019411,0.7889552956019411,1.2510567059337083,coupled_severe_fault
IRCLT-0582,35,101,coupled_severe_fault,severe,17692230501.023594,21.356338968145376,0.7673831205704834,0.7673831205704834,1.2425302865153482,coupled_severe_fault
IRCLT-0582,36,103,coupled_severe_fault,severe,19951382229.11954,20.61518546571739,0.7980300998590806,0.7980300998590806,1.2346473833775375,coupled_severe_fault
IRCLT-0582,37,107,coupled_severe_fault,severe,17675313036.213432,20.52128367963756,0.7931688466149991,0.7931688466149991,1.2405899511016347,coupled_severe_fault
IRCLT-0582,38,112,coupled_severe_fault,severe,19151125394.84986,20.649503098532964,0.7866591924347286,0.7866591924347286,1.2372474699375922,coupled_severe_fault
IRCLT-0582,39,115,coupled_severe_fault,severe,17731974708.11126,22.039033164061014,0.749554028329857,0.749554028329857,1.3069158974651178,coupled_severe_fault
IRCLT-0582,40,119,coupled_severe_fault,severe,18276203315.55211,21.294627811671948,0.7802717092964639,0.7802717092964639,1.2558300452485014,coupled_severe_fault
IRCLT-0582,41,123,coupled_severe_fault,severe,15599850841.044062,21.85645253418767,0.7510466075428966,0.7510466075428966,1.3202259645067782,coupled_severe_fault
IRCLT-0582,42,127,coupled_severe_fault,severe,18159992899.66949,23.388893959267683,0.7483848628633415,0.7483848628633415,1.3247897381169889,coupled_severe_fault
IRCLT-0582,43,129,coupled_severe_fault,severe,19494229951.25215,21.700178863787297,0.7549308598459671,0.7549308598459671,1.2870020991403734,coupled_severe_fault
IRCLT-0582,44,130,coupled_severe_fault,severe,16110183585.867172,23.617552941597644,0.7346611010809471,0.7346611010809471,1.3487424263407064,coupled_severe_fault
IRCLT-0582,45,134,coupled_severe_fault,severe,16446351503.54497,21.912241433851825,0.7634077009137287,0.7634077009137287,1.3205603810618864,coupled_severe_fault
IRCLT-0582,46,136,coupled_severe_fault,severe,17444866115.25306,23.81029986915193,0.7244621443901975,0.7244621443901975,1.3376881984958038,coupled_severe_fault
IRCLT-0582,47,141,coupled_severe_fault,severe,16850953573.19262,22.803835088194717,0.7588516216925538,0.7588516216925538,1.3183741236244386,coupled_severe_fault
IRCLT-0582,48,143,coupled_severe_fault,severe,17765234544.420555,23.18146443117663,0.7434930379963303,0.7434930379963303,1.3383386920348954,coupled_severe_fault
IRCLT-0582,49,146,coupled_severe_fault,severe,16732373377.805296,24.00659303693865,0.7323756762476624,0.7323756762476624,1.3459683365154858,coupled_severe_fault
IRCLT-0582,50,149,coupled_severe_fault,severe,15599116697.519846,23.355028254806854,0.7318751211739609,0.7318751211739609,1.3297644914911009,coupled_severe_fault
IRCLT-0582,51,151,coupled_severe_fault,severe,16968398671.232788,23.761452382184736,0.7292439069816751,0.7292439069816751,1.3639581421770202,coupled_severe_fault
IRCLT-0582,52,152,coupled_severe_fault,severe,16938376888.108543,23.08772414193432,0.7287781177961049,0.7287781177961049,1.3375997805874085,coupled_severe_fault
IRCLT-0582,53,157,coupled_severe_fault,severe,17037671307.54244,24.864179136996302,0.7108402990557624,0.7108402990557624,1.3712236041012946,coupled_severe_fault
IRCLT-0582,54,160,coupled_severe_fault,severe,15775121145.22626,24.320624289256312,0.7171198771575721,0.7171198771575721,1.381776268190249,coupled_severe_fault
IRCLT-0582,55,162,coupled_severe_fault,severe,15291044271.191938,24.389408935313355,0.7017694118839621,0.7017694118839621,1.4132696870956651,coupled_severe_fault
IRCLT-0582,56,164,coupled_severe_fault,severe,14997906066.80088,25.57676992164962,0.7095711148414895,0.7095711148414895,1.4051632979569466,coupled_severe_fault
IRCLT-0582,57,168,coupled_severe_fault,severe,15929855504.113869,24.26627083508795,0.6967297841078575,0.6967297841078575,1.4284784854813088,coupled_severe_fault
IRCLT-0582,58,173,coupled_severe_fault,severe,16178131819.5961,24.771879514159746,0.7060800424807856,0.7060800424807856,1.401568601433843,coupled_severe_fault
IRCLT-0582,59,176,coupled_severe_fault,severe,15089217063.53169,24.389073405279497,0.7059804515008191,0.7059804515008191,1.424735761274215,coupled_severe_fault
IRCLT-0582,60,181,coupled_severe_fault,severe,13936343237.73761,26.099062491240016,0.6782804056601679,0.6782804056601679,1.441960273735764,coupled_severe_fault
IRCLT-0582,61,183,coupled_severe_fault,severe,15728833057.40812,24.769363445649862,0.6884762775502454,0.6884762775502454,1.4372368296061362,coupled_severe_fault
IRCLT-0582,62,187,coupled_severe_fault,severe,15323230645.950241,26.076099561725226,0.6549994442239041,0.6549994442239041,1.483695638456633,coupled_severe_fault
IRCLT-0582,63,192,coupled_severe_fault,severe,15483851543.47946,25.504657081939353,0.6838905444298137,0.6838905444298137,1.4598704432238487,coupled_severe_fault
IRCLT-0582,64,193,coupled_severe_fault,severe,14526774109.142109,26.358454947107237,0.6530778277596639,0.6530778277596639,1.520848062218907,coupled_severe_fault
IRCLT-0582,65,197,coupled_severe_fault,severe,15084909578.223072,25.602344103140148,0.6770072643573803,0.6770072643573803,1.4669006405553482,coupled_severe_fault
IRCLT-0582,66,199,coupled_severe_fault,severe,15805478307.609287,25.79131055199602,0.6935864702933117,0.6935864702933117,1.4358383701812998,coupled_severe_fault
IRCLT-0582,67,204,coupled_severe_fault,severe,14335810339.80554,26.518624119081235,0.6349143589690961,0.6349143589690961,1.5047167921477185,coupled_severe_fault
IRCLT-0582,68,205,coupled_severe_fault,severe,14682711543.21967,26.8303649762634,0.6394136186102294,0.6394136186102294,1.5294740637823252,coupled_severe_fault
IRCLT-0582,69,209,coupled_severe_fault,severe,15195170466.26519,26.434566411757498,0.665711749961734,0.665711749961734,1.5030286656129972,coupled_severe_fault
IRCLT-0582,70,213,coupled_severe_fault,severe,14422063524.149475,28.03374479918429,0.6263912136125201,0.6263912136125201,1.5706735255822923,coupled_severe_fault
IRCLT-0582,71,214,coupled_severe_fault,severe,15699032646.403126,25.9974857613316,0.6631291744921552,0.6631291744921552,1.4994596165289558,coupled_severe_fault
IRCLT-0582,72,217,coupled_severe_fault,severe,15916589942.993126,27.47428194212761,0.6329033216078384,0.6329033216078384,1.5503006116496345,coupled_severe_fault
IRCLT-0582,73,219,coupled_severe_fault,severe,14655457916.57424,27.550931238852588,0.6145947717593365,0.6145947717593365,1.5915858318885658,coupled_severe_fault
IRCLT-0582,74,221,coupled_severe_fault,severe,14976465046.566696,27.64891173234604,0.6229775999501266,0.6229775999501266,1.5627449136584899,coupled_severe_fault
IRCLT-0582,75,224,coupled_severe_fault,severe,14833359034.769047,28.056568905368863,0.6126261793807688,0.6126261793807688,1.573046856594896,coupled_severe_fault
IRCLT-0582,76,228,coupled_severe_fault,severe,14138092403.0753,27.926627118300036,0.6366784377604171,0.6366784377604171,1.5525440963885788,coupled_severe_fault
IRCLT-0582,77,230,coupled_severe_fault,severe,13697932382.825285,29.24849552993863,0.603912457957251,0.603912457957251,1.646854364118011,coupled_severe_fault
IRCLT-0582,78,235,coupled_severe_fault,severe,13821284601.144938,29.939100482416617,0.5748327484906371,0.5748327484906371,1.6782795652095457,coupled_severe_fault
IRCLT-0582,79,240,coupled_severe_fault,severe,13613820528.381256,29.0917622098871,0.5930270530474046,0.5930270530474046,1.6042096398466081,coupled_severe_fault
IRCLT-0582,80,241,coupled_severe_fault,severe,14827632236.565775,28.86756538740922,0.5981385128306013,0.5981385128306013,1.6077599443520818,coupled_severe_fault
IRCLT-0582,81,242,coupled_severe_fault,severe,14429998831.529203,29.399798607894624,0.6110179832400725,0.6110179832400725,1.6180302209806463,coupled_severe_fault
IRCLT-0582,82,244,coupled_severe_fault,severe,14376064128.813025,28.729147337851888,0.600673285012183,0.600673285012183,1.6444803221882065,coupled_severe_fault
IRCLT-0582,83,248,coupled_severe_fault,severe,13114004001.000042,30.078660665252773,0.5698960365566403,0.5698960365566403,1.7157186397921769,coupled_severe_fault
IRCLT-0582,84,249,coupled_severe_fault,severe,13096081199.060524,30.10452500099999,0.583757234630195,0.583757234630195,1.6690095193827843,coupled_severe_fault
IRCLT-0582,85,252,coupled_severe_fault,severe,13204472361.14716,30.54031790315514,0.5729359404703132,0.5729359404703132,1.7154168134948442,coupled_severe_fault
IRCLT-0582,86,257,coupled_severe_fault,severe,12782335431.582615,30.39821642466275,0.5860323896293743,0.5860323896293743,1.7116002239725103,coupled_severe_fault
IRCLT-0582,87,262,coupled_severe_fault,severe,12791986786.873005,32.245215223846195,0.56915779451671,0.56915779451671,1.7321959490302758,coupled_severe_fault
IRCLT-0582,88,267,coupled_severe_fault,severe,11516138576.726757,32.80762295406593,0.5334710047525612,0.5334710047525612,1.8134812517861527,coupled_severe_fault
IRCLT-0582,89,268,coupled_severe_fault,severe,13328055213.09847,31.15322770532733,0.5708025261578229,0.5708025261578229,1.7248843755153758,coupled_severe_fault
IRCLT-0582,90,272,coupled_severe_fault,severe,12406429657.744366,31.807820067608503,0.5507583400795575,0.5507583400795575,1.781298588115907,coupled_severe_fault
IRCLT-0582,91,273,coupled_severe_fault,severe,12738947183.392412,31.504806598310807,0.5717709081959342,0.5717709081959342,1.7696478006277607,coupled_severe_fault
IRCLT-0582,92,274,coupled_severe_fault,severe,12588278519.83772,32.29742530562139,0.5554213109789871,0.5554213109789871,1.7813457109848474,coupled_severe_fault
IRCLT-0582,93,277,coupled_severe_fault,severe,13216286952.27638,30.458425129332237,0.5853847583153183,0.5853847583153183,1.6940278370660522,coupled_severe_fault
IRCLT-0582,94,280,coupled_severe_fault,severe,12512414684.505898,33.2101703760471,0.5347659521785022,0.5347659521785022,1.852345422247656,coupled_severe_fault
IRCLT-0582,95,281,coupled_severe_fault,severe,11973413050.974592,32.949017093391404,0.5368098290744227,0.5368098290744227,1.8353746765708407,coupled_severe_fault
IRCLT-0582,96,285,coupled_severe_fault,severe,12285253777.331009,33.056079909754864,0.5268866762900893,0.5268866762900893,1.844661443608013,coupled_severe_fault
IRCLT-0582,97,286,coupled_severe_fault,severe,12047965747.9861,34.585731498063524,0.5184425455222497,0.5184425455222497,1.8874810292389224,coupled_severe_fault
IRCLT-0582,98,288,coupled_severe_fault,severe,12085925848.706863,33.11013016238331,0.5277968593253589,0.5277968593253589,1.8683355712954808,coupled_severe_fault
IRCLT-0582,99,292,coupled_severe_fault,severe,12064066539.980732,35.293314485259096,0.5078243219110095,0.5078243219110095,1.8922097535125264,coupled_severe_fault
IRCLT-0582,100,294,coupled_severe_fault,severe,11775006112.043531,35.9370570648346,0.5187203347405289,0.5187203347405289,1.930796590617055,coupled_severe_fault
IRCLT-0582,101,379,coupled_severe_fault,severe,4200569511.6259437,65.0,0.1768557057747036,0.1768557057747036,5.0,coupled_severe_fault
IRCLT-0583,1,0,coupled_severe_fault,severe,20530467785.840984,13.455723993217775,0.9567880256005772,0.9567880256005772,1.0004191468064738,coupled_severe_fault
IRCLT-0583,2,2,coupled_severe_fault,severe,18913882276.878136,14.355643619690694,0.9391702622974296,0.9391702622974296,1.0253871979021782,coupled_severe_fault
IRCLT-0583,3,7,coupled_severe_fault,severe,17943549969.098103,14.153378125974168,0.9092839699311396,0.9092839699311396,1.0366238613318153,coupled_severe_fault
IRCLT-0583,4,12,coupled_severe_fault,severe,20202511613.154682,13.830468514109548,0.8999859872287959,0.8999859872287959,1.0375706450722442,coupled_severe_fault
IRCLT-0583,5,15,coupled_severe_fault,severe,18954887926.16573,15.119045285347722,0.8829654492850284,0.8829654492850284,1.0697774573994268,coupled_severe_fault
IRCLT-0583,6,20,coupled_severe_fault,severe,15679156101.29898,15.462018636198824,0.8675305469791109,0.8675305469791109,1.1039898051056891,coupled_severe_fault
IRCLT-0583,7,24,coupled_severe_fault,severe,18166138425.174564,16.39092665570768,0.8823019453998734,0.8823019453998734,1.09498437883801,coupled_severe_fault
IRCLT-0583,8,26,coupled_severe_fault,severe,18515844543.290638,16.16710603074126,0.8570033728865678,0.8570033728865678,1.11719575587612,coupled_severe_fault
IRCLT-0583,9,29,coupled_severe_fault,severe,16129016927.483187,15.630512362495544,0.843034419606213,0.843034419606213,1.1154853049415212,coupled_severe_fault
IRCLT-0583,10,31,coupled_severe_fault,severe,16535594082.071474,16.835660480235507,0.8132661616614508,0.8132661616614508,1.1472219558675572,coupled_severe_fault
IRCLT-0583,11,34,coupled_severe_fault,severe,17260793645.528038,15.66661512541434,0.8464324100788421,0.8464324100788421,1.1254052176283833,coupled_severe_fault
IRCLT-0583,12,38,coupled_severe_fault,severe,17467068750.93242,16.668561385199485,0.8240011269468989,0.8240011269468989,1.1527317103045185,coupled_severe_fault
IRCLT-0583,13,41,coupled_severe_fault,severe,15965746617.00933,16.53421771713042,0.8089482986028113,0.8089482986028113,1.170499648984549,coupled_severe_fault
IRCLT-0583,14,43,coupled_severe_fault,severe,16868370453.19358,15.920560611460367,0.7960693442312406,0.7960693442312406,1.1849059843921441,coupled_severe_fault
IRCLT-0583,15,45,coupled_severe_fault,severe,15302232045.007769,17.456104825674824,0.7795641323769854,0.7795641323769854,1.2053089468556604,coupled_severe_fault
IRCLT-0583,16,47,coupled_severe_fault,severe,15252760613.253378,16.837044911563847,0.806424966023169,0.806424966023169,1.1863775621667807,coupled_severe_fault
IRCLT-0583,17,48,coupled_severe_fault,severe,17959360704.05283,16.98573772341127,0.7819806605516768,0.7819806605516768,1.2086572590369464,coupled_severe_fault
IRCLT-0583,18,52,coupled_severe_fault,severe,16408652928.246368,17.98041334424846,0.7845952046259089,0.7845952046259089,1.1944485368842888,coupled_severe_fault
IRCLT-0583,19,55,coupled_severe_fault,severe,15181883837.33047,17.52007632991193,0.7789762528295108,0.7789762528295108,1.2489071480570095,coupled_severe_fault
IRCLT-0583,20,57,coupled_severe_fault,severe,15139812559.262081,17.837434232546588,0.7641122215024004,0.7641122215024004,1.2198297427615603,coupled_severe_fault
IRCLT-0583,21,60,coupled_severe_fault,severe,15663712481.028532,17.62054766623667,0.7606860860084368,0.7606860860084368,1.2377234343885488,coupled_severe_fault
IRCLT-0583,22,63,coupled_severe_fault,severe,14884246986.584957,17.436388484863674,0.7610920916995044,0.7610920916995044,1.2438479535643028,coupled_severe_fault
IRCLT-0583,23,68,coupled_severe_fault,severe,15908567458.892937,18.513394996462274,0.742143717809162,0.742143717809162,1.2763936208540745,coupled_severe_fault
IRCLT-0583,24,69,coupled_severe_fault,severe,15883252261.369146,18.560784415898247,0.7397458728735817,0.7397458728735817,1.2738603394799999,coupled_severe_fault
IRCLT-0583,25,70,coupled_severe_fault,severe,15751087293.210413,18.623944086574888,0.7619630235073902,0.7619630235073902,1.2677812958986847,coupled_severe_fault
IRCLT-0583,26,74,coupled_severe_fault,severe,14253165358.65506,18.917120066501287,0.7284394056606134,0.7284394056606134,1.2945975569014514,coupled_severe_fault
IRCLT-0583,27,77,coupled_severe_fault,severe,15142040237.42236,18.477705178627915,0.7360041744512633,0.7360041744512633,1.2982458074159298,coupled_severe_fault
IRCLT-0583,28,81,coupled_severe_fault,severe,15425145275.715462,19.21537565316315,0.7136992960864259,0.7136992960864259,1.3329760345813455,coupled_severe_fault
IRCLT-0583,29,84,coupled_severe_fault,severe,14585261404.802584,19.067780120270367,0.7018284463045499,0.7018284463045499,1.3435918910927769,coupled_severe_fault
IRCLT-0583,30,85,coupled_severe_fault,severe,14193691894.601887,19.392249700917407,0.7073188036032229,0.7073188036032229,1.3339153231147067,coupled_severe_fault
IRCLT-0583,31,87,coupled_severe_fault,severe,15635231581.85991,20.427711505173484,0.709556399409927,0.709556399409927,1.3135724906557027,coupled_severe_fault
IRCLT-0583,32,91,coupled_severe_fault,severe,14440821991.163513,20.247068085335428,0.7051250731851162,0.7051250731851162,1.3377336892546012,coupled_severe_fault
IRCLT-0583,33,94,coupled_severe_fault,severe,14265865311.210081,19.91444855104409,0.7061938743104204,0.7061938743104204,1.3435792287043793,coupled_severe_fault
IRCLT-0583,34,96,coupled_severe_fault,severe,15648427488.251312,19.64615701124076,0.7033056296136301,0.7033056296136301,1.3544928957971274,coupled_severe_fault
IRCLT-0583,35,100,coupled_severe_fault,severe,14259295281.28776,20.029722758832218,0.6916790942036868,0.6916790942036868,1.372412432199282,coupled_severe_fault
IRCLT-0583,36,104,coupled_severe_fault,severe,12788842047.717585,19.479864367336035,0.6669795305424174,0.6669795305424174,1.4081898982829355,coupled_severe_fault
IRCLT-0583,37,105,coupled_severe_fault,severe,13972435153.339731,20.268009372272235,0.6886014628211374,0.6886014628211374,1.3750617679854742,coupled_severe_fault
IRCLT-0583,38,110,coupled_severe_fault,severe,14073220198.133265,21.724198438112463,0.6824585967873682,0.6824585967873682,1.4013736966085706,coupled_severe_fault
IRCLT-0583,39,113,coupled_severe_fault,severe,12991702183.850729,21.847319946432293,0.6518838005932063,0.6518838005932063,1.4289241071894734,coupled_severe_fault
IRCLT-0583,40,114,coupled_severe_fault,severe,13577457852.749676,21.56115183913384,0.6685805973077594,0.6685805973077594,1.4324712842017455,coupled_severe_fault
IRCLT-0583,41,119,coupled_severe_fault,severe,13717341903.051151,21.71485079183072,0.6416127624879753,0.6416127624879753,1.4312848723014122,coupled_severe_fault
IRCLT-0583,42,121,coupled_severe_fault,severe,15223977009.494638,21.471582750812352,0.647747958469411,0.647747958469411,1.4432507085440416,coupled_severe_fault
IRCLT-0583,43,124,coupled_severe_fault,severe,14627210869.415325,21.576711522390667,0.6563990182542033,0.6563990182542033,1.449523943389771,coupled_severe_fault
IRCLT-0583,44,128,coupled_severe_fault,severe,12675171738.137156,21.67173424922664,0.6463818109102465,0.6463818109102465,1.4550545463039652,coupled_severe_fault
IRCLT-0583,45,132,coupled_severe_fault,severe,13769390810.303223,22.312156908193984,0.6347991495193633,0.6347991495193633,1.4795146222801487,coupled_severe_fault
IRCLT-0583,46,137,coupled_severe_fault,severe,13435029005.29361,22.391162673713893,0.638454067187229,0.638454067187229,1.5089526647241145,coupled_severe_fault
IRCLT-0583,47,139,coupled_severe_fault,severe,13463381568.773905,22.92421299285475,0.6341175248433725,0.6341175248433725,1.48062348994893,coupled_severe_fault
IRCLT-0583,48,141,coupled_severe_fault,severe,13237650859.442913,23.165639459688354,0.6173319981976887,0.6173319981976887,1.5081222490601218,coupled_severe_fault
IRCLT-0583,49,145,coupled_severe_fault,severe,12174201406.91987,24.05203339316776,0.6151410763058153,0.6151410763058153,1.5599413689060515,coupled_severe_fault
IRCLT-0583,50,148,coupled_severe_fault,severe,11993304761.7364,23.13185500535242,0.6100053929473197,0.6100053929473197,1.5629083231605336,coupled_severe_fault
IRCLT-0583,51,151,coupled_severe_fault,severe,12341354237.380634,23.89152443751973,0.60111773172178,0.60111773172178,1.5729341159671324,coupled_severe_fault
IRCLT-0583,52,155,coupled_severe_fault,severe,12538854094.607891,23.04985490002863,0.6204715157359574,0.6204715157359574,1.5433186457476438,coupled_severe_fault
IRCLT-0583,53,160,coupled_severe_fault,severe,12390158291.327194,25.44050905515038,0.575588893348152,0.575588893348152,1.6138659051299489,coupled_severe_fault
IRCLT-0583,54,165,coupled_severe_fault,severe,10860189048.128115,23.98237255878028,0.5889092375325459,0.5889092375325459,1.587287570740706,coupled_severe_fault
IRCLT-0583,55,167,coupled_severe_fault,severe,13012950533.387022,23.80291303872232,0.6156567166506858,0.6156567166506858,1.5365807463422179,coupled_severe_fault
IRCLT-0583,56,168,coupled_severe_fault,severe,11000460289.875074,24.277587835561093,0.596712442055781,0.596712442055781,1.59288586481771,coupled_severe_fault
IRCLT-0583,57,170,coupled_severe_fault,severe,11986145784.596243,25.89067031983349,0.5771870559176572,0.5771870559176572,1.6345647149175289,coupled_severe_fault
IRCLT-0583,58,174,coupled_severe_fault,severe,13221441987.51165,23.956274802685126,0.614458008377184,0.614458008377184,1.5679808199581802,coupled_severe_fault
IRCLT-0583,59,179,coupled_severe_fault,severe,11905744578.39698,26.07870982824027,0.5642378983117085,0.5642378983117085,1.6933165515862474,coupled_severe_fault
IRCLT-0583,60,180,coupled_severe_fault,severe,12378659275.168804,24.32457672350125,0.5774163837283632,0.5774163837283632,1.6263238480304942,coupled_severe_fault
IRCLT-0583,61,184,coupled_severe_fault,severe,12488590761.437641,24.741935183045513,0.5881889960692718,0.5881889960692718,1.6299342794013416,coupled_severe_fault
IRCLT-0583,62,188,coupled_severe_fault,severe,11603268087.75423,25.03722590810638,0.5916558171736767,0.5916558171736767,1.6248478935063948,coupled_severe_fault
IRCLT-0583,63,190,coupled_severe_fault,severe,11587118507.312515,26.752030478689605,0.5602236882429503,0.5602236882429503,1.692196557757746,coupled_severe_fault
IRCLT-0583,64,192,coupled_severe_fault,severe,12140182851.650343,25.486704697765546,0.5737036605955983,0.5737036605955983,1.6651801700424567,coupled_severe_fault
IRCLT-0583,65,195,coupled_severe_fault,severe,11830854076.07877,25.52657663689856,0.5837643409611782,0.5837643409611782,1.6404696164458594,coupled_severe_fault
IRCLT-0583,66,198,coupled_severe_fault,severe,11570620457.930792,27.65350916389141,0.5513602560827384,0.5513602560827384,1.7230647197773932,coupled_severe_fault
IRCLT-0583,67,202,coupled_severe_fault,severe,11006190295.771757,26.922606138537308,0.5554700879279971,0.5554700879279971,1.6962186260718601,coupled_severe_fault
IRCLT-0583,68,205,coupled_severe_fault,severe,11121880777.41134,26.580365728799904,0.5551905146346965,0.5551905146346965,1.731745278872729,coupled_severe_fault
IRCLT-0583,69,206,coupled_severe_fault,severe,11878030239.53468,26.865385769346307,0.5608157760704364,0.5608157760704364,1.6866389181103207,coupled_severe_fault
IRCLT-0583,70,207,coupled_severe_fault,severe,10739507639.32968,27.949138397498412,0.5398418541176863,0.5398418541176863,1.7462239477530497,coupled_severe_fault
IRCLT-0583,71,208,coupled_severe_fault,severe,11554599976.558285,26.315617602584442,0.5568405641410499,0.5568405641410499,1.6882249539501175,coupled_severe_fault
IRCLT-0583,72,212,coupled_severe_fault,severe,10598230785.163584,27.871975857277103,0.5200191264927736,0.5200191264927736,1.8120863767036643,coupled_severe_fault
IRCLT-0583,73,214,coupled_severe_fault,severe,12102134855.764124,26.92718540057519,0.5405374931682426,0.5405374931682426,1.7437921586697138,coupled_severe_fault
IRCLT-0583,74,219,coupled_severe_fault,severe,10396355799.682295,27.66993567877852,0.5431337886216456,0.5431337886216456,1.7577628858152927,coupled_severe_fault
IRCLT-0583,75,224,coupled_severe_fault,severe,11836285613.821873,27.822445694821795,0.5347245025130049,0.5347245025130049,1.7619066962440102,coupled_severe_fault
IRCLT-0583,76,229,coupled_severe_fault,severe,10062510587.980541,28.70722318209281,0.526255093363012,0.526255093363012,1.8093451026898304,coupled_severe_fault
IRCLT-0583,77,233,coupled_severe_fault,severe,10288683212.647928,28.63222271682828,0.520330267173736,0.520330267173736,1.8537019957358403,coupled_severe_fault
IRCLT-0583,78,234,coupled_severe_fault,severe,11135930413.978851,26.66943776662373,0.5479979721754865,0.5479979721754865,1.737195747805345,coupled_severe_fault
IRCLT-0583,79,235,coupled_severe_fault,severe,11142473416.55106,28.908892462811608,0.5339182173165964,0.5339182173165964,1.7946523163082622,coupled_severe_fault
IRCLT-0583,80,237,coupled_severe_fault,severe,9636640150.242641,29.242458395494232,0.5194953888337658,0.5194953888337658,1.8217678697534607,coupled_severe_fault
IRCLT-0583,81,238,coupled_severe_fault,severe,10064276243.350138,30.546179894874946,0.5093809601520879,0.5093809601520879,1.895895443580395,coupled_severe_fault
IRCLT-0583,82,239,coupled_severe_fault,severe,10075009068.892029,28.148060933919023,0.5434027205699878,0.5434027205699878,1.7599419687553803,coupled_severe_fault
IRCLT-0583,83,242,coupled_severe_fault,severe,10598219888.486164,28.77426735533321,0.5079444226532372,0.5079444226532372,1.8632561130149043,coupled_severe_fault
IRCLT-0583,84,247,coupled_severe_fault,severe,9795747705.43403,29.861874803646714,0.5250760370781337,0.5250760370781337,1.8240130180595682,coupled_severe_fault
IRCLT-0583,85,249,coupled_severe_fault,severe,10101660075.77243,28.33872241863825,0.5287487090664295,0.5287487090664295,1.7951296997943504,coupled_severe_fault
IRCLT-0583,86,252,coupled_severe_fault,severe,10010631340.752785,30.69762923782005,0.4840150260206928,0.4840150260206928,1.951752786502176,coupled_severe_fault
IRCLT-0583,87,256,coupled_severe_fault,severe,9512344207.343618,30.795345148052483,0.4950636994822137,0.4950636994822137,1.9300339200197296,coupled_severe_fault
IRCLT-0583,88,261,coupled_severe_fault,severe,10596425110.793156,31.558475948326357,0.4889421944410744,0.4889421944410744,1.9553736719592736,coupled_severe_fault
IRCLT-0583,89,265,coupled_severe_fault,severe,9968903034.730465,29.37312817019115,0.5139599633901109,0.5139599633901109,1.873585696694074,coupled_severe_fault
IRCLT-0583,90,270,coupled_severe_fault,severe,9483658530.026129,32.05194403309384,0.48452795448646,0.48452795448646,1.9903212798177017,coupled_severe_fault
IRCLT-0583,91,274,coupled_severe_fault,severe,9319510572.880709,32.357337343685856,0.45827275707035103,0.45827275707035103,2.0327211622872032,coupled_severe_fault
IRCLT-0583,92,275,coupled_severe_fault,severe,10159035304.42311,30.896038542424456,0.5068176842405829,0.5068176842405829,1.9049413553912613,coupled_severe_fault
IRCLT-0583,93,456,coupled_severe_fault,severe,3257530998.4215693,65.0,0.1727914753524113,0.1727914753524113,5.0,coupled_severe_fault
IRCLT-0584,1,0,coupled_severe_fault,severe,26791815227.085587,16.78849370459557,1.0257021895560403,1.0257021895560403,0.9804318945194757,coupled_severe_fault
IRCLT-0584,2,5,coupled_severe_fault,severe,28081321975.43745,17.233955087546807,0.9949029796901641,0.9949029796901641,1.0175633392954642,coupled_severe_fault
IRCLT-0584,3,9,coupled_severe_fault,severe,29190040321.85685,17.824143431687492,1.0000256566398231,1.0000256566398231,1.003076571469809,coupled_severe_fault
IRCLT-0584,4,12,coupled_severe_fault,severe,25857375927.94091,17.584709130332055,0.9836050035374848,0.9836050035374848,1.0187642582449532,coupled_severe_fault
IRCLT-0584,5,14,coupled_severe_fault,severe,25864726718.98346,18.477783420229272,0.9564884429690584,0.9564884429690584,1.0266728931758662,coupled_severe_fault
IRCLT-0584,6,18,coupled_severe_fault,severe,26277635245.97167,16.924290408641212,0.9919679144283564,0.9919679144283564,1.007313734191103,coupled_severe_fault
IRCLT-0584,7,23,coupled_severe_fault,severe,26430320342.01624,18.07787198914616,0.9740264913570208,0.9740264913570208,1.014681304554568,coupled_severe_fault
IRCLT-0584,8,24,coupled_severe_fault,severe,27203519159.42588,17.164484465891476,0.9593855519754301,0.9593855519754301,1.0232949908967128,coupled_severe_fault
IRCLT-0584,9,29,coupled_severe_fault,severe,24721846082.802002,17.53123389489234,0.9548089322148802,0.9548089322148802,1.0291600219405883,coupled_severe_fault
IRCLT-0584,10,31,coupled_severe_fault,severe,26034542582.09462,17.664001142911424,0.9767411645119588,0.9767411645119588,1.032762960083626,coupled_severe_fault
IRCLT-0584,11,34,coupled_severe_fault,severe,27207596189.45932,17.49720416879982,0.9648679936612744,0.9648679936612744,1.0398394835692941,coupled_severe_fault
IRCLT-0584,12,38,coupled_severe_fault,severe,25535670705.248886,18.123770474697228,0.9626956800630952,0.9626956800630952,1.0415348402894944,coupled_severe_fault
IRCLT-0584,13,42,coupled_severe_fault,severe,25158843200.384342,19.135390096981933,0.9539363314304504,0.9539363314304504,1.0505921369428914,coupled_severe_fault
IRCLT-0584,14,45,coupled_severe_fault,severe,24000680029.266533,18.3949478195975,0.9354688668718504,0.9354688668718504,1.0567994103873248,coupled_severe_fault
IRCLT-0584,15,46,coupled_severe_fault,severe,26790394321.99012,18.50340383794011,0.9439242226811002,0.9439242226811002,1.0437806157086171,coupled_severe_fault
IRCLT-0584,16,50,coupled_severe_fault,severe,25253488417.418674,18.61634664142798,0.9558002437962972,0.9558002437962972,1.0399393066817375,coupled_severe_fault
IRCLT-0584,17,54,coupled_severe_fault,severe,26701193924.165195,17.970976352071148,0.9599255352640184,0.9599255352640184,1.0392488514757428,coupled_severe_fault
IRCLT-0584,18,59,coupled_severe_fault,severe,26286453303.982376,17.942028019945177,0.9367903024267736,0.9367903024267736,1.0657606933831498,coupled_severe_fault
IRCLT-0584,19,64,coupled_severe_fault,severe,25482206738.004524,19.111304546071867,0.9288487174164768,0.9288487174164768,1.0723456689550592,coupled_severe_fault
IRCLT-0584,20,65,coupled_severe_fault,severe,25748054773.64949,19.157961741490027,0.9155867613276144,0.9155867613276144,1.0903353764371777,coupled_severe_fault
IRCLT-0584,21,68,coupled_severe_fault,severe,26984969106.50056,18.074917397580858,0.9368902399316198,0.9368902399316198,1.0596970954209493,coupled_severe_fault
IRCLT-0584,22,73,coupled_severe_fault,severe,25451083257.241528,19.455043007425026,0.9308775326526436,0.9308775326526436,1.0734902978365708,coupled_severe_fault
IRCLT-0584,23,76,coupled_severe_fault,severe,23691476511.443558,19.054889175763734,0.9275574672446312,0.9275574672446312,1.0954300674468094,coupled_severe_fault
IRCLT-0584,24,79,coupled_severe_fault,severe,25575775497.862247,18.68079255483698,0.911549570862471,0.911549570862471,1.0777365520009876,coupled_severe_fault
IRCLT-0584,25,84,coupled_severe_fault,severe,25975887333.1125,19.437332400218143,0.9116904538744554,0.9116904538744554,1.0911043694552784,coupled_severe_fault
IRCLT-0584,26,87,coupled_severe_fault,severe,25632789799.12371,19.1962186390232,0.9301267827190746,0.9301267827190746,1.088695752211963,coupled_severe_fault
IRCLT-0584,27,92,coupled_severe_fault,severe,25041169217.425426,19.89238204230832,0.9182442786402124,0.9182442786402124,1.0891897727962916,coupled_severe_fault
IRCLT-0584,28,94,coupled_severe_fault,severe,23932884909.424328,20.23859389689989,0.8873403492558131,0.8873403492558131,1.1242446086048736,coupled_severe_fault
IRCLT-0584,29,97,coupled_severe_fault,severe,26509534847.377445,19.346916415734533,0.9101693017256932,0.9101693017256932,1.0845879905451052,coupled_severe_fault
IRCLT-0584,30,101,coupled_severe_fault,severe,27044667931.142845,19.01728189814204,0.9010807671887664,0.9010807671887664,1.0932594404775078,coupled_severe_fault
IRCLT-0584,31,102,coupled_severe_fault,severe,24150553608.728523,19.294626793626186,0.8930583494570671,0.8930583494570671,1.1082047656049354,coupled_severe_fault
IRCLT-0584,32,104,coupled_severe_fault,severe,23390181259.890503,20.069777455409863,0.8871011407001379,0.8871011407001379,1.1150072502139436,coupled_severe_fault
IRCLT-0584,33,105,coupled_severe_fault,severe,25099358424.327103,18.979571941699085,0.9011663099922612,0.9011663099922612,1.1041079337743445,coupled_severe_fault
IRCLT-0584,34,110,coupled_severe_fault,severe,24374902104.656517,19.95233504183625,0.8965820173290582,0.8965820173290582,1.0959833596625779,coupled_severe_fault
IRCLT-0584,35,111,coupled_severe_fault,severe,24143924483.554592,20.69417934297665,0.8841339094464237,0.8841339094464237,1.1219822654256952,coupled_severe_fault
IRCLT-0584,36,113,coupled_severe_fault,severe,26612070163.44963,19.787879512734253,0.8919534603500189,0.8919534603500189,1.1062624917025028,coupled_severe_fault
IRCLT-0584,37,118,coupled_severe_fault,severe,25441000049.408176,19.69460786694643,0.9066534887174504,0.9066534887174504,1.106138896775478,coupled_severe_fault
IRCLT-0584,38,122,coupled_severe_fault,severe,25493933756.811043,19.71989306702632,0.8628830385399672,0.8628830385399672,1.1458415710857963,coupled_severe_fault
IRCLT-0584,39,126,coupled_severe_fault,severe,25110786839.4892,21.15310689511832,0.8598208971979833,0.8598208971979833,1.1698790138271562,coupled_severe_fault
IRCLT-0584,40,129,coupled_severe_fault,severe,24849591299.07005,20.457762351596738,0.8828843614541645,0.8828843614541645,1.1143051599405176,coupled_severe_fault
IRCLT-0584,41,134,coupled_severe_fault,severe,22206879193.335587,21.331702309634146,0.8337986741330556,0.8337986741330556,1.1848033107557259,coupled_severe_fault
IRCLT-0584,42,139,coupled_severe_fault,severe,24758349812.375816,19.937985969719172,0.8625205805252584,0.8625205805252584,1.1624858993492662,coupled_severe_fault
IRCLT-0584,43,142,coupled_severe_fault,severe,25489611056.819847,20.032991471708105,0.8559248786343185,0.8559248786343185,1.1363141488954305,coupled_severe_fault
IRCLT-0584,44,143,coupled_severe_fault,severe,22553422970.199112,21.490103042899538,0.8521138742582709,0.8521138742582709,1.1496367427721363,coupled_severe_fault
IRCLT-0584,45,146,coupled_severe_fault,severe,24519805803.355488,20.61437953121524,0.8420161097938876,0.8420161097938876,1.160545584358936,coupled_severe_fault
IRCLT-0584,46,149,coupled_severe_fault,severe,22937107936.26212,20.240179683503847,0.8565751941013464,0.8565751941013464,1.1592356252797649,coupled_severe_fault
IRCLT-0584,47,151,coupled_severe_fault,severe,24077325223.48371,21.503061183752585,0.8514725823638358,0.8514725823638358,1.1685467516161805,coupled_severe_fault
IRCLT-0584,48,153,coupled_severe_fault,severe,21510448924.475662,21.627539069962076,0.8269962833132485,0.8269962833132485,1.1953858110987454,coupled_severe_fault
IRCLT-0584,49,158,coupled_severe_fault,severe,22444030319.95488,21.056434995909537,0.8506269784773118,0.8506269784773118,1.1905383662372009,coupled_severe_fault
IRCLT-0584,50,163,coupled_severe_fault,severe,22818104434.593933,21.907523646402588,0.8181327563824017,0.8181327563824017,1.20502778502355,coupled_severe_fault
IRCLT-0584,51,166,coupled_severe_fault,severe,21546981628.971817,19.97644416357232,0.8519429935915979,0.8519429935915979,1.1677306472799556,coupled_severe_fault
IRCLT-0584,52,171,coupled_severe_fault,severe,21035426841.21117,22.076424360910977,0.8069760908009754,0.8069760908009754,1.238311573107605,coupled_severe_fault
IRCLT-0584,53,176,coupled_severe_fault,severe,21525470034.461082,22.87146073083159,0.7981316846153784,0.7981316846153784,1.2283339400848514,coupled_severe_fault
IRCLT-0584,54,177,coupled_severe_fault,severe,20409271592.706882,22.369644694873642,0.8116628608424935,0.8116628608424935,1.233561967013367,coupled_severe_fault
IRCLT-0584,55,178,coupled_severe_fault,severe,21024024404.48545,21.87922689762216,0.7850587027830246,0.7850587027830246,1.2602520991615354,coupled_severe_fault
IRCLT-0584,56,182,coupled_severe_fault,severe,20765249792.244003,22.582827870289478,0.8129119281754003,0.8129119281754003,1.2191939525308957,coupled_severe_fault
IRCLT-0584,57,184,coupled_severe_fault,severe,22342401079.471863,21.0764022190797,0.8047538794020526,0.8047538794020526,1.2285261544089736,coupled_severe_fault
IRCLT-0584,58,188,coupled_severe_fault,severe,22389433198.752003,22.79507890718291,0.8229728625252225,0.8229728625252225,1.2214653024662403,coupled_severe_fault
IRCLT-0584,59,189,coupled_severe_fault,severe,22186780137.345158,21.748261458976867,0.7985705470049781,0.7985705470049781,1.2399297194346426,coupled_severe_fault
IRCLT-0584,60,191,coupled_severe_fault,severe,20029994725.79862,23.222920269963176,0.7929563489203524,0.7929563489203524,1.2717755861280562,coupled_severe_fault
IRCLT-0584,61,195,coupled_severe_fault,severe,23270391093.82804,21.948896217884002,0.8078771810605065,0.8078771810605065,1.2240971532457021,coupled_severe_fault
IRCLT-0584,62,196,coupled_severe_fault,severe,21256658773.88071,22.418986252203744,0.8014065823270018,0.8014065823270018,1.2645822413764711,coupled_severe_fault
IRCLT-0584,63,199,coupled_severe_fault,severe,19871751264.132656,23.258513725224386,0.7895433516847824,0.7895433516847824,1.255507807361626,coupled_severe_fault
IRCLT-0584,64,203,coupled_severe_fault,severe,22943494424.89424,21.862885821392645,0.7748150175984857,0.7748150175984857,1.2537631313340718,coupled_severe_fault
IRCLT-0584,65,205,coupled_severe_fault,severe,20493067717.377842,21.79589691905709,0.8163049220097316,0.8163049220097316,1.2271215964433395,coupled_severe_fault
IRCLT-0584,66,209,coupled_severe_fault,severe,22252216722.12296,22.340120455293718,0.8006066211066024,0.8006066211066024,1.2522879720309448,coupled_severe_fault
IRCLT-0584,67,212,coupled_severe_fault,severe,22578264495.974117,22.13990330327798,0.7999885406501941,0.7999885406501941,1.226028503985723,coupled_severe_fault
IRCLT-0584,68,213,coupled_severe_fault,severe,21138611700.09965,23.76653571944639,0.8129371152622558,0.8129371152622558,1.2614505671098533,coupled_severe_fault
IRCLT-0584,69,214,coupled_severe_fault,severe,21182286820.013058,22.84749129608928,0.7733237608006086,0.7733237608006086,1.2729037491176602,coupled_severe_fault
IRCLT-0584,70,219,coupled_severe_fault,severe,20637556232.8173,24.05524595616716,0.7711707960376076,0.7711707960376076,1.268710573268416,coupled_severe_fault
IRCLT-0584,71,223,coupled_severe_fault,severe,18844035704.285057,23.575540206952013,0.7595502754016185,0.7595502754016185,1.3056341709404131,coupled_severe_fault
IRCLT-0584,72,228,coupled_severe_fault,severe,22776481534.376297,22.5741540844358,0.8144831831932587,0.8144831831932587,1.2556019564660141,coupled_severe_fault
IRCLT-0584,73,232,coupled_severe_fault,severe,20631590644.891533,24.234621741697563,0.7740999782456641,0.7740999782456641,1.2967173347917045,coupled_severe_fault
IRCLT-0584,74,236,coupled_severe_fault,severe,21134525646.397263,23.862330892687996,0.7985391599531113,0.7985391599531113,1.2709576664017643,coupled_severe_fault
IRCLT-0584,75,237,coupled_severe_fault,severe,22453991237.432613,24.516024949059073,0.7616428006965341,0.7616428006965341,1.3105481411195659,coupled_severe_fault
IRCLT-0584,76,240,coupled_severe_fault,severe,21051079688.993927,24.136237281822176,0.7540218454742715,0.7540218454742715,1.3190469857201998,coupled_severe_fault
IRCLT-0584,77,241,coupled_severe_fault,severe,20425353495.294247,23.979422270915162,0.7506420065699344,0.7506420065699344,1.3353325532982296,coupled_severe_fault
IRCLT-0584,78,245,coupled_severe_fault,severe,21022951506.024536,24.047556116459017,0.7444075537632018,0.7444075537632018,1.3303172069493083,coupled_severe_fault
IRCLT-0584,79,249,coupled_severe_fault,severe,20379420608.70114,24.479888194693704,0.7637050579154679,0.7637050579154679,1.3159490239791805,coupled_severe_fault
IRCLT-0584,80,251,coupled_severe_fault,severe,20612216735.67973,23.65552283271049,0.7501621925704601,0.7501621925704601,1.3249247773706223,coupled_severe_fault
IRCLT-0584,81,255,coupled_severe_fault,severe,19934661521.7327,23.31936399111045,0.7734894722727479,0.7734894722727479,1.3099017376685516,coupled_severe_fault
IRCLT-0584,82,259,coupled_severe_fault,severe,23043523363.05983,24.061465299185613,0.7657245555217016,0.7657245555217016,1.3130871207633579,coupled_severe_fault
IRCLT-0584,83,262,coupled_severe_fault,severe,21171233438.04932,24.63241909320657,0.7574960526207185,0.7574960526207185,1.3215092039196326,coupled_severe_fault
IRCLT-0584,84,263,coupled_severe_fault,severe,19953745292.449768,24.699516648520465,0.7376151863453209,0.7376151863453209,1.337963635495081,coupled_severe_fault
IRCLT-0584,85,267,coupled_severe_fault,severe,20053228198.99033,24.90351118019896,0.7347265597230549,0.7347265597230549,1.3474131634997246,coupled_severe_fault
IRCLT-0584,86,271,coupled_severe_fault,severe,20751294961.072025,24.986937364686483,0.7260725974281579,0.7260725974281579,1.3617501711243205,coupled_severe_fault
IRCLT-0584,87,275,coupled_severe_fault,severe,20145054997.04396,25.19179092758826,0.7397363077762689,0.7397363077762689,1.3424499592565855,coupled_severe_fault
IRCLT-0584,88,279,coupled_severe_fault,severe,18164465833.355625,25.636281165315854,0.7244098996853209,0.7244098996853209,1.386753464643949,coupled_severe_fault
IRCLT-0584,89,281,coupled_severe_fault,severe,19383578126.996647,25.522185755683807,0.7266462374396733,0.7266462374396733,1.3982511744134365,coupled_severe_fault
IRCLT-0584,90,282,coupled_severe_fault,severe,19747729353.36551,25.8365341630584,0.7299069720433972,0.7299069720433972,1.3651943696784188,coupled_severe_fault
IRCLT-0584,91,283,coupled_severe_fault,severe,20718708962.00176,26.0762031650632,0.7249065729785124,0.7249065729785124,1.3769509208100108,coupled_severe_fault
IRCLT-0584,92,284,coupled_severe_fault,severe,20879650923.490726,24.49457313826043,0.7414631157814556,0.7414631157814556,1.3559559058174542,coupled_severe_fault
IRCLT-0584,93,285,coupled_severe_fault,severe,19492051214.632843,27.072764136995612,0.7032679883466335,0.7032679883466335,1.4429629549588705,coupled_severe_fault
IRCLT-0584,94,287,coupled_severe_fault,severe,17964577416.940296,24.975281064720157,0.7587316757382923,0.7587316757382923,1.3459435880467945,coupled_severe_fault
IRCLT-0584,95,291,coupled_severe_fault,severe,18588743850.554882,25.61085362285863,0.7187824854319922,0.7187824854319922,1.3880642727223151,coupled_severe_fault
IRCLT-0584,96,293,coupled_severe_fault,severe,19837818614.444458,26.68040598070018,0.7022551881672605,0.7022551881672605,1.4199125871687803,coupled_severe_fault
IRCLT-0584,97,294,coupled_severe_fault,severe,20365616654.042164,25.830722447251574,0.7098593315518954,0.7098593315518954,1.3964480536548518,coupled_severe_fault
IRCLT-0584,98,296,coupled_severe_fault,severe,20077852476.100983,24.90040431320293,0.7283494404176105,0.7283494404176105,1.3703798571272914,coupled_severe_fault
IRCLT-0584,99,300,coupled_severe_fault,severe,21696879371.434967,25.10889722999795,0.7144906515736446,0.7144906515736446,1.4041155241139889,coupled_severe_fault
IRCLT-0584,100,304,coupled_severe_fault,severe,18919803571.19194,25.705407582194052,0.7115903064362952,0.7115903064362952,1.4191717217982596,coupled_severe_fault
IRCLT-0584,101,305,coupled_severe_fault,severe,20587930550.18824,25.06979245065272,0.7192753734654179,0.7192753734654179,1.3971761072334272,coupled_severe_fault
IRCLT-0584,102,307,coupled_severe_fault,severe,19743860536.8692,27.410734141262022,0.6646499420368807,0.6646499420368807,1.4676184610850502,coupled_severe_fault
IRCLT-0584,103,312,coupled_severe_fault,severe,17502901735.64612,26.14036271590568,0.6864765527137683,0.6864765527137683,1.4456278386549208,coupled_severe_fault
IRCLT-0584,104,315,coupled_severe_fault,severe,19159813337.50589,25.704881342316572,0.6910118858053742,0.6910118858053742,1.4049979205189054,coupled_severe_fault
IRCLT-0584,105,319,coupled_severe_fault,severe,17464960515.381382,27.140204430097945,0.7132218895939301,0.7132218895939301,1.4300701687610216,coupled_severe_fault
IRCLT-0584,106,321,coupled_severe_fault,severe,18125031744.87408,26.982642958282515,0.6742658390007832,0.6742658390007832,1.4817487588844396,coupled_severe_fault
IRCLT-0584,107,325,coupled_severe_fault,severe,17278414580.17453,27.114225097457656,0.692074502577932,0.692074502577932,1.4780670015727764,coupled_severe_fault
IRCLT-0584,108,327,coupled_severe_fault,severe,17905392618.891144,26.996421022999357,0.6713926625137775,0.6713926625137775,1.4509564307263338,coupled_severe_fault
IRCLT-0584,109,331,coupled_severe_fault,severe,18053779827.393867,28.24480458330485,0.6570977865479938,0.6570977865479938,1.4968150298399192,coupled_severe_fault
IRCLT-0584,110,336,coupled_severe_fault,severe,19391720310.808563,28.86931112135366,0.6643446156921234,0.6643446156921234,1.5031591801994548,coupled_severe_fault
IRCLT-0584,111,341,coupled_severe_fault,severe,19194418168.767136,28.26947716632964,0.6800618942026744,0.6800618942026744,1.47078758555163,coupled_severe_fault
IRCLT-0584,112,344,coupled_severe_fault,severe,19190802823.56962,27.732069597783607,0.6641152787554617,0.6641152787554617,1.5123997011892722,coupled_severe_fault
IRCLT-0584,113,346,coupled_severe_fault,severe,16834031031.441559,29.38108212141563,0.622794949461325,0.622794949461325,1.5740380572778372,coupled_severe_fault
IRCLT-0584,114,351,coupled_severe_fault,severe,18724501569.802536,27.601591126949486,0.6756365742916142,0.6756365742916142,1.478898763761096,coupled_severe_fault
IRCLT-0584,115,356,coupled_severe_fault,severe,16242189753.965872,29.64744705591125,0.6349507080480148,0.6349507080480148,1.5864963045541391,coupled_severe_fault
IRCLT-0584,116,358,coupled_severe_fault,severe,17030198773.413403,29.048564050910958,0.6451366886372691,0.6451366886372691,1.5460585889173972,coupled_severe_fault
IRCLT-0584,117,361,coupled_severe_fault,severe,18223056119.88353,27.946927825803023,0.6748580449808185,0.6748580449808185,1.503127993529801,coupled_severe_fault
IRCLT-0584,118,365,coupled_severe_fault,severe,17350067610.44917,30.773060643021825,0.6207005745928327,0.6207005745928327,1.6114494352116602,coupled_severe_fault
IRCLT-0584,119,366,coupled_severe_fault,severe,16507854847.822931,29.40541543592125,0.6568391893269818,0.6568391893269818,1.553949866901415,coupled_severe_fault
IRCLT-0584,120,368,coupled_severe_fault,severe,16355553872.423372,28.78630615867173,0.6396139478685332,0.6396139478685332,1.5381101667891548,coupled_severe_fault
IRCLT-0584,121,369,coupled_severe_fault,severe,18171921418.227657,28.226676082911077,0.6405339523283944,0.6405339523283944,1.542699984076715,coupled_severe_fault
IRCLT-0584,122,371,coupled_severe_fault,severe,16413581793.58213,30.701653026766728,0.6106643344501607,0.6106643344501607,1.5941692879580496,coupled_severe_fault
IRCLT-0584,123,373,coupled_severe_fault,severe,16289305638.857176,30.514319075724522,0.6146002139731765,0.6146002139731765,1.6156347151245043,coupled_severe_fault
IRCLT-0584,124,378,coupled_severe_fault,severe,17801381069.313683,29.75040384745752,0.6263382756055725,0.6263382756055725,1.6063446476663,coupled_severe_fault
IRCLT-0584,125,380,coupled_severe_fault,severe,16040490542.452757,31.29295380596225,0.6146854079192836,0.6146854079192836,1.6328055802092467,coupled_severe_fault
IRCLT-0584,126,384,coupled_severe_fault,severe,16604575389.277798,31.06619003753462,0.6274888783776065,0.6274888783776065,1.61282228857469,coupled_severe_fault
IRCLT-0584,127,389,coupled_severe_fault,severe,16028407182.027931,31.99055986525844,0.6061034909976817,0.6061034909976817,1.6423224686742617,coupled_severe_fault
IRCLT-0584,128,390,coupled_severe_fault,severe,15964536465.25114,31.3881667573886,0.6015848099361716,0.6015848099361716,1.6625315913505094,coupled_severe_fault
IRCLT-0584,129,391,coupled_severe_fault,severe,15287933280.338087,32.12958437946723,0.6143559728582706,0.6143559728582706,1.6346176064134579,coupled_severe_fault
IRCLT-0584,130,394,coupled_severe_fault,severe,15833259589.944178,32.520883509883774,0.5986022568473862,0.5986022568473862,1.6594380954026435,coupled_severe_fault
IRCLT-0584,131,395,coupled_severe_fault,severe,16445222738.158596,33.30121408036507,0.5619441361106509,0.5619441361106509,1.7404249711122557,coupled_severe_fault
IRCLT-0584,132,400,coupled_severe_fault,severe,16460438221.061666,34.334187685771056,0.5920279507013966,0.5920279507013966,1.7268108290447877,coupled_severe_fault
IRCLT-0584,133,402,coupled_severe_fault,severe,15563621238.24629,34.66698349664348,0.548686205585345,0.548686205585345,1.778838979166684,coupled_severe_fault
IRCLT-0584,134,405,coupled_severe_fault,severe,15173913692.268463,37.30908161925575,0.5419839285374807,0.5419839285374807,1.8397162826337392,coupled_severe_fault
IRCLT-0584,135,408,coupled_severe_fault,severe,14148718103.12923,38.91250383724296,0.5253754555683945,0.5253754555683945,1.9026037939504483,coupled_severe_fault
IRCLT-0584,136,410,coupled_severe_fault,severe,14846319999.973724,39.13997807087128,0.5247801899697462,0.5247801899697462,1.8753659978027488,coupled_severe_fault
IRCLT-0584,137,411,coupled_severe_fault,severe,13803351641.305285,41.676004300197896,0.4859113625635206,0.4859113625635206,1.977729217542415,coupled_severe_fault
IRCLT-0584,138,413,coupled_severe_fault,severe,12439196806.505905,43.55953128458824,0.4757092324884908,0.4757092324884908,2.054532206455602,coupled_severe_fault
IRCLT-0584,139,478,coupled_severe_fault,severe,4880169626.581232,65.0,0.1908591123103822,0.1908591123103822,5.0,coupled_severe_fault
IRCLT-0585,1,0,coupled_severe_fault,severe,27799712808.625233,17.04175908011057,0.9401283421129718,0.9401283421129718,1.0094149522258185,coupled_severe_fault
IRCLT-0585,2,5,coupled_severe_fault,severe,26110325611.90428,16.9276887799689,0.9416646550676366,0.9416646550676366,1.0158912319969828,coupled_severe_fault
IRCLT-0585,3,9,coupled_severe_fault,severe,27876721539.91736,17.8256838453708,0.9284111913684022,0.9284111913684022,1.0027800638459134,coupled_severe_fault
IRCLT-0585,4,10,coupled_severe_fault,severe,27866130970.69168,16.916882818105517,0.9179441012664202,0.9179441012664202,1.0046478940132135,coupled_severe_fault
IRCLT-0585,5,12,coupled_severe_fault,severe,28701305758.510555,17.205252982674402,0.9309992264085614,0.9309992264085614,0.9979419833498194,coupled_severe_fault
IRCLT-0585,6,14,coupled_severe_fault,severe,28549022233.609688,16.576838315628144,0.9360882632359112,0.9360882632359112,0.9962771772283532,coupled_severe_fault
IRCLT-0585,7,17,coupled_severe_fault,severe,26187764892.17685,16.812115108538624,0.9593861017640076,0.9593861017640076,1.0003791901588779,coupled_severe_fault
IRCLT-0585,8,20,coupled_severe_fault,severe,26488343387.506344,16.61592981722944,0.9347429577493296,0.9347429577493296,1.0239138671415988,coupled_severe_fault
IRCLT-0585,9,24,coupled_severe_fault,severe,28661916144.662487,16.52251592242435,0.9405828814439552,0.9405828814439552,1.0007544943563271,coupled_severe_fault
IRCLT-0585,10,28,coupled_severe_fault,severe,25135500237.572887,17.032804966632618,0.9217308638770122,0.9217308638770122,1.0234229994141986,coupled_severe_fault
IRCLT-0585,11,33,coupled_severe_fault,severe,27645999842.5088,17.36851591558287,0.8962167382643478,0.8962167382643478,1.0387667660646425,coupled_severe_fault
IRCLT-0585,12,34,coupled_severe_fault,severe,23622484942.768986,18.17369809827791,0.9011927718592918,0.9011927718592918,1.0476636263587522,coupled_severe_fault
IRCLT-0585,13,39,coupled_severe_fault,severe,26374443423.341846,17.360263488090624,0.9136332683174808,0.9136332683174808,1.033041565630501,coupled_severe_fault
IRCLT-0585,14,42,coupled_severe_fault,severe,30608128363.29647,17.266195938665106,0.9090244217054112,0.9090244217054112,1.0326735019027922,coupled_severe_fault
IRCLT-0585,15,44,coupled_severe_fault,severe,26631661549.79679,17.193889390488287,0.9150890120318196,0.9150890120318196,1.0329909922772678,coupled_severe_fault
IRCLT-0585,16,49,coupled_severe_fault,severe,27894097659.90101,17.382203840172778,0.9173930654079328,0.9173930654079328,1.0208559509137822,coupled_severe_fault
IRCLT-0585,17,50,coupled_severe_fault,severe,28180874792.288044,17.485020583837787,0.9166957526719964,0.9166957526719964,1.0274620514227226,coupled_severe_fault
IRCLT-0585,18,54,coupled_severe_fault,severe,26476351422.990604,17.71819644870932,0.9349399029017236,0.9349399029017236,1.0231795656006382,coupled_severe_fault
IRCLT-0585,19,59,coupled_severe_fault,severe,25455730405.21368,17.985070454559768,0.8885602013134171,0.8885602013134171,1.050015490096288,coupled_severe_fault
IRCLT-0585,20,64,coupled_severe_fault,severe,25617864826.812492,18.5532993135092,0.9007392365537616,0.9007392365537616,1.057419132989054,coupled_severe_fault
IRCLT-0585,21,66,coupled_severe_fault,severe,26127096923.81537,17.734205422169854,0.8971757451633907,0.8971757451633907,1.0518607250447944,coupled_severe_fault
IRCLT-0585,22,67,coupled_severe_fault,severe,26889891092.942425,17.048186503182272,0.9041021745054976,0.9041021745054976,1.0509341175532372,coupled_severe_fault
IRCLT-0585,23,71,coupled_severe_fault,severe,26491959318.51268,18.12382882663925,0.8537287209160354,0.8537287209160354,1.0604333466438052,coupled_severe_fault
IRCLT-0585,24,75,coupled_severe_fault,severe,29770738366.10635,18.397801687168478,0.9179796694628051,0.9179796694628051,1.0279974439284143,coupled_severe_fault
IRCLT-0585,25,76,coupled_severe_fault,severe,23115136386.613358,17.828563849894486,0.8999287731385881,0.8999287731385881,1.0514819000549984,coupled_severe_fault
IRCLT-0585,26,79,coupled_severe_fault,severe,24777690684.347702,18.27173437978662,0.8714208983291132,0.8714208983291132,1.0600468130486431,coupled_severe_fault
IRCLT-0585,27,82,coupled_severe_fault,severe,24762107089.787117,17.84116393456825,0.9115454873499026,0.9115454873499026,1.0553563829865829,coupled_severe_fault
IRCLT-0585,28,84,coupled_severe_fault,severe,25409854636.29771,17.752530131990902,0.9059546950405014,0.9059546950405014,1.0550658024496615,coupled_severe_fault
IRCLT-0585,29,85,coupled_severe_fault,severe,25510375254.432632,19.341239425934734,0.8711235156964859,0.8711235156964859,1.0792258398936008,coupled_severe_fault
IRCLT-0585,30,89,coupled_severe_fault,severe,24985719283.267464,18.2428367001632,0.8932149121227169,0.8932149121227169,1.0703246540755142,coupled_severe_fault
IRCLT-0585,31,94,coupled_severe_fault,severe,26480809824.25428,17.980042780819346,0.8849532253773682,0.8849532253773682,1.062402052457993,coupled_severe_fault
IRCLT-0585,32,97,coupled_severe_fault,severe,23754678999.71386,19.091465260161538,0.8857385904043676,0.8857385904043676,1.057592711524256,coupled_severe_fault
IRCLT-0585,33,100,coupled_severe_fault,severe,25988269297.39904,17.977052727858847,0.9091410448179216,0.9091410448179216,1.0390469449771669,coupled_severe_fault
IRCLT-0585,34,102,coupled_severe_fault,severe,25802185166.70487,18.751294817173868,0.8885918688831071,0.8885918688831071,1.071693316048272,coupled_severe_fault
IRCLT-0585,35,106,coupled_severe_fault,severe,27300413901.807648,18.065214400292668,0.8719861081523916,0.8719861081523916,1.0703488177059894,coupled_severe_fault
IRCLT-0585,36,110,coupled_severe_fault,severe,26204853693.796574,18.49468886636476,0.8641115843832213,0.8641115843832213,1.063806214362562,coupled_severe_fault
IRCLT-0585,37,112,coupled_severe_fault,severe,27107012526.7079,19.369989465181007,0.8632706338496126,0.8632706338496126,1.0820603087913006,coupled_severe_fault
IRCLT-0585,38,117,coupled_severe_fault,severe,25951745011.568604,19.12427669949805,0.8776819422415522,0.8776819422415522,1.088762589676803,coupled_severe_fault
IRCLT-0585,39,122,coupled_severe_fault,severe,25398328250.89001,18.532490341050924,0.8730047773817246,0.8730047773817246,1.0894466173541604,coupled_severe_fault
IRCLT-0585,40,126,coupled_severe_fault,severe,25838428258.423782,20.02951112108888,0.8606836817804786,0.8606836817804786,1.1135397955168835,coupled_severe_fault
IRCLT-0585,41,130,coupled_severe_fault,severe,25803096070.737247,17.52121613605989,0.8660742515502685,0.8660742515502685,1.0968491233701867,coupled_severe_fault
IRCLT-0585,42,135,coupled_severe_fault,severe,26918132144.91971,19.18197419910138,0.8782492510369971,0.8782492510369971,1.0943344875161618,coupled_severe_fault
IRCLT-0585,43,137,coupled_severe_fault,severe,24377862811.650684,19.15077459174709,0.8640983650842659,0.8640983650842659,1.1041742620009312,coupled_severe_fault
IRCLT-0585,44,140,coupled_severe_fault,severe,24648579020.518456,19.611493827209813,0.8342734140021283,0.8342734140021283,1.1360944281454444,coupled_severe_fault
IRCLT-0585,45,144,coupled_severe_fault,severe,24566209726.210426,18.967328354184858,0.8692025520138116,0.8692025520138116,1.1059971937658737,coupled_severe_fault
IRCLT-0585,46,149,coupled_severe_fault,severe,25078418503.3444,19.912337514683387,0.8192274000388764,0.8192274000388764,1.1459320929509071,coupled_severe_fault
IRCLT-0585,47,154,coupled_severe_fault,severe,25339196859.431263,19.835905395675038,0.8381307898408149,0.8381307898408149,1.1317444950580249,coupled_severe_fault
IRCLT-0585,48,157,coupled_severe_fault,severe,24032804973.491608,19.8805744023932,0.8411647070660623,0.8411647070660623,1.1205995235041333,coupled_severe_fault
IRCLT-0585,49,160,coupled_severe_fault,severe,25883861320.97144,19.758478784105908,0.8556015876016564,0.8556015876016564,1.1143525676786563,coupled_severe_fault
IRCLT-0585,50,161,coupled_severe_fault,severe,24515705548.45591,20.226237199889454,0.8228740532333159,0.8228740532333159,1.1321243096289728,coupled_severe_fault
IRCLT-0585,51,166,coupled_severe_fault,severe,23321951772.82465,19.24808275508646,0.8435197216457082,0.8435197216457082,1.1251974584482929,coupled_severe_fault
IRCLT-0585,52,169,coupled_severe_fault,severe,24801305653.53421,20.294242210143565,0.8268876367285319,0.8268876367285319,1.1539092191796538,coupled_severe_fault
IRCLT-0585,53,172,coupled_severe_fault,severe,25161884916.438683,20.36589259322868,0.8378699067963579,0.8378699067963579,1.1418208332014004,coupled_severe_fault
IRCLT-0585,54,174,coupled_severe_fault,severe,24829220643.22518,19.688755925336896,0.8412839043180113,0.8412839043180113,1.1443524056048526,coupled_severe_fault
IRCLT-0585,55,179,coupled_severe_fault,severe,22604389556.9347,19.790989348991612,0.8457529848382226,0.8457529848382226,1.1472508936784769,coupled_severe_fault
IRCLT-0585,56,183,coupled_severe_fault,severe,23017749760.724182,20.374962561288804,0.8100114115175236,0.8100114115175236,1.1690415209612142,coupled_severe_fault
IRCLT-0585,57,188,coupled_severe_fault,severe,22935200424.13773,20.150623438598572,0.8211339308873433,0.8211339308873433,1.1424465658232417,coupled_severe_fault
IRCLT-0585,58,192,coupled_severe_fault,severe,23188121890.531868,20.443750737531587,0.8263859173762638,0.8263859173762638,1.1501838248728986,coupled_severe_fault
IRCLT-0585,59,196,coupled_severe_fault,severe,23460901037.500984,21.05161835835509,0.8133637275660287,0.8133637275660287,1.1740573889872714,coupled_severe_fault
IRCLT-0585,60,199,coupled_severe_fault,severe,23448489890.573048,19.986514813407293,0.8321959001286731,0.8321959001286731,1.1503019720881285,coupled_severe_fault
IRCLT-0585,61,203,coupled_severe_fault,severe,24296742506.10509,20.455318523180466,0.8133592420341048,0.8133592420341048,1.175683422750075,coupled_severe_fault
IRCLT-0585,62,205,coupled_severe_fault,severe,24376520651.650875,20.781061033332644,0.8065897428753165,0.8065897428753165,1.1663562109336787,coupled_severe_fault
IRCLT-0585,63,206,coupled_severe_fault,severe,23819538278.21096,20.802819826882764,0.8047266100241256,0.8047266100241256,1.165677760388709,coupled_severe_fault
IRCLT-0585,64,207,coupled_severe_fault,severe,22157783880.621918,20.89029591379977,0.7884815521361045,0.7884815521361045,1.1669973981541641,coupled_severe_fault
IRCLT-0585,65,212,coupled_severe_fault,severe,22399990182.50101,21.05295386456961,0.8155302764438854,0.8155302764438854,1.1727459832470124,coupled_severe_fault
IRCLT-0585,66,217,coupled_severe_fault,severe,24311468703.88112,20.596847722156998,0.8201217144692657,0.8201217144692657,1.1421255646294086,coupled_severe_fault
IRCLT-0585,67,220,coupled_severe_fault,severe,23694381164.89574,20.760076084312068,0.8067161615551044,0.8067161615551044,1.16586418366106,coupled_severe_fault
IRCLT-0585,68,221,coupled_severe_fault,severe,22477226008.47664,21.278633542195,0.7969602446024524,0.7969602446024524,1.1852812752293889,coupled_severe_fault
IRCLT-0585,69,222,coupled_severe_fault,severe,22464655501.39127,20.860961280387517,0.8115272468414066,0.8115272468414066,1.1780350745414474,coupled_severe_fault
IRCLT-0585,70,224,coupled_severe_fault,severe,25008722361.886864,21.59135240835104,0.808662542653798,0.808662542653798,1.1572951100971676,coupled_severe_fault
IRCLT-0585,71,227,coupled_severe_fault,severe,22930691833.08768,20.51805661249535,0.8159614359917867,0.8159614359917867,1.1697980538840669,coupled_severe_fault
IRCLT-0585,72,230,coupled_severe_fault,severe,22848213855.519424,21.862176002602897,0.790512904479075,0.790512904479075,1.1898632062320385,coupled_severe_fault
IRCLT-0585,73,231,coupled_severe_fault,severe,22567383330.57013,20.263220671373496,0.8086200026462658,0.8086200026462658,1.175775876935253,coupled_severe_fault
IRCLT-0585,74,233,coupled_severe_fault,severe,23583233704.791233,20.90889202519301,0.7961691415066307,0.7961691415066307,1.1972721987984936,coupled_severe_fault
IRCLT-0585,75,236,coupled_severe_fault,severe,24732179093.730682,20.771637399600788,0.8069287787390809,0.8069287787390809,1.1715307170997384,coupled_severe_fault
IRCLT-0585,76,238,coupled_severe_fault,severe,20804595166.30837,20.72447877205067,0.8125931455543519,0.8125931455543519,1.1667068551647002,coupled_severe_fault
IRCLT-0585,77,242,coupled_severe_fault,severe,21661231010.04787,21.64775949984264,0.7965892527789132,0.7965892527789132,1.2010261727603435,coupled_severe_fault
IRCLT-0585,78,245,coupled_severe_fault,severe,23307780940.39366,22.3604787754775,0.7764534433207124,0.7764534433207124,1.2089857806685296,coupled_severe_fault
IRCLT-0585,79,247,coupled_severe_fault,severe,22881576445.370216,21.03689226887163,0.7895252793344399,0.7895252793344399,1.1805414495811286,coupled_severe_fault
IRCLT-0585,80,248,coupled_severe_fault,severe,23661120125.216995,21.559160777746868,0.7967086670026503,0.7967086670026503,1.2044171488720687,coupled_severe_fault
IRCLT-0585,81,251,coupled_severe_fault,severe,21970633364.472862,22.09588121843419,0.7890591768008169,0.7890591768008169,1.2034266109960536,coupled_severe_fault
IRCLT-0585,82,254,coupled_severe_fault,severe,23654725339.85767,21.94300740536653,0.8200453038550032,0.8200453038550032,1.1746422752931351,coupled_severe_fault
IRCLT-0585,83,257,coupled_severe_fault,severe,23230444564.089718,22.059792192548322,0.7806765100947202,0.7806765100947202,1.2067898351432915,coupled_severe_fault
IRCLT-0585,84,258,coupled_severe_fault,severe,20677028984.472847,21.735403529676482,0.8056666323969373,0.8056666323969373,1.201326115012884,coupled_severe_fault
IRCLT-0585,85,261,coupled_severe_fault,severe,22396334668.635315,21.798556815647192,0.7857655857162859,0.7857655857162859,1.2188799405448594,coupled_severe_fault
IRCLT-0585,86,266,coupled_severe_fault,severe,24464291324.021927,21.556708963162546,0.7894986343386733,0.7894986343386733,1.2010280976890049,coupled_severe_fault
IRCLT-0585,87,271,coupled_severe_fault,severe,23014481987.22209,22.611531459731253,0.7744353937904646,0.7744353937904646,1.2267434814141758,coupled_severe_fault
IRCLT-0585,88,275,coupled_severe_fault,severe,21748250500.35721,21.39640007826416,0.7713842639597859,0.7713842639597859,1.2377071631993082,coupled_severe_fault
IRCLT-0585,89,279,coupled_severe_fault,severe,22354403722.603424,21.448200402570524,0.7978852422199412,0.7978852422199412,1.1959398386747484,coupled_severe_fault
IRCLT-0585,90,282,coupled_severe_fault,severe,20555025506.999542,21.60956866812435,0.7821073796866059,0.7821073796866059,1.2154362610833305,coupled_severe_fault
IRCLT-0585,91,284,coupled_severe_fault,severe,20242941229.888542,22.702438622386342,0.7753364789728492,0.7753364789728492,1.2391893794615243,coupled_severe_fault
IRCLT-0585,92,285,coupled_severe_fault,severe,23415871672.124542,21.758173572927326,0.7930361704277841,0.7930361704277841,1.2093555034524919,coupled_severe_fault
IRCLT-0585,93,287,coupled_severe_fault,severe,23116072143.50573,21.812946275498405,0.7953835270574201,0.7953835270574201,1.2162628978423826,coupled_severe_fault
IRCLT-0585,94,291,coupled_severe_fault,severe,22793310633.59824,21.639500725581193,0.7833070796160467,0.7833070796160467,1.208648637320597,coupled_severe_fault
IRCLT-0585,95,292,coupled_severe_fault,severe,22907152258.81056,22.962600045254145,0.7828846230597231,0.7828846230597231,1.2239681802090523,coupled_severe_fault
IRCLT-0585,96,295,coupled_severe_fault,severe,22522281805.414143,22.40628506581257,0.7629836215696254,0.7629836215696254,1.2460084563644576,coupled_severe_fault
IRCLT-0585,97,299,coupled_severe_fault,severe,22783761710.777897,22.37885805572179,0.7594753946055236,0.7594753946055236,1.240474504997604,coupled_severe_fault
IRCLT-0585,98,693,coupled_severe_fault,severe,6502188041.817058,65.0,0.2241930353609363,0.2241930353609363,4.300141381241197,coupled_severe_fault
IRCLT-0586,1,0,coupled_severe_fault,severe,27421859266.80724,12.274542319136625,0.992260151753711,0.992260151753711,0.9945812614126208,coupled_severe_fault
IRCLT-0586,2,3,coupled_severe_fault,severe,27568269906.91513,12.94991746294406,0.977952299943116,0.977952299943116,1.0090070690306332,coupled_severe_fault
IRCLT-0586,3,5,coupled_severe_fault,severe,27225850541.38849,13.423059262520757,0.9991063971788022,0.9991063971788022,1.0155459632006294,coupled_severe_fault
IRCLT-0586,4,10,coupled_severe_fault,severe,25540063212.877625,12.117176741696074,0.9726090363913316,0.9726090363913316,1.0078476145999418,coupled_severe_fault
IRCLT-0586,5,13,coupled_severe_fault,severe,27046324900.614685,13.396943483737259,0.9808646839876608,0.9808646839876608,1.0023998982215316,coupled_severe_fault
IRCLT-0586,6,18,coupled_severe_fault,severe,26905139606.92641,13.259864064427648,0.9729768999831526,0.9729768999831526,1.0141642617445292,coupled_severe_fault
IRCLT-0586,7,23,coupled_severe_fault,severe,24183886799.703003,13.816602916381381,0.9566756577781586,0.9566756577781586,1.0414281842085162,coupled_severe_fault
IRCLT-0586,8,28,coupled_severe_fault,severe,26037591817.16565,12.994808485097543,0.9771417432965676,0.9771417432965676,1.0108784633827483,coupled_severe_fault
IRCLT-0586,9,29,coupled_severe_fault,severe,27883268974.591682,14.085980913355405,0.9740185242642304,0.9740185242642304,1.0314719086402706,coupled_severe_fault
IRCLT-0586,10,34,coupled_severe_fault,severe,24624630817.66841,14.017373644894441,0.9761444602461348,0.9761444602461348,1.0286910516531431,coupled_severe_fault
IRCLT-0586,11,35,coupled_severe_fault,severe,23258982742.48895,14.314260497138994,0.9751066783342875,0.9751066783342875,1.019390894442192,coupled_severe_fault
IRCLT-0586,12,40,coupled_severe_fault,severe,24372240855.25064,13.60593830550376,0.9583566098019888,0.9583566098019888,1.026774707714087,coupled_severe_fault
IRCLT-0586,13,43,coupled_severe_fault,severe,25674331967.18648,13.566140776488956,0.9527923174674734,0.9527923174674734,1.0194796716321846,coupled_severe_fault
IRCLT-0586,14,46,coupled_severe_fault,severe,25036373482.63661,13.560589743000236,0.9485558379784949,0.9485558379784949,1.0537629979869674,coupled_severe_fault
IRCLT-0586,15,48,coupled_severe_fault,severe,25484059077.613487,13.562822762570395,0.9644322860624452,0.9644322860624452,1.0377503012956182,coupled_severe_fault
IRCLT-0586,16,53,coupled_severe_fault,severe,24120376898.997158,14.489413606560657,0.9142249660137794,0.9142249660137794,1.0718195747928805,coupled_severe_fault
IRCLT-0586,17,55,coupled_severe_fault,severe,27072235485.93209,13.996934146454908,0.9633134658723967,0.9633134658723967,1.0364017050887318,coupled_severe_fault
IRCLT-0586,18,59,coupled_severe_fault,severe,25910887175.99631,13.89317995790014,0.9295230804487424,0.9295230804487424,1.0529249758150172,coupled_severe_fault
IRCLT-0586,19,63,coupled_severe_fault,severe,26281562445.39701,14.56216486471828,0.9237574556656236,0.9237574556656236,1.0754859062978632,coupled_severe_fault
IRCLT-0586,20,64,coupled_severe_fault,severe,25244147882.064247,14.756564109333599,0.9128630336372529,0.9128630336372529,1.0921442437565625,coupled_severe_fault
IRCLT-0586,21,67,coupled_severe_fault,severe,25404207914.949608,14.340990582282856,0.9419917916100258,0.9419917916100258,1.0507929975007433,coupled_severe_fault
IRCLT-0586,22,71,coupled_severe_fault,severe,26116047433.10965,14.485941249380716,0.9405362557761482,0.9405362557761482,1.0564450051229963,coupled_severe_fault
IRCLT-0586,23,75,coupled_severe_fault,severe,24751922033.870724,14.055146092026078,0.9276960644207471,0.9276960644207471,1.0645909929359696,coupled_severe_fault
IRCLT-0586,24,76,coupled_severe_fault,severe,25280952242.60412,14.025149325456159,0.9558303223826996,0.9558303223826996,1.043168543838303,coupled_severe_fault
IRCLT-0586,25,80,coupled_severe_fault,severe,25414705528.28366,14.476789166008382,0.9171684853176316,0.9171684853176316,1.0947761186907343,coupled_severe_fault
IRCLT-0586,26,81,coupled_severe_fault,severe,21624438759.217133,14.856813869520645,0.9318943854949581,0.9318943854949581,1.058008636465065,coupled_severe_fault
IRCLT-0586,27,82,coupled_severe_fault,severe,22834076461.38499,15.485845984770807,0.8916013254831515,0.8916013254831515,1.107656967205685,coupled_severe_fault
IRCLT-0586,28,84,coupled_severe_fault,severe,25732972065.1809,15.132016703245952,0.9169670530898764,0.9169670530898764,1.081735922228253,coupled_severe_fault
IRCLT-0586,29,89,coupled_severe_fault,severe,24643510809.823208,14.714639412991176,0.9084027783265308,0.9084027783265308,1.101549684013436,coupled_severe_fault
IRCLT-0586,30,92,coupled_severe_fault,severe,24012005675.08884,15.170856151792544,0.9130734482117951,0.9130734482117951,1.0897639077658798,coupled_severe_fault
IRCLT-0586,31,96,coupled_severe_fault,severe,24131292407.257824,13.663616905378232,0.9020598959144944,0.9020598959144944,1.0773255809951012,coupled_severe_fault
IRCLT-0586,32,101,coupled_severe_fault,severe,22879550600.351418,15.232722205221656,0.9043012678577634,0.9043012678577634,1.1012966514789508,coupled_severe_fault
IRCLT-0586,33,106,coupled_severe_fault,severe,24300459570.735523,14.755189962783847,0.9072945466171138,0.9072945466171138,1.0911968346982277,coupled_severe_fault
IRCLT-0586,34,107,coupled_severe_fault,severe,24077357895.340084,14.975473534593448,0.9111353107309482,0.9111353107309482,1.1002129866053854,coupled_severe_fault
IRCLT-0586,35,110,coupled_severe_fault,severe,21512567398.43005,14.451705031190226,0.9007926291822164,0.9007926291822164,1.1139284700235002,coupled_severe_fault
IRCLT-0586,36,113,coupled_severe_fault,severe,24234505469.94501,14.290017619958618,0.8887595826753784,0.8887595826753784,1.1136893949737865,coupled_severe_fault
IRCLT-0586,37,118,coupled_severe_fault,severe,21973320233.59795,15.232960155860338,0.8836373455359786,0.8836373455359786,1.1072048338039453,coupled_severe_fault
IRCLT-0586,38,119,coupled_severe_fault,severe,22600913514.665585,15.61169976627188,0.8649496006518586,0.8649496006518586,1.1153313520880377,coupled_severe_fault
IRCLT-0586,39,121,coupled_severe_fault,severe,23461162060.056942,15.667267934757929,0.9092365199897192,0.9092365199897192,1.0894316660924617,coupled_severe_fault
IRCLT-0586,40,124,coupled_severe_fault,severe,24896352595.7316,15.317329743063574,0.8879756187099147,0.8879756187099147,1.119700763305875,coupled_severe_fault
IRCLT-0586,41,125,coupled_severe_fault,severe,23299831977.25375,14.523302174546515,0.9078862811323826,0.9078862811323826,1.0887708182580882,coupled_severe_fault
IRCLT-0586,42,127,coupled_severe_fault,severe,23366677189.085026,15.139485265460243,0.8708105801257185,0.8708105801257185,1.1300434104135422,coupled_severe_fault
IRCLT-0586,43,128,coupled_severe_fault,severe,22052844960.66955,15.31271492731208,0.8860377672139538,0.8860377672139538,1.1323565073063568,coupled_severe_fault
IRCLT-0586,44,132,coupled_severe_fault,severe,23017024203.31887,15.244539087441337,0.8865373416223098,0.8865373416223098,1.1121517240125969,coupled_severe_fault
IRCLT-0586,45,137,coupled_severe_fault,severe,21332661052.292686,14.890473112206461,0.8650476888358173,0.8650476888358173,1.1377293021946562,coupled_severe_fault
IRCLT-0586,46,139,coupled_severe_fault,severe,24836883941.624657,15.229457311898,0.8629272771557083,0.8629272771557083,1.1566209064265611,coupled_severe_fault
IRCLT-0586,47,143,coupled_severe_fault,severe,23278579082.8604,15.344590821319953,0.8919027764200507,0.8919027764200507,1.111275656548447,coupled_severe_fault
IRCLT-0586,48,146,coupled_severe_fault,severe,22991406186.539692,16.083620130808512,0.8656774379706271,0.8656774379706271,1.1740297737292114,coupled_severe_fault
IRCLT-0586,49,151,coupled_severe_fault,severe,22527413498.3664,15.601082072859946,0.8663437925239555,0.8663437925239555,1.1617358478225348,coupled_severe_fault
IRCLT-0586,50,152,coupled_severe_fault,severe,21900628530.06528,15.847200595552911,0.8601131537602357,0.8601131537602357,1.1412924618218665,coupled_severe_fault
IRCLT-0586,51,154,coupled_severe_fault,severe,23040554040.649082,15.46027042818485,0.8131133417224177,0.8131133417224177,1.1751950179387949,coupled_severe_fault
IRCLT-0586,52,155,coupled_severe_fault,severe,23230530235.948536,16.324684525492586,0.8620218697797272,0.8620218697797272,1.1821373966231363,coupled_severe_fault
IRCLT-0586,53,156,coupled_severe_fault,severe,21188601369.21709,16.571640362873506,0.8431635826951193,0.8431635826951193,1.1877327235863449,coupled_severe_fault
IRCLT-0586,54,161,coupled_severe_fault,severe,21517657956.17525,16.234357205250536,0.8688207198293211,0.8688207198293211,1.1579256602532373,coupled_severe_fault
IRCLT-0586,55,164,coupled_severe_fault,severe,23293518450.062042,15.739435853567905,0.8592510817211738,0.8592510817211738,1.1520303986579326,coupled_severe_fault
IRCLT-0586,56,166,coupled_severe_fault,severe,22338668803.247932,15.890410925463293,0.8423059344141515,0.8423059344141515,1.1722969812883404,coupled_severe_fault
IRCLT-0586,57,171,coupled_severe_fault,severe,22333566504.394558,17.48457626333679,0.8559008879922354,0.8559008879922354,1.167299360361616,coupled_severe_fault
IRCLT-0586,58,176,coupled_severe_fault,severe,22595493500.933445,16.059869792259267,0.8418664877774291,0.8418664877774291,1.1768165334364942,coupled_severe_fault
IRCLT-0586,59,179,coupled_severe_fault,severe,23215907458.220573,16.432853102137674,0.8490721391277096,0.8490721391277096,1.17493764421579,coupled_severe_fault
IRCLT-0586,60,184,coupled_severe_fault,severe,20758903223.065453,16.619732415290965,0.8353779210945158,0.8353779210945158,1.166055469005239,coupled_severe_fault
IRCLT-0586,61,186,coupled_severe_fault,severe,22799954251.981964,16.385779512797562,0.8276544909784652,0.8276544909784652,1.202447177307854,coupled_severe_fault
IRCLT-0586,62,190,coupled_severe_fault,severe,19952045707.558468,18.20873723707528,0.8019719116916896,0.8019719116916896,1.2237900651972426,coupled_severe_fault
IRCLT-0586,63,192,coupled_severe_fault,severe,21788537209.356964,16.888112093288036,0.8397903520254901,0.8397903520254901,1.1744936470589962,coupled_severe_fault
IRCLT-0586,64,193,coupled_severe_fault,severe,21973921626.4848,16.231404316845545,0.8103828569484008,0.8103828569484008,1.215498511691414,coupled_severe_fault
IRCLT-0586,65,195,coupled_severe_fault,severe,20157007420.70856,16.60803691429544,0.8344164222302588,0.8344164222302588,1.2018442481102234,coupled_severe_fault
IRCLT-0586,66,198,coupled_severe_fault,severe,20916722955.60464,16.316582040422777,0.8146266199731889,0.8146266199731889,1.2220370100713651,coupled_severe_fault
IRCLT-0586,67,200,coupled_severe_fault,severe,22707777491.306324,16.649543806570367,0.8353172645559593,0.8353172645559593,1.1967529816648832,coupled_severe_fault
IRCLT-0586,68,204,coupled_severe_fault,severe,23190038517.24492,18.042854153135483,0.8148115409111285,0.8148115409111285,1.2146519176778183,coupled_severe_fault
IRCLT-0586,69,209,coupled_severe_fault,severe,22521399105.297302,17.405211260242574,0.8281914789987554,0.8281914789987554,1.1963746902228156,coupled_severe_fault
IRCLT-0586,70,210,coupled_severe_fault,severe,22107299649.77321,16.1602778914575,0.81329455506412,0.81329455506412,1.2189304772849174,coupled_severe_fault
IRCLT-0586,71,213,coupled_severe_fault,severe,20304696548.45854,17.582396926686446,0.7995129177753221,0.7995129177753221,1.2397675242901989,coupled_severe_fault
IRCLT-0586,72,215,coupled_severe_fault,severe,20933602206.210213,17.65304260613719,0.8092007470056604,0.8092007470056604,1.2178434686291753,coupled_severe_fault
IRCLT-0586,73,219,coupled_severe_fault,severe,22045047382.46845,17.587814442401722,0.8148191837095776,0.8148191837095776,1.2294488344641217,coupled_severe_fault
IRCLT-0586,74,223,coupled_severe_fault,severe,19356599618.844097,18.037672269659428,0.8135533058164707,0.8135533058164707,1.2289665086431638,coupled_severe_fault
IRCLT-0586,75,224,coupled_severe_fault,severe,21360497696.93091,17.791326685926656,0.7937265599001687,0.7937265599001687,1.2420378713868978,coupled_severe_fault
IRCLT-0586,76,228,coupled_severe_fault,severe,21844838178.347828,17.347774275572117,0.7847736537728832,0.7847736537728832,1.2514734209190013,coupled_severe_fault
IRCLT-0586,77,232,coupled_severe_fault,severe,22065555464.12408,17.423440945720667,0.8263469197897964,0.8263469197897964,1.207140947156642,coupled_severe_fault
IRCLT-0586,78,236,coupled_severe_fault,severe,20802349954.050827,17.58279815479294,0.7941693298135629,0.7941693298135629,1.2467346062445843,coupled_severe_fault
IRCLT-0586,79,240,coupled_severe_fault,severe,22064881565.53485,18.12176824331045,0.8044196933309344,0.8044196933309344,1.239364831647042,coupled_severe_fault
IRCLT-0586,80,241,coupled_severe_fault,severe,22041039170.107025,18.332298223979546,0.8018136230036724,0.8018136230036724,1.233409664572155,coupled_severe_fault
IRCLT-0586,81,244,coupled_severe_fault,severe,20757776277.885517,18.533375858836788,0.7857009081693458,0.7857009081693458,1.2506403464855875,coupled_severe_fault
IRCLT-0586,82,249,coupled_severe_fault,severe,22397610351.966564,17.767802634564255,0.8142088220108921,0.8142088220108921,1.235588607675555,coupled_severe_fault
IRCLT-0586,83,252,coupled_severe_fault,severe,20428056006.03536,18.521784107460284,0.8081092112906384,0.8081092112906384,1.24463219541899,coupled_severe_fault
IRCLT-0586,84,257,coupled_severe_fault,severe,20457647298.781075,17.738637010060433,0.8101636686351242,0.8101636686351242,1.2479569132895847,coupled_severe_fault
IRCLT-0586,85,262,coupled_severe_fault,severe,22134002692.92189,18.134194547371624,0.7599142041750306,0.7599142041750306,1.291547841230621,coupled_severe_fault
IRCLT-0586,86,265,coupled_severe_fault,severe,20647632271.329468,18.8751242432166,0.770951382603139,0.770951382603139,1.3045358670055969,coupled_severe_fault
IRCLT-0586,87,270,coupled_severe_fault,severe,20377118821.867496,18.98975711600417,0.7704578074792854,0.7704578074792854,1.283183658381566,coupled_severe_fault
IRCLT-0586,88,274,coupled_severe_fault,severe,19784364068.835285,18.915914954827638,0.7623854724166635,0.7623854724166635,1.3125211146508702,coupled_severe_fault
IRCLT-0586,89,278,coupled_severe_fault,severe,19282692705.297626,17.966770999667684,0.777830776327333,0.777830776327333,1.2659577887973692,coupled_severe_fault
IRCLT-0586,90,280,coupled_severe_fault,severe,21517008613.05136,17.989894190418838,0.7695853465670099,0.7695853465670099,1.2719018787284628,coupled_severe_fault
IRCLT-0586,91,283,coupled_severe_fault,severe,20872510963.95775,18.96602204999406,0.7730057481857979,0.7730057481857979,1.2898184870746403,coupled_severe_fault
IRCLT-0586,92,285,coupled_severe_fault,severe,19186616238.456017,18.78581426034424,0.7617282860125816,0.7617282860125816,1.2915896499991908,coupled_severe_fault
IRCLT-0586,93,286,coupled_severe_fault,severe,20185828930.357483,17.947177421983493,0.7763300238303996,0.7763300238303996,1.2721963952273403,coupled_severe_fault
IRCLT-0586,94,617,coupled_severe_fault,severe,9675468183.89137,49.68471158832376,0.3695864339924655,0.3695864339924655,2.6817099254849084,coupled_severe_fault
IRCLT-0587,1,0,coupled_severe_fault,severe,20869497143.525158,15.778762242039635,0.9742911247017341,0.9742911247017341,0.9881704822896971,coupled_severe_fault
IRCLT-0587,2,1,coupled_severe_fault,severe,21504975341.370068,15.855255868068864,0.9550380327570008,0.9550380327570008,1.0165850581550837,coupled_severe_fault
IRCLT-0587,3,6,coupled_severe_fault,severe,20702963786.26101,16.312743213479127,0.9449887362193066,0.9449887362193066,1.009387936316521,coupled_severe_fault
IRCLT-0587,4,8,coupled_severe_fault,severe,20311847651.8191,16.38820280019521,0.9793045903976396,0.9793045903976396,1.0076402189032816,coupled_severe_fault
IRCLT-0587,5,10,coupled_severe_fault,severe,21597461585.960827,15.64409664121144,0.9648238275766491,0.9648238275766491,1.0224505067109606,coupled_severe_fault
IRCLT-0587,6,14,coupled_severe_fault,severe,20584186106.71984,17.04099710098968,0.9260395204489776,0.9260395204489776,1.0415521175406814,coupled_severe_fault
IRCLT-0587,7,15,coupled_severe_fault,severe,20781867298.790096,17.179661016651682,0.9331448499924581,0.9331448499924581,1.046038517364561,coupled_severe_fault
IRCLT-0587,8,20,coupled_severe_fault,severe,21202833074.290737,16.27386880100066,0.951320474684798,0.951320474684798,1.0292893879836036,coupled_severe_fault
IRCLT-0587,9,25,coupled_severe_fault,severe,22180097721.02177,17.92399456961438,0.8913030782026241,0.8913030782026241,1.0831824547049416,coupled_severe_fault
IRCLT-0587,10,27,coupled_severe_fault,severe,19118018817.9792,17.702992009993324,0.9076435688034584,0.9076435688034584,1.0849066310769773,coupled_severe_fault
IRCLT-0587,11,28,coupled_severe_fault,severe,19364308741.205887,16.824573790221706,0.8990291861743003,0.8990291861743003,1.0752361706390496,coupled_severe_fault
IRCLT-0587,12,33,coupled_severe_fault,severe,19573424552.10789,18.61787844678921,0.8873456477882066,0.8873456477882066,1.0914824159094805,coupled_severe_fault
IRCLT-0587,13,34,coupled_severe_fault,severe,19922265903.61368,17.591501039964598,0.8646567591340089,0.8646567591340089,1.09343806752125,coupled_severe_fault
IRCLT-0587,14,36,coupled_severe_fault,severe,20350146592.65976,17.46940632123045,0.8992952847942843,0.8992952847942843,1.0805218562092385,coupled_severe_fault
IRCLT-0587,15,37,coupled_severe_fault,severe,22556982036.21093,17.577698362042955,0.9000099567501085,0.9000099567501085,1.0715552079464354,coupled_severe_fault
IRCLT-0587,16,42,coupled_severe_fault,severe,20285886753.616062,17.774768496097483,0.8791673702971732,0.8791673702971732,1.101516297193787,coupled_severe_fault
IRCLT-0587,17,44,coupled_severe_fault,severe,21332587150.84631,17.377221722501915,0.8844351103446064,0.8844351103446064,1.0962730420394728,coupled_severe_fault
IRCLT-0587,18,45,coupled_severe_fault,severe,19946650301.36201,18.171979547996475,0.8948139019522813,0.8948139019522813,1.1147927962544242,coupled_severe_fault
IRCLT-0587,19,49,coupled_severe_fault,severe,20598553387.14537,18.670649117072188,0.8593495345006698,0.8593495345006698,1.115795921770674,coupled_severe_fault
IRCLT-0587,20,51,coupled_severe_fault,severe,19004993799.504192,19.271320536752068,0.8230219128627596,0.8230219128627596,1.1405113168336622,coupled_severe_fault
IRCLT-0587,21,56,coupled_severe_fault,severe,19193210066.23832,19.038714448693444,0.8433270430361798,0.8433270430361798,1.1651776457208325,coupled_severe_fault
IRCLT-0587,22,58,coupled_severe_fault,severe,18449448441.76979,18.700112044342585,0.8453704411923687,0.8453704411923687,1.1357558231824665,coupled_severe_fault
IRCLT-0587,23,63,coupled_severe_fault,severe,19266068284.638042,20.087159120547724,0.8303841702367737,0.8303841702367737,1.1636902249997658,coupled_severe_fault
IRCLT-0587,24,64,coupled_severe_fault,severe,18409818089.791767,18.96033808590845,0.8398689299360093,0.8398689299360093,1.1583766984335986,coupled_severe_fault
IRCLT-0587,25,68,coupled_severe_fault,severe,19751628498.56536,19.00268563860162,0.836949713028443,0.836949713028443,1.1591358083932828,coupled_severe_fault
IRCLT-0587,26,70,coupled_severe_fault,severe,19015680082.745384,19.75300340742324,0.8176995422379362,0.8176995422379362,1.1803898391990366,coupled_severe_fault
IRCLT-0587,27,71,coupled_severe_fault,severe,18182380555.681244,19.99655458448461,0.8288716497679558,0.8288716497679558,1.1888143613439903,coupled_severe_fault
IRCLT-0587,28,72,coupled_severe_fault,severe,21269173504.551613,19.318516211452447,0.849900043370485,0.849900043370485,1.1657213550558674,coupled_severe_fault
IRCLT-0587,29,77,coupled_severe_fault,severe,17938408441.335308,19.884347234528555,0.8326674522710567,0.8326674522710567,1.195579579622158,coupled_severe_fault
IRCLT-0587,30,82,coupled_severe_fault,severe,18478162908.675102,19.685513835033497,0.8056305905373917,0.8056305905373917,1.1979595688103373,coupled_severe_fault
IRCLT-0587,31,87,coupled_severe_fault,severe,17509672692.27039,20.374177734894246,0.8031652064450916,0.8031652064450916,1.2123111824527146,coupled_severe_fault
IRCLT-0587,32,90,coupled_severe_fault,severe,17388094179.351032,20.63289211442604,0.8077118837271652,0.8077118837271652,1.2043672167756965,coupled_severe_fault
IRCLT-0587,33,95,coupled_severe_fault,severe,18415900446.458485,21.137709582355868,0.7964560552834077,0.7964560552834077,1.212297034301969,coupled_severe_fault
IRCLT-0587,34,98,coupled_severe_fault,severe,17813933208.790436,21.185149418714246,0.7819440401416996,0.7819440401416996,1.2343485189833368,coupled_severe_fault
IRCLT-0587,35,100,coupled_severe_fault,severe,16887690829.17398,20.94077901156334,0.7839297554676801,0.7839297554676801,1.2498644659210512,coupled_severe_fault
IRCLT-0587,36,104,coupled_severe_fault,severe,17141688001.749403,21.112131224650376,0.7703351475094115,0.7703351475094115,1.2653922546151422,coupled_severe_fault
IRCLT-0587,37,106,coupled_severe_fault,severe,17910183359.735294,21.53340602974195,0.7371793826325032,0.7371793826325032,1.2943085030888026,coupled_severe_fault
IRCLT-0587,38,107,coupled_severe_fault,severe,18154567377.400337,21.17526843706469,0.7765177445993957,0.7765177445993957,1.2602327085706189,coupled_severe_fault
IRCLT-0587,39,109,coupled_severe_fault,severe,17350159960.95959,21.828866026692094,0.7619297164750035,0.7619297164750035,1.2613425421844109,coupled_severe_fault
IRCLT-0587,40,113,coupled_severe_fault,severe,16055231955.104591,23.650433540958034,0.7067044095670375,0.7067044095670375,1.3337253148225834,coupled_severe_fault
IRCLT-0587,41,117,coupled_severe_fault,severe,16550124081.74116,22.256562632252308,0.7473202276697767,0.7473202276697767,1.303657524086677,coupled_severe_fault
IRCLT-0587,42,119,coupled_severe_fault,severe,17661900924.704876,22.375551051227216,0.7331791109967689,0.7331791109967689,1.301421094314637,coupled_severe_fault
IRCLT-0587,43,120,coupled_severe_fault,severe,17885883076.939796,21.545336037791294,0.7818857257129586,0.7818857257129586,1.2507614744613602,coupled_severe_fault
IRCLT-0587,44,122,coupled_severe_fault,severe,16115609908.21695,23.672510263096818,0.7210811094804159,0.7210811094804159,1.357280337922132,coupled_severe_fault
IRCLT-0587,45,127,coupled_severe_fault,severe,16892412963.65927,22.785285633653952,0.7465802101900176,0.7465802101900176,1.2930145716700536,coupled_severe_fault
IRCLT-0587,46,128,coupled_severe_fault,severe,16739028585.661283,22.91699081913062,0.7530723212321037,0.7530723212321037,1.3047849625622845,coupled_severe_fault
IRCLT-0587,47,131,coupled_severe_fault,severe,17154086248.36632,23.085820875903487,0.7497558461498418,0.7497558461498418,1.307217001194798,coupled_severe_fault
IRCLT-0587,48,135,coupled_severe_fault,severe,18727425912.463158,22.82870762152157,0.7140081979615968,0.7140081979615968,1.3440279028846285,coupled_severe_fault
IRCLT-0587,49,140,coupled_severe_fault,severe,16113815168.187662,23.8373965667728,0.7124387615809462,0.7124387615809462,1.3512787490162337,coupled_severe_fault
IRCLT-0587,50,144,coupled_severe_fault,severe,15317166908.666132,23.050563128598352,0.7261953841291605,0.7261953841291605,1.33583597851319,coupled_severe_fault
IRCLT-0587,51,145,coupled_severe_fault,severe,15379517830.098341,23.66734173650073,0.7192481124638183,0.7192481124638183,1.3748726364385977,coupled_severe_fault
IRCLT-0587,52,146,coupled_severe_fault,severe,16249267641.906324,22.80690005260131,0.7390831230262017,0.7390831230262017,1.3435794736620603,coupled_severe_fault
IRCLT-0587,53,150,coupled_severe_fault,severe,15660683719.301,24.14746865812068,0.6986640220016748,0.6986640220016748,1.4020197149893197,coupled_severe_fault
IRCLT-0587,54,152,coupled_severe_fault,severe,15930053160.249638,24.39016715275567,0.6929708833018152,0.6929708833018152,1.3988077341387026,coupled_severe_fault
IRCLT-0587,55,155,coupled_severe_fault,severe,15740670464.132246,24.08501889827228,0.6957035942491757,0.6957035942491757,1.3955152936689859,coupled_severe_fault
IRCLT-0587,56,156,coupled_severe_fault,severe,15266586578.452137,24.556634210748786,0.7215307403531304,0.7215307403531304,1.3408151667295558,coupled_severe_fault
IRCLT-0587,57,157,coupled_severe_fault,severe,15446697666.050987,24.789645561223477,0.6789166946431263,0.6789166946431263,1.4093380090734913,coupled_severe_fault
IRCLT-0587,58,160,coupled_severe_fault,severe,15822343598.581041,24.18661831185789,0.6935277601352517,0.6935277601352517,1.3897267175835428,coupled_severe_fault
IRCLT-0587,59,164,coupled_severe_fault,severe,15692696814.550375,25.755997711027657,0.682381992518101,0.682381992518101,1.4263772518838542,coupled_severe_fault
IRCLT-0587,60,166,coupled_severe_fault,severe,16908883642.465662,25.313437243465682,0.6911601867451245,0.6911601867451245,1.4282074852512388,coupled_severe_fault
IRCLT-0587,61,168,coupled_severe_fault,severe,15589666579.181376,25.777536355172387,0.6656456199064483,0.6656456199064483,1.4727842152212571,coupled_severe_fault
IRCLT-0587,62,169,coupled_severe_fault,severe,16597268978.33114,24.109005588734263,0.6932755227024429,0.6932755227024429,1.4062869677277419,coupled_severe_fault
IRCLT-0587,63,173,coupled_severe_fault,severe,16033715559.86242,25.167465368624875,0.6863133120419881,0.6863133120419881,1.4081658031709143,coupled_severe_fault
IRCLT-0587,64,175,coupled_severe_fault,severe,14685473368.08194,25.68203045794652,0.7066640177601589,0.7066640177601589,1.3885406187408125,coupled_severe_fault
IRCLT-0587,65,177,coupled_severe_fault,severe,14259107736.631418,25.73321118650979,0.6584800092425737,0.6584800092425737,1.4509398116315546,coupled_severe_fault
IRCLT-0587,66,178,coupled_severe_fault,severe,15418979257.840254,25.882012159903127,0.6719890061478409,0.6719890061478409,1.4443107751551822,coupled_severe_fault
IRCLT-0587,67,179,coupled_severe_fault,severe,15878417396.533403,25.455986855421273,0.6761493824586763,0.6761493824586763,1.4424344976601562,coupled_severe_fault
IRCLT-0587,68,184,coupled_severe_fault,severe,14295993677.430784,25.566719161420302,0.6710291047524027,0.6710291047524027,1.4635278515477692,coupled_severe_fault
IRCLT-0587,69,189,coupled_severe_fault,severe,16232371587.139816,26.103920217913107,0.6471411052123237,0.6471411052123237,1.4954718783549543,coupled_severe_fault
IRCLT-0587,70,192,coupled_severe_fault,severe,14706995922.07405,26.179216550400547,0.6695594115225809,0.6695594115225809,1.4747631507256809,coupled_severe_fault
IRCLT-0587,71,194,coupled_severe_fault,severe,14173698279.166922,27.3278137719416,0.642005184157494,0.642005184157494,1.5324179286559578,coupled_severe_fault
IRCLT-0587,72,195,coupled_severe_fault,severe,13592352026.08797,27.24098350097136,0.6306802703544402,0.6306802703544402,1.5443724275279032,coupled_severe_fault
IRCLT-0587,73,199,coupled_severe_fault,severe,14486327417.550644,28.28635172287174,0.6262205145294257,0.6262205145294257,1.5488459353013426,coupled_severe_fault
IRCLT-0587,74,201,coupled_severe_fault,severe,14570758644.972197,26.32797946835113,0.6550905063239107,0.6550905063239107,1.4727028469659469,coupled_severe_fault
IRCLT-0587,75,204,coupled_severe_fault,severe,14406412283.0998,27.189505972650892,0.6388253285353059,0.6388253285353059,1.5181016589598983,coupled_severe_fault
IRCLT-0587,76,207,coupled_severe_fault,severe,15008870782.43936,26.95976725343832,0.6370536961565025,0.6370536961565025,1.5159044351108946,coupled_severe_fault
IRCLT-0587,77,211,coupled_severe_fault,severe,13930286273.479677,27.59265137999813,0.6393831449625607,0.6393831449625607,1.5303827628731073,coupled_severe_fault
IRCLT-0587,78,215,coupled_severe_fault,severe,13683691206.628298,27.6076660529957,0.6260885976558616,0.6260885976558616,1.543035284071387,coupled_severe_fault
IRCLT-0587,79,219,coupled_severe_fault,severe,14959815113.462652,28.51017597275711,0.6287814192872614,0.6287814192872614,1.5515785630530852,coupled_severe_fault
IRCLT-0587,80,220,coupled_severe_fault,severe,13524350530.492456,28.659928263486425,0.6013878621314852,0.6013878621314852,1.5878721749433868,coupled_severe_fault
IRCLT-0587,81,223,coupled_severe_fault,severe,13299970339.508423,29.40024360525506,0.601793624822513,0.601793624822513,1.6023653067153876,coupled_severe_fault
IRCLT-0587,82,224,coupled_severe_fault,severe,13399921943.685646,29.752375585074088,0.5933384660959452,0.5933384660959452,1.6170213238525224,coupled_severe_fault
IRCLT-0587,83,229,coupled_severe_fault,severe,13965059718.581177,29.14536119522936,0.6120201262269871,0.6120201262269871,1.5857694244052485,coupled_severe_fault
IRCLT-0587,84,231,coupled_severe_fault,severe,13858823236.20264,29.927229810617018,0.5862865825500709,0.5862865825500709,1.6486847025992903,coupled_severe_fault
IRCLT-0587,85,233,coupled_severe_fault,severe,13360645314.753649,30.206429930963804,0.5948077938041607,0.5948077938041607,1.647126101861388,coupled_severe_fault
IRCLT-0587,86,238,coupled_severe_fault,severe,12759436478.93457,30.516081314753944,0.5813619699850178,0.5813619699850178,1.66275319089503,coupled_severe_fault
IRCLT-0587,87,242,coupled_severe_fault,severe,13398513251.67305,29.712117206821087,0.5900740687012882,0.5900740687012882,1.6514753581360817,coupled_severe_fault
IRCLT-0587,88,243,coupled_severe_fault,severe,13425943332.284985,30.317624148454442,0.5824796794182456,0.5824796794182456,1.6718548969923466,coupled_severe_fault
IRCLT-0587,89,248,coupled_severe_fault,severe,12484917783.28634,31.201469483717226,0.5713145176378361,0.5713145176378361,1.6983267846067291,coupled_severe_fault
IRCLT-0587,90,253,coupled_severe_fault,severe,13105988342.988268,30.6776229600958,0.5763694267981879,0.5763694267981879,1.653332280850016,coupled_severe_fault
IRCLT-0587,91,258,coupled_severe_fault,severe,13643167096.886688,30.34946568980433,0.5821808860249034,0.5821808860249034,1.6508684972644687,coupled_severe_fault
IRCLT-0587,92,261,coupled_severe_fault,severe,13066007729.272549,31.16729508965157,0.5889754797219545,0.5889754797219545,1.6747784404577521,coupled_severe_fault
IRCLT-0587,93,265,coupled_severe_fault,severe,12670942242.665298,33.019478088609645,0.5476327730573612,0.5476327730573612,1.77464677020175,coupled_severe_fault
IRCLT-0587,94,266,coupled_severe_fault,severe,13701706859.456696,30.809769189385428,0.5793705996101902,0.5793705996101902,1.6914212623684886,coupled_severe_fault
IRCLT-0587,95,267,coupled_severe_fault,severe,12740223944.626678,32.08782114537019,0.5718710184483623,0.5718710184483623,1.7211640720840402,coupled_severe_fault
IRCLT-0587,96,454,coupled_severe_fault,severe,4158575671.704181,65.0,0.176943705802511,0.176943705802511,5.0,coupled_severe_fault
IRCLT-0588,1,0,coupled_severe_fault,severe,21502703322.5957,16.3032190202945,1.0498222398597827,1.0498222398597827,1.0133360788008174,coupled_severe_fault
IRCLT-0588,2,2,coupled_severe_fault,severe,20156744431.39936,18.112699842554182,1.019338463689201,1.019338463689201,1.039087686379789,coupled_severe_fault
IRCLT-0588,3,7,coupled_severe_fault,severe,19810984784.79433,17.028291944113153,1.0500105525496806,1.0500105525496806,1.0140895719666725,coupled_severe_fault
IRCLT-0588,4,12,coupled_severe_fault,severe,19806531258.995613,16.901681895685037,1.0588741294880584,1.0588741294880584,1.0070569639493994,coupled_severe_fault
IRCLT-0588,5,15,coupled_severe_fault,severe,19947586520.323296,17.51768906317747,1.0407346663536798,1.0407346663536798,1.0334948139625066,coupled_severe_fault
IRCLT-0588,6,16,coupled_severe_fault,severe,21137911416.25529,16.024473642184933,1.0017925397478054,1.0017925397478054,1.0157897185864126,coupled_severe_fault
IRCLT-0588,7,21,coupled_severe_fault,severe,18302016909.869404,16.984503981647958,1.029809529803216,1.029809529803216,1.0315628558540153,coupled_severe_fault
IRCLT-0588,8,24,coupled_severe_fault,severe,18604099314.773533,17.74273751347531,1.0097006309375156,1.0097006309375156,1.0406527393898533,coupled_severe_fault
IRCLT-0588,9,27,coupled_severe_fault,severe,18222027138.461826,17.135080847803252,1.0066512175029454,1.0066512175029454,1.0494203656959864,coupled_severe_fault
IRCLT-0588,10,31,coupled_severe_fault,severe,20103701769.960564,17.70051793279425,1.012737338596645,1.012737338596645,1.0448904793750458,coupled_severe_fault
IRCLT-0588,11,33,coupled_severe_fault,severe,20492663541.391224,17.417822237240642,1.0026467946188338,1.0026467946188338,1.0454568624986609,coupled_severe_fault
IRCLT-0588,12,36,coupled_severe_fault,severe,20399968423.97255,17.924357754453997,0.9936087911721962,0.9936087911721962,1.05668442185043,coupled_severe_fault
IRCLT-0588,13,38,coupled_severe_fault,severe,18181684788.4988,17.590998414538962,0.9936028970293496,0.9936028970293496,1.0627315048759092,coupled_severe_fault
IRCLT-0588,14,40,coupled_severe_fault,severe,19179745511.90172,17.342297725943826,1.0117297382319679,1.0117297382319679,1.0646178208062946,coupled_severe_fault
IRCLT-0588,15,45,coupled_severe_fault,severe,19443460188.735508,17.694134265143028,1.0062915691603591,1.0062915691603591,1.0651046126884598,coupled_severe_fault
IRCLT-0588,16,50,coupled_severe_fault,severe,18330455285.4746,17.989147100925926,1.0204153266662923,1.0204153266662923,1.0627463970690652,coupled_severe_fault
IRCLT-0588,17,51,coupled_severe_fault,severe,19979485998.213814,18.419014268094266,0.9792911340342372,0.9792911340342372,1.0841054324236579,coupled_severe_fault
IRCLT-0588,18,54,coupled_severe_fault,severe,20056699563.5823,17.975819476290027,0.9490383326179878,0.9490383326179878,1.078059368492288,coupled_severe_fault
IRCLT-0588,19,59,coupled_severe_fault,severe,19352257480.820168,18.871337652635905,0.967219027172308,0.967219027172308,1.0922466783695022,coupled_severe_fault
IRCLT-0588,20,64,coupled_severe_fault,severe,20049555410.377125,18.29493559210591,0.9701972229395984,0.9701972229395984,1.0781093714515904,coupled_severe_fault
IRCLT-0588,21,67,coupled_severe_fault,severe,18698640279.65113,19.73475055106298,0.9433534651016644,0.9433534651016644,1.120931531972887,coupled_severe_fault
IRCLT-0588,22,72,coupled_severe_fault,severe,17711017902.32549,20.16534767534021,0.9487072910770294,0.9487072910770294,1.1072451206511091,coupled_severe_fault
IRCLT-0588,23,75,coupled_severe_fault,severe,18246792948.38403,19.355881824085237,0.9427858921815566,0.9427858921815566,1.1103232351308692,coupled_severe_fault
IRCLT-0588,24,80,coupled_severe_fault,severe,16463197922.447634,19.81745315481251,0.9500838615185792,0.9500838615185792,1.1219486123998783,coupled_severe_fault
IRCLT-0588,25,83,coupled_severe_fault,severe,18047318725.896675,19.71161221092108,0.9255147464183904,0.9255147464183904,1.1515610784444943,coupled_severe_fault
IRCLT-0588,26,86,coupled_severe_fault,severe,18562821355.198624,20.158383823798022,0.9220131351074821,0.9220131351074821,1.1263511343299086,coupled_severe_fault
IRCLT-0588,27,91,coupled_severe_fault,severe,17505781121.494324,20.015923962150485,0.9094960969035778,0.9094960969035778,1.1393067534840038,coupled_severe_fault
IRCLT-0588,28,94,coupled_severe_fault,severe,18001774344.815445,19.795260719823663,0.9261229764763936,0.9261229764763936,1.1347374690846257,coupled_severe_fault
IRCLT-0588,29,98,coupled_severe_fault,severe,19221241306.561325,20.589821482514893,0.8969270422082585,0.8969270422082585,1.155651933359801,coupled_severe_fault
IRCLT-0588,30,100,coupled_severe_fault,severe,18197416974.81757,19.29965423120744,0.9646452247313804,0.9646452247313804,1.1040512304636367,coupled_severe_fault
IRCLT-0588,31,105,coupled_severe_fault,severe,18741058514.04961,20.103232064873346,0.9127912711054378,0.9127912711054378,1.1575599229547624,coupled_severe_fault
IRCLT-0588,32,107,coupled_severe_fault,severe,17865441228.576748,19.904011423727127,0.9195019929597449,0.9195019929597449,1.155578785462965,coupled_severe_fault
IRCLT-0588,33,111,coupled_severe_fault,severe,17656368496.317883,19.957987466088397,0.9118176610714948,0.9118176610714948,1.1372785686401556,coupled_severe_fault
IRCLT-0588,34,113,coupled_severe_fault,severe,18222270310.859608,19.453050163442928,0.9246306554345418,0.9246306554345418,1.1468276014994867,coupled_severe_fault
IRCLT-0588,35,116,coupled_severe_fault,severe,17043105290.328917,20.418576899344448,0.9025598102593044,0.9025598102593044,1.1793876736181779,coupled_severe_fault
IRCLT-0588,36,121,coupled_severe_fault,severe,17427894557.48911,20.34736554333439,0.8977591189955973,0.8977591189955973,1.184993689143245,coupled_severe_fault
IRCLT-0588,37,123,coupled_severe_fault,severe,18559900211.733192,20.753818273995247,0.8596335829615991,0.8596335829615991,1.1981981158344186,coupled_severe_fault
IRCLT-0588,38,126,coupled_severe_fault,severe,18570958829.08961,21.659331904791824,0.8774904802982326,0.8774904802982326,1.2059348277252957,coupled_severe_fault
IRCLT-0588,39,128,coupled_severe_fault,severe,16605450046.29689,20.5134818224776,0.8982846939016933,0.8982846939016933,1.186731057428117,coupled_severe_fault
IRCLT-0588,40,130,coupled_severe_fault,severe,18401689994.224525,21.39749914017426,0.8596513154997579,0.8596513154997579,1.2007430841015188,coupled_severe_fault
IRCLT-0588,41,135,coupled_severe_fault,severe,16687731201.409956,20.84405670601821,0.9037236891080479,0.9037236891080479,1.1804806039994322,coupled_severe_fault
IRCLT-0588,42,140,coupled_severe_fault,severe,16911718287.820343,21.599186895361694,0.8789129290628489,0.8789129290628489,1.2001318117341877,coupled_severe_fault
IRCLT-0588,43,142,coupled_severe_fault,severe,17381135966.387863,20.91014903417408,0.8979325946476071,0.8979325946476071,1.1830733736427097,coupled_severe_fault
IRCLT-0588,44,144,coupled_severe_fault,severe,17171636628.080269,21.031695602579127,0.8501719774240072,0.8501719774240072,1.2200588868558355,coupled_severe_fault
IRCLT-0588,45,147,coupled_severe_fault,severe,16841636008.310488,20.847514468547708,0.8850043101355157,0.8850043101355157,1.204632310889841,coupled_severe_fault
IRCLT-0588,46,149,coupled_severe_fault,severe,17535024447.871536,21.582869910194216,0.8630982157266197,0.8630982157266197,1.2044626540548695,coupled_severe_fault
IRCLT-0588,47,151,coupled_severe_fault,severe,16844074025.896503,20.809584555191396,0.8750756582857726,0.8750756582857726,1.2171354025403829,coupled_severe_fault
IRCLT-0588,48,153,coupled_severe_fault,severe,17937902630.363766,21.475786714248905,0.8500941653505334,0.8500941653505334,1.2315439532148746,coupled_severe_fault
IRCLT-0588,49,154,coupled_severe_fault,severe,17712396840.89115,21.15041128196715,0.8651312495884835,0.8651312495884835,1.2338578005710268,coupled_severe_fault
IRCLT-0588,50,157,coupled_severe_fault,severe,16066872300.315226,21.690706249451264,0.8748056096229558,0.8748056096229558,1.214284691619714,coupled_severe_fault
IRCLT-0588,51,159,coupled_severe_fault,severe,18357424525.306137,20.496703318279806,0.8870471142125729,0.8870471142125729,1.1986780384529985,coupled_severe_fault
IRCLT-0588,52,161,coupled_severe_fault,severe,17147491997.01091,20.869022908445963,0.8576859376524721,0.8576859376524721,1.21549785059017,coupled_severe_fault
IRCLT-0588,53,166,coupled_severe_fault,severe,17175352438.308437,21.90710681603916,0.8755617953625255,0.8755617953625255,1.2173355524606666,coupled_severe_fault
IRCLT-0588,54,167,coupled_severe_fault,severe,16727180220.979342,21.91718289042897,0.84896875637638,0.84896875637638,1.2457283084651791,coupled_severe_fault
IRCLT-0588,55,169,coupled_severe_fault,severe,17302890267.667446,22.15178365472548,0.8288928197939992,0.8288928197939992,1.2586023371629131,coupled_severe_fault
IRCLT-0588,56,170,coupled_severe_fault,severe,17138693642.930769,21.77751040464717,0.8504792798295778,0.8504792798295778,1.2399514297434295,coupled_severe_fault
IRCLT-0588,57,171,coupled_severe_fault,severe,16881570468.013443,22.482670529138197,0.8671409993057678,0.8671409993057678,1.2123890295585815,coupled_severe_fault
IRCLT-0588,58,174,coupled_severe_fault,severe,16881844315.535515,21.64603042385768,0.8501480433859671,0.8501480433859671,1.2138804958759035,coupled_severe_fault
IRCLT-0588,59,179,coupled_severe_fault,severe,16164289617.527245,21.755571868844804,0.8378189710412972,0.8378189710412972,1.2571615810893937,coupled_severe_fault
IRCLT-0588,60,181,coupled_severe_fault,severe,16729680962.397747,21.861442890448064,0.8453381451696431,0.8453381451696431,1.2260219694321144,coupled_severe_fault
IRCLT-0588,61,186,coupled_severe_fault,severe,16674462033.005915,22.849094233976697,0.8116800350807862,0.8116800350807862,1.2883542544571576,coupled_severe_fault
IRCLT-0588,62,187,coupled_severe_fault,severe,16480097685.811785,22.86422520353047,0.819539870317225,0.819539870317225,1.256789827663679,coupled_severe_fault
IRCLT-0588,63,191,coupled_severe_fault,severe,16866661242.846975,22.6020017062932,0.8426452062419029,0.8426452062419029,1.2750796878735848,coupled_severe_fault
IRCLT-0588,64,194,coupled_severe_fault,severe,16789373859.820269,21.85088057643864,0.8390744891456037,0.8390744891456037,1.2547960156489322,coupled_severe_fault
IRCLT-0588,65,197,coupled_severe_fault,severe,17168061790.863848,22.82985721244071,0.8272655139564178,0.8272655139564178,1.2519646267709896,coupled_severe_fault
IRCLT-0588,66,202,coupled_severe_fault,severe,16584679104.547491,23.125082028556854,0.8491839605451266,0.8491839605451266,1.2711638118923083,coupled_severe_fault
IRCLT-0588,67,204,coupled_severe_fault,severe,16489046213.205153,22.916476431009997,0.8312870907532651,0.8312870907532651,1.270104225915111,coupled_severe_fault
IRCLT-0588,68,208,coupled_severe_fault,severe,16116814414.291618,22.4379752392467,0.8278113096573962,0.8278113096573962,1.250299389897387,coupled_severe_fault
