unit,cycle,day,fault_mode,severity_level,avg_detectivity,NETD_mK,SiTF,signal_gain,read_noise_index,label
IRCLT-0001,1,0,normal,normal,21077594857.44564,14.08689467061938,0.9804512177762033,0.9804512177762033,1.0037701248009223,normal
IRCLT-0001,2,3,normal,normal,21517987100.313347,14.811089480406588,1.003797563295696,1.003797563295696,0.9993098607979116,normal
IRCLT-0001,3,6,normal,normal,19600906679.72156,15.227934880765655,0.9795204878339462,0.9795204878339462,1.0116583490205828,normal
IRCLT-0001,4,9,normal,normal,22011332490.58261,15.082853696604648,0.9971986293218706,0.9971986293218706,0.995240839480014,normal
IRCLT-0001,5,12,normal,normal,21434091305.20196,13.777486240549228,1.0030596019668037,1.0030596019668037,0.9873645739415609,normal
IRCLT-0001,6,13,normal,normal,21074081037.959003,14.621429461677169,1.0104503599992631,1.0104503599992631,0.9922022894963616,normal
IRCLT-0001,7,18,normal,normal,19202952035.47479,14.308297385799122,0.9936140172981068,0.9936140172981068,1.0072545638274413,normal
IRCLT-0001,8,19,normal,normal,19634801226.96426,15.093779539623757,0.9761125273843446,0.9761125273843446,0.9950338870898572,normal
IRCLT-0001,9,20,normal,normal,20039851542.84629,13.731197931500136,1.002420436843358,1.002420436843358,0.9895777005447028,normal
IRCLT-0001,10,22,normal,normal,20256148773.6338,14.296475456469564,1.002006391422529,1.002006391422529,0.994315697073642,normal
IRCLT-0001,11,25,normal,normal,21620275942.53468,13.997872250050142,0.9883939639566862,0.9883939639566862,0.9998825810056496,normal
IRCLT-0001,12,30,normal,normal,20018034133.91586,14.853252073302622,0.996573222318516,0.996573222318516,1.009197101307966,normal
IRCLT-0001,13,32,normal,normal,20211078242.033268,14.34254866767142,0.9657461232458254,0.9657461232458254,1.0106790270856558,normal
IRCLT-0001,14,33,normal,normal,20526237605.074112,14.062299206060352,0.9986491123745992,0.9986491123745992,1.001336502594418,normal
IRCLT-0001,15,38,normal,normal,20853904019.33313,14.280276858963752,0.9664011303762232,0.9664011303762232,1.006011786525951,normal
IRCLT-0001,16,40,normal,normal,21643095362.8571,13.706854196671989,0.9898783745635912,0.9898783745635912,0.9965994552551902,normal
IRCLT-0001,17,41,normal,normal,17915616275.402405,14.22191419289006,0.9746072595603936,0.9746072595603936,1.0131518615246244,normal
IRCLT-0001,18,46,normal,normal,19095789939.907696,15.167077901212028,0.9565812139065836,0.9565812139065836,1.0221381654167137,normal
IRCLT-0001,19,51,normal,normal,19092028766.157627,13.774988692503406,0.9996019380822492,0.9996019380822492,0.9946346560074254,normal
IRCLT-0001,20,52,normal,normal,20086563033.909622,15.162256902631167,1.000183914494097,1.000183914494097,0.9877864749169858,normal
IRCLT-0001,21,56,normal,normal,20480773605.096924,14.460381392180484,1.0256891683415343,1.0256891683415343,0.9851361765115064,normal
IRCLT-0001,22,60,normal,normal,19576197114.60479,14.832398205160306,0.9608234047976402,0.9608234047976402,1.0227497385141633,normal
IRCLT-0001,23,65,normal,normal,19933202529.86346,14.005885633492118,0.9739749108621552,0.9739749108621552,1.0174051842479437,normal
IRCLT-0001,24,68,normal,normal,19958581491.87508,13.685921379856,1.0035344235995516,1.0035344235995516,0.9895266293138448,normal
IRCLT-0001,25,71,normal,normal,19490434857.113007,14.189564084833416,0.997955216302507,0.997955216302507,0.9919274566630218,normal
IRCLT-0001,26,73,normal,normal,19967013361.977955,14.99948514730359,0.9796180142412252,0.9796180142412252,1.0097798759093135,normal
IRCLT-0001,27,76,normal,normal,19321795968.103268,14.868145211578527,0.9792977776012224,0.9792977776012224,1.0187594398028932,normal
IRCLT-0001,28,78,normal,normal,21552232599.562923,14.299648375239917,0.9758851921792489,0.9758851921792489,1.0118482342381816,normal
IRCLT-0001,29,79,normal,normal,21809629958.534203,13.96831131495446,0.9818515365619098,0.9818515365619098,1.0111075473659752,normal
IRCLT-0001,30,81,normal,normal,20083085974.710133,13.97753910851151,0.9475432822421822,0.9475432822421822,1.0118389032022967,normal
IRCLT-0001,31,86,normal,normal,20352651463.527287,14.31236592705145,0.9807001230914364,0.9807001230914364,1.002584332517242,normal
IRCLT-0001,32,91,normal,normal,21895741313.374622,14.756472494768484,0.9962848252707251,0.9962848252707251,0.9930819608008592,normal
IRCLT-0001,33,96,normal,normal,21183872374.93497,14.708718945079177,0.963484125690521,0.963484125690521,1.006016744025272,normal
IRCLT-0001,34,97,normal,normal,19236704722.08051,14.733820111218092,0.997652777282385,0.997652777282385,1.00379442835388,normal
IRCLT-0001,35,99,normal,normal,20137267014.855537,15.47279761154088,0.9562488534699668,0.9562488534699668,1.022393412943343,normal
IRCLT-0001,36,101,normal,normal,20385808633.11904,13.530437177291248,0.9710670558886934,0.9710670558886934,1.0173992806141112,normal
IRCLT-0001,37,102,normal,normal,20383941299.112595,14.664443535472058,0.9925402328591988,0.9925402328591988,0.9996646998520644,normal
IRCLT-0001,38,106,normal,normal,19279978831.10831,14.938908676763706,0.9640120463381334,0.9640120463381334,1.0059729450345472,normal
IRCLT-0001,39,107,normal,normal,19854583055.772068,14.43494351193041,0.9689187360011084,0.9689187360011084,0.999200343872323,normal
IRCLT-0001,40,110,normal,normal,20528987970.141006,14.71018442959039,0.9920542997033324,0.9920542997033324,1.0096158875174814,normal
IRCLT-0001,41,115,normal,normal,18594061327.455624,14.614473971422749,0.9693205719559176,0.9693205719559176,1.0186787060409712,normal
IRCLT-0001,42,117,normal,normal,19734668558.973,14.100299900656072,0.97337430471864,0.97337430471864,1.0093441202686375,normal
IRCLT-0001,43,121,normal,normal,18325038993.895058,14.246881819730168,0.9745744567088402,0.9745744567088402,1.0029288111565202,normal
IRCLT-0001,44,124,normal,normal,19548294556.554768,14.74221756300933,0.9726144672718972,0.9726144672718972,1.0121223069234857,normal
IRCLT-0001,45,128,normal,normal,21460856630.45748,14.236009382711512,0.9583777964498842,0.9583777964498842,1.015123683615659,normal
IRCLT-0001,46,133,normal,normal,21234331611.08313,14.585261414886164,0.984475429071596,0.984475429071596,0.9884333025689876,normal
IRCLT-0001,47,135,normal,normal,20960478703.763607,14.068455575199232,0.9735276520308956,0.9735276520308956,0.9974458425195832,normal
IRCLT-0001,48,136,normal,normal,19434889033.82492,13.441615025931618,0.9858102193799037,0.9858102193799037,0.9972737163615846,normal
IRCLT-0001,49,138,normal,normal,20347628412.75281,15.30144140305812,0.9704994923012704,0.9704994923012704,1.0244858134135306,normal
IRCLT-0001,50,143,normal,normal,19910128598.06664,14.89525168052266,0.9672816645038876,0.9672816645038876,1.0153001895096356,normal
IRCLT-0001,51,146,normal,normal,18790813497.017147,14.104510036059924,0.9856378679646084,0.9856378679646084,1.0064931728448154,normal
IRCLT-0001,52,147,normal,normal,20504600703.90429,14.157195426684948,0.9872835974090204,0.9872835974090204,1.0000912017797647,normal
IRCLT-0001,53,150,normal,normal,20693711846.159267,14.611517213348522,0.98142073653048,0.98142073653048,0.9965265584907936,normal
IRCLT-0001,54,155,normal,normal,20063424940.49153,14.279212899805694,0.9970591417313884,0.9970591417313884,0.987873867635788,normal
IRCLT-0001,55,158,normal,normal,21717275087.814365,14.06632073334726,1.003934316496251,1.003934316496251,0.9889382064353882,normal
IRCLT-0001,56,160,normal,normal,20768215156.35615,14.206770907667408,0.9945011666381022,0.9945011666381022,0.9892347160632232,normal
IRCLT-0001,57,165,normal,normal,20742340284.20789,13.87598503999286,0.9962562489457396,0.9962562489457396,1.0003644520476789,normal
IRCLT-0001,58,169,normal,normal,19330413416.45561,14.636896327671746,0.9571899751423888,0.9571899751423888,0.9928653211127249,normal
IRCLT-0001,59,173,normal,normal,20165552562.102005,13.882758929548256,0.9736411543551774,0.9736411543551774,1.0054354704713893,normal
IRCLT-0001,60,175,normal,normal,18354766862.869045,14.242289666440156,0.971867256719695,0.971867256719695,1.0125562870514495,normal
IRCLT-0001,61,177,normal,normal,20522859640.19448,14.188481483069184,1.001305657950348,1.001305657950348,1.00560454423834,normal
IRCLT-0001,62,181,normal,normal,20178653969.420868,14.314036890738333,0.9724433363674893,0.9724433363674893,1.0047716897718113,normal
IRCLT-0001,63,186,normal,normal,22638231291.23997,13.393050420645702,0.9945893614991904,0.9945893614991904,0.99392104418011,normal
IRCLT-0001,64,187,normal,normal,20048715534.200462,14.371814290282307,0.9782299957927352,0.9782299957927352,1.015100201601959,normal
IRCLT-0001,65,189,normal,normal,18788317522.83329,14.11751052888248,0.967358003246803,0.967358003246803,1.0116812200335554,normal
IRCLT-0001,66,192,normal,normal,20826066531.843506,13.46237561806048,1.0163700610690425,1.0163700610690425,0.9785200906102708,normal
IRCLT-0001,67,195,normal,normal,21921489664.309223,15.830376779611528,0.9782892157063552,0.9782892157063552,1.009206168590062,normal
IRCLT-0001,68,196,normal,normal,21213809700.42876,14.23162927892742,0.978133547722384,0.978133547722384,1.0231736236682332,normal
IRCLT-0001,69,201,normal,normal,22652355044.184418,14.14279820451347,0.9602296137687027,0.9602296137687027,0.9990821783370224,normal
IRCLT-0001,70,203,normal,normal,22318566546.82561,14.1474279198042,0.9592822070929792,0.9592822070929792,1.0092689715017005,normal
IRCLT-0001,71,207,normal,normal,19363169872.62687,14.097949693963486,0.9752442790056912,0.9752442790056912,1.0057831415343783,normal
IRCLT-0001,72,209,normal,normal,19524433108.52013,14.173582676098953,0.9602028881246872,0.9602028881246872,1.0386772912946023,normal
IRCLT-0001,73,211,normal,normal,20188913642.91117,13.69452926262121,0.9973382064251782,0.9973382064251782,0.9919746648576548,normal
IRCLT-0001,74,216,normal,normal,18948705811.227283,14.62861499722564,0.95880934893592,0.95880934893592,1.016675932049521,normal
IRCLT-0001,75,218,normal,normal,20753724909.997803,14.347958886980985,0.9860533078031436,0.9860533078031436,0.995990779416398,normal
IRCLT-0001,76,221,normal,normal,19654157041.84183,13.246533625696012,0.9827596231220552,0.9827596231220552,1.0141136930460437,normal
IRCLT-0001,77,224,normal,normal,19082277517.72833,13.995680588986774,0.9941610980394876,0.9941610980394876,1.0096847595188572,normal
IRCLT-0001,78,226,normal,normal,20180867351.680965,14.886450346681562,0.9828371277596162,0.9828371277596162,1.0089838687225283,normal
IRCLT-0001,79,228,normal,normal,21365612444.336662,14.508143881529572,0.9419888519496448,0.9419888519496448,1.0279617316614498,normal
IRCLT-0001,80,229,normal,normal,18922452290.731754,14.213755393691605,0.9761748693646948,0.9761748693646948,1.0098579480124712,normal
IRCLT-0001,81,230,normal,normal,22300645416.02165,14.315256288836617,0.9848394271227224,0.9848394271227224,1.0028736512104617,normal
IRCLT-0001,82,232,normal,normal,19171305255.49792,13.7916396522748,0.9831220030590226,0.9831220030590226,1.0190312247322375,normal
IRCLT-0001,83,237,normal,normal,21943563655.48579,14.3239206923008,0.9766812776569044,0.9766812776569044,1.001618642192751,normal
IRCLT-0001,84,240,normal,normal,20066786481.64739,14.153122807985026,0.9824447294509452,0.9824447294509452,0.9990181815963692,normal
IRCLT-0001,85,245,normal,normal,20525172725.48546,14.462101111015905,0.992425680761815,0.992425680761815,1.0019497850323154,normal
IRCLT-0001,86,250,normal,normal,21001621622.185307,14.11583373678492,0.9698921994172442,0.9698921994172442,0.9966885012705492,normal
IRCLT-0001,87,253,normal,normal,22078466392.419502,13.849314234692526,0.9874382306102364,0.9874382306102364,1.0016229285041856,normal
IRCLT-0001,88,258,normal,normal,20922112919.99166,14.038366602774682,1.012226626070685,1.012226626070685,1.007424084486983,normal
IRCLT-0001,89,259,normal,normal,20740001020.38412,15.710775502475096,0.9813117103224672,0.9813117103224672,1.0188968514262715,normal
IRCLT-0001,90,263,normal,normal,21601597483.28484,15.359991058130651,0.9728068930129268,0.9728068930129268,0.9953558369579432,normal
IRCLT-0001,91,267,normal,normal,21032629305.43638,14.190295842041571,1.0121227217661175,1.0121227217661175,0.9910972963127784,normal
IRCLT-0001,92,272,normal,normal,20045392443.588425,14.522240753666392,0.9680081042627448,0.9680081042627448,1.0240821348028442,normal
IRCLT-0001,93,275,normal,normal,19181168586.77069,14.805751689497646,0.9806637435120052,0.9806637435120052,0.9994182219005086,normal
IRCLT-0001,94,280,normal,normal,19886374476.30782,14.157753079193174,0.9924768585263872,0.9924768585263872,0.9883864861087976,normal
IRCLT-0001,95,285,normal,normal,21879248753.322742,14.127283598453484,1.0015935224023087,1.0015935224023087,0.991727822181948,normal
IRCLT-0001,96,286,normal,normal,20637057996.416065,14.077871344692593,0.9996755505161335,0.9996755505161335,1.0028972047340634,normal
IRCLT-0001,97,288,normal,normal,21945224152.174686,13.729487969245518,0.9788415264002696,0.9788415264002696,1.0036854587358914,normal
IRCLT-0001,98,290,normal,normal,18723361932.77936,14.953215765532748,0.9652797326850032,0.9652797326850032,1.012711586074221,normal
IRCLT-0001,99,295,normal,normal,20602378578.585884,13.831722603105488,0.9627249203772256,0.9627249203772256,1.015701549112676,normal
IRCLT-0001,100,297,normal,normal,20575018087.020496,14.402757224825285,0.9737754652162148,0.9737754652162148,1.0164957738647946,normal
IRCLT-0001,101,301,normal,normal,20894275918.524963,14.236420121292335,0.9668171298285426,0.9668171298285426,0.9911364043487196,normal
IRCLT-0001,102,303,normal,normal,20098814918.38075,15.433299596988372,0.9872176375847936,0.9872176375847936,1.014315180943054,normal
IRCLT-0001,103,305,normal,normal,21102080497.914955,15.258830199576416,0.952100092957904,0.952100092957904,1.034707349638971,normal
IRCLT-0001,104,307,normal,normal,20272736283.41936,13.739299005230237,0.981146167193281,0.981146167193281,1.0103391567569346,normal
IRCLT-0001,105,310,normal,normal,20148958534.088,14.5085882956037,0.9738008436032868,0.9738008436032868,1.0146641363964397,normal
IRCLT-0001,106,313,normal,normal,19961121474.483536,14.418448347254358,0.995805573770904,0.995805573770904,0.9875057459713809,normal
IRCLT-0001,107,318,normal,normal,20101242689.277668,14.702895509233604,0.9817719814498947,0.9817719814498947,0.995649586407748,normal
IRCLT-0001,108,319,normal,normal,20759477767.064148,14.292196569406771,0.985679032176897,0.985679032176897,1.0016381652290491,normal
IRCLT-0001,109,321,normal,normal,20820716463.36579,14.05748994659237,0.9842457251111588,0.9842457251111588,1.0030575301152258,normal
IRCLT-0001,110,558,normal,normal,21178751337.067024,15.487222476825558,0.9706506277111768,0.9706506277111768,1.0104705574171882,normal
IRCLT-0002,1,0,normal,normal,27906383374.18976,17.177442679632325,1.00066652888048,1.00066652888048,1.0122035419888364,normal
IRCLT-0002,2,3,normal,normal,28780346727.363937,16.494433511905406,1.0159373654076755,1.0159373654076755,0.991281121486114,normal
IRCLT-0002,3,7,normal,normal,28004969583.02102,16.690473612587073,1.0376998257173204,1.0376998257173204,1.0033673911271366,normal
IRCLT-0002,4,9,normal,normal,27812331285.582664,16.663959247093235,1.0160441234430762,1.0160441234430762,0.996450815691126,normal
IRCLT-0002,5,12,normal,normal,28726662647.687763,16.972672400097466,1.0427588032550243,1.0427588032550243,0.981216331992701,normal
IRCLT-0002,6,14,normal,normal,27378330364.387115,17.432473271313135,1.0372101099083388,1.0372101099083388,0.9946245518897594,normal
IRCLT-0002,7,19,normal,normal,26295949817.20321,16.8424444781689,1.0299725861005156,1.0299725861005156,0.9968448282255634,normal
IRCLT-0002,8,21,normal,normal,28880235316.46267,16.79541122949135,1.0209732644519816,1.0209732644519816,0.9831420945943836,normal
IRCLT-0002,9,22,normal,normal,26994848829.721058,16.202523950604434,1.0335430971508266,1.0335430971508266,0.9786997261629116,normal
IRCLT-0002,10,27,normal,normal,29736764023.005863,16.997882617545663,1.0072857345691797,1.0072857345691797,0.9937901306524534,normal
IRCLT-0002,11,31,normal,normal,28616950672.292183,17.345011130374214,1.01735389146121,1.01735389146121,0.9969661110193092,normal
IRCLT-0002,12,32,normal,normal,25003756330.334568,17.419128514045834,1.026190862453464,1.026190862453464,1.0043735134192138,normal
IRCLT-0002,13,35,normal,normal,26750648689.93844,17.444856674942923,1.056870262431861,1.056870262431861,0.988303390963968,normal
IRCLT-0002,14,37,normal,normal,28336295982.59318,16.664622216497705,1.036409841079158,1.036409841079158,0.9944084718970928,normal
IRCLT-0002,15,38,normal,normal,28194997109.77526,16.86417309951205,1.0248273307119278,1.0248273307119278,0.9909858152436306,normal
IRCLT-0002,16,42,normal,normal,26108784685.28639,17.423346220334853,0.9915535872055192,0.9915535872055192,1.0139048049932728,normal
IRCLT-0002,17,43,normal,normal,28669491619.35696,16.58481253274602,0.9978438869579306,0.9978438869579306,1.005567440795634,normal
IRCLT-0002,18,48,normal,normal,29886167790.46228,17.068643964337944,1.0213863574258246,1.0213863574258246,0.99547373273945,normal
IRCLT-0002,19,49,normal,normal,27080309553.92463,16.666454369021885,0.9991090787075776,0.9991090787075776,1.007894212152626,normal
IRCLT-0002,20,50,normal,normal,27111478644.1283,18.02865241638375,1.0029521098806504,1.0029521098806504,0.9886882796856384,normal
IRCLT-0002,21,51,normal,normal,26613079296.949364,17.191880694990818,1.0090697096270618,1.0090697096270618,1.0139687402407749,normal
IRCLT-0002,22,54,normal,normal,27143547940.595657,16.59040948634602,1.0156777626645812,1.0156777626645812,0.9909895031260468,normal
IRCLT-0002,23,58,normal,normal,27087894428.60735,17.105720199400846,0.9898788841338756,0.9898788841338756,1.009505559469658,normal
IRCLT-0002,24,59,normal,normal,27459020310.48823,17.161440379723746,0.988298068078878,0.988298068078878,1.0174143353853762,normal
IRCLT-0002,25,61,normal,normal,29822174323.64582,16.999990502357843,1.0278398649988856,1.0278398649988856,1.0019569274908895,normal
IRCLT-0002,26,64,normal,normal,28112117721.983208,16.913589781000862,1.0091206236906531,1.0091206236906531,1.0182998950678066,normal
IRCLT-0002,27,65,normal,normal,30456286628.109325,16.89858491904762,1.042934614611279,1.042934614611279,0.9811525653784487,normal
IRCLT-0002,28,68,normal,normal,30401157948.951744,16.42790263097822,1.021829319666299,1.021829319666299,0.9940963896206272,normal
IRCLT-0002,29,70,normal,normal,27822614235.195053,17.70211711547826,1.0303693455508445,1.0303693455508445,1.001049627413733,normal
IRCLT-0002,30,72,normal,normal,26198528342.071865,17.154820408934924,1.0219459260480024,1.0219459260480024,1.000250063215528,normal
IRCLT-0002,31,75,normal,normal,27816677330.566704,17.09825878798265,1.0010753196684143,1.0010753196684143,1.0098436472747785,normal
IRCLT-0002,32,80,normal,normal,26463402855.66061,17.257158343062006,0.9798919240226276,0.9798919240226276,1.0227389776036135,normal
IRCLT-0002,33,84,normal,normal,29940165305.11476,17.44001893775885,1.0138268981868532,1.0138268981868532,1.0010922271086216,normal
IRCLT-0002,34,89,normal,normal,28001496854.837486,16.112746526555213,1.0418930732730711,1.0418930732730711,0.9892192270648644,normal
IRCLT-0002,35,94,normal,normal,28343088478.46548,16.576230657194255,1.0258632986013183,1.0258632986013183,0.9904269299179916,normal
IRCLT-0002,36,96,normal,normal,27939080388.193108,16.414094704106333,1.0405984470751188,1.0405984470751188,0.988377469290062,normal
IRCLT-0002,37,97,normal,normal,25666611380.319256,17.28127516538318,1.0163127847896698,1.0163127847896698,1.0217141559625251,normal
IRCLT-0002,38,100,normal,normal,29463882558.983185,17.075517557585915,1.0262205872456407,1.0262205872456407,0.9919075415202778,normal
IRCLT-0002,39,101,normal,normal,28496766416.436028,17.10803577017099,1.003325611777082,1.003325611777082,0.998583732618146,normal
IRCLT-0002,40,104,normal,normal,28015550278.14452,17.307642513830658,1.024121286103136,1.024121286103136,0.9987113777411016,normal
IRCLT-0002,41,109,normal,normal,26429942222.90075,16.62153492589858,1.0228020151613555,1.0228020151613555,0.9888230188157277,normal
IRCLT-0002,42,111,normal,normal,27287814617.17603,16.896644213674755,1.0001436100261327,1.0001436100261327,1.0116460196658217,normal
IRCLT-0002,43,115,normal,normal,28782267028.826435,17.134233220881082,1.021794243424042,1.021794243424042,0.997163049498848,normal
IRCLT-0002,44,120,normal,normal,26235092840.32508,17.45825732612083,1.0105961745892345,1.0105961745892345,1.0170768570222628,normal
IRCLT-0002,45,121,normal,normal,27758558962.76924,17.43929873728097,1.007165330314511,1.007165330314511,1.011011498465564,normal
IRCLT-0002,46,126,normal,normal,24360503565.51488,17.2160384340468,1.0279961898301555,1.0279961898301555,1.0009119620171274,normal
IRCLT-0002,47,127,normal,normal,29324395571.59553,16.973282928572413,1.0301136152659092,1.0301136152659092,1.026640932862491,normal
IRCLT-0002,48,132,normal,normal,28232697657.344524,15.60999514421464,1.0651512145847457,1.0651512145847457,0.975463878544978,normal
IRCLT-0002,49,135,normal,normal,28756641901.841484,17.563382375284156,1.0287932305059102,1.0287932305059102,0.987196447411225,normal
IRCLT-0002,50,137,normal,normal,28308926284.250668,16.417650775203786,1.0488427868929584,1.0488427868929584,0.9791119439353768,normal
IRCLT-0002,51,140,normal,normal,26628841859.25828,17.007199901969464,1.003645263031936,1.003645263031936,1.0142447227930451,normal
IRCLT-0002,52,141,normal,normal,28382319480.439293,16.328822050998866,1.0314524170673196,1.0314524170673196,0.9879170624591028,normal
IRCLT-0002,53,144,normal,normal,27404490926.018665,17.497298900400942,1.0001216846333467,1.0001216846333467,1.019818508645581,normal
IRCLT-0002,54,146,normal,normal,26578736443.17199,16.760704470743963,1.0140181605604532,1.0140181605604532,1.00021816034898,normal
IRCLT-0002,55,147,normal,normal,27414007839.40513,17.324147258133724,0.9926699974055344,0.9926699974055344,1.0129817757105506,normal
IRCLT-0002,56,150,normal,normal,26174930778.237988,16.236082091807834,1.0124094000953616,1.0124094000953616,1.0014992501247089,normal
IRCLT-0002,57,151,normal,normal,27823520237.00252,16.563725117845394,1.033258494073106,1.033258494073106,0.997322855551742,normal
IRCLT-0002,58,153,normal,normal,29741355368.90829,16.67736183444374,1.0493081564128843,1.0493081564128843,1.0005264074260578,normal
IRCLT-0002,59,156,normal,normal,29227757592.63637,16.812745514433274,1.0461300326742695,1.0461300326742695,0.9951595348132404,normal
IRCLT-0002,60,159,normal,normal,25975146981.24392,18.09963884284281,1.0316581398043023,1.0316581398043023,1.0049872870246035,normal
IRCLT-0002,61,162,normal,normal,27071667524.10438,16.19829269529969,1.0106270865965243,1.0106270865965243,1.012262010161137,normal
IRCLT-0002,62,166,normal,normal,28377032183.7364,16.655020782788363,1.025261103146099,1.025261103146099,0.9952474640423488,normal
IRCLT-0002,63,167,normal,normal,25371096579.27004,17.07342672970868,1.0239446810186934,1.0239446810186934,1.0001056288055847,normal
IRCLT-0002,64,172,normal,normal,28325350662.78916,17.407573490971693,1.0304574485867817,1.0304574485867817,1.007697684586101,normal
IRCLT-0002,65,173,normal,normal,28159336835.41261,17.927995876952966,1.0295256635957608,1.0295256635957608,1.0164552652734604,normal
IRCLT-0002,66,177,normal,normal,27359647345.98045,17.222501918189337,1.019934449508343,1.019934449508343,1.0084209322182067,normal
IRCLT-0002,67,179,normal,normal,25792386268.461967,18.03560814689933,1.0129552952803969,1.0129552952803969,1.01887433583223,normal
IRCLT-0002,68,184,normal,normal,27167966466.668148,16.975555077845765,1.0259420641311408,1.0259420641311408,0.9907032087071396,normal
IRCLT-0002,69,186,normal,normal,31776833124.71311,16.522171801988993,1.0150445289480114,1.0150445289480114,1.0027917130365829,normal
IRCLT-0002,70,190,normal,normal,30323310087.28032,16.092429796892386,1.0567601334706798,1.0567601334706798,0.9834573246252644,normal
IRCLT-0002,71,191,normal,normal,26470143373.732822,17.084910289015784,1.0200836482461129,1.0200836482461129,0.998999780503957,normal
IRCLT-0002,72,195,normal,normal,26620244313.90465,16.271598371697785,1.0503891008913109,1.0503891008913109,0.9781630964578392,normal
IRCLT-0002,73,200,normal,normal,28575844252.51647,16.951341654274792,1.0261496829783328,1.0261496829783328,0.9823574349304453,normal
IRCLT-0002,74,203,normal,normal,26337666088.059303,16.64354780931556,0.9955053343499808,0.9955053343499808,1.0119471410364187,normal
IRCLT-0002,75,207,normal,normal,28328979677.362232,16.381815347758675,1.0232225452994783,1.0232225452994783,1.005661840023862,normal
IRCLT-0002,76,212,normal,normal,27585833403.55249,17.055616022058395,1.0322388597254684,1.0322388597254684,0.9969261764082872,normal
IRCLT-0002,77,213,normal,normal,25631210168.97659,16.77191213282972,1.0011501015196531,1.0011501015196531,1.007560695849912,normal
IRCLT-0002,78,218,normal,normal,29020330367.79327,16.987158053404034,0.9734872666238956,0.9734872666238956,1.0240540297711134,normal
IRCLT-0002,79,220,normal,normal,28139702914.641747,16.93987008252429,1.011938830301601,1.011938830301601,0.9948434075398668,normal
IRCLT-0002,80,221,normal,normal,27090683022.01664,16.811068142510056,1.0244819235032196,1.0244819235032196,0.9941746412209286,normal
IRCLT-0002,81,222,normal,normal,27577994927.90937,16.719924117165267,1.0452487562790562,1.0452487562790562,0.9896398593984485,normal
IRCLT-0002,82,224,normal,normal,28244146611.644382,16.464968569517595,1.0005258996962398,1.0005258996962398,1.0290904562000358,normal
IRCLT-0002,83,228,normal,normal,28417655090.53884,17.127613494076908,1.008310555057535,1.008310555057535,1.012578532581918,normal
IRCLT-0002,84,230,normal,normal,28692522360.899227,15.804808058243909,1.0248212389314908,1.0248212389314908,0.9913976267699762,normal
IRCLT-0002,85,233,normal,normal,25616767933.568146,16.651852567587586,1.0294442507536308,1.0294442507536308,0.9959977654445824,normal
IRCLT-0002,86,236,normal,normal,26550902646.58826,16.630564543715572,1.030981788446889,1.030981788446889,1.009510409107382,normal
IRCLT-0002,87,238,normal,normal,28427813663.427567,17.2976632478414,1.0185826012965655,1.0185826012965655,0.9990910926089503,normal
IRCLT-0002,88,242,normal,normal,27804616830.716427,16.33378142252567,1.0483069427823344,1.0483069427823344,0.9942624582895164,normal
IRCLT-0002,89,244,normal,normal,29439816788.52879,16.23912473762429,1.0419076796458406,1.0419076796458406,0.9893970593953348,normal
IRCLT-0002,90,245,normal,normal,27684517375.44284,16.909416567924357,1.0146214129333275,1.0146214129333275,0.9936331639006682,normal
IRCLT-0002,91,246,normal,normal,28097952128.663136,17.318740490555165,1.0075216126493434,1.0075216126493434,1.013786486601322,normal
IRCLT-0002,92,247,normal,normal,24618535724.30319,16.914901881399867,1.001625213170467,1.001625213170467,1.0130518019299226,normal
IRCLT-0002,93,249,normal,normal,26894258828.00828,17.103579341008608,1.022228906249962,1.022228906249962,1.006340872547424,normal
IRCLT-0002,94,252,normal,normal,29450301906.54875,16.84246304377463,1.01656018703989,1.01656018703989,1.0098152963190363,normal
IRCLT-0002,95,255,normal,normal,29032739027.019,16.789368333082535,1.036537529745893,1.036537529745893,1.013113416819019,normal
IRCLT-0002,96,260,normal,normal,26611048288.154552,16.86290271188143,1.0433000236082188,1.0433000236082188,0.9882081247506298,normal
IRCLT-0002,97,264,normal,normal,29569899366.48612,16.985269812785827,1.041463985251691,1.041463985251691,0.9951930817781058,normal
IRCLT-0002,98,265,normal,normal,27600303085.702614,16.991758022712762,1.0024573738967908,1.0024573738967908,1.0101337071912375,normal
IRCLT-0002,99,270,normal,normal,27693419299.141453,16.956138628877206,1.0122279943885792,1.0122279943885792,1.0135983116799188,normal
IRCLT-0002,100,275,normal,normal,27415584235.439148,16.763187902040233,1.0327547683725906,1.0327547683725906,0.9967753146109722,normal
IRCLT-0002,101,280,normal,normal,27256064829.67104,16.517854567055522,1.0270302577775343,1.0270302577775343,0.9849523829389134,normal
IRCLT-0002,102,281,normal,normal,29368562874.51228,17.453248849455136,1.041644809591456,1.041644809591456,0.993179659566811,normal
IRCLT-0002,103,283,normal,normal,27763565524.62986,17.649658951334366,0.9849314801833652,0.9849314801833652,1.0255149205186465,normal
IRCLT-0002,104,284,normal,normal,28291388956.31734,17.09629630518457,1.006883437586675,1.006883437586675,1.0027277930148246,normal
IRCLT-0002,105,286,normal,normal,28758466004.50369,16.998776481061874,1.0288954454547274,1.0288954454547274,1.0016899677329878,normal
IRCLT-0002,106,290,normal,normal,28589924669.710945,17.175666494070327,0.9932857675460351,0.9932857675460351,1.0162004379016274,normal
IRCLT-0002,107,292,normal,normal,27429345439.941284,17.290384850841527,1.017962330905471,1.017962330905471,1.010689551815365,normal
IRCLT-0002,108,295,normal,normal,29825623217.634144,16.26270401467932,1.0303191929111053,1.0303191929111053,0.9875113923395792,normal
IRCLT-0002,109,298,normal,normal,27222446994.42995,18.145580981496536,0.996001059209188,0.996001059209188,1.0119100594761317,normal
IRCLT-0002,110,300,normal,normal,28275639129.951004,17.27738235196225,1.0142898979981692,1.0142898979981692,0.9947928623556114,normal
IRCLT-0002,111,305,normal,normal,29240811347.263973,17.065186173625854,1.0054964463150025,1.0054964463150025,1.0128198731209574,normal
IRCLT-0002,112,307,normal,normal,28642947034.868465,16.63698753693966,1.030237165250108,1.030237165250108,0.9898487643050212,normal
IRCLT-0002,113,311,normal,normal,28543028364.0324,16.88603016411653,1.0239234153716916,1.0239234153716916,0.9887650616349736,normal
IRCLT-0002,114,315,normal,normal,31323351717.71402,16.874215020672988,1.0489114319021224,1.0489114319021224,0.9929119286805074,normal
IRCLT-0002,115,316,normal,normal,27046905793.26556,16.671583337657975,0.9873895853255188,0.9873895853255188,1.0235070039606766,normal
IRCLT-0002,116,320,normal,normal,27122041889.53124,18.177827124940823,1.0036444964907167,1.0036444964907167,1.0162707631189798,normal
IRCLT-0002,117,321,normal,normal,25292298156.593323,16.54465894241309,0.9917773746607064,0.9917773746607064,1.008167061600708,normal
IRCLT-0002,118,324,normal,normal,27548637489.14025,17.055460821965227,1.062843131327892,1.062843131327892,0.9861046895469058,normal
IRCLT-0002,119,329,normal,normal,27107670788.383507,17.587867987538395,1.001437163935158,1.001437163935158,1.0077151908691253,normal
IRCLT-0002,120,330,normal,normal,27695816541.947144,16.43640782653913,1.03087671050646,1.03087671050646,0.9967842491359088,normal
IRCLT-0002,121,334,normal,normal,28050834316.988544,16.209434157578126,1.017892881835259,1.017892881835259,1.00511791557443,normal
IRCLT-0002,122,335,normal,normal,26572224660.72422,16.570387934585945,1.0409021299348438,1.0409021299348438,0.9833715190000858,normal
IRCLT-0002,123,339,normal,normal,26823494230.770054,17.797213209913348,1.0143158415859337,1.0143158415859337,0.999328906460386,normal
IRCLT-0002,124,340,normal,normal,25785088329.749,16.197164120005354,1.0328633265688083,1.0328633265688083,0.9886285179477198,normal
IRCLT-0002,125,344,normal,normal,26102855533.113186,17.30883196085728,1.018507838618265,1.018507838618265,0.9838546153316252,normal
IRCLT-0002,126,348,normal,normal,25811302746.72127,17.45719091656376,0.9831006524160538,0.9831006524160538,1.0333249112211695,normal
IRCLT-0002,127,353,normal,normal,25140229338.77648,16.893668935944614,0.9908837919091532,0.9908837919091532,1.0220303811867568,normal
IRCLT-0002,128,354,normal,normal,26406517135.58007,16.37300870486846,0.9904300179426118,0.9904300179426118,1.0151485446440571,normal
IRCLT-0002,129,359,normal,normal,26750883478.1065,17.875735581932712,0.9766026054810056,0.9766026054810056,1.0169804158991045,normal
IRCLT-0002,130,364,normal,normal,29151788333.754463,16.584089917766835,1.0197777691639556,1.0197777691639556,0.9945053036626604,normal
IRCLT-0002,131,366,normal,normal,29386234962.804752,16.834997436061332,1.007380982749044,1.007380982749044,1.003370339396265,normal
IRCLT-0002,132,371,normal,normal,27827818516.46344,16.721101791748588,1.007381648647163,1.007381648647163,1.0056646112331984,normal
IRCLT-0002,133,373,normal,normal,27600806295.15377,17.531850279635446,0.984169635266862,0.984169635266862,1.0229494718349303,normal
IRCLT-0002,134,376,normal,normal,28047703084.454937,16.94987212891261,1.01349207538107,1.01349207538107,1.0227357589437356,normal
IRCLT-0002,135,379,normal,normal,27178768236.725266,16.910119202017604,1.0453466651013452,1.0453466651013452,0.9996669587016692,normal
IRCLT-0002,136,383,normal,normal,25814814883.320183,18.143440810777573,0.9974812375881958,0.9974812375881958,1.029811292380479,normal
IRCLT-0002,137,384,normal,normal,28972102432.139645,16.398323133030235,1.0104604332586566,1.0104604332586566,1.0091582535675838,normal
IRCLT-0002,138,387,normal,normal,27047264694.742847,16.570805327917252,0.9889255899410488,0.9889255899410488,1.0088041870951956,normal
IRCLT-0002,139,390,normal,normal,29426663916.52712,17.11931054299314,1.023891357306949,1.023891357306949,0.9951637995064714,normal
IRCLT-0002,140,393,normal,normal,29783010416.91516,16.69200039959593,1.007986388493695,1.007986388493695,1.0113556592390571,normal
IRCLT-0002,141,397,normal,normal,28201714672.58685,17.069970788531656,0.9986557744913792,0.9986557744913792,1.0080253630492966,normal
IRCLT-0002,142,402,normal,normal,27738793923.711086,17.426959685567194,0.9869884918923598,0.9869884918923598,1.027890854544436,normal
IRCLT-0002,143,406,normal,normal,28262401435.12223,16.325133337037943,1.0385796576592052,1.0385796576592052,0.9875326442616436,normal
IRCLT-0002,144,615,normal,normal,28364760869.8683,17.33750737237058,1.0456008790683202,1.0456008790683202,0.995755615214446,normal
IRCLT-0003,1,0,normal,normal,25756200459.32849,15.1037979809451,0.964161639138788,0.964161639138788,0.9906882947129024,normal
IRCLT-0003,2,2,normal,normal,26379775894.288727,15.781856686827728,0.9810124018964538,0.9810124018964538,0.9956523396037896,normal
IRCLT-0003,3,4,normal,normal,23988011488.57469,14.36309169047153,0.9651132937231608,0.9651132937231608,0.9959002172487156,normal
IRCLT-0003,4,6,normal,normal,26334229239.47816,14.99990925405399,0.9942469217114538,0.9942469217114538,0.9852098225833934,normal
IRCLT-0003,5,11,normal,normal,24000904695.75721,14.268748530637811,0.9866468822457864,0.9866468822457864,0.9880595376457748,normal
IRCLT-0003,6,14,normal,normal,27177566412.914707,13.86872588707281,0.9675898671689154,0.9675898671689154,1.0083295558212415,normal
IRCLT-0003,7,19,normal,normal,25066733607.59569,14.54741646872242,0.9705028281544356,0.9705028281544356,0.983642025569324,normal
IRCLT-0003,8,23,normal,normal,26142206086.24361,14.63369493263128,0.9851390006318648,0.9851390006318648,1.0054544854241356,normal
IRCLT-0003,9,27,normal,normal,24376884415.886784,14.873505526878212,0.9657977761331104,0.9657977761331104,1.004820174209034,normal
IRCLT-0003,10,32,normal,normal,21596718648.13183,14.585230606816008,0.9745792871757328,0.9745792871757328,1.006338126307893,normal
IRCLT-0003,11,35,normal,normal,25197300217.221355,14.97592664835465,0.9772064478085448,0.9772064478085448,1.0116978541129276,normal
IRCLT-0003,12,38,normal,normal,25156056187.90696,14.706538849680276,0.9723728358825338,0.9723728358825338,0.990929411424709,normal
IRCLT-0003,13,41,normal,normal,25850998752.62381,15.374960974955949,0.9760209141574708,0.9760209141574708,1.003527162714876,normal
IRCLT-0003,14,43,normal,normal,24348941519.33948,14.140648683171932,1.0031882065603142,1.0031882065603142,0.985147760496703,normal
IRCLT-0003,15,47,normal,normal,24395066319.962414,14.416033790717693,0.9581780665800346,0.9581780665800346,1.0168502588457125,normal
IRCLT-0003,16,52,normal,normal,23738742417.29781,14.593382212788832,0.9662940115027692,0.9662940115027692,1.0182563045113744,normal
IRCLT-0003,17,55,normal,normal,25673187342.25625,14.384789580063478,0.9956257513325688,0.9956257513325688,0.9840409608520744,normal
IRCLT-0003,18,58,normal,normal,26605714772.701427,14.912977834811556,0.9783291358802731,0.9783291358802731,1.0072768722756626,normal
IRCLT-0003,19,62,normal,normal,26097800240.973022,14.48753698229992,0.983018192905416,0.983018192905416,1.0114349826966424,normal
IRCLT-0003,20,63,normal,normal,24557376125.55368,14.90015357865026,0.9678004706289404,0.9678004706289404,1.0057151422818404,normal
IRCLT-0003,21,64,normal,normal,24732992646.54539,14.119453817104958,0.9958222964413564,0.9958222964413564,0.9881013458970896,normal
IRCLT-0003,22,66,normal,normal,25213496138.42875,13.918803429595185,0.9899635141826122,0.9899635141826122,1.0050163365319396,normal
IRCLT-0003,23,67,normal,normal,24648292638.102272,14.373830757666244,0.9789914132517205,0.9789914132517205,1.0006943217386444,normal
IRCLT-0003,24,68,normal,normal,26387130762.779263,15.170545682492582,1.0005041552505252,1.0005041552505252,0.9905433379449068,normal
IRCLT-0003,25,70,normal,normal,25838285716.33232,14.212340011588996,0.9959752614544062,0.9959752614544062,0.9953671337311676,normal
IRCLT-0003,26,71,normal,normal,23162901610.78921,14.282401846959782,0.9585584043878438,0.9585584043878438,1.0110606962891615,normal
IRCLT-0003,27,74,normal,normal,24750507069.900543,14.51019826985534,0.972750240849944,0.972750240849944,1.0052549393655386,normal
IRCLT-0003,28,77,normal,normal,24008493461.628044,14.567601175567416,0.9630253666712684,0.9630253666712684,1.0062193561811288,normal
IRCLT-0003,29,82,normal,normal,24300177178.78052,14.393086149848733,0.9635239438252938,0.9635239438252938,1.0099411097034563,normal
IRCLT-0003,30,86,normal,normal,27675452272.32048,14.846297652883145,0.9777092415368084,0.9777092415368084,0.9964816823133692,normal
IRCLT-0003,31,90,normal,normal,25911113616.510983,14.567746688055168,0.9649789766961128,0.9649789766961128,1.0056496540278224,normal
IRCLT-0003,32,94,normal,normal,26103078347.87375,14.697021406392368,0.9641895174122104,0.9641895174122104,1.0162932038289667,normal
IRCLT-0003,33,96,normal,normal,27884945995.2795,14.950900004780214,0.9601037324099092,0.9601037324099092,1.0168812429227851,normal
IRCLT-0003,34,100,normal,normal,24863381102.84537,14.526552451084385,0.9849753124977054,0.9849753124977054,0.9939801776218232,normal
IRCLT-0003,35,102,normal,normal,22160100224.58765,14.977134628223736,0.9733718212965832,0.9733718212965832,1.0104562603839045,normal
IRCLT-0003,36,107,normal,normal,24250389580.87082,14.365734834635342,0.9808450750703148,0.9808450750703148,1.004583016357134,normal
IRCLT-0003,37,112,normal,normal,24397084400.28356,14.340213773222718,0.9925070755479524,0.9925070755479524,0.9889943813524014,normal
IRCLT-0003,38,115,normal,normal,23236156722.745544,14.22466223199985,0.976845081996236,0.976845081996236,1.0071778276730676,normal
IRCLT-0003,39,120,normal,normal,23535593407.76778,14.205444036351537,0.9600622576312196,0.9600622576312196,1.0030164216705315,normal
IRCLT-0003,40,121,normal,normal,23460570641.06441,14.176743619715266,0.9664607259376172,0.9664607259376172,1.00859436739313,normal
IRCLT-0003,41,125,normal,normal,24125421186.76531,15.064886807181985,0.9731984376052863,0.9731984376052863,1.008793628046129,normal
IRCLT-0003,42,127,normal,normal,24106088012.59409,15.006328621402252,0.9707491577264326,0.9707491577264326,1.00542586932735,normal
IRCLT-0003,43,129,normal,normal,26666417648.50581,14.372603906372625,0.9908832195470144,0.9908832195470144,0.988010262772698,normal
IRCLT-0003,44,134,normal,normal,25633350263.038704,14.681004225438665,0.9917008993297116,0.9917008993297116,0.991014277667052,normal
IRCLT-0003,45,139,normal,normal,23532727852.752407,15.825771531579765,0.9580646519832045,0.9580646519832045,1.0254676277264152,normal
IRCLT-0003,46,141,normal,normal,24508565069.07765,15.503767981105325,0.9435079691805311,0.9435079691805311,1.01818555359361,normal
IRCLT-0003,47,145,normal,normal,24377197214.42893,14.432780579750784,0.98312876462351,0.98312876462351,1.0005474151997191,normal
IRCLT-0003,48,149,normal,normal,23125448349.57112,14.9060563138044,1.0035735224094424,1.0035735224094424,0.9801680963800476,normal
IRCLT-0003,49,150,normal,normal,24446037413.3885,15.366264284874038,0.989573964371085,0.989573964371085,0.9991562916343604,normal
IRCLT-0003,50,155,normal,normal,23727185248.557533,14.63857585559598,0.9803116546179172,0.9803116546179172,1.0134370101875243,normal
IRCLT-0003,51,158,normal,normal,26762813476.11343,13.923411831406582,0.9696803710875374,0.9696803710875374,1.0026551827335202,normal
IRCLT-0003,52,160,normal,normal,24843644148.928875,15.319427434601543,0.994753000972641,0.994753000972641,1.019695478119018,normal
IRCLT-0003,53,163,normal,normal,24334508020.88583,14.76770306838866,1.0193302722141746,1.0193302722141746,0.993706950294304,normal
IRCLT-0003,54,168,normal,normal,24999117141.6538,14.569045205917504,0.9827991155304152,0.9827991155304152,0.9995552778319492,normal
IRCLT-0003,55,171,normal,normal,23627448253.58771,14.162673481823589,0.9677239242422822,0.9677239242422822,0.998678608644544,normal
IRCLT-0003,56,172,normal,normal,24681939560.02869,14.967834030427763,0.9806965861547752,0.9806965861547752,0.9999512254856568,normal
IRCLT-0003,57,175,normal,normal,24632714102.569378,14.061531447808765,0.9594136353806232,0.9594136353806232,1.0143560169291015,normal
IRCLT-0003,58,180,normal,normal,23523814909.4835,14.985204949812283,0.9711387584973248,0.9711387584973248,1.0145202768216024,normal
IRCLT-0003,59,184,normal,normal,25165127720.341896,14.537429894793643,0.965744414470208,0.965744414470208,1.0043448010066534,normal
IRCLT-0003,60,188,normal,normal,23962012784.54619,13.944553724990207,0.9852986972620648,0.9852986972620648,0.9971763983699624,normal
IRCLT-0003,61,192,normal,normal,25614620871.210423,13.170139855497643,0.9935887486205556,0.9935887486205556,0.9880356029038472,normal
IRCLT-0003,62,195,normal,normal,24669346303.55427,14.171998262973258,1.018338803244848,1.018338803244848,0.9960619842817974,normal
IRCLT-0003,63,196,normal,normal,25868254657.761307,14.323779453996089,0.9785163336866896,0.9785163336866896,0.9990502686737384,normal
IRCLT-0003,64,197,normal,normal,25887424161.946648,14.835302519989996,0.9833506362064576,0.9833506362064576,0.996953290846632,normal
IRCLT-0003,65,202,normal,normal,25016813314.817818,15.341723072372613,0.9850067088763964,0.9850067088763964,0.9927453338448408,normal
IRCLT-0003,66,206,normal,normal,23849886736.582508,13.92671438597583,0.997368066407067,0.997368066407067,0.9891047558938671,normal
IRCLT-0003,67,209,normal,normal,26682316394.90052,13.570705400399998,0.9989114959978264,0.9989114959978264,0.9665212797279245,normal
IRCLT-0003,68,213,normal,normal,23040067907.37508,14.771848826628723,0.9838911347537076,0.9838911347537076,1.001109020510503,normal
IRCLT-0003,69,214,normal,normal,26647761530.907715,14.281282464536778,0.9726138683512174,0.9726138683512174,0.9989936947887118,normal
IRCLT-0003,70,219,normal,normal,25233608507.975883,14.446410068173735,0.9701180763355148,0.9701180763355148,1.0139679995450102,normal
IRCLT-0003,71,223,normal,normal,23625010274.85012,14.923569747591555,0.9794907351092356,0.9794907351092356,1.0024768319666475,normal
IRCLT-0003,72,225,normal,normal,22879729743.76456,14.623007649564114,0.9847044214945886,0.9847044214945886,1.0068574101621357,normal
IRCLT-0003,73,227,normal,normal,24349599691.245502,14.1334058518872,0.9847862587564314,0.9847862587564314,1.0013336061406106,normal
IRCLT-0003,74,228,normal,normal,23929919550.082203,14.684287369463506,0.9631120394712074,0.9631120394712074,1.0073586943038664,normal
IRCLT-0003,75,233,normal,normal,26352499522.562035,15.179421037025463,0.9768981008703757,0.9768981008703757,0.98400116900137,normal
IRCLT-0003,76,235,normal,normal,25442913751.29096,13.8470489084865,0.9729994431790158,0.9729994431790158,0.99621885379657,normal
IRCLT-0003,77,239,normal,normal,23601208817.560345,14.544522966279798,0.9918170236635756,0.9918170236635756,0.9937333655399088,normal
IRCLT-0003,78,242,normal,normal,23809939285.7631,14.788898944312516,0.9685677251529836,0.9685677251529836,1.003620388732199,normal
IRCLT-0003,79,246,normal,normal,25824701376.86333,14.009044965841374,0.9562644926618014,0.9562644926618014,1.0190828293702432,normal
IRCLT-0003,80,248,normal,normal,26097209936.00805,15.319800787771394,0.9569377324447778,0.9569377324447778,1.0089918307143777,normal
IRCLT-0003,81,253,normal,normal,23464559867.359657,14.987734393457602,0.9725490139270144,0.9725490139270144,1.001771668786137,normal
IRCLT-0003,82,258,normal,normal,24952721126.297367,13.877008202241804,0.9950681028223186,0.9950681028223186,0.978985955873952,normal
IRCLT-0003,83,261,normal,normal,26010300161.215893,14.557855045125386,0.9704924667998251,0.9704924667998251,1.0187666474273296,normal
IRCLT-0003,84,264,normal,normal,25140510003.54921,14.68586514863313,0.9956220314617408,0.9956220314617408,0.9904885751818304,normal
IRCLT-0003,85,269,normal,normal,24429560300.09957,14.649082769322115,0.9903171714385204,0.9903171714385204,1.003749099570428,normal
IRCLT-0003,86,271,normal,normal,26507921728.83785,14.349610909215151,0.9963960659468593,0.9963960659468593,0.9892262221448158,normal
IRCLT-0003,87,273,normal,normal,24787040377.8712,14.640377411212825,0.990569795913422,0.990569795913422,0.9944286277625572,normal
IRCLT-0003,88,278,normal,normal,22588055308.78833,14.399751049861404,0.9920553605949476,0.9920553605949476,0.9984171714341774,normal
IRCLT-0003,89,282,normal,normal,24618848939.734592,13.878358265584476,0.9912772445115634,0.9912772445115634,0.981595374235526,normal
IRCLT-0003,90,287,normal,normal,25388695122.95061,14.616294624862132,0.9821399231680528,0.9821399231680528,0.9872040180617174,normal
IRCLT-0003,91,290,normal,normal,25093960267.78408,15.32689507553363,0.9794739700679546,0.9794739700679546,1.0050504522132662,normal
IRCLT-0003,92,294,normal,normal,25424010651.30555,14.949478430538834,0.9747014573915904,0.9747014573915904,1.0163099779311997,normal
IRCLT-0003,93,296,normal,normal,24803680648.435963,13.91661747789644,0.9720304231325372,0.9720304231325372,0.9856188842454718,normal
IRCLT-0003,94,298,normal,normal,23303106193.921047,14.838212782183392,0.969152040654362,0.969152040654362,1.0054987858505378,normal
IRCLT-0003,95,299,normal,normal,26103922710.02217,13.633779617548202,0.9986585179019626,0.9986585179019626,0.989692223064198,normal
IRCLT-0003,96,302,normal,normal,24358251792.54821,13.631779796329884,0.9702183348519344,0.9702183348519344,1.0167202165791425,normal
IRCLT-0003,97,304,normal,normal,23498429471.388355,14.976571121138592,0.9541337773617932,0.9541337773617932,1.009593302985884,normal
IRCLT-0003,98,307,normal,normal,24291627363.853268,14.576359226899577,0.995278768018179,0.995278768018179,1.0030127712147174,normal
IRCLT-0003,99,310,normal,normal,24679038365.85948,14.972437908321874,0.9769603073702606,0.9769603073702606,1.0028453746642312,normal
IRCLT-0003,100,315,normal,normal,23057124173.519344,14.427431762388592,0.9540567601097828,0.9540567601097828,1.021933214905936,normal
IRCLT-0003,101,317,normal,normal,22970273443.001045,14.670977612154308,0.9948706913538244,0.9948706913538244,0.9880062398154018,normal
IRCLT-0003,102,322,normal,normal,23424063945.745502,15.512559154034868,0.9840325376530984,0.9840325376530984,1.0046323428756712,normal
IRCLT-0003,103,327,normal,normal,24102727591.728275,14.032293001642804,0.9863085045920216,0.9863085045920216,0.987606108590562,normal
IRCLT-0003,104,328,normal,normal,22978074554.196377,15.11964572875158,0.9494911471641342,0.9494911471641342,1.0167865784850292,normal
IRCLT-0003,105,331,normal,normal,25268352825.04428,15.127533990140726,0.94878515667466,0.94878515667466,1.0084814787570016,normal
IRCLT-0003,106,336,normal,normal,23540162004.33172,14.68929509119065,0.9403110775478106,0.9403110775478106,1.0309879242915687,normal
IRCLT-0003,107,385,normal,normal,24532921618.751987,14.521126084906298,0.9863394826820628,0.9863394826820628,1.0180519505856556,normal
IRCLT-0004,1,0,normal,normal,23656175043.59524,15.05849347199417,0.9791201936551794,0.9791201936551794,1.0001264183225325,normal
IRCLT-0004,2,3,normal,normal,23622749117.04861,14.813994852745063,0.9888459065742752,0.9888459065742752,0.9797286084552772,normal
IRCLT-0004,3,6,normal,normal,22177075178.84925,16.169470135891007,0.9777276319245144,0.9777276319245144,1.0079477898992637,normal
IRCLT-0004,4,10,normal,normal,24874606033.63558,15.177205512300368,0.9777983443474912,0.9777983443474912,0.995587586513472,normal
IRCLT-0004,5,13,normal,normal,23892955921.17648,15.352951436888851,0.9776840440075544,0.9776840440075544,0.9921087133811448,normal
IRCLT-0004,6,17,normal,normal,25016944471.504585,16.0300618734139,0.951362695822353,0.951362695822353,1.0068614373311728,normal
IRCLT-0004,7,22,normal,normal,23480068041.845703,15.760489042232887,0.9749978475203432,0.9749978475203432,0.9937534796298376,normal
IRCLT-0004,8,25,normal,normal,25030652522.934216,15.174612223971229,0.9460124700550272,0.9460124700550272,1.0191736842078989,normal
IRCLT-0004,9,29,normal,normal,21108193925.78364,16.540839147404704,0.9439726176546404,0.9439726176546404,1.0258548715746838,normal
IRCLT-0004,10,33,normal,normal,23445196871.485085,15.13710452712992,0.9942243729438408,0.9942243729438408,0.9827930370432344,normal
IRCLT-0004,11,34,normal,normal,24687039888.120674,14.673342866081049,0.954715173817989,0.954715173817989,0.9991227945578148,normal
IRCLT-0004,12,38,normal,normal,21746730913.18761,15.810667922134687,0.9572543175310962,0.9572543175310962,1.0104086213222754,normal
IRCLT-0004,13,40,normal,normal,24527553462.16463,15.269602328716315,0.9882820468251304,0.9882820468251304,0.9859617375885452,normal
IRCLT-0004,14,41,normal,normal,22405759237.67194,16.11844743183873,0.946514140570452,0.946514140570452,1.0127990124712158,normal
IRCLT-0004,15,43,normal,normal,24510594576.10549,14.927986817811272,0.9721439608467506,0.9721439608467506,0.9948507441197012,normal
IRCLT-0004,16,46,normal,normal,21582728233.66424,15.29980773215326,0.9741943275181114,0.9741943275181114,1.012451701213888,normal
IRCLT-0004,17,48,normal,normal,25101665737.228207,15.786279463685796,0.9654762441659928,0.9654762441659928,1.0153010593232925,normal
IRCLT-0004,18,50,normal,normal,24064215144.792267,15.01930422004684,0.9606050431668406,0.9606050431668406,1.0164818573868268,normal
IRCLT-0004,19,51,normal,normal,22761763420.282818,14.60074994921548,0.9537347450178848,0.9537347450178848,0.9984761375038478,normal
IRCLT-0004,20,55,normal,normal,22808429735.7847,14.352928027479289,0.9786622045816956,0.9786622045816956,1.003002206097597,normal
IRCLT-0004,21,60,normal,normal,25361367733.173058,15.881252724078529,0.9632266588524772,0.9632266588524772,1.0137734926806008,normal
IRCLT-0004,22,62,normal,normal,23885345789.605583,15.71535885505696,0.9339884187207168,0.9339884187207168,1.0345021645693728,normal
IRCLT-0004,23,66,normal,normal,24069898859.415577,15.081536410783674,0.9636724614252784,0.9636724614252784,1.0002871169117715,normal
IRCLT-0004,24,71,normal,normal,23050540712.27321,16.155872845011647,0.9552771949513584,0.9552771949513584,1.0054196972301537,normal
IRCLT-0004,25,76,normal,normal,24301405733.74089,15.4578420619988,0.9778773371980092,0.9778773371980092,1.0039706632279068,normal
IRCLT-0004,26,78,normal,normal,22139329943.942112,16.36447229957347,0.942967646596802,0.942967646596802,1.0234420538605886,normal
IRCLT-0004,27,80,normal,normal,24377847269.095818,15.463717693176088,0.9448688637822572,0.9448688637822572,1.016118805859401,normal
IRCLT-0004,28,84,normal,normal,23271380095.642155,15.075854212097385,0.9660887430992996,0.9660887430992996,1.0115685334759317,normal
IRCLT-0004,29,87,normal,normal,22790744900.07921,15.818758742465068,0.9644883905893928,0.9644883905893928,1.014959430257326,normal
IRCLT-0004,30,89,normal,normal,22892185581.40602,14.784194187249147,0.9887132589089666,0.9887132589089666,0.9864162285376712,normal
IRCLT-0004,31,91,normal,normal,21964960759.931644,15.293558067874532,0.9301893193121102,0.9301893193121102,1.0191447039068855,normal
IRCLT-0004,32,95,normal,normal,23241159363.733856,16.360545615125382,0.9548374893130076,0.9548374893130076,1.0200705722617365,normal
IRCLT-0004,33,100,normal,normal,21610695701.334053,15.45732947565247,0.9778495787252596,0.9778495787252596,1.011476094646858,normal
IRCLT-0004,34,103,normal,normal,21719351844.67732,14.611825630350417,0.9542267675474324,0.9542267675474324,1.009221903805791,normal
IRCLT-0004,35,106,normal,normal,21787636905.38188,16.104834987806953,0.9534265477873484,0.9534265477873484,1.0159664244440365,normal
IRCLT-0004,36,110,normal,normal,23902022362.335403,15.182687747099544,0.989058585849591,0.989058585849591,0.9985835906382308,normal
IRCLT-0004,37,115,normal,normal,24502132121.31599,15.25069037541531,0.9898121793707776,0.9898121793707776,0.989137823872234,normal
IRCLT-0004,38,117,normal,normal,22879740830.80275,15.280181101965017,0.9876733372841636,0.9876733372841636,1.000669179591094,normal
IRCLT-0004,39,122,normal,normal,22985838667.8239,15.549592948058232,0.9691015878766804,0.9691015878766804,1.009215957396283,normal
IRCLT-0004,40,123,normal,normal,22405274204.17008,15.143250504257702,0.9667388434192944,0.9667388434192944,1.0013526768937868,normal
IRCLT-0004,41,124,normal,normal,22950463339.81518,15.892576872831093,0.9431091657734088,0.9431091657734088,1.011842779470653,normal
IRCLT-0004,42,128,normal,normal,22033621074.063023,16.459956476455492,0.9308280362130812,0.9308280362130812,1.0308458157413176,normal
IRCLT-0004,43,133,normal,normal,22418729785.451035,16.422214182614223,0.9301126118146597,0.9301126118146597,1.0134045529485332,normal
IRCLT-0004,44,136,normal,normal,22144481865.22901,15.85626487486887,0.9474715986292286,0.9474715986292286,1.0275752939155345,normal
IRCLT-0004,45,139,normal,normal,24955782344.503387,13.919083349434205,0.956659821043987,0.956659821043987,0.9900490134667996,normal
IRCLT-0004,46,140,normal,normal,24108607983.366943,15.723947335347576,0.9373443738018152,0.9373443738018152,1.0184183962717237,normal
IRCLT-0004,47,145,normal,normal,23257708664.08036,15.1445564041939,0.9863280643977264,0.9863280643977264,0.9913176727577286,normal
IRCLT-0004,48,147,normal,normal,23887966070.948727,15.629728192082355,0.9725651379631302,0.9725651379631302,0.9889193511242452,normal
IRCLT-0004,49,151,normal,normal,21852634956.699814,15.371135877063372,0.9543879373482556,0.9543879373482556,0.9973795456680152,normal
IRCLT-0004,50,156,normal,normal,22627831568.872234,15.16740122386404,0.9457515320868184,0.9457515320868184,1.0238873552681864,normal
IRCLT-0004,51,158,normal,normal,23342099790.924545,15.455003854408329,0.9797127770166218,0.9797127770166218,0.993316963990057,normal
IRCLT-0004,52,162,normal,normal,22860318273.46617,15.74422238082221,0.9551180156942288,0.9551180156942288,1.0212659511531472,normal
IRCLT-0004,53,163,normal,normal,22180292397.16918,15.33474829766963,0.9184816473395192,0.9184816473395192,1.033602050057611,normal
IRCLT-0004,54,168,normal,normal,22355864684.39797,15.807020671933522,0.9693037424480696,0.9693037424480696,1.009437840861858,normal
IRCLT-0004,55,172,normal,normal,25890626924.728813,15.153567289158367,0.983992354783142,0.983992354783142,0.9929020399897828,normal
IRCLT-0004,56,177,normal,normal,22805173426.388885,15.547526389428526,0.9415083297473892,0.9415083297473892,1.0258611549309196,normal
IRCLT-0004,57,182,normal,normal,22137785830.26804,15.48015779037665,0.970262537241216,0.970262537241216,1.0128594291006052,normal
IRCLT-0004,58,183,normal,normal,22928900502.39037,15.976028728587304,0.9507046953396447,0.9507046953396447,1.021412811291713,normal
IRCLT-0004,59,184,normal,normal,21572581412.83641,14.805591148440795,0.9754196967791692,0.9754196967791692,0.9930564161395572,normal
IRCLT-0004,60,185,normal,normal,23941639424.639374,16.300637001867432,0.948511460380868,0.948511460380868,1.0189833235371648,normal
IRCLT-0004,61,190,normal,normal,22831470857.0751,15.548689454836282,0.9484706928657564,0.9484706928657564,1.0165259481930335,normal
IRCLT-0004,62,195,normal,normal,25883873702.5951,15.724648242884774,0.9429493631175132,0.9429493631175132,1.0248725497553135,normal
IRCLT-0004,63,196,normal,normal,23049914121.60459,15.059415104397369,0.9642582435129968,0.9642582435129968,1.0064880214734877,normal
IRCLT-0004,64,198,normal,normal,22465103807.517803,15.345009123243887,0.9783088949508122,0.9783088949508122,1.007285595022091,normal
IRCLT-0004,65,202,normal,normal,22227050991.92751,15.240316254014932,0.952937523703121,0.952937523703121,1.0163066321827778,normal
IRCLT-0004,66,206,normal,normal,22551313561.81058,14.913073343511757,1.0003119134004146,1.0003119134004146,0.9859254064605713,normal
IRCLT-0004,67,211,normal,normal,23353074110.17348,15.48695262783792,0.9591533906161922,0.9591533906161922,1.014431630416416,normal
IRCLT-0004,68,215,normal,normal,23218164079.3246,15.338801083014523,0.9495822435275209,0.9495822435275209,1.02875950897045,normal
IRCLT-0004,69,220,normal,normal,22241069790.068302,15.274259265108157,0.9547616480617942,0.9547616480617942,1.0134989749566328,normal
IRCLT-0004,70,223,normal,normal,21978105204.71009,15.49386437203814,0.9415146103447632,0.9415146103447632,1.031045894663809,normal
IRCLT-0004,71,225,normal,normal,23366458550.841614,16.332464714542358,0.9795269802686632,0.9795269802686632,0.9987992149238104,normal
IRCLT-0004,72,228,normal,normal,23833548349.77832,15.085248320202728,0.9724039031524664,0.9724039031524664,0.9963834788108804,normal
IRCLT-0004,73,233,normal,normal,22466084680.872604,14.87192937537839,0.9547328616234548,0.9547328616234548,1.0221984934254689,normal
IRCLT-0004,74,236,normal,normal,24858290480.232643,15.636058707103253,0.9527970023008008,0.9527970023008008,1.0174992704189083,normal
IRCLT-0004,75,238,normal,normal,22616921851.792145,15.597327857858568,0.92858550482005,0.92858550482005,1.0129599550841872,normal
IRCLT-0004,76,240,normal,normal,22827690975.25629,16.13959199914922,0.95372401050899,0.95372401050899,1.0272074351819185,normal
IRCLT-0004,77,244,normal,normal,24422438264.198345,15.116024381760132,0.9364139853285576,0.9364139853285576,1.0239060314594368,normal
IRCLT-0004,78,249,normal,normal,21929260237.30365,15.876963787598402,0.9345876463770963,0.9345876463770963,1.0138690594971689,normal
IRCLT-0004,79,250,normal,normal,22921904758.20701,15.88928968189326,0.9487695784101124,0.9487695784101124,1.012932916863284,normal
IRCLT-0004,80,251,normal,normal,23256692995.666,15.424213564356174,0.975932343521436,0.975932343521436,1.0011525046677132,normal
IRCLT-0004,81,256,normal,normal,21755294649.99614,15.133094820650768,0.9796985938198812,0.9796985938198812,0.9991847077257968,normal
IRCLT-0004,82,258,normal,normal,23270703872.04568,15.403042107077315,0.9828698054611464,0.9828698054611464,1.012020913952246,normal
IRCLT-0004,83,261,normal,normal,22726166864.510315,15.795856606236836,0.9526651099102804,0.9526651099102804,1.0160773943097376,normal
IRCLT-0004,84,263,normal,normal,23718908080.471462,16.08527579742489,0.9781298504707672,0.9781298504707672,1.0223066327680526,normal
IRCLT-0004,85,266,normal,normal,22830637218.610462,14.951603773355348,0.9694502852944208,0.9694502852944208,1.008649686837034,normal
IRCLT-0004,86,268,normal,normal,22927254476.59008,16.322044913296104,0.9549014298960348,0.9549014298960348,1.009719774806027,normal
IRCLT-0004,87,269,normal,normal,22281050043.96536,15.735984219588072,0.942647940172081,0.942647940172081,1.0281496114653386,normal
IRCLT-0004,88,272,normal,normal,20908198604.928272,15.6698080617239,0.948292293313562,0.948292293313562,1.0234336815358624,normal
IRCLT-0004,89,273,normal,normal,20934660820.652046,15.24014779684617,0.9404989892523108,0.9404989892523108,1.0086876958575564,normal
IRCLT-0004,90,278,normal,normal,21442207203.84228,14.800166875770453,0.9438281280320115,0.9438281280320115,1.0270803748280528,normal
IRCLT-0004,91,279,normal,normal,22674821427.13148,15.869896174566696,0.9371404009661064,0.9371404009661064,1.0338604945071754,normal
IRCLT-0004,92,280,normal,normal,22356472114.69084,15.6852920104198,0.9209036790554112,0.9209036790554112,1.038142182575262,normal
IRCLT-0004,93,281,normal,normal,23515545056.422115,15.77810534356154,0.975422156600776,0.975422156600776,1.023389677320855,normal
IRCLT-0004,94,284,normal,normal,22637874467.797222,15.162418645294924,0.9897407755805304,0.9897407755805304,1.0017031865982038,normal
IRCLT-0004,95,286,normal,normal,23263527375.858025,15.014804625204784,0.9399592087589724,0.9399592087589724,1.0150328205102144,normal
IRCLT-0004,96,291,normal,normal,22644454636.28005,15.303996507828543,0.935072712196258,0.935072712196258,1.0207474572705753,normal
IRCLT-0004,97,294,normal,normal,22435797144.46701,17.171795745517272,0.9269649407637176,0.9269649407637176,1.048844414718677,normal
IRCLT-0004,98,295,normal,normal,23960130847.298203,15.49434306106894,0.9627971314975649,0.9627971314975649,1.0236306376675512,normal
IRCLT-0004,99,299,normal,normal,21354648822.33353,15.43684282771561,0.9696932305205296,0.9696932305205296,1.0057515117834317,normal
IRCLT-0004,100,301,normal,normal,21131176656.389927,16.692572088022757,0.948921328453617,0.948921328453617,1.0351311939829486,normal
IRCLT-0004,101,304,normal,normal,21284974585.02916,15.774736232848038,0.9608896129742855,0.9608896129742855,1.0110681901053018,normal
IRCLT-0004,102,306,normal,normal,22463909335.74472,15.097852292204136,0.9665168045553988,0.9665168045553988,1.0238379129352242,normal
IRCLT-0004,103,311,normal,normal,23989662719.19656,15.555321283470814,0.9313946546781368,0.9313946546781368,1.030235175884941,normal
IRCLT-0004,104,315,normal,normal,23633938867.83393,15.326103930258308,0.9642531183306,0.9642531183306,1.0073603558050064,normal
IRCLT-0004,105,319,normal,normal,21112831180.926834,16.217462087237994,0.9099568397764496,0.9099568397764496,1.0505664832002677,normal
IRCLT-0004,106,324,normal,normal,20814809419.42084,16.04850448409126,0.9232717410855794,0.9232717410855794,1.0390025986478515,normal
IRCLT-0004,107,329,normal,normal,24107446934.31461,16.02741020727958,0.9404681826586696,0.9404681826586696,1.0218134393314788,normal
IRCLT-0004,108,333,normal,normal,23086350894.763065,16.810094820283247,0.9269663618878724,0.9269663618878724,1.044008146423325,normal
IRCLT-0004,109,334,normal,normal,21621487142.990623,16.063708768452866,0.9357499754588734,0.9357499754588734,1.0288437215152086,normal
IRCLT-0004,110,335,normal,normal,23339908930.424297,15.593563965555294,0.950531446600165,0.950531446600165,1.0038052277537832,normal
IRCLT-0004,111,337,normal,normal,23290328882.15047,15.750575757363036,0.9292786715337982,0.9292786715337982,1.038310453238613,normal
IRCLT-0004,112,339,normal,normal,21774834782.43445,15.550357493555795,0.9741670682855128,0.9741670682855128,1.0043185076195755,normal
IRCLT-0004,113,342,normal,normal,22882207495.786816,14.87523610055244,0.9444408503336462,0.9444408503336462,1.0224424572095023,normal
IRCLT-0004,114,346,normal,normal,23053492155.425613,15.142589742231095,0.9411627793206828,0.9411627793206828,1.0279628190136847,normal
IRCLT-0004,115,349,normal,normal,22489784091.390858,15.166879932676911,0.9416223198843636,0.9416223198843636,1.027288796079678,normal
IRCLT-0004,116,352,normal,normal,21117423749.97954,15.925249195487334,0.9434337505226796,0.9434337505226796,1.0384566141307223,normal
IRCLT-0004,117,353,normal,normal,21385209138.272667,15.681490742769132,0.9292590450937156,0.9292590450937156,1.03777650571298,normal
IRCLT-0004,118,357,normal,normal,23053499406.58374,15.742797990914212,0.9487540843454704,0.9487540843454704,1.029592220102603,normal
IRCLT-0004,119,359,normal,normal,23421924617.208416,16.161206557230923,0.9222865166520596,0.9222865166520596,1.0459583104516383,normal
IRCLT-0004,120,364,normal,normal,22757473540.0388,16.491653518175696,0.942226055092113,0.942226055092113,1.0259115603317313,normal
IRCLT-0004,121,367,normal,normal,24594106285.31573,15.755255103531097,0.9640662877591007,0.9640662877591007,1.0208023138103504,normal
IRCLT-0004,122,372,normal,normal,23287138815.592304,15.314173989535806,0.963593143859752,0.963593143859752,1.0095742876589695,normal
IRCLT-0004,123,377,normal,normal,22384813038.828247,15.28065103111629,0.9709420016157956,0.9709420016157956,1.011761921957741,normal
IRCLT-0004,124,379,normal,normal,22836775236.57096,15.45665745093894,0.9515660855948368,0.9515660855948368,1.0232441468661804,normal
IRCLT-0004,125,380,normal,normal,24575706581.73012,15.48534239023365,0.9491108692931984,0.9491108692931984,1.0181443781442594,normal
IRCLT-0004,126,382,normal,normal,22420198567.58971,15.975988647190247,0.9453166159281252,0.9453166159281252,1.0332137496784133,normal
IRCLT-0004,127,386,normal,normal,23235580414.11498,16.33238713707899,0.940256267265782,0.940256267265782,1.0318593734204138,normal
IRCLT-0004,128,390,normal,normal,21685066158.299114,15.313912868896416,0.9438209561297738,0.9438209561297738,1.0396559189554182,normal
IRCLT-0004,129,395,normal,normal,21064978202.41434,15.504551570863075,0.9179511526949798,0.9179511526949798,1.0401090832024238,normal
IRCLT-0004,130,397,normal,normal,23285791453.61932,16.341460704474866,0.9714191435268305,0.9714191435268305,1.0227544065216927,normal
IRCLT-0004,131,402,normal,normal,21875980859.5267,15.829562166728358,0.9462852021510032,0.9462852021510032,1.0329357670920576,normal
IRCLT-0004,132,404,normal,normal,22941559508.973347,15.720948451241906,0.9369041025935392,0.9369041025935392,1.0406489865379611,normal
IRCLT-0004,133,471,normal,normal,22275017458.402927,16.228530836461847,0.9543327920336744,0.9543327920336744,1.0259096716177334,normal
IRCLT-0005,1,0,normal,normal,19727571979.748165,16.667540036617766,0.9546000562385156,0.9546000562385156,1.0124807585186228,normal
IRCLT-0005,2,1,normal,normal,20162781332.52877,16.259396126489374,0.9426392436278914,0.9426392436278914,1.0134991268943137,normal
IRCLT-0005,3,2,normal,normal,20215738880.62839,16.516376366265693,0.9627575453366884,0.9627575453366884,1.0007451502768532,normal
IRCLT-0005,4,6,normal,normal,21571788711.58289,17.135308207359014,0.9541536979926456,0.9541536979926456,1.0072067386224883,normal
IRCLT-0005,5,7,normal,normal,19561953363.965088,16.52030517526838,0.9641947340837848,0.9641947340837848,0.9972056311854944,normal
IRCLT-0005,6,8,normal,normal,19626401127.88811,17.427218644223064,0.9327532981437224,0.9327532981437224,1.0117243903357145,normal
IRCLT-0005,7,12,normal,normal,19995824053.00862,16.559337730347426,0.9747661281066956,0.9747661281066956,1.002666944539616,normal
IRCLT-0005,8,13,normal,normal,19695255796.35768,17.000927983788106,0.9715362952955832,0.9715362952955832,1.0092481739465713,normal
IRCLT-0005,9,14,normal,normal,19064425336.73795,16.74633363382813,0.9609446474109512,0.9609446474109512,1.0107953413853663,normal
IRCLT-0005,10,17,normal,normal,21214659486.25454,15.775796002067285,0.9755697509771988,0.9755697509771988,0.9885992486731208,normal
IRCLT-0005,11,21,normal,normal,20066719904.74224,16.87440252202655,0.9661291172244,0.9661291172244,0.9796973602777036,normal
IRCLT-0005,12,22,normal,normal,19820324843.68091,16.200556592075856,0.9313009481894632,0.9313009481894632,1.0020720487834978,normal
IRCLT-0005,13,26,normal,normal,19786397529.708755,16.11435472550905,0.9503661464696542,0.9503661464696542,1.0078065009597943,normal
IRCLT-0005,14,27,normal,normal,20591206552.794106,16.34433373647849,0.933850327946511,0.933850327946511,1.008149133035484,normal
IRCLT-0005,15,31,normal,normal,20378561064.439342,16.406543604995978,0.9327641283284112,0.9327641283284112,1.0066921600649017,normal
IRCLT-0005,16,33,normal,normal,19946486273.674946,16.5915383254487,0.9678285684928528,0.9678285684928528,0.9913156339039998,normal
IRCLT-0005,17,36,normal,normal,20282907760.804504,16.228684803712508,0.9944875891854972,0.9944875891854972,0.9839617129747436,normal
IRCLT-0005,18,38,normal,normal,18760898550.297222,16.19198493234568,0.9768807660947704,0.9768807660947704,0.9882416965129982,normal
IRCLT-0005,19,40,normal,normal,19704161566.02859,17.9726256682204,0.926863413424336,0.926863413424336,1.0286846542116304,normal
IRCLT-0005,20,44,normal,normal,20176854043.12354,16.32457575324827,0.9897776958028276,0.9897776958028276,0.989697846779875,normal
IRCLT-0005,21,45,normal,normal,20142707013.099995,15.773514496673814,0.9614616771753656,0.9614616771753656,1.0008250569495964,normal
IRCLT-0005,22,49,normal,normal,20867540217.765503,16.109867175370198,0.9335829430282516,0.9335829430282516,1.0061581040132337,normal
IRCLT-0005,23,53,normal,normal,21571694789.81969,15.855884090577208,0.9611798741624352,0.9611798741624352,0.9947649714076214,normal
IRCLT-0005,24,56,normal,normal,19409501890.53984,16.89931238638096,0.9471632320843796,0.9471632320843796,1.0087034050505914,normal
IRCLT-0005,25,61,normal,normal,20252885265.5014,15.55599723586064,0.9504219160733978,0.9504219160733978,0.9968800810579171,normal
IRCLT-0005,26,64,normal,normal,18067874810.430504,17.606771029426216,0.9234246975096791,0.9234246975096791,1.029871419961314,normal
IRCLT-0005,27,68,normal,normal,19666526276.457104,16.479827574652457,0.934771066651172,0.934771066651172,1.0230498116092417,normal
IRCLT-0005,28,71,normal,normal,22266471642.6619,15.098192851852328,0.9761579685979936,0.9761579685979936,0.9842099733785994,normal
IRCLT-0005,29,73,normal,normal,18840769828.433567,16.67666298282666,0.9480266134286066,0.9480266134286066,1.0090336762559626,normal
IRCLT-0005,30,74,normal,normal,18996609721.33316,16.02655115629324,0.9862019597208664,0.9862019597208664,0.9945639593998032,normal
IRCLT-0005,31,79,normal,normal,19793580578.56652,16.500197400773757,0.93894724298303,0.93894724298303,0.997086015642456,normal
IRCLT-0005,32,83,normal,normal,19865872415.270542,17.16489163675606,0.9429538358881936,0.9429538358881936,1.001161242505233,normal
IRCLT-0005,33,87,normal,normal,20964149909.16159,16.970486926639296,0.910278588064208,0.910278588064208,1.026459542648475,normal
IRCLT-0005,34,92,normal,normal,19978369381.871395,16.95632420143167,0.9327568940537933,0.9327568940537933,1.018322349062667,normal
IRCLT-0005,35,93,normal,normal,20646798749.19274,16.226237478489885,0.9400691561844003,0.9400691561844003,1.021535131568534,normal
IRCLT-0005,36,96,normal,normal,20064187377.15842,16.50569227364853,0.9855143557615412,0.9855143557615412,0.9909868133668563,normal
IRCLT-0005,37,99,normal,normal,21179059489.227287,17.086111923003724,0.935012042921659,0.935012042921659,1.0194519950994747,normal
IRCLT-0005,38,100,normal,normal,19891863469.96518,17.019741350675535,0.93247981179715,0.93247981179715,1.0306727423156377,normal
IRCLT-0005,39,104,normal,normal,19926024467.99604,16.743772467636134,0.9690163330322126,0.9690163330322126,0.9831263741647146,normal
IRCLT-0005,40,108,normal,normal,20110142773.11502,16.738489284341675,0.95046780681849,0.95046780681849,1.0112632596038915,normal
IRCLT-0005,41,113,normal,normal,20231588475.994576,16.770867795800438,0.9327370632757884,0.9327370632757884,1.016154363369448,normal
IRCLT-0005,42,115,normal,normal,19626906175.81278,16.373115968052073,0.930455652118981,0.930455652118981,1.0182568173100472,normal
IRCLT-0005,43,118,normal,normal,19737510695.566235,17.26635610446337,0.913536020714597,0.913536020714597,1.0294891697845396,normal
IRCLT-0005,44,119,normal,normal,21250924748.22782,16.974191171931558,0.9350133644042196,0.9350133644042196,1.0171909023817602,normal
IRCLT-0005,45,120,normal,normal,20446908710.29977,16.390069078396802,0.9508303846351644,0.9508303846351644,1.0084248560879916,normal
IRCLT-0005,46,121,normal,normal,19889706076.965187,16.44109075319419,0.978712616143902,0.978712616143902,0.988761000234913,normal
IRCLT-0005,47,122,normal,normal,20818875064.287064,17.342415499138287,0.9392325437232816,0.9392325437232816,1.0244558340557224,normal
IRCLT-0005,48,123,normal,normal,19162936434.307987,16.78027291645191,0.938236280069014,0.938236280069014,1.0076230567257884,normal
IRCLT-0005,49,125,normal,normal,20040706448.21556,17.48726370186841,0.9288606499912389,0.9288606499912389,1.0290680205908342,normal
IRCLT-0005,50,126,normal,normal,19827702339.420624,16.938470393588396,0.9509885957148744,0.9509885957148744,1.0094019547591069,normal
IRCLT-0005,51,130,normal,normal,19072808401.100845,16.051071693940184,0.9384616553194678,0.9384616553194678,1.0059780596972436,normal
IRCLT-0005,52,133,normal,normal,20446676706.331547,16.909496423073463,0.9265810793604587,0.9265810793604587,1.0197805730411234,normal
IRCLT-0005,53,137,normal,normal,19164106291.40612,15.7882126253897,0.9542167760641213,0.9542167760641213,1.0249061358888203,normal
IRCLT-0005,54,140,normal,normal,19754110006.38932,17.81670104596919,0.9316215867159732,0.9316215867159732,1.016054550801515,normal
IRCLT-0005,55,142,normal,normal,19169325868.24127,17.888595522171993,0.9278781838414386,0.9278781838414386,1.0277096345250885,normal
IRCLT-0005,56,147,normal,normal,20129308408.50419,16.043832943090532,0.964392090726544,0.964392090726544,0.999727508334306,normal
IRCLT-0005,57,148,normal,normal,19458944521.68972,16.573635183953453,0.9540919282401162,0.9540919282401162,1.0167079630946865,normal
IRCLT-0005,58,151,normal,normal,20296772502.79612,16.639070983512642,0.9499769307826026,0.9499769307826026,1.0165111571187715,normal
IRCLT-0005,59,156,normal,normal,19764552560.52268,16.86215064322526,0.9600812414068828,0.9600812414068828,1.012098982150613,normal
IRCLT-0005,60,160,normal,normal,19162679162.70488,17.035221414844866,0.9066376011798216,0.9066376011798216,1.0228560409783518,normal
IRCLT-0005,61,162,normal,normal,18946561348.769043,16.518043845301413,0.9446633810053884,0.9446633810053884,1.016548695497852,normal
IRCLT-0005,62,165,normal,normal,20971772152.46844,16.40291408681063,0.9514001312615264,0.9514001312615264,1.0085912630383471,normal
IRCLT-0005,63,170,normal,normal,19617249322.60177,17.61360360904309,0.935860996380039,0.935860996380039,1.0155696553800866,normal
IRCLT-0005,64,171,normal,normal,18296651693.24135,17.228830155340443,0.9219729920309084,0.9219729920309084,1.03993185904517,normal
IRCLT-0005,65,174,normal,normal,18488082482.056755,16.983494216969547,0.9094725610225088,0.9094725610225088,1.0441602575129871,normal
IRCLT-0005,66,176,normal,normal,18913780136.993134,17.039371060924367,0.943876192540486,0.943876192540486,1.01271004307668,normal
IRCLT-0005,67,179,normal,normal,19695846214.62968,17.781208288943205,0.9174448589503312,0.9174448589503312,1.0388170914422412,normal
IRCLT-0005,68,181,normal,normal,20026475976.908257,17.192700981112935,0.9601950857554296,0.9601950857554296,1.0003058303976884,normal
IRCLT-0005,69,186,normal,normal,20666868356.51442,15.995102363319726,0.979731483896524,0.979731483896524,0.9894010447001348,normal
IRCLT-0005,70,189,normal,normal,18696957854.506027,17.59522428925306,0.9240255695713566,0.9240255695713566,1.0232816450044613,normal
IRCLT-0005,71,192,normal,normal,21793079040.85861,16.52586851412289,0.9540392106503656,0.9540392106503656,1.0049221447455263,normal
IRCLT-0005,72,196,normal,normal,18699958108.726624,16.961356878482768,0.936763995984115,0.936763995984115,1.0035882525982711,normal
IRCLT-0005,73,199,normal,normal,19646315268.4756,16.495749387041233,0.9459884879412702,0.9459884879412702,1.001959415365965,normal
IRCLT-0005,74,203,normal,normal,19942941302.10033,16.347804510527887,0.9280686336098036,0.9280686336098036,1.0186138390573836,normal
IRCLT-0005,75,206,normal,normal,18216431368.067245,17.136233178393802,0.9582823832440652,0.9582823832440652,1.016274336565454,normal
IRCLT-0005,76,211,normal,normal,19527145185.76818,16.495150171192012,0.938005305317537,0.938005305317537,1.0145589225544298,normal
IRCLT-0005,77,215,normal,normal,19569815686.032665,16.630261198622957,0.9185899237509404,0.9185899237509404,1.0211901767692613,normal
IRCLT-0005,78,218,normal,normal,18167945655.81438,17.109704410179077,0.9417991708985692,0.9417991708985692,1.0221175237267308,normal
IRCLT-0005,79,222,normal,normal,20326552454.945423,16.549404117638584,0.961848995490106,0.961848995490106,1.001208604172265,normal
IRCLT-0005,80,226,normal,normal,18064124122.17533,17.07635014691887,0.9431770303158368,0.9431770303158368,1.0177910855658097,normal
IRCLT-0005,81,231,normal,normal,20811430533.04604,18.148304067952093,0.9407926727510202,0.9407926727510202,1.031615938522748,normal
IRCLT-0005,82,234,normal,normal,19537444279.533302,16.54122244599242,0.9237278897665816,0.9237278897665816,1.019282913338723,normal
IRCLT-0005,83,238,normal,normal,20171968390.419987,16.792787091194132,0.9627863796465934,0.9627863796465934,1.018999355993213,normal
IRCLT-0005,84,243,normal,normal,19751623172.002773,16.951721884830608,0.9292776559724876,0.9292776559724876,1.032207534205641,normal
IRCLT-0005,85,247,normal,normal,18778787156.636368,16.90585583876881,0.937664217050387,0.937664217050387,1.0250242521805657,normal
IRCLT-0005,86,252,normal,normal,19670240476.36564,17.190428938306976,0.9072245533000144,0.9072245533000144,1.0390534368028892,normal
IRCLT-0005,87,255,normal,normal,19208686419.812298,17.40518851299757,0.9389576527269172,0.9389576527269172,1.0240049764513024,normal
IRCLT-0005,88,257,normal,normal,18892673605.904133,16.437681387327178,0.9605834288190964,0.9605834288190964,1.0042917763384456,normal
IRCLT-0005,89,258,normal,normal,20443844722.11901,15.616927030334956,0.9468048392652068,0.9468048392652068,1.0002659577284836,normal
IRCLT-0005,90,260,normal,normal,20295670422.299496,16.801931691581224,0.9598215127590556,0.9598215127590556,1.0013831983913128,normal
IRCLT-0005,91,263,normal,normal,18764809564.002502,16.858904789680167,0.9177966778525616,0.9177966778525616,1.0332707820244462,normal
IRCLT-0005,92,267,normal,normal,18805337981.22334,16.981976465930778,0.9391066864092616,0.9391066864092616,1.0126882532428287,normal
IRCLT-0005,93,271,normal,normal,18528174241.07641,16.52110654669364,0.9345397936076892,0.9345397936076892,1.0183283479762315,normal
IRCLT-0005,94,275,normal,normal,20496881238.617954,16.421182884124676,0.9441390233330104,0.9441390233330104,0.9988776034742008,normal
IRCLT-0005,95,276,normal,normal,18898308120.292305,17.009293468783067,0.9448730943559936,0.9448730943559936,1.0285071398788974,normal
IRCLT-0005,96,277,normal,normal,18362208690.08915,16.654694227691678,0.9257904181972524,0.9257904181972524,1.0272840695935763,normal
IRCLT-0005,97,282,normal,normal,20239400367.607445,16.979234776928333,0.9396034760617948,0.9396034760617948,1.023306525663548,normal
IRCLT-0005,98,283,normal,normal,17516251379.852417,16.953865378923506,0.936104259725688,0.936104259725688,1.0236435332201657,normal
IRCLT-0005,99,288,normal,normal,18797279547.974728,16.77628153639525,0.913614018978048,0.913614018978048,1.0308940891111442,normal
IRCLT-0005,100,290,normal,normal,20512908624.79949,17.95896462338962,0.9414314485262004,0.9414314485262004,1.0135289434059271,normal
IRCLT-0005,101,293,normal,normal,18289607874.88541,16.510648488823147,0.9370472450112594,0.9370472450112594,1.007853682602294,normal
IRCLT-0005,102,298,normal,normal,18780476845.080208,16.902604088816993,0.9376102420136316,0.9376102420136316,1.0280862878153552,normal
IRCLT-0005,103,301,normal,normal,20250617467.72935,17.144571716229528,0.9310844389527088,0.9310844389527088,1.025286169269298,normal
IRCLT-0005,104,306,normal,normal,21018528163.459354,17.58605643273142,0.9258365815992712,0.9258365815992712,1.0253509322058108,normal
IRCLT-0005,105,307,normal,normal,18741217722.202576,16.17372089585178,0.943014429197544,0.943014429197544,1.0063234296474948,normal
IRCLT-0005,106,310,normal,normal,17557836254.98303,17.421279033454528,0.9306814564557118,0.9306814564557118,1.0404483565813467,normal
IRCLT-0005,107,315,normal,normal,18113939502.23886,17.234258450141496,0.9145130016311424,0.9145130016311424,1.0323914359644129,normal
IRCLT-0005,108,316,normal,normal,19676413544.670025,16.48328902172315,0.9413950524091422,0.9413950524091422,1.0265750997285294,normal
IRCLT-0005,109,319,normal,normal,20385984371.52751,16.616627878637402,0.9378048049709066,0.9378048049709066,1.0275881512458978,normal
IRCLT-0005,110,322,normal,normal,19958358032.676235,17.005898530569972,0.9271688349151956,0.9271688349151956,1.0286570568958926,normal
IRCLT-0005,111,327,normal,normal,19784913943.401592,16.539456263168965,0.9358272697121512,0.9358272697121512,1.0206919317075802,normal
IRCLT-0005,112,329,normal,normal,19598810635.357506,17.498510206671636,0.9276106175318876,0.9276106175318876,1.0284203696048393,normal
IRCLT-0005,113,334,normal,normal,19432100929.44444,16.619875129682384,0.9136297637302648,0.9136297637302648,1.0413873938091944,normal
IRCLT-0005,114,338,normal,normal,19822053138.602657,17.47047944834819,0.9413729841082492,0.9413729841082492,1.0270170788642916,normal
IRCLT-0005,115,341,normal,normal,19879541918.81784,16.062152119634174,0.9343068467840848,0.9343068467840848,1.020758687357134,normal
IRCLT-0005,116,344,normal,normal,19191795395.86848,16.99271966757489,0.9291854270941226,0.9291854270941226,1.0370951332504048,normal
IRCLT-0005,117,347,normal,normal,20570283645.87303,17.12407760315485,0.9182804332716796,0.9182804332716796,1.0540067402149371,normal
IRCLT-0005,118,349,normal,normal,19890550999.552444,16.739031826789898,0.9521319520352464,0.9521319520352464,1.0153654551891456,normal
IRCLT-0005,119,354,normal,normal,20152515234.917946,17.242130208168497,0.9373943490633472,0.9373943490633472,1.0191324758101707,normal
IRCLT-0005,120,355,normal,normal,18914641422.08488,16.928942902272524,0.9326410962326902,0.9326410962326902,1.031543346279215,normal
IRCLT-0005,121,357,normal,normal,19110652628.756577,16.641657246467414,0.9389628519881812,0.9389628519881812,1.0223905425858633,normal
IRCLT-0005,122,358,normal,normal,19601859223.856327,16.172633251135444,0.9601030862028972,0.9601030862028972,1.0144657145028069,normal
IRCLT-0005,123,363,normal,normal,19732608834.52244,17.42270547823866,0.9391097557724102,0.9391097557724102,1.0265720222240595,normal
IRCLT-0006,1,0,normal,normal,28921524328.103893,14.34872262081117,0.9556619592408964,0.9556619592408964,0.9987429367566706,normal
IRCLT-0006,2,3,normal,normal,29314555020.872784,14.876826082216471,0.9219932453367332,0.9219932453367332,1.0194012994630397,normal
IRCLT-0006,3,8,normal,normal,27662628503.644066,15.52628447406587,0.9426650389407454,0.9426650389407454,1.0116301812949278,normal
IRCLT-0006,4,9,normal,normal,31160137770.398724,15.154043426412796,0.9502430935926616,0.9502430935926616,1.0012700888955084,normal
IRCLT-0006,5,10,normal,normal,28306278407.178787,15.402131180720396,0.914859129379786,0.914859129379786,1.0191238361838526,normal
IRCLT-0006,6,11,normal,normal,27332232801.79003,15.174803151444728,0.9544066155025532,0.9544066155025532,1.0085363939268344,normal
IRCLT-0006,7,13,normal,normal,30371325317.68868,14.824251139508194,0.9504048567101128,0.9504048567101128,0.9976977242617472,normal
IRCLT-0006,8,15,normal,normal,27832219423.00497,14.994098868379467,0.9207875339418408,0.9207875339418408,1.024248099375524,normal
IRCLT-0006,9,17,normal,normal,27373986259.97529,14.705692825717067,0.94184543547573,0.94184543547573,1.0060511497111029,normal
IRCLT-0006,10,21,normal,normal,27593673526.1995,14.295502287676817,0.94538610793644,0.94538610793644,0.9844377359176466,normal
IRCLT-0006,11,22,normal,normal,30412283223.783592,16.333717333269842,0.9496704570792258,0.9496704570792258,0.9986238724829304,normal
IRCLT-0006,12,27,normal,normal,29053326604.56787,15.662901597966936,0.9425629036725448,0.9425629036725448,1.0170180241255558,normal
IRCLT-0006,13,29,normal,normal,29359723235.32456,15.713500039290825,0.9325842581868572,0.9325842581868572,1.006439935007256,normal
IRCLT-0006,14,30,normal,normal,29440835326.467083,15.702307858755232,0.922586196559479,0.922586196559479,1.0165362871536563,normal
IRCLT-0006,15,34,normal,normal,27457791122.120186,14.428104881130652,0.9435657291168548,0.9435657291168548,1.0045072197667075,normal
IRCLT-0006,16,38,normal,normal,30529093103.603065,15.154058199017864,0.9445724370694748,0.9445724370694748,0.9884259511182304,normal
IRCLT-0006,17,42,normal,normal,29239871067.667465,15.010514516924978,0.9578239372847632,0.9578239372847632,0.9873975025075592,normal
IRCLT-0006,18,43,normal,normal,29149272663.09555,14.426484577578725,0.9558271746795752,0.9558271746795752,0.9882171958408782,normal
IRCLT-0006,19,45,normal,normal,31517444301.15813,15.291859474809382,0.9448148205167596,0.9448148205167596,1.0188237310719075,normal
IRCLT-0006,20,49,normal,normal,28299104087.621124,14.914564271578795,0.94320595015218,0.94320595015218,1.0092122857161363,normal
IRCLT-0006,21,54,normal,normal,28923624527.140182,14.98964348165272,0.9572286406005254,0.9572286406005254,0.9985261209157552,normal
IRCLT-0006,22,59,normal,normal,27637548590.602352,14.758833113420208,0.9381462466499284,0.9381462466499284,1.0079676121704968,normal
IRCLT-0006,23,61,normal,normal,27279637800.48764,15.630694750994488,0.9345776264929532,0.9345776264929532,1.0025140005259316,normal
IRCLT-0006,24,62,normal,normal,29440540883.892567,16.064897764689793,0.9320818076932854,0.9320818076932854,1.0135876478275214,normal
IRCLT-0006,25,64,normal,normal,25985417998.942337,15.59874115412538,0.9365906689204738,0.9365906689204738,1.0003514481229625,normal
IRCLT-0006,26,65,normal,normal,29435814668.44224,14.67038568206254,0.9292438050242552,0.9292438050242552,0.9918973212781786,normal
IRCLT-0006,27,67,normal,normal,28719791329.17551,15.34194336482524,0.9367803612775004,0.9367803612775004,1.0145474826252436,normal
IRCLT-0006,28,70,normal,normal,29455032865.97362,14.85281644837942,0.9452907047259232,0.9452907047259232,1.0023464616740267,normal
IRCLT-0006,29,72,normal,normal,29491836373.9577,15.530460321693088,0.9202750417610168,0.9202750417610168,1.020000467518076,normal
IRCLT-0006,30,73,normal,normal,28542872172.9585,15.568872940763956,0.9346212471951636,0.9346212471951636,1.006926606015469,normal
IRCLT-0006,31,78,normal,normal,30656151608.52972,15.260767658385268,0.9239507671955725,0.9239507671955725,1.0122060381684646,normal
IRCLT-0006,32,79,normal,normal,28881163714.42508,15.952612566394514,0.9522399222115968,0.9522399222115968,0.9956352393505716,normal
IRCLT-0006,33,82,normal,normal,29582538530.99937,14.34705234195219,0.942780027982838,0.942780027982838,0.9816434918628952,normal
IRCLT-0006,34,86,normal,normal,29689394324.29813,14.35810714496754,0.9553170467613492,0.9553170467613492,0.9926360702867536,normal
IRCLT-0006,35,90,normal,normal,28412784894.743515,14.865522334272333,0.9659002848565692,0.9659002848565692,0.9878426499896134,normal
IRCLT-0006,36,91,normal,normal,29752574436.275658,15.516690216582669,0.9203011434904322,0.9203011434904322,1.007903282249249,normal
IRCLT-0006,37,95,normal,normal,29969243255.505432,14.81971227703745,0.9516810500762088,0.9516810500762088,1.0112561972376146,normal
IRCLT-0006,38,96,normal,normal,26123844705.9588,14.6671140887798,0.9559290856511928,0.9559290856511928,0.9998854141988308,normal
IRCLT-0006,39,97,normal,normal,29537294184.37521,14.367501192769929,0.9553170489201476,0.9553170489201476,0.9834020536413552,normal
IRCLT-0006,40,101,normal,normal,27172362910.07492,15.225653968712251,0.9525128288214012,0.9525128288214012,1.0082628877665472,normal
IRCLT-0006,41,106,normal,normal,29743778248.41748,14.671896581796268,0.93477624169147,0.93477624169147,0.9983048856705156,normal
IRCLT-0006,42,110,normal,normal,28337729200.635468,14.797062502043618,0.9427800559750568,0.9427800559750568,1.0090744068955,normal
IRCLT-0006,43,112,normal,normal,29628831292.670387,15.61467318420572,0.924033320461977,0.924033320461977,1.017905018786803,normal
IRCLT-0006,44,114,normal,normal,27340135061.128605,14.586769483624549,0.9369948984807132,0.9369948984807132,1.001429402063556,normal
IRCLT-0006,45,115,normal,normal,28905875728.82632,15.221151684047292,0.9542310899079288,0.9542310899079288,0.9943503317324612,normal
IRCLT-0006,46,119,normal,normal,28400102355.378147,15.491551729181582,0.9255222632118412,0.9255222632118412,1.0112062094255188,normal
IRCLT-0006,47,120,normal,normal,27951548315.85197,15.382713038280771,0.9301333927113884,0.9301333927113884,1.0138875450537062,normal
IRCLT-0006,48,121,normal,normal,30873601834.93465,15.392598850426804,0.9230287748677526,0.9230287748677526,1.0169780521240412,normal
IRCLT-0006,49,123,normal,normal,29240951465.507385,14.637619910041684,0.9372397508684972,0.9372397508684972,1.0046691722212904,normal
IRCLT-0006,50,125,normal,normal,31023910122.60635,15.184547132658894,0.948817641124835,0.948817641124835,0.9864516659327964,normal
IRCLT-0006,51,128,normal,normal,33026083291.9771,14.43902631100752,0.9572159418713114,0.9572159418713114,0.9908955987302508,normal
IRCLT-0006,52,130,normal,normal,27114085786.717552,15.11037483125077,0.9300837113185448,0.9300837113185448,1.011936179068184,normal
IRCLT-0006,53,131,normal,normal,30546920148.99127,14.060113128792306,0.9256131073241854,0.9256131073241854,1.0146520263628132,normal
IRCLT-0006,54,134,normal,normal,27704141366.74905,14.841708047093103,0.9268315773966088,0.9268315773966088,1.010945956298731,normal
IRCLT-0006,55,136,normal,normal,27551929670.21737,15.524932635335482,0.9469481981685404,0.9469481981685404,1.0092771867528634,normal
IRCLT-0006,56,138,normal,normal,31166425540.156727,15.406038031171342,0.9487774375844532,0.9487774375844532,0.996474177234852,normal
IRCLT-0006,57,142,normal,normal,27949496103.100376,14.960521022740869,0.9607971450059408,0.9607971450059408,0.9980318000731556,normal
IRCLT-0006,58,145,normal,normal,29483296357.814835,15.390918981162532,0.9449979046695832,0.9449979046695832,1.0088291147627486,normal
IRCLT-0006,59,149,normal,normal,28514192312.4525,15.941626855992508,0.9440573260270207,0.9440573260270207,1.0101192338387206,normal
IRCLT-0006,60,150,normal,normal,28620554668.84287,15.764325909993136,0.9318857693025476,0.9318857693025476,1.0083374141848287,normal
IRCLT-0006,61,152,normal,normal,33524014938.217205,15.103832372013304,0.932076256966531,0.932076256966531,1.0031527226686174,normal
IRCLT-0006,62,157,normal,normal,30052361917.67143,14.483935771226184,0.9454377852917368,0.9454377852917368,0.994435325184176,normal
IRCLT-0006,63,158,normal,normal,29635348747.565933,14.81805023579174,0.93640270665749,0.93640270665749,1.0017266772347535,normal
IRCLT-0006,64,163,normal,normal,29974277402.204365,14.948147364968316,0.9363445488858166,0.9363445488858166,1.0079495059574133,normal
IRCLT-0006,65,164,normal,normal,29129016909.929813,15.31314561443894,0.9446513693016012,0.9446513693016012,0.9999161736525428,normal
IRCLT-0006,66,169,normal,normal,28363297301.7436,15.199679284706797,0.9496967327932964,0.9496967327932964,1.0096273817073702,normal
IRCLT-0006,67,170,normal,normal,31279800905.61631,15.317253515189314,0.9397740543732952,0.9397740543732952,0.9874070040979918,normal
IRCLT-0006,68,173,normal,normal,24764665755.291367,15.085444213592517,0.9215479328672712,0.9215479328672712,1.0281612755723095,normal
IRCLT-0006,69,176,normal,normal,31654893528.754627,14.953298758826428,0.9555326784477643,0.9555326784477643,1.0060771833027946,normal
IRCLT-0006,70,180,normal,normal,30845543506.830334,15.140870898429297,0.9405475509873952,0.9405475509873952,0.9937362843781088,normal
IRCLT-0006,71,185,normal,normal,28476530424.968426,15.644458158810076,0.9133641078925968,0.9133641078925968,1.0029148171967397,normal
IRCLT-0006,72,189,normal,normal,29120332581.21585,14.356641721422235,0.9480356260559628,0.9480356260559628,0.995988863073612,normal
IRCLT-0006,73,193,normal,normal,29546082656.1865,14.454571136907395,0.9097692508666806,0.9097692508666806,1.0195265949012933,normal
IRCLT-0006,74,195,normal,normal,30834554340.706024,15.632127705393518,0.9119965455958812,0.9119965455958812,1.016448416356356,normal
IRCLT-0006,75,198,normal,normal,28724587176.252857,15.091172203482468,0.9319899871467996,0.9319899871467996,0.9975090371114076,normal
IRCLT-0006,76,201,normal,normal,30835953181.698803,15.04433500166761,0.9464763884148648,0.9464763884148648,0.9967246254635128,normal
IRCLT-0006,77,206,normal,normal,27516594690.94972,15.24839199829645,0.938648799926013,0.938648799926013,1.0107906456230584,normal
IRCLT-0006,78,210,normal,normal,31356334648.87696,15.447272544815217,0.9513979597562572,0.9513979597562572,0.994071378460554,normal
IRCLT-0006,79,213,normal,normal,27597864582.92859,15.510291201886886,0.9308859353895071,0.9308859353895071,1.010973536532183,normal
IRCLT-0006,80,214,normal,normal,29817132918.891403,15.446744325379566,0.9366359219092418,0.9366359219092418,1.004768064335679,normal
IRCLT-0006,81,219,normal,normal,28288593459.191376,15.03039704741354,0.9445996306876686,0.9445996306876686,0.9963342381746644,normal
IRCLT-0006,82,224,normal,normal,29775849213.982216,15.129638601492292,0.9337830298701084,0.9337830298701084,1.0123469207710702,normal
IRCLT-0006,83,228,normal,normal,28468141518.896965,14.805347383680765,0.934803841829004,0.934803841829004,0.9972611846574272,normal
IRCLT-0006,84,229,normal,normal,26972693478.43839,15.46234650834048,0.9688185644783504,0.9688185644783504,0.992981009087331,normal
IRCLT-0006,85,234,normal,normal,29303040451.34618,16.472780860898194,0.9114426048323852,0.9114426048323852,1.0256493906433517,normal
IRCLT-0006,86,237,normal,normal,30263662959.11088,14.39657461045294,0.9494930270265586,0.9494930270265586,0.992369645431224,normal
IRCLT-0006,87,241,normal,normal,30182541368.109707,15.12015597597576,0.9409649926239112,0.9409649926239112,0.9955431828378986,normal
IRCLT-0006,88,244,normal,normal,29199314730.48576,15.1019770066346,0.9301528583448616,0.9301528583448616,1.010948670384389,normal
IRCLT-0006,89,249,normal,normal,29415445587.50371,15.33359154076474,0.9231064711616868,0.9231064711616868,1.0159459555612094,normal
IRCLT-0006,90,252,normal,normal,27176899294.700203,15.874750228541204,0.9015518951164804,0.9015518951164804,1.0410905611798638,normal
IRCLT-0006,91,256,normal,normal,29026492033.06883,15.056769259720374,0.9071127989577,0.9071127989577,1.016264851863816,normal
IRCLT-0006,92,258,normal,normal,30247149118.02048,15.419384497917004,0.9256543767608004,0.9256543767608004,1.0152378909876247,normal
IRCLT-0006,93,259,normal,normal,29480361768.82786,15.560758697757938,0.9441668079962268,0.9441668079962268,1.005708501964798,normal
IRCLT-0006,94,263,normal,normal,29764280608.84268,15.310544640948349,0.9536820512426774,0.9536820512426774,1.007285269797196,normal
IRCLT-0006,95,264,normal,normal,28335380660.43727,15.311086013967712,0.9449286427985416,0.9449286427985416,1.005689533864725,normal
IRCLT-0006,96,268,normal,normal,29356531558.009064,15.612793579010516,0.9158392591183344,0.9158392591183344,1.0140488772022545,normal
IRCLT-0006,97,273,normal,normal,28125454712.459988,14.790589175503548,0.9468492452420348,0.9468492452420348,0.9991402766973254,normal
IRCLT-0006,98,276,normal,normal,27931210050.64317,14.533486154997563,0.9332392450962708,0.9332392450962708,0.9971310375234128,normal
IRCLT-0006,99,281,normal,normal,29686058520.767056,15.152269407378636,0.9227728926865424,0.9227728926865424,1.0034022870798522,normal
IRCLT-0006,100,282,normal,normal,30727444925.0998,15.12921379681778,0.9424395806134076,0.9424395806134076,1.010818627926465,normal
IRCLT-0006,101,285,normal,normal,27918199457.1452,14.703249322765735,0.9117488086363488,0.9117488086363488,1.006665295123801,normal
IRCLT-0006,102,288,normal,normal,28705278693.600708,15.040742741870112,0.9665128094478888,0.9665128094478888,0.9819434562762764,normal
IRCLT-0006,103,291,normal,normal,32694709651.898823,15.215056351867574,0.9490623430671709,0.9490623430671709,1.002421156368639,normal
IRCLT-0006,104,293,normal,normal,28170330023.56966,16.012809405998123,0.9177532134702832,0.9177532134702832,1.014704174457677,normal
IRCLT-0006,105,296,normal,normal,28282319043.051403,16.342804613950193,0.921955616953974,0.921955616953974,1.0166462017582094,normal
IRCLT-0006,106,297,normal,normal,30365071352.14155,14.763007536019686,0.94867575477974,0.94867575477974,0.9989996028425966,normal
IRCLT-0006,107,301,normal,normal,29552639392.378216,15.674611342335412,0.9826639477681536,0.9826639477681536,0.98972335629129,normal
IRCLT-0006,108,303,normal,normal,28648826597.84065,15.006444615138983,0.9378556765751483,0.9378556765751483,1.0322167032708982,normal
IRCLT-0006,109,304,normal,normal,27964397112.16345,16.062528218564946,0.90341218285167,0.90341218285167,1.0334311207864708,normal
IRCLT-0006,110,309,normal,normal,28292973238.235897,14.669781719014914,0.9646272207311548,0.9646272207311548,0.991201332698418,normal
IRCLT-0006,111,313,normal,normal,29918037748.741173,14.30978242945701,0.9373008297572646,0.9373008297572646,1.0097357983114703,normal
IRCLT-0006,112,459,normal,normal,30497651868.72439,15.456473395684318,0.950305602226529,0.950305602226529,1.0085652882132805,normal
IRCLT-0007,1,0,normal,normal,24101920565.35792,12.474686765965467,1.0096091694095626,1.0096091694095626,0.9971962671570735,normal
IRCLT-0007,2,5,normal,normal,24531816887.90296,11.291154307600868,1.0094882443707471,1.0094882443707471,1.0210394370936475,normal
IRCLT-0007,3,6,normal,normal,26284681902.60722,12.280771795166348,1.0314258891947383,1.0314258891947383,0.9821246809062804,normal
IRCLT-0007,4,7,normal,normal,25657631752.258,12.547652718174566,0.9893760484926398,0.9893760484926398,1.016302971736492,normal
IRCLT-0007,5,12,normal,normal,23792287568.65133,11.718610783586072,1.032271856598004,1.032271856598004,0.9877983424138438,normal
IRCLT-0007,6,14,normal,normal,24895753294.358448,12.287347142276294,1.0076854559181616,1.0076854559181616,1.006477470470748,normal
IRCLT-0007,7,19,normal,normal,27053534231.35081,11.94976168377342,1.026537027332322,1.026537027332322,0.9866361012790088,normal
IRCLT-0007,8,20,normal,normal,26047995419.17261,11.720848763308386,0.9998860311639292,0.9998860311639292,0.998107791522504,normal
IRCLT-0007,9,24,normal,normal,24130706733.05765,12.310902293468072,0.9951418365645784,0.9951418365645784,1.0135195521065183,normal
IRCLT-0007,10,28,normal,normal,24913968644.570187,12.354343700114232,1.0129032968764509,1.0129032968764509,0.993383772819128,normal
IRCLT-0007,11,33,normal,normal,23974940045.35028,11.992438125945174,1.01708125213942,1.01708125213942,0.9972759528658912,normal
IRCLT-0007,12,34,normal,normal,23677733173.2057,12.293272163863154,1.027873328718124,1.027873328718124,0.9989696403973848,normal
IRCLT-0007,13,36,normal,normal,23501111705.77901,12.55014030681382,1.005651748386884,1.005651748386884,1.0151086989518268,normal
IRCLT-0007,14,41,normal,normal,24943269873.562565,11.155190478562348,1.016896429987505,1.016896429987505,0.9936507003129628,normal
IRCLT-0007,15,43,normal,normal,23748597858.26861,13.079542537696092,1.0167845720573456,1.0167845720573456,1.0091774178943809,normal
IRCLT-0007,16,48,normal,normal,25801493481.514668,12.19803063802671,1.040820854436152,1.040820854436152,0.9845386632441966,normal
IRCLT-0007,17,51,normal,normal,23569823778.657887,11.964445435000169,0.9968953730326512,0.9968953730326512,1.020666627983679,normal
IRCLT-0007,18,55,normal,normal,24743315740.02364,13.144728463510033,1.0071889124938742,1.0071889124938742,1.0086213651987004,normal
IRCLT-0007,19,59,normal,normal,25143898524.31286,12.561342996037162,1.0328104998155565,1.0328104998155565,0.9871249117099248,normal
IRCLT-0007,20,63,normal,normal,24824792199.15654,12.437075699646192,1.0020457896201032,1.0020457896201032,0.988653452261618,normal
IRCLT-0007,21,64,normal,normal,24523241478.96478,12.532575533352816,1.0136598798964551,1.0136598798964551,1.0171559808109731,normal
IRCLT-0007,22,68,normal,normal,22736753705.18396,11.973053174552676,1.0330315504272591,1.0330315504272591,0.9908946414379376,normal
IRCLT-0007,23,71,normal,normal,24504869529.48629,11.370187381524396,1.01760177345855,1.01760177345855,0.993284137098832,normal
IRCLT-0007,24,75,normal,normal,23693633744.892235,12.15419956975962,1.024580075978767,1.024580075978767,0.9963179898345454,normal
IRCLT-0007,25,80,normal,normal,23336402794.099106,11.892931236223776,1.009519533309543,1.009519533309543,0.9845396349003136,normal
IRCLT-0007,26,83,normal,normal,23654169478.82087,11.672594470184489,1.0085794678858573,1.0085794678858573,1.003975681603375,normal
IRCLT-0007,27,86,normal,normal,25222605472.195724,12.965059922489315,0.9766405505246516,0.9766405505246516,1.016374943904587,normal
IRCLT-0007,28,89,normal,normal,26866467361.172417,12.561464279178782,0.9944477180852348,0.9944477180852348,1.0038185102794663,normal
IRCLT-0007,29,91,normal,normal,23733688365.353188,12.39179554957052,1.004765610560874,1.004765610560874,1.003471702950911,normal
IRCLT-0007,30,92,normal,normal,27075354233.319973,11.45353847638048,1.0044526895250248,1.0044526895250248,0.9913456156327416,normal
IRCLT-0007,31,95,normal,normal,26062263045.102608,12.81441870122719,0.9965002013387232,0.9965002013387232,1.0018590090588275,normal
IRCLT-0007,32,98,normal,normal,25106175939.06411,13.388278453889194,0.9830322443898248,0.9830322443898248,1.020382069970472,normal
IRCLT-0007,33,102,normal,normal,24920685434.821903,12.404702141773775,1.0402588397464692,1.0402588397464692,0.9995941236105992,normal
IRCLT-0007,34,104,normal,normal,24828597131.115005,11.550040332857986,0.9973314949179772,0.9973314949179772,1.008562521925327,normal
IRCLT-0007,35,108,normal,normal,23726872559.71194,12.2139950487905,1.0251491645499078,1.0251491645499078,0.9972549341857684,normal
IRCLT-0007,36,110,normal,normal,24769859344.49424,12.752142918439969,1.0194048129041648,1.0194048129041648,0.989651859998287,normal
IRCLT-0007,37,114,normal,normal,21932474489.67236,11.883613464903087,1.0052608033142345,1.0052608033142345,0.9949057474264764,normal
IRCLT-0007,38,115,normal,normal,24247569996.557648,12.118231413933188,1.0495506595502275,1.0495506595502275,0.98447620236127,normal
IRCLT-0007,39,120,normal,normal,25391453905.255894,12.217355294198574,1.0043707197175151,1.0043707197175151,1.0092885678437755,normal
IRCLT-0007,40,123,normal,normal,22666193211.45611,12.111627415415084,1.0024266712294554,1.0024266712294554,1.0010915946497492,normal
IRCLT-0007,41,124,normal,normal,26024562183.490707,11.97158146936961,1.0499799362487556,1.0499799362487556,0.967246131026346,normal
IRCLT-0007,42,128,normal,normal,22454364474.361248,11.60072986911056,0.9835717132146636,0.9835717132146636,1.0210755680604822,normal
IRCLT-0007,43,133,normal,normal,26194917601.559048,12.131905884597206,0.997260464719472,0.997260464719472,0.9921482318521672,normal
IRCLT-0007,44,138,normal,normal,27043156243.81401,12.446944260453606,1.0172529297711568,1.0172529297711568,0.9961528186971252,normal
IRCLT-0007,45,141,normal,normal,24617149117.12932,12.450796295527756,1.011127681188292,1.011127681188292,0.9927563643617566,normal
IRCLT-0007,46,145,normal,normal,24329543274.1538,12.042611675611518,1.0026701163650218,1.0026701163650218,0.996872734184184,normal
IRCLT-0007,47,149,normal,normal,23345802473.76528,12.600119590683772,0.9792679957254984,0.9792679957254984,1.0357129205250657,normal
IRCLT-0007,48,153,normal,normal,25440348441.296265,12.594402809968226,1.0315464966703027,1.0315464966703027,0.9942248502216134,normal
IRCLT-0007,49,155,normal,normal,25696510264.3525,12.461601126521504,1.0459220880631728,1.0459220880631728,0.9867413143482684,normal
IRCLT-0007,50,160,normal,normal,24999569401.41626,12.192464277061593,1.0184150571752006,1.0184150571752006,0.9939773112072487,normal
IRCLT-0007,51,165,normal,normal,23362642610.240524,11.670800521294916,1.0034290096365592,1.0034290096365592,1.0144384180119022,normal
IRCLT-0007,52,167,normal,normal,26202370164.855587,12.275701785885184,1.032534731785009,1.032534731785009,0.99278105493211,normal
IRCLT-0007,53,168,normal,normal,25751335776.20049,11.287061823424809,1.026962376055145,1.026962376055145,0.973653610332304,normal
IRCLT-0007,54,169,normal,normal,23355520955.070866,13.080169689669107,0.9809006712752518,0.9809006712752518,1.029942619305323,normal
IRCLT-0007,55,174,normal,normal,25336856581.7348,11.85568069853484,0.9875984103893196,0.9875984103893196,1.0150549687571266,normal
IRCLT-0007,56,178,normal,normal,24912971829.41789,12.650513155983967,0.9789469514806596,0.9789469514806596,1.0158221884136636,normal
IRCLT-0007,57,179,normal,normal,25475096024.96927,12.081180238704246,1.0418660498705103,1.0418660498705103,0.9982183979506086,normal
IRCLT-0007,58,183,normal,normal,24266264200.526814,12.164751745976192,1.0118239381666283,1.0118239381666283,1.0042466053515362,normal
IRCLT-0007,59,185,normal,normal,23388444164.358234,12.014656804058228,1.0443719290849616,1.0443719290849616,0.9772085874407874,normal
IRCLT-0007,60,188,normal,normal,24903592678.939617,12.56070644397333,1.0028138234943085,1.0028138234943085,1.0172835097853807,normal
IRCLT-0007,61,192,normal,normal,24139114064.444416,12.616952667828867,1.0156310320092257,1.0156310320092257,1.0058488804867691,normal
IRCLT-0007,62,196,normal,normal,23174777580.04551,12.8544931099063,1.0228956160756844,1.0228956160756844,0.996547022816489,normal
IRCLT-0007,63,197,normal,normal,25420629952.401623,12.266570145572947,1.0048516729517096,1.0048516729517096,1.0252428270929177,normal
IRCLT-0007,64,201,normal,normal,25652881945.01976,12.047393102837132,1.0199692779659462,1.0199692779659462,0.9984028814097734,normal
IRCLT-0007,65,205,normal,normal,25440151476.968525,12.460161877841877,1.0149066731441758,1.0149066731441758,0.9973078051846438,normal
IRCLT-0007,66,206,normal,normal,24587933107.784992,11.919768567190914,1.031383231391713,1.031383231391713,0.9997287728931644,normal
IRCLT-0007,67,210,normal,normal,23893038763.01533,12.82854730668257,0.9878443369364344,0.9878443369364344,1.0453942266807352,normal
IRCLT-0007,68,214,normal,normal,28765327237.358685,12.57461637704832,1.0367862762933215,1.0367862762933215,0.9886967097734274,normal
IRCLT-0007,69,215,normal,normal,26856304524.02586,12.533228508337496,1.0496665834658363,1.0496665834658363,0.9819815688766806,normal
IRCLT-0007,70,217,normal,normal,23586945164.68445,12.637859563160283,0.9896682129094476,0.9896682129094476,1.0164214384203143,normal
IRCLT-0007,71,219,normal,normal,24175200690.77904,11.908855371006153,1.0094620317455714,1.0094620317455714,1.0000523644091317,normal
