unit,cycle,day,fault_mode,severity_level,avg_detectivity,NETD_mK,SiTF,signal_gain,read_noise_index,label
IRCLT-0101,1,0,sensitivity_degradation,degraded,28832536955.4978,18.04665230653191,1.007643794559127,1.007643794559127,1.0164159222533755,sensitivity_degradation
IRCLT-0101,2,2,sensitivity_degradation,degraded,31397725361.44496,17.776373801041306,1.0226677626325398,1.0226677626325398,0.9950493588686388,sensitivity_degradation
IRCLT-0101,3,7,sensitivity_degradation,degraded,27777169842.090416,18.263920235873734,0.9895930427411348,0.9895930427411348,1.02183009353597,sensitivity_degradation
IRCLT-0101,4,8,sensitivity_degradation,degraded,28192854368.398537,17.183516970807847,1.0150675837372187,1.0150675837372187,1.0033815078815638,sensitivity_degradation
IRCLT-0101,5,9,sensitivity_degradation,degraded,28542213119.207367,18.173740989397352,0.9876174037405879,0.9876174037405879,1.032630504180208,sensitivity_degradation
IRCLT-0101,6,13,sensitivity_degradation,degraded,28774334433.158543,18.0629365140782,1.0196329717596355,1.0196329717596355,1.0053151230342343,sensitivity_degradation
IRCLT-0101,7,16,sensitivity_degradation,degraded,30228775468.814377,18.004564256904768,0.9872922346613634,0.9872922346613634,1.0203201328104379,sensitivity_degradation
IRCLT-0101,8,19,sensitivity_degradation,degraded,27903392939.02106,17.562937960295255,1.007073771042337,1.007073771042337,1.0137704291460838,sensitivity_degradation
IRCLT-0101,9,24,sensitivity_degradation,degraded,27549087442.123974,18.300568557594865,0.9659900217648779,0.9659900217648779,1.0371818573800136,sensitivity_degradation
IRCLT-0101,10,27,sensitivity_degradation,degraded,28224073622.772137,17.577162608688074,1.0104739427587532,1.0104739427587532,1.0199292602203829,sensitivity_degradation
IRCLT-0101,11,30,sensitivity_degradation,degraded,27152393366.696945,18.217157505729844,0.92790362505199,0.92790362505199,1.0630497410700797,sensitivity_degradation
IRCLT-0101,12,34,sensitivity_degradation,degraded,29129726482.71966,19.035864253525187,0.9341788468157668,0.9341788468157668,1.0817918308906878,sensitivity_degradation
IRCLT-0101,13,38,sensitivity_degradation,degraded,29084631889.77137,17.266866068023884,1.0082237113527126,1.0082237113527126,1.0382163495975452,sensitivity_degradation
IRCLT-0101,14,43,sensitivity_degradation,degraded,27685651284.859344,18.309121592500656,0.9357922093596608,0.9357922093596608,1.069231283029249,sensitivity_degradation
IRCLT-0101,15,45,sensitivity_degradation,degraded,28123617769.226532,19.360679688259307,0.9507299193806082,0.9507299193806082,1.064245588570626,sensitivity_degradation
IRCLT-0101,16,46,sensitivity_degradation,degraded,26997222798.902702,18.80448734178615,0.9363480400524916,0.9363480400524916,1.093456899362316,sensitivity_degradation
IRCLT-0101,17,51,sensitivity_degradation,degraded,28915215742.56605,18.73491761194475,0.9591908290459552,0.9591908290459552,1.0576575312368712,sensitivity_degradation
IRCLT-0101,18,55,sensitivity_degradation,degraded,29644916413.564163,18.68822616743859,0.9242843536102416,0.9242843536102416,1.0922750860241377,sensitivity_degradation
IRCLT-0101,19,59,sensitivity_degradation,degraded,29402884560.748344,18.463896436843875,0.9346082024313404,0.9346082024313404,1.069866811405264,sensitivity_degradation
IRCLT-0101,20,64,sensitivity_degradation,degraded,27060071217.5376,19.457282486007344,0.9061032754229856,0.9061032754229856,1.1064887035495712,sensitivity_degradation
IRCLT-0101,21,67,sensitivity_degradation,degraded,25454313880.325108,18.897899240538145,0.9299514466611136,0.9299514466611136,1.1039648865908298,sensitivity_degradation
IRCLT-0101,22,68,sensitivity_degradation,degraded,27426714334.774967,18.461449355243868,0.9336875794601818,0.9336875794601818,1.09201876486744,sensitivity_degradation
IRCLT-0101,23,70,sensitivity_degradation,degraded,26439247179.113426,19.79981846264302,0.9364760196534856,0.9364760196534856,1.0918794158568186,sensitivity_degradation
IRCLT-0101,24,72,sensitivity_degradation,degraded,25436184668.85529,19.463256057080194,0.9257417458304548,0.9257417458304548,1.1132825653674387,sensitivity_degradation
IRCLT-0101,25,73,sensitivity_degradation,degraded,28511251584.60596,19.20881707589809,0.9074230978263298,0.9074230978263298,1.1304125430101215,sensitivity_degradation
IRCLT-0101,26,76,sensitivity_degradation,degraded,24420419113.297287,19.548434129462304,0.8950754015175031,0.8950754015175031,1.1289274803538207,sensitivity_degradation
IRCLT-0101,27,81,sensitivity_degradation,degraded,26699866139.522854,19.821812466037066,0.9262029453825352,0.9262029453825352,1.1146918349062431,sensitivity_degradation
IRCLT-0101,28,82,sensitivity_degradation,degraded,23698452023.49854,19.84765994612736,0.8901446745770116,0.8901446745770116,1.1531805534306945,sensitivity_degradation
IRCLT-0101,29,85,sensitivity_degradation,degraded,26720042093.89973,19.63638873812209,0.8910208887603558,0.8910208887603558,1.1210061205646067,sensitivity_degradation
IRCLT-0101,30,87,sensitivity_degradation,degraded,25289246682.739964,19.55654620430373,0.8985906250238151,0.8985906250238151,1.1391509371898187,sensitivity_degradation
IRCLT-0101,31,92,sensitivity_degradation,degraded,25627817200.03234,19.446511003847625,0.9010211238203852,0.9010211238203852,1.1400355444533674,sensitivity_degradation
IRCLT-0101,32,96,sensitivity_degradation,degraded,23813657176.207485,19.618878862344374,0.9004382119594823,0.9004382119594823,1.1194549791930113,sensitivity_degradation
IRCLT-0101,33,99,sensitivity_degradation,degraded,26722670040.61531,18.913178376745385,0.9155715696051588,0.9155715696051588,1.1052100469565809,sensitivity_degradation
IRCLT-0101,34,102,sensitivity_degradation,degraded,24832743063.009888,20.513888140644397,0.8811725126279324,0.8811725126279324,1.1654988018068049,sensitivity_degradation
IRCLT-0101,35,104,sensitivity_degradation,degraded,25931711286.850082,19.3707782901168,0.8770539053198289,0.8770539053198289,1.1465935883353062,sensitivity_degradation
IRCLT-0101,36,106,sensitivity_degradation,degraded,24446522485.73028,20.560354491563963,0.8765453046050401,0.8765453046050401,1.1529684465951169,sensitivity_degradation
IRCLT-0101,37,109,sensitivity_degradation,degraded,24574656091.395287,19.606504295147328,0.87022739971755,0.87022739971755,1.1545546914320222,sensitivity_degradation
IRCLT-0101,38,114,sensitivity_degradation,degraded,25967323485.543564,20.36237853914001,0.8653467424012529,0.8653467424012529,1.1646923468209058,sensitivity_degradation
IRCLT-0101,39,119,sensitivity_degradation,degraded,24692422920.29053,21.03075518164724,0.8659035086730865,0.8659035086730865,1.1705978442828409,sensitivity_degradation
IRCLT-0101,40,120,sensitivity_degradation,degraded,27432277479.78365,19.96929814505157,0.8712494431788745,0.8712494431788745,1.1656103056975409,sensitivity_degradation
IRCLT-0101,41,124,sensitivity_degradation,degraded,23496563049.501083,20.34830724380661,0.8916933259739912,0.8916933259739912,1.149417985567633,sensitivity_degradation
IRCLT-0101,42,125,sensitivity_degradation,degraded,26809926104.63824,20.23670272839228,0.8697271907336319,0.8697271907336319,1.1737763732997335,sensitivity_degradation
IRCLT-0101,43,127,sensitivity_degradation,degraded,25548423690.3888,20.681186523736528,0.8484833049548594,0.8484833049548594,1.1852456279405101,sensitivity_degradation
IRCLT-0101,44,132,sensitivity_degradation,degraded,24538776683.467804,21.07052719159963,0.8360236244944196,0.8360236244944196,1.204835771991719,sensitivity_degradation
IRCLT-0101,45,137,sensitivity_degradation,degraded,23579299701.129414,20.85493946724522,0.8223759396838027,0.8223759396838027,1.2013945350186277,sensitivity_degradation
IRCLT-0101,46,141,sensitivity_degradation,degraded,26669938002.85006,21.170413874451413,0.8442456828235639,0.8442456828235639,1.1707087421935978,sensitivity_degradation
IRCLT-0101,47,144,sensitivity_degradation,degraded,26260170593.981808,21.219044757979372,0.8530274738885956,0.8530274738885956,1.1932093439633231,sensitivity_degradation
IRCLT-0101,48,147,sensitivity_degradation,degraded,27507573533.435318,21.01483816640097,0.8479826900453896,0.8479826900453896,1.1948955288030965,sensitivity_degradation
IRCLT-0101,49,152,sensitivity_degradation,degraded,25215817047.573074,20.224482709235964,0.8507659946924667,0.8507659946924667,1.18527318321943,sensitivity_degradation
IRCLT-0101,50,153,sensitivity_degradation,degraded,24845001680.21217,20.884779593639077,0.859522648606261,0.859522648606261,1.1893923445293164,sensitivity_degradation
IRCLT-0101,51,156,sensitivity_degradation,degraded,24237217174.87006,20.106445361707657,0.8747885295291761,0.8747885295291761,1.1791953113010554,sensitivity_degradation
IRCLT-0101,52,158,sensitivity_degradation,degraded,24271387341.718258,21.0835203871966,0.836487193172563,0.836487193172563,1.2110649773108468,sensitivity_degradation
IRCLT-0101,53,163,sensitivity_degradation,degraded,25077079493.447662,20.239568466941773,0.8612701245847677,0.8612701245847677,1.1807511734002498,sensitivity_degradation
IRCLT-0101,54,165,sensitivity_degradation,degraded,22762763856.751774,20.76046326282713,0.8532386224097634,0.8532386224097634,1.199379201190395,sensitivity_degradation
IRCLT-0101,55,167,sensitivity_degradation,degraded,24595554928.68759,21.49458792655536,0.8057065672306495,0.8057065672306495,1.2384884895026107,sensitivity_degradation
IRCLT-0101,56,172,sensitivity_degradation,degraded,23949752325.06189,20.77639204009445,0.8439803380637648,0.8439803380637648,1.2102109803617742,sensitivity_degradation
IRCLT-0101,57,176,sensitivity_degradation,degraded,21285595336.134483,21.85889448617375,0.8170596634424687,0.8170596634424687,1.2501566387048757,sensitivity_degradation
IRCLT-0101,58,181,sensitivity_degradation,degraded,25116632960.4596,20.858071012965453,0.8464013788656213,0.8464013788656213,1.1853989794988953,sensitivity_degradation
IRCLT-0101,59,182,sensitivity_degradation,degraded,24856627854.57455,21.67115072432841,0.8387489186737321,0.8387489186737321,1.221714940146556,sensitivity_degradation
IRCLT-0101,60,186,sensitivity_degradation,degraded,25188582360.811974,22.822059535322552,0.8247391826612526,0.8247391826612526,1.2182263753206952,sensitivity_degradation
IRCLT-0101,61,191,sensitivity_degradation,degraded,23136052058.895138,21.861717208987308,0.8220656045920609,0.8220656045920609,1.2490812304039691,sensitivity_degradation
IRCLT-0101,62,194,sensitivity_degradation,degraded,21539914537.4758,23.367837314856768,0.7683903225267759,0.7683903225267759,1.3074963411735774,sensitivity_degradation
IRCLT-0101,63,196,sensitivity_degradation,degraded,23679967333.00137,21.118149145247,0.8425087331459808,0.8425087331459808,1.2251295364797556,sensitivity_degradation
IRCLT-0101,64,200,sensitivity_degradation,degraded,23400518708.146862,21.36488523044773,0.7910626328921885,0.7910626328921885,1.2621889374902309,sensitivity_degradation
IRCLT-0101,65,202,sensitivity_degradation,degraded,23146586372.873547,22.939317315170907,0.8065072413192831,0.8065072413192831,1.2636451162642128,sensitivity_degradation
IRCLT-0101,66,204,sensitivity_degradation,degraded,20971904110.057003,21.853181394525517,0.8032162581081514,0.8032162581081514,1.2679768964586675,sensitivity_degradation
IRCLT-0101,67,208,sensitivity_degradation,degraded,24007318334.635868,21.038023220374978,0.8438456315556845,0.8438456315556845,1.211075319484659,sensitivity_degradation
IRCLT-0101,68,211,sensitivity_degradation,degraded,22964876565.659576,22.167155601280196,0.8006642259304176,0.8006642259304176,1.2889218267356632,sensitivity_degradation
IRCLT-0101,69,214,sensitivity_degradation,degraded,22733941935.65709,21.9939197508566,0.8031898232481379,0.8031898232481379,1.2598122930091509,sensitivity_degradation
IRCLT-0101,70,217,sensitivity_degradation,degraded,21848065481.540943,23.44793085604111,0.77851685808525,0.77851685808525,1.3105818078554492,sensitivity_degradation
IRCLT-0101,71,218,sensitivity_degradation,degraded,21746434091.436882,21.154540708330256,0.8359049137914114,0.8359049137914114,1.2572826930731635,sensitivity_degradation
IRCLT-0101,72,222,sensitivity_degradation,degraded,24931851633.63417,21.45042625738376,0.8145877487750026,0.8145877487750026,1.2441311260006902,sensitivity_degradation
IRCLT-0101,73,223,sensitivity_degradation,degraded,23735786161.645527,22.53165111462141,0.7956172412280218,0.7956172412280218,1.2770689044429615,sensitivity_degradation
IRCLT-0101,74,227,sensitivity_degradation,degraded,22456486263.826164,23.100067886813477,0.8093063192279683,0.8093063192279683,1.284925976388091,sensitivity_degradation
IRCLT-0101,75,231,sensitivity_degradation,degraded,22410811651.406868,22.99317249610199,0.7799925805791241,0.7799925805791241,1.3133571969466518,sensitivity_degradation
IRCLT-0101,76,235,sensitivity_degradation,degraded,22234602129.379383,21.902679044614963,0.8063713319268423,0.8063713319268423,1.2831356575000037,sensitivity_degradation
IRCLT-0101,77,237,sensitivity_degradation,degraded,23049622598.13861,22.557490272197786,0.7737586125359254,0.7737586125359254,1.2968570365462146,sensitivity_degradation
IRCLT-0101,78,241,sensitivity_degradation,degraded,22803227151.87185,22.771683482505196,0.7865632089128995,0.7865632089128995,1.280434583930141,sensitivity_degradation
IRCLT-0101,79,242,sensitivity_degradation,degraded,22552548110.855328,23.03436404526472,0.7875951195717198,0.7875951195717198,1.291288687143045,sensitivity_degradation
IRCLT-0101,80,247,sensitivity_degradation,degraded,22817452969.324043,22.58286256499873,0.7872578516450458,0.7872578516450458,1.3020670178392253,sensitivity_degradation
IRCLT-0101,81,250,sensitivity_degradation,degraded,22775164437.96181,22.125034077046884,0.7944500701169149,0.7944500701169149,1.2757016980258755,sensitivity_degradation
IRCLT-0101,82,251,sensitivity_degradation,degraded,22634494759.38641,22.174179079947013,0.7730318577233242,0.7730318577233242,1.3062320318744445,sensitivity_degradation
IRCLT-0101,83,255,sensitivity_degradation,degraded,20393787352.361343,22.834974065903392,0.7693594412381708,0.7693594412381708,1.3282753480234133,sensitivity_degradation
IRCLT-0101,84,260,sensitivity_degradation,degraded,23272798390.843777,22.96789351909431,0.7581233056337366,0.7581233056337366,1.32219827901961,sensitivity_degradation
IRCLT-0101,85,262,sensitivity_degradation,degraded,22487748608.488487,23.04432393676512,0.7639364576701949,0.7639364576701949,1.3111959758308234,sensitivity_degradation
IRCLT-0101,86,266,sensitivity_degradation,degraded,24508485870.051567,22.896894888745248,0.7883333907965037,0.7883333907965037,1.2939156729258643,sensitivity_degradation
IRCLT-0101,87,270,sensitivity_degradation,degraded,20950712105.265285,22.95242551869612,0.7426335916345598,0.7426335916345598,1.3615376932086571,sensitivity_degradation
IRCLT-0101,88,274,sensitivity_degradation,degraded,21198707481.90904,23.372547705037533,0.7515391435056309,0.7515391435056309,1.344134155348312,sensitivity_degradation
IRCLT-0101,89,275,sensitivity_degradation,degraded,23472465309.175625,23.278478844932803,0.7506111449617631,0.7506111449617631,1.3411331862370648,sensitivity_degradation
IRCLT-0101,90,276,sensitivity_degradation,degraded,19143297448.88657,24.343358319890843,0.7285312283460658,0.7285312283460658,1.3751097308839637,sensitivity_degradation
IRCLT-0101,91,279,sensitivity_degradation,degraded,20771286875.82629,23.16697478232175,0.7309495298532471,0.7309495298532471,1.3893797134225176,sensitivity_degradation
IRCLT-0101,92,282,sensitivity_degradation,degraded,22611759218.68021,23.53223493836266,0.7639247946382446,0.7639247946382446,1.3284766775908692,sensitivity_degradation
IRCLT-0101,93,286,sensitivity_degradation,degraded,21508306073.609703,23.945532548577447,0.7337512497742269,0.7337512497742269,1.3694119859441014,sensitivity_degradation
IRCLT-0101,94,288,sensitivity_degradation,degraded,21597363346.81506,24.27545666721809,0.7293024817376239,0.7293024817376239,1.4040599518902608,sensitivity_degradation
IRCLT-0101,95,292,sensitivity_degradation,degraded,20366485441.66941,24.13673922571441,0.7550878365903999,0.7550878365903999,1.3539101432182958,sensitivity_degradation
IRCLT-0101,96,294,sensitivity_degradation,degraded,21077838781.26766,25.170309613432842,0.7124049495179169,0.7124049495179169,1.4239745514248758,sensitivity_degradation
IRCLT-0101,97,299,sensitivity_degradation,degraded,23329243005.424297,23.22011409150669,0.7676962913204065,0.7676962913204065,1.340874095770863,sensitivity_degradation
IRCLT-0101,98,303,sensitivity_degradation,degraded,21150165936.77996,24.66039155976381,0.7300441753942916,0.7300441753942916,1.39860832751398,sensitivity_degradation
IRCLT-0101,99,308,sensitivity_degradation,degraded,19381629417.127827,26.082909125412463,0.6937960863058671,0.6937960863058671,1.4705583257104042,sensitivity_degradation
IRCLT-0101,100,313,sensitivity_degradation,degraded,20862212646.5654,24.29738444058093,0.7365597201647541,0.7365597201647541,1.3902672117351529,sensitivity_degradation
IRCLT-0101,101,317,sensitivity_degradation,degraded,22378112438.7447,24.69331051259326,0.7099175737792993,0.7099175737792993,1.385521085053064,sensitivity_degradation
IRCLT-0101,102,320,sensitivity_degradation,degraded,21285055345.412632,26.09083983297782,0.7109686755016859,0.7109686755016859,1.4266772205969689,sensitivity_degradation
IRCLT-0101,103,322,sensitivity_degradation,degraded,20732895188.565254,25.437031707779678,0.7065747104993042,0.7065747104993042,1.4208930233475048,sensitivity_degradation
IRCLT-0101,104,324,sensitivity_degradation,degraded,19652137163.36024,25.598052414885267,0.7169579884105174,0.7169579884105174,1.4116139381398347,sensitivity_degradation
IRCLT-0101,105,328,sensitivity_degradation,degraded,20838274060.48704,24.47779511720467,0.7078020920421421,0.7078020920421421,1.4356676075851893,sensitivity_degradation
IRCLT-0101,106,333,sensitivity_degradation,degraded,21126670577.00567,24.095402916476942,0.7045656337517721,0.7045656337517721,1.4071661308129189,sensitivity_degradation
IRCLT-0101,107,336,sensitivity_degradation,degraded,18142484055.55655,26.15216376743994,0.6952648911520573,0.6952648911520573,1.4669752425216516,sensitivity_degradation
IRCLT-0101,108,339,sensitivity_degradation,degraded,20485554946.960217,26.146279487605014,0.6963280564180196,0.6963280564180196,1.4911033343591409,sensitivity_degradation
IRCLT-0101,109,342,sensitivity_degradation,degraded,22276023263.063374,25.2061975238234,0.6976232569633525,0.6976232569633525,1.4616679765063827,sensitivity_degradation
IRCLT-0101,110,347,sensitivity_degradation,degraded,18155442551.955486,25.75632762940765,0.6898634412032939,0.6898634412032939,1.4676209829460134,sensitivity_degradation
IRCLT-0101,111,349,sensitivity_degradation,degraded,20753385999.8148,25.797212318737422,0.6755123865989439,0.6755123865989439,1.4824767862168442,sensitivity_degradation
IRCLT-0101,112,351,sensitivity_degradation,degraded,18527499954.276867,26.89547857503429,0.6798346439951558,0.6798346439951558,1.5196019847960567,sensitivity_degradation
IRCLT-0101,113,354,sensitivity_degradation,degraded,18526444436.07888,25.275985743278184,0.6902156513928444,0.6902156513928444,1.4830775004332581,sensitivity_degradation
IRCLT-0101,114,355,sensitivity_degradation,degraded,19182397024.648758,26.66555352866929,0.6787120957348262,0.6787120957348262,1.5344320364021269,sensitivity_degradation
IRCLT-0101,115,357,sensitivity_degradation,degraded,18089000444.24321,26.546070450933232,0.6647998520999604,0.6647998520999604,1.5158486893994316,sensitivity_degradation
IRCLT-0101,116,361,sensitivity_degradation,degraded,18935169693.43341,25.51464594187304,0.6756218365295701,0.6756218365295701,1.5171886810119457,sensitivity_degradation
IRCLT-0101,117,366,sensitivity_degradation,degraded,19043862406.080986,26.47574682214589,0.6674158646050729,0.6674158646050729,1.5073501392903852,sensitivity_degradation
IRCLT-0101,118,436,sensitivity_degradation,degraded,14776926630.672638,39.97750122839275,0.4880021677221074,0.4880021677221074,2.119181356647502,sensitivity_degradation
IRCLT-0102,1,0,sensitivity_degradation,degraded,27134658109.076942,16.85343369702979,1.075140071517476,1.075140071517476,0.9941088814518456,sensitivity_degradation
IRCLT-0102,2,5,sensitivity_degradation,degraded,27431119986.70745,16.323557167138947,1.0377422007312809,1.0377422007312809,1.0041687906797483,sensitivity_degradation
IRCLT-0102,3,9,sensitivity_degradation,degraded,26682996271.65938,16.482226934723244,1.081731064778343,1.081731064778343,0.9948568587166781,sensitivity_degradation
IRCLT-0102,4,14,sensitivity_degradation,degraded,26034198254.156185,16.88296561703503,1.041777133315385,1.041777133315385,1.0270108408283982,sensitivity_degradation
IRCLT-0102,5,15,sensitivity_degradation,degraded,25830383305.588474,16.230552162870154,1.015832417066446,1.015832417066446,1.020059907078908,sensitivity_degradation
IRCLT-0102,6,17,sensitivity_degradation,degraded,28100670785.496338,16.140736762366814,1.0288144405190185,1.0288144405190185,1.02273161008538,sensitivity_degradation
IRCLT-0102,7,19,sensitivity_degradation,degraded,25466305322.17152,16.120066791359555,1.020210208263622,1.020210208263622,1.0284588361471012,sensitivity_degradation
IRCLT-0102,8,22,sensitivity_degradation,degraded,27642664658.40253,17.066570539750558,0.9901753815111519,0.9901753815111519,1.0410215530306663,sensitivity_degradation
IRCLT-0102,9,24,sensitivity_degradation,degraded,27677377862.5388,15.824257239496276,1.0544248754138477,1.0544248754138477,1.0176686413551446,sensitivity_degradation
IRCLT-0102,10,27,sensitivity_degradation,degraded,28608096722.078323,16.58701453164643,1.0010610071687147,1.0010610071687147,1.0381745805409903,sensitivity_degradation
IRCLT-0102,11,28,sensitivity_degradation,degraded,25223234140.612995,16.803192779596188,1.0063350636662023,1.0063350636662023,1.0453033640161251,sensitivity_degradation
IRCLT-0102,12,30,sensitivity_degradation,degraded,24950162082.39463,16.877792651880192,1.0108953255544493,1.0108953255544493,1.0367638918861288,sensitivity_degradation
IRCLT-0102,13,31,sensitivity_degradation,degraded,24929910499.682903,17.418445516618007,0.9829179372690856,0.9829179372690856,1.063935854260198,sensitivity_degradation
IRCLT-0102,14,34,sensitivity_degradation,degraded,25951099867.59018,16.31129904630243,1.0073272526333572,1.0073272526333572,1.0423599314566088,sensitivity_degradation
IRCLT-0102,15,37,sensitivity_degradation,degraded,22774380190.025696,17.772562670644824,1.0298113683065548,1.0298113683065548,1.03355847887813,sensitivity_degradation
IRCLT-0102,16,39,sensitivity_degradation,degraded,25355455574.572117,16.368378258142865,0.9904916296752121,0.9904916296752121,1.052380365999719,sensitivity_degradation
IRCLT-0102,17,40,sensitivity_degradation,degraded,24994619167.530033,17.10464565143663,0.9863416314219318,0.9863416314219318,1.0653798520684186,sensitivity_degradation
IRCLT-0102,18,42,sensitivity_degradation,degraded,23611728514.897568,16.27680940880054,0.9732601740407506,0.9732601740407506,1.0637581225052235,sensitivity_degradation
IRCLT-0102,19,43,sensitivity_degradation,degraded,23522266381.196896,17.15020989549071,0.9750717133307016,0.9750717133307016,1.076525767048445,sensitivity_degradation
IRCLT-0102,20,46,sensitivity_degradation,degraded,25032282060.263344,17.667012362142657,1.0085273700843806,1.0085273700843806,1.0472090885117298,sensitivity_degradation
IRCLT-0102,21,47,sensitivity_degradation,degraded,24734124466.903183,16.68508014125221,0.9758775911681704,0.9758775911681704,1.071590973629823,sensitivity_degradation
IRCLT-0102,22,52,sensitivity_degradation,degraded,24212314935.99836,18.33042658151328,0.9489336024116871,0.9489336024116871,1.0737372361976234,sensitivity_degradation
IRCLT-0102,23,54,sensitivity_degradation,degraded,27706936801.296776,15.776063859735505,0.9930115466237068,0.9930115466237068,1.047703125841314,sensitivity_degradation
IRCLT-0102,24,59,sensitivity_degradation,degraded,25483698910.588318,17.936331873453472,0.9735711506147192,0.9735711506147192,1.0978136669894258,sensitivity_degradation
IRCLT-0102,25,60,sensitivity_degradation,degraded,26667946398.936127,17.701835962123933,0.9850927309535658,0.9850927309535658,1.0708780460100007,sensitivity_degradation
IRCLT-0102,26,62,sensitivity_degradation,degraded,25243331311.25769,17.726784437894523,0.9837295040547818,0.9837295040547818,1.081012955676993,sensitivity_degradation
IRCLT-0102,27,64,sensitivity_degradation,degraded,23149308363.372658,18.16425328182273,0.9490122743542894,0.9490122743542894,1.1005321254676483,sensitivity_degradation
IRCLT-0102,28,65,sensitivity_degradation,degraded,25739070546.8352,17.682572909289416,0.9867051567272841,0.9867051567272841,1.0755646344476422,sensitivity_degradation
IRCLT-0102,29,69,sensitivity_degradation,degraded,23636001037.878,16.809615662672055,0.9732123461305309,0.9732123461305309,1.090557779809027,sensitivity_degradation
IRCLT-0102,30,72,sensitivity_degradation,degraded,26877039294.22677,18.341957485130308,0.9549856792029774,0.9549856792029774,1.0871827342218774,sensitivity_degradation
IRCLT-0102,31,76,sensitivity_degradation,degraded,23936517062.655144,17.975829734817395,0.9718099840693356,0.9718099840693356,1.088090489216215,sensitivity_degradation
IRCLT-0102,32,78,sensitivity_degradation,degraded,24109096281.57967,18.274650779629887,0.9591759345648999,0.9591759345648999,1.103109110329072,sensitivity_degradation
IRCLT-0102,33,79,sensitivity_degradation,degraded,21916660088.87863,18.247496585056442,0.9320656076949326,0.9320656076949326,1.1152253878868457,sensitivity_degradation
IRCLT-0102,34,83,sensitivity_degradation,degraded,23769530376.203773,17.777171001315335,0.938659461688803,0.938659461688803,1.1078138305617558,sensitivity_degradation
IRCLT-0102,35,87,sensitivity_degradation,degraded,23847971523.91889,18.204775683219744,0.9541823718475582,0.9541823718475582,1.099730035128318,sensitivity_degradation
IRCLT-0102,36,89,sensitivity_degradation,degraded,24386182044.835186,17.875615071260754,0.9088380835425551,0.9088380835425551,1.1339440515416648,sensitivity_degradation
IRCLT-0102,37,90,sensitivity_degradation,degraded,23717606219.82425,17.786093892481848,0.9382342037495434,0.9382342037495434,1.1112200610077154,sensitivity_degradation
IRCLT-0102,38,91,sensitivity_degradation,degraded,24592686451.684017,18.30918021431572,0.9283221946185274,0.9283221946185274,1.1135433097232323,sensitivity_degradation
IRCLT-0102,39,94,sensitivity_degradation,degraded,23132921671.610832,18.097845501541237,0.9114154427601382,0.9114154427601382,1.1202378350672169,sensitivity_degradation
IRCLT-0102,40,95,sensitivity_degradation,degraded,23306163188.94429,18.36145416140874,0.924034355495014,0.924034355495014,1.1374714814432263,sensitivity_degradation
IRCLT-0102,41,96,sensitivity_degradation,degraded,24183532475.13039,17.39322987723774,0.9702841405893872,0.9702841405893872,1.0959711185839254,sensitivity_degradation
IRCLT-0102,42,101,sensitivity_degradation,degraded,24124328427.797443,18.229782616032004,0.9468556477800362,0.9468556477800362,1.1198039212711293,sensitivity_degradation
IRCLT-0102,43,102,sensitivity_degradation,degraded,24654511348.623085,18.31871571045432,0.9430896548655948,0.9430896548655948,1.1208859282082029,sensitivity_degradation
IRCLT-0102,44,103,sensitivity_degradation,degraded,22787081891.0159,18.40866673842445,0.940987357437322,0.940987357437322,1.1188283340455374,sensitivity_degradation
IRCLT-0102,45,105,sensitivity_degradation,degraded,21786793229.832703,18.448398543977767,0.9218062548297472,0.9218062548297472,1.1347834948328033,sensitivity_degradation
IRCLT-0102,46,106,sensitivity_degradation,degraded,22708916292.66059,17.950534806756252,0.9223511618574352,0.9223511618574352,1.1216507550824248,sensitivity_degradation
IRCLT-0102,47,107,sensitivity_degradation,degraded,23345892709.186543,18.250083917697133,0.9454028641320786,0.9454028641320786,1.1237617671620517,sensitivity_degradation
IRCLT-0102,48,112,sensitivity_degradation,degraded,23508676065.20272,18.616782476287767,0.9248227998085125,0.9248227998085125,1.1369614025131929,sensitivity_degradation
IRCLT-0102,49,116,sensitivity_degradation,degraded,24463502124.72347,17.825905841157486,0.9391473916627652,0.9391473916627652,1.1021838783042912,sensitivity_degradation
IRCLT-0102,50,118,sensitivity_degradation,degraded,23743241978.96461,18.42521963018155,0.9231567172875595,0.9231567172875595,1.1348958424043902,sensitivity_degradation
IRCLT-0102,51,119,sensitivity_degradation,degraded,22237835697.73408,19.39351232031428,0.9077213470547616,0.9077213470547616,1.1484169775472444,sensitivity_degradation
IRCLT-0102,52,120,sensitivity_degradation,degraded,23638227550.80927,19.00408276040016,0.9269452896849524,0.9269452896849524,1.1546662182305607,sensitivity_degradation
IRCLT-0102,53,124,sensitivity_degradation,degraded,23050405953.262318,18.662664570814584,0.9297424960880959,0.9297424960880959,1.1449396712040003,sensitivity_degradation
IRCLT-0102,54,129,sensitivity_degradation,degraded,24043936793.52969,19.35914765844861,0.912058636671482,0.912058636671482,1.1600174380091002,sensitivity_degradation
IRCLT-0102,55,133,sensitivity_degradation,degraded,22886574141.64336,18.25860748740552,0.9000524478697149,0.9000524478697149,1.1671968787684035,sensitivity_degradation
IRCLT-0102,56,135,sensitivity_degradation,degraded,23623778651.3104,18.644174691593484,0.9160604869411054,0.9160604869411054,1.15646131742558,sensitivity_degradation
IRCLT-0102,57,140,sensitivity_degradation,degraded,23462579737.58998,18.72238858581249,0.9047518079464864,0.9047518079464864,1.142946834699009,sensitivity_degradation
IRCLT-0102,58,143,sensitivity_degradation,degraded,24836841855.21569,17.895345231340496,0.918748251582804,0.918748251582804,1.1557554769715062,sensitivity_degradation
IRCLT-0102,59,148,sensitivity_degradation,degraded,22238356162.45832,18.812036249174486,0.9006052877242513,0.9006052877242513,1.1558106575265925,sensitivity_degradation
IRCLT-0102,60,151,sensitivity_degradation,degraded,21382811987.710136,19.835053411221484,0.8944059765992325,0.8944059765992325,1.1784408796017023,sensitivity_degradation
IRCLT-0102,61,152,sensitivity_degradation,degraded,23822799856.316788,18.47659724634674,0.8996606046462194,0.8996606046462194,1.1609806251870405,sensitivity_degradation
IRCLT-0102,62,154,sensitivity_degradation,degraded,23217293689.583744,18.77183252456995,0.9405115807162988,0.9405115807162988,1.1383676367650672,sensitivity_degradation
IRCLT-0102,63,155,sensitivity_degradation,degraded,22109614983.355736,19.35749235907865,0.8735882554134096,0.8735882554134096,1.2025073901255172,sensitivity_degradation
IRCLT-0102,64,157,sensitivity_degradation,degraded,22890642807.7978,17.885730951358667,0.9277201560232567,0.9277201560232567,1.12980220053863,sensitivity_degradation
IRCLT-0102,65,158,sensitivity_degradation,degraded,22812099659.62363,17.758111210205115,0.9030133191302449,0.9030133191302449,1.1616863308909606,sensitivity_degradation
IRCLT-0102,66,161,sensitivity_degradation,degraded,20887951364.50461,18.523663573389584,0.8860419326316326,0.8860419326316326,1.1563256486272555,sensitivity_degradation
IRCLT-0102,67,164,sensitivity_degradation,degraded,23920960218.90781,18.49948475661216,0.9038911212304074,0.9038911212304074,1.1657309216920528,sensitivity_degradation
IRCLT-0102,68,169,sensitivity_degradation,degraded,25609469389.59797,18.585022151742915,0.9118536557755351,0.9118536557755351,1.1602889667298737,sensitivity_degradation
IRCLT-0102,69,174,sensitivity_degradation,degraded,23332741763.44033,19.399528979445464,0.8895950525156918,0.8895950525156918,1.1961628681646597,sensitivity_degradation
IRCLT-0102,70,176,sensitivity_degradation,degraded,21013187721.32167,19.375065682923783,0.8855805319402351,0.8855805319402351,1.1805448142964279,sensitivity_degradation
IRCLT-0102,71,177,sensitivity_degradation,degraded,21914140198.161182,18.72368290470622,0.8884840463330721,0.8884840463330721,1.1842593844813247,sensitivity_degradation
IRCLT-0102,72,179,sensitivity_degradation,degraded,22517052464.907856,19.235028094163717,0.9067826174728784,0.9067826174728784,1.1812437007869694,sensitivity_degradation
IRCLT-0102,73,182,sensitivity_degradation,degraded,21871618023.37217,18.967790122179547,0.8823761392912862,0.8823761392912862,1.1949946532989828,sensitivity_degradation
IRCLT-0102,74,184,sensitivity_degradation,degraded,22973825264.90962,19.10239149172805,0.8743039787012382,0.8743039787012382,1.2034845303189703,sensitivity_degradation
IRCLT-0102,75,188,sensitivity_degradation,degraded,22575940315.18061,19.416566041517843,0.8761440178766364,0.8761440178766364,1.1940675054140837,sensitivity_degradation
IRCLT-0102,76,189,sensitivity_degradation,degraded,23152326357.83216,19.73000597534109,0.8708718668491797,0.8708718668491797,1.1958377180129345,sensitivity_degradation
IRCLT-0102,77,191,sensitivity_degradation,degraded,23980262550.075558,19.2683145666366,0.8669179503593509,0.8669179503593509,1.1770164305937738,sensitivity_degradation
IRCLT-0102,78,192,sensitivity_degradation,degraded,23183422739.24638,19.374009452557214,0.8913692633895816,0.8913692633895816,1.1696208765462943,sensitivity_degradation
IRCLT-0102,79,193,sensitivity_degradation,degraded,22568301728.07825,18.758979936664943,0.8872672786668676,0.8872672786668676,1.2004878108140449,sensitivity_degradation
IRCLT-0102,80,198,sensitivity_degradation,degraded,21294139101.262226,18.155238473645586,0.8751737902818578,0.8751737902818578,1.2018941370685603,sensitivity_degradation
IRCLT-0102,81,203,sensitivity_degradation,degraded,22098371390.72757,19.74974813655932,0.8643420332835265,0.8643420332835265,1.2173120919067195,sensitivity_degradation
IRCLT-0102,82,207,sensitivity_degradation,degraded,22429762380.581226,19.57950430750891,0.8968487300756851,0.8968487300756851,1.1883380371120649,sensitivity_degradation
IRCLT-0102,83,208,sensitivity_degradation,degraded,22962607266.619225,19.446133019872047,0.8768194777063744,0.8768194777063744,1.192427690111989,sensitivity_degradation
IRCLT-0102,84,211,sensitivity_degradation,degraded,21804737862.534767,18.678443032573654,0.8883735370046909,0.8883735370046909,1.177955245155487,sensitivity_degradation
IRCLT-0102,85,215,sensitivity_degradation,degraded,25605005828.11556,18.909364402946995,0.8916339074500085,0.8916339074500085,1.1669544371419536,sensitivity_degradation
IRCLT-0102,86,218,sensitivity_degradation,degraded,23201685852.91752,18.14914625360635,0.8874164368589756,0.8874164368589756,1.1859695747794234,sensitivity_degradation
IRCLT-0102,87,220,sensitivity_degradation,degraded,19940508334.62788,19.87480864324942,0.8301980760579483,0.8301980760579483,1.2240737650287186,sensitivity_degradation
IRCLT-0102,88,222,sensitivity_degradation,degraded,21414988439.20426,19.56548920973336,0.8845199218498517,0.8845199218498517,1.2084383697744192,sensitivity_degradation
IRCLT-0102,89,227,sensitivity_degradation,degraded,21229807179.532948,19.273198207263807,0.8665702523757822,0.8665702523757822,1.2084166338377729,sensitivity_degradation
IRCLT-0102,90,231,sensitivity_degradation,degraded,22463685513.74905,19.92399395705608,0.8630308578069897,0.8630308578069897,1.2251925757775657,sensitivity_degradation
IRCLT-0102,91,232,sensitivity_degradation,degraded,24151185605.975872,19.745542831680808,0.8758268020793759,0.8758268020793759,1.212781655187108,sensitivity_degradation
IRCLT-0102,92,235,sensitivity_degradation,degraded,21156165434.70574,19.199422551355624,0.8386352951769556,0.8386352951769556,1.231702792138917,sensitivity_degradation
IRCLT-0102,93,239,sensitivity_degradation,degraded,22005315192.09932,20.127653932835702,0.8459079719543114,0.8459079719543114,1.2350862114409284,sensitivity_degradation
IRCLT-0102,94,244,sensitivity_degradation,degraded,21676449521.94221,19.557578699086847,0.8752520736511712,0.8752520736511712,1.2219681055722955,sensitivity_degradation
IRCLT-0102,95,247,sensitivity_degradation,degraded,22291651663.991768,20.709230343252056,0.8841573850724089,0.8841573850724089,1.2302094981180898,sensitivity_degradation
IRCLT-0102,96,248,sensitivity_degradation,degraded,21952050570.794308,19.260773803500367,0.8654375854685529,0.8654375854685529,1.1994940365254534,sensitivity_degradation
IRCLT-0102,97,253,sensitivity_degradation,degraded,21722471330.028942,19.696087005076247,0.8568694764611008,0.8568694764611008,1.2312308367866125,sensitivity_degradation
IRCLT-0102,98,256,sensitivity_degradation,degraded,20338520682.606976,20.16556903448755,0.8248131117993304,0.8248131117993304,1.2553082297567335,sensitivity_degradation
IRCLT-0102,99,260,sensitivity_degradation,degraded,21930570224.90045,19.083318050445023,0.8512599560413795,0.8512599560413795,1.2316096349799168,sensitivity_degradation
IRCLT-0102,100,261,sensitivity_degradation,degraded,20491698196.53236,19.836868039246713,0.8709914104648318,0.8709914104648318,1.2149132442178896,sensitivity_degradation
IRCLT-0102,101,262,sensitivity_degradation,degraded,20638301341.11523,20.23970579453933,0.8275018579947536,0.8275018579947536,1.2635764718368794,sensitivity_degradation
IRCLT-0102,102,263,sensitivity_degradation,degraded,20605630793.016026,20.184041719911605,0.8519753953179783,0.8519753953179783,1.2529406502175395,sensitivity_degradation
IRCLT-0102,103,265,sensitivity_degradation,degraded,20320269425.019,20.3272898951674,0.8285794042863394,0.8285794042863394,1.2543071166002566,sensitivity_degradation
IRCLT-0102,104,269,sensitivity_degradation,degraded,22075028899.100124,20.293661088475,0.8542255982966246,0.8542255982966246,1.2207181173535604,sensitivity_degradation
IRCLT-0102,105,272,sensitivity_degradation,degraded,19839369779.344875,20.64109928839027,0.8342912340033442,0.8342912340033442,1.2443194084928726,sensitivity_degradation
IRCLT-0102,106,276,sensitivity_degradation,degraded,22572964794.403675,19.815935719305887,0.8616091885828067,0.8616091885828067,1.2308206537314526,sensitivity_degradation
IRCLT-0102,107,279,sensitivity_degradation,degraded,22837312938.117428,20.413544812288368,0.8441133388484169,0.8441133388484169,1.2588320540876872,sensitivity_degradation
IRCLT-0102,108,281,sensitivity_degradation,degraded,21872624033.083862,20.533586109952005,0.8554995466642977,0.8554995466642977,1.2477700469642918,sensitivity_degradation
IRCLT-0102,109,284,sensitivity_degradation,degraded,20517849093.47804,20.32528521424036,0.8311543537196111,0.8311543537196111,1.2592270637744938,sensitivity_degradation
IRCLT-0102,110,288,sensitivity_degradation,degraded,21559336409.40953,20.161900126263973,0.8233094050835809,0.8233094050835809,1.2719583802310013,sensitivity_degradation
IRCLT-0102,111,290,sensitivity_degradation,degraded,21342434984.43544,20.49052789336075,0.8427217181029222,0.8427217181029222,1.2556100588474581,sensitivity_degradation
IRCLT-0102,112,295,sensitivity_degradation,degraded,22073394792.582767,20.59527552995907,0.8435001148025076,0.8435001148025076,1.2576861736559646,sensitivity_degradation
IRCLT-0102,113,297,sensitivity_degradation,degraded,22025909372.694332,20.015664511822816,0.8341254762077771,0.8341254762077771,1.2531308658943394,sensitivity_degradation
IRCLT-0102,114,299,sensitivity_degradation,degraded,21577132087.96696,20.55876140753925,0.8430409656329692,0.8430409656329692,1.2549363632083894,sensitivity_degradation
IRCLT-0102,115,300,sensitivity_degradation,degraded,21637268584.27159,20.681504509743572,0.8185954376048536,0.8185954376048536,1.2712737827875162,sensitivity_degradation
IRCLT-0102,116,301,sensitivity_degradation,degraded,20031238408.62403,21.594681398063898,0.8113120562018601,0.8113120562018601,1.3026997807907912,sensitivity_degradation
IRCLT-0102,117,304,sensitivity_degradation,degraded,21476841462.43098,20.63988320191961,0.8238035372150061,0.8238035372150061,1.268851067069749,sensitivity_degradation
IRCLT-0102,118,309,sensitivity_degradation,degraded,20944501029.60115,20.40316334022814,0.8193406930908486,0.8193406930908486,1.28424676905083,sensitivity_degradation
IRCLT-0102,119,311,sensitivity_degradation,degraded,20821817816.76348,20.928131007107,0.8404158286603035,0.8404158286603035,1.2673924531793257,sensitivity_degradation
IRCLT-0102,120,313,sensitivity_degradation,degraded,21403516798.42061,21.17184160698599,0.8047607830983025,0.8047607830983025,1.2798799891818131,sensitivity_degradation
IRCLT-0102,121,316,sensitivity_degradation,degraded,21422183517.12697,21.419005657294207,0.8125938516732967,0.8125938516732967,1.3022964208854664,sensitivity_degradation
IRCLT-0102,122,318,sensitivity_degradation,degraded,21588208698.516827,20.083932176515948,0.8496072046497679,0.8496072046497679,1.2388959872967598,sensitivity_degradation
IRCLT-0102,123,323,sensitivity_degradation,degraded,23217574135.26674,19.75256546451949,0.8274484917264453,0.8274484917264453,1.2796017551239387,sensitivity_degradation
IRCLT-0102,124,327,sensitivity_degradation,degraded,20563830654.33213,21.89486208986097,0.8082323230861664,0.8082323230861664,1.3130859458186817,sensitivity_degradation
IRCLT-0102,125,331,sensitivity_degradation,degraded,21095523894.018158,21.646835463405928,0.8155093203703478,0.8155093203703478,1.3006397060273562,sensitivity_degradation
IRCLT-0102,126,332,sensitivity_degradation,degraded,20291808830.77824,21.27036073041492,0.8135153967537844,0.8135153967537844,1.3048117463317783,sensitivity_degradation
IRCLT-0102,127,333,sensitivity_degradation,degraded,19974713821.581474,21.016463731078623,0.8198512864064195,0.8198512864064195,1.2680218749115948,sensitivity_degradation
IRCLT-0102,128,336,sensitivity_degradation,degraded,20883283066.51037,21.610699918080368,0.8290399354553756,0.8290399354553756,1.292512640412269,sensitivity_degradation
IRCLT-0102,129,339,sensitivity_degradation,degraded,20545992815.947395,20.9415767292212,0.8274503439461145,0.8274503439461145,1.2995404140280316,sensitivity_degradation
IRCLT-0102,130,567,sensitivity_degradation,degraded,11592907791.015284,39.79278132006493,0.4647634240316514,0.4647634240316514,2.2785990245210392,sensitivity_degradation
IRCLT-0103,1,0,sensitivity_degradation,degraded,26549218577.245087,15.744896750893679,0.9991936180941312,0.9991936180941312,0.9958293212345048,sensitivity_degradation
IRCLT-0103,2,2,sensitivity_degradation,degraded,24662401740.95884,16.475590425403396,0.9736185329997856,0.9736185329997856,1.0261838196257542,sensitivity_degradation
IRCLT-0103,3,4,sensitivity_degradation,degraded,24992179031.062943,15.286543417415494,1.0025473541103955,1.0025473541103955,1.0048205378666424,sensitivity_degradation
IRCLT-0103,4,5,sensitivity_degradation,degraded,24658480563.89619,15.704553012215712,0.9874120630452876,0.9874120630452876,1.0053522268218886,sensitivity_degradation
IRCLT-0103,5,7,sensitivity_degradation,degraded,25932423165.203228,15.773116007107928,0.9845763507380958,0.9845763507380958,1.0177856552604068,sensitivity_degradation
IRCLT-0103,6,11,sensitivity_degradation,degraded,24772449594.44201,15.572157075423368,0.9981900711147359,0.9981900711147359,1.010579259240387,sensitivity_degradation
IRCLT-0103,7,16,sensitivity_degradation,degraded,27175766358.156708,15.262413144130152,0.9386581078083835,0.9386581078083835,1.0474614164876102,sensitivity_degradation
IRCLT-0103,8,19,sensitivity_degradation,degraded,25422224086.00964,16.132120919513714,0.9463444513958554,0.9463444513958554,1.0441338375777942,sensitivity_degradation
IRCLT-0103,9,23,sensitivity_degradation,degraded,23468474576.358097,16.57733761223865,0.9658754164596504,0.9658754164596504,1.0365408601056818,sensitivity_degradation
IRCLT-0103,10,24,sensitivity_degradation,degraded,24374482616.86996,16.726042543973552,0.9393419932902728,0.9393419932902728,1.0593128123997662,sensitivity_degradation
IRCLT-0103,11,25,sensitivity_degradation,degraded,24094847824.129482,16.44284617385847,0.9365162865485676,0.9365162865485676,1.054578540041868,sensitivity_degradation
IRCLT-0103,12,27,sensitivity_degradation,degraded,24225948109.396027,17.06491990505204,0.9229208220096092,0.9229208220096092,1.0903396601174051,sensitivity_degradation
IRCLT-0103,13,31,sensitivity_degradation,degraded,25779724340.70936,16.592798527194375,0.9209128905806612,0.9209128905806612,1.0754296235946261,sensitivity_degradation
IRCLT-0103,14,36,sensitivity_degradation,degraded,24999427472.107624,16.45414393084617,0.9301007074637738,0.9301007074637738,1.0711065099866646,sensitivity_degradation
IRCLT-0103,15,40,sensitivity_degradation,degraded,23500272832.11426,17.372908954182186,0.90266182025903,0.90266182025903,1.088614029068405,sensitivity_degradation
IRCLT-0103,16,41,sensitivity_degradation,degraded,23142479412.56616,17.633260882191568,0.8922374172898255,0.8922374172898255,1.1137000460708488,sensitivity_degradation
IRCLT-0103,17,42,sensitivity_degradation,degraded,25339545092.297573,17.31316819238972,0.9042066840282209,0.9042066840282209,1.0944160711609665,sensitivity_degradation
IRCLT-0103,18,43,sensitivity_degradation,degraded,23485051082.679626,17.778219735649806,0.9145538744645972,0.9145538744645972,1.0894260291771674,sensitivity_degradation
IRCLT-0103,19,46,sensitivity_degradation,degraded,24191787131.355545,17.727342064560442,0.9045419718411142,0.9045419718411142,1.106268309346532,sensitivity_degradation
IRCLT-0103,20,47,sensitivity_degradation,degraded,25204838288.73453,17.499252604317604,0.8822188172547353,0.8822188172547353,1.1329938772662758,sensitivity_degradation
IRCLT-0103,21,49,sensitivity_degradation,degraded,24871763888.68679,16.745228203632568,0.9155898231466844,0.9155898231466844,1.0947823790396094,sensitivity_degradation
IRCLT-0103,22,50,sensitivity_degradation,degraded,25730646194.49028,17.104227103577692,0.8900483242127152,0.8900483242127152,1.1158621074511643,sensitivity_degradation
IRCLT-0103,23,55,sensitivity_degradation,degraded,22081867548.65221,17.427605927958115,0.8948045414024037,0.8948045414024037,1.1187561695166983,sensitivity_degradation
IRCLT-0103,24,60,sensitivity_degradation,degraded,24152221564.39706,17.76029165019755,0.883005059970925,0.883005059970925,1.1052446849552071,sensitivity_degradation
IRCLT-0103,25,61,sensitivity_degradation,degraded,24754207209.51769,16.252849875400464,0.8547187924830298,0.8547187924830298,1.1257444703403274,sensitivity_degradation
IRCLT-0103,26,63,sensitivity_degradation,degraded,24660383583.859158,17.699100757699348,0.8860269322384955,0.8860269322384955,1.1207455822608758,sensitivity_degradation
IRCLT-0103,27,66,sensitivity_degradation,degraded,20874043730.667942,18.53116204788918,0.8720924398029687,0.8720924398029687,1.1493757873275194,sensitivity_degradation
IRCLT-0103,28,69,sensitivity_degradation,degraded,23071159199.21579,17.465606233092593,0.8554145091079439,0.8554145091079439,1.1498074051211218,sensitivity_degradation
IRCLT-0103,29,73,sensitivity_degradation,degraded,23430362545.214264,18.031511764578738,0.8663244659174565,0.8663244659174565,1.1570642314430988,sensitivity_degradation
IRCLT-0103,30,77,sensitivity_degradation,degraded,20489040444.958244,18.430489973698315,0.8533418504937751,0.8533418504937751,1.169128936100605,sensitivity_degradation
IRCLT-0103,31,80,sensitivity_degradation,degraded,22814110778.22644,17.719022887330762,0.8421412963801166,0.8421412963801166,1.1692709542680226,sensitivity_degradation
IRCLT-0103,32,81,sensitivity_degradation,degraded,22742456586.5558,19.05862980119192,0.8330845773073434,0.8330845773073434,1.175024150900018,sensitivity_degradation
IRCLT-0103,33,85,sensitivity_degradation,degraded,22831869262.142082,18.46557961750567,0.8364942511737579,0.8364942511737579,1.1789318407640277,sensitivity_degradation
IRCLT-0103,34,90,sensitivity_degradation,degraded,21941503555.022846,18.269738832767374,0.8532844868645224,0.8532844868645224,1.177919323739336,sensitivity_degradation
IRCLT-0103,35,93,sensitivity_degradation,degraded,21594396672.889103,17.68883087420226,0.8499920814649061,0.8499920814649061,1.1602784869618084,sensitivity_degradation
IRCLT-0103,36,98,sensitivity_degradation,degraded,22325313133.519867,18.70408644385687,0.8278131559937306,0.8278131559937306,1.210043004126233,sensitivity_degradation
IRCLT-0103,37,99,sensitivity_degradation,degraded,20163123685.050312,19.49523616900089,0.8105666966232344,0.8105666966232344,1.2261585712425978,sensitivity_degradation
IRCLT-0103,38,100,sensitivity_degradation,degraded,21433372659.23766,18.8067821353872,0.8193152466242438,0.8193152466242438,1.1941756578218858,sensitivity_degradation
IRCLT-0103,39,101,sensitivity_degradation,degraded,21201807368.002285,18.25845255470123,0.8054929490337635,0.8054929490337635,1.2220827557410912,sensitivity_degradation
IRCLT-0103,40,102,sensitivity_degradation,degraded,22827549892.342056,19.901569636228487,0.8200334760807929,0.8200334760807929,1.2015917569802264,sensitivity_degradation
IRCLT-0103,41,103,sensitivity_degradation,degraded,21618372839.78167,19.56168453942346,0.8162381016944168,0.8162381016944168,1.2077540778385905,sensitivity_degradation
IRCLT-0103,42,105,sensitivity_degradation,degraded,20750126360.58867,18.885481639889274,0.8156561889005484,0.8156561889005484,1.2367437091269198,sensitivity_degradation
IRCLT-0103,43,106,sensitivity_degradation,degraded,22975830029.459904,18.586663150032546,0.8160713944906863,0.8160713944906863,1.232830728718001,sensitivity_degradation
IRCLT-0103,44,109,sensitivity_degradation,degraded,20384275700.83998,19.5150547554746,0.7885507028264405,0.7885507028264405,1.2355526189281476,sensitivity_degradation
IRCLT-0103,45,112,sensitivity_degradation,degraded,22644620827.89186,19.40150652527048,0.7969230641704959,0.7969230641704959,1.2185142476670752,sensitivity_degradation
IRCLT-0103,46,115,sensitivity_degradation,degraded,20105474838.89564,18.97419611887318,0.8001215554185437,0.8001215554185437,1.2477620432372067,sensitivity_degradation
IRCLT-0103,47,116,sensitivity_degradation,degraded,21017034561.00164,19.015457015269547,0.8070443717495689,0.8070443717495689,1.221611855587577,sensitivity_degradation
IRCLT-0103,48,120,sensitivity_degradation,degraded,21270473099.193096,18.581309378922448,0.8109463590091442,0.8109463590091442,1.2358647574591592,sensitivity_degradation
IRCLT-0103,49,124,sensitivity_degradation,degraded,21496618114.490192,19.768144867097398,0.7987726856588319,0.7987726856588319,1.2514362543616393,sensitivity_degradation
IRCLT-0103,50,127,sensitivity_degradation,degraded,20729724172.78357,20.246283168570756,0.7905543653368771,0.7905543653368771,1.2733640784788731,sensitivity_degradation
IRCLT-0103,51,132,sensitivity_degradation,degraded,22532612738.707653,19.212089890556218,0.7946448629846776,0.7946448629846776,1.2629795168354552,sensitivity_degradation
IRCLT-0103,52,136,sensitivity_degradation,degraded,20503075534.23964,20.552225267824138,0.7648159530194187,0.7648159530194187,1.2937496133704278,sensitivity_degradation
IRCLT-0103,53,141,sensitivity_degradation,degraded,21428106769.485508,20.393394514063548,0.7873029017659747,0.7873029017659747,1.279310331642999,sensitivity_degradation
IRCLT-0103,54,146,sensitivity_degradation,degraded,20711539413.34821,20.44836777351345,0.7828537754667729,0.7828537754667729,1.2941338110358722,sensitivity_degradation
IRCLT-0103,55,151,sensitivity_degradation,degraded,18979756736.096718,19.71001702647532,0.7520070125530064,0.7520070125530064,1.30542695123281,sensitivity_degradation
IRCLT-0103,56,155,sensitivity_degradation,degraded,21486643454.59798,18.470478478155105,0.7791443148264028,0.7791443148264028,1.2731462635393505,sensitivity_degradation
IRCLT-0103,57,159,sensitivity_degradation,degraded,21605530597.68549,20.39041814326988,0.7532139616448095,0.7532139616448095,1.3011233647856126,sensitivity_degradation
IRCLT-0103,58,164,sensitivity_degradation,degraded,21694215282.550117,20.61767639074095,0.7606582168143331,0.7606582168143331,1.297342998490312,sensitivity_degradation
IRCLT-0103,59,169,sensitivity_degradation,degraded,21054292104.28989,20.80510097433176,0.7658013362096805,0.7658013362096805,1.308218959416128,sensitivity_degradation
IRCLT-0103,60,172,sensitivity_degradation,degraded,18368605759.178543,20.67801918109306,0.7499137955940401,0.7499137955940401,1.3234072973474431,sensitivity_degradation
IRCLT-0103,61,176,sensitivity_degradation,degraded,18222174569.740288,20.875627322800028,0.7388322270874184,0.7388322270874184,1.3209571176703052,sensitivity_degradation
IRCLT-0103,62,180,sensitivity_degradation,degraded,18342662431.548626,20.421241590999237,0.7313681802344663,0.7313681802344663,1.3422409686161545,sensitivity_degradation
IRCLT-0103,63,184,sensitivity_degradation,degraded,18077711571.669773,20.321899698906016,0.7617113212716392,0.7617113212716392,1.2872914620125673,sensitivity_degradation
IRCLT-0103,64,189,sensitivity_degradation,degraded,18409082517.110203,21.16451927057852,0.7142551767351409,0.7142551767351409,1.3837646705022701,sensitivity_degradation
IRCLT-0103,65,192,sensitivity_degradation,degraded,17971739855.569508,21.216832925187532,0.7137957213278802,0.7137957213278802,1.3755798197249829,sensitivity_degradation
IRCLT-0103,66,197,sensitivity_degradation,degraded,21517915907.88644,20.88966256225383,0.7510933604770382,0.7510933604770382,1.3349081104349596,sensitivity_degradation
IRCLT-0103,67,198,sensitivity_degradation,degraded,18390293524.13229,21.145501984422978,0.705165183304725,0.705165183304725,1.3723217856517778,sensitivity_degradation
IRCLT-0103,68,203,sensitivity_degradation,degraded,17820177619.971317,21.792922889302577,0.7230363151513687,0.7230363151513687,1.3699546339246444,sensitivity_degradation
IRCLT-0103,69,205,sensitivity_degradation,degraded,17759833908.46704,21.572954951048576,0.7219549142549995,0.7219549142549995,1.3720901737214208,sensitivity_degradation
IRCLT-0103,70,207,sensitivity_degradation,degraded,18569608637.16309,21.60853702328871,0.7102517097565171,0.7102517097565171,1.389851024245386,sensitivity_degradation
IRCLT-0103,71,209,sensitivity_degradation,degraded,17650999627.58157,22.663101936979608,0.7271793918576047,0.7271793918576047,1.4065926927359884,sensitivity_degradation
IRCLT-0103,72,211,sensitivity_degradation,degraded,19288118253.3331,22.36239400328662,0.6939091023871264,0.6939091023871264,1.3907361884437621,sensitivity_degradation
IRCLT-0103,73,216,sensitivity_degradation,degraded,19432005814.07284,22.044132201884093,0.6962698345736742,0.6962698345736742,1.4211358225320492,sensitivity_degradation
IRCLT-0103,74,218,sensitivity_degradation,degraded,18154647642.58004,21.85183798571844,0.7047479889115712,0.7047479889115712,1.401009759831073,sensitivity_degradation
IRCLT-0103,75,220,sensitivity_degradation,degraded,18597522162.83195,21.40117990825388,0.7265781238906891,0.7265781238906891,1.397637785805692,sensitivity_degradation
IRCLT-0103,76,225,sensitivity_degradation,degraded,20237987124.598057,21.70123380640099,0.7166925275816968,0.7166925275816968,1.379864988036095,sensitivity_degradation
IRCLT-0103,77,226,sensitivity_degradation,degraded,18184377540.29148,21.70931230735249,0.6995384878715489,0.6995384878715489,1.4075754502973137,sensitivity_degradation
IRCLT-0103,78,227,sensitivity_degradation,degraded,17596349336.397,21.35043040954474,0.7071231897194922,0.7071231897194922,1.408774213228321,sensitivity_degradation
IRCLT-0103,79,228,sensitivity_degradation,degraded,17948890499.308094,22.595689549596788,0.6777327383950451,0.6777327383950451,1.4634365387662007,sensitivity_degradation
IRCLT-0103,80,233,sensitivity_degradation,degraded,18029154022.96547,22.581610236495727,0.7025514492359148,0.7025514492359148,1.4331016915090835,sensitivity_degradation
IRCLT-0103,81,238,sensitivity_degradation,degraded,17861372404.08722,22.145970505783453,0.6950164174177296,0.6950164174177296,1.4173749810179257,sensitivity_degradation
IRCLT-0103,82,240,sensitivity_degradation,degraded,16706277261.887438,23.41643069298395,0.6924551369319614,0.6924551369319614,1.43576063552208,sensitivity_degradation
IRCLT-0103,83,243,sensitivity_degradation,degraded,17521247905.040886,22.846861947912604,0.6879365633115876,0.6879365633115876,1.4413831137829052,sensitivity_degradation
IRCLT-0103,84,245,sensitivity_degradation,degraded,17997447057.82921,23.494305646051263,0.6835366499791168,0.6835366499791168,1.4570439570070035,sensitivity_degradation
IRCLT-0103,85,250,sensitivity_degradation,degraded,18108220374.28328,22.595484909000287,0.6949665947803284,0.6949665947803284,1.4300783803832895,sensitivity_degradation
IRCLT-0103,86,251,sensitivity_degradation,degraded,17485277254.188885,22.94507780431583,0.6644798158617379,0.6644798158617379,1.5035647806952708,sensitivity_degradation
IRCLT-0103,87,252,sensitivity_degradation,degraded,17230190241.754963,23.11354288952921,0.6618566622235925,0.6618566622235925,1.4614500534627404,sensitivity_degradation
IRCLT-0103,88,253,sensitivity_degradation,degraded,18398981641.337284,23.2843149258524,0.7051736312529824,0.7051736312529824,1.4436565160794663,sensitivity_degradation
IRCLT-0103,89,255,sensitivity_degradation,degraded,18199304297.101032,23.099303148497963,0.6972095520608462,0.6972095520608462,1.4435707541181562,sensitivity_degradation
IRCLT-0103,90,259,sensitivity_degradation,degraded,17843222400.944283,22.017382551114935,0.6941205230775586,0.6941205230775586,1.4186427615416877,sensitivity_degradation
IRCLT-0103,91,260,sensitivity_degradation,degraded,19088187694.06869,23.48241534388205,0.6565895084988688,0.6565895084988688,1.4851517474353826,sensitivity_degradation
IRCLT-0103,92,264,sensitivity_degradation,degraded,17858629116.60388,23.16135724317286,0.6705218745594024,0.6705218745594024,1.471210048715355,sensitivity_degradation
IRCLT-0103,93,265,sensitivity_degradation,degraded,18299209398.52601,21.56148488796308,0.6799628084560221,0.6799628084560221,1.4614006664513894,sensitivity_degradation
IRCLT-0103,94,267,sensitivity_degradation,degraded,16657104746.602638,23.488443623442997,0.6624551293317338,0.6624551293317338,1.4648519725388407,sensitivity_degradation
IRCLT-0103,95,271,sensitivity_degradation,degraded,18984267821.9094,23.119575610442208,0.6745575579691597,0.6745575579691597,1.4987299791120958,sensitivity_degradation
IRCLT-0103,96,276,sensitivity_degradation,degraded,17488347206.381905,23.91386428290151,0.6632801985357504,0.6632801985357504,1.4987752909796324,sensitivity_degradation
IRCLT-0103,97,277,sensitivity_degradation,degraded,16732239474.819462,23.08184776607389,0.6706861184137236,0.6706861184137236,1.4957306274479567,sensitivity_degradation
IRCLT-0103,98,282,sensitivity_degradation,degraded,16197699320.909824,24.715098621921097,0.6430624688574916,0.6430624688574916,1.5447210764793071,sensitivity_degradation
IRCLT-0103,99,286,sensitivity_degradation,degraded,15632687595.95616,24.03554133645165,0.6399989227282011,0.6399989227282011,1.5246819574416313,sensitivity_degradation
IRCLT-0103,100,287,sensitivity_degradation,degraded,18117289822.902054,24.396508894692545,0.6493161005177152,0.6493161005177152,1.5097665660635209,sensitivity_degradation
IRCLT-0103,101,291,sensitivity_degradation,degraded,17061107898.97783,23.886859301963728,0.6780337691771159,0.6780337691771159,1.4851452606244622,sensitivity_degradation
IRCLT-0103,102,460,sensitivity_degradation,degraded,10365218307.097887,42.67002170057754,0.39769043042196206,0.39769043042196206,2.5066193658967326,sensitivity_degradation
IRCLT-0104,1,0,sensitivity_degradation,degraded,21177802390.85271,13.516193619717654,0.9907430061402642,0.9907430061402642,1.0011678631860133,sensitivity_degradation
IRCLT-0104,2,4,sensitivity_degradation,degraded,21765662672.45295,14.515007631920135,0.9935512763358644,0.9935512763358644,1.016077893575042,sensitivity_degradation
IRCLT-0104,3,7,sensitivity_degradation,degraded,22614626856.63875,14.700180914994734,0.9970810557739821,0.9970810557739821,1.0112212880377287,sensitivity_degradation
IRCLT-0104,4,9,sensitivity_degradation,degraded,21273142142.234943,14.605367057521551,0.9854853163465644,0.9854853163465644,1.015398133222522,sensitivity_degradation
IRCLT-0104,5,11,sensitivity_degradation,degraded,21364239262.920708,14.485282840089061,0.9786805137353872,0.9786805137353872,1.0261134060018584,sensitivity_degradation
IRCLT-0104,6,16,sensitivity_degradation,degraded,20247991082.32701,14.409255163325891,0.9777224006696056,0.9777224006696056,1.03477925355319,sensitivity_degradation
IRCLT-0104,7,19,sensitivity_degradation,degraded,20618118629.613564,15.699143096044386,0.9744041226216252,0.9744041226216252,1.0504506969411516,sensitivity_degradation
IRCLT-0104,8,23,sensitivity_degradation,degraded,20954211976.83044,15.139453800648205,0.9695627615356662,0.9695627615356662,1.0480945377025923,sensitivity_degradation
IRCLT-0104,9,25,sensitivity_degradation,degraded,18690061105.469944,15.675591555356304,0.9289237880913932,0.9289237880913932,1.0806285627554295,sensitivity_degradation
IRCLT-0104,10,26,sensitivity_degradation,degraded,19362967203.295692,15.076784033674677,0.9172145575886403,0.9172145575886403,1.0890817892443996,sensitivity_degradation
IRCLT-0104,11,27,sensitivity_degradation,degraded,20707170038.290245,15.204748721522627,0.9613605846062372,0.9613605846062372,1.0553682454016906,sensitivity_degradation
IRCLT-0104,12,31,sensitivity_degradation,degraded,18896614105.42741,16.762576366618664,0.91035445770336,0.91035445770336,1.1103932250913338,sensitivity_degradation
IRCLT-0104,13,33,sensitivity_degradation,degraded,19572218436.32772,15.484663233206485,0.9054223517256892,0.9054223517256892,1.0961422580169358,sensitivity_degradation
IRCLT-0104,14,38,sensitivity_degradation,degraded,19663222621.16715,16.033392461581705,0.9038889618291892,0.9038889618291892,1.1133434992739732,sensitivity_degradation
IRCLT-0104,15,39,sensitivity_degradation,degraded,18240600412.241627,16.0071250603926,0.9013578997755718,0.9013578997755718,1.1328041340599941,sensitivity_degradation
IRCLT-0104,16,42,sensitivity_degradation,degraded,20978333133.111492,15.261947048368961,0.9367921826659394,0.9367921826659394,1.085623561588112,sensitivity_degradation
IRCLT-0104,17,45,sensitivity_degradation,degraded,18705658687.930485,15.818678873391269,0.9192496431412434,0.9192496431412434,1.1004224127762547,sensitivity_degradation
IRCLT-0104,18,50,sensitivity_degradation,degraded,17578505548.638966,16.23699891072134,0.8813818162238072,0.8813818162238072,1.1585689902222318,sensitivity_degradation
IRCLT-0104,19,55,sensitivity_degradation,degraded,18686790951.423332,16.636173187760825,0.8962345429611906,0.8962345429611906,1.1329045553732366,sensitivity_degradation
IRCLT-0104,20,59,sensitivity_degradation,degraded,18584013383.129303,16.49064388318237,0.8762516870628265,0.8762516870628265,1.157077348624056,sensitivity_degradation
IRCLT-0104,21,63,sensitivity_degradation,degraded,19966243057.130585,16.234154354496276,0.8617439431286059,0.8617439431286059,1.1692959101974991,sensitivity_degradation
IRCLT-0104,22,67,sensitivity_degradation,degraded,18818796421.830482,17.294445015929412,0.8731809752206491,0.8731809752206491,1.1725860562701091,sensitivity_degradation
IRCLT-0104,23,72,sensitivity_degradation,degraded,19580962482.56684,16.769135292878744,0.8777963313391429,0.8777963313391429,1.1517243064890037,sensitivity_degradation
IRCLT-0104,24,73,sensitivity_degradation,degraded,17129244396.21521,16.94555715045531,0.8319686410780383,0.8319686410780383,1.20714560800196,sensitivity_degradation
IRCLT-0104,25,76,sensitivity_degradation,degraded,19863749634.411243,17.3657336877641,0.8430910145319931,0.8430910145319931,1.1943395844320994,sensitivity_degradation
IRCLT-0104,26,78,sensitivity_degradation,degraded,16782611840.270712,17.76790286127546,0.8332982430051827,0.8332982430051827,1.2167278919614817,sensitivity_degradation
IRCLT-0104,27,82,sensitivity_degradation,degraded,17036677981.415222,17.23574623472036,0.847352054344537,0.847352054344537,1.1917685157343554,sensitivity_degradation
IRCLT-0104,28,83,sensitivity_degradation,degraded,17756875901.13575,17.04249356008584,0.8100025946460643,0.8100025946460643,1.2440819534742438,sensitivity_degradation
IRCLT-0104,29,88,sensitivity_degradation,degraded,16856495067.214937,17.548252638856916,0.8283425298503585,0.8283425298503585,1.2228962469096285,sensitivity_degradation
IRCLT-0104,30,89,sensitivity_degradation,degraded,17071565723.53262,18.295344586468662,0.8319215279540951,0.8319215279540951,1.2165296051541985,sensitivity_degradation
IRCLT-0104,31,94,sensitivity_degradation,degraded,16469258338.583591,17.566581288981364,0.8159453518831083,0.8159453518831083,1.2410699821100617,sensitivity_degradation
IRCLT-0104,32,97,sensitivity_degradation,degraded,16743811090.694878,16.918465464423708,0.8112993167547664,0.8112993167547664,1.243660015151166,sensitivity_degradation
IRCLT-0104,33,99,sensitivity_degradation,degraded,16572633182.541588,18.090092258499038,0.7973933901590371,0.7973933901590371,1.23192572858576,sensitivity_degradation
IRCLT-0104,34,102,sensitivity_degradation,degraded,17358369359.66544,17.5803667012785,0.7897734956416851,0.7897734956416851,1.2663514585197486,sensitivity_degradation
IRCLT-0104,35,104,sensitivity_degradation,degraded,18481840442.71326,18.035153008038648,0.8172583579862837,0.8172583579862837,1.236490153873718,sensitivity_degradation
IRCLT-0104,36,107,sensitivity_degradation,degraded,15539059866.07227,18.08282137644069,0.7876747405733161,0.7876747405733161,1.2636210929517633,sensitivity_degradation
IRCLT-0104,37,110,sensitivity_degradation,degraded,17212778661.16444,17.925998174457977,0.7789470058003591,0.7789470058003591,1.2679983707295803,sensitivity_degradation
IRCLT-0104,38,111,sensitivity_degradation,degraded,19350494959.93,17.623455444098774,0.8281908242283393,0.8281908242283393,1.2322312628286225,sensitivity_degradation
IRCLT-0104,39,114,sensitivity_degradation,degraded,17983282156.739975,17.884240602421066,0.8189488511626374,0.8189488511626374,1.2393969572934722,sensitivity_degradation
IRCLT-0104,40,117,sensitivity_degradation,degraded,16118391406.924757,18.458932048810954,0.772067307980742,0.772067307980742,1.2817909917119417,sensitivity_degradation
IRCLT-0104,41,122,sensitivity_degradation,degraded,16185694916.152025,17.540341797956035,0.7947884866949819,0.7947884866949819,1.276664083143844,sensitivity_degradation
IRCLT-0104,42,123,sensitivity_degradation,degraded,16429489458.895485,18.88044799279122,0.7765360977551459,0.7765360977551459,1.272673489197234,sensitivity_degradation
IRCLT-0104,43,124,sensitivity_degradation,degraded,16519377842.766457,18.673944063453018,0.7794016671222099,0.7794016671222099,1.3075800936243676,sensitivity_degradation
IRCLT-0104,44,125,sensitivity_degradation,degraded,15893362826.271816,18.817317380666626,0.7801621726781689,0.7801621726781689,1.2980177319610993,sensitivity_degradation
IRCLT-0104,45,126,sensitivity_degradation,degraded,15915979705.445724,18.696406145510693,0.7737893903472511,0.7737893903472511,1.3295654005910147,sensitivity_degradation
IRCLT-0104,46,127,sensitivity_degradation,degraded,16705134548.38598,18.63222842735005,0.7834081240142476,0.7834081240142476,1.2914486118040405,sensitivity_degradation
IRCLT-0104,47,128,sensitivity_degradation,degraded,17162163348.884985,17.77377977985674,0.7833694897900207,0.7833694897900207,1.2840172108626775,sensitivity_degradation
IRCLT-0104,48,133,sensitivity_degradation,degraded,15880758031.49205,18.681687278784718,0.7439380647356745,0.7439380647356745,1.326436277240444,sensitivity_degradation
IRCLT-0104,49,135,sensitivity_degradation,degraded,17067451257.918694,19.177015172068945,0.7540972084549041,0.7540972084549041,1.3130177157372405,sensitivity_degradation
IRCLT-0104,50,140,sensitivity_degradation,degraded,15907859687.541925,19.31945534092848,0.7549849748105764,0.7549849748105764,1.3363131666284551,sensitivity_degradation
IRCLT-0104,51,142,sensitivity_degradation,degraded,16289641523.537266,18.62645109715156,0.7702997511320252,0.7702997511320252,1.2997816577567047,sensitivity_degradation
IRCLT-0104,52,146,sensitivity_degradation,degraded,15748529959.037497,19.83266720838788,0.7493019748661597,0.7493019748661597,1.3360354328855133,sensitivity_degradation
IRCLT-0104,53,147,sensitivity_degradation,degraded,17364721180.58971,18.523999037143746,0.7631597663183638,0.7631597663183638,1.3123596849607813,sensitivity_degradation
IRCLT-0104,54,151,sensitivity_degradation,degraded,16741315944.232641,18.874919420602666,0.7454815937947606,0.7454815937947606,1.336306273755053,sensitivity_degradation
IRCLT-0104,55,152,sensitivity_degradation,degraded,16869466149.766178,18.94119637908345,0.7532765468685887,0.7532765468685887,1.3556927689650449,sensitivity_degradation
IRCLT-0104,56,154,sensitivity_degradation,degraded,16131420166.049072,19.116176879955894,0.7901067628844841,0.7901067628844841,1.3174882563867425,sensitivity_degradation
IRCLT-0104,57,156,sensitivity_degradation,degraded,16198963503.784325,19.491066461416732,0.7484577855934341,0.7484577855934341,1.3444395204231685,sensitivity_degradation
IRCLT-0104,58,159,sensitivity_degradation,degraded,16574778976.033566,19.438667964270703,0.7561973109229692,0.7561973109229692,1.3402174158648401,sensitivity_degradation
IRCLT-0104,59,164,sensitivity_degradation,degraded,16564994882.244318,19.214039607944216,0.7328020940398983,0.7328020940398983,1.3576251013444245,sensitivity_degradation
IRCLT-0104,60,165,sensitivity_degradation,degraded,15383920957.761219,19.23742088964708,0.7458251719135307,0.7458251719135307,1.3605299388122998,sensitivity_degradation
IRCLT-0104,61,170,sensitivity_degradation,degraded,15771725200.32535,19.73185608735124,0.7507734301548142,0.7507734301548142,1.3563586765080513,sensitivity_degradation
IRCLT-0104,62,174,sensitivity_degradation,degraded,15239106382.719728,20.030669733497,0.7260296135234546,0.7260296135234546,1.3872708421438016,sensitivity_degradation
IRCLT-0104,63,176,sensitivity_degradation,degraded,14254330918.23698,18.882706801531967,0.7376894171535239,0.7376894171535239,1.3876843689435197,sensitivity_degradation
IRCLT-0104,64,180,sensitivity_degradation,degraded,13880327820.406948,19.944168771360903,0.7096364880785514,0.7096364880785514,1.4202729437711663,sensitivity_degradation
IRCLT-0104,65,183,sensitivity_degradation,degraded,15239908547.049559,21.278193418548252,0.6959080207235353,0.6959080207235353,1.451627696490733,sensitivity_degradation
IRCLT-0104,66,186,sensitivity_degradation,degraded,14686711801.756245,20.70393606597833,0.6961264420126476,0.6961264420126476,1.4349928628484718,sensitivity_degradation
IRCLT-0104,67,190,sensitivity_degradation,degraded,14714601597.619709,19.630424343234395,0.7159841983144196,0.7159841983144196,1.4106663553854797,sensitivity_degradation
IRCLT-0104,68,191,sensitivity_degradation,degraded,14611175142.969809,20.32182420156655,0.6869418440486722,0.6869418440486722,1.4488356311429949,sensitivity_degradation
IRCLT-0104,69,194,sensitivity_degradation,degraded,15031358252.542162,20.265656679135567,0.7094196306545077,0.7094196306545077,1.4079129124593868,sensitivity_degradation
IRCLT-0104,70,199,sensitivity_degradation,degraded,14974373168.981619,20.56414862816712,0.7141256179402238,0.7141256179402238,1.4286145884598118,sensitivity_degradation
IRCLT-0104,71,204,sensitivity_degradation,degraded,14943135562.633537,20.10991019401285,0.7144255464434832,0.7144255464434832,1.4109571084745518,sensitivity_degradation
IRCLT-0104,72,208,sensitivity_degradation,degraded,15528447631.510715,20.025375472003734,0.6860923075168036,0.6860923075168036,1.4648120760075896,sensitivity_degradation
IRCLT-0104,73,212,sensitivity_degradation,degraded,15287051539.2448,20.901426505580808,0.6840524435048982,0.6840524435048982,1.4654013310576066,sensitivity_degradation
IRCLT-0104,74,213,sensitivity_degradation,degraded,15301977835.885647,21.063594042783247,0.7019300747824307,0.7019300747824307,1.4446437289900156,sensitivity_degradation
IRCLT-0104,75,217,sensitivity_degradation,degraded,15857568866.72714,20.367767057054788,0.7299308457746173,0.7299308457746173,1.4197654133751316,sensitivity_degradation
IRCLT-0104,76,221,sensitivity_degradation,degraded,14291415747.039362,21.59781892381239,0.6744578360576818,0.6744578360576818,1.4805334992361576,sensitivity_degradation
IRCLT-0104,77,225,sensitivity_degradation,degraded,14164668605.313187,20.090465936404602,0.7034511698857047,0.7034511698857047,1.4498584872069809,sensitivity_degradation
IRCLT-0104,78,230,sensitivity_degradation,degraded,15057605279.788397,20.390209846233088,0.6898578780111833,0.6898578780111833,1.4611831894431515,sensitivity_degradation
IRCLT-0104,79,232,sensitivity_degradation,degraded,14480578953.850218,21.587865358188907,0.655108406154421,0.655108406154421,1.5229800651474152,sensitivity_degradation
IRCLT-0104,80,234,sensitivity_degradation,degraded,14422940243.961609,21.149702266555483,0.6728407647212332,0.6728407647212332,1.4723965548053632,sensitivity_degradation
IRCLT-0104,81,239,sensitivity_degradation,degraded,14825674580.444643,21.81563881377186,0.6739216287915586,0.6739216287915586,1.4907934651189083,sensitivity_degradation
IRCLT-0104,82,240,sensitivity_degradation,degraded,14145554121.471315,21.750755524831632,0.6586151680218505,0.6586151680218505,1.5176652357834817,sensitivity_degradation
IRCLT-0104,83,244,sensitivity_degradation,degraded,14412544736.132006,22.19639347310833,0.6820046070463739,0.6820046070463739,1.4897393286252685,sensitivity_degradation
IRCLT-0104,84,248,sensitivity_degradation,degraded,12848071846.509695,22.461860456474533,0.6581624471834568,0.6581624471834568,1.5357752222075751,sensitivity_degradation
IRCLT-0104,85,249,sensitivity_degradation,degraded,13046255661.88032,21.530377179111323,0.6657173200337129,0.6657173200337129,1.5296652939165003,sensitivity_degradation
IRCLT-0104,86,252,sensitivity_degradation,degraded,14569000034.576097,21.659933465986906,0.6903722630917795,0.6903722630917795,1.477232747683076,sensitivity_degradation
IRCLT-0104,87,255,sensitivity_degradation,degraded,13221721637.853779,21.287940926892848,0.6693757901889656,0.6693757901889656,1.5014322024734283,sensitivity_degradation
IRCLT-0104,88,259,sensitivity_degradation,degraded,14553350452.552994,20.823084770163355,0.660795623009726,0.660795623009726,1.5143612082198734,sensitivity_degradation
IRCLT-0104,89,264,sensitivity_degradation,degraded,13279412052.583244,21.704307600255323,0.6563554696733848,0.6563554696733848,1.5541132884391131,sensitivity_degradation
IRCLT-0104,90,268,sensitivity_degradation,degraded,13662240736.616224,22.052864918134254,0.671750611083397,0.671750611083397,1.5364601324781169,sensitivity_degradation
IRCLT-0104,91,273,sensitivity_degradation,degraded,14010703948.321085,21.55687052037951,0.6504639984764735,0.6504639984764735,1.5434582394369138,sensitivity_degradation
IRCLT-0104,92,277,sensitivity_degradation,degraded,12665872213.931965,22.17306299368714,0.6364204726330494,0.6364204726330494,1.5558165695843935,sensitivity_degradation
IRCLT-0104,93,281,sensitivity_degradation,degraded,12962965445.131254,21.819249050291265,0.6495612959213835,0.6495612959213835,1.5606627801158717,sensitivity_degradation
IRCLT-0104,94,285,sensitivity_degradation,degraded,13344145281.730148,22.096970093591494,0.6574880670907212,0.6574880670907212,1.5429161945334275,sensitivity_degradation
IRCLT-0104,95,288,sensitivity_degradation,degraded,13874909157.136671,22.673997200380413,0.6154152059150249,0.6154152059150249,1.6201699260684956,sensitivity_degradation
IRCLT-0104,96,291,sensitivity_degradation,degraded,13068228088.107466,22.91359964087067,0.6256469609588867,0.6256469609588867,1.6110884442659843,sensitivity_degradation
IRCLT-0104,97,293,sensitivity_degradation,degraded,13302043050.454586,22.578333359415254,0.6464917418228018,0.6464917418228018,1.5744838926796354,sensitivity_degradation
IRCLT-0104,98,297,sensitivity_degradation,degraded,13480400662.603096,23.323075741008893,0.6140806540797533,0.6140806540797533,1.6143304150525275,sensitivity_degradation
IRCLT-0104,99,298,sensitivity_degradation,degraded,12911716923.553656,22.186596879077676,0.6482493121343246,0.6482493121343246,1.5493281638319916,sensitivity_degradation
IRCLT-0104,100,300,sensitivity_degradation,degraded,14296240762.515938,22.947724243472226,0.6209800572847523,0.6209800572847523,1.5926654518955827,sensitivity_degradation
IRCLT-0104,101,302,sensitivity_degradation,degraded,13323259499.54454,22.61177856903167,0.613334835664852,0.613334835664852,1.58273680580657,sensitivity_degradation
IRCLT-0104,102,307,sensitivity_degradation,degraded,13703398450.725252,22.81529992248976,0.6181770362020588,0.6181770362020588,1.6198561750711622,sensitivity_degradation
IRCLT-0104,103,311,sensitivity_degradation,degraded,13789115595.378838,22.787414696918603,0.6365249799841028,0.6365249799841028,1.5897024848194596,sensitivity_degradation
IRCLT-0104,104,315,sensitivity_degradation,degraded,12882421838.334274,22.70481190151143,0.6161252607830853,0.6161252607830853,1.605785834792926,sensitivity_degradation
IRCLT-0104,105,320,sensitivity_degradation,degraded,12173486679.752428,23.052734544515246,0.6195080151143485,0.6195080151143485,1.6331226950741755,sensitivity_degradation
IRCLT-0104,106,323,sensitivity_degradation,degraded,13178142119.66972,23.70680693217822,0.6208376009499321,0.6208376009499321,1.624162669253453,sensitivity_degradation
IRCLT-0104,107,324,sensitivity_degradation,degraded,12719295670.608677,23.359839868085245,0.6150424048563576,0.6150424048563576,1.6247614891936393,sensitivity_degradation
IRCLT-0104,108,328,sensitivity_degradation,degraded,13300795830.60896,24.529364552503942,0.6083561856243935,0.6083561856243935,1.6660396346635067,sensitivity_degradation
IRCLT-0104,109,330,sensitivity_degradation,degraded,13604291183.451307,23.55460933735673,0.6220346161840474,0.6220346161840474,1.6241198385141902,sensitivity_degradation
IRCLT-0104,110,332,sensitivity_degradation,degraded,12434988854.265621,24.57841780206336,0.5942227861345151,0.5942227861345151,1.7162340851236344,sensitivity_degradation
IRCLT-0104,111,337,sensitivity_degradation,degraded,12378202215.945312,23.06330689141677,0.6154659432210752,0.6154659432210752,1.6390865613873309,sensitivity_degradation
IRCLT-0104,112,341,sensitivity_degradation,degraded,12900933381.27165,22.118078285727744,0.6207927574205789,0.6207927574205789,1.6203040048222896,sensitivity_degradation
IRCLT-0104,113,345,sensitivity_degradation,degraded,12853853767.809444,24.69851824988599,0.5699450428838072,0.5699450428838072,1.7328925427794772,sensitivity_degradation
IRCLT-0104,114,350,sensitivity_degradation,degraded,13221931545.264057,24.99193959140448,0.5879442423231109,0.5879442423231109,1.7315839863715334,sensitivity_degradation
IRCLT-0104,115,354,sensitivity_degradation,degraded,12200165261.079426,24.322311650463014,0.5760103492219592,0.5760103492219592,1.7241677128071224,sensitivity_degradation
IRCLT-0104,116,355,sensitivity_degradation,degraded,12700587590.715357,25.10188917143663,0.5851497419434892,0.5851497419434892,1.721413268939338,sensitivity_degradation
IRCLT-0104,117,356,sensitivity_degradation,degraded,13248286645.253395,24.051696974014746,0.5930137483419722,0.5930137483419722,1.6781532960493692,sensitivity_degradation
IRCLT-0104,118,357,sensitivity_degradation,degraded,13038105340.197077,24.531597768778372,0.5936820850094809,0.5936820850094809,1.6869214675372692,sensitivity_degradation
IRCLT-0104,119,362,sensitivity_degradation,degraded,12086265481.095669,25.217703722176203,0.5745492222594035,0.5745492222594035,1.7397677320271965,sensitivity_degradation
IRCLT-0104,120,365,sensitivity_degradation,degraded,11633851486.168331,25.473559877134484,0.5795660856166686,0.5795660856166686,1.7501817879599886,sensitivity_degradation
IRCLT-0104,121,368,sensitivity_degradation,degraded,12328504436.2244,26.37567885605717,0.5499728157294056,0.5499728157294056,1.80849164753582,sensitivity_degradation
IRCLT-0104,122,372,sensitivity_degradation,degraded,12081187228.938421,26.036665736653127,0.5663291221092612,0.5663291221092612,1.764538314084797,sensitivity_degradation
IRCLT-0104,123,375,sensitivity_degradation,degraded,11778966036.00895,24.46563951815721,0.5790501489377757,0.5790501489377757,1.7516727934590297,sensitivity_degradation
IRCLT-0104,124,379,sensitivity_degradation,degraded,12501246839.051756,24.41150195641956,0.5687535008592803,0.5687535008592803,1.7462461174006751,sensitivity_degradation
IRCLT-0104,125,380,sensitivity_degradation,degraded,11333584199.198792,23.79282602161523,0.5826544658654456,0.5826544658654456,1.7021531746484853,sensitivity_degradation
IRCLT-0104,126,383,sensitivity_degradation,degraded,12544428047.956148,24.77919464572148,0.5793374254227256,0.5793374254227256,1.7343581067708145,sensitivity_degradation
IRCLT-0104,127,384,sensitivity_degradation,degraded,11629017276.568968,25.716199546679203,0.5522014681132574,0.5522014681132574,1.7930779025697559,sensitivity_degradation
IRCLT-0104,128,387,sensitivity_degradation,degraded,11964451893.403515,24.78490363800831,0.5672057674188019,0.5672057674188019,1.7655279691586108,sensitivity_degradation
IRCLT-0104,129,389,sensitivity_degradation,degraded,11037917369.45518,25.13806143895865,0.5567431067048874,0.5567431067048874,1.8120559745941376,sensitivity_degradation
IRCLT-0104,130,394,sensitivity_degradation,degraded,12105436742.187418,25.08104250307657,0.5634962058931979,0.5634962058931979,1.7903037822376766,sensitivity_degradation
IRCLT-0104,131,398,sensitivity_degradation,degraded,10571026476.684109,25.428111891119922,0.5587532656346546,0.5587532656346546,1.7940494507330762,sensitivity_degradation
IRCLT-0104,132,400,sensitivity_degradation,degraded,11461287031.356226,26.38963316679225,0.5628855000111522,0.5628855000111522,1.8173332106374889,sensitivity_degradation
IRCLT-0104,133,401,sensitivity_degradation,degraded,11010335085.672483,26.74582573018095,0.540116071998419,0.540116071998419,1.8800363513822558,sensitivity_degradation
IRCLT-0104,134,405,sensitivity_degradation,degraded,10813995325.300972,26.486374721934613,0.5307702174348049,0.5307702174348049,1.8694890265388544,sensitivity_degradation
IRCLT-0104,135,410,sensitivity_degradation,degraded,10630277126.0834,27.31281920318725,0.5424599720182501,0.5424599720182501,1.9048468849501363,sensitivity_degradation
IRCLT-0104,136,503,sensitivity_degradation,degraded,6671276028.144291,50.004568714836985,0.3141931194908125,0.3141931194908125,3.2127281284837284,sensitivity_degradation
IRCLT-0105,1,0,sensitivity_degradation,degraded,27631267581.69122,15.598408312355886,1.04381565572082,1.04381565572082,1.0043215666733958,sensitivity_degradation
IRCLT-0105,2,2,sensitivity_degradation,degraded,27193882893.468918,15.40517266135071,1.0688282103166962,1.0688282103166962,0.9913004754235061,sensitivity_degradation
IRCLT-0105,3,3,sensitivity_degradation,degraded,27000350162.964046,15.115694779854524,1.0552321825846396,1.0552321825846396,0.9874753636716987,sensitivity_degradation
IRCLT-0105,4,4,sensitivity_degradation,degraded,26916813669.79665,16.683972033695667,1.0537119282526275,1.0537119282526275,1.0086837304279108,sensitivity_degradation
IRCLT-0105,5,6,sensitivity_degradation,degraded,25895148890.23124,16.27341162727799,1.0225895750052207,1.0225895750052207,1.005797903340122,sensitivity_degradation
IRCLT-0105,6,10,sensitivity_degradation,degraded,27169230503.09518,16.324570169778983,1.0132399797885192,1.0132399797885192,1.0284927922917382,sensitivity_degradation
IRCLT-0105,7,11,sensitivity_degradation,degraded,27051791210.28491,15.430264857573807,1.0470605797463308,1.0470605797463308,0.9974352004556808,sensitivity_degradation
IRCLT-0105,8,13,sensitivity_degradation,degraded,27295272886.523182,16.374425699780918,1.0217755297599238,1.0217755297599238,1.0383197791939889,sensitivity_degradation
IRCLT-0105,9,15,sensitivity_degradation,degraded,27987935002.23084,16.643861880367414,1.026167953031433,1.026167953031433,1.0349144978073508,sensitivity_degradation
IRCLT-0105,10,20,sensitivity_degradation,degraded,25492462814.0594,16.555112313341972,1.033009559017511,1.033009559017511,1.035611805315387,sensitivity_degradation
IRCLT-0105,11,21,sensitivity_degradation,degraded,27977104339.72219,16.69342489004122,0.9895729406168434,0.9895729406168434,1.060224480499575,sensitivity_degradation
IRCLT-0105,12,23,sensitivity_degradation,degraded,26818073098.524246,15.916824458883015,0.9842394977428984,0.9842394977428984,1.0573517115666204,sensitivity_degradation
IRCLT-0105,13,27,sensitivity_degradation,degraded,26650003812.623585,16.637295454421707,1.0096018460911131,1.0096018460911131,1.0522399286148776,sensitivity_degradation
IRCLT-0105,14,29,sensitivity_degradation,degraded,28270160012.1108,16.966964834944573,0.9677774540720718,0.9677774540720718,1.06903008851926,sensitivity_degradation
IRCLT-0105,15,31,sensitivity_degradation,degraded,25045103496.227127,17.657981888896888,0.9781642934379496,0.9781642934379496,1.0896800351834068,sensitivity_degradation
IRCLT-0105,16,32,sensitivity_degradation,degraded,26066486235.38147,16.147452027870372,0.9959827858073204,0.9959827858073204,1.0606587687567313,sensitivity_degradation
IRCLT-0105,17,37,sensitivity_degradation,degraded,28649534839.332718,16.625047783859827,0.9964802776999828,0.9964802776999828,1.0662061588408491,sensitivity_degradation
IRCLT-0105,18,41,sensitivity_degradation,degraded,25795248743.027508,18.44788685028009,0.9404435398520676,0.9404435398520676,1.112008422540419,sensitivity_degradation
IRCLT-0105,19,42,sensitivity_degradation,degraded,26214219915.770126,16.874727036117743,0.9593036278523293,0.9593036278523293,1.0944126592623662,sensitivity_degradation
IRCLT-0105,20,44,sensitivity_degradation,degraded,24823450628.70002,17.30161800679979,0.9837849277799154,0.9837849277799154,1.0792959148107015,sensitivity_degradation
IRCLT-0105,21,45,sensitivity_degradation,degraded,23873840557.517685,18.63361563325241,0.9485165953247008,0.9485165953247008,1.1005765897062882,sensitivity_degradation
IRCLT-0105,22,48,sensitivity_degradation,degraded,24952651424.253136,18.36284253906184,0.9197557088619129,0.9197557088619129,1.1386228139759498,sensitivity_degradation
IRCLT-0105,23,50,sensitivity_degradation,degraded,24052756495.971542,19.068920886873414,0.9051075096949428,0.9051075096949428,1.1572670088336752,sensitivity_degradation
IRCLT-0105,24,53,sensitivity_degradation,degraded,23927219257.04568,17.580895134840667,0.9583773566427308,0.9583773566427308,1.1204846917466942,sensitivity_degradation
IRCLT-0105,25,54,sensitivity_degradation,degraded,24888254328.323547,18.319552884131287,0.8956119118100333,0.8956119118100333,1.1570219073285923,sensitivity_degradation
IRCLT-0105,26,57,sensitivity_degradation,degraded,24337569188.545986,18.118175384391566,0.9031945648748528,0.9031945648748528,1.1316675144193014,sensitivity_degradation
IRCLT-0105,27,62,sensitivity_degradation,degraded,23853511305.35714,17.528952947428092,0.9369360619777509,0.9369360619777509,1.1371410321021018,sensitivity_degradation
IRCLT-0105,28,67,sensitivity_degradation,degraded,22541894105.198208,18.05993363464656,0.9197206091507966,0.9197206091507966,1.1468016900966371,sensitivity_degradation
IRCLT-0105,29,68,sensitivity_degradation,degraded,24338849618.40636,17.340118301517826,0.9063286222244789,0.9063286222244789,1.157543935894144,sensitivity_degradation
IRCLT-0105,30,71,sensitivity_degradation,degraded,25232098312.587883,18.3632863849173,0.9170450336268255,0.9170450336268255,1.1622814494901232,sensitivity_degradation
IRCLT-0105,31,75,sensitivity_degradation,degraded,24326351138.663326,19.097094305532533,0.9013583270654644,0.9013583270654644,1.1790907854673314,sensitivity_degradation
IRCLT-0105,32,77,sensitivity_degradation,degraded,23060188224.19396,18.411013131370787,0.8709656217973367,0.8709656217973367,1.173091865162977,sensitivity_degradation
IRCLT-0105,33,79,sensitivity_degradation,degraded,23166347290.82428,18.66092982888749,0.9225726337672596,0.9225726337672596,1.1358628729358766,sensitivity_degradation
IRCLT-0105,34,83,sensitivity_degradation,degraded,24113832016.620945,19.27507545269404,0.8906754505286562,0.8906754505286562,1.1922216389025933,sensitivity_degradation
IRCLT-0105,35,84,sensitivity_degradation,degraded,22947506942.246826,18.58682291298348,0.8706161141895892,0.8706161141895892,1.2005222704515357,sensitivity_degradation
IRCLT-0105,36,85,sensitivity_degradation,degraded,21750756806.878483,19.383509264133803,0.8698395614966749,0.8698395614966749,1.2068574881262084,sensitivity_degradation
IRCLT-0105,37,89,sensitivity_degradation,degraded,22420840448.924973,18.481042478723506,0.8724777318963589,0.8724777318963589,1.1880783656830365,sensitivity_degradation
IRCLT-0105,38,93,sensitivity_degradation,degraded,24052634920.09988,18.149161804610287,0.8742072448316903,0.8742072448316903,1.1940176625150205,sensitivity_degradation
IRCLT-0105,39,96,sensitivity_degradation,degraded,22869183554.845097,19.106259192950567,0.8777441997116417,0.8777441997116417,1.197032190525902,sensitivity_degradation
IRCLT-0105,40,101,sensitivity_degradation,degraded,24564159862.98806,18.968317800119745,0.8621970716111167,0.8621970716111167,1.2052710492388825,sensitivity_degradation
IRCLT-0105,41,102,sensitivity_degradation,degraded,22599672802.71462,19.490957342468267,0.8341234664555145,0.8341234664555145,1.2510318854881002,sensitivity_degradation
IRCLT-0105,42,105,sensitivity_degradation,degraded,21618537903.68367,19.86373021930278,0.8597886773853045,0.8597886773853045,1.2301497761671434,sensitivity_degradation
IRCLT-0105,43,110,sensitivity_degradation,degraded,20641323107.774467,19.44250329086532,0.862809185820328,0.862809185820328,1.2310632792148253,sensitivity_degradation
IRCLT-0105,44,115,sensitivity_degradation,degraded,20951531300.540268,19.87517515085618,0.8721297607069928,0.8721297607069928,1.2129574438511843,sensitivity_degradation
IRCLT-0105,45,119,sensitivity_degradation,degraded,19760439132.288696,19.749301872010253,0.8191015591287789,0.8191015591287789,1.2804380794579793,sensitivity_degradation
IRCLT-0105,46,123,sensitivity_degradation,degraded,21973763959.75642,19.017804953940832,0.8706288830726953,0.8706288830726953,1.2279499302049863,sensitivity_degradation
IRCLT-0105,47,126,sensitivity_degradation,degraded,22722681736.024933,20.939602018378363,0.8134555190769488,0.8134555190769488,1.2786433193160651,sensitivity_degradation
IRCLT-0105,48,127,sensitivity_degradation,degraded,23441425034.38549,19.7426437695682,0.8283446512396783,0.8283446512396783,1.2596778753915143,sensitivity_degradation
IRCLT-0105,49,128,sensitivity_degradation,degraded,23728464846.9732,19.65701897311633,0.8418302822446041,0.8418302822446041,1.2217677592060938,sensitivity_degradation
IRCLT-0105,50,132,sensitivity_degradation,degraded,22070648402.425232,19.718341955550297,0.8300194093102345,0.8300194093102345,1.2538263949412842,sensitivity_degradation
IRCLT-0105,51,135,sensitivity_degradation,degraded,21592488670.83589,19.526476034668732,0.8288621014145005,0.8288621014145005,1.2576274690684632,sensitivity_degradation
IRCLT-0105,52,140,sensitivity_degradation,degraded,21332821922.602367,20.01357674046986,0.8105399568642749,0.8105399568642749,1.2692334711407869,sensitivity_degradation
IRCLT-0105,53,144,sensitivity_degradation,degraded,20276929310.820915,21.08460094633452,0.8185513529541271,0.8185513529541271,1.308214619481268,sensitivity_degradation
IRCLT-0105,54,147,sensitivity_degradation,degraded,22767767754.82449,19.400872326353237,0.8446725047824036,0.8446725047824036,1.237471944090615,sensitivity_degradation
IRCLT-0105,55,148,sensitivity_degradation,degraded,21535954722.249386,20.00182619157354,0.8100699158078943,0.8100699158078943,1.2981189292883624,sensitivity_degradation
IRCLT-0105,56,152,sensitivity_degradation,degraded,20088515458.62414,20.183840909598807,0.7995571226172393,0.7995571226172393,1.2927533765556185,sensitivity_degradation
IRCLT-0105,57,153,sensitivity_degradation,degraded,20377233880.51185,21.525578819253397,0.8177423492422841,0.8177423492422841,1.3344982583903369,sensitivity_degradation
IRCLT-0105,58,156,sensitivity_degradation,degraded,22292957125.28284,21.12189327701125,0.7874740303598512,0.7874740303598512,1.3102296418541048,sensitivity_degradation
IRCLT-0105,59,159,sensitivity_degradation,degraded,19464743197.343304,20.91499827131059,0.7989023287454748,0.7989023287454748,1.3224713729695985,sensitivity_degradation
IRCLT-0105,60,161,sensitivity_degradation,degraded,21008799351.48752,21.12674980815763,0.8200425733178751,0.8200425733178751,1.3062795065986001,sensitivity_degradation
IRCLT-0105,61,162,sensitivity_degradation,degraded,21069022452.610924,21.816833454483103,0.7854879536335213,0.7854879536335213,1.3288466556723832,sensitivity_degradation
IRCLT-0105,62,166,sensitivity_degradation,degraded,20465308121.809,22.624490012001107,0.779035829953644,0.779035829953644,1.3522673898797741,sensitivity_degradation
IRCLT-0105,63,169,sensitivity_degradation,degraded,20831600180.032627,19.91751932747507,0.8233926660776105,0.8233926660776105,1.2940937170674385,sensitivity_degradation
IRCLT-0105,64,170,sensitivity_degradation,degraded,20723256863.3361,21.74766373211681,0.7804543610748071,0.7804543610748071,1.3487761803326943,sensitivity_degradation
IRCLT-0105,65,171,sensitivity_degradation,degraded,22955038888.509068,21.40342649019877,0.7864779724570998,0.7864779724570998,1.3307084447646689,sensitivity_degradation
IRCLT-0105,66,173,sensitivity_degradation,degraded,21343793767.577576,21.482236760764607,0.7973367332025918,0.7973367332025918,1.3353877305581454,sensitivity_degradation
IRCLT-0105,67,174,sensitivity_degradation,degraded,20698535753.20064,21.098656018729653,0.7983723668523492,0.7983723668523492,1.2953545846017978,sensitivity_degradation
IRCLT-0105,68,179,sensitivity_degradation,degraded,20447629168.336002,20.895170451570166,0.7893968085285312,0.7893968085285312,1.3382829776778455,sensitivity_degradation
IRCLT-0105,69,180,sensitivity_degradation,degraded,19795673971.59669,20.62638011839634,0.7766560338556339,0.7766560338556339,1.3514985199326146,sensitivity_degradation
IRCLT-0105,70,182,sensitivity_degradation,degraded,21356982104.36824,21.688257962558406,0.8050079228476341,0.8050079228476341,1.316719226627614,sensitivity_degradation
IRCLT-0105,71,187,sensitivity_degradation,degraded,21266194458.31966,21.437147692142002,0.7760708110104902,0.7760708110104902,1.346989487131612,sensitivity_degradation
IRCLT-0105,72,191,sensitivity_degradation,degraded,19085636022.4214,20.174553068836502,0.7728983760484138,0.7728983760484138,1.3507609200161017,sensitivity_degradation
IRCLT-0105,73,192,sensitivity_degradation,degraded,20259857036.11669,20.910688446178924,0.8087790634860546,0.8087790634860546,1.3195497971697558,sensitivity_degradation
IRCLT-0105,74,196,sensitivity_degradation,degraded,20662440046.860577,22.203273202291545,0.7783917526562029,0.7783917526562029,1.3511807672065712,sensitivity_degradation
IRCLT-0105,75,200,sensitivity_degradation,degraded,20321290723.87844,22.382620908769603,0.7446919003476593,0.7446919003476593,1.3782050316330368,sensitivity_degradation
IRCLT-0105,76,205,sensitivity_degradation,degraded,20064239079.14471,23.07897467350385,0.7355694543170382,0.7355694543170382,1.4234269559309107,sensitivity_degradation
IRCLT-0105,77,207,sensitivity_degradation,degraded,19979952557.75851,22.32178205967928,0.7529781173447728,0.7529781173447728,1.4021159776907022,sensitivity_degradation
IRCLT-0105,78,210,sensitivity_degradation,degraded,20669356616.85461,22.356674937984675,0.7603893388453588,0.7603893388453588,1.390691050527067,sensitivity_degradation
IRCLT-0105,79,214,sensitivity_degradation,degraded,19569110430.686317,20.851668495036648,0.7774184532411819,0.7774184532411819,1.3443772268681382,sensitivity_degradation
IRCLT-0105,80,216,sensitivity_degradation,degraded,20416185698.4762,22.533504612253385,0.7598611079394159,0.7598611079394159,1.3862336292880355,sensitivity_degradation
IRCLT-0105,81,219,sensitivity_degradation,degraded,19577487623.085545,22.17236255770916,0.7560016511501889,0.7560016511501889,1.3800377822112722,sensitivity_degradation
IRCLT-0105,82,224,sensitivity_degradation,degraded,18762897172.034657,22.0221518786913,0.7450508744824436,0.7450508744824436,1.389394940696355,sensitivity_degradation
IRCLT-0105,83,228,sensitivity_degradation,degraded,19305475690.41729,22.451462644914773,0.7458792925063581,0.7458792925063581,1.410533414851334,sensitivity_degradation
IRCLT-0105,84,233,sensitivity_degradation,degraded,19545889793.550117,22.84573714844985,0.7184292282832921,0.7184292282832921,1.4286448873042008,sensitivity_degradation
IRCLT-0105,85,237,sensitivity_degradation,degraded,19355077434.606163,22.380043796027078,0.7123126944158069,0.7123126944158069,1.4604532485055153,sensitivity_degradation
IRCLT-0105,86,238,sensitivity_degradation,degraded,19856266442.82309,22.409968598594176,0.7408438099258157,0.7408438099258157,1.4385160430917123,sensitivity_degradation
IRCLT-0105,87,239,sensitivity_degradation,degraded,20409233144.34972,22.99215709967389,0.7326802235509638,0.7326802235509638,1.4211945737628646,sensitivity_degradation
IRCLT-0105,88,241,sensitivity_degradation,degraded,18711052251.00173,22.66762214529283,0.7136435515641925,0.7136435515641925,1.4547256144955107,sensitivity_degradation
IRCLT-0105,89,246,sensitivity_degradation,degraded,19255761044.752884,22.493230717651237,0.7288556706817043,0.7288556706817043,1.4301223916950156,sensitivity_degradation
IRCLT-0105,90,248,sensitivity_degradation,degraded,19354532811.17246,22.80742579421841,0.7557127278451334,0.7557127278451334,1.3946741505668083,sensitivity_degradation
IRCLT-0105,91,253,sensitivity_degradation,degraded,19905943704.06131,21.741353235862984,0.7551356032984984,0.7551356032984984,1.4146193444642363,sensitivity_degradation
IRCLT-0105,92,255,sensitivity_degradation,degraded,18353537454.4385,24.22042843685433,0.7017597207191112,0.7017597207191112,1.4999597750119538,sensitivity_degradation
IRCLT-0105,93,259,sensitivity_degradation,degraded,18735985664.069862,23.2048192623001,0.7329009236661618,0.7329009236661618,1.4310461089529238,sensitivity_degradation
IRCLT-0105,94,263,sensitivity_degradation,degraded,19232883706.945213,24.975017625200127,0.7064367642504328,0.7064367642504328,1.487526840349751,sensitivity_degradation
IRCLT-0105,95,265,sensitivity_degradation,degraded,18751242979.91153,23.80602018679005,0.7157819569886138,0.7157819569886138,1.4718937657887745,sensitivity_degradation
IRCLT-0105,96,268,sensitivity_degradation,degraded,18602876194.588764,23.691033234382928,0.7126054862401948,0.7126054862401948,1.4742041789374891,sensitivity_degradation
IRCLT-0105,97,271,sensitivity_degradation,degraded,17666771682.528625,23.747880536246353,0.7061110000706868,0.7061110000706868,1.490688572292973,sensitivity_degradation
IRCLT-0105,98,272,sensitivity_degradation,degraded,17283420330.484955,23.917591616657724,0.6804523616498257,0.6804523616498257,1.5185702616716148,sensitivity_degradation
IRCLT-0105,99,273,sensitivity_degradation,degraded,19173311004.164368,24.509764591199737,0.7129833349553241,0.7129833349553241,1.4818292652035243,sensitivity_degradation
IRCLT-0105,100,275,sensitivity_degradation,degraded,17444254696.13234,23.47946082270371,0.7143002497042944,0.7143002497042944,1.4845837544093563,sensitivity_degradation
IRCLT-0105,101,277,sensitivity_degradation,degraded,19795248950.03289,23.825465918669014,0.7264130921172999,0.7264130921172999,1.4803209438381948,sensitivity_degradation
IRCLT-0105,102,280,sensitivity_degradation,degraded,16569384888.27896,25.26469062236837,0.6705945603087645,0.6705945603087645,1.5735154831287768,sensitivity_degradation
IRCLT-0105,103,282,sensitivity_degradation,degraded,18332032289.507423,24.75678558886209,0.6810879229358388,0.6810879229358388,1.5269027381055686,sensitivity_degradation
IRCLT-0105,104,283,sensitivity_degradation,degraded,17986958730.192028,24.569750151205387,0.6718805952627567,0.6718805952627567,1.5358678982004643,sensitivity_degradation
IRCLT-0105,105,287,sensitivity_degradation,degraded,19187461763.611908,25.335529651315923,0.6774134066813244,0.6774134066813244,1.5713904572859538,sensitivity_degradation
IRCLT-0105,106,288,sensitivity_degradation,degraded,17915592342.48742,25.378547363232215,0.6718953100969768,0.6718953100969768,1.57096839595144,sensitivity_degradation
IRCLT-0105,107,290,sensitivity_degradation,degraded,19685823842.695683,24.226222801059944,0.6780794064692096,0.6780794064692096,1.5486087097063628,sensitivity_degradation
IRCLT-0105,108,292,sensitivity_degradation,degraded,18167655629.499958,26.01959301055737,0.6630053151864389,0.6630053151864389,1.5515951965491974,sensitivity_degradation
IRCLT-0105,109,293,sensitivity_degradation,degraded,16727559277.107452,24.686147302864608,0.6654703281800396,0.6654703281800396,1.5522797641385964,sensitivity_degradation
IRCLT-0105,110,294,sensitivity_degradation,degraded,17548302224.89035,24.32404590265764,0.6840503942353543,0.6840503942353543,1.5167465627927184,sensitivity_degradation
IRCLT-0105,111,297,sensitivity_degradation,degraded,15989240242.184587,25.869650896392717,0.6584742123365624,0.6584742123365624,1.6009704355910834,sensitivity_degradation
IRCLT-0105,112,301,sensitivity_degradation,degraded,16786326203.063766,26.0464106634748,0.6532705249108239,0.6532705249108239,1.5746992948360106,sensitivity_degradation
IRCLT-0105,113,417,sensitivity_degradation,degraded,11998815656.169487,38.31045094410084,0.46143091793465996,0.46143091793465996,2.2441390119183806,sensitivity_degradation
IRCLT-0106,1,0,sensitivity_degradation,degraded,26221118079.92364,11.549107408811354,1.0185287219713506,1.0185287219713506,0.9829029906526204,sensitivity_degradation
IRCLT-0106,2,5,sensitivity_degradation,degraded,25822053076.55056,12.469621273602641,1.009397527090909,1.009397527090909,0.9942818912101844,sensitivity_degradation
IRCLT-0106,3,8,sensitivity_degradation,degraded,26558741443.803432,13.407250935234769,0.9562643605490164,0.9562643605490164,1.0398064918686518,sensitivity_degradation
IRCLT-0106,4,12,sensitivity_degradation,degraded,23991063741.58522,13.048228402835829,0.9780479663049472,0.9780479663049472,1.0232232457046246,sensitivity_degradation
IRCLT-0106,5,13,sensitivity_degradation,degraded,25055280293.066204,13.62581405300199,0.9646526214136673,0.9646526214136673,1.0303498959584043,sensitivity_degradation
IRCLT-0106,6,17,sensitivity_degradation,degraded,25488315682.8705,13.203573490885972,0.9587226363062658,0.9587226363062658,1.0667184002895342,sensitivity_degradation
IRCLT-0106,7,20,sensitivity_degradation,degraded,27552046009.8913,13.657067323539009,0.9460462050822109,0.9460462050822109,1.0626570632934351,sensitivity_degradation
IRCLT-0106,8,21,sensitivity_degradation,degraded,24831648791.008244,13.365200264069259,0.9346439382547408,0.9346439382547408,1.0550530438739665,sensitivity_degradation
IRCLT-0106,9,25,sensitivity_degradation,degraded,26922994430.503967,14.535205641945955,0.9534476557165344,0.9534476557165344,1.0576196538806046,sensitivity_degradation
IRCLT-0106,10,29,sensitivity_degradation,degraded,24838559107.10084,13.318336764280861,0.9560478040228588,0.9560478040228588,1.0640406753857694,sensitivity_degradation
IRCLT-0106,11,33,sensitivity_degradation,degraded,24540730708.200275,13.884541496192055,0.9356425009638072,0.9356425009638072,1.0717798395172782,sensitivity_degradation
IRCLT-0106,12,36,sensitivity_degradation,degraded,24737927511.119858,12.846798925161385,0.915486699941268,0.915486699941268,1.0800376787602353,sensitivity_degradation
IRCLT-0106,13,40,sensitivity_degradation,degraded,24121696627.850082,14.007835280083661,0.9052782777365308,0.9052782777365308,1.0917985898112732,sensitivity_degradation
IRCLT-0106,14,43,sensitivity_degradation,degraded,24334869128.64951,14.546556878439732,0.9258967454321786,0.9258967454321786,1.1009908937438149,sensitivity_degradation
IRCLT-0106,15,46,sensitivity_degradation,degraded,23140707492.65102,13.544445144157104,0.9113323999833102,0.9113323999833102,1.097830297874468,sensitivity_degradation
IRCLT-0106,16,47,sensitivity_degradation,degraded,22726724855.5327,14.384256883841386,0.9236660172536028,0.9236660172536028,1.0964538137900182,sensitivity_degradation
IRCLT-0106,17,50,sensitivity_degradation,degraded,23927335861.16896,14.568485990471618,0.9139097242700334,0.9139097242700334,1.1162716786202451,sensitivity_degradation
IRCLT-0106,18,52,sensitivity_degradation,degraded,22228404717.30592,14.38299630083715,0.8837449443344929,0.8837449443344929,1.1432842028944776,sensitivity_degradation
IRCLT-0106,19,53,sensitivity_degradation,degraded,23160388813.289867,13.202831678632588,0.9177194647453764,0.9177194647453764,1.094213967864606,sensitivity_degradation
IRCLT-0106,20,56,sensitivity_degradation,degraded,25001345656.099216,13.97012615534661,0.8892530415050902,0.8892530415050902,1.1212570248427145,sensitivity_degradation
IRCLT-0106,21,60,sensitivity_degradation,degraded,24414465067.99221,14.813327647897045,0.8747526303946561,0.8747526303946561,1.1243942141444747,sensitivity_degradation
IRCLT-0106,22,63,sensitivity_degradation,degraded,26049135238.474102,14.376916232062738,0.8987367027944168,0.8987367027944168,1.1202095179956597,sensitivity_degradation
IRCLT-0106,23,67,sensitivity_degradation,degraded,23012431729.08969,14.988723650253796,0.8454448968350363,0.8454448968350363,1.1807159780047536,sensitivity_degradation
IRCLT-0106,24,71,sensitivity_degradation,degraded,25547404372.20242,14.541762335893749,0.9000336646178035,0.9000336646178035,1.125957799398301,sensitivity_degradation
IRCLT-0106,25,74,sensitivity_degradation,degraded,22740885118.957863,15.721765304531806,0.8567013823902578,0.8567013823902578,1.1842429059332518,sensitivity_degradation
IRCLT-0106,26,75,sensitivity_degradation,degraded,23144402130.52253,15.160874326258792,0.8398783007624083,0.8398783007624083,1.19256548165681,sensitivity_degradation
IRCLT-0106,27,78,sensitivity_degradation,degraded,22238553090.38105,14.61540255543552,0.8805900380501301,0.8805900380501301,1.155214021678509,sensitivity_degradation
IRCLT-0106,28,82,sensitivity_degradation,degraded,23772746516.81169,16.49947410745265,0.8545151169510902,0.8545151169510902,1.1866271702123734,sensitivity_degradation
IRCLT-0106,29,83,sensitivity_degradation,degraded,24379942977.690964,15.410661788312066,0.8539465300020109,0.8539465300020109,1.158665903858793,sensitivity_degradation
IRCLT-0106,30,86,sensitivity_degradation,degraded,23089728808.224808,15.646725511133864,0.8711280849702192,0.8711280849702192,1.1675334182591752,sensitivity_degradation
IRCLT-0106,31,91,sensitivity_degradation,degraded,21885112597.62413,15.66135795401948,0.8521484217662039,0.8521484217662039,1.1967879012484222,sensitivity_degradation
IRCLT-0106,32,92,sensitivity_degradation,degraded,20396336313.206158,16.653682752911326,0.8045550228268895,0.8045550228268895,1.2384344273239176,sensitivity_degradation
IRCLT-0106,33,93,sensitivity_degradation,degraded,21368553076.30844,15.781586597270488,0.8065806641399672,0.8065806641399672,1.2227284398586038,sensitivity_degradation
IRCLT-0106,34,94,sensitivity_degradation,degraded,21170072304.57244,15.711990659227672,0.8387646935367741,0.8387646935367741,1.1948539598458865,sensitivity_degradation
IRCLT-0106,35,97,sensitivity_degradation,degraded,24119691368.892292,15.140953328752305,0.8771106436704524,0.8771106436704524,1.1773896012309781,sensitivity_degradation
IRCLT-0106,36,98,sensitivity_degradation,degraded,22474115397.751133,15.222319463542796,0.8222404687126066,0.8222404687126066,1.2112434501092146,sensitivity_degradation
IRCLT-0106,37,99,sensitivity_degradation,degraded,19549759008.358715,16.776750220938574,0.8172965320938537,0.8172965320938537,1.217618583713657,sensitivity_degradation
IRCLT-0106,38,100,sensitivity_degradation,degraded,22135138387.570927,16.315856592113654,0.8390516554049845,0.8390516554049845,1.1939554625829456,sensitivity_degradation
IRCLT-0106,39,103,sensitivity_degradation,degraded,21981048221.13469,14.826031102859034,0.8211172982632667,0.8211172982632667,1.2102825405893274,sensitivity_degradation
IRCLT-0106,40,105,sensitivity_degradation,degraded,23191244281.835644,16.0032321744563,0.8075802483938712,0.8075802483938712,1.213229922645992,sensitivity_degradation
IRCLT-0106,41,110,sensitivity_degradation,degraded,20960075869.18075,15.565951235983048,0.7953081548648295,0.7953081548648295,1.2698804817730502,sensitivity_degradation
IRCLT-0106,42,112,sensitivity_degradation,degraded,20398327104.60072,16.499926094160685,0.8310052286095456,0.8310052286095456,1.2385566588468084,sensitivity_degradation
IRCLT-0106,43,113,sensitivity_degradation,degraded,21457100982.74992,16.30736063603429,0.8194772431094766,0.8194772431094766,1.2389400145163414,sensitivity_degradation
IRCLT-0106,44,117,sensitivity_degradation,degraded,20879518318.667526,17.430251565613187,0.7760898272596533,0.7760898272596533,1.2798518332446418,sensitivity_degradation
IRCLT-0106,45,118,sensitivity_degradation,degraded,20813595167.134403,16.348452766822838,0.7961112617973793,0.7961112617973793,1.250072286602405,sensitivity_degradation
IRCLT-0106,46,119,sensitivity_degradation,degraded,21571544198.737617,16.205377412075947,0.7943350495487546,0.7943350495487546,1.245452896214141,sensitivity_degradation
IRCLT-0106,47,120,sensitivity_degradation,degraded,21350726138.669968,16.02239029570282,0.7887045889026669,0.7887045889026669,1.253166038532778,sensitivity_degradation
IRCLT-0106,48,123,sensitivity_degradation,degraded,20951779526.743027,16.46450121051368,0.7966492923505003,0.7966492923505003,1.2647148584122572,sensitivity_degradation
IRCLT-0106,49,125,sensitivity_degradation,degraded,21455559867.82602,15.881602405480267,0.7961389884145853,0.7961389884145853,1.2658935616429945,sensitivity_degradation
IRCLT-0106,50,130,sensitivity_degradation,degraded,20114531774.75626,16.608527929978663,0.7837753359268342,0.7837753359268342,1.2787362741574044,sensitivity_degradation
IRCLT-0106,51,135,sensitivity_degradation,degraded,21485868910.228,15.736274166667016,0.7816422064492394,0.7816422064492394,1.2676150626647391,sensitivity_degradation
IRCLT-0106,52,139,sensitivity_degradation,degraded,19390279362.790173,16.65255342845994,0.7725336915008536,0.7725336915008536,1.2988274531239032,sensitivity_degradation
IRCLT-0106,53,140,sensitivity_degradation,degraded,21206943076.014687,15.79685576065754,0.7997559400507473,0.7997559400507473,1.2692292949847783,sensitivity_degradation
IRCLT-0106,54,141,sensitivity_degradation,degraded,20832938867.575027,17.035069460467696,0.7810651293627651,0.7810651293627651,1.2720680906025583,sensitivity_degradation
IRCLT-0106,55,144,sensitivity_degradation,degraded,21440358947.669613,16.455477489078618,0.7799492687379851,0.7799492687379851,1.2825394111308093,sensitivity_degradation
IRCLT-0106,56,149,sensitivity_degradation,degraded,18976177627.660603,16.467535605603313,0.7861825871410641,0.7861825871410641,1.2782090965963773,sensitivity_degradation
IRCLT-0106,57,152,sensitivity_degradation,degraded,21920936586.803604,16.130245012909665,0.7637055573371574,0.7637055573371574,1.2751972474403384,sensitivity_degradation
IRCLT-0106,58,157,sensitivity_degradation,degraded,19587576428.213833,16.54623747340548,0.7523786806025949,0.7523786806025949,1.342583551316379,sensitivity_degradation
IRCLT-0106,59,160,sensitivity_degradation,degraded,20214707910.310112,16.17021211554939,0.7629025548934177,0.7629025548934177,1.3025382314631102,sensitivity_degradation
IRCLT-0106,60,161,sensitivity_degradation,degraded,22058074266.8546,17.10442846529498,0.7574413282352562,0.7574413282352562,1.32728764567539,sensitivity_degradation
IRCLT-0106,61,164,sensitivity_degradation,degraded,19126984938.59368,16.60908386275215,0.7588005627600947,0.7588005627600947,1.331926921838222,sensitivity_degradation
IRCLT-0106,62,168,sensitivity_degradation,degraded,17436247427.68319,17.830613592214068,0.7328076491897412,0.7328076491897412,1.3736558410548994,sensitivity_degradation
IRCLT-0106,63,173,sensitivity_degradation,degraded,20304924364.880985,17.04670902216246,0.7534314298672619,0.7534314298672619,1.3369815918155814,sensitivity_degradation
IRCLT-0106,64,175,sensitivity_degradation,degraded,19608194828.59321,15.831448994254453,0.7847016624119834,0.7847016624119834,1.288458926339584,sensitivity_degradation
IRCLT-0106,65,176,sensitivity_degradation,degraded,19098215397.945248,17.44979365946176,0.7534342138360465,0.7534342138360465,1.3216462901635493,sensitivity_degradation
IRCLT-0106,66,181,sensitivity_degradation,degraded,18494073344.329704,17.859507266559696,0.7215881383055812,0.7215881383055812,1.3565194482149785,sensitivity_degradation
IRCLT-0106,67,186,sensitivity_degradation,degraded,18696499204.660824,17.963332918427554,0.7372610351957679,0.7372610351957679,1.353667857295997,sensitivity_degradation
IRCLT-0106,68,189,sensitivity_degradation,degraded,20733132926.53836,16.93033135908201,0.7327358385283835,0.7327358385283835,1.3454655103582085,sensitivity_degradation
IRCLT-0106,69,190,sensitivity_degradation,degraded,20344634601.59318,17.74458178803947,0.7154896710234397,0.7154896710234397,1.3759069268882784,sensitivity_degradation
IRCLT-0106,70,194,sensitivity_degradation,degraded,19482430142.78633,17.893532264617797,0.7338943557807462,0.7338943557807462,1.3749413322647033,sensitivity_degradation
IRCLT-0106,71,198,sensitivity_degradation,degraded,19740040196.091198,17.650886216959048,0.7415557171999471,0.7415557171999471,1.3572824023635517,sensitivity_degradation
IRCLT-0106,72,203,sensitivity_degradation,degraded,18126530904.837704,17.375476655063135,0.7333363369121219,0.7333363369121219,1.3763756030926633,sensitivity_degradation
IRCLT-0106,73,206,sensitivity_degradation,degraded,19479662486.011814,17.963032815640663,0.7134030820319642,0.7134030820319642,1.392641100131937,sensitivity_degradation
IRCLT-0106,74,208,sensitivity_degradation,degraded,20099238378.20835,17.722828149003153,0.7261618826624479,0.7261618826624479,1.3693762598991859,sensitivity_degradation
IRCLT-0106,75,211,sensitivity_degradation,degraded,18797493973.31234,17.797758194277183,0.7182163333256135,0.7182163333256135,1.3864759716217698,sensitivity_degradation
IRCLT-0106,76,215,sensitivity_degradation,degraded,18333486166.38036,17.86017918139964,0.7204138662424078,0.7204138662424078,1.3904897307691528,sensitivity_degradation
IRCLT-0106,77,220,sensitivity_degradation,degraded,18514417425.961536,18.200478922877966,0.7248332525237331,0.7248332525237331,1.3958363688672382,sensitivity_degradation
IRCLT-0106,78,225,sensitivity_degradation,degraded,19883237826.7613,18.828725532957254,0.7269885132600395,0.7269885132600395,1.4042030294199903,sensitivity_degradation
IRCLT-0106,79,228,sensitivity_degradation,degraded,18453973167.9808,18.918856640867762,0.672416192689254,0.672416192689254,1.4823086778826342,sensitivity_degradation
IRCLT-0106,80,230,sensitivity_degradation,degraded,17945847738.074883,18.099983194832987,0.7086511369861729,0.7086511369861729,1.4349115271184296,sensitivity_degradation
IRCLT-0106,81,231,sensitivity_degradation,degraded,18575905461.19444,18.545495808067745,0.7023488470211288,0.7023488470211288,1.4309113572533947,sensitivity_degradation
IRCLT-0106,82,233,sensitivity_degradation,degraded,17834154777.544815,18.87294881397728,0.6781476286388859,0.6781476286388859,1.4491696333904076,sensitivity_degradation
IRCLT-0106,83,234,sensitivity_degradation,degraded,18434282535.6843,19.12438354731933,0.676678083984149,0.676678083984149,1.4591762550741811,sensitivity_degradation
IRCLT-0106,84,239,sensitivity_degradation,degraded,16687458240.85638,18.8398229917271,0.6785536811817381,0.6785536811817381,1.462203617857769,sensitivity_degradation
IRCLT-0106,85,243,sensitivity_degradation,degraded,16912102089.98374,20.032190217268578,0.6709597365868534,0.6709597365868534,1.5054186509992384,sensitivity_degradation
IRCLT-0106,86,245,sensitivity_degradation,degraded,17806766614.488625,18.747183896033228,0.6700599812333476,0.6700599812333476,1.48294100245526,sensitivity_degradation
IRCLT-0106,87,249,sensitivity_degradation,degraded,19507503924.44979,19.44513621132586,0.6992564290653548,0.6992564290653548,1.4582318564141492,sensitivity_degradation
IRCLT-0106,88,251,sensitivity_degradation,degraded,18231435115.568783,19.745086134425595,0.7010967649040251,0.7010967649040251,1.4576354670324536,sensitivity_degradation
IRCLT-0106,89,254,sensitivity_degradation,degraded,18172321061.733486,20.900378938202838,0.6605783868191036,0.6605783868191036,1.4837241234552463,sensitivity_degradation
IRCLT-0106,90,255,sensitivity_degradation,degraded,17027725185.607613,19.49831847263516,0.6616567692539912,0.6616567692539912,1.5062640294817584,sensitivity_degradation
IRCLT-0106,91,259,sensitivity_degradation,degraded,17573894512.059063,19.52599660761573,0.6673022095791394,0.6673022095791394,1.5122850346054597,sensitivity_degradation
IRCLT-0106,92,261,sensitivity_degradation,degraded,17417751225.644848,19.973886087061068,0.6313385114789001,0.6313385114789001,1.5591758960853097,sensitivity_degradation
IRCLT-0106,93,262,sensitivity_degradation,degraded,16921609864.32001,21.040120969014136,0.6274875746004362,0.6274875746004362,1.5777311249712942,sensitivity_degradation
IRCLT-0106,94,265,sensitivity_degradation,degraded,18001491409.7558,20.052997088469137,0.6438953351478554,0.6438953351478554,1.4990216581475193,sensitivity_degradation
IRCLT-0106,95,267,sensitivity_degradation,degraded,16972746338.219112,19.107079787211926,0.6551781945669101,0.6551781945669101,1.537150321182715,sensitivity_degradation
IRCLT-0106,96,270,sensitivity_degradation,degraded,17444554058.667305,20.854936059785647,0.6371050351845485,0.6371050351845485,1.5771013550294832,sensitivity_degradation
IRCLT-0106,97,274,sensitivity_degradation,degraded,17212062869.650585,19.64789123055504,0.6389568318422111,0.6389568318422111,1.5579343550956637,sensitivity_degradation
IRCLT-0106,98,277,sensitivity_degradation,degraded,15867739971.11246,20.60653719367911,0.6253643958600343,0.6253643958600343,1.595824147050466,sensitivity_degradation
IRCLT-0106,99,353,sensitivity_degradation,degraded,14777993850.056253,25.57672020876884,0.5376268832924151,0.5376268832924151,1.8852072420213002,sensitivity_degradation
IRCLT-0107,1,0,sensitivity_degradation,degraded,21231474334.83359,17.988420369374673,0.9832889694897806,0.9832889694897806,1.0243000402549944,sensitivity_degradation
IRCLT-0107,2,1,sensitivity_degradation,degraded,20523356823.852932,17.488371128568726,0.9969011591805388,0.9969011591805388,0.9983538092899842,sensitivity_degradation
IRCLT-0107,3,5,sensitivity_degradation,degraded,19960020857.19178,17.818964541916078,0.9862482615515022,0.9862482615515022,1.0042924078312017,sensitivity_degradation
IRCLT-0107,4,9,sensitivity_degradation,degraded,20219585202.82886,18.030472299293624,0.9620193316987204,0.9620193316987204,1.0276109942068112,sensitivity_degradation
IRCLT-0107,5,10,sensitivity_degradation,degraded,19930741635.338398,17.21746937433198,0.9583069767466148,0.9583069767466148,1.0276404327430675,sensitivity_degradation
IRCLT-0107,6,13,sensitivity_degradation,degraded,19493924043.007442,18.21294160762653,0.9735448788287656,0.9735448788287656,1.0356835127229311,sensitivity_degradation
IRCLT-0107,7,17,sensitivity_degradation,degraded,18943228257.70221,17.21334533614759,0.9839778575367556,0.9839778575367556,1.0183301324471463,sensitivity_degradation
IRCLT-0107,8,19,sensitivity_degradation,degraded,19403774402.93557,17.562206620076925,0.9778177917406932,0.9778177917406932,1.0198089546875826,sensitivity_degradation
IRCLT-0107,9,21,sensitivity_degradation,degraded,20278558166.335392,18.315584322536093,0.9592455954450896,0.9592455954450896,1.0587650345697344,sensitivity_degradation
IRCLT-0107,10,25,sensitivity_degradation,degraded,18986669553.928253,18.337666809847224,0.9442922162527588,0.9442922162527588,1.0607436977404323,sensitivity_degradation
IRCLT-0107,11,28,sensitivity_degradation,degraded,18989815107.3375,19.19855853730991,0.9380801473607712,0.9380801473607712,1.0805850114117521,sensitivity_degradation
IRCLT-0107,12,33,sensitivity_degradation,degraded,19686784346.98661,18.86128223093452,0.969470953896512,0.969470953896512,1.0581451223528742,sensitivity_degradation
IRCLT-0107,13,37,sensitivity_degradation,degraded,18017321924.2462,19.149233589274573,0.9277827263588941,0.9277827263588941,1.1033055283760658,sensitivity_degradation
IRCLT-0107,14,40,sensitivity_degradation,degraded,17900332421.081474,19.43439314639789,0.9306393770671858,0.9306393770671858,1.083860282866318,sensitivity_degradation
IRCLT-0107,15,45,sensitivity_degradation,degraded,20737466946.39696,19.140563816520235,0.9182713129785719,0.9182713129785719,1.094721628548603,sensitivity_degradation
IRCLT-0107,16,49,sensitivity_degradation,degraded,18305402776.34038,19.423308312111786,0.9033356509769364,0.9033356509769364,1.0944776751824183,sensitivity_degradation
IRCLT-0107,17,51,sensitivity_degradation,degraded,18708675481.232918,19.350813725512644,0.9231555008365636,0.9231555008365636,1.1000449438146869,sensitivity_degradation
IRCLT-0107,18,56,sensitivity_degradation,degraded,17665334133.60596,19.991456583362012,0.8953263507127607,0.8953263507127607,1.1518449863225753,sensitivity_degradation
IRCLT-0107,19,57,sensitivity_degradation,degraded,19165060230.033627,19.51219654458425,0.9029779548248572,0.9029779548248572,1.0988950685467562,sensitivity_degradation
IRCLT-0107,20,62,sensitivity_degradation,degraded,17842354000.972233,19.54359161426013,0.8951485095222305,0.8951485095222305,1.1287994196881863,sensitivity_degradation
IRCLT-0107,21,65,sensitivity_degradation,degraded,17045933341.353584,19.7056348896323,0.8804019199968107,0.8804019199968107,1.140712607774749,sensitivity_degradation
IRCLT-0107,22,67,sensitivity_degradation,degraded,18683146184.564754,20.120006914451057,0.8735935577780002,0.8735935577780002,1.1705878636261702,sensitivity_degradation
IRCLT-0107,23,68,sensitivity_degradation,degraded,17748654906.47162,20.60198307410232,0.8561040958284399,0.8561040958284399,1.1551380159928468,sensitivity_degradation
IRCLT-0107,24,71,sensitivity_degradation,degraded,17958104038.201073,19.439638352310237,0.8947114381734961,0.8947114381734961,1.1396060454480077,sensitivity_degradation
IRCLT-0107,25,73,sensitivity_degradation,degraded,16968949408.332918,20.40281744803993,0.9058188924615116,0.9058188924615116,1.1465123858646775,sensitivity_degradation
IRCLT-0107,26,77,sensitivity_degradation,degraded,17214381917.97352,19.592319156623788,0.8860697958593831,0.8860697958593831,1.139603081248958,sensitivity_degradation
IRCLT-0107,27,78,sensitivity_degradation,degraded,18304747617.80693,20.00017988700639,0.8724809007376372,0.8724809007376372,1.1721089794905275,sensitivity_degradation
IRCLT-0107,28,83,sensitivity_degradation,degraded,17272825528.38523,20.002324794817692,0.8636130620492595,0.8636130620492595,1.1651662846913609,sensitivity_degradation
IRCLT-0107,29,86,sensitivity_degradation,degraded,18412598526.160103,20.4917722171312,0.8497089374851517,0.8497089374851517,1.1613458059892898,sensitivity_degradation
IRCLT-0107,30,88,sensitivity_degradation,degraded,17476503443.21069,20.635702182059422,0.8542403653891968,0.8542403653891968,1.192118085811905,sensitivity_degradation
IRCLT-0107,31,92,sensitivity_degradation,degraded,16150597735.686062,20.793199774759,0.8333193369250212,0.8333193369250212,1.2197943013709505,sensitivity_degradation
IRCLT-0107,32,94,sensitivity_degradation,degraded,17280573080.42553,21.744801160319888,0.8307003332690653,0.8307003332690653,1.2084095679485982,sensitivity_degradation
IRCLT-0107,33,95,sensitivity_degradation,degraded,17386700901.852768,20.89308539789456,0.8451612468988697,0.8451612468988697,1.2037972002998394,sensitivity_degradation
IRCLT-0107,34,99,sensitivity_degradation,degraded,15913085397.888103,20.159337642896453,0.8468615217552624,0.8468615217552624,1.1865664203955584,sensitivity_degradation
IRCLT-0107,35,104,sensitivity_degradation,degraded,17587219493.039143,20.47234451343227,0.8095883957392777,0.8095883957392777,1.2059289908356627,sensitivity_degradation
IRCLT-0107,36,105,sensitivity_degradation,degraded,15092080898.708303,21.156659093131235,0.8345142481755443,0.8345142481755443,1.2229667207430148,sensitivity_degradation
IRCLT-0107,37,106,sensitivity_degradation,degraded,17244539132.938225,21.938793564311837,0.8388449993500385,0.8388449993500385,1.234033770807753,sensitivity_degradation
IRCLT-0107,38,109,sensitivity_degradation,degraded,17422608222.73552,20.10353397427318,0.8393596397564832,0.8393596397564832,1.193833201796489,sensitivity_degradation
IRCLT-0107,39,110,sensitivity_degradation,degraded,17268406328.115498,21.46792022462289,0.8137766716338021,0.8137766716338021,1.232941367503393,sensitivity_degradation
IRCLT-0107,40,115,sensitivity_degradation,degraded,16522661312.117975,22.99530154632011,0.7751569336449176,0.7751569336449176,1.288241884395918,sensitivity_degradation
IRCLT-0107,41,118,sensitivity_degradation,degraded,15803905210.113344,22.531073465604905,0.7981232995710892,0.7981232995710892,1.2571128458853784,sensitivity_degradation
IRCLT-0107,42,122,sensitivity_degradation,degraded,17215716327.083588,21.563469655967932,0.7988268557429484,0.7988268557429484,1.257793597027058,sensitivity_degradation
IRCLT-0107,43,124,sensitivity_degradation,degraded,16458732566.94221,21.890225648671784,0.7998130883703122,0.7998130883703122,1.2538494788658772,sensitivity_degradation
IRCLT-0107,44,127,sensitivity_degradation,degraded,15828080513.543194,21.394284633800048,0.7970167830002639,0.7970167830002639,1.268472109528543,sensitivity_degradation
IRCLT-0107,45,129,sensitivity_degradation,degraded,15423064014.146494,22.79527705567028,0.7823892100104888,0.7823892100104888,1.2987187321176383,sensitivity_degradation
IRCLT-0107,46,134,sensitivity_degradation,degraded,16085389171.287603,22.60082102263473,0.7679177383034632,0.7679177383034632,1.289417185835767,sensitivity_degradation
IRCLT-0107,47,137,sensitivity_degradation,degraded,15239969440.801744,23.103794062198478,0.754554996458691,0.754554996458691,1.3167707731532563,sensitivity_degradation
IRCLT-0107,48,142,sensitivity_degradation,degraded,16589033369.954487,22.724238999302894,0.7617245453252484,0.7617245453252484,1.314010201287575,sensitivity_degradation
IRCLT-0107,49,145,sensitivity_degradation,degraded,15867888084.278538,22.47747746278748,0.7667106584228306,0.7667106584228306,1.3144489495452696,sensitivity_degradation
IRCLT-0107,50,150,sensitivity_degradation,degraded,15694857917.920143,22.98351863217252,0.7758580514159313,0.7758580514159313,1.2939649248029406,sensitivity_degradation
IRCLT-0107,51,155,sensitivity_degradation,degraded,15254449632.954056,23.071585365523266,0.7609534844081763,0.7609534844081763,1.331513920343866,sensitivity_degradation
IRCLT-0107,52,157,sensitivity_degradation,degraded,13468491948.621769,23.55594587317509,0.7459670640556142,0.7459670640556142,1.3612231691692176,sensitivity_degradation
IRCLT-0107,53,159,sensitivity_degradation,degraded,14691892765.839025,25.336755493382643,0.7066987223275171,0.7066987223275171,1.4213450154311045,sensitivity_degradation
IRCLT-0107,54,161,sensitivity_degradation,degraded,14161123559.23561,22.774179498483328,0.7476220656660926,0.7476220656660926,1.3554676919110966,sensitivity_degradation
IRCLT-0107,55,162,sensitivity_degradation,degraded,14306397883.856924,23.265936347525066,0.7601386330766673,0.7601386330766673,1.3302199478478698,sensitivity_degradation
IRCLT-0107,56,165,sensitivity_degradation,degraded,14933799658.87736,24.001333602462513,0.7549373491299434,0.7549373491299434,1.3357412646959472,sensitivity_degradation
IRCLT-0107,57,170,sensitivity_degradation,degraded,14479589414.571432,24.564543073441406,0.7186959030993735,0.7186959030993735,1.376951461325574,sensitivity_degradation
IRCLT-0107,58,174,sensitivity_degradation,degraded,14481495073.46313,23.3751591824362,0.7507479499820449,0.7507479499820449,1.3423705316309755,sensitivity_degradation
IRCLT-0107,59,179,sensitivity_degradation,degraded,14774867516.187374,23.603542834852465,0.7064669461857219,0.7064669461857219,1.3949417707315566,sensitivity_degradation
IRCLT-0107,60,184,sensitivity_degradation,degraded,13316225065.400202,24.29336416523264,0.6901532832198471,0.6901532832198471,1.4282653646462096,sensitivity_degradation
IRCLT-0107,61,188,sensitivity_degradation,degraded,13484969484.808762,25.141702563787927,0.7047147489732395,0.7047147489732395,1.43261262545622,sensitivity_degradation
IRCLT-0107,62,192,sensitivity_degradation,degraded,13182522560.340479,25.588791249232894,0.6973233214730891,0.6973233214730891,1.445675477892161,sensitivity_degradation
IRCLT-0107,63,196,sensitivity_degradation,degraded,14018112909.754042,26.37769152038272,0.671061189123726,0.671061189123726,1.4925550097642881,sensitivity_degradation
IRCLT-0107,64,199,sensitivity_degradation,degraded,14640050387.314243,24.858249231391557,0.7204762204261485,0.7204762204261485,1.4143879355435618,sensitivity_degradation
IRCLT-0107,65,203,sensitivity_degradation,degraded,13772433808.599758,25.51749058527548,0.6950836962963097,0.6950836962963097,1.4512722629544588,sensitivity_degradation
IRCLT-0107,66,204,sensitivity_degradation,degraded,13933363671.500216,25.304038967480146,0.7027028961606617,0.7027028961606617,1.4249356466850411,sensitivity_degradation
IRCLT-0107,67,207,sensitivity_degradation,degraded,13054299239.7816,26.032367205827132,0.6810329099534623,0.6810329099534623,1.5057348276134281,sensitivity_degradation
IRCLT-0107,68,209,sensitivity_degradation,degraded,14189088730.586252,26.20247602353518,0.6873949691023165,0.6873949691023165,1.479417026497499,sensitivity_degradation
IRCLT-0107,69,211,sensitivity_degradation,degraded,13128813202.633732,25.295227968206486,0.6803203600105064,0.6803203600105064,1.4835000754327243,sensitivity_degradation
IRCLT-0107,70,213,sensitivity_degradation,degraded,13245282396.497879,25.75412238818233,0.6617260815369204,0.6617260815369204,1.4932990130615649,sensitivity_degradation
IRCLT-0107,71,216,sensitivity_degradation,degraded,13079343920.887295,28.049048434002977,0.6723834522948345,0.6723834522948345,1.5458656662657728,sensitivity_degradation
IRCLT-0107,72,220,sensitivity_degradation,degraded,13406678979.702013,27.404850213466982,0.6506834851727952,0.6506834851727952,1.5531480652597651,sensitivity_degradation
IRCLT-0107,73,221,sensitivity_degradation,degraded,13000633045.638435,27.87154876919278,0.6417802400617855,0.6417802400617855,1.5624432773138348,sensitivity_degradation
IRCLT-0107,74,226,sensitivity_degradation,degraded,12500658336.694143,27.98675774307279,0.6484556272151792,0.6484556272151792,1.5839220549412207,sensitivity_degradation
IRCLT-0107,75,228,sensitivity_degradation,degraded,13050905197.339987,27.90018941416545,0.6487181828585041,0.6487181828585041,1.5582102933481063,sensitivity_degradation
IRCLT-0107,76,230,sensitivity_degradation,degraded,13881372261.858198,26.90529212656502,0.6329231144704179,0.6329231144704179,1.5713689436940643,sensitivity_degradation
IRCLT-0107,77,232,sensitivity_degradation,degraded,13720238656.881418,27.163418987803407,0.656780949232991,0.656780949232991,1.5462152292890303,sensitivity_degradation
IRCLT-0107,78,237,sensitivity_degradation,degraded,12611326713.277578,28.621709702351726,0.6253165294045743,0.6253165294045743,1.6283039352981858,sensitivity_degradation
IRCLT-0107,79,241,sensitivity_degradation,degraded,12234547134.861544,27.75780549712643,0.6074175011354623,0.6074175011354623,1.6159209083459072,sensitivity_degradation
IRCLT-0107,80,246,sensitivity_degradation,degraded,12745552739.822468,29.423257752649704,0.6155913013588037,0.6155913013588037,1.620350179938741,sensitivity_degradation
IRCLT-0107,81,249,sensitivity_degradation,degraded,12918103189.525145,29.32718183802147,0.6121780737531455,0.6121780737531455,1.6529287344700851,sensitivity_degradation
IRCLT-0107,82,253,sensitivity_degradation,degraded,12234031469.077957,30.80075625897689,0.5858027929560267,0.5858027929560267,1.7305828056621757,sensitivity_degradation
IRCLT-0107,83,256,sensitivity_degradation,degraded,11548664610.66542,31.17636338339705,0.5843660998035249,0.5843660998035249,1.7438100361181297,sensitivity_degradation
IRCLT-0107,84,260,sensitivity_degradation,degraded,11511280064.554123,30.550926329863834,0.5827822012761645,0.5827822012761645,1.7346525872651788,sensitivity_degradation
IRCLT-0107,85,263,sensitivity_degradation,degraded,11788089958.795937,31.244351891770147,0.5794153392369772,0.5794153392369772,1.7442411863216247,sensitivity_degradation
IRCLT-0107,86,267,sensitivity_degradation,degraded,11099888445.917398,31.61594483434465,0.5654252742135553,0.5654252742135553,1.758677747742916,sensitivity_degradation
IRCLT-0107,87,272,sensitivity_degradation,degraded,10649109767.41514,33.74119107548359,0.5502617765095774,0.5502617765095774,1.8459557673623717,sensitivity_degradation
IRCLT-0107,88,277,sensitivity_degradation,degraded,11859198203.625856,33.314208434491874,0.5461589133249019,0.5461589133249019,1.8260785419648549,sensitivity_degradation
IRCLT-0107,89,281,sensitivity_degradation,degraded,11200449450.392036,34.396207216413835,0.5393148633196009,0.5393148633196009,1.891838634240205,sensitivity_degradation
IRCLT-0107,90,282,sensitivity_degradation,degraded,11055603267.63433,34.35222956151469,0.5307098315480568,0.5307098315480568,1.8887550497755283,sensitivity_degradation
IRCLT-0107,91,286,sensitivity_degradation,degraded,10313650757.246902,35.574367027207536,0.5250083153514808,0.5250083153514808,1.9077436575212028,sensitivity_degradation
IRCLT-0107,92,291,sensitivity_degradation,degraded,10314275840.198109,33.69516816017861,0.5373565245059034,0.5373565245059034,1.8823366091183904,sensitivity_degradation
IRCLT-0107,93,295,sensitivity_degradation,degraded,10158131669.973848,37.51690514793439,0.4968111650500301,0.4968111650500301,2.0241218744934155,sensitivity_degradation
IRCLT-0107,94,300,sensitivity_degradation,degraded,9651737661.652962,36.63574902242186,0.4841320794630911,0.4841320794630911,2.0290823323769125,sensitivity_degradation
IRCLT-0107,95,302,sensitivity_degradation,degraded,9478010499.775793,37.84035503345176,0.4866382989305668,0.4866382989305668,2.040929502075604,sensitivity_degradation
IRCLT-0107,96,303,sensitivity_degradation,degraded,9382424644.889757,38.13433214178747,0.4779054496550244,0.4779054496550244,2.085793350725987,sensitivity_degradation
IRCLT-0107,97,306,sensitivity_degradation,degraded,9955034417.081402,36.65725713532606,0.4971188070515919,0.4971188070515919,2.0225884091903485,sensitivity_degradation
IRCLT-0107,98,309,sensitivity_degradation,degraded,10553496685.48559,38.725963117141546,0.4944520056062295,0.4944520056062295,2.072375418909698,sensitivity_degradation
IRCLT-0107,99,310,sensitivity_degradation,degraded,10048172794.192398,37.79853167703328,0.4976967281217964,0.4976967281217964,2.042053245396407,sensitivity_degradation
IRCLT-0107,100,312,sensitivity_degradation,degraded,9558300481.751244,36.14539178979621,0.5029444741865176,0.5029444741865176,1.9884407349221769,sensitivity_degradation
IRCLT-0107,101,314,sensitivity_degradation,degraded,8366980727.110128,40.67920469791426,0.4618426091382296,0.4618426091382296,2.212143315937104,sensitivity_degradation
IRCLT-0107,102,316,sensitivity_degradation,degraded,8748104229.516241,41.26163591749192,0.4515952690251461,0.4515952690251461,2.2324956122486697,sensitivity_degradation
